filename,true_country,true_lat,true_lng,predicted_country,predicted_lat,predicted_lng,distance_km,top200_oracle_km,top1_similarity,score_margin,top1_local_similarity,global_top1_similarity,global_top1_distance_km
0006762b474e4b4d9be9a61ed0247fd9.jpg,7,40.890871,14.348968,7,40.89018,14.352884,0.33802444,0.33802444,0.861034,0.15594804,0.8452357,0.9242269,0.33802444
00138c19ed274a64a8eb01a8fbd6c33f.jpg,3,65.50081,28.926073,3,65.533409,28.87899,4.2245655,4.1763287,0.9239079,0.0095312,0.90718406,0.99080276,4.2245655
0019a967bdae44d4a7adc69bfcb1f823.jpg,6,63.617922,-18.451649,6,63.630728,-18.436014,1.6199391,1.3392303,0.9419892,0.003216982,0.93060166,0.9875394,1.6199391
001c2dde9a32436ca4192d5015a4af8c.jpg,3,60.84178,25.545941,10,64.713378,21.154692,484.7376,43.038998,0.70481896,0.010927975,0.68245995,0.82896143,437.3562
00368a72f2a9491fba0f2fd1ea95bfbc.jpg,4,45.374921,4.68234,1,51.64054,12.589013,907.04974,52.684597,0.635695,0.009506285,0.6052618,0.7827807,953.5313
004ebffb76f84ed8aef5b1dd8cc3764d.jpg,3,67.124174,25.056933,3,67.12356,25.058337,0.091348305,0.091348305,0.96836126,0.0037301183,0.9632407,0.9912813,5.5152745
006d6770631844dfb8430961c13f069d.jpg,3,63.630349,25.785498,3,62.969804,25.819453,73.46894,0.4524804,0.9348259,0.009077847,0.9203547,0.99271065,73.46894
00906204ddc84819a976d80a06e4bcb3.jpg,4,49.418365,5.704938,9,53.485434,22.551007,1248.1515,371.65817,0.6593907,0.0007646084,0.62354547,0.8055251,1002.1635
00bf92708e3b40b6b3c9c66cde332727.jpg,8,68.342705,16.328299,8,68.337369,16.349202,1.0430897,0.21644449,0.82233584,0.05144471,0.7949861,0.9317348,1.0430897
00cdd5e5637641948ccfa56664dddce7.jpg,4,46.297168,3.43746,4,46.097166,3.987008,47.78708,15.377228,0.7033019,0.016962826,0.6850368,0.8810178,271.34546
00d57395be3e4bcfbc668d57f7abba53.jpg,3,60.393724,24.43317,10,62.363082,13.781983,607.25464,10.582338,0.70386726,0.0031351447,0.68337744,0.8311752,1859.2405
00eb2764b1304e9e961a630fe3ecb1b7.jpg,10,65.449526,19.401993,10,65.44812,19.405075,0.21146794,0.21146794,0.8037385,0.024474502,0.7803712,0.8972075,0.21146794
011ad31d608747d2a606e95e15766468.jpg,2,43.728035,-7.716684,9,52.205789,23.17661,2462.2217,0.18568812,0.68813175,0.010054469,0.662692,0.78989065,2462.2217
0136861569f44336a7e199f9d4049bdc.jpg,3,61.938738,23.963101,3,67.485693,27.982756,645.34094,15.574737,0.6526905,0.0039431453,0.6150717,0.86237174,580.2437
014788dda4ab4cd0974ac28a0bd448a5.jpg,8,66.469251,14.856078,8,68.192065,16.020364,197.95113,35.35702,0.6468419,0.008190513,0.6104822,0.8450866,248.67288
018c77531a4841e790523dc752ce83a9.jpg,3,65.4812,26.797539,3,64.005952,27.423579,166.70543,3.906865,0.69820094,0.0056272745,0.6658209,0.89860535,87.877144
019ce075192e4fa39c1cc8398f8c8fae.jpg,5,58.040677,-5.24709,5,57.54566,-6.615333,98.00253,1.0129989,0.83595085,0.013463974,0.8016112,0.97330946,98.00253
01f9471bda184521a7d9d773c2c0f74f.jpg,2,38.533243,-3.493837,2,38.529083,-3.493849,0.46257272,0.46257272,0.9423999,0.11854881,0.9316581,0.9853672,0.46257272
021be4c6462a408dab42813843fdd598.jpg,4,46.399715,-1.32036,10,56.958665,18.303057,1779.8961,20.297003,0.6412896,0.0015234351,0.62615585,0.8057009,1298.0586
02589dff14364941a8f431a5a30f9679.jpg,4,45.037538,-0.546996,5,50.466304,-4.700678,678.5789,53.85662,0.66848004,0.005382061,0.6732384,0.77717566,983.4941
027d74a0e6d4499890fe7102dfd6a483.jpg,1,50.161007,7.94395,3,63.14407,29.79341,1947.3933,26.850233,0.65107584,0.010922253,0.6403912,0.7612703,619.5383
027e9d36a4124de8a1ec481387002527.jpg,10,57.106503,18.320732,10,57.108945,18.325469,0.39440605,0.39440605,0.8120658,0.046970308,0.7801152,0.939868,0.39440605
02a02543f8e04e9099d86e8d3531d175.jpg,6,65.207334,-21.394387,6,65.207832,-21.387564,0.32292375,0.32292375,0.8875816,0.029635906,0.873203,0.9477221,5.6953053
032f919d7b6f480a95f3c007eb5e8701.jpg,9,54.705999,18.390373,9,54.776636,18.405332,7.912962,7.177927,0.7921356,0.03339684,0.79514015,0.8852823,309.26807
0340df1aad1c41b88662826c1d6b5598.jpg,8,59.217874,5.453483,8,59.547849,5.695662,39.171013,39.171013,0.75482166,0.13293755,0.74669904,0.787312,39.171013
034b1c2a3da14970a76f120adca7c174.jpg,11,38.427501,42.128318,11,40.062761,40.428643,233.41264,61.99302,0.63204277,0.004741192,0.6197717,0.7647308,1119.3635
0375aab048564dd8bfed5cab97c0778d.jpg,3,64.25866,29.170698,3,64.278348,29.16094,2.2393184,0.26456115,0.8712954,0.02057457,0.8473311,0.9671525,2.2393184
03afbf5bcb444bb3927a6fc5d91c8654.jpg,0,53.416355,30.389823,0,53.378681,30.394388,4.200083,4.200083,0.8753593,0.03862518,0.8587886,0.945881,51.545925
03cc694911264258ba907f8b818e606d.jpg,9,51.480985,21.469338,3,62.298626,22.243543,1203.7653,50.96721,0.71380144,0.02841574,0.68558496,0.8463504,1013.48236
0403a4f730194dad9f34bd1e7f178e31.jpg,2,41.739356,-3.171023,11,41.348261,32.023204,2908.661,10.405418,0.69462526,0.05207634,0.6777163,0.7622609,2908.661
0411b94983444843a98e5b84bb3a57d4.jpg,9,51.478109,15.268282,9,51.349538,15.610458,27.704102,22.852829,0.7815606,0.08543438,0.77136314,0.82235026,27.704102
04129a2e3f864f6da9278a0ffde6722e.jpg,10,61.710133,15.693805,10,61.707296,15.690005,0.37365955,0.37365955,0.89799213,0.10800582,0.88262534,0.9594593,0.37365955
0417da48c4cf41329b52d73f9393b56a.jpg,3,63.918825,29.182165,3,66.261907,29.33451,260.63666,11.480712,0.71458,0.0013098121,0.7009458,0.86049896,785.2226
042c08df840a4c739149122c891e1489.jpg,9,53.366503,14.817662,9,53.485434,22.551007,512.3059,13.198137,0.6988721,0.004052222,0.690891,0.8736565,203.5855
04372647afb8401b96814eccf9c92dcd.jpg,0,55.054708,26.893652,0,52.755659,29.398282,303.72067,20.079132,0.7156477,0.020645916,0.6868402,0.86067694,327.40143
043d6117686248678e87f08088bc8748.jpg,8,58.306187,6.422033,8,58.220259,7.93342,88.91483,1.9274617,0.7117708,0.020369768,0.6967936,0.8031753,756.89746
0478b6b548e54adcb05673e1e55b593e.jpg,1,52.503239,7.200847,1,51.883315,7.015623,70.079094,8.052451,0.7039874,0.030097067,0.67942506,0.8022368,70.079094
04934daa3305414ea8f6474011d04931.jpg,0,53.287655,23.939854,0,53.441361,23.930519,17.102571,17.102571,0.6939111,0.032212913,0.6894367,0.7594426,1822.0378
04bbb772a912429da1d74023e06995d2.jpg,10,65.486279,19.329744,10,65.081853,19.438652,45.254326,4.477743,0.90480006,0.0031536818,0.8890304,0.9678787,45.254326
04de89624887493e89dfc5dedfb20959.jpg,1,52.889452,12.265368,11,40.785455,35.113952,2181.984,411.98694,0.62975395,1.3291836e-05,0.6004253,0.7470686,2181.984
04e8af0635b646f587744c71513794be.jpg,7,43.013803,11.910282,7,38.74428,16.481695,610.61127,65.647865,0.6524083,0.00923419,0.6510915,0.7456966,3093.453
052dad75011f4f379b898a95c3c43f63.jpg,1,51.357571,7.346681,9,52.061518,22.292929,1030.9596,23.316473,0.7078488,0.027342975,0.6880925,0.7953321,1030.9989
05620bec498949b1849896dc3ac88f13.jpg,11,37.223707,39.870056,11,37.229629,39.689374,16.010931,0.9096191,0.868143,0.0046268106,0.8510554,0.951043,0.9096191
056e72f9141a4f52ac338fdfd34d42f5.jpg,11,39.434617,30.677406,11,38.578091,30.216227,103.24146,40.396645,0.718029,0.022803724,0.7408773,0.7496515,1475.0701
05784411cf3644069aa39771da9908b1.jpg,1,52.49548,11.026611,1,50.725449,12.577159,224.04416,31.191273,0.691253,0.008111179,0.65794355,0.8616121,99.639725
05a3a68959364bbf85541fd82bce2dbe.jpg,8,63.194034,8.879119,8,63.230691,9.432156,28.01291,26.91386,0.7749148,0.04130298,0.7429974,0.90628797,187.03609
05bf355c878b42b199c9b2a6164feabe.jpg,9,52.681865,22.297236,9,53.120276,22.122432,50.13919,36.833504,0.7906683,0.03784746,0.76000816,0.91330886,50.13919
05d836fde40d4ec7870de47778b12f27.jpg,2,41.990718,2.75894,2,39.666768,3.234908,261.49512,5.2381372,0.6833674,0.013662398,0.66350615,0.8097408,1175.7822
05e2ae7175d14e0d885af4c840191eda.jpg,1,50.399316,7.84631,1,53.676365,13.932896,552.92633,11.644378,0.69656885,0.007831037,0.6897726,0.7858715,458.97995
05efda5f30d844609d012db6e1e3b796.jpg,5,55.205507,-6.590937,5,54.200853,-6.094424,116.177376,20.222263,0.6589046,0.0032010674,0.6115921,0.85554445,89.91862
0633facd400744aeb92838d25f93c8e9.jpg,7,45.848418,11.935953,7,39.229084,9.126556,771.0507,19.15011,0.65315616,0.023321569,0.6355205,0.77974164,1419.323
06411dab4a8b4ef8903e40f6af2af1d7.jpg,0,53.985837,30.465967,0,53.924427,30.469325,6.8320236,1.2050322,0.82915586,0.014636159,0.7978278,0.9544682,6.8320236
06f64fbc47674fec9faa21b1c66769c3.jpg,5,58.570455,-4.760951,5,58.504177,-4.509209,16.363966,1.2779669,0.7972368,0.012696028,0.75917935,0.95561934,378.01184
06fd0f32794b416786715a1c32605833.jpg,4,44.420501,4.868979,4,43.457623,5.007839,107.64299,17.12245,0.75851333,0.07995546,0.7321997,0.8637674,107.64299
0737f29b52744fca882535107316b632.jpg,1,49.635908,9.080517,4,50.545104,2.475844,481.72684,173.23471,0.63592803,0.0032317042,0.61601126,0.7336713,556.81885
07405f14d6484710949ff20e78cdbe65.jpg,7,43.559906,11.323641,4,48.148855,-4.235381,1305.5631,76.28741,0.71110666,0.0032038689,0.70235145,0.8411198,624.76636
078010795956474d9823dc43b2250df6.jpg,2,36.965384,-2.103976,2,37.717789,-1.579756,95.64104,68.476326,0.8461926,0.053688586,0.8298638,0.91150796,95.64104
07875689eaec4b2fa3d2cbdc6794cec2.jpg,7,40.966933,17.114876,1,49.602831,8.101491,1189.5479,21.795158,0.63727045,0.0005145073,0.6225846,0.8240762,872.587
079ee9f630ab47f39cc0207835460c1e.jpg,1,51.985655,13.926189,1,52.052851,13.897482,7.7257752,7.7257752,0.7717471,0.09379029,0.78339195,0.87910897,416.97665
07d8124eb0724df0aad37210bfaffdb1.jpg,4,42.108165,8.659787,4,42.211866,8.656618,11.533999,4.733954,0.794826,0.025923789,0.7599089,0.934494,11.533999
07e134c6c142437aa53e8d17cb5f1691.jpg,7,40.813949,9.300609,7,40.767958,9.161889,12.748868,2.232985,0.8921982,0.027929604,0.8712013,0.9761856,12.748868
081fad65b6184a74b9525d282327919e.jpg,9,53.463153,16.367078,2,42.205774,2.756201,1606.5195,13.19692,0.74230623,0.02873373,0.7191998,0.8347321,1606.5195
0826d3f0f56442beb188b658b68235d7.jpg,1,53.727359,12.796905,9,53.387679,23.45866,704.5743,87.26615,0.7114448,0.0151757,0.68040955,0.8912991,495.28455
083afef289d544919c959c5e8464eff5.jpg,8,61.537406,9.946608,11,40.470279,31.595921,2760.5632,3.0427606,0.6736725,0.020555258,0.6474994,0.8108516,183.55075
084ab83b221f41af9be65b0e19070d5d.jpg,11,40.511476,36.146334,11,40.568607,36.038915,11.079372,1.1884623,0.7321378,0.006056249,0.735033,0.86300695,3523.3005
08520d157ded42c9b7701b57cc654ca1.jpg,6,65.710698,-23.701045,6,65.749061,-23.842507,7.7460127,0.88651663,0.83135974,0.0024747849,0.7971541,0.9681819,7.7460127
0884c9352cf741baaf23a09af7abc74e.jpg,8,68.076808,13.195852,8,59.148515,6.204145,1049.6168,9.763124,0.6534954,0.0055829883,0.60644835,0.8416835,1049.6168
08c9fa7896814706bb852c471ffd48dc.jpg,0,51.653464,29.114803,0,51.638658,29.095422,2.1210248,0.10555095,0.88538617,0.0036813617,0.86303276,0.9798211,6.680131
08e73562c05241b7aa55069c9fb40394.jpg,7,37.466859,14.964825,9,49.630833,19.916428,1409.4094,60.3847,0.6876701,0.005900085,0.6836336,0.80089754,1552.26
08eb138b06e5485bb4382c681951e6f2.jpg,3,61.728771,29.699428,3,61.740981,29.824882,6.7440653,4.375345,0.77705,0.032678187,0.75687397,0.86185503,252.39624
091173c7aa354e3a9c04990f5c6670bb.jpg,1,47.657545,8.223481,11,36.76281,28.921411,2080.5771,61.701584,0.6502776,0.0029658675,0.6265232,0.7457748,2077.258
09230bb430ae4216a0fb1c0431cdf6cc.jpg,2,43.421806,-5.08755,1,51.565856,8.197228,1343.9402,52.80312,0.66063666,0.00029432774,0.6594273,0.7716116,1399.298
092df7a0e7c445728c4a3a1dc1155675.jpg,4,46.379075,-0.868508,4,47.135262,-1.581232,100.0892,100.0892,0.73592174,0.04381019,0.72913337,0.7921387,623.99146
0933c7819f8140df8b85fa9ab5c901d9.jpg,11,36.961641,28.726219,11,36.972111,28.698142,2.7527528,2.7199938,0.90946835,0.017087698,0.8964015,0.9617354,2.7527528
093c8be81efa4f40917037e5378e480f.jpg,9,50.708475,20.561708,9,50.721512,20.585252,2.2021074,2.2021074,0.73028505,0.026156723,0.7033448,0.84662324,180.22365
09481d0de3ea4340a5bb65c193606745.jpg,1,51.393839,6.472458,9,51.480548,22.084133,1080.1285,29.785555,0.7580476,0.029244661,0.7535672,0.82925916,339.44055
09501f368e374134815aaf896310b722.jpg,10,61.387465,17.191653,3,67.129748,25.046206,741.4357,1.0940645,0.75958455,0.023089707,0.73904175,0.8417556,741.4357
097826c071494dec8b21c6651b815e3e.jpg,10,59.3638,15.381951,10,60.351208,18.205365,192.09055,4.166451,0.708175,0.011000335,0.70188785,0.7990675,1124.1088
097bbe7da3d0460c86d1334c6f500270.jpg,6,63.550959,-20.076156,6,63.591985,-20.055183,4.6784844,0.6241354,0.88588816,0.0024468303,0.86283153,0.9781146,4.6784844
0982930ba192417a8f225729b639fea6.jpg,4,48.944331,-1.389314,4,48.21973,-3.990445,207.59918,8.011727,0.7131247,0.028137743,0.68926585,0.8474985,243.39497
09a90a3262b3424895469d2c0f917a7d.jpg,5,52.956789,-2.806585,5,52.544262,-0.199045,181.38435,31.114042,0.716146,0.009136498,0.69047344,0.91657645,54.178402
09a987a082e24f9e92f1129d027f30c6.jpg,6,65.857128,-23.315433,6,65.854988,-23.318098,0.26704985,0.26704985,0.7819689,0.018477082,0.736134,0.96530855,0.26704985
09a9e0fdf404414dbad8af0ceb533b43.jpg,5,50.14588,-5.30686,5,50.127402,-5.308162,2.0567572,0.12247035,0.74178123,0.050156176,0.7008884,0.9053526,2.0567572
09e8e00631684b6b9e14b7b21dc2130f.jpg,2,40.453107,-4.687721,2,40.49764,-4.676647,5.0396633,0.26529387,0.80518174,0.010006964,0.7741339,0.9293728,5.0396633
0a368a3febd144028f047badc4c0c495.jpg,2,39.560526,2.981222,2,39.576326,3.142679,13.950569,8.375465,0.86375546,0.022891283,0.8389871,0.9628285,13.950569
0a670064d4804cfc81f500a7379e5357.jpg,0,54.702159,26.105111,0,54.72232,26.048922,4.2488766,0.16205041,0.81197023,0.04699731,0.79558855,0.87749696,4.2488766
0a819750fe844721930b4f5342f47c7c.jpg,9,52.063263,15.221163,3,67.673233,24.221374,1802.581,258.55228,0.6498268,0.03125602,0.65816844,0.8172631,1055.7423
0a951d24f4084b3ab2d096dff456e4f0.jpg,0,55.431243,28.746471,1,51.139887,14.269294,1071.4165,34.998398,0.60671103,0.0053287745,0.6114216,0.7499244,454.54144
0ab1a99c374e4e49b476c6940fc2e53e.jpg,5,50.443265,-4.58763,5,50.421732,-4.560902,3.0523684,1.5504053,0.69582266,0.018167973,0.6503192,0.937697,604.6485
0acfd2a531074c7e90fbfd5a5bf59bb7.jpg,10,67.267094,22.704391,10,63.014939,17.099603,540.0761,19.514132,0.8979605,0.0007221699,0.88623416,0.9659599,283.7486
0af37925920e4536b083d98694a40b0d.jpg,7,45.600994,12.077029,7,45.601697,12.076961,0.07834894,0.07834894,0.86097205,0.13882262,0.840482,0.9429321,0.07834894
0b2392dc1e9f43529c2cb631df6ead94.jpg,4,45.564208,4.998964,9,50.220824,21.505372,1331.5632,234.92595,0.66601765,0.009667337,0.64778686,0.7783724,2598.7866
0b5e72c77d804505ac1a751cb919c9db.jpg,11,39.541529,27.900817,2,37.845897,-0.788254,2486.4392,33.708637,0.6604017,0.019419193,0.64476573,0.77849376,1104.0917
0b83a649d1ec466eb57776cbac746848.jpg,8,70.440607,24.594686,8,70.458411,24.745673,5.9568267,3.965997,0.9670808,0.00022608042,0.9598768,0.9958968,5.9568267
0b85e0ac01e54275ae9a23ea5b3bafd0.jpg,11,37.602148,34.742611,11,37.597876,34.744383,0.5000197,0.32825822,0.90269333,0.12697339,0.885169,0.97279036,0.5000197
0b8d373fd47640ee8f7c7950240cdf9c.jpg,5,53.561716,-0.797711,11,38.927739,30.884634,2892.4414,41.114758,0.6277349,0.0066291094,0.5978314,0.78657764,1962.2063
0bb21826e76341b0aa1474059a360371.jpg,7,45.621394,9.605065,7,45.411804,12.159605,200.38716,18.59155,0.71568406,0.018299103,0.67265916,0.8877834,200.38716
0bb6fe7689af4d16951fcb007716d19e.jpg,9,54.632306,17.50353,9,51.975139,16.539871,302.3149,8.456437,0.7322994,0.014673531,0.7028042,0.8775741,158.50877
0be23bf5e599415388af8e47de8b1f7c.jpg,2,43.144848,-3.580289,4,46.921401,4.192012,740.63617,35.299526,0.65685785,0.019756734,0.63462496,0.7501749,792.0526
0c05ebc6ff9c41058298a6d3a58f4a86.jpg,3,60.404127,25.79292,4,43.816474,2.16958,2423.4553,121.45011,0.73818946,0.022361636,0.7061104,0.8665055,2423.4553
0c1766c4c21a4c2593bf42ff8a138b0b.jpg,4,47.842127,2.686006,4,47.679242,2.739832,18.55351,18.55351,0.8247713,0.07419109,0.80853295,0.8897245,18.55351
0c1c78c220514ad1b05238b8a7a9e844.jpg,6,65.881348,-22.300504,6,65.578864,-22.13482,34.476624,2.208507,0.9416045,0.0050626993,0.9290196,0.991944,34.476624
0c4afdb6610c49cca1892b89bf38a93e.jpg,2,39.35609,3.122808,2,39.360402,3.200645,6.7092357,0.7623345,0.7501724,0.0025923252,0.7557701,0.79125834,9.243774
0c785fb004774c7086529ac5f0af7d82.jpg,6,65.774139,-22.207743,6,65.900978,-22.353316,15.5826645,2.2198086,0.9180558,0.011603475,0.90109426,0.9867025,59.81028
0c8090c6b72a4779aa908b00f36f61f1.jpg,6,64.822637,-21.388155,6,65.848367,-17.492047,213.70387,5.884449,0.7331675,0.011882305,0.70338464,0.8522991,213.70387
0c815748d394427b845098d47155a62c.jpg,5,54.180218,-6.232443,5,54.451617,-5.530446,54.625256,6.3197756,0.68410456,0.0137146115,0.64735514,0.87723476,427.6839
0c90bcd0ee784f9fa25f45c3e86e0ddb.jpg,10,59.980756,17.149515,10,59.820785,15.614007,87.45239,0.43486965,0.8044843,0.0105983615,0.776261,0.9390868,2.6567183
0cbac50e0330481a8010cf9ddf0b483f.jpg,2,40.575808,-4.174801,4,42.010395,8.747433,1090.2379,119.49175,0.6804793,0.013007283,0.6563984,0.78234243,2614.174
0cdce1ecd08a484a97ee712f1f439bb0.jpg,11,40.394115,26.870243,11,40.395684,26.839398,2.6179512,1.417913,0.8300129,0.058348417,0.84046793,0.8050344,1076.9697
0cfa6c1e2ca44ea49f74ee8ef4857865.jpg,8,69.378812,24.129599,8,69.378727,24.129898,0.015048089,0.015048089,0.9748243,0.014545441,0.9699276,0.9960325,0.16934866
0d2395abbadf48aba39f3a721daf5759.jpg,6,65.749283,-19.706234,6,64.965791,-22.895596,171.59676,2.6557488,0.8225189,0.017976105,0.80087614,0.9240524,67.07806
0d37c1fea6804683b8b983bbd9927803.jpg,0,55.103895,29.695055,0,55.032563,29.304935,26.074717,6.692325,0.92288464,0.07236999,0.91648674,0.9484761,26.074717
0d6579bbc319415283ac8fc53c94edfc.jpg,7,38.010212,13.926412,7,37.625233,15.159198,116.441216,5.4946046,0.6772904,0.00687021,0.6603221,0.78387314,1700.6641
0d71691ee24149688724c230f461ac8f.jpg,10,66.081055,20.960868,10,66.483439,20.280697,54.104885,6.0335245,0.8614872,0.01642549,0.8374263,0.9594616,8.287732
0dafe2d6fc90479da26447798f64693f.jpg,6,65.926596,-22.438013,6,65.489534,-22.127649,50.63028,4.1035814,0.8708843,0.008379757,0.850807,0.9748509,21.976662
0dc353c70e3742c09b6da2d096ce32f2.jpg,1,49.179594,9.776909,1,49.734777,11.693424,151.65047,104.558495,0.72407615,0.011555016,0.7239439,0.8168977,1267.4451
0dd508436ad0424aaa4ac5f922d5f3a4.jpg,0,53.5521,27.054928,1,52.656507,11.824136,1019.65424,208.56319,0.64544237,0.0074074864,0.64111006,0.7877257,1254.6073
0def33bd8f4049c19e14dc5e93e8ae9d.jpg,8,58.411325,6.02607,8,58.416207,6.021846,0.59599805,0.22657739,0.8619922,0.061001062,0.83694065,0.9621983,0.59599805
0e0fcedfdee840c2be2c2ec97667ce01.jpg,3,64.280352,28.504843,3,64.723583,28.411671,49.486473,6.4364586,0.72938424,0.002128303,0.69636494,0.8614614,49.486473
0e50346ad8f64852b50b411c4d9a6551.jpg,0,55.287074,29.63281,0,55.296359,29.610909,1.7287954,0.949551,0.8582421,0.032585084,0.8328961,0.95962584,1.7287954
0e519c0648674921be7f57dc6f490a14.jpg,0,52.665017,27.459763,0,52.351118,27.455812,34.90505,3.9795034,0.8377822,0.054751694,0.8133166,0.9356445,34.90505
0e5e648632254d5790e0897fbe4f9849.jpg,10,58.226254,15.540547,10,58.358672,15.930729,27.143738,8.860934,0.7822305,0.033832073,0.75300986,0.8991132,27.143738
0e736367696c497da5cd337a6ad53a46.jpg,7,42.55573,14.112832,7,42.57131,14.099177,2.0620182,2.0620182,0.75594085,0.05499977,0.77700555,0.79009944,980.5436
0e8a83938c9e4fe8ad7654765207173e.jpg,5,56.602208,-6.101398,5,56.585839,-6.186029,5.4915595,1.1060644,0.8231274,0.02683103,0.7993604,0.91819537,5.4915595
0e8e17cf889e4fca9bd7f202a66abe1f.jpg,5,54.655349,-5.675576,5,54.595621,-5.686439,6.678172,6.678172,0.7428058,0.054399908,0.71476954,0.8690985,71.60344
0eb204d6c624425680367d2ab0811084.jpg,11,36.206228,36.198233,11,36.204634,36.197183,0.20072693,0.20072693,0.82267296,0.09991503,0.82139415,0.8277882,0.20072693
0eedb5997f194f9e95f327d82b87e0ff.jpg,8,58.761876,9.041708,8,58.785985,9.04434,2.6850922,2.6850922,0.87817603,0.03427732,0.8585257,0.9567772,2.6850922
0ef40bf105c3497cacce52bd2300ef26.jpg,9,53.293662,19.363324,9,54.352818,22.711807,249.31142,15.729322,0.73049706,0.06189549,0.6981454,0.8599036,249.31142
0eff7e4e60dd4b19b221bf16d14766ac.jpg,10,59.614867,17.997028,9,51.491333,22.06491,938.3918,36.052414,0.65283084,0.008823633,0.64243174,0.79311526,107.02103
0f0630d092ac463cb751aa1fd5626ba5.jpg,1,50.457037,7.061218,5,54.770221,-6.537912,1033.4891,489.96997,0.72327393,0.020001233,0.69151133,0.9038971,1065.5924
0f5aa9c6227d49adab97db2bf087e8fc.jpg,11,38.50802,33.952951,11,38.513018,33.415993,46.723667,10.2124405,0.73969376,0.012457013,0.70633537,0.8731271,46.723667
0f9af9a395364ed0b9ecbfbdde2fb96d.jpg,8,69.308313,23.879877,8,69.308741,23.880471,0.05300569,0.05300569,0.95035243,0.0791198,0.93992704,0.9920541,0.05300569
0fc3b69c6d5c4d14b472e05ce66d5365.jpg,9,52.695279,21.122538,1,49.07911,9.385768,914.7891,174.79063,0.6588261,0.014975786,0.6213281,0.8480772,989.7863
0ffef3446cad4e67aad6f06c40b8c37b.jpg,0,55.442516,28.658833,0,53.931219,30.469006,204.38086,16.212107,0.6270343,0.010359824,0.626326,0.76696104,864.1753
1009f75e3449465ba1ca481cbbfc8895.jpg,7,37.822699,12.484546,7,37.91754,12.539982,11.614366,3.513182,0.79826504,0.077448785,0.7640366,0.93517864,11.614366
10275b4a626b4b0c8d8e23510d837651.jpg,8,70.087116,20.045707,8,70.075534,19.994428,2.3307106,2.3307106,0.7664826,0.11088085,0.7345847,0.894074,2.3307106
1027d9cd902c4a78b8ca6ba7a3b321e6.jpg,0,52.603505,25.570415,0,52.467558,25.84126,23.750748,0.8901328,0.82317114,0.015406013,0.8163306,0.8981274,52.46941
103551157e27452b8b778817f716b6f6.jpg,10,57.768412,15.767987,10,57.264275,16.142632,60.3571,60.3571,0.69857085,0.004701197,0.68649197,0.87662816,890.6647
1036d8f3a68344f299b9451dbfd79b11.jpg,9,49.816805,22.183074,10,58.555231,11.563833,1189.2864,6.157357,0.7345526,0.0049768686,0.73993635,0.8565656,9.4009495
1048e80d4bf0407298a38d3239c8957b.jpg,7,41.166497,16.732165,11,37.078024,35.361869,1666.4514,221.90727,0.66644603,0.0033594966,0.66453326,0.7780616,1227.0316
104a126a4c954fc99b70455879e26710.jpg,2,36.696693,-2.788844,1,52.329533,10.205829,2013.7773,2.0075104,0.6648707,0.015214384,0.67869014,0.80984724,1661.4779
10b7e15b41984100a3996eac0f59d9eb.jpg,9,50.079363,22.039848,9,50.119176,22.265293,16.678598,6.7991996,0.78262556,0.001131177,0.74683833,0.9257744,16.678598
10bfedfa5087421d929a6fc21528821c.jpg,8,64.403577,14.346337,8,64.427028,14.330503,2.7162237,2.7162237,0.8519722,0.0029405355,0.8257256,0.97920823,3.4739969
10f4906b590b446c8cd549172522b0c5.jpg,3,61.036514,22.07533,3,60.995724,21.981058,6.809785,5.866461,0.851474,0.02319467,0.8238891,0.9618137,6.809785
11074119e7904508a79ab47eb3d12078.jpg,7,37.596612,14.131395,7,37.596236,14.131831,0.056776468,0.056776468,0.80402744,0.06724864,0.7740006,0.92413497,0.056776468
110da956546a4447b68f139ce934b07f.jpg,7,40.841572,17.005575,10,65.052901,17.089881,2692.186,839.31366,0.66228336,0.014934659,0.6390027,0.76681083,2686.8445
1110ef3e08404ba499942cd995e7f8e3.jpg,2,41.606105,-3.056588,9,54.590646,18.404967,2134.6619,90.632774,0.66362673,0.06874305,0.6602592,0.82994866,1312.8918
1131b2cd86024ed1b3234f2b1bdd7362.jpg,5,52.507256,-1.250688,5,54.338769,-6.342118,393.929,14.641421,0.7219761,0.026338398,0.6861033,0.9138532,526.01843
1135a575e63a4062a12b0638f21f6c2d.jpg,3,68.352694,27.392649,3,68.355338,27.399412,0.4042079,0.4042079,0.91225445,0.020027101,0.8945472,0.98799014,0.7450097
117535e9acf64fa79a13e88020e2d98d.jpg,3,60.591237,26.451144,3,60.87455,26.314294,32.369465,32.369465,0.67628515,0.015583932,0.680068,0.7421315,1148.5986
1176cd3e78b445ebb86059018ad9f337.jpg,7,42.480225,11.766709,9,53.729954,15.779017,1285.3691,32.555317,0.65341485,0.0018700361,0.66754353,0.74691045,1284.1753
118299a165744d9da8b7b177b083ac6a.jpg,10,66.650051,20.125595,10,65.081853,19.438652,177.14793,3.0453317,0.7983564,0.0062412024,0.78126854,0.9449223,45.820095
11907911535e46039444a8014523e4ea.jpg,8,69.200933,23.590884,8,69.283075,23.871701,14.349335,1.2474953,0.8635586,0.036291957,0.8369422,0.9700242,14.349335
11aa3b2a509947caa880fff46684a978.jpg,8,64.743823,12.846214,8,64.743564,12.846071,0.029587887,0.029587887,0.937536,0.07715559,0.9250801,0.9873595,0.029587887
11be69381d084aa5bbdc98e676d8c6fe.jpg,0,52.776318,30.752613,0,52.740559,30.777972,4.326941,0.47915912,0.81762177,0.013050199,0.799857,0.9267098,90.92718
120de9b06aea436db952f0ae4bba47a5.jpg,10,63.431467,18.194187,10,63.717556,17.745612,38.7907,4.1419435,0.8221737,0.024538815,0.81237715,0.9143505,4.1419435
122764ab69bf43e1a4a66ae85e14cab8.jpg,9,51.177042,16.067112,1,52.370253,11.774952,323.68686,37.326717,0.67338574,0.021390378,0.6814754,0.8166878,1334.2772
1229c52a29c644a4828c6eab8341dc35.jpg,2,40.74463,-4.023616,7,38.070302,16.142155,1753.8306,26.38191,0.6908294,0.0072804093,0.666101,0.8564888,1386.7654
1285d790691742a18870a479efcd96c4.jpg,2,41.618882,1.510704,2,38.143325,-0.934572,439.143,29.637539,0.79107,0.0037652254,0.79118574,0.83690333,283.90784
12aa0c351c6f4f8abe3ce4d6dde306af.jpg,0,54.614456,30.438109,0,54.58316,30.447457,3.5316734,3.5316734,0.933416,0.023582816,0.9236599,0.98203135,223.2487
12b15f9504fb429fb99f7481522d58d1.jpg,2,43.628609,-7.603044,2,43.646794,-7.602612,2.0223813,0.30938324,0.80752814,0.015224874,0.77677155,0.9305544,2.0223813
12bd0d2049c34379b1281fbf49ab8dc7.jpg,6,65.50664,-21.880035,6,65.251402,-21.769062,28.843039,1.5818048,0.7297527,0.008907735,0.723548,0.85755706,264.62155
12d00d3d760544a8851aa838de407b45.jpg,4,49.655349,-1.416967,1,54.445027,11.249409,1014.58026,12.682904,0.64873767,0.008580208,0.62148154,0.7777211,976.95294
12d9d642f661440cab463e1ad5ca8e36.jpg,1,50.857133,9.985912,1,51.794413,11.596427,152.91487,26.996096,0.7369873,0.03947687,0.72748053,0.7750142,152.91487
12e5fd329caa4a78a3bff562731199d4.jpg,4,41.649835,9.20827,4,41.644318,9.211905,0.68378526,0.68378526,0.7335954,0.012093186,0.70919704,0.8962898,1.1266205
130f2ab9a6794adea8531e73b84e2af6.jpg,11,39.559268,44.064667,11,39.55974,44.064522,0.053936023,0.053936023,0.9484632,0.018345475,0.93694973,0.9945168,0.053936023
131e2fd50ec641a7a31f943d57e397a9.jpg,6,64.781125,-23.645431,6,64.778645,-23.644574,0.2787372,0.2787372,0.87673646,0.06803858,0.86174285,0.9388708,38.26083
13327168cc9e45bcae8b1caf4d553052.jpg,7,40.926921,16.072173,7,40.892369,16.132297,6.3473597,6.3473597,0.8658582,0.19846904,0.86354804,0.8750985,6.3473597
13394b67c0ef4065bb0b3c6db012fee2.jpg,11,38.931696,36.056218,11,38.931003,36.056874,0.09569609,0.09569609,0.7789937,0.08932203,0.7718013,0.8236517,337.77985
13498ce8bd7d4c01bb88f049218bfb5a.jpg,5,52.624791,-1.411929,2,36.746373,-6.047217,1802.277,131.51122,0.64191777,0.00081449747,0.6358913,0.7706462,1269.0278
134c6eced64a4626957ba4b9c6e39110.jpg,10,65.615011,18.969683,10,65.901352,16.322517,124.970665,2.4043117,0.9095924,0.0035856962,0.89311606,0.9754976,124.970665
135947a797904efb94c9866df0ee0e00.jpg,8,64.641555,13.822004,10,64.402499,15.642567,91.04443,0.7895035,0.78186345,0.0108857155,0.74288476,0.9390262,107.2025
1359c5c5a2e5457a939b1b2fc5a2f23c.jpg,10,58.72199,16.299303,8,70.083242,22.008806,1291.3842,29.922615,0.7116775,0.0440737,0.67314714,0.86579895,1291.3842
13610a0d6bf94f26baa4d8cb3fee1c99.jpg,2,38.722033,0.11158,2,38.675353,-0.043177,14.398217,3.4263947,0.6339993,0.008994281,0.6146966,0.801771,163.31383
1370cfbaa5c6471583fe303e68fef0e0.jpg,2,38.99189,-3.388267,2,39.595876,-3.713291,72.75158,25.627068,0.858993,0.025816083,0.8437743,0.9198677,72.75158
139e4b04819e49f99e7e431fd0dbd9c1.jpg,10,58.548832,16.722419,10,59.875058,17.397116,152.38565,4.403278,0.62051016,0.018956423,0.5903928,0.81650394,233.85396
13e5682219d44786af4a489c485b4ba1.jpg,11,36.683643,33.411888,11,36.536438,33.454857,16.811796,16.467789,0.84430474,0.0047320127,0.8221937,0.94018954,16.958954
140a60b95e404214b9147f6745bcbd39.jpg,11,37.25257,32.211046,11,37.2329,32.228513,2.6785345,2.6785345,0.7630143,0.010678947,0.7366041,0.8845179,3205.4067
1438e7321cae4e2a9f2a773abbe849f1.jpg,2,43.664482,-7.601549,2,43.633118,-7.600987,3.4878156,0.19807485,0.70195556,0.008722544,0.6746644,0.8111204,3.4878156
1443480c85bd49d092dfafbbc4f576f7.jpg,8,70.659975,23.671296,8,70.673592,23.651493,1.6804956,0.122002184,0.78852934,0.055419922,0.7601337,0.90211177,1.6804956
14704ccec99a41d5a6687c4bcc35e2ab.jpg,3,68.119717,25.582658,3,68.093805,25.451975,6.136852,5.641482,0.95726395,0.009219527,0.9478868,0.99477243,6.136852
1472de9e62ad4882a0b90fb6578e38bf.jpg,5,56.615307,-4.59474,5,56.082722,-4.82377,60.878952,19.66465,0.73398113,0.005701542,0.715887,0.82793653,1979.1354
14b44d59c2a64e988e8c9488fcdafd31.jpg,2,38.021713,-4.168902,2,36.83652,-2.155481,221.29546,23.239006,0.7753816,0.032283068,0.7483095,0.8836702,221.29546
14ba37ba659848aeae8c54fc3a056627.jpg,7,46.170857,10.344228,2,37.950606,-3.533241,1461.9755,9.489705,0.6624167,0.0010502934,0.664039,0.749462,913.4815
14d799a23e7a45e383615262f8307cb5.jpg,11,40.324315,37.607316,11,40.324596,37.605758,0.13572396,0.13572396,0.9052398,0.21438158,0.89489657,0.9466125,0.13572396
152f98635c17459299e86e723a6bc296.jpg,1,49.252937,10.251827,7,42.812222,12.05325,729.49286,147.18333,0.7065645,0.020216703,0.70889896,0.810207,1909.6653
1546329914944c47bd6bc25b8da1853d.jpg,8,59.784593,7.309337,8,59.719045,7.581703,16.90797,0.5421455,0.8685825,0.015934229,0.8454783,0.96099913,16.90797
15543e72f73746abb99ac34fa38a540d.jpg,9,53.996756,22.465873,9,53.87808,22.345465,15.370688,5.573074,0.7091597,0.002983749,0.68657625,0.7994931,15.370688
155c450f4a3e40ca994edc3477bb71db.jpg,8,62.234649,7.149116,8,60.16893,9.693394,267.04037,0.17861056,0.7955249,0.07813507,0.774977,0.8865565,70.49252
157cc474f32f4cd997f650ac192b1220.jpg,1,52.050287,14.254184,1,52.054843,14.231174,1.652929,1.652929,0.7042397,0.01777798,0.6790017,0.8402405,135.88771
15856a48e54d41a69c9c5b7d2a31f203.jpg,2,28.063086,-15.64629,3,61.021183,23.171153,4655.8584,11.805944,0.6736036,0.05618745,0.6688193,0.7281939,1767.4968
158f43987c83482d9a849b9caa7d2489.jpg,1,50.271246,9.046673,1,50.647394,9.792637,67.36358,4.595359,0.7394748,0.06604797,0.69743,0.907654,67.36358
1595f21237584862bc31f1648adacf59.jpg,6,64.979012,-22.845335,6,63.832103,-22.492297,128.65271,1.7742579,0.83550465,0.0021079779,0.8117899,0.94720376,129.69646
15a5103de59749ceacb85ebff296fb85.jpg,8,59.619231,8.853186,10,68.229998,19.663377,1090.0221,34.798584,0.73786855,0.03276378,0.70898825,0.8640717,110.56403
15b34039702f453b9903e7edebda0941.jpg,4,45.36972,-1.076177,4,45.373897,-1.079638,0.537417,0.30107233,0.81388205,0.04111296,0.7804555,0.94758797,0.537417
15bae918e55848218514ba7686c947b4.jpg,1,50.007482,10.665394,7,38.173568,16.204609,1387.2614,645.7369,0.60977113,0.0064426064,0.5759566,0.8271092,1886.7128
15c73ff37cb54598a1128a7b1a009680.jpg,1,48.831689,13.329756,1,48.028075,9.090447,325.24802,26.492292,0.675907,0.010980785,0.65092075,0.8181507,1270.2341
1628bb06151747b28bdd605f8529c3d9.jpg,6,65.290541,-21.746769,6,65.251402,-21.769062,4.473901,0.22151202,0.8440892,0.0049235225,0.8223948,0.96321,250.30972
1651d68450934e74b7b747e18afd3033.jpg,11,41.167641,31.930209,11,41.174413,31.929397,0.75607413,0.75607413,0.7876604,0.080818474,0.749855,0.9388821,0.75607413
16614b11995148c691d78649707f16d3.jpg,11,36.932163,34.957152,1,52.217331,9.896734,2589.613,1772.0522,0.6619578,0.05864364,0.6266428,0.8032175,2589.613
16630d19e81148eaacee4d5304ad243d.jpg,3,68.37792,27.409526,3,68.379037,27.409327,0.12447222,0.06779845,0.9157344,0.0055031776,0.8970903,0.99031055,0.12447222
1678b8ac281543f39d1d60eaf8fb39b9.jpg,11,39.474552,33.536262,8,62.201286,12.950278,2882.6777,932.7241,0.70695984,0.03087765,0.68750465,0.7878977,2882.6458
1687017adb1e42e18ce123421da395c0.jpg,6,63.529056,-18.468604,6,63.530374,-18.467368,0.15884343,0.061692692,0.9610326,0.0344795,0.95581424,0.98190606,0.15884343
16894d9874fc4c38b5b3cbb20a2f9590.jpg,9,52.880253,14.812698,4,43.752959,-1.380459,1563.3364,2.1627338,0.7462882,0.023247719,0.7234248,0.8403238,1526.9397
1696e55b599e4c8b99ffe98ce31db4a8.jpg,2,42.987156,-8.130525,11,36.831832,34.493747,3659.1064,423.77234,0.65500253,0.012917995,0.62002873,0.80152893,3283.213
16a91eda8e304c5ca00ce409c754f9bd.jpg,7,40.569048,15.35347,7,44.236522,9.711035,616.9369,19.431526,0.70055014,0.0125514865,0.66099244,0.87644553,1736.5662
16bb1630ad3845c79feb34e2979733a8.jpg,9,52.59466,21.182191,9,49.872003,22.176226,310.54785,7.735977,0.7211492,0.012163997,0.6883265,0.8610384,163.04616
16c9dcfbb394407b8509d26240ee4ebc.jpg,6,64.830727,-23.278409,6,64.821965,-23.191003,4.247408,4.247408,0.93367845,0.03368193,0.9208319,0.9850645,4.247408
16e3705a07ba4429b3361fba7503fcc5.jpg,5,51.983434,-0.492355,7,45.520621,9.687131,1034.2422,90.72642,0.7548083,0.05078125,0.73006254,0.8600435,737.03577
16f216f3eb1245b4965b85a7cfda4f22.jpg,1,51.198221,10.530916,4,43.589791,6.844882,890.0593,56.71072,0.65151787,0.020038009,0.6555897,0.72233933,893.5586
170dbd2c128b477eaca748b90987c596.jpg,10,59.659705,16.613077,10,66.540744,22.366148,817.2345,17.168337,0.6728902,8.5532665e-05,0.65857786,0.82259285,274.16028
17303e827024477bad92533d2ade7b9d.jpg,3,62.913378,28.766222,3,64.366725,29.060829,162.25783,0.20357282,0.71826583,0.0010513067,0.6900927,0.91910696,128.24042
1740bea1a4e841a2b4d8fa9c0da8431c.jpg,4,46.568884,5.992501,4,46.568469,5.993139,0.06714264,0.06714264,0.9384072,0.19094312,0.93000126,0.9720309,0.06714264
1741d9a65d9442d890f35d0cd20ca2b2.jpg,4,42.02809,9.414713,4,42.092946,9.513861,10.908973,10.908973,0.70069164,0.0080397725,0.6816734,0.80497885,26.745586
174aa59bde4343fa8943e8736e5c91ee.jpg,6,63.482903,-19.329734,6,63.570799,-19.86997,28.506338,16.09981,0.8242768,0.10732067,0.81311154,0.8689376,28.506338
175e887e0c0e444eb34dfc5a3f710cf8.jpg,3,63.31275,25.82813,3,63.315251,25.823853,0.3506524,0.3506524,0.7020751,0.056523442,0.69522786,0.8127909,208.0824
17681221899c40c8a4d5c8cf4db9bdb1.jpg,5,56.810789,-5.077535,2,43.363381,-8.308468,1512.5184,1.7537789,0.7301607,0.027468085,0.7031083,0.83837026,1512.5184
17702e74aa394a62abb1f3ee9184ef4c.jpg,1,50.818615,11.396173,1,50.820256,11.390461,0.44080448,0.44080448,0.71793354,0.028898895,0.6714413,0.9039024,0.44080448
177c83e8ac8046f4a2fc913185d3f3b1.jpg,11,41.770849,33.459849,11,41.442866,32.420501,93.793976,35.165615,0.7485233,0.06561965,0.71717155,0.8739301,93.793976
177e5492ca4a475f90fce507433958ef.jpg,5,58.509284,-4.701438,5,58.52457,-4.683909,1.9812266,0.33570746,0.8616652,0.03543943,0.8355643,0.9723035,1.6226634
1788a45bd21340a8b22d253cc1c9630e.jpg,8,63.101936,9.475171,8,63.101947,9.398528,3.855538,3.855538,0.8245766,0.14585757,0.8015709,0.9165993,3.855538
178de2c1ae534814850c82c7916bf588.jpg,6,64.835899,-22.80558,6,64.834871,-22.83082,1.1988701,0.9370733,0.8771316,0.006109357,0.8536321,0.9711294,1.1988701
17a32fc73eba4e73b7b2e951478be6c1.jpg,4,44.439159,-1.126209,10,56.671232,15.545416,1789.5999,547.42975,0.7381372,0.020546734,0.702029,0.88256985,1789.5999
17aba25167d1493eb359ac9defb76a14.jpg,6,64.416504,-14.538021,6,64.498258,-14.476584,9.5559635,2.3658824,0.9049552,0.081073225,0.8944348,0.9470366,9.5559635
17ae9fa72eae44f8b46041536239f4f5.jpg,10,59.594653,16.761022,0,52.330604,30.850796,1187.8512,77.23532,0.7593391,0.033734977,0.73127115,0.8716109,1187.8512
17bb39514c7848aaa415d8a3b5170f69.jpg,4,47.228351,2.482549,2,43.353219,-5.478176,756.67847,30.07518,0.6530653,0.0061433315,0.6435131,0.80269414,520.5016
17c259ed7978417195eb4ea24cd44a77.jpg,6,65.518156,-19.572061,6,65.60288,-20.110525,26.502832,11.7820425,0.8978707,0.034268796,0.8803114,0.9681078,26.502832
181fe380cff746d18e831073134c0391.jpg,10,57.618745,15.515687,10,63.302134,18.523599,652.9441,32.672207,0.75632584,0.018092036,0.74414396,0.8803704,290.9196
185540e7952a498899df92253c54c07b.jpg,10,57.893674,15.79472,7,45.866401,11.550691,1368.055,505.34442,0.68666893,0.029370725,0.67849004,0.8106208,2762.3767
18789d108ebc40e4b4ac96df7433ecea.jpg,7,44.179815,10.085065,4,46.161159,0.032102,817.6503,47.313923,0.63865244,0.003815651,0.6265403,0.73296034,897.2977
18a343b2d2df40558fc7a2280ee6f328.jpg,5,56.587265,-6.015271,5,56.595056,-6.141277,7.763214,6.356233,0.77863955,0.017429948,0.7377956,0.95472586,276.34326
18a889c525ac4c9a80c21f3712437eab.jpg,4,44.51101,-1.235219,4,44.511916,-1.235432,0.10214867,0.10214867,0.8629511,0.11106533,0.8485021,0.9207468,0.10214867
18f995c0471844008747ab4b44b72fa0.jpg,10,61.153046,16.882433,10,61.153993,16.880788,0.13739213,0.13739213,0.85661876,0.08114815,0.83608556,0.93875146,0.13739213
18fd120a7558455f818a31d6d474f689.jpg,5,55.213249,-2.985384,9,49.64458,18.874802,1597.7805,9.940507,0.6330023,4.8041344e-05,0.64300835,0.76367325,78.796234
190d2a951a2d4cd1945ed86766d0dff9.jpg,10,67.850184,20.496553,10,67.854182,20.635371,5.836241,1.4685556,0.84784114,0.016632974,0.8344848,0.9235537,5.268618
1927c6f2395d466084d0da6732da070e.jpg,10,63.856116,20.540463,3,62.961849,28.558986,411.00345,6.3541026,0.7804818,0.023633122,0.7566352,0.8758683,411.00345
19291bee9a1d410db0ce2e54f27619e1.jpg,2,38.881421,-0.751503,2,40.79926,-4.466284,382.13556,19.109776,0.6797495,0.009518802,0.6846076,0.78870696,2600.1047
192a0590c5cc4acea6078f022e865f74.jpg,1,51.985405,13.926269,1,52.052851,13.897482,7.7540536,7.7540536,0.79817384,0.108308494,0.78465986,0.8522296,7.7540536
198cea4a84ca46ccacda0c8e9655c2ae.jpg,5,52.407796,-3.614718,5,52.01146,-4.880304,96.84074,11.351486,0.7625884,0.061918497,0.73580647,0.8697159,96.84074
19ab10c8976c46e2816f6d1c787bb4b0.jpg,4,48.936198,1.556934,11,37.058975,35.77008,3045.9033,137.9129,0.7501538,0.029011428,0.7246114,0.8523232,3045.9033
19b5b238aab04ca6814539b7639f1d31.jpg,10,58.864158,17.828195,1,51.12765,7.354771,1086.5917,155.54451,0.7330892,0.061915398,0.6966893,0.8786888,1086.5917
19c4a6aa3d4443d2aec3c7c4c2b69b57.jpg,6,65.572723,-20.654239,6,65.555348,-20.656337,1.9344233,1.783443,0.9050256,0.022425711,0.888203,0.9723158,1.9344233
19c94966f9c04edba553ca435d0d36a6.jpg,5,54.845824,-3.042403,9,53.219027,23.190687,1712.5669,20.245127,0.73855263,0.028203726,0.72506964,0.8309498,310.9358
19c9d7e968fe4876be330af92a4e3fc4.jpg,3,66.27195,28.853477,3,66.231408,28.823469,4.7040863,2.860087,0.85176045,0.03179401,0.8259362,0.95505744,4.7040863
19ec5a4b75a5492083052d8a0eefa8a1.jpg,1,53.665707,12.784076,1,53.548036,12.712733,13.905272,10.314153,0.79569,0.016733706,0.7703568,0.89702284,13.905272
19f4565014c34ff488eac9c36898b8b2.jpg,8,68.572229,12.698163,0,52.413007,24.339019,1898.9299,274.9432,0.6725139,0.0015966296,0.68911326,0.8083701,957.42957
19f749bbcf8545cca8140087208b3431.jpg,4,42.049035,8.752334,4,42.211866,8.656618,19.751694,4.3156047,0.7921861,0.06309074,0.7662795,0.8958122,19.751694
1a0d9d65e9f04b3a85a72fbc82fc0c8c.jpg,10,66.0568,22.707409,10,65.980633,22.866528,11.110538,0.028885031,0.86331105,0.029421926,0.83709955,0.9681569,11.110538
1a3dbb8d864b42bfa04f20a25112cb32.jpg,8,68.684487,16.538142,8,68.682781,16.539285,0.195244,0.195244,0.864338,0.118076384,0.83957744,0.96338004,0.195244
1a4fd0cf4518459eb53fe2966b3080c0.jpg,10,66.454428,20.497432,10,66.483439,20.280697,10.148145,2.5670357,0.82564557,0.0030229092,0.8036716,0.9324696,52.314114
1a61baf3785d43c4a08a028305528b48.jpg,10,61.487966,15.834431,10,61.159412,15.129742,52.4259,12.275167,0.78748876,0.01308465,0.7570946,0.92098045,64.5742
1a7e530e5c814932b36f187b399b54ff.jpg,11,38.304445,29.758373,7,43.80519,10.722652,1704.477,13.360445,0.71007305,0.0033655763,0.70559514,0.7819587,2783.212
1a88612fe24645b99ac5a56cc929a141.jpg,5,56.117396,-3.479219,5,52.12557,-1.414392,463.76474,18.800274,0.7273192,0.020746231,0.6744474,0.9505044,125.133644
1a9c477be12a4d11b979aad489089499.jpg,8,60.082473,9.846815,8,60.165479,9.711237,11.898878,3.780476,0.8122141,0.040070236,0.78521943,0.9201926,11.898878
1abc3ee95a814349bfee54abcdd1fa9d.jpg,9,51.531879,17.850895,9,51.53143,17.850981,0.05027976,0.05027976,0.89376116,0.16474044,0.8905655,0.90654373,0.05027976
1ac7a969f91e412ba81debf5aece5e9a.jpg,6,64.292675,-21.424226,6,65.311367,-21.743107,114.27467,4.8173423,0.741226,0.006073177,0.7194031,0.8413004,40.998436
1ac80e0ccfa4458291b8934c2c526ea3.jpg,1,53.349565,9.371726,1,49.423292,11.185826,454.32925,21.09437,0.67375535,0.030560315,0.63554054,0.87825197,606.63055
1aec33b33f504466b090794e885724a9.jpg,6,64.923776,-13.865313,6,64.934786,-13.740428,6.0102663,2.2039952,0.78773814,0.002125442,0.7572923,0.93752813,273.49286
1aed7b2c0a874aad8d6352321f19c27c.jpg,11,38.648827,28.980457,11,41.441869,31.832301,394.13974,18.279167,0.6952542,0.006679535,0.67709684,0.80513537,1483.0571
1af5e52790ba4d858f697efbddbd596b.jpg,7,37.631142,15.143033,7,37.75543,15.130626,13.863263,1.5678921,0.79224557,0.006865561,0.7654281,0.92076254,19.714481
1b05565d1de44843a3614d5654bfedfc.jpg,7,40.466633,18.155843,2,37.655278,-0.808124,1663.5157,1.9164422,0.6965644,0.01693517,0.7001207,0.7346897,1411.3038
1b0672facf714ee7afcc5b58a3d4f20a.jpg,11,41.361898,26.949945,11,41.188229,26.664603,30.684444,30.684444,0.6975396,0.027018368,0.710251,0.72197574,1243.5496
1b177a2a8b9044d7a9f6830440b5b831.jpg,11,37.816475,27.274587,11,40.157735,25.818914,289.13248,3.1956215,0.67939454,0.0021899343,0.6608841,0.8123906,55.81394
1b18a72821064dc087b2bd548c0685a8.jpg,5,56.709687,-2.733217,5,57.162041,-2.718103,50.307896,32.259,0.70052946,0.031037867,0.64633065,0.919882,684.141
1b25616ce4654966b733d1e464dfb326.jpg,2,39.741528,-2.42178,2,38.87021,-1.778505,111.57999,53.152542,0.7798495,0.025343,0.7459656,0.915385,111.57999
1b5dcf7d96e945cfac87ab2142bd3c9f.jpg,8,66.31855,13.073391,8,66.318457,13.07483,0.0650949,0.0650949,0.9152457,0.16286564,0.89729244,0.9870588,0.0650949
1b66d66e6a964e8c860784cf4e11a252.jpg,6,65.907205,-19.396411,6,65.873201,-19.37804,3.8720589,0.4285551,0.9000419,0.0014794469,0.8795047,0.9821906,3.8720589
1b82e3162a5f4edea246087d316d46e1.jpg,8,61.166661,7.444682,8,61.861721,6.095785,105.30878,36.031,0.79708403,0.008405209,0.781972,0.9231076,94.96664
1b85adf59f84480caea8b35a6ae5ae0a.jpg,4,45.529555,4.516941,4,44.487337,4.674636,116.55065,23.506903,0.6965564,0.0125848055,0.64790183,0.89117473,116.55065
1bad4101a9704916b5ed99fabb4f3274.jpg,4,43.941183,5.05781,4,43.570236,6.126872,95.254974,3.7873924,0.81546336,0.10728574,0.7859781,0.9334046,95.254974
1bc14d0648d14ab182c522e7c18f677c.jpg,6,65.896593,-18.069207,6,65.900993,-18.061126,0.6115645,0.17902993,0.81421196,0.0117896795,0.7938104,0.94525707,25.759176
1bd7ec950c864e46ba350ca3e3ad1707.jpg,5,56.846888,-4.710527,5,56.082722,-4.82377,85.255745,0.59690756,0.79569393,0.014389396,0.77367145,0.88378376,85.255745
1be62a25c2014d099de6caf29c3ba376.jpg,7,40.800269,14.07726,7,40.820809,14.061276,2.6506689,2.6506689,0.7543418,0.02668953,0.7395426,0.8886292,1724.3075
1bf638f2d8eb43c6a069cd46ef45f328.jpg,7,42.379309,12.911126,0,51.673509,30.368234,1671.6865,28.61346,0.6666178,0.005166173,0.6457,0.7701445,460.0621
1c3ba18bf967421a8edd3bbd9791636f.jpg,9,52.010138,15.211582,5,56.07602,-4.826197,1378.324,81.05067,0.6814958,0.022629797,0.67106533,0.77733994,335.64447
1c70fd1a6a104fa68dd979ca2c299076.jpg,9,51.69893,21.003915,9,51.706416,21.022276,1.5145565,0.10164956,0.8670552,0.055986464,0.8466778,0.9485646,1.5145565
1cd86fae99314d85a456a6a5c5377857.jpg,5,59.093421,-3.321005,5,59.092966,-3.320566,0.056465913,0.056465913,0.9582315,0.039372683,0.9504065,0.9895316,0.056465913
1cf2b784cbbb4f2aa7128289579c4b82.jpg,0,53.48928,31.125004,0,53.264946,30.422466,52.857357,2.3059835,0.8411798,0.038184106,0.8166921,0.9391304,52.857357
1d1e06eabf8641fd9ddfe6a251d205e6.jpg,4,44.293643,6.394423,10,64.201544,19.583138,2362.598,134.0824,0.6681426,0.017731309,0.6535647,0.8104369,1618.3867
1d21acc2c83e4dddacde8f0f20b3b817.jpg,2,43.730344,-7.692376,2,43.728971,-7.690226,0.23054776,0.23054776,0.7340045,0.055338085,0.709274,0.8523542,2.8399827
1d663a2fad7247718351dbbf0ad95d81.jpg,0,53.562941,25.837863,0,54.160862,26.455054,77.83504,20.694103,0.8300563,0.033621073,0.7995158,0.9559523,218.8342
1d6d8c4d7f6a43638056329f5f6da0c3.jpg,3,62.373424,21.406026,3,61.916374,23.693425,129.24237,25.705181,0.8212737,0.0065432787,0.7959784,0.92409027,163.83894
1d70baa74afb416c83ec4937a16acc58.jpg,11,41.276852,36.292142,11,40.989417,35.711736,58.17519,1.4532444,0.8165643,0.001724124,0.7997468,0.88492817,9.622707
1d832eaffc814b9f99b80aacb48a0d7f.jpg,0,55.101897,30.262836,0,52.064618,27.75813,375.97128,3.8906527,0.8229462,0.004847288,0.7971758,0.96972275,428.3117
1d85a8caa9434e0082f357ee69375776.jpg,4,50.785612,1.95219,7,44.469665,8.026556,836.28436,535.62726,0.61752456,0.011290252,0.5976044,0.7901945,1112.9635
1d8704b76a98439cacad5667cb169ca8.jpg,4,48.201847,5.578815,4,48.521396,6.23012,59.815926,8.481709,0.7054248,0.05211097,0.68062377,0.8046288,59.815926
1d8787b368d04ec6a4c03967cc468ea1.jpg,11,41.525445,32.047978,11,41.442866,32.420501,32.3614,10.502456,0.6487844,0.025159359,0.6276589,0.7841958,92.447136
1d8bc974e3b545b5a455a7a8603d22ae.jpg,1,52.556555,12.62964,0,52.774372,30.753937,1219.2395,8.981929,0.62927717,0.004550338,0.62743247,0.7258955,838.804
1d8f56ffc4a841fbb0df1319f40e52ef.jpg,0,55.534247,29.976472,0,55.333601,30.257192,28.485256,28.485256,0.81522083,0.0130345225,0.78895605,0.95644677,355.04224
1d91cdaaa6c84d59b7ac6ac24a0d5656.jpg,5,57.556558,-5.101145,5,57.533021,-5.153866,4.09228,2.9771338,0.8334971,0.014867127,0.7969766,0.9795791,4.09228
1da59a54301a406d96226e6e6a4ea312.jpg,3,60.582499,22.730124,9,52.046645,21.271491,953.3373,22.503489,0.6391289,0.007281661,0.64934206,0.74595445,1952.6934
1dbe38c35db74f83b077159a031cbbc1.jpg,0,52.198832,24.3497,3,63.103757,29.815951,1254.3274,210.81555,0.7350065,0.026263654,0.7050339,0.8623691,1251.5033
1e269b4123b34e3aaedfe51012665611.jpg,7,37.837057,14.907689,7,37.856413,14.921862,2.4861753,2.4861753,0.8684576,0.068754435,0.8520357,0.93414503,2.4861753
1e2b22b2102f4874ab304df06f77eaa2.jpg,8,69.505676,19.251603,8,69.502923,19.250518,0.30902097,0.30902097,0.9106277,0.005774796,0.89344394,0.9793627,0.30902097
1e462188fc03416282152cac0f54f8e4.jpg,11,38.017554,41.774404,11,38.018659,41.775604,0.16170254,0.16170254,0.8300731,0.084968984,0.8109927,0.90639484,0.16170254
1e721f6c5fb145aa81929bb156164350.jpg,3,63.933639,23.436564,3,63.935415,23.440532,0.2767412,0.2767412,0.88078475,0.03919661,0.86442745,0.95956355,61.228596
1e9c7ff023da407995e80a078e601485.jpg,1,51.423993,7.853761,1,53.099712,7.673693,186.7341,4.931892,0.6137213,0.00867027,0.5973618,0.7059574,245.17793
1eb9af25a9364bf9b159eab0859c1f18.jpg,1,51.944987,13.227064,9,53.926638,21.468402,594.2111,9.827521,0.67299503,0.012458205,0.67148995,0.7656276,689.37787
1f0e482238804c2bacce0f1f118e39c5.jpg,1,50.495732,12.974145,11,36.815334,31.767091,2132.932,496.0248,0.7767473,0.054997444,0.74975216,0.88472784,2132.932
1f11b54f133c43e9be18831b0214150e.jpg,8,69.549169,19.022912,8,69.544083,18.989859,1.4033271,1.4033271,0.8335107,0.051782668,0.80283517,0.95621276,1.4033271
1f26c7306f6040bbaf453baeb66b59bf.jpg,8,69.131185,15.671986,8,69.142503,15.751813,3.402507,3.402507,0.6493833,0.013239741,0.62974644,0.78253603,6.9048367
1f53755055a647b0a530b64fbcbbeadc.jpg,3,66.099693,23.920341,3,65.909199,24.101246,22.706709,14.133426,0.9047948,0.10208869,0.8924711,0.9540899,22.706709
1f5f10aa1a4a4d7989939ae27d7e4654.jpg,4,44.716824,-0.564098,9,51.736012,20.807461,1756.2418,3.8978653,0.7649636,0.020545363,0.7527331,0.8789504,629.1395
1f83e1447070428995b0eafb27b84110.jpg,2,43.63631,-7.601866,2,43.646794,-7.602612,1.1673138,0.3241729,0.756186,0.0005632043,0.7442374,0.8561877,1.1680491
1faf99d2485a4546af309fab9d13ae6d.jpg,1,49.779177,11.368432,1,47.567486,10.983228,247.54936,112.515305,0.6318807,0.020659864,0.59079087,0.80358875,1078.5671
1fcb4a43864244259b7d8f4a00f1e475.jpg,11,40.11229,38.304629,11,40.111101,38.323745,1.6310087,1.6310087,0.8529197,0.057644367,0.8262253,0.95969725,1.6310087
1fcd50fa4a4a49358afdb6be96813b4d.jpg,10,64.311834,14.961415,10,65.483369,16.92365,159.79097,0.9828371,0.87807953,0.021137118,0.8657825,0.958093,169.1154
1fd9cb4ba92c4ecfbf007bd3a6c68a93.jpg,0,55.267098,29.738412,0,55.309685,29.56766,11.803507,1.7834419,0.865163,0.0103158355,0.83572173,0.98292816,11.803507
1ff241ad7da7434d944727192d701049.jpg,9,52.270825,20.353836,9,51.736012,20.807461,67.087265,37.062363,0.7115629,0.0065561533,0.67552626,0.8557092,67.087265
20057d73e02f43d8a69d8c5189ffcb04.jpg,7,37.967198,13.770073,7,40.896219,14.307214,328.94156,16.276716,0.6830193,0.00025385618,0.69589454,0.77073383,90.42634
20289063069045439d248416e9f502ac.jpg,7,40.841867,9.652279,11,37.604919,34.741326,2183.2344,19.445799,0.693298,9.340048e-05,0.6562804,0.87978977,1777.285
20428192e7ee45f2a4590d1fbb89692a.jpg,3,63.679958,26.351708,3,63.67815,26.21818,6.586502,6.586502,0.94686204,0.05543232,0.93653786,0.9881586,6.586502
204cb3aa156b4871bf4c150c40cab738.jpg,5,50.33687,-5.120444,5,53.334171,-0.231633,472.99142,0.7954393,0.84136295,0.02779758,0.8187356,0.9623107,419.1134
205f2533fa0f4abd981fd08ec14f655c.jpg,5,58.503842,-4.707442,5,58.511901,-4.698556,1.0341414,0.12834737,0.8195569,0.027856052,0.7865449,0.97081494,21.239058
2083317f932a4b42a8c2b743b2a77b49.jpg,11,41.481949,32.60924,11,41.444743,32.712725,9.564209,9.564209,0.7518337,0.05196005,0.7511022,0.802103,2295.1895
20969e6283e5445084dc090ffa71a82e.jpg,7,40.304398,18.216747,1,51.870433,13.08876,1344.6583,44.988705,0.65359193,0.013139188,0.63247406,0.7423587,1273.7402
209ea871a8504ac899d7f3a9925fc6b7.jpg,11,38.287824,33.987592,11,38.190828,34.047163,11.9747505,11.9747505,0.7650435,0.0847432,0.7546029,0.8068056,11.9747505
212f77af74404254a6e4608e51cc936a.jpg,0,55.188323,30.089116,2,36.83652,-2.155481,3170.9355,17.652826,0.5752053,0.0025218725,0.54377866,0.70091206,3170.9355
2136ec460b8f4de59abfc082d775e1ad.jpg,6,64.122379,-16.073219,6,64.122871,-16.072287,0.07098434,0.07098434,0.8880391,0.049842,0.87261117,0.95499986,42.054844
213876ee9dda4bb1b19d532abccf754b.jpg,1,51.037375,8.230619,1,48.020281,8.080641,335.66037,102.76022,0.69090694,0.04384899,0.68537694,0.7548889,425.51553
213f929eb5ce44cc8a0ef21084619752.jpg,10,65.576782,19.246709,10,65.585511,19.426047,8.300838,5.208045,0.8777696,0.0029149652,0.8516972,0.98205876,8.300838
2173d2b2add34268b2fd56bf86d10079.jpg,7,40.517973,17.935881,4,44.628297,-1.15735,1624.5629,546.57983,0.67492056,0.013945818,0.66144234,0.75691295,1147.6613
2180fb04faea4de7a008ef7627964103.jpg,3,63.160986,21.943244,3,63.161651,21.878575,3.247378,3.247378,0.75038946,0.036044836,0.73681307,0.8704814,656.076
21b01950df62434fbb3749e2ca5e4017.jpg,0,53.835998,27.26832,9,50.670538,20.29991,590.2347,67.44624,0.65665376,0.0032078028,0.6207792,0.80015194,590.2347
21b452e2024f4cf09e454060ee314584.jpg,0,52.373761,25.950151,0,52.387331,25.933383,1.8900181,1.8900181,0.8445226,0.037190437,0.8265214,0.9364391,12.779174
2207f99540284852864874624fc4a1ad.jpg,9,52.116149,21.240248,9,50.634421,18.476624,252.83597,45.560528,0.7030858,0.045441747,0.69574535,0.7419664,782.53455
221e0c4c4ccb4b0da241ff3b03a1ca9c.jpg,7,46.171858,13.020062,7,37.625233,15.159198,966.5901,14.213142,0.76471263,0.014688432,0.75110567,0.8536172,824.29114
22240319f04b44cbb1b5ff16262bfd23.jpg,11,38.696582,35.114386,11,38.696322,35.115604,0.10958567,0.10958567,0.953782,0.26552325,0.95124775,0.9639191,0.10958567
223f690c117f4345ab2d6bbf2dcd3380.jpg,5,50.502509,-4.693525,5,50.508381,-4.719895,1.9759021,0.7627296,0.84568894,0.030228257,0.8166522,0.96469355,8.901655
225d78abba584b55829df7fc451dcc20.jpg,8,60.423563,9.471005,8,60.409667,9.495933,2.0640204,2.0640204,0.81605375,0.009662747,0.7953491,0.9107424,23.199442
22683bc70b9646a19638f40d325c8e4b.jpg,5,52.064439,-4.314682,4,45.477815,-1.146608,768.1243,131.42404,0.66243416,0.0017498136,0.64726067,0.7952626,713.4391
2286fd6259ab41d3b64e143daefc661d.jpg,10,65.461734,16.795965,10,65.414853,16.527094,13.476476,1.2309052,0.8884516,0.0058163404,0.8671529,0.9736459,13.476476
229c46e271b84571a1fb9af42e33e5f7.jpg,4,48.132692,5.197337,4,47.133667,3.881387,148.533,24.172298,0.7414265,0.075186014,0.7322645,0.844612,238.17068
22a157d11f624e23a46e66ce9985d109.jpg,1,48.769861,13.732103,4,44.648167,0.591893,1099.829,18.301962,0.6923669,0.029756963,0.67359436,0.8455355,547.4344
22a27c228b344788924c6d48c1e5ec7f.jpg,10,66.106757,17.477635,10,64.411557,19.289982,206.48604,14.208643,0.8913892,0.01401782,0.87406623,0.9606807,206.48604
22d3648aa08445df94642a29372c26d3.jpg,6,66.06306,-17.342783,6,66.083778,-17.322374,2.4807904,2.4807904,0.87069374,0.06954908,0.845911,0.96982443,2.4807904
22d99035eb9b42b697356fc38a3f7c0e.jpg,4,43.1426,2.727564,4,43.136877,2.729555,0.6565538,0.6565538,0.7749596,0.09523088,0.7626051,0.845914,2763.5837
22dffc49c31b40ca88cf61e0c0cdea15.jpg,3,63.877058,25.810765,3,64.048022,25.791236,19.034239,0.14391848,0.88861245,0.0054156184,0.8677976,0.985165,0.14391848
22ee57a582094759812c41572899414d.jpg,7,40.221418,18.098324,7,40.281931,18.069181,7.1688876,4.2630496,0.76886684,0.012799382,0.76091987,0.8493347,473.24048
230422708af24b20aeef88724afa7f21.jpg,10,65.273261,16.052077,10,65.279578,16.339667,13.393177,2.5623777,0.9418849,0.018267334,0.9327878,0.97827315,13.393177
234167d3129347f890bae0e65342f476.jpg,2,28.9583,-13.570205,2,28.958284,-13.573914,0.36086273,0.3114123,0.8452582,0.0153128505,0.8295913,0.90792567,0.36086273
239328d8e80b4db2bca93d22e08204fd.jpg,9,54.788806,18.378749,7,37.254237,14.565956,1971.125,304.63522,0.7225299,0.017456234,0.7191427,0.806916,2396.1238
239cb8ae3cf542daafa7fe719def1e24.jpg,8,67.147835,15.455766,8,67.091848,15.412091,6.50553,1.3080056,0.8662236,0.014527798,0.8395145,0.97305983,6.50553
23a4f75a072e4ec287c21f6bdead6969.jpg,8,59.631123,9.996629,10,56.671232,15.545416,462.66345,65.17048,0.7171019,0.022139847,0.68348205,0.851581,462.66345
23c0e518e8eb4964a16161b7d8242e8d.jpg,6,66.076868,-18.633666,6,66.070804,-18.657404,1.2651553,1.2651553,0.74124616,0.010705233,0.732,0.82507956,13.12157
23d1604ff3584eb1aae5df1fc37eb7ff.jpg,1,50.291061,11.291966,1,47.888452,10.672733,270.9342,13.862463,0.70561427,0.017306805,0.7003792,0.7679702,497.68066
23e6ff535ffd44c1b015ee47552a22a2.jpg,2,38.832412,0.06347,9,51.276147,22.951713,2252.6433,81.13054,0.7131817,0.02428925,0.7257056,0.7475159,1232.7386
23faebcb2b864d079d9346383466c5cc.jpg,7,40.642692,14.656634,7,37.805217,12.451233,368.25952,42.984676,0.64114827,0.0018826127,0.60706323,0.824616,426.92175
242af8f742f3440698882c50e170b10b.jpg,9,51.484899,21.609688,9,51.386758,21.629585,10.999608,5.4858584,0.72988653,0.002688706,0.7342822,0.8225815,1178.9915
243c2a96ec9d42d9b72fad8d37142dfb.jpg,11,38.758216,27.907255,11,37.619433,39.161097,991.0213,18.964178,0.7082657,0.0007535815,0.69394064,0.82791823,1305.3889
24562a5b70774397ba48cde2e9c85596.jpg,1,52.286476,14.281298,1,52.322202,14.20353,6.613625,6.613625,0.8059904,0.027600825,0.78009367,0.9095772,6.613625
24d4e99cb53f4c1ca22e10fe2cde2c86.jpg,5,53.137395,0.321755,11,40.101248,31.548031,2758.0493,1.6232724,0.79168224,0.025034904,0.7626134,0.90795755,2758.0493
2511cb978dab4a48b132dd71a3175082.jpg,2,42.774184,-2.908426,2,42.804393,-2.905447,3.3678765,3.3678765,0.79673755,0.068201065,0.7829609,0.85184425,3.3678765
2536e421be06418dab7e4fc6d33dffc0.jpg,7,46.029136,13.147041,1,50.848793,8.776313,625.1765,295.44983,0.6744485,0.028142035,0.6842783,0.72581965,1605.155
253f6c1c33fe4912aeaca0bb5674161a.jpg,3,64.337273,23.959168,3,64.403874,24.094132,9.84798,4.6661973,0.85336083,0.024364293,0.82960325,0.94839084,9.84798
254f93ba7645404cba8b06bcf2504c0b.jpg,4,45.775945,3.739319,3,62.929168,28.238683,2450.4077,1389.9457,0.7686089,0.042535245,0.73620564,0.89822197,2450.4077
2557c1401b8a4649ac5adf784257e71b.jpg,0,55.527597,28.815137,0,55.015351,29.406464,68.172,0.48545268,0.90240055,0.004821837,0.88253635,0.98622715,3.8234322
256e67e52be3428ebcea2b333ecda7e5.jpg,1,52.149365,8.450019,7,39.490327,16.958532,1551.8801,638.48883,0.6100962,0.012692213,0.59338963,0.7955816,1459.4773
25776ceaa1c6415d9a971196a6279c87.jpg,4,49.115787,6.918481,4,43.800218,-0.913701,841.361,80.3645,0.731753,0.023449004,0.7232639,0.79466796,822.3003
25c0e33305844d63be5e725d0ddfca16.jpg,10,67.828787,20.721484,3,60.469394,25.179612,845.8587,96.303085,0.7431837,1.8775463e-05,0.7227516,0.86860096,350.36694
25d001b5ee8d44878c6646125ed8f091.jpg,5,55.573007,-3.624345,9,54.167212,18.716769,1431.7267,31.975557,0.72843796,0.012658656,0.71428645,0.8602582,1854.4425
25e905f1722b47d493bf9950c2b145a4.jpg,6,63.970793,-16.420855,6,63.93396,-16.447924,4.303635,1.1810933,0.8749895,0.00832808,0.85167575,0.96824443,4.303635
25fcbf4a81d34a9cb2971a3a43016c69.jpg,10,60.813004,13.428568,8,62.201286,12.950278,156.44,0.19444008,0.7391083,0.016322672,0.70601577,0.87147856,156.44
2602ab8151cf4e54b20a668520e2eac0.jpg,3,62.791735,22.832842,7,40.113997,15.751762,2565.366,59.24516,0.66847086,0.022375762,0.6602144,0.7518214,2320.7253
265b9f260a114939b1621c90b4d833d7.jpg,7,41.052047,14.321128,7,41.366056,14.023897,42.86461,18.195208,0.7664863,0.024558425,0.72870266,0.9176207,42.86461
2672c457789b4e4d9c1369c7492d32d3.jpg,0,51.920187,29.714205,0,51.907063,29.815212,7.0801506,0.6595427,0.9026772,0.06684977,0.8907316,0.96686023,45.11796
267640dd59e3428296a689a8cff41d2b.jpg,5,58.502725,-4.708667,5,58.504898,-4.70655,0.2711242,0.2711242,0.74303037,0.076964736,0.72777367,0.8040571,0.2711242
269d73be92c9488083271fb730dc25c8.jpg,7,43.897766,10.735458,5,55.788918,-3.019993,1643.2466,40.81234,0.67222875,0.012414098,0.6243397,0.8637849,1643.2466
26c82e34adca44e5bc8ed042da8a6682.jpg,4,46.505743,5.742976,8,68.856004,17.984385,2578.1702,866.91925,0.74027836,0.0010107756,0.7225739,0.8269152,2580.4937
26d3599ccb624f17b6f6068c46f6629a.jpg,8,60.56509,5.350247,8,60.609784,5.442075,7.0599895,0.45750386,0.7374984,0.0110266805,0.68775666,0.93646526,7.0599895
26ec4b8345e948b48ffbd77fdbd87e37.jpg,1,53.092389,13.668023,1,51.338446,14.565977,204.39516,16.887756,0.74088275,0.0011351109,0.736838,0.863732,300.7804
26ef4eb97bc94259a61b96ebb8844955.jpg,10,57.023095,16.82575,0,52.476774,25.571403,754.3245,72.26247,0.6710278,0.016856134,0.64617735,0.7888061,195.1324
27013a8184ca4cceb3a1bd897eb68071.jpg,1,48.565457,10.732096,1,48.239171,11.856685,90.59991,31.61832,0.6195238,0.0051760674,0.5856788,0.7549038,90.59991
2701ec7457f1430b866fba530578668f.jpg,5,56.124052,-4.038382,5,56.218678,-5.541628,93.64726,3.2532742,0.8164895,0.005322337,0.78598654,0.94022405,88.549934
270b5703255d4885ba822206da37362b.jpg,9,51.493983,23.54388,9,51.351261,22.736211,58.207035,0.12541185,0.78815526,0.016657293,0.7713212,0.86147934,2.5052662
2735324743bd4b40938ea89d7e488535.jpg,7,45.460907,8.134265,1,50.38936,7.682787,549.0483,52.20282,0.6784669,0.023533463,0.66916406,0.71567833,549.0483
2741b943f56c4b3eb4f34f4e791a3a35.jpg,5,54.481078,-6.545998,5,56.156783,-3.955724,248.11589,3.1227946,0.72869384,0.0078264475,0.71232074,0.85198337,1403.0867
2746479d0f6943e98149956ce233fe45.jpg,4,45.243601,-0.868203,1,51.681152,11.283396,1144.312,696.46765,0.6081919,0.0014008284,0.5942299,0.67957664,1094.5833
274988a784304aaba61a2fb27dc9d18a.jpg,0,54.596199,30.443418,0,52.175239,27.881594,318.28122,1.4730414,0.8715827,0.0047748685,0.84796906,0.96770775,339.43945
27905a13f00b4be88edfbfc95f7f6e83.jpg,4,46.239396,-0.073219,8,60.24325,5.367878,1597.3733,422.1811,0.6580705,0.019815564,0.62280405,0.7991363,1597.3733
279cf119e757476e8a2989066fdf5eff.jpg,3,67.615641,24.58289,3,66.687303,25.406064,109.17164,11.317911,0.7498858,0.022087812,0.7316164,0.8346597,239.84975
27b4b3f8e05649bba7ecd4e73909f559.jpg,11,37.567868,41.379056,11,37.811449,41.229488,30.113203,0.46882084,0.79571724,0.065594435,0.7742345,0.88164824,30.113203
2823d639ecf64bafa4c2e81913998f3c.jpg,7,43.580081,13.517412,8,61.750603,6.342939,2074.6172,46.2397,0.72364485,0.004094422,0.6748757,0.9187217,2074.6172
2824016490944b3085907d49ffaa052e.jpg,4,46.738069,4.58365,0,53.088784,29.240259,1889.6375,317.79483,0.6855885,0.00974077,0.65874267,0.81539786,1373.6333
2920d07b06dc4d829d7c3615ae3e1800.jpg,7,43.973012,10.525031,8,61.613345,5.349419,1990.6361,55.132355,0.643078,0.006761372,0.6026763,0.80468494,1990.6361
292e9f349f5b4e458330dda66485ea27.jpg,6,65.31446,-21.744239,6,65.288631,-21.748123,2.8777215,0.34792125,0.812094,0.018229246,0.7848295,0.9211519,2.8777215
2932f044a2d340358fab6c9e8b17eba2.jpg,6,65.742277,-14.843945,6,66.009183,-14.87878,29.720829,1.1666,0.8769305,0.007004142,0.85583365,0.9615661,1.1666
295a75aeb615444d8258c7183596f684.jpg,3,67.1615,24.955933,8,58.895161,9.279777,1205.4896,179.52373,0.751851,0.015365005,0.7407387,0.8293383,1208.8607
298f65c91cc7451c83fec1ee86265345.jpg,11,39.551326,43.926909,11,39.549945,43.933988,0.62606615,0.62606615,0.93050253,0.06353122,0.91561294,0.9900609,0.62606615
2992a80f10a141d9a803e08e33c5d5e7.jpg,10,61.889958,14.166184,10,61.933335,14.1845,4.9177065,4.9177065,0.882587,0.00911957,0.86231005,0.97703964,10.152803
2999d42c116d4a449fd023412389908e.jpg,0,53.98308,30.46612,0,53.211421,29.39387,111.21354,0.8983069,0.82715636,0.009292245,0.80051327,0.9532753,23.4882
299c605f1ad8406db4b22d98d95dd76a.jpg,1,54.77219,9.241862,9,54.322859,18.85807,621.72534,17.205336,0.68525934,0.004381299,0.6553979,0.8642019,1095.1492
29b8a60c40784e4a95be5ba494592c63.jpg,4,44.272177,-1.183754,5,51.965122,1.209108,873.53546,95.66896,0.6907714,0.0005054474,0.6552745,0.86152107,967.30414
29ba6df7c26043d385272993daea6fe6.jpg,2,40.804594,-4.345912,2,40.575921,-5.031685,63.16353,63.16353,0.77055764,0.015965462,0.77729595,0.85368466,2937.9185
29f561e3ac4640b39a9a5e4b2b4f7b21.jpg,0,54.501975,27.159349,9,50.821065,22.736292,506.2539,14.849211,0.6334208,0.013059795,0.63544214,0.7895834,14.849211
2a2684d16bfa4c108a90d4040c764e30.jpg,6,65.561665,-22.186518,6,65.491134,-23.309672,52.328648,0.44935822,0.9098887,0.00040388107,0.89412963,0.9789402,59.122375
2a3d9d4b79954d06a4fc08d768bf05b7.jpg,10,60.9217,15.701448,10,61.252572,15.448635,39.221443,2.3283088,0.7321316,0.0077360272,0.680145,0.940078,39.221443
2a406ef5503a4568b166e2da04ae2ded.jpg,9,54.294721,22.650151,9,54.352818,22.711807,7.5973516,4.186321,0.78554845,0.00097453594,0.78070587,0.9309956,4.186321
2a4702008cf449af911f094f5dae0581.jpg,1,53.173396,7.68784,1,53.091262,11.291951,240.5911,2.5147116,0.7050884,0.015294254,0.6953793,0.8014693,504.55814
2a53c4d0f8284037a6f94cb6e0958312.jpg,11,37.571238,30.034171,7,40.512732,16.476217,1214.3214,25.214182,0.63240653,0.008882523,0.6306837,0.77925265,3151.2668
2a5fd9172a7840eabf2dee514fc46a7b.jpg,8,62.676144,8.562279,8,62.664018,8.616142,3.062561,1.4297843,0.7592525,0.012556136,0.71504045,0.93610036,3.062561
2a7049b0087147a4849c82f31946b490.jpg,4,44.976626,-1.078499,4,49.186167,5.809514,700.28296,17.507824,0.7288247,0.023715913,0.70885193,0.8111228,658.3194
2a77208882a043958043b04b2319e6f8.jpg,9,54.62042,17.806495,9,54.659429,17.629052,12.214584,8.395318,0.7140283,0.036120176,0.6885891,0.8237769,336.03143
2a776375956b4b739626b14608a40a54.jpg,0,55.845742,28.607153,0,55.905667,28.631758,6.837849,0.4037325,0.8130286,0.017553449,0.7762295,0.96022487,6.837849
2a78759e8a604153b007f05404b568e1.jpg,10,60.306447,17.957528,10,60.283559,17.945113,2.6353664,2.6353664,0.7553392,0.010628641,0.7347091,0.874734,371.7015
2a86a2f869cb4afb91b55d05974b21fe.jpg,3,62.807034,22.926899,3,61.109459,21.510456,202.75284,24.108753,0.8518157,0.038445115,0.82671386,0.958107,125.29617
2aeaa571c10240d193d00e8d78382201.jpg,7,40.688265,8.790691,2,38.525041,-1.675094,927.65216,2.6636827,0.6231432,0.0129698515,0.60128725,0.76613635,869.5635
2af0eee2e263426391c6c4cb97930def.jpg,1,48.468236,9.716554,9,53.137884,19.208704,844.1565,436.19113,0.73335147,0.019671917,0.7109442,0.83069915,862.12994
2b4dd520ae8143f899426b75a8df1dee.jpg,3,60.145893,24.154315,1,49.423292,11.185826,1448.068,241.30785,0.62765497,0.00032043457,0.60559237,0.79866296,2695.4631
2b541dbd35c44f74b233f486c9fe7747.jpg,9,50.436426,19.690969,4,44.184237,0.029006,1630.7119,22.60448,0.66703284,0.020408332,0.6287258,0.8202609,1630.7119
2b54d8ce13bb4b2babbcae9e3628531f.jpg,3,62.57908,22.030513,3,62.552665,22.034549,2.9444869,2.22332,0.9043684,0.032690883,0.8832138,0.9889866,2.9444869
2b6819a569ca4509873858209f2355a5.jpg,2,38.298615,-5.950485,4,42.088504,8.710679,1312.6475,8.01155,0.68848693,0.0043332577,0.68497473,0.7489033,1319.191
2b95e67e3af44d9aae22494c177cc883.jpg,7,40.75062,17.646696,7,44.421204,10.457259,715.8209,0.6005476,0.70565933,0.0063367486,0.6688508,0.8687787,33.308727
2bc9d0357dc9453398263da6ec29fd5e.jpg,7,44.570464,10.906023,7,44.581672,10.910893,1.304604,1.304604,0.72067976,0.061956644,0.72592574,0.8079276,1183.3062
2bcb4f3aced947ec8d92c5b8a64ef1da.jpg,0,53.59576,30.370383,0,53.60858,30.387285,1.8099276,1.8099276,0.6980361,0.08352202,0.6919782,0.73330545,293.13028
2c043af82542433e8390aa3757b8c4dc.jpg,11,36.850482,30.839899,1,48.871313,11.090097,2081.312,451.84482,0.7268448,0.013904333,0.70219064,0.8258263,1408.302
2c3e8b2ff2e4488a968705d9a15f40b3.jpg,3,65.928897,24.619141,3,65.929477,24.620006,0.07548746,0.07548746,0.95871645,0.028284073,0.9494356,0.9958399,0.07548746
2c8d8363d3954ca2894aa54cdc83a990.jpg,1,49.501381,9.445238,1,53.782348,9.30698,476.1178,41.300304,0.7392084,0.07209742,0.6995563,0.89781666,476.1178
2c9d8ad1316249d68097da50547b902b.jpg,4,46.262355,-0.092799,0,53.464886,31.049135,2348.9934,20.578943,0.79288936,0.016742885,0.7818754,0.9114679,2240.7212
2cb3a78f35ef423b955c390ab31e914e.jpg,3,62.314962,22.883705,3,61.702628,23.151498,69.50785,24.907295,0.86206937,0.07302809,0.8413781,0.94483435,69.50785
2cc198bd70224a8081d4158f644efb12.jpg,2,41.207535,-6.270961,2,41.618922,-3.053264,272.18332,143.30121,0.65894806,0.0066560507,0.6761699,0.70826095,2799.303
2ce7bac5cf5a43ca9a718ebd871f5b4a.jpg,8,68.391602,16.641245,8,68.557179,17.222902,30.0356,6.8408837,0.77038985,0.017425716,0.75256664,0.8885,1010.60645
2cfb083af8a543aaaf4a522f37ee59b7.jpg,1,52.764029,12.059239,1,52.733323,12.065867,3.4433773,3.4433773,0.717734,0.020344317,0.69750786,0.8121615,421.91855
2d18fe69ec2241188d2a7469b613db29.jpg,9,52.234214,17.385475,1,53.078352,11.242991,424.66772,61.668354,0.7287277,0.0059753656,0.69245,0.8738384,424.66772
2d3b56b9ba144a3db7d8f12a49e0b172.jpg,11,39.863514,37.904151,11,39.861862,38.205294,25.703627,12.254224,0.77985394,0.05453652,0.76506394,0.8390138,25.703627
2d4d6203dc8b4283ae1640b70d040750.jpg,10,56.969489,18.183153,10,57.108945,18.325469,17.73665,2.9342353,0.827464,0.02260995,0.7966782,0.9506071,17.73665
2d63b309d7ab4b3bbb1fec0dc3ed4764.jpg,6,65.555067,-22.363214,6,65.640513,-22.537809,12.433997,2.8237793,0.8649311,0.0029232502,0.8397833,0.975745,24.664726
2d738efabd54430e86a378b3fbe813e4.jpg,9,52.69867,14.552196,9,52.642068,14.608754,7.3591094,7.3591094,0.81058985,0.1529749,0.78333616,0.9196046,7.3591094
2d8523c4fe7c4e92a80d4a205409942c.jpg,8,58.324959,6.286022,8,58.330126,6.265267,1.3410753,0.18497038,0.80990064,0.011757016,0.78973544,0.9273439,21.100058
2d97e3aab571403590f78abc48b9faff.jpg,8,61.921863,6.817851,1,53.077526,10.073367,1002.17773,332.91928,0.6271137,0.0032521486,0.6149873,0.7635791,972.8894
2d9bb618cb0a438b8c29377780587ee0.jpg,7,43.156989,11.752249,7,43.157811,11.753665,0.14678799,0.14678799,0.7943493,0.03529936,0.7785219,0.857659,0.14678799
2da64c659a464501b2f655c7a0eb4b10.jpg,0,52.395899,30.871754,0,53.093124,30.308757,86.294304,1.5969311,0.7670109,0.0017207861,0.73691547,0.9230602,146.83458
2db35f1eb4ab4312ae7e0af4d5dbb554.jpg,4,43.627323,-0.928263,4,43.630315,-0.931072,0.40224448,0.40224448,0.82999486,0.030291617,0.8048755,0.9304723,0.40224448
2db43b2012de4b2cacf1b1e9f58f4fb3.jpg,5,57.261736,-3.337841,5,57.264332,-3.333366,0.39463505,0.39463505,0.84518397,0.12773949,0.8265941,0.91954327,0.39463505
2dba988afc7a49f78ef5b48f3f22fe37.jpg,8,64.763175,14.039326,8,64.926022,14.208947,19.803259,19.803259,0.8024498,0.041908324,0.778796,0.8970649,19.803259
2e051688f9c9439d9228d26f1ea04ed7.jpg,6,65.614702,-24.220018,6,65.56855,-24.135673,6.4309254,0.3319176,0.74520874,0.004973769,0.71751034,0.86643696,0.3319176
2e173c6c06554bf1b04ee72469be9c13.jpg,3,68.357795,27.400849,3,68.355338,27.399412,0.27949047,0.077989556,0.91265965,0.0045440197,0.8932269,0.9903906,0.27949047
2e5301c1af7d40289762da4399e90ad5.jpg,3,62.542066,24.046607,3,62.5783,23.608721,22.796343,2.310843,0.9311318,0.0063264966,0.9180269,0.9857096,119.86967
2e5c8887e81e446281769eafc80d5e18.jpg,8,63.437116,11.726786,8,64.037841,10.057164,105.87336,2.0130181,0.7125766,0.009295523,0.7150991,0.83228797,95.83889
2e77a7b8ed7d473c8e3903c52c253132.jpg,5,57.54585,-4.518346,0,54.08566,28.687496,2087.9287,5.0602436,0.6264583,0.010251045,0.61208934,0.73795027,1695.073
2e837faa0282474d8844d00d08270e9e.jpg,1,52.83536,11.051674,9,53.138968,19.265042,550.5244,29.285053,0.7168197,0.01755321,0.69135284,0.8922117,644.79694
2e8ed9426b6c43e2966d83d69db74147.jpg,7,43.470124,13.571794,7,43.470744,13.569322,0.21106122,0.21106122,0.7708225,0.08792299,0.75504917,0.8395325,560.5755
2eb08b46de644edb87f91257d443f99e.jpg,4,49.696319,0.53088,1,53.819851,9.438115,764.6402,1.3520552,0.7742201,0.019629002,0.7766729,0.86448216,196.96562
2ed31edf91bf49d0b14e5cd75af7420a.jpg,0,53.5122,27.475016,0,53.613238,27.465405,11.252845,6.4058857,0.88912034,0.035465002,0.86978155,0.9664754,11.252845
2f492d3c394f4bdba55efa498d0ffba3.jpg,7,41.557847,14.116482,4,45.830071,5.640525,829.96594,82.76602,0.6448196,0.01752007,0.63198614,0.81421196,1556.4113
2f56d0e2f2544484852f3cd69d539e1c.jpg,8,68.096722,13.245256,8,68.129661,13.385885,6.8843412,5.727722,0.69584686,0.0041823387,0.66775215,0.8082255,6.8843412
2f5d84785e7b4d1286579bda36d1d847.jpg,10,62.964914,15.849462,10,63.04808,16.777316,47.732964,16.58494,0.9151784,0.04450202,0.902357,0.9733257,155.15837
2f65d1daac184b20b4c614eb3ec4f83b.jpg,10,59.939451,18.600144,10,58.754614,14.396253,272.24594,18.240698,0.8613258,0.014899552,0.8462597,0.95084786,49.745445
2f668b8b81264835b8d4f724987b3429.jpg,2,39.440062,-0.337933,2,39.435352,-0.339188,0.5347034,0.37588152,0.83779365,0.01257211,0.82400215,0.9132296,2411.8694
2fae193bbc9143f1adbd2de5cf4192dd.jpg,2,41.943851,3.12434,2,41.933008,2.843993,23.219923,0.37882346,0.74459046,0.030979991,0.73140067,0.80767614,21.50575
2fbaaf8ea3524184b7eb9f064c49ae93.jpg,9,53.367162,20.778366,0,52.755659,29.398282,579.65173,9.370853,0.71841776,0.026518166,0.7083235,0.81628895,271.23337
2fdd919955204f36b5397de27e55a472.jpg,11,39.713357,27.801312,11,39.329365,27.62046,45.428574,45.428574,0.74783146,0.040026307,0.72319436,0.8516476,1297.3988
2fe39d89b88349668fc91ac3afdcd178.jpg,10,64.933543,15.701501,10,64.929175,15.675046,1.3376863,1.3376863,0.81594604,0.0038669705,0.79140246,0.9141203,1.3376863
30092c4a43624e4a937284aac03e4e95.jpg,3,61.831539,29.732559,3,61.892303,29.797767,7.572659,0.38567507,0.8942904,0.00737983,0.87883145,0.9648373,28.373856
30106d06de604b748d96012000125dd5.jpg,5,56.519081,-5.851202,5,56.589019,-6.165753,20.78682,4.9620113,0.79428506,0.0029948354,0.75564176,0.96711254,264.1005
3041706ed43c482b898233a0f7cb4c6a.jpg,4,45.761142,-1.228955,8,58.0523,7.657863,1493.5571,125.00111,0.65816635,0.001200974,0.67212355,0.76262444,2008.157
30466f2f878e49eda3f5d7707c661010.jpg,4,48.802334,6.025052,4,48.797528,6.017837,0.7515622,0.7515622,0.8733458,0.16249186,0.8605784,0.9244152,0.7515622
304b5f281e1a44b2a2328e23de1a0c9b.jpg,10,57.488121,18.514754,9,50.394373,18.682511,788.86566,331.64166,0.6658247,0.0058790445,0.670236,0.7724045,817.7767
304d701c498b4117ba51a93f5d388f1e.jpg,8,59.981387,6.566081,8,59.982818,6.565605,0.16130823,0.16130823,0.7821214,0.0004454255,0.7456237,0.9281124,0.16130823
3052d79946f84e80bd0a86aafd505a97.jpg,1,50.321171,6.621669,7,44.56235,10.22753,695.1942,528.03375,0.6601063,0.00425148,0.6341599,0.81244373,695.15826
3078131983cd44f6b1e354aab7acc991.jpg,3,64.704692,25.572879,3,64.558399,25.681527,17.07068,5.6572104,0.9493685,0.002283156,0.9393009,0.9896387,17.07068
30c88a74dba94a90a4fe5edd5c87da1d.jpg,9,52.336978,19.357841,9,51.460447,16.121583,242.47107,31.351665,0.672187,0.0032720566,0.6579306,0.81412375,494.25772
311ad03d436548209bf119219fa475cd.jpg,4,43.838792,-1.177892,4,43.847305,-1.172178,1.0516913,1.0516913,0.86355937,0.032133937,0.85044503,0.9313109,65.44313
312b3a5711f34c858a38c98e5c88a638.jpg,11,38.216006,34.01376,11,38.190828,34.047163,4.0443964,4.0443964,0.7933613,0.036542118,0.7798742,0.84730947,4.0443964
312cc70ae223405e8be6652898fb97c6.jpg,9,54.007672,19.974641,8,63.976028,10.208195,1238.4264,119.46619,0.5989028,0.0063222647,0.57343423,0.81307286,302.10706
3164a981332644cba01457a90ec3f99a.jpg,4,49.115878,1.867653,0,55.083097,30.634929,2056.7126,161.26608,0.73479235,0.0059003234,0.69996214,0.874113,2056.7126
3175ed696f5146fdbac2ac1ac68221ba.jpg,8,60.165344,9.711928,8,60.165479,9.711237,0.041067448,0.041067448,0.8432978,0.062270343,0.816615,0.95002884,0.041067448
318492400fd74ec5ba2883b37627574f.jpg,0,52.304898,23.661191,0,52.529622,24.581232,67.212906,38.765923,0.8558991,0.029273808,0.83888495,0.9239558,67.212906
31d1c34bae9244d9996bd011e5a35778.jpg,3,68.744079,27.450711,3,68.559403,27.503438,20.64568,16.939009,0.78363234,0.010740757,0.75395095,0.91075903,26.188473
31eef712fa134fa6bf70e3c97f95a85a.jpg,11,39.657087,34.545756,3,68.15734,25.762579,3213.6501,13.739511,0.7312708,0.0096462965,0.72244674,0.832774,193.5173
31fb16d950bb420587c52c3e4bdffa28.jpg,9,49.98295,21.479,9,49.979629,22.021666,38.80372,9.984163,0.6990752,0.022645593,0.6838964,0.81572634,51.41114
3228c7d266af459abeb6c29186a8f3e5.jpg,7,45.632604,11.001466,9,50.008248,21.076695,894.71765,40.36744,0.6614331,0.021999717,0.64107645,0.8335539,593.9501
3246219b9bb74bd7807da370afce0eea.jpg,10,63.488399,12.488396,10,63.49659,12.470929,1.2573737,1.0787283,0.9046256,0.01632011,0.89790523,0.94451594,105.27271
32840df2f5d9410a88604e596bc40624.jpg,0,52.992978,27.272908,0,52.979181,26.881763,26.228294,1.4824799,0.83838344,0.03531176,0.8114761,0.9548021,1.4824799
328863523e434191b8bc9d2dba9e86d5.jpg,4,45.332094,-0.249805,4,44.094448,-1.318053,161.44203,27.552046,0.7172126,0.020433486,0.71152914,0.79706824,730.96625
32a8bc6160bc4cb6a58a8b012f30938a.jpg,9,54.777025,18.237397,9,54.778922,18.236675,0.21595922,0.21595922,0.8426456,0.07385725,0.8451525,0.8905448,966.5747
32ae689a4c90437b897cc36475034f46.jpg,6,64.620365,-22.051724,6,64.847656,-22.667702,38.644455,0.7432868,0.88291794,0.017391086,0.8682562,0.9539682,43.735966
32bf8d193d0a4da6bb0184561e31584a.jpg,2,43.352743,-3.930528,4,49.198823,-0.29326,707.4003,41.605637,0.70157593,0.019612372,0.6885389,0.7654755,579.7199
32c5c34c55b34a029670fe3605cabdf4.jpg,6,65.759239,-23.871757,6,65.752018,-23.856479,1.0636483,0.5347483,0.8686104,0.016032219,0.8404639,0.9811964,1.0636483
32d080b4d96e4880912f76d509a59783.jpg,4,48.33665,-4.753852,2,41.449719,1.785866,922.1754,4.3818703,0.7082556,0.016886115,0.6817474,0.85823363,923.1543
32d3d2538de042bca4a79a9c559692ce.jpg,9,51.745468,20.852306,4,43.622517,-0.923664,1853.3801,502.07587,0.805896,0.010279834,0.7763258,0.92417645,1853.3801
32dff61c4fd64aa3a80024730ad5a669.jpg,4,48.029955,-4.612747,4,48.30188,-4.151144,45.675465,4.065003,0.8177158,0.009395182,0.78211635,0.962497,162.06836
32fbe0ee6b06412d9f8bea9a0b07a0f3.jpg,9,52.315758,20.87587,1,48.974176,8.081471,973.99036,64.63458,0.7297437,0.025407016,0.714836,0.8206128,1314.666
3310920417de4cffa989495e8a26777b.jpg,3,62.745181,28.729103,0,53.513809,31.201687,1036.5033,25.591688,0.72286963,0.0018329024,0.71659267,0.85449725,127.01209
3317738ae20a4dada700a238245ee291.jpg,8,60.167333,9.699319,8,60.172467,9.675134,1.4544343,0.37275657,0.8306731,0.085704684,0.80223835,0.9444119,1.4544343
3331eb1c4eab4e79b50df30b984e53c6.jpg,4,47.55493,3.407495,5,52.330688,1.340647,551.1913,3.6176846,0.783964,0.004069984,0.80425954,0.890416,211.8319
335e729828f54d4cbf6e35ae04ffb346.jpg,10,67.83499,20.705882,10,67.839996,20.691851,0.81009024,0.81009024,0.924001,0.012740374,0.9148345,0.96410286,49.905563
339631c348484d239a48a9d616f4f90c.jpg,3,60.611929,24.856437,3,61.181278,25.629373,75.86404,30.272263,0.6903619,0.02033031,0.6785621,0.8548523,331.33282
33af968b86de4ac98b3746acf64c4722.jpg,8,64.721576,14.039206,10,64.917548,15.505597,72.71517,17.569305,0.7947004,0.0032161474,0.7715903,0.9128672,56.886864
33b825901b4c423abedf590f66a837df.jpg,7,45.931441,11.022275,7,40.764531,17.29263,765.7708,35.225338,0.67601913,0.054253638,0.655448,0.805567,93.90744
33d57a7a9c414dc687780f87b58e2ac1.jpg,1,51.796118,13.755521,1,51.620887,14.184331,35.392746,16.609245,0.7654179,0.027243018,0.73810923,0.9252905,65.93469
33e642bf4b434a16aaf1c761ebbe92a4.jpg,10,64.564866,20.899368,10,65.188021,18.230342,143.78485,1.1823272,0.8600011,0.001347065,0.85205376,0.9156287,4.8760877
33f498504e8a4785b5dfb80a81cd1fc9.jpg,7,37.173314,14.34317,7,37.163704,14.334031,1.3407528,1.3407528,0.59778464,0.0141836405,0.57733256,0.7908906,863.16315
34208c8135ba46e6acc1a811311b03c8.jpg,8,60.264766,9.686488,8,61.865239,6.269287,255.80602,10.282334,0.6478719,0.0035355687,0.61122537,0.79445803,255.80602
34261b81ed254991951fe177f398bbb2.jpg,11,39.993389,38.644208,11,39.99297,38.644729,0.06434739,0.06434739,0.9273266,0.14798826,0.91358274,0.9823022,0.06434739
343a2dbeaf5f4c25bc12ac8a2d42f089.jpg,10,55.561861,14.259054,11,37.715281,30.255341,2317.643,46.239784,0.6707479,0.011877358,0.6569255,0.76327354,402.60532
34516d071f6945aba424ec7abed64377.jpg,9,53.602058,21.045088,9,53.600136,21.043647,0.23391362,0.23391362,0.8275233,0.11017054,0.8008739,0.934121,0.23391362
345dc05a2ad64ae385484e71c06977bf.jpg,1,53.192195,7.7251,1,53.291017,7.742422,11.048811,2.1171615,0.7545281,0.013705313,0.72182405,0.90696526,229.75864
3493c5da33ae40a8b4c6cbab032d254e.jpg,7,44.955409,7.202041,11,40.148921,25.929809,1620.0205,224.99876,0.80800605,0.040306807,0.7792513,0.92740285,1620.323
34988e1e49fe4ab292b8c193b058c73d.jpg,11,37.352663,41.350078,2,36.849531,-4.130738,3993.8657,288.9726,0.5950271,0.006376505,0.5500208,0.8600786,2313.4563
34c3203040c44de0beafb66049c0d897.jpg,7,42.73541,12.474057,6,65.590633,-17.16039,3129.1826,780.778,0.73962414,0.000108003616,0.7336688,0.8273455,3121.7397
35212a9371dd4852a90444bec9a81628.jpg,1,50.468647,6.581185,4,48.067272,-4.568772,850.957,11.696998,0.74868894,0.00806278,0.76425934,0.82892436,439.2391
35378896d9de45239801d1767bfec244.jpg,3,65.831182,25.321981,3,65.759223,25.293917,8.103131,8.103131,0.8215172,0.07546711,0.7969407,0.91982335,8.103131
354991772318434d9109e8a3d46441a4.jpg,1,51.854688,14.489142,1,51.536783,13.971422,50.227676,24.17194,0.7100305,0.0013656616,0.6836845,0.81541425,50.227676
354b79e6aea445a5a2ec782b03fa3398.jpg,6,63.819032,-22.530084,6,63.831391,-22.504548,1.8594109,1.2958193,0.8757173,0.012282491,0.8524254,0.9822943,2.3553283
3570526b673f4e62aa88359f4233c67d.jpg,8,61.388137,8.810814,10,65.585511,19.426047,702.2977,0.14038257,0.67739475,0.00052940845,0.63639987,0.89950925,818.6727
3593f0fca9694b28ac1e2f76acc93a0b.jpg,8,62.493369,7.673348,7,44.304192,7.153658,2022.8245,13.305118,0.6442499,0.01004535,0.61365104,0.83658385,209.65244
35bd4f50eb7d48ee928ba76bd8c09070.jpg,10,67.297081,19.055061,3,67.491003,27.976054,381.583,42.9293,0.78356737,0.0034487844,0.764518,0.9344598,1169.2222
35d10d1ae63f4f53a5c5141e0baf238d.jpg,7,44.599519,7.760909,4,45.672626,0.006687,619.56976,131.57474,0.67677706,0.00048309565,0.6583711,0.83624566,704.7627
366f02a65128453eb67bea2d60aa703e.jpg,10,56.959525,18.303218,10,56.958665,18.303057,0.09612464,0.09612464,0.7676785,0.03510785,0.74376833,0.87778664,0.4017128
36a0233992ef4e59b56b9dda98d8eb57.jpg,11,36.128457,36.160608,11,36.085495,36.152501,4.832361,4.6609464,0.70168823,0.017136455,0.69243765,0.8046001,375.6758
36babaffd34940dda7b0af7e5552b8f1.jpg,11,37.064461,30.616619,11,39.932911,33.831631,424.21313,200.50807,0.72716033,0.018493474,0.73046565,0.8788631,1829.8043
36bd7d6cda984697a068c33801dc5468.jpg,3,67.514844,27.947852,3,67.553512,27.904687,4.674547,0.37893072,0.7616813,0.0103189945,0.74475867,0.8995185,2.9099245
36c0fc647bed458eb2b1b0d165e8b440.jpg,0,55.453307,28.6804,0,55.450088,28.672523,0.612245,0.612245,0.84871954,0.088366866,0.8452091,0.8627612,0.612245
36ed67cacf5b4a149b7bc6e663201037.jpg,10,64.271487,15.776878,7,40.546533,16.485082,2638.497,95.201035,0.7317941,0.056352973,0.70664257,0.8324002,2638.497
36f2364f4877413ab3b01f2acae2de50.jpg,10,56.303683,12.767631,10,56.276972,12.832465,4.9829464,4.9829464,0.7161745,0.044440866,0.70685595,0.8434559,937.5787
3703c76c2deb400f85ae3af069dff5bb.jpg,3,63.698793,25.909176,3,63.536019,25.748219,19.769884,6.0077,0.93607104,0.0015659928,0.9241262,0.99074674,81.18353
371214f4a03f46a4bf094ffa12e87fde.jpg,7,43.581867,13.495568,7,43.578869,13.498627,0.41454297,0.41454297,0.77637464,0.06593472,0.76472914,0.8239393,403.6994
37378834d7c345dd97578155494b497d.jpg,3,65.679861,29.114293,3,65.677299,29.109101,0.37107167,0.37107167,0.96751255,0.0013112426,0.9637035,0.9905888,5.3655214
378a25819ac947d59e9632c6bf14c645.jpg,11,38.469104,42.471028,11,38.468944,42.465505,0.48115912,0.48115912,0.7908999,0.1171149,0.8257425,0.7569057,2119.3892
3791c47919254c5bb2d6c1643d9c971b.jpg,6,65.797196,-19.938254,6,65.794127,-19.93966,0.34722528,0.34722528,0.91594774,0.028953135,0.90408695,0.9825224,230.21402
379bae1dd87b456b9b071562379eebbd.jpg,7,44.130405,8.112189,7,44.095861,8.127171,4.0230374,4.0230374,0.7527062,0.10906035,0.7396444,0.80495363,4.0230374
37c03c416c774c8f8d2a6c4110033686.jpg,10,57.057636,12.499418,10,57.069847,12.509087,1.4782904,1.4782904,0.62045485,0.0044484735,0.5990627,0.7101832,717.6954
3833ac7976ca44dfb707c8d90b1cc518.jpg,7,40.673487,15.974114,11,37.058975,35.77008,1756.2811,27.228477,0.73301744,0.03118956,0.72295105,0.85964096,1316.512
385cf2346fda417291a62b976ce26dd8.jpg,11,39.567235,39.977494,11,39.56763,39.976372,0.105729856,0.105729856,0.93623173,0.068927646,0.92573035,0.9782371,0.105729856
387cce3346014fa3847be536fc30e984.jpg,3,63.782579,29.408017,3,63.835635,29.464602,6.520495,0.46332598,0.88694113,0.026903152,0.8722723,0.96571064,0.46332598
388a0c4fd4194ce5a74dfc132d21a2ba.jpg,10,57.561072,18.709824,10,65.188021,18.230342,848.45746,19.176132,0.87483495,0.0067479014,0.8583037,0.95426816,781.61646
392b7a2b4b094fd3ad2681d86ddc4535.jpg,10,66.243222,17.219657,10,66.382257,16.968025,19.114613,16.0484,0.84017974,0.09691471,0.81419075,0.9441358,19.114613
393668af144c4981a32306520284311f.jpg,4,48.554634,-4.678858,4,48.464208,-4.51439,15.744621,0.7967854,0.8630819,0.030986488,0.84495735,0.9505191,12.733654
395e02953e844e9eaab2bfdb2e49dc92.jpg,10,62.200191,17.495495,10,62.162712,17.498828,4.1710677,0.6032978,0.6997916,0.021883368,0.6991982,0.76911587,2049.086
396eb45470764a38b02165f070a8aa01.jpg,8,62.470561,6.190151,8,62.470735,6.186424,0.1925227,0.021343587,0.8709597,0.053674042,0.85318035,0.94207704,0.1925227
3975add91b1c409297b24fd3406a87e0.jpg,10,58.861992,17.82772,7,43.386873,11.308793,1777.85,455.6248,0.66505563,0.032799482,0.6569254,0.77281475,1734.3177
399b1a65216c4836a5fdde577255ba4b.jpg,5,57.764542,-5.131661,5,58.504177,-4.509209,89.994606,7.60991,0.8201104,0.04234594,0.7845598,0.9678595,314.5945
39a2919946f0482fa52131693dc24178.jpg,2,39.572638,3.108003,11,38.657967,36.077699,2830.25,11.744786,0.7105335,0.00921762,0.7030001,0.86213505,451.6413
39cdc7ffa3584c5fb13a2be15ceb1e90.jpg,4,47.534837,1.307801,1,52.116332,8.205522,709.57965,230.69464,0.6312004,0.0007118583,0.635192,0.7648084,1407.9279
39f5f86da7794cbaa772b96b78d38bc4.jpg,4,48.477796,-4.564584,4,48.47549,-4.579769,1.1483414,0.5146504,0.81361574,0.029011607,0.7925621,0.9073629,51.221195
39f684ca02f54c88a5fdb26c65a741e5.jpg,11,40.929043,35.15657,11,40.928778,35.15705,0.049943976,0.049943976,0.9543508,0.15667671,0.9465008,0.98575073,0.049943976
39f9314a58fd42e09d20a4642ece1a83.jpg,0,52.37157,25.591842,0,52.368024,25.59693,0.5242082,0.5242082,0.78827405,0.017226696,0.76331615,0.88810563,0.5242082
3a3a6178de184ad889e43bc5ab85b878.jpg,3,63.069429,29.835529,3,63.057436,29.80908,1.885038,0.90479326,0.7243649,0.06124723,0.6854283,0.880111,1.885038
3a6457a32fd14cda8d2e808db68c4170.jpg,11,38.271105,40.949906,11,38.270758,40.9521,0.19538015,0.057260074,0.83049655,0.010589838,0.8193485,0.87508845,0.19538015
3a66c2ae60c144ef83cb8ca8fab2cdec.jpg,10,66.998655,19.844396,10,67.102348,20.45276,28.786762,0.26513287,0.87499136,0.010273516,0.850809,0.97994864,35.605812
3a6783be6f994b2c95f40226c561fc81.jpg,10,58.706896,13.896556,10,60.814739,13.429015,235.83795,29.324942,0.77840894,0.0071920753,0.75122887,0.91697633,672.0192
3a9e667c2bf94fbe8bd49983235b0447.jpg,2,38.394037,-4.295581,7,37.82692,15.133666,1697.9082,31.754898,0.7102375,0.050290942,0.68598056,0.82905793,317.22458
3aaa7e9874cc489ea3ab48734b0e8dd1.jpg,4,47.882254,-1.584929,1,51.465042,13.180692,1132.3079,272.69788,0.7190505,0.0043510795,0.7028832,0.7872561,1434.3776
3af9c580bade442ca099d2d16268119c.jpg,8,60.083692,9.844815,8,60.165479,9.711237,11.723736,3.9393892,0.78530234,0.02393496,0.7545602,0.9268328,263.8602
3b1862f36662422482cbd8c66e554ddc.jpg,5,50.424598,-4.668645,3,63.17401,28.478785,2422.828,25.214893,0.83039314,0.059698045,0.8281001,0.8395653,2422.828
3b1d0f89f0614768881a4e3f080a66b1.jpg,0,52.488209,24.926014,11,37.224303,39.85981,2056.6484,17.087118,0.7740487,0.016400933,0.76065403,0.82762724,2056.6484
3b47be466aec460cb736aa413dd6d047.jpg,7,40.893911,9.068735,2,40.419082,-6.125988,1281.2399,0.2685099,0.7162402,0.0059604645,0.6960645,0.8793611,11.804668
3b52a150216b41f5b36ad2b68b67831d.jpg,2,43.727791,-7.72416,1,53.211736,9.550637,1645.999,2.0588806,0.7059455,0.01913327,0.6677445,0.8587494,1645.999
3b9be1c9e6b94ad7a704375b6666fa27.jpg,5,57.81025,-5.05747,5,57.013502,-3.374299,134.19577,1.4070799,0.74005896,0.0067201257,0.7074616,0.8839507,214.77444
3ba41cf360b1450b9a27d6d5c4a09c99.jpg,10,58.265134,13.471541,10,56.946506,18.154203,315.0469,11.1160965,0.65315616,0.0019096136,0.6248738,0.7996874,1008.2729
3baae3c6aa5e485b8fe487db4c19abf4.jpg,6,65.554549,-22.3615,6,65.560905,-22.429463,3.2058449,2.858813,0.82227665,0.0025448203,0.7931601,0.9568986,25.149729
3bdebd5497c643eca37886b498dfa867.jpg,8,58.390813,6.084916,8,58.330126,6.265267,12.498173,1.5752201,0.8104044,0.014850199,0.7814399,0.9262624,12.498173
3bf0fa4b9b2145469b2ae44a318a8892.jpg,1,52.491966,14.119879,1,52.638381,12.471269,112.61149,10.103397,0.74024564,0.08610296,0.70992386,0.8615326,112.61149
3c0cdac56818430491c5955d07e68171.jpg,5,50.708478,-4.626996,5,50.306187,-4.851407,47.464386,5.3869495,0.6433459,0.0019773245,0.6013285,0.8114154,47.464386
3c1ab940b79c4d54bf33600cfd4bea66.jpg,9,49.958614,22.179809,9,49.966726,22.051367,9.231667,9.231667,0.7503599,0.0011597872,0.7397391,0.8662989,1531.4523
3c21f673a4974ad09e0c05ab954222cc.jpg,11,41.41228,31.905386,11,41.443647,31.83006,7.1836796,6.924911,0.76249504,0.01458478,0.7596934,0.83256996,1569.16
3c6796b7bcaf40d1b49e4d90d1d7697b.jpg,3,68.363535,27.391015,3,68.385087,27.409191,2.5095625,0.8298167,0.9217062,0.01565373,0.90406656,0.99226475,2.5095625
3c6fd1e5d5844233a5d86f562fd3d00d.jpg,11,38.350516,27.149765,0,54.559428,30.454213,1819.5281,53.858646,0.7324029,0.007124543,0.75748056,0.7790797,1123.0035
3ca1d39aba1441f58a3273679243c097.jpg,11,39.204046,30.715234,8,69.689694,18.861018,3461.213,0.032170646,0.64607555,0.02893585,0.6202433,0.85235286,2443.9954
3cabc0e3ed834ec8a4ba7b21512a9f76.jpg,4,46.829263,0.560205,4,46.388097,3.885522,258.68826,45.532364,0.84575677,0.08266127,0.84124297,0.8882642,933.2782
3cf5356c050a43d7bc22bbb75915e75a.jpg,8,66.805512,15.426712,1,50.920036,7.926111,1815.1799,81.96526,0.67282706,0.020261288,0.6610391,0.81232035,2257.868
3d0fd437fe1e4b809e2c3868a833e6b4.jpg,4,49.530902,4.421843,6,63.970189,-18.739441,2113.9297,241.3298,0.7615771,0.034309864,0.7583839,0.84910035,3136.038
3d5a374f842149f99ec74f33873a4a3d.jpg,1,52.732333,12.287436,1,52.023061,13.612706,119.63187,11.043045,0.77472794,0.006243944,0.744176,0.8969358,119.63187
3d829afbd0f0487c86f663fbdebb2f18.jpg,5,52.328031,-0.710231,5,56.516485,-5.936348,575.1683,10.04549,0.6861906,0.015822887,0.6695859,0.75260925,575.1683
3da3d648f59146ee8709eabf88a1998b.jpg,5,55.951012,-2.497866,5,57.139504,-2.795045,133.40376,14.615287,0.712651,0.007566452,0.6810119,0.86364174,85.155464
3da883761ea84b689581ad095b916dd0.jpg,5,50.341204,-4.239431,5,50.635871,-4.501733,37.655407,19.610596,0.75811887,0.05877596,0.7156769,0.9539416,39.645992
3dccef4404564f6a972ab0873edca83e.jpg,10,59.836135,14.256936,10,60.569152,12.690098,118.90299,46.323273,0.69561285,0.0022226572,0.66863513,0.829468,344.36627
3dfa28f1e3384509bb172bde9c27e141.jpg,5,58.537429,-3.117629,5,58.556016,-3.087444,2.7090526,0.8728547,0.7194721,0.0125492215,0.7242768,0.7589097,1168.8136
3dffb8fdb0e04a49bc7fffd029d52133.jpg,5,59.082222,-3.321316,5,59.092966,-3.320566,1.1954479,0.14008783,0.90945196,0.0059236884,0.8920893,0.9789026,1.1954479
3e09599b48284905973fa19872d8b37b.jpg,0,53.072627,29.964033,0,52.707747,30.798691,69.14944,1.6331062,0.9074336,0.01815641,0.8890997,0.9807689,69.14944
3e22feff3ed5493c82c23bd0a2d8849a.jpg,11,40.182693,38.079849,11,40.18315,38.079731,0.05179526,0.05179526,0.9185937,0.01433605,0.9036294,0.97845083,0.05179526
3e4f644351d84b35aefc3e0fdd55083a.jpg,6,63.98095,-16.408107,6,63.990751,-16.391287,1.3640411,0.02559914,0.8800507,0.021666765,0.8600918,0.9598862,1.3640411
3e6212855f374f15ba1149ef6a0095b1.jpg,7,41.857191,12.376878,2,36.772698,-6.04207,1678.3291,2.1593323,0.7301973,0.010203958,0.73368204,0.7935983,1074.3473
3e82fdae98cd44238aff74385eff6757.jpg,8,59.753115,9.878688,8,59.63238,9.640728,18.934826,18.934826,0.73229945,0.043139875,0.7323904,0.8555101,2419.7952
3ea0eda9be824a9680a449b3d7e01794.jpg,9,50.754494,20.284491,9,50.670538,20.29991,9.398409,7.5454297,0.7614678,0.067085266,0.7513894,0.8286707,502.28998
3eca4ca1885f4c3fad210c6022434c92.jpg,0,54.594797,27.894512,0,54.632554,27.931983,4.8423324,0.2800021,0.85429776,0.06432855,0.8458629,0.8914127,27.214151
3f7d05c114de4823bac28c00802c78b4.jpg,11,36.944458,33.271389,11,36.935248,33.27189,1.0250742,0.47565818,0.8021789,0.05116278,0.7772424,0.90192485,1.0250742
3f95fce35e28442ca8da860c79af760c.jpg,8,58.075173,7.762058,8,59.586895,5.299061,219.85323,2.953859,0.6977016,0.02225852,0.65466464,0.87673783,241.0974
3f9a72628b3b42f488690b0f9f2ac970.jpg,0,53.549295,30.34094,0,53.931219,30.469006,43.29517,5.8858767,0.7826651,0.0069923997,0.75863993,0.90130675,54.005028
3fa130f47d6a4a9fb83b049183ce746a.jpg,1,48.862527,8.364491,1,50.613346,10.327426,240.39775,78.3392,0.6555502,0.0018275976,0.62312907,0.7852346,240.39775
3fa5e191030840e7bd7cea6c63b2c9cb.jpg,6,65.689603,-23.192717,6,65.610774,-23.209587,8.799453,0.9968717,0.8815906,0.0035440326,0.858906,0.98420715,44.77031
3faafd47db8f40b5a6b32797495c9e11.jpg,4,48.414704,-4.791487,4,48.554479,-4.656976,18.43491,3.8605428,0.85557383,0.028173983,0.8406192,0.932565,27.700323
3fdb7e42c3744e0dbc0024374da84ed7.jpg,11,40.442594,36.11413,11,40.928778,35.15705,97.133484,9.076553,0.79973686,0.008442998,0.77541494,0.89842546,15.387516
3fe1a472578e43c5b33b4954ac53dd6b.jpg,6,65.615748,-22.514635,6,66.17751,-23.443202,75.36347,2.9519198,0.9158954,0.0037803054,0.8984911,0.9901147,11.843048
400c59850f884ae4a4a9dfb7582e721c.jpg,5,57.080644,-3.984903,8,58.68264,8.99526,786.42224,10.522759,0.70382,0.006644249,0.6833873,0.79826987,807.29156
401da4fcb3494c09bf05d4cbebfe29e0.jpg,7,43.890694,10.476425,1,53.264812,14.34853,1080.1633,189.07127,0.6901225,0.0068750978,0.67644715,0.86040676,687.8078
405b39164f4c42398d6a3a4523f67996.jpg,6,63.441663,-18.753071,6,63.454804,-18.641392,5.740092,0.1517089,0.8321753,0.019672573,0.8092743,0.92377925,5.740092
4070aebd91a34015aa84bf4a0c90e65e.jpg,3,61.549304,24.068956,1,48.648046,13.410859,1582.0587,67.90336,0.7604427,0.011087716,0.73668206,0.85548526,1582.0587
408980c5215647b2b01e2f0f61f2f111.jpg,3,61.307578,27.466825,5,57.557255,-3.001561,1755.1428,5.389978,0.7165953,0.02976352,0.7054703,0.8321223,589.58624
4098e543eb954a13afe30c5af88511c0.jpg,7,40.823563,14.380019,2,37.494225,-2.772559,1521.7828,0.0330851,0.68046004,0.008154392,0.6980121,0.7498895,1469.7108
40afb9ebb6e8408fa8d7445650abad05.jpg,10,57.560439,18.4111,10,57.580503,18.377275,3.0075946,0.74744487,0.9014097,0.016421974,0.89085776,0.9436171,3.0075946
40e103705eb048a2bbacbd76bff987ba.jpg,3,63.614558,27.677383,3,63.445952,25.643092,102.54808,0.3905429,0.8597268,0.007904768,0.83731616,0.9673158,103.49207
40f95bb1faf74f21a2938309ed68fec0.jpg,6,63.569448,-19.863883,6,63.569645,-19.864772,0.04915162,0.04915162,0.9741986,0.2254461,0.96940374,0.99337775,0.04915162
41037cbc2e1e487a87b64fee6c925353.jpg,11,37.974936,27.391974,11,38.006812,27.430457,4.892476,4.892476,0.82246697,0.074876785,0.79842496,0.91863465,4.892476
410c9aafc549465fa4ad37367b4937f0.jpg,6,63.646161,-18.419536,6,63.644176,-18.420903,0.23080662,0.23080662,0.96440315,0.05283755,0.9580176,0.98994505,0.23080662
411fcd21ccc2462eb73855394a531f88.jpg,10,60.177804,16.285333,10,61.159412,15.129742,125.994774,50.049973,0.7116868,0.00094109774,0.7042217,0.8185729,376.59985
413609e69ff44aa7a2cd7f1c27cb7aab.jpg,8,69.376497,24.057266,8,69.377999,24.059308,0.18517505,0.18517505,0.9038035,0.03706467,0.8948673,0.9395484,0.18517505
413780a22f164cdc90e1fbba35cedcba.jpg,11,39.352844,30.038543,11,39.292443,29.972252,8.810502,8.810502,0.758623,0.020989537,0.74101186,0.8940091,118.814674
41dd3354c8b443c2bcb4cabd9fffc5fd.jpg,5,51.962081,1.196913,5,51.965122,1.209108,0.9013615,0.9013615,0.88689816,0.10366714,0.8762573,0.92946136,0.9013615
41e95c6a6c464c6991ef6df514ff6dd3.jpg,8,61.960859,13.008505,8,61.936309,13.012515,2.7378807,0.38935834,0.8855017,0.06423396,0.8652202,0.96662754,2.7378807
41f4cea541284428b49541d9cc87be3b.jpg,2,39.742311,3.168865,2,39.747495,3.165364,0.6495188,0.6495188,0.7185049,0.1060245,0.70052576,0.7904215,0.6495188
424c8fbbc91643f2a875750a7e39224e.jpg,8,64.046687,10.041601,11,40.875985,26.518914,2788.321,15.105703,0.67414093,0.010169804,0.66735756,0.8054521,2943.5654
4254750a27f9426a93657b6fa58ddf9f.jpg,0,54.493287,30.028954,0,52.979181,26.881763,266.77744,9.239888,0.8970107,0.0020610094,0.8827584,0.9606253,350.91254
425822929d7e4e85bdfe1253d93e172c.jpg,6,64.938218,-14.093906,6,64.946968,-14.115853,1.4194778,1.016027,0.93066204,0.014872909,0.91501653,0.99324405,1.4194778
427b835e348f4a999767b79c5f0002a0.jpg,10,63.267603,15.568664,10,64.10472,20.746451,271.57132,9.987925,0.7558024,0.0014859438,0.72308594,0.8866684,271.57132
429c3d387f3a4916851da4e9c2ce1f40.jpg,4,47.971248,2.78064,9,52.165458,23.394654,1537.3125,109.858795,0.6743041,0.02273351,0.6506252,0.8263471,784.2055
42b3869a8b2a48119eea1f9ff46f5799.jpg,11,38.032097,32.642387,7,40.825782,9.322049,2020.7385,13.351615,0.76830333,0.008042216,0.76179695,0.8815252,229.73492
42c3d8347d6c4ee5afc2edc256d530d5.jpg,2,38.322666,-6.137035,11,38.270758,40.9521,4063.172,24.514254,0.78910214,0.046448886,0.81724596,0.86461216,472.7738
42e208faa2e24de294da60f83b82cef4.jpg,7,44.741579,10.914752,7,44.446661,8.076016,227.14365,0.9582689,0.686494,0.0054428577,0.66037464,0.79097134,227.14365
42ea7726ae2a4e98a055115622c9cd31.jpg,8,58.448562,6.005886,8,58.448024,6.005754,0.060313966,0.051626023,0.87140656,0.031675577,0.8551575,0.9441438,3.7157366
42f3b1ba3a694395ae2a5a24e9f079df.jpg,6,63.951738,-16.843062,6,63.952233,-16.844779,0.100291856,0.100291856,0.9334221,0.052155256,0.92144024,0.98134923,0.100291856
430ccc2a578947ea991458bbb24be358.jpg,9,54.120034,22.86413,11,38.657967,36.077699,1988.4042,6.5040784,0.7051687,0.038958967,0.69192296,0.75815165,1988.4042
431545cf2af443428e2282ad692fa240.jpg,0,54.934577,26.909147,3,68.018824,26.945526,1454.9052,612.83093,0.737197,0.0018369555,0.7253812,0.9261689,862.67993
4338bf56a3c242009b3c4dde9c9711d3.jpg,1,50.725329,10.000431,1,50.613346,10.327426,26.193861,5.4831915,0.67739767,0.0015336275,0.6592402,0.8028412,45.88547
4339c72539124e16a77594a163e6b131.jpg,6,65.561614,-23.18269,6,65.584005,-23.149637,2.9170184,0.89011717,0.92796123,0.0019976497,0.91574484,0.98822105,20.410456
438137ce4aee4cf8ad4711f770860a90.jpg,5,51.751362,-4.571168,9,51.324173,22.48517,1861.1499,168.857,0.5801787,0.004059851,0.53870624,0.7460683,1861.1499
4414e76fa52a49e799b90b7d0bdd6f7b.jpg,7,45.570605,8.328793,9,52.046645,21.271491,1187.4363,76.49831,0.7178404,0.062126458,0.70486414,0.8372772,1722.8412
4421531570f14623929fc300778ad13d.jpg,9,54.212391,17.48138,9,54.233978,17.47706,2.4167407,2.4167407,0.74448645,0.035879314,0.7114823,0.876503,2.4167407
445f333180fc41c08f03478733b2d0c5.jpg,1,50.128365,11.095163,1,51.794413,11.596427,188.55205,10.025129,0.7563589,0.050282955,0.7491403,0.81773686,10.623182
44871a7802f942f79096a9b401f4abc8.jpg,8,60.084317,11.182648,11,39.697756,34.394158,2779.9485,170.08052,0.7553255,0.07159042,0.7330564,0.84440166,2779.9485
44a84f764bcf497e9568bc46405bd48b.jpg,6,63.964324,-16.860967,6,63.97621,-16.863628,1.3280278,0.33007774,0.895349,0.010797441,0.875763,0.97369295,1.3280278
44b07eb619f2428f96bdb032473354fb.jpg,1,54.639823,9.750953,9,52.105639,23.540185,955.37305,208.05646,0.6921346,0.018406987,0.6978509,0.7609223,573.30334
44d086c3f2eb46c6978945d0be3d1684.jpg,3,67.464585,27.043732,3,67.460569,27.095057,2.2325675,2.2325675,0.8500115,0.034189343,0.82413346,0.96833974,18.452303
44d37d86ac664cccba2c84ca42955e74.jpg,11,41.465022,36.109403,11,41.465272,36.109177,0.03357669,0.03357669,0.94697493,0.099469125,0.9393224,0.977585,0.03357669
44f88dafc469493b9951760fea87d138.jpg,2,39.882023,-4.019389,2,39.473074,2.895959,593.4187,0.9634716,0.72992706,0.011184692,0.7190425,0.8284552,594.5868
459fb2b64d98456cbc126f3b6f1d6446.jpg,8,68.129061,13.395933,8,69.44177,25.052573,490.34366,0.42151698,0.78582644,0.024406195,0.74513865,0.95468867,486.5494
45b60ab85a434ed0a779f2a36287ff6a.jpg,8,62.663497,7.504277,7,40.896219,14.307214,2462.0603,28.259066,0.6697048,0.012740612,0.6702473,0.77467227,2471.821
45bb52d6b260450db5f5d48db5194e13.jpg,11,38.528378,35.526618,6,63.857511,-22.428911,4680.493,50.434746,0.6789131,0.004887402,0.6734017,0.7114459,4622.4893
45d460e8cdc34810b57d00c03d497111.jpg,1,52.781625,9.553131,3,62.169041,29.964451,1593.6404,56.821617,0.7102638,0.012576878,0.70909834,0.7893465,1822.7351
45e6eb69315c4be18a618f09b823c8f4.jpg,6,66.090908,-17.315833,6,66.083778,-17.322374,0.84586185,0.84586185,0.8615732,0.03146255,0.8429188,0.9416636,19.51715
45e9929ad19d4d248048541acf0c25b9.jpg,10,65.048335,19.070491,8,62.22618,11.782424,476.95822,1.0374411,0.8077657,0.003191352,0.78523743,0.8978788,476.95822
45f7c7c6e279440ca4f95f0e5458a374.jpg,2,38.064573,-0.589395,2,38.116988,-0.550413,6.7533092,6.7533092,0.91119945,0.15937752,0.90334606,0.94261295,6.7533092
460193902c864f9a84f888ac1cb816e5.jpg,5,55.173078,-4.930934,5,58.504177,-4.509209,371.28693,11.787806,0.765002,0.052704334,0.7376181,0.888051,195.98453
460a8a022d8c4c72ba958b87dcaa61fb.jpg,2,41.491975,-2.85175,2,41.420853,-2.358681,41.844563,21.918371,0.8700592,0.08352399,0.86111516,0.9058353,41.844563
4622fb64ab414d5792c1885f35f0ac4a.jpg,2,28.912315,-13.780146,2,40.550758,0.243943,1816.7867,1259.9584,0.6977853,0.0045912266,0.68711853,0.8202884,4291.5527
462a4e9dddaf42a19df3f6cca9229345.jpg,3,63.125703,30.601843,3,63.56211,28.489071,116.0248,8.203548,0.7849786,0.0017719865,0.7704888,0.86942047,380.2977
462ce21edae5486b9a5c317a250fa75e.jpg,0,52.941395,30.629448,0,52.922412,30.643774,2.3189464,1.1638604,0.9372393,0.048671663,0.9297346,0.967258,2.3189464
46338b8f203c479998d9609dd3a19267.jpg,1,53.192276,13.116131,1,53.98442,10.071185,219.40813,18.495823,0.70149916,0.011900365,0.6644565,0.84966993,219.40813
465117e2b5504ef5bc48120a4bb0f59f.jpg,9,53.465329,18.030376,2,42.771091,-7.574953,2223.4902,146.6498,0.7075589,0.010569632,0.6740442,0.8416174,2223.4902
466c6893c8784e0db887fcaeaf22aa7c.jpg,2,38.75797,-2.897876,11,36.998985,28.562815,2754.5781,93.78182,0.67173105,0.0040677786,0.6471704,0.8193784,1363.6027
46749689365f4e73a846a5db9722f612.jpg,6,65.485469,-23.251026,6,65.487117,-23.26191,0.53453696,0.3961235,0.96525276,0.033828676,0.9577174,0.995394,0.53453696
468e1302eca64d0bad5b19608ede8c24.jpg,8,66.577339,16.299927,10,66.419856,16.893402,31.6092,10.855933,0.8655154,0.036456883,0.84482944,0.9482593,31.6092
4690cd5186d444a5b6836fcfa02a4ac2.jpg,8,59.664269,10.872223,1,54.87669,8.871594,545.70905,51.45091,0.6687697,0.0062297583,0.6792457,0.8005861,1775.2809
46c598a8291047239e23eff4234993de.jpg,8,60.481978,6.991595,4,44.169215,5.83925,1815.5195,37.633476,0.6635587,0.018659651,0.64995587,0.80317473,44.685734
46d3b32dca064ec1b2c6def85304e2af.jpg,5,52.456357,-3.507105,5,56.046013,-5.178459,413.6239,18.436182,0.71183836,0.00072956085,0.6760583,0.8924382,41.270363
46dc8a54a4b7414098eb59488ad993dd.jpg,0,54.421805,29.029361,0,54.580498,29.004764,17.71721,17.71721,0.84225,0.09266573,0.8242977,0.91405904,17.71721
46ef229b61f240ff82df8496e798b671.jpg,6,65.582832,-20.051701,6,65.581349,-20.047073,0.269163,0.269163,0.88567376,0.032847285,0.86809385,0.96653557,3.4532015
470980b907ae41d7bfc47fbb0f4887f9.jpg,1,53.341675,10.74986,1,53.190254,7.191864,237.20128,45.577427,0.7627034,0.0524469,0.7384176,0.8783313,140.05698
47633e9bc31a4e8d9bdef42945761c8d.jpg,0,55.198349,26.393961,0,52.361655,23.64767,363.32507,182.124,0.69536865,0.008966088,0.6874976,0.77235174,1718.6027
4788c8f1b5514b7a8757e5c494c6065b.jpg,0,54.770011,28.255829,0,52.286438,25.992935,314.0253,4.5784836,0.79682297,0.0018383861,0.78059375,0.9410317,28.390715
47ce334cb36e40a18d63b78f49727cbe.jpg,5,52.8382,-1.343884,5,52.837641,-1.344528,0.0757286,0.0757286,0.7999238,0.031844974,0.7939273,0.8739848,1529.4176
47e42bce3f5f45509c34df139c4d465e.jpg,7,40.455633,9.565489,7,40.395052,9.477628,10.034435,10.034435,0.8599629,0.002451539,0.8349859,0.95987076,10.034435
47ebeff71a5b4e818751de1e4e35608c.jpg,8,69.293191,16.017455,8,69.293549,16.016331,0.059477635,0.059477635,0.8778392,0.07504833,0.8613194,0.9439183,0.059477635
47f74254501a4173a1a1a2a1f2534603.jpg,2,39.926597,3.825969,2,39.930903,3.826913,0.48552498,0.48552498,0.6286494,0.027896643,0.62113464,0.77579916,1083.4792
47ffa6a3dcd04f09a61ef3b536df256b.jpg,7,38.038435,14.990761,9,50.260003,21.853498,1463.5891,555.357,0.6975502,0.038698375,0.6911359,0.7365191,1869.7362
4806d145e7bd43958639cbf4c01bdf14.jpg,1,51.787159,13.665057,1,53.067468,13.2877,144.6444,15.851122,0.73117745,0.0067216754,0.71326864,0.8737602,24.345186
480a6a8fe6ed4b87a608c55d8af48f2c.jpg,4,48.740637,5.942791,4,49.450707,5.882982,79.07628,8.382606,0.77072656,0.058252633,0.75534403,0.8405256,234.67937
4851780ec4fa462297493ce8d7f60e69.jpg,9,53.767322,19.94884,9,53.519438,20.579973,49.90492,9.24552,0.7207277,0.024170816,0.7137616,0.81860137,56.165276
485df52b84dd4fd690d7ef1c95a74fd7.jpg,5,53.762108,-0.616057,9,53.797447,14.643786,1000.70966,13.585304,0.73605794,0.0069663525,0.712476,0.83285666,57.035763
486cf662aeea4a679040ff0e467e5c6b.jpg,4,48.387623,-4.761936,4,48.3861,-4.761849,0.16947195,0.16947195,0.7323835,0.04995185,0.6969813,0.873992,0.16947195
486eb6239b0f4d1fa5204d27b4af8a0f.jpg,7,38.075378,13.405314,2,43.294698,-5.136941,1663.3507,3.9477398,0.6221849,0.0023310184,0.591565,0.80402696,953.2679
488ed25437cd4b53972d061c56a2c9b8.jpg,2,39.086575,1.520939,2,38.978974,1.466092,12.868449,2.024631,0.70429254,0.007840157,0.6658994,0.85786504,12.868449
488f1711cc014f8bb42660fa08148c06.jpg,0,54.111764,26.608062,0,54.121223,26.590901,1.5353411,1.5353411,0.8105812,0.060495973,0.8112114,0.8226112,69.76427
489b6bfd610c4ceda0b2203c21ada439.jpg,9,49.595965,20.583141,9,51.270098,23.158438,260.59464,57.933758,0.73028165,0.057871222,0.71601975,0.82424897,1241.8743
48af540b2bbe4be0b54b6c7f16824e06.jpg,6,63.524758,-18.472145,6,63.529966,-18.46772,0.61924934,0.13860524,0.8690462,0.0069731474,0.8473511,0.9715525,5.9941387
48d909041cd44967b9910ea08cb87789.jpg,6,65.738626,-23.166166,6,66.02771,-22.988935,33.13791,5.5016265,0.89908826,0.002143681,0.8787298,0.9866936,25.698044
48f789b07e2a4fe2bdae3157c89baeee.jpg,2,39.364515,-0.653788,2,40.121653,-0.741161,84.52079,34.52308,0.71588606,0.02208054,0.7078722,0.8382219,709.7229
4908a062f5a54d069df6208565222b51.jpg,5,52.132813,-0.905005,9,53.242185,16.493044,1176.1835,253.15799,0.68425304,0.004085541,0.6586931,0.7868018,627.97125
4910b6de715e49aebe9def606c6675cb.jpg,0,53.860604,27.902789,0,53.786645,27.717729,14.668649,14.668649,0.8142302,0.009399533,0.7806316,0.9486245,14.668649
4926e98ec1b64b488b0658783633be26.jpg,0,51.701238,29.145248,0,51.682127,29.131744,2.319969,0.33299252,0.9571733,0.002306521,0.95132256,0.9875908,4.1011543
493181754c6049e5a102fa65278aa040.jpg,10,59.381709,15.136423,4,43.570236,6.126872,1861.649,80.0658,0.70790553,0.037397385,0.69061786,0.7770561,1861.649
4934342aa7f44b8c92b5ec6eca0374f9.jpg,5,50.199801,-5.534756,5,50.18545,-5.578729,3.5136242,3.0756109,0.8283709,0.030531406,0.8010577,0.93762374,3.5136242
494ec7456a66466eaf5981a114b212cd.jpg,1,53.503246,9.077636,1,52.356261,7.303027,174.38795,13.172917,0.71249497,0.0029402971,0.68988174,0.87447417,320.64514
495fc4b0b54a4bf3b38412f7b66059b5.jpg,11,38.93689,35.59719,11,38.890409,35.594218,5.174851,2.0458496,0.8311456,0.012208641,0.82743555,0.8851241,5.62201
499b01c4c5e54b718440706dbe7bd68f.jpg,4,45.679567,-0.897135,4,44.239722,0.59674,198.6098,17.890957,0.68114525,0.023042679,0.6409071,0.84209776,198.6098
49dde64acddc4ecba020d27a42120bbd.jpg,10,61.66414,16.058122,10,61.661723,16.059412,0.27724862,0.08331897,0.8191045,0.0014861226,0.7889977,0.9395315,0.27724862
49e2d8b39daf4773983532c588cf1b06.jpg,6,64.062095,-21.559126,6,63.849054,-22.433356,48.8145,1.4152166,0.7956006,0.012225866,0.76878893,0.921365,53.020428
49e4a74405fa485497b4d2de8ba64923.jpg,7,42.293354,12.687949,9,53.879468,14.577397,1295.8179,360.48563,0.72219145,0.0057403445,0.70958555,0.81360704,1207.9259
4a126ca698944e009b11c970cece1f4f.jpg,8,60.787843,10.673131,9,53.28925,20.263466,1013.60876,87.17564,0.70673805,0.019556224,0.6866302,0.79730624,1007.1424
4a15ed02d26348f29493b3602325b8eb.jpg,3,67.875963,24.860886,3,67.814461,24.792823,7.410384,5.708493,0.7918747,0.019048631,0.7764753,0.8790996,19.023544
4a2f7b6515084375add5c68c81b759eb.jpg,9,52.511746,20.645253,1,50.553965,6.850089,977.0976,25.103846,0.69578516,0.010044098,0.6690722,0.80630195,1067.3833
4a3553c07ea4471a87b124d14b66370a.jpg,5,53.165875,-2.238081,9,53.604102,21.047086,1538.1575,440.65262,0.73077756,0.024127841,0.7235334,0.83580196,1307.292
4a6a2ae146834129bdfc4318d9f4083a.jpg,0,51.634304,29.086037,0,52.971279,29.261425,149.14246,0.0991789,0.8417496,0.030882835,0.8224451,0.9655663,0.0991789
4a798b0e9ffa49f6bf6978264facf21b.jpg,10,64.729903,20.917551,9,51.768065,17.709702,1453.0032,465.3472,0.6927557,0.037058234,0.70503706,0.7951882,1049.4038
4ad6b7a10f9e481b97cc502b8823fe94.jpg,4,47.922951,-1.426644,4,47.799092,-1.334456,15.394272,15.394272,0.7185245,0.047038555,0.71902615,0.8307761,539.0879
4af197ce4534472692c80829e1335a6b.jpg,2,28.670361,-17.80403,1,50.730307,9.237267,3335.178,6.163975,0.65666527,0.016703546,0.63131976,0.8059865,3361.0828
4b21188c9d3348e2a155e05544fe064e.jpg,8,58.926934,9.315328,8,58.912374,9.301691,1.7983191,0.28609356,0.8498039,0.08454317,0.827003,0.94100755,1.7983191
4b22b45a094840ff8deca548fccd23c0.jpg,0,52.676982,30.817168,0,53.652064,30.039781,120.17097,3.6405115,0.84162045,0.0030987263,0.8073473,0.97871286,120.17097
4b3488ef8b8a4d799a2ca9aab75299f3.jpg,4,45.903716,-0.959794,9,54.595764,17.256314,1608.1671,136.95938,0.7141911,0.012005091,0.69134074,0.82402086,1389.2281
4b4faf799a1a4d7d9c272d3b3626c4f8.jpg,10,59.202594,15.069845,10,59.846324,16.639218,113.82241,8.390518,0.6941999,0.021790326,0.6659548,0.8071799,113.82241
4b71e882dd6f4719ab8261c9a709a11f.jpg,7,40.286856,9.154227,7,40.395052,9.477628,29.933496,0.29258415,0.78863305,0.010907114,0.78009826,0.8958149,13.871081
4b79991b4b774dc398769446c000b9dc.jpg,3,64.738022,29.787482,3,67.614927,25.402213,375.47092,14.413586,0.7980862,0.01675266,0.77396363,0.9292499,171.73415
4b7c809e1e1c464f8a5d2bce68eaa026.jpg,5,50.341822,-4.658837,5,50.348435,-4.662825,0.7879075,0.7879075,0.7413517,0.014157832,0.7134604,0.9037391,19.705954
4b8fb1010201448bae1bd3ef2f439ecf.jpg,1,53.664453,11.222042,8,58.44504,6.005733,622.0647,123.24466,0.6639308,0.00015604496,0.64580786,0.8006773,625.2189
4b90770fbda6434999c1550c8cb91049.jpg,5,50.416092,-5.075175,5,52.383836,-1.168162,348.2505,6.6280065,0.7176618,0.009728253,0.6969307,0.8005859,348.2505
4ba41ff7c9594e74a908929e1c195575.jpg,0,53.973585,30.466683,0,53.940111,30.468523,3.7240903,0.15815185,0.8435539,0.030571342,0.8254043,0.9236716,184.47745
4bd5d1f39ffc47c3b6aec73bed097529.jpg,0,52.077872,27.374165,0,51.942545,26.923705,34.30693,0.87339246,0.8652901,0.00683856,0.84660923,0.955752,36.94779
4be7a66add0142d6a84bfa6011166404.jpg,9,50.385045,19.301235,3,63.122292,22.573384,1429.8358,8.95251,0.69507086,0.0012644529,0.7080677,0.7157494,1821.859
4bf809a4ddd948b09db4b5bc11e1fe43.jpg,6,65.691177,-23.194068,6,65.610774,-23.209587,8.968682,1.1528106,0.79160595,0.0048259497,0.7509619,0.97174567,21.563889
4c010f7b36e44c2b82169d92cd561659.jpg,0,55.77786,28.602544,0,55.015351,29.406464,98.82134,0.34447995,0.8799852,0.008597493,0.8546528,0.9813148,98.82134
4c36c3e30c7a43cdab3e860954136035.jpg,2,38.860503,-2.209342,4,45.124963,4.177179,873.33563,54.10735,0.7263721,0.013645232,0.70532906,0.828174,580.08636
4c40a21734d54ca6ab74f43db7f39546.jpg,11,38.514323,27.960818,2,39.332135,3.106505,2145.2588,8.108659,0.69698423,9.8109245e-05,0.67060673,0.8024943,2145.2588
4c4b34db9c704f99be01a8397e4ea24a.jpg,7,40.07073,9.609386,7,40.212728,9.550849,16.554956,8.818267,0.73480725,0.053655505,0.7186751,0.8030858,58.023174
4c5ebf7fd57d42abba1f3d6a639acf50.jpg,5,55.044597,-2.049236,5,53.871321,-2.757613,138.26234,14.93316,0.8189134,0.0071674585,0.790568,0.9531045,132.2012
4c7654ac423f4620a40f1a0eef7a484e.jpg,8,64.609139,12.589056,8,64.607245,12.586425,0.24513523,0.24513523,0.88013256,0.024525225,0.85840976,0.97316563,139.31612
4c9a76f251bf4e6189816caa683fe080.jpg,4,49.422375,1.05173,2,36.709956,-2.804122,1447.3362,213.97589,0.69216967,0.009567261,0.66562843,0.7983344,1447.3362
4cc61e1206c64ab196827dd2e04ab284.jpg,11,41.494109,27.885843,11,41.53471,27.833521,6.2737756,5.720796,0.72963524,0.011586785,0.7315122,0.8235198,1424.3109
4d2f3148ead44c21a915ce1ae96cd237.jpg,9,54.421319,16.862323,9,53.681477,14.631165,167.2626,22.499195,0.651507,0.026260257,0.636371,0.71205115,167.2626
4d3873971091447a8fca1690e98a0b72.jpg,10,65.857314,23.60278,3,65.909199,24.101246,23.37055,1.1534792,0.8223952,0.022069752,0.8073484,0.90489924,74.62457
4d4ed179f1b347d2a110a80b9c31ced2.jpg,10,60.039134,18.696953,10,65.740243,17.11867,638.9083,18.408085,0.8132942,0.015321016,0.7895081,0.915025,562.4829
4dd67396a753484ab969d281f713f806.jpg,7,43.233988,13.758248,7,43.209444,13.776906,3.1199408,3.1199408,0.7773513,0.09018171,0.7945215,0.8190118,3026.6553
4e150508ae9c448aba24afc4d02a2ca6.jpg,9,52.062701,20.281456,8,68.335733,22.928728,1814.98,915.4595,0.7705649,0.0071816444,0.7609502,0.8728738,1629.5211
4e1ec80cc93a4314aa07ab0b88c0ebed.jpg,11,40.818525,30.443636,11,40.81573,30.431976,1.0292606,1.0292606,0.6949595,0.028388023,0.70297897,0.78844035,2114.9246
4e4083129aeb477d8bfbcc207cd1cd2c.jpg,6,64.919492,-13.93514,6,64.934786,-13.740428,9.331332,5.378295,0.78888947,0.019383669,0.7595391,0.92690027,337.35916
4e41ac2ef8df483fa868f6054ef75011.jpg,9,52.976018,14.694,4,43.942412,5.913589,1193.13,131.49629,0.63735044,0.00012308359,0.6148113,0.82464373,946.31116
4e68b1930ff04aa98ad4adc304383900.jpg,8,68.538905,17.215161,8,68.227348,17.441107,35.858646,2.0562189,0.8121415,0.0049329996,0.7711066,0.97628075,35.858646
4ea8781b8b0245c0bc8f16ddae1f3ec8.jpg,7,36.863404,14.730773,2,40.107538,-3.841539,1652.9863,3.388337,0.754786,0.01639688,0.74561185,0.9056339,57.72336
4ec0c2fea0484beda5d07a5c1ebc8902.jpg,10,63.829725,15.615979,10,63.829296,15.617103,0.0728978,0.0728978,0.7815472,0.002575457,0.76158404,0.8613997,0.0728978
4ef8d44ac5a045e09717428b5040d61d.jpg,11,39.589818,44.055451,11,39.561484,44.064047,3.2355952,3.123638,0.74969786,0.0055506825,0.72830164,0.8533733,3.4337003
4effd27d19d449c48233106349a1f3c9.jpg,1,51.306859,13.249595,1,51.329307,13.350659,7.4539547,7.4539547,0.75375694,0.20383698,0.7454505,0.7869828,7.4539547
4f0cf94955d54eb18188c9bff5fe90b0.jpg,4,47.962593,0.291386,4,47.123191,0.978057,106.62187,54.503525,0.72020555,0.05425799,0.72406554,0.80873907,323.58075
4f8fc88af2364e8899ec81c4ef8fae31.jpg,9,53.767071,22.965163,1,53.676365,13.932896,593.9629,35.42906,0.6779896,0.0032045841,0.6538258,0.8447987,320.39365
4fa01748c7874a36839c32b15123ab01.jpg,11,36.705251,33.112627,2,38.681827,-0.051148,2910.384,1.6589268,0.72549605,0.026540041,0.69730777,0.86925364,756.6959
4fc2f06a8d6545708659018cb6c66b61.jpg,8,67.384493,14.632202,10,62.448483,17.308534,563.0427,268.1263,0.7341796,0.049403906,0.7044915,0.85293216,563.0427
4fed5bdde12d4b61aba083f67fcb5545.jpg,9,51.149424,23.576359,9,52.165235,22.743178,126.73255,74.46676,0.71722543,0.026809335,0.71486735,0.80975217,895.3786
5012a881ec6a424db628db335a861487.jpg,2,40.054278,-3.613566,2,40.056453,-3.612864,0.2491203,0.2491203,0.70966995,0.067313135,0.70535326,0.7631004,2666.6887
5013b8587bd14a629743c7c467fc706b.jpg,2,38.790542,-3.408166,2,38.953641,-3.50864,20.11379,4.6138954,0.8823446,0.0722152,0.8714738,0.9258279,20.11379
50266ac91de5463faa5dffe0d74c0c9c.jpg,4,46.605511,0.606093,4,46.612769,0.600643,0.9081042,0.26890624,0.8304133,0.03458017,0.81031847,0.9107924,0.9081042
5039e286f0a441619ba156ca50bf1deb.jpg,7,41.002477,8.904379,7,41.000731,8.901784,0.29174545,0.29174545,0.7968007,0.03075093,0.7841598,0.8643762,4.762391
5062d4d6aadf4a05aa26e8d04c2e58ef.jpg,7,39.243458,16.062756,7,39.201136,16.062318,4.7061496,3.0312645,0.7769729,0.015460014,0.740327,0.9235564,4.7061496
507eb184124a400a87a19a61b0147d13.jpg,9,51.369177,21.069261,9,51.39295,21.102648,3.5152097,3.5152097,0.73344404,0.0115327835,0.7083225,0.8622455,1590.9039
509d4dda8a14491aaecfdb1267a4093d.jpg,4,46.122586,0.766276,1,50.042922,9.331095,770.4925,53.858986,0.65073293,0.056127965,0.6277226,0.78470427,738.23395
50b820cb6f54465287ab90c852e12082.jpg,6,65.795598,-16.44106,6,65.42946,-20.593079,194.892,3.57533,0.86613,0.0016496778,0.8450441,0.9613034,163.55887
50d51efd711240b99039ea576b0d8a44.jpg,5,50.240408,-3.704632,8,61.407093,9.965637,1500.3922,47.324497,0.6863573,0.0060833693,0.6486768,0.89177406,895.51904
50f90c3cab8c4ca5b0a20d4719d193ae.jpg,1,54.618314,9.76838,10,61.664889,16.058077,865.2212,300.3695,0.7428307,0.015439808,0.73344433,0.85959864,644.9431
5123e246fcb64b9d9a1bb6baa2ca2f6e.jpg,0,55.717488,28.585856,0,55.91802,28.644719,22.599358,2.6012616,0.793375,0.00094789267,0.7638236,0.91969776,101.35554
51332f71e48f4cbfa5085b06abeeb714.jpg,1,52.303567,13.56936,0,52.361655,23.64767,684.2848,82.429504,0.7193754,0.0010755658,0.7133633,0.7909335,1343.0105
51719672d48649db9799b6b7b0a1beae.jpg,11,38.72754,33.746035,11,38.668644,33.891603,14.229354,9.539724,0.72307014,0.070317686,0.6883686,0.86187613,14.229354
5193056d1d2b427d8bdf587926186bfe.jpg,1,49.670184,7.087363,1,50.743487,13.334097,460.14246,21.945389,0.69881856,0.006005943,0.67025965,0.81931746,315.65976
51972d7bc70e49418b8f706e7ea3a852.jpg,9,54.232511,19.540087,9,54.238702,19.528148,1.0372663,1.0372663,0.7325744,0.07931423,0.7391941,0.8367917,1377.9905
51a2ad96f72b40afbf1cd6693b589d99.jpg,8,60.708576,11.301606,10,67.830541,19.621827,886.20026,77.270706,0.77360153,0.004150152,0.7550465,0.8810062,666.33325
51a440c14582456ab90370f153c2523b.jpg,3,66.594912,26.058996,3,66.698726,26.251123,14.316757,7.4637537,0.9102794,0.05191052,0.9084469,0.91760945,14.316757
520dd852a18f4adba5165cf3a23f4ba7.jpg,6,66.564954,-18.017797,6,66.565268,-18.018131,0.037910987,0.037910987,0.7776066,0.06971437,0.758823,0.8527411,0.037910987
5246f8df50b34a22abcac35fb48381b0.jpg,9,49.641643,21.339885,2,38.63579,-3.471639,2311.2415,5.269277,0.7462846,0.0117868185,0.7408161,0.8638475,2364.985
524bd553247c42ee85dcf7c223569acd.jpg,4,49.263229,1.544308,4,49.290472,1.47945,5.595916,5.595916,0.81153387,0.060685575,0.8121592,0.8090327,5.595916
5262045e5f54485f91ef8b1cb6a95017.jpg,6,64.158657,-20.304283,7,38.133823,12.734652,3616.5237,1738.4003,0.6113182,0.026795805,0.6268281,0.7181014,2394.1033
5273a3b794874be4bbdfef39442d16d8.jpg,6,65.764413,-14.825045,6,65.535165,-15.420656,37.355846,3.7371643,0.8137079,0.024099588,0.80378526,0.90399325,89.76619
527901c8799b4851ae43432e749abdc4.jpg,8,70.163125,28.570106,8,70.163093,28.57018,0.0045231525,0.0045231525,0.949756,0.010040581,0.9461391,0.98253477,0.031778138
52b05a3a7bca4a47a72f1e7e76b2a12c.jpg,6,64.02699,-20.506727,6,63.958325,-20.67126,11.074851,5.681368,0.8164125,0.013667166,0.78229797,0.9528704,11.074851
52cdbeda348a4b7f9bd20c99663dc753.jpg,8,58.412384,6.025619,8,58.416207,6.021846,0.4785354,0.34697253,0.7948143,0.025945961,0.771626,0.915772,18.584778
52d778f942ef403c9d62da8a0c4c8614.jpg,1,52.73875,14.210143,9,53.447354,17.202095,214.74152,11.388195,0.68384254,0.004385948,0.6634526,0.82439756,70.86358
530a12aba89244258de83c2525598a58.jpg,3,66.840689,28.688462,3,66.839377,28.682683,0.2918171,0.2918171,0.8350891,0.010268986,0.8156054,0.9130237,0.2918171
530e91c59ea249458a289eb6f9c8b64f.jpg,1,47.580528,10.60527,1,52.535197,12.757741,571.89325,11.54954,0.71293783,0.005874157,0.6825762,0.8633653,476.66248
532ebea3682b4b119bf42a3a57c20ee0.jpg,9,53.393314,22.424097,9,53.362034,22.443575,3.7103982,0.9200469,0.8010163,0.009723604,0.7746581,0.90644896,3.7103982
536c59096943421da5b9ddb469440aa0.jpg,1,48.341638,10.480525,1,48.119155,12.329083,139.13808,9.807507,0.66359556,0.014899313,0.6637313,0.76235306,613.71234
536cf948e16e46bd98834be503794abe.jpg,5,55.360912,-1.826084,5,55.378559,-1.805386,2.358192,2.358192,0.7011713,0.00059348345,0.69505537,0.7754719,1283.0557
5399d4c7c2f34b0c9a043b16f978d11f.jpg,11,36.814053,34.566164,5,54.261687,-7.779656,3746.8755,232.61057,0.68837094,0.05968064,0.65448385,0.82391906,3746.8755
53ea4891500a4d91b62f3f335c02fdd2.jpg,5,53.187429,-3.066231,5,51.292805,-0.295012,282.78046,0.501235,0.7291075,0.004891455,0.69097006,0.88165736,282.78046
54029397a3ef4ba3a3a5cab84a77fe1d.jpg,11,36.705779,30.563851,11,36.709153,30.560857,0.4604233,0.4604233,0.81499666,0.016575813,0.8085471,0.8546697,3175.48
540aedaf49eb47e39e877165986a7da9.jpg,3,62.61615,22.751084,3,61.564863,22.566757,117.29083,1.1283442,0.8888601,0.03191924,0.8650285,0.9841864,117.29083
5410defd61dd450b96db6188690302fd.jpg,8,62.557139,6.126799,8,62.536714,6.127765,2.2716994,0.05585883,0.8128248,0.017400503,0.80459833,0.8857851,0.12710829
5429e4e0ea0a483c9e4928d11991c58c.jpg,11,37.838862,40.610379,11,37.832534,39.669233,82.65302,2.3751256,0.85665345,0.013738751,0.82878697,0.9735271,98.52616
5429ff66d3d0488388f229bcb69d13d5.jpg,3,62.456905,23.961477,3,62.526436,24.016911,8.23903,8.23903,0.8357307,0.04444158,0.8276191,0.8921031,113.505806
543637a1d31049288ad84b6db4252ff6.jpg,7,42.153776,11.921385,4,48.549198,-4.704527,1476.646,32.080654,0.6589739,0.02388215,0.62688893,0.78731346,1476.646
543d4a01fa784dde81ab00914e5fc937.jpg,1,54.686923,9.007493,3,62.455777,22.234715,1150.8239,23.808329,0.66178685,0.017510533,0.6494572,0.7343103,142.65215
544d4e7dc90f4ff0891002a80d0830db.jpg,2,38.734116,-4.090279,2,38.665632,-4.182748,11.062626,11.062626,0.7742671,0.012702346,0.77005494,0.7911153,11.062626
5465a6ea8db84d328214645a7784c1d9.jpg,4,48.585429,6.44637,0,52.323339,25.629617,1415.43,76.94007,0.7184739,0.044789612,0.68617976,0.84765047,1415.43
547fc890d3ec415aa42cbabb47955110.jpg,9,51.599964,22.717425,9,51.637279,22.765666,5.3206134,5.3206134,0.65449566,0.023833096,0.63015664,0.81195855,202.18149
549435058cfc40ec95336cb606b7d6b5.jpg,0,52.179286,29.907571,0,53.060888,27.930829,165.57007,0.41910237,0.82876813,0.02363956,0.7978915,0.95227456,165.57007
549591777fa74368a66c6a46d2491a81.jpg,0,52.629367,25.510171,0,52.633636,25.503006,0.67761254,0.67761254,0.8725248,0.052260697,0.85936666,0.96052897,160.27205
549734156d8d4a19bd912d177626c99f.jpg,9,54.075558,16.19808,9,53.608257,15.107757,88.411705,51.089676,0.6913087,0.026570022,0.68532556,0.7226327,1097.7002
54a14e785b184c329496d7aa8d0e34a9.jpg,11,41.199951,36.534337,5,51.821019,-2.964576,3197.7466,681.2105,0.704945,0.0094386935,0.6692012,0.8479202,3197.7466
54ca6bc07db24c7a879be1a39c33bc34.jpg,11,36.187582,36.192725,11,36.567351,36.397881,46.04974,1.9378387,0.76870954,0.014543176,0.74032855,0.88223344,46.04974
54ce20a5ce794cc6abbb23a7b20ced0f.jpg,10,66.594658,19.892573,7,42.66305,12.513669,2698.819,754.9967,0.59212756,0.004362941,0.5952352,0.6660279,3192.6294
54d6ff3007184fcb8fd7f3d79825acb4.jpg,1,52.675283,14.107854,11,40.546478,37.234002,2205.9263,48.1542,0.6585267,0.009566605,0.6467463,0.7056484,2205.9263
54f3fa1c6e59438b9eda7fbf96b679ad.jpg,8,58.625675,5.746338,8,58.612524,5.686175,3.778042,3.6250818,0.80654144,0.036858976,0.78843486,0.8789675,3.778042
54f80087756d4be486b355d10259ee5f.jpg,10,57.952818,12.567001,4,49.833129,2.073239,1132.2007,102.817314,0.67792684,0.03297043,0.6760694,0.71610796,2499.2273
55067c3bb0004f54a9a4bb4f0c4222f5.jpg,4,47.313446,1.300333,4,43.755638,6.219259,550.5086,7.4940715,0.7181403,0.035740554,0.7187617,0.85448444,361.92798
55711f3841904305bd8ac2cc6e9466e3.jpg,9,53.172981,14.583945,1,49.520647,7.675764,628.1108,110.41634,0.6609111,0.0033499599,0.6233365,0.8176372,945.6327
55b464a65b044860a378b1fb359777ab.jpg,1,54.460877,9.147172,1,54.460789,9.148157,0.06441122,0.06441122,0.89596915,0.19481236,0.8833465,0.9464599,0.06441122
55f20740d5394ac3a8af7e18ee26ef57.jpg,9,52.629169,15.864195,1,54.535707,13.249757,273.32712,70.53915,0.7118721,0.0040587783,0.67646253,0.85351026,273.32712
561241cb34f34107b7827a6b9d277095.jpg,7,40.182213,18.085153,7,40.356473,17.641353,42.346706,9.906768,0.71090883,0.023999989,0.6875025,0.83164495,1758.7389
56166560adf14c22bc63def31428ea67.jpg,6,64.744258,-14.437627,6,64.742788,-14.434046,0.23575994,0.23575994,0.8643296,0.00031143427,0.841893,0.9663531,307.8387
563b96a714ec42d69b4806b1b8f1f233.jpg,5,54.468262,-3.551462,10,65.249473,16.860178,1639.4888,108.29353,0.68671,0.01269716,0.7049366,0.79474866,1967.1206
563c8d6a1dc94a4f8988aec1d6e9ce35.jpg,6,63.843724,-22.409829,6,63.839165,-22.434736,1.3220252,1.2492415,0.71651083,0.008792579,0.6843313,0.8452289,1.3220252
564069598fd64e998ce301c966a0737e.jpg,8,68.247019,13.704463,8,68.128985,13.385203,18.607752,18.53465,0.68342173,0.006634414,0.62958,0.8987886,18.607752
56474c7996c348a6bd264a51db2bf4ce.jpg,10,61.58414,14.824924,10,61.509737,14.849764,8.377254,6.589033,0.8020336,0.016097724,0.78278977,0.8793536,22.801119
56541ba7868041378fab5aa3abb55d94.jpg,0,52.896863,30.377933,7,45.042879,11.54058,1621.4176,79.07753,0.735988,0.055085063,0.73477125,0.82429165,636.9541
5679138118eb4cda95cb7a72984ebc97.jpg,6,65.908146,-18.298725,6,66.172354,-18.987759,42.791794,5.692041,0.67149574,0.0100008845,0.6249586,0.89721835,48.289124
56991f0a519541de84633f4dd0b3533b.jpg,1,54.118462,13.107262,4,45.184958,0.165026,1357.8152,73.094376,0.63287175,0.01102376,0.6008915,0.77689,1052.233
56b42a7aa3544c94a2cfa13d93707b02.jpg,6,65.464403,-20.526552,6,65.451073,-20.564271,2.2873445,0.996166,0.923637,0.009503067,0.90974057,0.98781407,8.222814
56cbe68b9eaa4960bcdaee127c4de200.jpg,6,65.989281,-22.943668,6,65.856794,-23.439946,26.90454,0.091759846,0.87360334,0.009824395,0.8466907,0.9812538,26.90454
56f2552208c240d09cdd3d65cc787b35.jpg,10,59.899823,18.943441,10,58.754614,14.396253,287.57657,2.3861554,0.83000195,0.02583319,0.8102417,0.90904284,287.57657
570255d4fbf84952bd6cab903084f99b.jpg,5,50.541,-4.785292,5,50.535795,-4.790332,0.6795893,0.6795893,0.78081745,0.063207746,0.7647319,0.8714051,21.588055
571d9d34d25548d59b6720b1e018a96f.jpg,4,48.367242,-3.789908,4,48.37847,-4.601458,59.957626,43.203503,0.65937877,0.0036517382,0.6251931,0.79774284,1757.2245
572d42e07c824661ba6209a383896b45.jpg,9,51.704219,15.607054,9,51.416347,15.600969,32.012714,32.012714,0.7416263,0.038650095,0.71161467,0.86167264,32.012714
5758c02c8aa649d9964469e6fbf012e1.jpg,7,40.912462,9.37969,7,40.91812,9.378273,0.64030963,0.57340676,0.730101,0.050395966,0.6943381,0.8788326,100.83239
5772d8aee42b4ef5af7821a8e4078a8b.jpg,6,64.83312,-13.956256,6,64.826734,-13.929454,1.4528723,1.4528723,0.79750776,0.03401476,0.7678084,0.9163052,1.4528723
57a443b1cd71461d81f27693afa31dc9.jpg,8,58.866888,5.622738,1,50.406239,10.725955,995.7502,435.0442,0.6645967,0.02097112,0.6556384,0.7434869,1083.2823
57febd35483a44aaa41b99eb6064ee7b.jpg,6,64.820298,-21.393362,6,64.256819,-21.368206,62.66763,13.451883,0.7273332,0.017411351,0.73547715,0.7674849,2796.6086
5835ee6edb4a4320ab7ec8b36c42f65f.jpg,11,38.839054,27.717747,11,37.058975,35.77008,732.99,12.429106,0.74468744,0.019058168,0.7101114,0.8829917,732.99
584b970a330f4886ad03b88ab1986ce1.jpg,3,63.015746,21.531076,3,62.554176,22.838149,83.97506,12.798044,0.8427453,0.0033117533,0.8133689,0.97032714,61.201187
584cb42a5070459dae95ae06a035262b.jpg,3,63.417186,22.513511,10,65.409776,16.123972,378.19217,32.51274,0.7648173,0.0070278645,0.76002705,0.8452598,287.19162
58805ff571404011b9c3cce99a300acd.jpg,3,64.193587,28.399941,3,62.289691,27.019037,222.69266,28.571802,0.81689656,0.015172064,0.7852181,0.9436103,222.69266
5883d39fee034eeb9a55d354e6be2cb0.jpg,0,52.031283,29.46461,0,51.925605,29.257046,18.444178,2.5173404,0.8305936,0.0062924027,0.80488205,0.9559112,51.224724
58bcb7848c31423fa5e21810344250f9.jpg,5,53.650886,-1.736441,5,53.574519,-1.650933,10.194305,10.194305,0.6423111,0.005902171,0.6304052,0.81391186,156.65941
58d3f023adfa44859df36c3f079934ff.jpg,2,28.049872,-14.330039,2,28.049492,-14.331906,0.1880257,0.1880257,0.7303864,0.057765126,0.7222728,0.8025414,1.4700582
5902af5a09364093848070b4d4f26b33.jpg,0,52.212889,27.864871,0,52.222396,27.867509,1.0722986,0.573478,0.85580164,0.003044486,0.8464646,0.89315,1.0722986
5915a4ed109c4d39b3879c1b44d03622.jpg,5,52.754424,-1.133479,5,53.871321,-2.757613,164.50745,15.211151,0.7537247,0.012326598,0.7422352,0.8742509,500.40228
5934e94fa65a4109a16adbcfc2bb8c24.jpg,11,37.228693,39.672141,11,37.229629,39.689374,1.5292863,1.5292863,0.897262,0.014243007,0.8831594,0.9536721,1.5292863
593e70fffc7a4cc195fcb39a7adc6810.jpg,10,59.343457,15.833518,10,59.32518,15.793403,3.050579,3.050579,0.8583091,0.04078251,0.8298021,0.9723372,3.050579
59407328268b4001a7d9e1d49c42f05a.jpg,7,36.740933,15.116421,7,36.841353,14.460171,59.494663,0.8500664,0.75396204,0.036554694,0.7193165,0.8925439,59.494663
594c7941ca764b0d83a4a7911e31dd8e.jpg,10,63.71669,20.069772,10,65.901352,16.322517,300.66803,28.850761,0.87331665,0.006967485,0.8587896,0.94641256,252.13339
5953dbacbe964a189080f04962c3bb41.jpg,6,63.845141,-22.435238,6,63.846113,-22.434733,0.11087962,0.11087962,0.7431183,0.029646873,0.7711241,0.78167284,2768.7979
596aadc2640f44778f0ca67fe6fb032c.jpg,5,54.276313,-0.421806,5,54.335665,-6.636037,403.08713,1.5295596,0.71509284,0.010058522,0.68325007,0.9200304,384.03033
599a4338b8ce4319a91c7d0c3e52bf88.jpg,9,49.511805,20.239689,7,44.577141,8.787369,1025.0234,422.50827,0.67424047,0.036132276,0.68654305,0.70157015,951.4939
599c9cc20bef42b7a7c5ccfa94ad11f0.jpg,5,50.576031,-4.876399,5,50.306187,-4.851407,30.057476,0.41395453,0.69177747,0.02624631,0.66080797,0.8709313,56.86619
59b7d847368f40a3900d191183199310.jpg,4,45.519761,2.603041,4,47.829062,-4.206835,579.2727,13.358407,0.7160907,0.05211097,0.69670224,0.8214698,261.39566
59e0311d49ce4b4e96d329c73b6d0fc0.jpg,7,40.261202,18.29868,7,40.276341,18.12709,14.655407,1.2712648,0.7020555,0.03206241,0.69850993,0.7319781,1195.2716
59e5e8a0bcf94f8d99889c96922f9788.jpg,8,64.035376,10.080615,5,56.084625,-4.824797,1204.9717,257.97464,0.7161108,0.023239493,0.7103608,0.80507326,1238.2188
59f2ef1d91be436e9e021b9560d835cb.jpg,4,49.705064,1.963422,4,47.993644,-1.201938,299.7191,12.144755,0.737045,0.068605065,0.72341317,0.80349064,1172.1244
5a47caf3e7304924917dfc6f784ec06e.jpg,7,40.662889,14.713703,7,39.327102,16.047915,187.02376,2.0812147,0.7042491,0.018631458,0.6618191,0.897069,178.10907
5a5c53a8a918421fb3ebcdd65de19220.jpg,11,36.498941,32.287623,11,36.487461,32.270487,1.9939958,1.9939958,0.6569001,0.010771096,0.6314097,0.81571966,3334.9414
5a5d2fafc743419394f2b595c13020a3.jpg,4,46.096651,4.085326,1,51.135594,7.940862,627.69666,19.465897,0.69325334,0.013550341,0.6733351,0.7729261,627.69666
5a641d0c19cd49baa0870e1c97a118d2.jpg,4,48.373221,2.199084,7,38.747356,16.189812,1549.9727,65.73885,0.6754771,0.019368827,0.6716769,0.7806175,593.2747
5a6a9bec29c549a1984e39b891fcb099.jpg,2,38.744243,-2.878849,2,39.122062,-4.133688,116.38466,13.384127,0.6605668,0.02211678,0.6343399,0.7654741,116.38466
5a7a3bc3f4fc45ab9122b064ea8a9f3c.jpg,0,52.293504,30.937077,0,52.304732,30.914933,1.9560592,1.1496353,0.774753,0.0452981,0.7636102,0.8653165,244.04251
5a8417a81ed34829b0ee850d5894ee12.jpg,4,41.594061,9.324456,4,41.587986,9.304393,1.8000572,0.27954525,0.73976904,0.0054314137,0.7131617,0.8904914,0.27954525
5aa5a27d848e4c2382dc5c9c17cadaa8.jpg,8,69.61203,18.93814,8,69.611702,18.938097,0.036509924,0.036509924,0.93682367,0.0044976473,0.9261704,0.97985137,0.05064029
5ad289791adf4d6c8f8658107dc77d0f.jpg,7,41.077739,14.714217,8,59.908537,5.367889,2190.7708,47.89304,0.76802444,0.010722637,0.74540114,0.8585174,2190.7708
5aeb3b8f89604de187aa746d2329713d.jpg,11,41.10023,28.331875,11,41.100488,28.330175,0.14530674,0.14530674,0.9546856,0.22500473,0.950539,0.9712719,0.14530674
5af8835c524b432b979fa8427abd200a.jpg,11,38.497881,36.454068,11,38.621487,36.439849,13.799873,5.0203843,0.6420016,0.01806581,0.63021505,0.7234813,10.885373
5b22bb42cf1049b193c3408ea80d6660.jpg,7,46.044427,11.531352,8,58.097743,7.001151,1374.7946,36.44096,0.65246415,0.007075608,0.6439811,0.84796417,191.63914
5b38bedcafab4dccaf54824c0a418854.jpg,4,42.89183,0.37322,9,54.330621,22.66959,2059.662,60.004715,0.6664467,0.02602756,0.6369135,0.802286,1816.9894
5b55d2ba369b410ba39d93d4f37e84bc.jpg,0,53.93057,30.195273,0,52.214232,31.52437,210.48335,0.9090722,0.89762497,0.002215743,0.8750079,0.9880929,210.48335
5b679301d550499492534b720627a32f.jpg,7,36.824433,14.973957,0,53.518493,30.268511,2199.496,222.9515,0.82700604,0.06334996,0.8275182,0.88073605,1849.7771
5b6cbe2f5b85417ca15d1e41db7a9788.jpg,5,50.532992,-4.809237,5,50.530864,-4.808204,0.24763171,0.24763171,0.94061863,0.19102317,0.92734414,0.99371624,0.24763171
5b6d43865460447496a4e04f6bf8ca9a.jpg,7,43.202012,13.645407,7,43.198992,13.641246,0.47594592,0.47594592,0.8101076,0.031824827,0.78058326,0.9282048,0.47594592
5b7672710a27499787f7b016efa7f4c8.jpg,0,56.002339,28.64517,0,55.814841,28.602642,21.016672,1.0792347,0.81844753,0.011279285,0.7979393,0.93412566,3.9542837
5ba340beb7374f3cbf383079566867d2.jpg,9,51.33529,19.687185,9,51.285489,19.610177,7.7017226,7.7017226,0.74387306,0.052553833,0.72472954,0.87322843,318.34314
5bfc5feca961479b87520e938120cdfb.jpg,9,50.830596,19.069896,5,56.126394,-5.130044,1695.5515,61.94176,0.6392219,0.0200091,0.6260285,0.72632897,259.60696
5bfeaaea8ccb4d51ae263f7d6c6d2f8a.jpg,9,50.400502,17.688158,1,48.366369,8.980725,669.17474,142.96303,0.6658087,0.035087943,0.6518928,0.74727994,1551.0544
5c2466d4f9734188beddd8b11305d53e.jpg,4,45.584076,2.414842,0,53.722179,32.027986,2294.6003,154.88535,0.77064633,0.027706146,0.75281423,0.8749939,2137.2854
5c3ddcfda9dd4763958de673b0222561.jpg,11,36.355155,32.372795,8,60.267544,5.441657,3273.8528,17.327244,0.6542053,0.027265847,0.630062,0.78320813,3822.1423
5c837ead584f49d6bc523933b776757d.jpg,10,65.600684,18.125367,10,64.496185,20.67606,171.43657,2.0157077,0.8897666,0.001863718,0.87491244,0.95204204,81.29692
5c90e2570fc84b73a706b79cbc969bb7.jpg,6,65.563596,-19.966594,6,65.541558,-19.914065,3.4421682,3.4421682,0.89443654,0.019092023,0.8768708,0.9646994,3.4421682
5c9ba3dd23bd4684b4e49dec0665a2cf.jpg,5,50.422755,-4.665018,3,63.144236,28.044601,2401.2285,25.317831,0.7498367,0.044676065,0.7436685,0.8389989,1394.6432
5ca9a803184240b680a5b43037c0ee7b.jpg,9,50.68331,21.141001,7,40.416985,17.580768,1174.3787,660.1574,0.7250322,0.0025388598,0.7128546,0.84714854,2248.2246
5cb06e44ee964331853675b314ca40e6.jpg,11,41.090784,36.086901,11,41.092541,36.098883,1.0229594,1.0229594,0.91810334,0.044866323,0.9022863,0.9813712,1.0229594
5cd91769d1dd400f81c2cfcc6ec5541f.jpg,2,41.461754,-4.599391,2,43.016551,-8.431304,359.67004,42.918602,0.7440101,0.020169437,0.7300947,0.87300414,493.4753
5d0906eeb0134f6c98e4faeb67846fca.jpg,11,36.632633,29.223868,11,36.642992,29.310465,7.812054,3.9598715,0.8866877,0.05146575,0.86970615,0.9560072,6.3473153
5d217203b5924ac1ba7adaaa7bbc297b.jpg,8,61.911094,7.043133,11,37.778842,30.522679,3129.1145,4.1098027,0.71571577,0.0035760403,0.7136742,0.8162443,46.04683
5d2df909e758458193a839aaf0c28a63.jpg,11,38.123827,41.68768,11,38.123976,41.691591,0.3425144,0.3425144,0.8548932,0.031684756,0.82844377,0.960691,0.3425144
5d928b38c4ea4a259e12e12532fd121d.jpg,3,65.430789,26.861558,3,65.435701,26.853744,0.6548414,0.6548414,0.8725475,0.019972324,0.8599161,0.95720184,6.3141265
5db42385b6c84f518f3ae8aaf40ab0fc.jpg,0,52.226357,31.44655,0,52.316614,31.368534,11.353553,1.4277912,0.8618533,0.0006123185,0.8322999,0.98006696,11.353553
5e06d03612d14660bde8b0a1dfe68a7d.jpg,11,40.101581,29.473108,11,40.160884,29.371821,10.845913,10.845913,0.7649343,0.021852195,0.7587975,0.82202554,1426.8043
5e23c18b9e0c4bffaec22b1fb908ea5c.jpg,3,62.890427,21.724026,3,62.599349,21.506946,34.20202,2.6156213,0.85301656,0.027985454,0.8357207,0.9221997,34.20202
5e2c56e3adc948b1afa6eb9a28c8baae.jpg,8,59.575635,5.705112,8,59.547849,5.695662,3.1351917,3.1351917,0.7947237,0.15462488,0.7771896,0.8648599,3.1351917
5e3ca3bd90a04b8ca4507f4dce2d4a8f.jpg,2,38.754138,-3.103558,2,38.763785,-3.178379,6.5756965,6.5756965,0.8885409,0.083702326,0.87867916,0.93018246,25.071522
5e540705c87a420283cfb364f3b1fef6.jpg,3,64.656354,24.46336,3,64.519959,24.366139,15.8600645,15.8600645,0.8538877,0.0445354,0.83338225,0.9359095,15.8600645
5e590e9f044c43a2b3b47c645e5a1341.jpg,7,40.662733,17.496178,7,40.665576,17.485722,0.9368701,0.9368701,0.8206686,0.09839624,0.80657184,0.8770555,0.9368701
5e5a1c940f10439d9ad7e1064272435b.jpg,1,50.486272,9.963309,1,51.711139,6.681668,266.53473,121.333755,0.7328706,0.033148825,0.7322562,0.8500261,558.7559
5e603b737b854588a74586dc55d98579.jpg,1,49.426614,7.651493,1,53.548036,12.712733,576.6084,218.06499,0.75331074,0.0118469,0.74000114,0.8468025,335.24402
5e6b49233f4145e7ae49d6f6e915266f.jpg,9,54.081659,15.948296,9,52.251102,20.400186,359.7588,14.801986,0.7155795,0.01596874,0.71041036,0.8075625,129.88795
5e6e81eef9494250a51c7266cab85708.jpg,3,61.486386,24.670022,3,61.496873,24.624596,2.6780558,2.6780558,0.78851295,0.03872055,0.7609798,0.9086985,18.560968
5ea10cb149984bf9b1d4f71a4567a5f2.jpg,9,52.513536,21.678572,9,52.51427,21.678668,0.0818753,0.0818753,0.8990678,0.050528705,0.88606226,0.9510898,0.0818753
5ec6bdca45c242ca9b4d8f9350b80730.jpg,1,52.116113,8.205775,1,52.116332,8.205522,0.029856853,0.029856853,0.7841079,0.09327048,0.7929765,0.8017266,611.5808
5efa6afa5c49411c80726113531440e6.jpg,4,46.470417,4.013727,5,52.145155,1.259349,661.7182,41.554432,0.6581004,0.0053305626,0.6487076,0.8242292,347.9294
5efe7f8968a44576a1cc3c47e0a3ac8d.jpg,1,49.980618,10.426633,1,48.632513,11.588454,171.94225,60.97698,0.669024,0.0042784214,0.6655634,0.767631,286.93613
5f198926eb944bce979ab3431bbdfc2d.jpg,1,50.384297,10.172103,5,57.5645,-4.440971,1240.7911,26.90226,0.7724818,0.0009809136,0.73726225,0.91335964,1240.7911
5f2bccba885c4203ae84b284015fe6b4.jpg,4,48.180685,-2.23578,7,40.416985,17.580768,1790.4081,176.42879,0.6894048,0.010305822,0.68755424,0.7855406,693.78253
5f390e3280d84418910d9ef118b33fa2.jpg,11,38.240835,35.099689,11,38.239731,35.098602,0.1551843,0.1551843,0.82774615,0.011093438,0.81529915,0.8775343,0.1551843
5f39b9b20e8e463daa22379354ab1aad.jpg,4,47.36085,-2.101569,3,63.496378,25.682223,2470.4343,406.56042,0.796603,0.020410359,0.7736028,0.9014044,2463.2546
5f3f8ac7e32c4e2594436525ee2175dd.jpg,11,40.197575,35.666437,11,37.78384,39.490982,425.71033,11.649101,0.8506563,0.014314115,0.8298416,0.93391466,425.71033
5f680d17992a4cbca6a647a00a1a7d53.jpg,7,38.013963,12.870509,2,28.052437,-14.363509,2756.5906,346.70126,0.7395804,0.010389626,0.72162414,0.8670889,2665.554
5f755cfe7d2247e092ee66bdad535ecb.jpg,9,53.176312,23.226686,9,53.181008,23.241389,1.1102858,1.1102858,0.8391998,0.0018017292,0.8176229,0.92550725,1.1102858
5fb6ba30b70e48029da16d677779ce9b.jpg,8,68.416129,14.678166,8,68.42661,14.668645,1.2287567,1.2287567,0.8711453,0.01061362,0.85249424,0.9457495,1.2287567
5fc943b9bba14575a6a26432f6f43b16.jpg,10,57.835296,18.593167,1,51.362282,6.913094,1038.5812,132.00682,0.714629,0.07383996,0.68128645,0.8479991,1038.5812
5fcaa4477b674c19ba6e62666e8d6510.jpg,7,40.664551,8.32778,7,40.66102,8.32831,0.39516664,0.39516664,0.9021596,0.05549276,0.8911743,0.9461007,0.39516664
5fe106322af4447c8b10a2983d1ed5e4.jpg,1,49.827913,11.379738,2,41.949002,3.105779,1083.7727,216.83267,0.63523924,0.026025355,0.6427549,0.7585121,836.61615
5ff641c660bb4d4ba8a44362d5be46bc.jpg,3,63.266013,21.177775,3,64.322494,29.829592,440.38492,124.392426,0.8122896,0.050620854,0.78859484,0.92180526,408.4796
6013bf3f8c024978b27622f3b29b66be.jpg,8,61.753985,6.275076,8,61.756879,6.262234,0.7484742,0.7484742,0.7917867,0.010290027,0.76222295,0.92721957,12.379598
607a31109d34409ab2512fcea2115dbb.jpg,1,48.695369,10.024443,1,48.705149,10.244091,16.156286,16.156286,0.7108004,0.016219437,0.6774776,0.84409153,16.156286
60a4763849ff4ceea850f013b2ce34c2.jpg,1,53.343782,10.261641,3,62.599463,29.239587,1509.9465,47.37791,0.6963305,0.003930092,0.68629295,0.77983534,453.13812
60b1a4961a154b4697c6a1e4f8757f32.jpg,2,39.384622,2.996997,2,39.383733,2.998294,0.14898694,0.14898694,0.9248922,0.15646636,0.9134943,0.97048366,0.14898694
60bfe810f9ed4b43af1c1d4bb014e9fa.jpg,5,57.550062,-5.521379,5,58.541589,-4.675013,120.979126,15.899316,0.75418866,0.0022853017,0.72639114,0.9295415,127.62767
60c5619dbed74a6e947a6e01dea2e198.jpg,8,62.337188,5.877566,8,62.368762,6.008613,7.618796,0.2501942,0.83664846,0.02151686,0.80171156,0.9763959,7.618796
60d6a53247c04189aeba0a3246631473.jpg,5,57.156151,-3.879499,5,56.515266,-5.931793,143.7373,4.695537,0.7377019,0.0035790205,0.6868125,0.9412593,143.7373
611eedb71a3442fea1232768114ec2f0.jpg,3,66.876698,25.463651,3,66.668381,25.441364,23.184435,3.9414926,0.91215354,0.017570734,0.89834595,0.9680606,23.603294
61224460a9464735b004248300b839fa.jpg,3,62.863506,21.250769,3,62.298626,22.243543,80.803345,4.713671,0.7022775,0.0065354705,0.685297,0.82979846,730.9796
6135caa7f7054f9785445293ba735c60.jpg,1,53.92582,8.956855,10,56.885884,14.229187,467.86154,11.04536,0.65883756,0.0012990832,0.6389326,0.82584965,515.2983
614448c661dd4d169ae7206c372eb721.jpg,9,53.46728,16.200415,9,53.47703,16.187632,1.3751981,0.31955996,0.85240614,0.06430757,0.83596706,0.91816235,1.3751981
615360d01348415ab19a3d3c20cc6ff1.jpg,1,47.746983,11.640578,1,49.883692,6.618844,437.6333,6.145165,0.69715405,0.034243107,0.7020724,0.7644652,418.80112
617a09cbe83d427bb7c3e413b5c81111.jpg,1,54.370456,13.593573,1,53.676365,13.932896,80.299034,19.628067,0.6899838,0.00316149,0.64819753,0.90083015,198.90002
617ecf254b5144c6a100bab74f084e59.jpg,7,38.052958,13.15384,8,69.512747,19.252462,3517.1682,2200.699,0.75333625,0.0078187585,0.70843875,0.9342433,3516.078
61861f8fc82d4354bbe1252021084c80.jpg,3,64.696769,25.580538,3,64.344708,25.877472,41.644417,4.7042437,0.95147735,9.793043e-05,0.9454984,0.98797584,10.524106
61bc96a0c3d24214883b204f2246ce21.jpg,11,36.507503,33.711889,2,38.681827,-0.051148,2967.7114,0.9414302,0.6747661,0.020591855,0.6836388,0.7966225,0.9414302
61de1316032e48d19f49effef5cd8649.jpg,7,38.005871,13.048822,9,53.177938,23.147298,1856.8324,391.59515,0.7068359,0.037134767,0.6995771,0.7358712,1856.8324
620316c5cac447028810b532b84d7479.jpg,2,28.053033,-14.353589,2,28.049279,-14.345004,0.9402129,0.31243747,0.6884666,0.0098570585,0.6887605,0.6905354,3032.3389
623990350e574bbc98a1d3c4569f827c.jpg,2,41.117823,-0.944057,2,41.068452,-1.028365,8.947287,8.947287,0.63240105,0.024062634,0.6282897,0.67155874,3257.4473
6242318c3dfa42c89e3248d5bc8b66c8.jpg,4,43.936445,5.913326,4,43.942412,5.913589,0.6638351,0.6638351,0.8470487,0.034929097,0.8307202,0.91443205,5.616359
624568980a594651afe25bf91db9f455.jpg,7,39.490319,16.958554,7,39.490327,16.958532,0.0020842596,0.0020842596,0.9618341,0.35387945,0.9542445,0.99219245,0.0020842596
62480647de4749198cb73e134e68f3a5.jpg,7,37.704727,15.168297,7,40.832784,17.167955,388.06107,44.21275,0.6475982,0.012603164,0.6480112,0.7934996,2596.024
62567d2dce3a47a4becf60d9c385b823.jpg,1,50.466483,11.49748,3,63.536019,25.748219,1681.6154,522.0393,0.76277477,0.00382334,0.76727897,0.8809948,1600.1088
62777304a3bb4b879cfd6bc324f25d79.jpg,3,66.03963,29.130815,3,66.096795,29.145661,6.3916426,6.3916426,0.7934386,0.0066099763,0.770206,0.9225553,239.6036
62783c0c6ea941eabc98f33911a8a614.jpg,11,39.037385,35.732582,11,38.887744,35.591978,20.607101,10.226618,0.8067452,0.02202177,0.80017996,0.85378635,39.893898
62c3f2f97a7f43c9835a327e46bfc95d.jpg,11,39.540282,27.900419,2,37.845897,-0.788254,2486.417,107.47955,0.66614825,0.0034740567,0.64490336,0.8016716,3058.08
62d6efa36ff144da9c152ae58cbc5c57.jpg,1,53.171263,13.712476,4,48.01381,4.36943,872.745,22.216856,0.6642756,0.00057965517,0.64988995,0.8425189,675.7777
63021b7dfa8043ac80a11df6e52399be.jpg,5,53.185413,-0.592806,7,39.55812,8.879755,1677.1671,25.163155,0.68748045,0.028064132,0.68799543,0.7943037,1358.7872
630345fdef4d4e378b6c37de9238e1d4.jpg,9,49.35731,22.090883,9,49.388712,22.127969,4.404793,4.404793,0.6486398,0.00494498,0.65826464,0.67305934,3011.2996
6316503290a743c9a37ec2b811ff8304.jpg,1,50.125825,7.487796,1,52.257158,14.133853,519.99005,68.63046,0.76576567,0.027629137,0.7575785,0.83005553,438.36176
631753e614d347e697de2a5b4cdb610d.jpg,5,56.724715,-2.55703,5,57.739604,-5.659865,218.15721,34.22779,0.7146914,0.025363088,0.69204247,0.91334057,107.912926
631854cb13784d259ca0efd9cc81eeef.jpg,10,62.105074,13.714929,10,56.387257,14.014869,636.02,25.600233,0.7192321,0.008736134,0.6943994,0.8903012,113.33299
632a063e2842459198a47eb11cb275ee.jpg,0,53.227805,27.292169,0,53.235941,27.234075,3.9710987,1.5937917,0.75980574,0.05134678,0.75631833,0.8186426,579.9884
63368c5d15c9461391387dbd0a2f1d41.jpg,0,53.043558,30.550454,0,53.232172,30.586757,21.112288,3.0175028,0.78960925,0.0005250573,0.75624096,0.92308223,21.112288
633a26949bde43019ee17c71c6b66865.jpg,2,38.268901,-6.032707,4,46.374316,4.188939,1230.2743,368.28912,0.700929,0.004131019,0.6647854,0.8455032,1230.2743
6391cb595c514ae184f3823d57c3539c.jpg,6,64.737515,-23.775885,7,40.912551,14.544998,3591.1597,1465.093,0.6716568,0.0026001334,0.6720887,0.7814272,3316.2
63ac856731d147c0a07def0072f4bc50.jpg,3,61.241717,27.078652,4,48.149411,-4.235565,2445.219,4.5390925,0.78251266,0.013590157,0.78471875,0.85197055,2379.2388
63d5c2a6ef434bc381b84dc6c23b0913.jpg,7,45.165376,10.174545,0,53.518493,30.268511,1717.6902,205.84778,0.7523528,0.029509664,0.75017333,0.80711985,1748.7804
63dcf582f40e46e1829ba8d26337ef54.jpg,11,40.748854,40.244176,11,40.755159,39.620403,52.548058,20.296097,0.7001878,0.026628554,0.6760211,0.7968543,52.548058
63f8b2ca185d4715bf2fb7676cf72d65.jpg,8,69.465926,25.47615,8,69.466425,25.477901,0.08799311,0.08799311,0.89372355,0.036797106,0.8728025,0.9774076,0.08799311
641350edaacf49a9abd810693a48bb23.jpg,10,57.692491,18.53034,10,56.958665,18.303057,82.73054,1.7621678,0.71544385,0.024536908,0.67595387,0.87340367,82.73054
6416db792cc745088cdae904261946ef.jpg,2,37.621898,-0.782052,2,37.62893,-0.796453,1.4899426,1.4899426,0.8046894,0.073367,0.79763585,0.85614216,507.8002
641f81ab42f0466693917383ffcde27d.jpg,8,65.841438,14.814617,8,65.832434,14.891018,3.618729,3.618729,0.8723178,0.009201229,0.8459759,0.97768533,3.618729
643b4b8791ea4c1db1d1cff9fa1aaddd.jpg,11,40.012655,42.210837,11,40.005743,42.21293,0.78898156,0.78898156,0.83433104,0.028252363,0.8092183,0.949231,16.474777
645a9f15629c408f97e23c3e540351a2.jpg,1,50.807634,7.169985,9,52.669271,16.906546,701.0285,183.66592,0.72462267,0.0057638288,0.7116959,0.8274715,700.69403
647a07fd0eeb436ca4e98253738d7adb.jpg,1,47.844851,8.276853,1,52.716155,12.452907,617.37146,12.154286,0.6080477,0.020950675,0.5821369,0.74005866,996.41846
64f3f00e05554be1aa21cce8bf376f29.jpg,0,52.174942,29.341089,0,51.668967,29.12494,58.18177,7.7641172,0.8338728,0.0059563518,0.80460125,0.9509591,58.18177
650bf2af1c3a4bcbaf5a208105357a72.jpg,3,65.555956,28.184113,3,65.543498,28.11578,3.4365294,1.2512139,0.9125776,0.013427377,0.8987285,0.9770573,1.2512139
652c061437f446c4a8c21ad3a0ea4b1e.jpg,10,55.558401,13.855106,5,50.377608,-4.618806,1359.2151,29.68604,0.68362534,0.025043547,0.6499745,0.8257617,1424.0363
65377aca196946a7a9c2529e7595bedb.jpg,0,55.896482,28.617981,0,55.966783,28.646306,8.0137615,0.6376237,0.7920782,0.0074462295,0.76667845,0.9055871,125.94132
65c2ea3b19e543f7a8cba41347aea06c.jpg,9,52.154218,20.195148,4,48.90494,7.70726,952.2224,211.05127,0.70517933,0.004359007,0.6997164,0.8239243,419.48102
65fc7cb4796147b28d59f15d95d12254.jpg,4,49.589714,-1.681619,4,43.402961,6.281749,918.12494,144.96915,0.6940063,0.023340464,0.67121315,0.7869967,920.0808
66018b75d94b4e5fa2a55fbf03db0289.jpg,11,40.851512,35.626371,11,40.8494,35.628693,0.3054427,0.3054427,0.80051273,0.024806261,0.807631,0.8298656,32.863132
66278afaa6804431a0822fcca02d5b44.jpg,6,65.198652,-13.931677,6,65.20667,-13.882543,2.4587657,2.4587657,0.78426224,0.037627637,0.74066937,0.95863366,2.4587657
665098909b5242bc842acc7eb6fff6ad.jpg,9,54.077492,15.635424,1,48.705149,10.244091,704.3781,43.103767,0.71108836,0.010790288,0.6697502,0.8764409,704.3781
668a5c2133084ff28aa8fbcfd56f1542.jpg,0,55.083012,26.87828,0,55.07434,26.87851,0.96439487,0.96439487,0.8203546,0.13445807,0.8159207,0.8380897,0.96439487
66909d1be99544f19c23a91204f8753c.jpg,10,60.311661,15.045519,10,56.671232,15.545416,405.83572,20.90744,0.79176825,0.05478567,0.7650355,0.90643215,889.40594
66cebe5c8dda4bdab8a1602a91af5aed.jpg,5,53.83272,-0.628121,5,54.832253,-2.432403,161.35194,0.7727866,0.7559759,0.030866563,0.71759117,0.90951467,161.35194
66d47a047638482eb4b09f508bd42903.jpg,11,38.324337,43.18817,11,38.324498,42.923129,23.120558,0.09870601,0.7704947,0.026755929,0.736637,0.90592515,23.120558
66d9f4fd551e42f59cf676cfedb30555.jpg,2,39.051851,-3.597225,2,39.029208,-3.670766,6.8322334,6.8322334,0.8768563,0.08313918,0.8550488,0.9640862,6.8322334
66f3870404ef42979c8751ed0c680744.jpg,10,57.557679,18.414362,10,57.580503,18.377275,3.3663127,1.1106701,0.88363296,0.023107767,0.87475616,0.91914,3.3663127
66fac7855a914a958166e31d0b5a050a.jpg,5,50.501644,-4.693468,5,50.508381,-4.719895,2.0134945,0.85421175,0.8053814,0.008818507,0.7693553,0.96223605,8.997845
670cba551b3543cb804bc25991f2fc4a.jpg,7,45.720061,12.727578,4,48.999284,2.136712,876.1097,219.93784,0.6608852,0.017823815,0.63346744,0.8341291,706.016
6730f725dfd749ffaf2eaa51b9407ed2.jpg,8,58.800378,5.600375,9,52.225771,17.352686,1037.4166,478.41187,0.6593499,0.0043187737,0.6388398,0.778231,1186.0251
6743a0e590e442eb90d3b7d108e4c6ab.jpg,10,63.964249,14.073303,10,57.625799,18.527501,744.64624,19.992664,0.77154315,0.008196652,0.758409,0.91602075,180.96584
675506586e384873873677d745f76d2d.jpg,4,44.99362,2.14673,9,50.027773,19.307024,1401.0162,48.261734,0.6313736,0.0084939,0.6405008,0.78971416,280.4987
675b799b2151428c8d594ff232860e0c.jpg,4,46.750883,-1.658808,8,60.172467,9.675134,1665.0542,107.780235,0.63813794,0.0083066225,0.6240347,0.754611,555.29694
67634f26f8424114b69c1f41b79ce8ff.jpg,3,63.736116,26.70894,3,63.331846,25.607077,70.72558,10.887099,0.9143804,0.01559633,0.90116286,0.9742737,95.12023
6781b5e433174bd88c5b4b046bbb97ce.jpg,10,60.061428,15.891086,9,52.740526,20.298494,857.5652,14.414227,0.7731064,0.028124213,0.75665295,0.9215551,708.9384
678d6699602d44cab3f624efdab6716e.jpg,4,46.780895,4.141128,4,46.921401,4.192012,16.095629,16.095629,0.8164604,0.12007022,0.800845,0.8789216,16.095629
6820d0b38f434d939259406a51c5dd69.jpg,4,46.267917,4.072018,7,39.37917,8.589009,849.61176,14.852307,0.6588672,0.014083803,0.6320239,0.80301934,717.4364
68363c3591b646a392a52971efb5ab1d.jpg,7,43.313828,13.639389,7,43.309292,13.639213,0.50458187,0.2948767,0.772285,0.03827536,0.74848807,0.86747247,0.50458187
684b1e5f97ae4cc392151e78f5fc02ac.jpg,5,54.150958,-0.717171,5,52.087129,-3.678146,302.78275,17.913467,0.720239,0.057455063,0.69931585,0.8164543,1571.4299
6856bb4986a647f7865296e8e39876cd.jpg,7,37.869502,12.493394,2,37.891619,-4.723106,1508.8612,8.0368395,0.66392297,0.008311868,0.66646975,0.78252316,1402.5608
685d0d57832641d8ae36366ff1d8e9bd.jpg,11,36.532463,33.588648,0,52.345096,25.017779,1882.2098,22.90981,0.68183744,0.02703768,0.69626,0.77526206,87.30619
689ba8f39fc446beb3e8463e638bc953.jpg,8,67.069381,15.382024,8,67.102071,15.470053,5.2666683,0.14314078,0.89823025,0.033659935,0.8802881,0.96999884,5.2666683
68b486ad28cd4272a38abdf054cdc7e8.jpg,8,61.082631,9.125606,4,48.865113,6.231911,1370.6849,8.69214,0.6683493,0.023503602,0.6419761,0.7738419,1370.6849
68c8711f640b4baeabc29daed627c86e.jpg,11,38.299143,40.906905,11,38.270758,40.9521,5.051986,4.8266177,0.718091,0.018565834,0.7189328,0.80133086,583.7461
68d7118434904f90bf38f4f796e25adc.jpg,11,37.409408,35.782476,7,40.66102,8.32831,2388.7236,38.981876,0.7430713,0.049153388,0.7575469,0.77624387,1928.1677
6907cda532e84ad09ed0abe9162ebbf3.jpg,6,66.008824,-22.933042,6,66.008617,-22.933184,0.023896022,0.023896022,0.9921215,0.06783438,0.99095196,0.9967998,0.023896022
691a779a9e7c43c9addae38696d68283.jpg,10,57.560183,18.312321,10,57.46371,18.444812,13.33013,4.4840765,0.7886672,0.0034986734,0.75319177,0.93059933,11.728897
6922cbb2b1704b8bab342180644f5702.jpg,2,39.612813,3.32499,1,53.924532,11.486047,1705.7744,281.73367,0.6402085,0.01084131,0.6445589,0.7157108,1187.7761
693e208339c94a9eb68bd3240ce9cceb.jpg,1,47.966215,12.422676,1,54.377429,8.729493,757.70215,15.661493,0.73838776,0.02807647,0.713251,0.9230602,687.9557
6970bd2a91ba452195a8c1d4a900c1ce.jpg,2,42.355281,-0.738097,2,42.424623,-0.795263,9.027335,9.027335,0.6305082,0.008930683,0.5988444,0.7861221,459.22443
697b607b06584a49ad842fb95d1fe528.jpg,6,65.568092,-18.546551,6,63.467972,-18.598068,233.536,1.5107577,0.85338396,0.008548856,0.837409,0.9415455,204.4763
69825878a4a848e893ae4ffb45bd3716.jpg,8,59.736801,6.653112,8,59.194105,6.133937,67.09485,0.6895279,0.7460935,0.00890702,0.74159396,0.85058546,46.083214
6995a507f22e4fa48f6ec689ab6fca70.jpg,4,44.606244,1.960639,1,52.482361,14.098929,1248.0747,1.6720343,0.646511,0.009861648,0.6402273,0.8072406,1456.5442
6995f4f45cd8402ca87ad04012c831b4.jpg,2,39.561677,3.240939,2,39.560402,3.244096,0.30552128,0.1780317,0.87983733,0.06259072,0.8601944,0.96245146,0.74592924
69c1fbe3ae0c4b3792f28416620bead2.jpg,3,64.532596,29.005045,3,64.723583,28.411671,35.359493,9.045989,0.81688935,0.014319479,0.7943763,0.94752145,43.25965
69c84de971774cb4826bd1e272928d42.jpg,9,50.482974,23.446198,9,50.485841,23.449191,0.38271898,0.12602165,0.83807313,0.023374796,0.81491137,0.9510345,21.283192
6a0d93935ca444599f148bafe98a49ab.jpg,7,41.028737,8.962423,7,40.948755,9.038381,10.942713,0.496502,0.7431049,0.0076079965,0.69782186,0.9384085,23.775677
6a21ced790e348e5a0c3392d5e922ba8.jpg,6,64.832545,-23.950144,6,64.833042,-23.949241,0.06983841,0.06983841,0.95914924,0.024017692,0.9554399,0.9739865,0.06983841
6a40ac64068f4c0dae2d51a756f0dc5b.jpg,3,67.555689,27.893339,3,67.554637,27.897383,0.20774618,0.20774618,0.7512512,0.042503953,0.722959,0.8644201,0.20774618
6ab01b7ca79a4809b0baf9bef06348fc.jpg,11,39.557206,40.037589,11,39.559239,40.033464,0.41971233,0.20646852,0.89611924,0.0066333413,0.874987,0.9806479,0.41971233
6ab89b421ed64f5c9398a70b7991bd56.jpg,9,50.597929,22.41422,2,41.65757,-3.485564,2214.1138,359.1788,0.673757,0.009733319,0.64081717,0.8209795,1869.5586
6b276f72335d46129c03c789e448faca.jpg,9,54.790194,18.408566,9,54.785546,18.407208,0.5241175,0.5241175,0.64531815,0.0043278933,0.65016735,0.7708056,1036.7776
6b3fe9dff2944a9580f2affcc1df8018.jpg,9,53.039459,20.444335,9,52.944761,20.487399,10.91731,1.4852451,0.72630024,0.008458793,0.70980394,0.81795603,8.625262
6b9ef9f24b314e4bb4853e7d1c05de58.jpg,3,63.076756,23.736286,8,68.383406,14.590031,721.5687,87.25803,0.6454635,0.0059117675,0.6082378,0.80054283,274.8671
6ba0456d23a643f887b9756d555df818.jpg,2,36.859071,-2.635936,2,36.849494,-2.621772,1.6499174,0.30266193,0.843804,0.063025355,0.82571375,0.91616464,1.6499174
6ba1d8b5c59148d7b7e73d9211a09e72.jpg,0,54.410293,26.06306,0,54.121223,26.590901,46.9912,12.186809,0.83122367,0.017662227,0.80349356,0.94214404,46.9912
6bc67f8ed9ed4f7fab921c3ed796d979.jpg,6,66.005804,-22.935248,6,66.008617,-22.933184,0.32641652,0.32641652,0.9760555,0.04972726,0.9706186,0.9978029,0.32641652
6bc7e5d5218442c296a25b66e54c9a31.jpg,2,37.693668,-0.867995,2,37.62893,-0.796453,9.564431,2.8160737,0.7182749,0.0038849115,0.7199501,0.89256513,54.99258
6bcccbf18dec4b74a0b5284ee815b90b.jpg,1,49.341774,12.02073,1,49.341053,11.973974,3.3883824,3.3883824,0.7019284,0.08105916,0.6881701,0.81324065,341.07776
6bd7de803e9941c5b87afc1ee10d930e.jpg,0,53.300528,29.521461,0,53.353437,29.594617,7.6299376,7.6299376,0.8500249,0.0022733212,0.83618313,0.95830727,13.046526
6c44076d052d469195a0f1184ec57eb6.jpg,2,37.557241,-4.051856,0,52.157202,26.091599,2844.993,591.51245,0.73361504,0.0009163618,0.71965015,0.8092295,2846.4468
6c92eff98394438087fa72bb1df5255b.jpg,2,37.453851,-3.940316,2,37.362366,-3.824284,14.440108,14.440108,0.8021557,0.005234003,0.7868389,0.95494473,172.44481
6c984ea6e59f481cb72d0f1082a2d779.jpg,1,50.466695,7.609582,1,48.780567,9.649726,238.20009,10.0418,0.6852668,0.0029622912,0.6469014,0.83872813,238.20009
6cb19d03df7242b384621c28f76e0738.jpg,10,62.160904,17.456813,10,62.159805,17.454101,0.18645741,0.18645741,0.80767405,0.094747365,0.7773005,0.9291682,0.18645741
6cbd327077bc4428bd511059da28a942.jpg,10,63.771135,20.230912,3,62.555979,25.675531,304.75586,8.596814,0.78478354,0.010966778,0.74887055,0.9284353,304.75586
6d002a2b6b644445ae9ac0d9bf9447b6.jpg,11,39.556003,40.040502,11,39.561066,40.029479,1.0999752,0.3319686,0.8875389,0.010594964,0.87061065,0.9552516,1.0999752
6d295b41c0994f51aa77c0fd075ca414.jpg,1,52.734003,8.347443,1,53.307476,12.35975,275.80103,18.365017,0.70471627,0.0041054487,0.6755344,0.8510616,253.02779
6d88e776aceb49d985eb44409d3b8e3c.jpg,2,40.969969,0.34394,4,45.477815,-1.146608,515.5678,68.197136,0.6806969,0.032884955,0.66829944,0.8237906,1939.7589
6dcc57e8eaf34f9abfa46af0c18c827e.jpg,2,28.652656,-17.929139,2,28.498568,-16.206482,169.08632,13.902354,0.71621025,0.033924878,0.7355541,0.7851075,1726.3699
6dd552eacfbe45c5a0d5ae2407b7ab82.jpg,6,63.845366,-22.435288,7,37.320528,15.039187,3855.6387,2195.4402,0.6983339,0.011551738,0.6717537,0.84330034,3299.8354
6dec57f6e54d46858c9b88bb314a6a8b.jpg,11,40.397497,26.847992,11,40.395684,26.839398,0.7551766,0.7551766,0.6242922,0.04013759,0.63007796,0.79556406,1514.7706
6df5dfa1b04747b2bf0bb6bb1f849c71.jpg,8,68.511596,17.097311,8,68.502395,16.894419,8.328994,2.66102,0.8528518,0.0016963482,0.83861697,0.909791,8.328994
6e18696e38f248f6a59f7d0e4bf38a7c.jpg,7,40.706562,8.798517,7,40.609019,8.327648,41.174,0.56500906,0.76883304,0.019794941,0.72722924,0.9493154,41.749172
6e2df17981f248bc9e641481108ff4cd.jpg,5,58.503863,-4.571898,5,58.504171,-4.571285,0.049407028,0.049407028,0.9461649,0.14534444,0.9365871,0.9844761,0.049407028
6e33210a16b84c81992c0f9e102fd1c4.jpg,1,53.767567,12.570469,1,51.619344,10.947875,262.69443,38.40511,0.7099852,0.02138561,0.70384574,0.7824069,128.42416
6e33ae58c0424deeb5a653b5825245e3.jpg,4,48.544304,-4.504034,4,48.553248,-4.699288,14.406848,0.3133762,0.7915681,0.048113286,0.7757194,0.8549628,14.406848
6e33b1e905ce4f56a5067982a3a16d09.jpg,2,39.020087,-1.80578,2,40.807184,0.163785,260.18713,39.084038,0.7297739,0.06418908,0.732136,0.8088999,399.27237
6e54c26f839d48bc8bf1b612115987ff.jpg,10,55.40236,13.156364,10,55.401168,13.155297,0.14868295,0.14868295,0.8568075,0.15560389,0.86927664,0.8069308,0.14868295
6e7b392e48ee4b2eb0d3c328427fd02c.jpg,1,51.573899,9.261534,9,54.185701,16.090026,542.153,43.388596,0.6285329,0.014209509,0.6078658,0.7241968,557.0751
6ea39a226be046aab743d2d3f6d0292f.jpg,10,63.918676,15.746666,10,63.843369,14.375885,67.62179,11.790759,0.78583986,0.009414732,0.7816357,0.8780012,167.23334
6ed4147b5e2a4560895208f24e00100c.jpg,10,61.413824,16.572381,10,61.410477,16.597688,1.3970078,1.3970078,0.70511067,0.0023317933,0.6750533,0.8589711,96.46506
6edc2e46af584c239964887a1e175835.jpg,11,35.957035,36.047269,2,39.440593,-0.39641,3207.7605,1.6087602,0.6738663,0.0007560849,0.664847,0.75783324,3575.435
6f19ac4a099041aaa5b8e650be062c14.jpg,0,53.002563,25.796617,0,52.169271,23.93522,156.19531,29.62243,0.8477649,0.00041490793,0.82467794,0.9401127,156.19531
6f3c5ae2802f442fa5760a3cd11c143a.jpg,5,57.221215,-3.268252,5,57.212318,-3.259059,1.1336104,1.1336104,0.7028019,0.00093233585,0.6861498,0.80661327,599.55505
6f548395023a4d739f22a8d7345c1c7f.jpg,8,69.262466,15.961257,8,69.262594,15.960649,0.027850242,0.027850242,0.909205,0.26210815,0.90356994,0.9317451,0.027850242
6f61628e3b394b87b0dd18712f521998.jpg,1,53.45502,8.344848,1,53.454319,8.344698,0.07857792,0.07857792,0.83146894,0.06796944,0.81320643,0.9051168,3.6798651
6f77711698714674aed505206c45a910.jpg,1,51.4969,14.307091,1,49.093376,7.882327,528.6033,2.222793,0.714426,0.01545006,0.6900202,0.8120489,528.6033
6f8ded3d59a94a9d8add00e42f3ceca7.jpg,10,67.664305,21.300287,10,67.730799,20.684616,27.011625,24.195702,0.91370845,0.03168249,0.89636505,0.98308194,27.011625
6f9fda92251c4d23b7172e9832c103f7.jpg,8,70.135219,23.649386,8,70.29884,24.179638,27.004595,9.111079,0.95352376,0.005953908,0.94372433,0.9927212,27.004595
6fa7dd1011d749049a55267d03526ec5.jpg,4,43.613065,0.944861,4,43.665106,0.566328,31.00606,17.920856,0.73959947,0.10709101,0.7243866,0.8004509,31.00606
6fb229007756437082764666ba72b18d.jpg,11,39.52427,31.13215,11,39.523902,31.133649,0.13492559,0.13492559,0.9564393,0.11784023,0.950258,0.98116446,0.13492559
70305cfb186c430db0677b8ea578452e.jpg,8,69.145047,19.050475,8,69.151995,19.050857,0.77273136,0.77273136,0.726625,0.04751414,0.7054106,0.8604791,1056.7488
704906b6bb9341b3a94cdfd264970247.jpg,0,53.518783,30.256336,0,53.975007,30.466634,52.58073,0.8055628,0.72389674,0.0033462048,0.7221936,0.7457044,89.73843
704bdb1b6ab242899d1a615efc152e4b.jpg,8,64.039022,10.047686,8,62.337888,5.87296,282.0748,73.08671,0.6177682,0.016700685,0.5812504,0.8118205,384.86398
705316e9c0224198957a18e6f1f0fe9d.jpg,11,40.086548,28.355228,11,41.348261,32.023204,339.4402,41.161148,0.64957136,0.009385228,0.64969814,0.6920209,2615.965
70ae61278ab94ea4b8bb55e7a415982b.jpg,1,53.115671,11.074495,1,53.331896,10.013984,74.58069,7.0374026,0.70020884,0.01634115,0.67434895,0.86834186,57.48753
70b60c17875b4bd59a0a3123e0ca0b16.jpg,0,53.480877,28.098512,7,45.947614,12.734162,1381.5322,1282.0879,0.70345235,0.007667601,0.70307636,0.8184234,1648.6979
70d0d17cc71645a186ab69472fe41480.jpg,10,59.735967,17.681908,10,67.086083,20.749479,831.1816,28.816313,0.8093227,0.00018876791,0.79266286,0.8784336,843.6867
70e8685b8bc246ca97d9e584af931581.jpg,6,65.642554,-18.459332,6,65.617848,-18.497322,3.253498,0.3073805,0.8853692,0.04877925,0.8679329,0.95725644,211.32831
710857f95b7f4681922a3170acf3e435.jpg,2,42.15147,3.026452,4,42.463386,9.496508,533.0553,144.99669,0.5956063,0.004601717,0.58505666,0.79351413,819.0248
71234600632142c3856824c502b223fd.jpg,6,65.689862,-23.192854,6,65.610774,-23.209587,8.827593,1.0228789,0.87351876,0.00095421076,0.84876174,0.98374164,1.0228789
715b239e3ac444dc8dc45bc2d47bc19d.jpg,5,54.225399,-0.771264,5,54.517056,-5.548987,311.10855,24.900785,0.7682833,0.02964437,0.7309289,0.9215631,361.63086
71683a6ec66145c8af49057fc9437010.jpg,6,65.765719,-20.2576,6,65.769151,-20.256357,0.385815,0.385815,0.8437152,0.020961106,0.8216237,0.9557203,4.0079637
71ae4078900e468683714371970e0b82.jpg,9,52.06282,21.374085,3,62.10994,28.585284,1197.4136,66.77193,0.6553784,0.022493124,0.6321938,0.80470115,994.71313
71b774b291424fadbc5ba9ce7ac5130c.jpg,3,68.169352,25.779127,3,68.15734,25.762579,1.5008243,1.5008243,0.9509696,0.08808887,0.94706076,0.96660453,1.5008243
71cf49eb5f3c4f889d457d28e9797bd7.jpg,7,40.269767,9.126023,7,40.395052,9.477628,32.89869,2.7834802,0.79095834,0.019757748,0.7911747,0.8505011,59.916283
71e53d49ca8a4eceab26a634e9517638.jpg,5,53.550397,-1.482217,9,49.630833,19.916428,1534.5105,40.020863,0.69289106,0.010775745,0.66186154,0.8170091,1534.5105
71f2738341574bf68fb9f968ebb6317c.jpg,7,41.090202,15.232416,11,36.968532,35.035434,1766.5522,64.65191,0.6919367,0.006984651,0.67317927,0.76932776,1038.4633
720fe66c90f64ef3b8afedd750b61f00.jpg,2,41.660931,-2.504293,2,41.596439,-2.519617,7.2834187,7.2834187,0.6890828,0.01965338,0.6541312,0.86154354,1574.6561
722559fe87e941d59e4c20fe8e779460.jpg,6,65.124115,-14.769465,6,65.227033,-14.571014,14.72396,2.5864644,0.86201215,0.00202775,0.8392551,0.96532977,211.11096
7238ad5a13d04e6eb82de997e35e7906.jpg,5,58.501485,-4.644599,5,58.504171,-4.571285,4.2696056,3.2189991,0.7859258,0.012830675,0.7529134,0.9357045,6.5916758
725c14efca9248c2a923cbd82e96fd37.jpg,7,39.558714,8.878968,7,39.55812,8.879755,0.09441709,0.09441709,0.7328402,0.03003329,0.7386936,0.7828758,1522.8774
72d1b95cb8504d9ab49f7490212db1b0.jpg,1,51.285586,6.584971,9,51.111214,20.875588,994.3533,72.82051,0.66542894,0.012357712,0.6697985,0.79057324,588.3035
72d4991a84fe4ca19a1b0c8532e926bf.jpg,7,42.718974,12.13946,7,42.739112,12.076198,5.631609,5.631609,0.66760164,0.041193485,0.6718851,0.77769727,663.0689
72d804d39a1945ccb12237eb28bcf978.jpg,10,57.836769,18.626182,3,63.941637,26.853145,810.3213,212.92393,0.72490007,0.0087301135,0.6982082,0.8595247,809.0691
7331c85918e347ddb4bbbb5403150f83.jpg,1,49.618034,9.620983,1,50.173649,11.226447,130.53972,1.9080462,0.6627933,0.022384763,0.655606,0.8307313,115.11174
73450f32690c41da9ceef5d8347524e6.jpg,8,60.615183,8.523274,8,60.598869,8.481029,2.9335983,2.9335983,0.70637345,0.017082632,0.67494607,0.84706444,34.223244
735f6e0f7db5432b8212d630deefe719.jpg,6,66.079521,-17.327381,6,66.083778,-17.322374,0.5244235,0.5244235,0.879203,0.05388552,0.8603862,0.9554081,20.140743
736f2a670c8b4f799a3e6cb1d54cc6d4.jpg,0,55.316556,29.450466,0,55.316826,29.447743,0.1748925,0.1748925,0.8751641,0.04040754,0.8584745,0.95397913,56.08636
73932da3b3e24be38e44fb3e0c27bda4.jpg,9,53.439261,23.552421,9,53.485434,22.551007,66.49166,7.359907,0.69039613,0.015699685,0.6714004,0.7663789,66.49166
7394151152e84aaca41ad7b4626f0eb1.jpg,10,65.185325,19.535845,10,65.184437,19.535891,0.09876456,0.09876456,0.9527196,0.044659197,0.9434917,0.98963135,0.09876456
73a8bec47aaa4ce5957ed7577447fb76.jpg,9,49.809902,22.387182,9,52.000945,20.672922,271.65356,8.815853,0.7484256,0.013617694,0.72916085,0.8347887,281.98624
73b11b791ec44506ba7ab3616912b7ba.jpg,1,51.466067,10.842864,2,39.394493,2.941892,1475.0665,97.677704,0.66627705,0.00066667795,0.6665788,0.78761923,730.6383
73cc300fd1694495b1d5210db764e9fb.jpg,8,65.091453,13.331197,8,65.085325,13.325799,0.72679657,0.72679657,0.8800099,0.0010145903,0.85865426,0.9729047,8.048063
73e4f0cf474f4e80961952a1bc01fe73.jpg,2,42.834054,-1.630367,4,46.051633,4.355845,594.57477,546.93317,0.6711813,0.007950962,0.65998125,0.7880577,1085.707
73f516773fc541cc889ab8f93c644911.jpg,9,51.587893,22.071876,7,40.90686,9.381842,1532.6333,11.966307,0.7571813,0.009720683,0.7505221,0.8424362,28.435638
7400642df39e4f1e9303664bef18f640.jpg,0,56.028255,28.367618,9,51.274621,22.959957,637.0828,0.85100913,0.6345448,0.010972917,0.62198114,0.7691135,2129.136
74067f37a5244bcea3c13bb5937b68c3.jpg,6,65.738799,-22.016716,6,65.741336,-22.008326,0.4759351,0.4759351,0.8840478,0.0272547,0.86777085,0.9743858,3.1444824
7427cdb122f248daa4516a9781c28dbe.jpg,0,53.652873,23.979197,0,53.630588,24.742174,50.35625,8.63628,0.85462135,0.0014150739,0.83305895,0.9408709,50.35625
742815144e3449de960c4349b68bb9e1.jpg,9,54.679728,18.19492,9,54.686765,18.189703,0.85131574,0.85131574,0.7420847,0.08308011,0.73669446,0.76364547,0.85131574
7430742d795740d79abbeedde58f2765.jpg,1,48.082727,12.569816,9,51.349824,22.590907,805.95306,14.1037035,0.7008899,0.015262008,0.7166919,0.7965285,359.9312
743c4f5df57b44338f22f0366a5b29b6.jpg,10,65.864086,16.448039,10,65.901352,16.322517,7.0495534,7.0495534,0.9303005,0.007227659,0.9206726,0.972409,63.981068
747e712c7f79496caf66ba4a5a7acd92.jpg,11,38.512692,34.945881,4,43.570236,6.126872,2468.1794,664.7667,0.62451446,0.005927801,0.59288526,0.77432054,2472.0977
74b030748835443db95f8617cc88ac21.jpg,4,45.883507,5.989569,4,48.476178,-4.58356,848.65906,145.52644,0.69748455,0.004629791,0.65850365,0.8834933,849.8771
74bb195247a244d8899adbe27e607451.jpg,5,53.14069,-0.765848,5,55.748647,-5.050611,400.91864,87.63567,0.69558537,0.019423604,0.66792524,0.8788879,497.09042
74ee8752701f44ee8ac8a1dec42f0942.jpg,5,58.505885,-4.34011,5,58.510924,-4.335503,0.6209339,0.4775497,0.8458946,0.024075449,0.8144753,0.9715716,0.6209339
7503d9f17b9d48e7b0769adec182ce88.jpg,7,41.0175,14.746772,11,40.627886,30.331917,1310.3911,10.074847,0.65506303,0.0053418875,0.63742065,0.72978437,1854.4825
752b6e4f11d74e8b9b0fa9586cbdfc69.jpg,7,38.095673,13.193202,7,38.095805,13.19241,0.07084378,0.07084378,0.84289885,0.18040162,0.83667845,0.86778045,0.07084378
75659c9dc5c844a799a78d98af109767.jpg,5,51.586342,-0.727957,11,38.946792,36.044773,3158.4438,32.925007,0.6059911,0.00030767918,0.5896947,0.691349,643.8443
7576b75676074f60a7f1fd7069b89fbd.jpg,1,51.425688,9.500833,9,53.797447,14.643786,435.86407,37.69505,0.68173915,0.03088528,0.67277354,0.8163516,368.8432
75815aafb9464751a92302c5d97c377b.jpg,5,50.455996,-4.708685,5,50.508131,-4.746179,6.375339,1.2761153,0.8051505,0.009500682,0.7754313,0.94729847,2.4811056
75c2d16dd7fd444bb4053f3f373a4080.jpg,2,42.034048,2.45752,8,67.322475,14.617682,2906.3008,292.2952,0.652914,0.011608183,0.62060267,0.7821592,2906.3008
761ee3eaf3ee4a2e89d7d716feb74ddd.jpg,11,41.289535,27.606488,9,51.349824,22.590907,1182.395,72.93735,0.7242944,0.012090027,0.69876415,0.82641536,1182.395
762f0bd2039349eb851964223e41e311.jpg,8,69.306703,16.090111,9,54.659258,17.34502,1629.9585,117.90107,0.74735534,0.017171264,0.7126148,0.8863176,1629.9585
7659e671ff3544a99e798e734dc7510a.jpg,0,51.956651,25.564037,0,52.080309,25.558226,13.75591,13.75591,0.8527828,0.0024485588,0.8321043,0.9529872,59.8679
768bd34df71a489e87e1ea1e0179ee80.jpg,2,41.758081,-1.084571,2,29.008471,-13.531969,1807.8464,31.296057,0.71609306,0.003919184,0.7210737,0.8206152,257.85455
7691e62a7c8043659057a5db3aa8df85.jpg,3,66.992849,25.256661,3,66.999972,25.217886,1.8617973,1.5593892,0.9072495,0.0015231967,0.88709056,0.98788536,1.8617973
76aa5e27a8864946964626022f5043d0.jpg,5,50.979912,-0.741373,11,41.443647,31.83006,2693.5093,94.25096,0.63564277,0.0017366409,0.62773937,0.79830635,1451.5988
76e21a48d21f4194bdc73949a230369f.jpg,3,61.873685,24.507255,3,63.004689,22.310788,169.0567,0.16872619,0.89228475,0.0060899258,0.870293,0.9826646,143.69582
76e261df84ae427a8f0a96063d423633.jpg,6,65.789922,-22.563466,6,65.872224,-22.393571,11.982358,1.6623167,0.9174354,0.006432414,0.89871895,0.992301,11.982358
76e28923263148aeaaf7af6fac3b3694.jpg,9,53.548595,23.768023,9,53.541907,23.698013,4.685013,1.1002419,0.84956163,0.009177506,0.82184255,0.96044505,122.23011
76e815a060584630b98d878a24dc4204.jpg,2,42.513018,-5.420392,2,29.100232,-13.469668,1656.7418,178.64163,0.7190142,0.010428548,0.71319544,0.8305403,1680.5348
7711d8a03e59412590ec993560840274.jpg,3,62.839839,30.133034,3,62.301981,26.998262,171.32454,45.125206,0.74510443,0.0036491156,0.72067446,0.8621055,1062.542
7740d39ea17240d7ba90d6f8a9abcccb.jpg,9,51.058772,21.282071,4,43.64486,1.217469,1713.8469,1.8590398,0.7619387,0.024261594,0.73926616,0.85262877,1713.8469
779cdd584d824910b476369fca51247e.jpg,1,49.150644,12.770521,2,42.027822,2.977389,1097.3604,34.429844,0.73934567,0.008396506,0.7106849,0.87812734,1098.8705
77f7aad7bb06416f897f2d8794007e0a.jpg,4,44.521028,1.55325,4,44.504556,1.04975,39.96572,20.449263,0.6884454,0.014584124,0.65575767,0.81919605,39.96572
7801ae27003844ec9fca278a5f7b8da8.jpg,2,28.992357,-13.741676,2,28.986756,-13.741806,0.62293196,0.62293196,0.7096863,0.054193974,0.69889516,0.7528506,0.62293196
78044eafb0014712ac716c12273f61eb.jpg,10,66.564894,20.012352,10,66.483439,20.280697,14.944122,3.4801602,0.8541766,0.005896151,0.83366156,0.9574564,17.020882
7831ab5b10474d2289b42eeeac77fd76.jpg,1,50.844976,8.776967,5,56.340248,-3.548863,1014.9617,57.32668,0.7090534,0.0253039,0.69114184,0.7973591,1038.8562
78324d3d48a0454ba3bf7a6d559c610b.jpg,8,60.50297,7.966255,8,60.598869,8.481029,30.094648,7.367895,0.7247567,0.0436188,0.68812346,0.8712896,30.094648
7865e6dfd70c4bab8cf9685ebdd587d6.jpg,3,61.341425,21.773551,3,62.902019,21.211909,175.96855,3.7559187,0.72356594,0.012573123,0.6838839,0.89972234,64.630844
787b5332e3634e559382837934639dd2.jpg,6,64.879559,-13.803707,6,64.882839,-13.810714,0.49235365,0.49235365,0.90486515,0.005629301,0.8885077,0.98232555,4.614393
7895e8d5ba4a489bb72c3965bffc554c.jpg,2,39.709139,3.014539,7,45.401837,12.14855,978.90656,219.5989,0.6869788,0.018417954,0.6743916,0.8214427,728.56287
78a19dbf18734c4781d4910d65a4baab.jpg,6,65.420121,-14.587878,6,65.377849,-14.530702,5.394355,1.0422025,0.8983256,0.013825357,0.88949025,0.9659792,1.7402956
78a604d4063040308f65c8519fe3b11c.jpg,6,64.626301,-21.467498,6,65.405404,-20.633793,95.06801,9.056844,0.89734423,0.013530195,0.8763271,0.98141295,95.06801
78c81c60eb72479db2f506efa15a5dcc.jpg,8,70.29497,24.155149,8,70.316104,24.220235,3.3869035,0.7917344,0.97138786,0.010200918,0.9654196,0.9952606,3.3869035
78f584f6c31b4f5aa78b01eca3ae58e7.jpg,0,55.316771,30.306301,0,53.019013,30.5697,256.07352,80.13005,0.7559659,0.009188831,0.74878377,0.8309867,746.0916
78f71fcc71634166b50a68f3d018c8e3.jpg,9,52.930359,14.45134,9,54.453439,17.239374,249.72505,31.773031,0.6619362,0.023794234,0.6424915,0.7490924,320.46393
7994cac6893f4d8d8f91be4917182731.jpg,4,48.504838,-4.755796,11,36.362004,33.946935,3406.106,6.803762,0.7029725,0.0013793111,0.70156974,0.83814216,142.52905
79b4788025fd40ea82e991ddcca3a09a.jpg,7,38.743536,16.483534,2,39.348074,3.005866,1164.773,0.7385604,0.6357415,0.002490878,0.6171992,0.79976517,1285.9025
79c17dc8be944812a1a9081ed24066a4.jpg,8,69.502021,25.468504,8,69.466425,25.477901,3.9750044,0.99673724,0.88307804,0.027414143,0.8629628,0.96966004,0.99673724
7a09f4d4cdab4423a805cceeb4bb71b1.jpg,11,37.770711,27.277669,11,37.787755,27.275905,1.9015392,1.9015392,0.7654476,0.008179724,0.73619974,0.92573977,828.32904
7a24b2a25e0d4d8eb9ccfac043cef4fc.jpg,9,50.980623,18.732433,9,50.9688,18.746015,1.6225398,1.6225398,0.8445474,0.15382612,0.83529663,0.8815502,1.6225398
7aa5ab98b15f42e9bb5148aea5b49d3f.jpg,9,51.89062,21.342192,9,51.581611,21.773624,45.422882,4.9127216,0.78870386,0.017325103,0.76749706,0.87353104,45.422882
7ab704addfee46db98333a133ed84ea4.jpg,2,41.982395,2.882943,2,41.980902,2.868287,1.2227561,0.993733,0.63344437,0.012841284,0.6282202,0.7358051,619.53156
7b0ca52b7c6d4e96ae04b1085ce2a938.jpg,11,38.317439,29.825674,11,38.321575,29.868116,3.7310846,3.7310846,0.7724495,0.07133198,0.74796635,0.87038195,3.7310846
7b1197ec8bba4ca6b16e8b02545ffced.jpg,5,51.139531,-4.251186,5,51.907226,-1.521096,207.25824,79.27959,0.67247057,0.012587309,0.6778481,0.7645947,1225.9485
7b1bf15372ca433f96c1193f467d0f71.jpg,1,54.234632,10.580435,1,54.244428,10.590835,1.2818846,1.2818846,0.7552311,0.039733708,0.72518146,0.8878825,593.6486
7b4da6161742429d854eac27c55ae81e.jpg,4,43.811529,-1.370474,4,44.094448,-1.318053,31.737837,1.2038935,0.83086574,0.015024066,0.8058762,0.9522381,1.2038935
7b7db7a464a34d659c79e40ee3616aac.jpg,7,41.189527,16.414301,7,41.170738,9.298414,595.3678,74.64765,0.7390813,0.018634498,0.69996834,0.8955332,595.3678
7bdf988a624042e587a0ffc1bf77a8ce.jpg,3,62.751925,29.85952,3,62.83153,29.84284,8.892214,8.892214,0.8561514,0.034873128,0.8245044,0.9827393,8.892214
7be2b3ab1ce94849a1959dcdca3cf319.jpg,5,52.311878,-0.129725,7,37.990032,13.869172,1926.8723,235.89816,0.64760923,0.0075860023,0.62940866,0.7799425,1147.518
7bf3b6587794487aac8a0c99ba286ed0.jpg,8,60.259332,6.401557,8,63.524994,9.933647,407.4113,59.396732,0.759647,0.059872866,0.75464326,0.802017,2306.511
7bfe38871cfa45dcbc590bedbace4181.jpg,0,52.643996,27.464947,0,52.468177,27.474117,19.560034,1.6160607,0.8346362,0.019063532,0.80303645,0.96103525,19.560034
7c48b910cfb4414cbdf5370662571618.jpg,11,39.34618,26.780973,11,36.334401,33.659188,690.3397,33.102,0.7375904,0.0003066659,0.71516013,0.8806017,700.4443
7c4b6eeab9f24bc9a37021a5ea0d0fa7.jpg,8,69.4412,25.023601,8,69.439946,25.012518,0.45469224,0.45469224,0.9087695,0.06387687,0.8903898,0.9864105,1.1330637
7c635f9f95f24358bc593bea231c187c.jpg,0,52.028638,23.79877,0,53.074939,25.264171,152.8079,8.476112,0.7320161,0.021399975,0.71712303,0.8196735,292.1472
7c93fcf6246146f28bdd9cf3193f1e07.jpg,0,53.456701,23.890183,0,53.441361,23.930519,3.169261,3.169261,0.71963006,0.066131234,0.68853986,0.8439908,3.169261
7ca3b5a220bd436ebd81a37ab989bee8.jpg,9,50.188165,20.063231,4,43.774598,4.891925,1350.1497,1.547058,0.696809,0.060589194,0.69057906,0.76150393,745.6872
7ca5da5f6de5439d95ca94702c09fa3e.jpg,7,43.960102,7.717214,9,51.49432,22.559617,1386.4735,6.698342,0.6921951,0.022956371,0.69848716,0.82327455,507.57495
7d11a45cbe4642619cbc256ab9c98a64.jpg,3,60.059376,24.265561,10,59.875058,17.397116,382.6231,23.448166,0.6982841,0.024442732,0.6952481,0.76004416,623.6607
7d3809073a3046b994216124c5c3141e.jpg,6,65.729805,-23.163249,6,65.811202,-22.518352,30.789207,5.6658874,0.8738593,0.0012353063,0.8488282,0.98082054,6.398144
7d391d39dbee4fc59f12dfe292254d61.jpg,6,63.69813,-20.208479,6,63.701118,-20.213115,0.40318748,0.40318748,0.9164371,0.054369807,0.90206754,0.9739151,0.40318748
7d3ec3c206684cdba509b0a522f6543e.jpg,2,42.863018,-8.636295,4,44.079734,-1.00317,630.39545,120.70861,0.6818421,0.0023712516,0.6766026,0.80858916,1153.3452
7d4835269a224c78a4d6ca247c5f6762.jpg,11,41.01713,34.610662,11,40.746809,36.354833,149.67896,0.37061107,0.8342932,0.023377478,0.79988,0.9760795,139.75464
7d81f67b566d4dbe8bf9ae73509f4f66.jpg,6,64.973129,-22.933374,6,64.965791,-22.895596,1.9556807,1.9556807,0.89865965,0.05033028,0.8811103,0.9688568,1.9556807
7d8c30c711d64144b0c99764d7b85cac.jpg,11,36.628573,33.233588,11,36.571673,33.291105,8.148251,8.148251,0.649732,0.042324126,0.6515852,0.8086822,99.12245
7d930ded78284deba94055f3b167ee4d.jpg,4,49.150955,0.770498,4,47.042449,4.339953,353.82007,70.73921,0.6648695,0.004104495,0.6753669,0.77804565,1045.6653
7dbdeac43360449589d44d8268f5cf2c.jpg,0,53.342035,29.578723,0,53.692451,30.066095,50.561737,1.649396,0.74702024,0.0034579039,0.73579264,0.8241744,40.739952
7dd53eb9dc594496b75663179e16e2d1.jpg,5,56.519868,-6.956313,6,64.901411,-23.932289,1304.0995,1.8531033,0.7446065,0.00072848797,0.73957276,0.9134203,1.8531033
7deec5f3f8704aa6b5fced46aca0ee2d.jpg,10,65.696885,19.2502,10,65.74167,19.389552,8.086934,4.2003183,0.8956462,0.05203104,0.8792418,0.9612637,8.086934
7dff35d92e0e445584af6653f19ab6da.jpg,11,36.341596,33.402544,11,36.336381,33.404975,0.6194165,0.6194165,0.7449992,0.03443718,0.7102842,0.88552153,1959.3398
7e0e585d81624eabbf5b73a6928b51db.jpg,1,52.643679,13.630342,1,52.114748,14.422463,79.68608,2.0091965,0.73065627,0.019282341,0.73443335,0.7718092,170.8075
7e21581ac7f34bc19ad95a992d8aa671.jpg,9,51.954862,21.573184,9,51.749842,21.770093,26.507063,15.641319,0.78832185,0.03530407,0.7778331,0.85088193,82.014915
7e37119aac77426a9fa9624bfa0eb777.jpg,0,51.895484,26.862559,0,52.132036,25.538637,94.345116,5.4170995,0.7632096,0.016740263,0.73166704,0.8893796,94.345116
7e459b22e2894589a0579c954d254191.jpg,6,65.242388,-21.769507,6,65.288631,-21.748123,5.2373595,0.8582776,0.8105917,0.0027911663,0.7725628,0.9627069,5.2373595
7e6072eebcf345afb9bffadd467b1a99.jpg,4,49.584025,0.246717,4,49.512661,-1.290838,111.20698,24.424284,0.70373106,0.01519388,0.7043566,0.7892195,401.815
7e6539407d69449d9af37689404336b1.jpg,2,37.384465,-3.829737,2,36.820921,-2.253433,153.19267,2.5040994,0.7689049,0.03539884,0.7590798,0.80820525,153.19267
7e90abd8b7c748bfa8deac81523eb212.jpg,4,45.024511,1.977663,7,43.522332,10.378599,689.048,13.681437,0.7039078,0.019639373,0.7059853,0.80720234,1432.3104
7e92035959ad4190aed55d86a8023215.jpg,5,51.655962,-4.813006,5,53.397503,-1.464898,297.94214,8.494812,0.72250617,0.027534246,0.6822342,0.8835938,297.94214
7ea0a636c3f44f3c96ffb7f38e829ea0.jpg,6,65.508431,-18.609608,6,65.518832,-18.599921,1.2397195,1.2397195,0.88862294,0.036504865,0.87910473,0.94273627,13.21764
7ea61158865c40409cc4a24959f27ab6.jpg,10,64.317758,14.93895,10,63.996555,15.276591,39.287006,1.890514,0.8993829,0.0134394765,0.88201255,0.9780986,46.891468
7eb20104d5e34c3da9dad1a4e48186a4.jpg,0,55.27113,26.495818,8,63.992221,10.182607,1327.1682,186.50575,0.72442186,0.0032696724,0.7006372,0.82594186,1291.9808
7eb5d11e30364bb4bc250672aada6b61.jpg,7,40.87557,9.039777,7,40.735743,8.820233,24.149353,3.4442253,0.837464,0.018608093,0.8073691,0.9578435,24.149353
7ebb2e69568040919c7d1d63cf7e8632.jpg,0,53.13568,24.258322,0,53.138475,24.304861,3.1199586,3.1199586,0.7399359,0.09838021,0.7303023,0.77847034,3.1199586
7ef67420843d4e5ba1e8ac09c3562a06.jpg,7,45.688731,12.667248,9,51.216945,18.478352,748.8376,260.8499,0.7292169,0.019432902,0.6975259,0.8559805,748.8376
7f0c4974cf2b425bba5b80658cfcf076.jpg,7,43.136857,11.793897,4,44.530403,-1.014092,1037.8507,4.010242,0.7640199,0.015776455,0.7515177,0.8140287,1037.8507
7f375dddde754b2cb35c49526ff996db.jpg,3,61.656168,27.146455,3,61.596239,27.52327,20.997238,5.4372067,0.83783364,0.063028276,0.82105136,0.92077553,914.67755
7f48e0cb96d84a538e61a0ffa201a948.jpg,3,62.172736,29.957261,3,62.100731,29.968609,8.028292,0.5550791,0.8870507,0.0066570044,0.8670242,0.96785176,78.11651
7f4d30d1125c430fb91386c2e5e47c34.jpg,10,60.148883,16.401681,10,60.351208,18.205365,102.02908,11.924445,0.74860394,0.0025839806,0.7233325,0.8496894,102.02908
7f5103b135c14622b13b48a5fe4c7def.jpg,8,69.369434,24.32151,8,69.376279,24.218811,4.094331,3.5134034,0.84306777,0.020108461,0.8128654,0.96387696,4.094331
7f61a15fb2654f24b3397d8da9bd930d.jpg,3,65.700923,24.662811,3,66.241134,25.341481,67.47162,17.003452,0.9457229,0.00646013,0.9359139,0.98495865,67.47162
7f61b4200ff64230bd174e45d8cd6174.jpg,3,61.802653,24.444865,3,63.004689,22.310788,173.03896,0.3880842,0.88366026,0.0053656697,0.8612346,0.97502685,40.257095
7f7c617bc160405ab8e3e3e97dd5dadf.jpg,9,51.664633,17.799788,1,52.658756,8.443347,647.23114,7.256971,0.66940534,0.00037890673,0.66730654,0.7712728,339.87134
7f82b6e1c6b544bb908edbdc193d171c.jpg,0,52.928469,30.028694,0,52.729419,30.322465,29.65498,2.6934822,0.90269494,0.0049500465,0.8936849,0.93885535,40.482025
7f8b06df1b8341918b31f51413e0b7a3.jpg,1,51.332183,10.492773,9,49.876104,20.242047,706.24506,86.12044,0.7238722,0.03811145,0.69352335,0.8452673,706.24506
7f9e0ebe976041c7a721ca86cdfe24a5.jpg,10,61.262393,17.131567,10,57.48945,15.023168,436.142,19.754654,0.7364308,0.013421774,0.69905436,0.8859367,436.142
7fc8e95ea845415dac0b752e6dabc807.jpg,10,60.236904,17.459465,10,60.225298,15.078272,131.46172,30.383259,0.72824115,0.030986428,0.69152004,0.8751254,131.46172
7fd0e092766843a3a4453c80e7591fe1.jpg,9,53.51364,14.679513,8,58.074479,6.685535,711.081,24.049744,0.6864209,0.033074558,0.6459491,0.84830785,711.081
7ff5d309732e412aa49c0191f16a15d8.jpg,10,56.80765,14.462141,10,56.821508,14.472795,1.6718142,1.6718142,0.8625494,0.116212845,0.83514464,0.97216845,1.6718142
7ff7ee8353ba47818f4b9ae7c60b836e.jpg,11,40.164124,38.080937,8,60.220276,6.43698,3113.744,93.57401,0.63296413,0.0037047267,0.59408295,0.7884888,3113.744
800c813af037431e928d9c4f502a6214.jpg,10,67.964824,19.976606,10,67.964217,19.978608,0.10738343,0.10738343,0.9012416,0.15774548,0.8931917,0.9334412,0.10738343
803f103b95b44691903204c2054b45d7.jpg,10,67.235525,23.312061,10,67.451696,22.063476,58.63253,1.5319299,0.8512157,0.04238808,0.82000124,0.9760734,58.63253
8044c67826174b54b5b23f1ec36df0c4.jpg,2,37.332484,-3.276836,2,37.884983,-4.369356,114.17437,39.87051,0.71539867,0.027629673,0.6850436,0.836819,114.17437
80758a98b3224ff98632d82e41ee8f3b.jpg,10,66.234347,21.400949,10,66.872859,23.086408,102.958145,12.121832,0.880123,0.02193749,0.85921717,0.96374637,102.958145
807d7390f054434b89323840b11d9711.jpg,7,45.16209,8.148381,7,44.531273,7.518321,85.94964,17.766373,0.69367635,0.0005675554,0.6777532,0.83285046,530.6322
808ecc8aacb949e5b2d3a1f0487bfa88.jpg,2,38.381189,-6.277205,7,40.261685,18.09904,2100.601,10.722354,0.6709023,0.0046569705,0.6568624,0.79278743,662.08014
80937f683ce6477397ce022c72ac0367.jpg,11,37.202773,40.203163,11,37.212149,40.085185,10.500189,10.500189,0.8266754,0.035412252,0.8095296,0.8952584,10.500189
80b4522250f74527a792bd130705be31.jpg,0,52.62256,27.470244,0,52.629622,27.468486,0.7941743,0.7941743,0.9390458,0.040467918,0.9268569,0.9878011,0.7941743
80bbb792ae0c403f883be412e9885a18.jpg,2,39.339619,3.095482,1,50.848793,8.776313,1354.2053,5.4202523,0.68830824,0.012423396,0.6611049,0.79712135,1354.2053
80c0cea0c34144a99d8423cb23c2498c.jpg,5,50.141467,-5.395962,5,50.28046,-4.990212,32.74965,2.3084571,0.69286406,0.0025850534,0.6481466,0.8847367,6.9236727
80d5a850ca3547c9af665df0ffb45b08.jpg,8,59.708193,9.786036,10,57.48945,15.023168,390.8687,11.731886,0.72007483,0.005872309,0.71051574,0.84925354,701.6228
80e0ce2b39e34056a453f9ac1eca91c0.jpg,4,44.715829,-0.56003,4,44.687391,-0.537311,3.6364095,3.6364095,0.7787795,0.03952551,0.7583955,0.86031544,3.6364095
80ee8239670b4dc3b3eb715f8f8576f6.jpg,10,67.837657,20.495744,10,68.230622,19.655803,55.943794,4.066388,0.85245085,0.010922611,0.8265054,0.95700073,14.291154
81070681383d4225b3ad213ee6dcfd45.jpg,5,50.394877,-5.075635,5,50.357493,-5.092295,4.3215423,4.3215423,0.81873846,0.048731923,0.78645086,0.9585177,424.79175
810d6b9708c3427cb8aafe16598d3cfe.jpg,9,51.434176,21.663046,9,51.386758,21.629585,5.7607846,4.7687635,0.67771834,0.009458363,0.6581178,0.80480033,148.75972
811c5cef8e28467fb970388122e7132d.jpg,5,56.558919,-5.353962,1,53.000128,13.868698,1289.6783,930.81555,0.6709057,0.0074793696,0.64131856,0.81624925,1205.4423
812d882163174fe7b38627dace086df8.jpg,2,42.306883,-7.615863,2,42.436649,-7.705097,16.184637,15.691902,0.6994866,0.043834925,0.6785157,0.8124207,15.691902
813082040c954eb7907cb0543381077f.jpg,7,37.83641,15.096152,7,37.814079,15.127657,3.7178967,2.110794,0.7900037,0.022737801,0.7648175,0.9150467,2.110794
8136c972473646539e6850e21f6809a7.jpg,3,65.724833,25.203418,3,65.759223,25.293917,5.631685,3.4321916,0.86231756,0.027602315,0.84318596,0.93884385,5.631685
815704175b484612b129c53ecdef29a5.jpg,6,65.726408,-23.756688,6,65.749459,-23.843698,4.730237,0.70186067,0.86682725,0.002989173,0.8425612,0.9638914,4.730237
816e4fc1c06d4d8195a5141f18bbd02c.jpg,5,50.255007,-5.090458,5,50.200644,-5.339589,18.724642,8.177009,0.68966895,0.015396893,0.65792465,0.82600915,10.194285
81778315ed5348d9b88d4df98f4d76d0.jpg,1,49.280711,10.775211,1,53.510688,11.173436,471.1613,11.80447,0.73231936,0.043377638,0.7437595,0.845925,23.907887
81ac00b21a724cb1961e3949e481b218.jpg,5,55.8458,-3.585968,5,55.918652,-4.857573,79.72005,23.979834,0.69491774,0.004192412,0.69657123,0.9138437,1366.1138
81bccc68df7f452c8274ae04ab8581c4.jpg,1,54.060049,10.145483,1,48.687349,10.341128,597.5715,9.70962,0.68501335,0.01122129,0.6767787,0.82558674,366.65244
822543db051b4b029376ef5a179f1a9e.jpg,0,51.871743,29.944619,0,51.901973,29.853323,7.110493,7.110493,0.91175705,0.0034881234,0.90384376,0.96858215,11.560647
82313ff20bf7448086cbdbb74a938926.jpg,5,58.493501,-4.721789,5,58.504898,-4.70655,1.545946,1.545946,0.8087202,0.0375731,0.78057766,0.92129016,1.545946
824c4d9290e341b98b1036864f78275a.jpg,1,51.076696,8.63294,1,49.702115,8.963045,154.6274,3.9996045,0.7489132,0.04471582,0.74248534,0.80548525,642.16394
82694d35bcda47f2a66ba54bc5ede4cb.jpg,6,63.842171,-21.51297,6,63.84916,-22.210397,34.192173,8.219158,0.87585175,0.009098887,0.8522468,0.9702714,34.192173
82740c461bde4e8d9167d795ebb1213b.jpg,3,62.450594,26.811532,3,62.502772,26.883848,6.8898787,6.0887365,0.8715049,0.024995506,0.85057783,0.9552131,6.8898787
8299a3c325bf4070bc5aa8c477fb4f9a.jpg,9,54.577809,16.933604,9,54.581144,16.905119,1.8728168,1.8728168,0.7149535,0.008069992,0.69237876,0.864266,360.65836
82c34408d6174caaa4a0ffc0b9022feb.jpg,9,53.400241,17.958947,9,53.829135,16.141221,129.03314,94.26271,0.72766304,0.028413773,0.70636714,0.8376961,830.9629
82e252d5546340b28a5ab29fb7882e5e.jpg,1,50.327647,8.910874,1,50.367544,8.865467,5.4828873,5.4828873,0.73016185,0.010855913,0.71988153,0.8513459,194.56361
83015a43ad144f47ba26fe5e68ad3e3d.jpg,11,39.936478,32.787185,7,43.498535,10.724185,1867.6605,129.19807,0.69287765,0.020947874,0.6703435,0.78301406,1867.6605
83245f968dba4789a9870be8794b178d.jpg,3,68.008903,25.186969,3,68.010763,25.187895,0.2103859,0.2103859,0.9580089,0.0134417415,0.94850814,0.99601173,0.2103859
8334f10090574b9c9ceda27ba4c63db8.jpg,0,52.891529,29.312066,0,52.797969,29.406642,12.189111,1.2805607,0.81672883,0.018104255,0.7912521,0.9186357,12.189111
833d2c2b6fe847d7a467978c482b35a1.jpg,8,69.44072,19.239649,8,69.438057,19.246305,0.39401084,0.25614986,0.8977198,0.0029634833,0.8766695,0.9860517,1.8323222
83475fe2995f45f5a8ff34a9e61f9c0b.jpg,5,53.703286,-1.605167,4,47.562966,6.861212,905.8087,11.165001,0.65583694,0.0021272898,0.64981294,0.78329515,419.41687
8357dfa5cfdb4ac5b1949f8a32c61abe.jpg,3,64.410855,25.8208,3,64.802552,25.512973,45.961506,0.46650964,0.9059456,0.00053173304,0.88861823,0.9875784,14.233535
835c5836a09646d5b4404b727c2e7848.jpg,1,48.063777,12.095955,10,61.410477,16.597688,1511.0758,18.377241,0.7287396,0.0689044,0.7184348,0.8131931,1610.2305
838bec7a3d8043ee9278d276092e1204.jpg,3,65.823742,29.257103,3,65.75071,29.193629,8.621281,8.621281,0.9575341,0.008451402,0.9509826,0.98806953,16.52796
83c4c72c7e084095b018cbdccb03df09.jpg,1,53.131801,7.807611,1,53.8256,12.138375,296.73517,2.5285351,0.73014784,0.009372354,0.7140232,0.8704341,139.3692
83e14e96cbe44c73b63258f2ebe088f4.jpg,9,50.743407,21.304398,9,53.120276,22.122432,270.17673,46.860317,0.65993774,0.020959854,0.6017793,0.89257133,270.17673
844f5fc6662a42a399008ab7f5b6a2c7.jpg,3,62.613854,22.442443,3,61.677783,22.553686,104.24677,2.4695969,0.7967376,0.0045431852,0.76790404,0.93517125,137.74567
848c95881e71466e9fa4ca3fbeda30ef.jpg,2,37.247248,-3.743202,2,39.057861,-3.375256,203.88515,14.672563,0.74906504,0.003233552,0.723019,0.92070436,77.31994
84a48b337fbd4c7bbcf5afbd6b803fe3.jpg,5,51.306065,-1.856035,6,63.662148,-20.106536,1741.2224,25.253496,0.77232164,0.017492712,0.76966965,0.89152896,651.3267
84b02304316449ae85337566ded168df.jpg,2,37.544086,-4.027289,0,53.786645,27.717729,3016.251,27.007633,0.69455945,0.008329868,0.6739733,0.77690387,3016.251
84bf333eb83c4ee68cbbd90b92666de6.jpg,2,39.173629,-4.177186,2,39.564296,-4.236263,43.736084,6.851916,0.81198406,0.01604563,0.7904582,0.90068907,60.671444
84c1a29f94a34bbdadc374e90661c686.jpg,4,42.537289,2.546719,10,55.772907,13.635375,1673.4944,9.240174,0.68013334,0.018687248,0.6597003,0.76610464,908.38873
84c91c9ee3944008aa05c170be538c71.jpg,6,65.632065,-20.295927,6,65.641213,-20.295537,1.0173699,1.0173699,0.9614554,0.03089875,0.95358056,0.9929546,1.0173699
84d6ae8c2697468582c4a5735f2e4d98.jpg,9,51.216971,18.478096,9,51.216945,18.478352,0.018063197,0.018063197,0.89833117,0.13477379,0.878476,0.9777515,0.018063197
84ef7cdd77cf4a12b2584c45101e4989.jpg,4,43.769003,5.406966,10,55.735412,13.860623,1460.1375,26.798971,0.6600567,0.007282555,0.63490826,0.83156693,91.97641
84f731e43397487f859e3bacab936eee.jpg,3,61.115098,23.199209,3,61.420121,22.915087,37.16202,10.551378,0.70620483,0.0009945631,0.6689191,0.874584,18.311756
85470a823bf54b6ea17c94a2fa6743b8.jpg,4,47.135668,5.59369,4,44.530403,-1.014092,587.934,40.02825,0.67029226,0.003268659,0.65579814,0.8425452,1469.0576
85518587d47445ac980b5d0fca8b5208.jpg,0,55.298547,28.780012,0,55.866851,28.605033,64.142334,10.443334,0.7956588,0.0037973523,0.7747099,0.8794545,64.142334
856f0dca2fe649e791f602112159cad6.jpg,5,58.501584,-6.2608,5,58.514496,-6.259057,1.4393162,0.50749284,0.7351371,0.026342392,0.7035685,0.8766233,440.12204
858c93eca1a24fcca0fdab371c3ad7f8.jpg,5,51.820034,-4.69954,5,51.892388,-4.970288,20.260378,13.344173,0.70795166,0.008568168,0.6613964,0.8941728,20.260378
8592c1bce92343bb827b6d2e363ae542.jpg,6,66.125696,-18.888237,7,40.66264,18.011801,3637.8196,1248.6661,0.70206845,0.015705228,0.6874057,0.80428374,1904.1521
85a55a70f3874ee8a94188c482c75d9d.jpg,8,70.987527,25.7548,8,70.9886,25.750461,0.19732966,0.19732966,0.95779765,0.02453804,0.9500723,0.98869884,0.19732966
85d25f802aba4c79a5e836914c323037.jpg,2,39.026099,-3.374009,2,39.564654,-3.684938,65.59008,3.5334198,0.85256505,0.0051782727,0.84184515,0.8954445,65.59008
85d3e6a0238b4da1827ba09c65187427.jpg,6,65.91063,-18.304795,6,65.728739,-20.2123,89.19964,5.3083334,0.7587709,0.012571156,0.7220871,0.905506,89.19964
85dbca0321b341cf911e393aaae26b0f.jpg,0,53.222774,29.099408,2,38.529083,-3.493849,2966.5735,24.178667,0.77208316,0.00071930885,0.7607552,0.8453975,319.37387
85fac3f0a579482c86beb84fdd200ca8.jpg,7,39.312071,8.958598,7,39.313477,8.962534,0.37296894,0.37296894,0.7754504,0.08946735,0.75920004,0.8408363,785.4191
86051aa239b845438bff6e65863a087c.jpg,8,62.460991,6.331576,8,62.485978,6.485301,8.3742485,0.84139574,0.8185673,0.0073499084,0.7946775,0.9467361,10.119861
86072f2f2e184873a2ab508fc3c5aa8f.jpg,7,41.145297,16.760066,7,41.003445,16.833794,16.940805,16.940805,0.6852225,0.016389608,0.6899547,0.78991127,2081.5283
8632245661f84419a5c936a058f8e24a.jpg,10,63.399648,18.29054,10,63.302134,18.523599,15.895862,1.8896338,0.8701422,0.091361046,0.86435527,0.9137029,239.29724
8639a55627074c82be69fb494285de9b.jpg,2,39.36108,3.128669,2,39.413736,3.136744,5.89607,0.3823772,0.8491886,0.0068582296,0.8237099,0.95110357,5.89607
869640907a074e83b5b486d8d351ccf9.jpg,3,62.267809,25.682837,9,53.230998,15.531438,1168.5201,230.83626,0.71140105,0.018731296,0.67655605,0.85078084,1168.5201
86ad17850ca24b55a75f9681c6eb2558.jpg,8,60.628291,9.900202,9,54.201122,17.516614,846.6092,46.33589,0.74886674,0.006236613,0.7254088,0.8426986,846.6092
86df579f83d64361aa8a20301aea2f6e.jpg,3,63.143249,30.638638,3,62.459559,29.95843,83.51335,7.8643003,0.774297,0.025219977,0.75308955,0.8591268,83.51335
86eaabd5b3194dd3849c47e8abf7531e.jpg,11,39.851612,34.078153,11,39.889285,33.672381,34.881718,12.1475525,0.746043,0.02338463,0.73517007,0.8315067,58.48362
87132932acff4c4c892f429699728185.jpg,3,67.546986,27.918034,3,67.537401,27.924043,1.0959421,0.15717414,0.8941573,0.013359785,0.8729252,0.9809849,2.5774565
8741e9847a24405f988516d410c5a381.jpg,4,47.76826,3.936872,4,47.921112,4.772134,64.609,32.950397,0.7642097,0.047169685,0.76082945,0.8508661,60.42097
8750b34aa33a4093be06c114c5749cfc.jpg,2,36.751636,-3.184364,11,40.248216,28.791001,2794.2485,27.232973,0.62736547,0.00090944767,0.6229031,0.73048747,276.4103
875d6152a2724ceda1298cb5103a37a3.jpg,7,40.655248,8.32896,7,40.66102,8.32831,0.6441558,0.6441558,0.899704,0.050073266,0.8816291,0.97200346,0.6441558
877c294e779e40079b91dee390650c22.jpg,8,62.284201,7.195478,8,61.861721,6.095785,74.07069,6.187446,0.74328876,0.006524861,0.70764494,0.9115982,70.126945
8783934d122f4199922435df56319ea7.jpg,6,64.815584,-23.955016,6,64.813266,-23.950678,0.32950154,0.32950154,0.9744106,0.055891097,0.9697211,0.9931687,0.32950154
87d0ad6575934821a348f78f44fb1385.jpg,9,51.509025,21.739742,9,51.541406,21.812038,6.1628222,6.1628222,0.7037654,0.027093112,0.6639094,0.86318934,6.1628222
87e06ceb20e2493d99d12b32e14d78c9.jpg,1,53.100622,9.219176,4,45.602265,2.727763,956.31683,383.22144,0.6363127,0.018087983,0.61653507,0.7981088,1223.6478
880616bea3d743d5a9efab41dda628ee.jpg,7,41.818022,12.782088,8,58.492973,5.90957,1915.3282,251.45346,0.62603927,0.022679925,0.5983591,0.7887354,1358.5189
8819a23f306f4cba90c625c2e7ee51f3.jpg,0,54.538322,30.18654,0,54.632033,30.506119,23.078876,8.804774,0.8335368,0.10171002,0.82593894,0.8639281,23.078876
881d3057717c4e3dbdb84c424d2abb07.jpg,8,60.182566,11.413751,8,59.909556,7.211085,235.25784,65.889435,0.66973543,0.0020964742,0.64631295,0.80995667,435.38263
8840fdd055b642e5abe99b6e845a7f45.jpg,2,28.778223,-17.908003,2,28.776841,-17.911587,0.38161245,0.21724732,0.69681287,0.022249699,0.6999369,0.79120934,3200.1892
88570c16736b41ab8515e9f2fba92b5c.jpg,3,65.833478,25.290965,3,65.98544,25.06029,19.878082,8.257887,0.8204312,0.01727283,0.79418254,0.94105375,100.34035
88575b0a42894737b0631dcc97403569.jpg,10,66.656791,21.243374,10,66.652856,21.273242,1.3869102,1.3869102,0.8669906,0.086830795,0.8456876,0.95220274,1.3869102
888ee0b8cdbb4aa6835d1580aec8bd48.jpg,0,53.617119,31.510237,0,55.450088,28.672523,273.92874,4.5427027,0.78411126,0.016097546,0.7613577,0.8816484,37.949757
88912fd1d2344a8e8e121d17b8f88832.jpg,5,51.640981,-2.483109,5,51.614129,-2.591593,8.061607,7.80352,0.7375236,0.015424609,0.7004221,0.8926805,37.123116
88e305469b8242b88a5afb7fbade43a2.jpg,4,43.674455,-0.975548,4,43.630315,-0.931072,6.074046,1.262435,0.8104071,0.057240963,0.80930257,0.824666,5.547308
8904fc4e4c2749f28d2e41b7cf2f683e.jpg,0,52.063951,25.552393,0,54.725033,30.433098,438.3193,1.8621076,0.8277138,0.0013886094,0.79924774,0.94731134,440.5447
892b5d598fab44dd8b2c7e4e16a55913.jpg,4,49.111249,5.115409,5,55.259696,-1.892847,833.189,289.5406,0.76018125,0.015961349,0.73660487,0.88519233,1155.8562
8944b150888240ceac0acd3300a6c8fa.jpg,9,54.219154,23.127467,9,51.050043,23.521041,353.38748,29.95516,0.6741024,0.0066648126,0.6456779,0.8092196,807.4865
8996aef4debf4541ab09d59bf4347d2c.jpg,3,63.952313,29.624975,3,62.599463,29.239587,151.65886,9.615687,0.7738731,0.0064834356,0.7576089,0.862749,15.162454
89b7187cb9234b24b41c67af7e69072e.jpg,0,52.584972,27.471658,0,52.372673,27.460245,23.619255,4.9694786,0.76958704,0.022999406,0.7355256,0.94641787,26.02556
89c534eda6a74844aa42d82b23eae485.jpg,8,58.405315,6.030694,8,58.389774,6.046943,1.9704609,0.5036515,0.82522374,0.004145503,0.79412675,0.9496117,1.9704609
89c84f3090034bde974922e08348f000.jpg,0,54.000322,25.890224,3,62.557253,23.862313,958.7256,79.84821,0.72149086,0.007502079,0.7108366,0.81833786,740.4155
89e696beda1947ac8e81dfad4b679193.jpg,5,50.608049,-4.443934,5,50.410299,-4.551573,23.268995,3.5548775,0.7213722,0.0034319162,0.6964179,0.82118917,23.268995
8a02466afa0645eeb59b9d49d7794878.jpg,6,65.881945,-14.82761,6,65.868055,-14.82009,1.5818623,1.3122088,0.889455,0.034694374,0.87132907,0.96195877,1.5818623
8a29adcf5886485197a55e44e54cd1dc.jpg,11,38.988194,27.845868,7,43.4302,10.403303,1536.9854,286.80646,0.63071764,0.034347713,0.61844695,0.73692584,1513.6925
8a4a61b966cf4694a2c37be8d85dd358.jpg,0,52.064753,27.757462,0,52.078378,27.702365,4.0591593,0.048068274,0.77988154,0.007383883,0.7487025,0.9510361,274.5936
8a4c863b54ac4fe1a24ab6b52635f246.jpg,8,58.37841,6.119521,8,58.378269,6.119991,0.031569563,0.031569563,0.86947834,0.045931518,0.84986824,0.94791865,0.031569563
8a7a18a41d6e40fca45260ac71e3c4f4.jpg,0,52.766799,30.759434,0,53.013864,30.573783,30.163904,0.6744982,0.843255,0.02997011,0.8242738,0.92318213,90.00052
8ac279ac3e6d4bac89f6cc016b200292.jpg,10,62.701181,12.687726,10,62.913665,14.157175,78.315834,12.908797,0.87223005,0.046624362,0.86212516,0.9126496,78.315834
8ac51d6a43544787807598a8cc630d5b.jpg,10,63.149392,16.292994,8,62.134172,12.966584,204.01212,26.844637,0.80532503,0.0060658455,0.7735206,0.9325428,204.01212
8aece060f9bb421a9f4091e6e9998bf5.jpg,8,64.562131,12.496298,8,64.562845,12.498129,0.1181141,0.1181141,0.88833743,0.118310034,0.87285864,0.95025235,0.1181141
8b23688f5bec41ffb744126cd791a985.jpg,2,43.633525,-7.601127,2,43.63922,-7.60211,0.638178,0.04663794,0.7556279,0.023082793,0.7232114,0.90325177,1.2695395
8b304d7d96884817ac6afa503352b72e.jpg,11,38.252545,41.016081,11,38.228252,41.06245,4.8678885,0.20869868,0.9189458,0.011497319,0.9030075,0.9826989,4.8678885
8b4024705fe0406abc8038fa2c5787a3.jpg,0,55.515581,28.88616,0,55.51477,28.894869,0.55566174,0.55566174,0.8914087,0.022380412,0.8748542,0.9783101,3.5840719
8b427be849f44e178e554ead70ff7f4e.jpg,9,50.159738,22.159174,9,49.872003,22.176226,32.017906,5.5423493,0.8153367,0.01996088,0.7835684,0.9424099,32.017906
8b6e8efb7aa647d49896904e62f42637.jpg,4,47.197124,3.979852,4,47.834133,6.434561,197.47696,10.256742,0.6342946,0.013548493,0.60104364,0.80046284,100.07524
8b73de095460410dbee863a9b49668ea.jpg,10,62.117481,17.430198,3,62.158051,30.057539,655.17816,2.452484,0.7242461,0.008063257,0.69199175,0.8909147,318.9104
8b73f1921e9b4a6f93ff5317effa034c.jpg,8,61.624214,8.978518,8,63.524994,9.933647,216.93817,26.41654,0.7171669,0.05443555,0.7029443,0.7827697,915.42725
8bdfaa56731442fe99aa789607380531.jpg,5,52.225115,-0.225277,11,37.506547,37.00308,3308.4634,251.05734,0.6631647,0.01728493,0.64572406,0.7627853,1275.3363
8be49500cd6d44afbad4225df7a69ddc.jpg,5,50.949396,-0.275751,5,50.922559,-0.268975,3.0216815,3.0216815,0.7699053,0.065217376,0.7250046,0.9495081,3.0216815
8c004a8c31d545b8abdd2802e318a8e8.jpg,10,62.2577,17.471562,3,60.159243,23.573084,401.26343,13.926741,0.76405424,0.017290711,0.7249998,0.9202719,401.26343
8c4299de71c043dcac5e6730f988f426.jpg,2,41.884146,1.077756,11,41.53093,27.837857,2212.7302,283.86185,0.77591705,0.0064377785,0.7775588,0.83623487,2468.5925
8c789793daec4d23b3bc0722f8017fdc.jpg,9,54.214683,16.01653,9,51.932388,23.612608,566.97327,5.8009605,0.72443485,0.0010004044,0.695714,0.84011376,99.846115
8c91739040d54f8e96630f5707903baa.jpg,5,51.571674,0.284424,5,50.357493,-5.092295,399.89337,33.689,0.7307877,0.0053730607,0.68176544,0.92687666,399.89337
8ceae64d391148c3b0f5302efd85a99f.jpg,5,56.102788,-5.476811,5,56.315696,-5.565526,24.301714,2.5903647,0.82302606,0.021419644,0.7897289,0.9562147,24.301714
8cfec5a53478492091eea2d69a611b78.jpg,2,42.147474,-1.545109,2,42.173015,-1.553286,2.918914,2.918914,0.6282991,0.004489124,0.61999774,0.7828407,2934.379
8d05e6ec63e042188f0db1c19cfe6561.jpg,11,36.708295,33.129364,11,36.719055,33.121519,1.385826,0.15482096,0.7940924,0.0848155,0.7734498,0.87666285,1.385826
8d107a36b3834e50ad7736d3c914d321.jpg,7,45.647869,13.011672,1,48.974176,8.081471,524.158,16.89462,0.76016575,0.058302045,0.73405826,0.86459565,524.158
8d19d443ce834b8fa5e4cfeba6d4fc88.jpg,11,41.279274,27.466914,11,41.408072,27.822158,32.933155,7.217831,0.7006903,0.024366021,0.6794957,0.7854687,32.933155
8d617d45a5f041e49f63740f72aa4d02.jpg,6,64.839332,-22.576228,6,64.847656,-22.667702,4.421768,0.18481037,0.9053351,0.04460627,0.8885942,0.97229874,4.421768
8d8d86134564469f8ac5c4893413edb5.jpg,7,42.046033,12.653597,7,42.024831,12.678731,3.1411605,3.1411605,0.8011351,0.0030225515,0.7629089,0.95403993,3.1411605
8da9d6e20047454eb2039d902f282ef1.jpg,3,64.124499,28.123653,3,64.126339,28.06992,2.6154532,2.6154532,0.84261286,0.021767974,0.8290013,0.900819,18.293242
8dcf45ac156b44e68aa99daa34df1e0f.jpg,1,48.097007,10.11352,9,53.087998,20.518187,919.07306,49.486187,0.6592845,0.005821705,0.62144685,0.8106349,919.07306
8e135ce37c10481e894535e725bbfdfb.jpg,7,40.81095,16.946248,4,43.770575,6.160239,945.39813,0.2254439,0.67487305,0.045563817,0.64954317,0.7994144,1153.6644
8e1746c160cd41c5a61e9ff79bb7b8ed.jpg,11,37.605583,34.741028,11,37.604919,34.741326,0.07836153,0.07836153,0.92853695,0.12937784,0.9210707,0.95840174,0.07836153
8e1d3d58bb614934b05193bde0e427db.jpg,8,62.660036,7.499552,8,62.839373,7.233919,24.094944,11.873381,0.7454315,0.020346522,0.7008809,0.9293455,296.44308
8e2c56d3283b48d5953f490838568ef3.jpg,0,52.149481,27.890113,0,52.256911,27.858082,12.143483,2.9225132,0.8764938,0.03453231,0.86808026,0.9519093,28.510403
8edd1ab60dfd4fd2b5d8b2651040ee23.jpg,0,53.529077,27.473949,0,55.51477,28.894869,239.07191,8.283439,0.7786732,0.0063889623,0.7416549,0.9267463,239.07191
8f55107973364cbbb105493e8e1c4c4d.jpg,10,58.964634,16.605987,10,58.994291,16.608067,3.2998657,2.8844185,0.76967835,0.012800753,0.7558923,0.8769238,6.3102045
8f5ef684c2dc48e7aa764ce462e836f0.jpg,2,40.684517,-4.620094,2,28.985871,-13.584265,1534.7201,14.105029,0.77124906,0.04218763,0.75140065,0.8506427,1534.7201
8f891171bda4477cb4684010e6fb93fd.jpg,8,59.57913,5.708437,1,48.85693,12.919923,1279.3589,3.5519521,0.67080045,0.00031882524,0.6675396,0.76245254,2557.8164
8f8b8ffdeaac4c169784bf5eab5d0d27.jpg,3,64.591353,25.668091,3,64.607355,25.65302,1.9190593,1.9190593,0.94190115,0.0040703416,0.93119013,0.9870047,29.203894
8fe3bb54096240d38f450192c0ba71b4.jpg,9,54.31331,22.651942,9,54.353226,22.727182,6.5951686,1.8658361,0.76049775,0.0037092566,0.75115556,0.86014223,98.7075
8ff3b5ffe99d48a78fd91af3afa21650.jpg,4,44.486302,-1.072024,4,44.460269,-1.09402,3.380178,3.380178,0.65435797,0.0023115277,0.6328254,0.8035699,27.473446
9058da307ba545d18d698e7d585b00a4.jpg,8,61.858666,6.525563,8,62.233251,7.147418,52.777687,7.8227415,0.6629674,0.023337305,0.6693592,0.7040773,1230.7327
9077d18251a14edab44b5dbd153149fd.jpg,11,36.855031,28.226164,11,37.010926,28.340427,20.090736,20.090736,0.63709825,0.0337767,0.641359,0.77847636,2155.9966
9085852649ea48b39b892e98b98f6c2c.jpg,0,54.16981,28.472372,9,54.352818,22.711807,374.58466,0.5751165,0.71882176,0.026560187,0.7315446,0.7846782,403.85526
9090b146022a45738eaab09b36ea477e.jpg,8,68.569323,12.697176,1,49.177403,8.20596,2170.3154,957.1127,0.6811094,0.010282278,0.6846181,0.80702543,2179.5852
90945033152d47c8b31b3d80f56cf13c.jpg,1,53.498403,8.761759,1,50.036314,6.259586,421.65335,45.21659,0.7316921,0.0015622973,0.69610596,0.87910277,582.8731
909a492a50fb4da1bebd03e1737e410d.jpg,6,66.105122,-23.074456,11,40.324596,37.605758,4672.7725,222.47618,0.6789357,0.015836596,0.67086375,0.7919688,3854.2437
90d701af831c4c2fb9c07de1bea542f2.jpg,2,43.238764,-8.565685,7,37.814079,15.127657,2083.3213,29.944372,0.70334125,0.049474776,0.67374426,0.83168554,1919.6724
90d7863a04a14f4e86a1fe9d2d3ee6ae.jpg,4,45.223192,2.17973,5,56.199409,-5.509458,1333.2516,56.1286,0.6765681,0.0039978027,0.66855466,0.75412536,1336.064
912555bbbcf14dd6968ff8384d2450c7.jpg,7,39.446695,9.641534,2,40.809254,-4.866352,1241.2847,60.630413,0.6465289,0.011534512,0.6320542,0.74205947,487.4415
914c231eb9f14f7ca2e40648783e7d93.jpg,11,38.201675,41.479896,11,36.323521,32.437335,826.64923,0.13170874,0.71514827,0.016771376,0.70025283,0.8151547,481.59885
918308b896ba4b17bee911a853fc1b39.jpg,3,62.839438,22.029673,3,61.992931,23.014117,106.904526,16.483927,0.789732,0.0043078065,0.7497678,0.95684135,131.986
91bb8db7faf948a8b12a8b1bdbc35a9b.jpg,3,63.020673,23.818745,3,68.54409,26.155781,623.24603,44.55672,0.7142334,0.0036380887,0.6836571,0.8455825,2872.3086
91f598db2c624091970f5778ad3e6c32.jpg,10,58.803183,17.109173,10,66.657957,19.94757,885.07275,34.398914,0.73199886,0.00895232,0.70800495,0.8833538,705.1434
920d1a6fef8349ff989c3ba93bb65f62.jpg,5,54.861918,-6.249656,0,54.048763,26.800842,2118.4768,290.24695,0.79812914,0.020795763,0.7742703,0.8935646,2118.4768
92124835cd084345907d0b05dbe0a5b0.jpg,11,36.105315,32.969787,11,36.145029,33.322853,32.01686,2.3317666,0.68197143,0.018736899,0.665491,0.773236,1686.5122
9215b0556d6343ddac5fdcbae0418337.jpg,10,59.926452,15.935854,8,68.992673,17.720836,1011.63745,17.691198,0.6550149,0.0019480586,0.6337509,0.7769486,1475.4491
92276749810244359ba783f5839dc6cf.jpg,11,40.956067,40.032044,1,48.227792,8.167681,2627.7478,4.4081426,0.62576574,0.03330505,0.6066947,0.79231447,3996.897
927132d0037b4b3fb28e25987bd2fe87.jpg,5,53.642053,-2.89203,5,50.397154,-4.437288,375.96747,155.31639,0.6424033,0.020160139,0.63930535,0.76623523,826.46387
927e06d037d64c90836b045601424586.jpg,6,65.587265,-20.069707,6,65.581349,-20.047073,1.2308598,1.2308598,0.8530186,0.008286476,0.83347464,0.96327174,11.267631
927f8ae4881c471d8cca9b7ef64c3fcd.jpg,7,37.817778,15.27,7,45.682616,8.479904,1039.3486,28.674046,0.6396926,0.0062661767,0.6088712,0.81312895,2093.823
92ad34cd93bf4c40acc079d8146fc8ab.jpg,5,57.423217,-4.664788,1,51.826717,14.072883,1351.1332,4.534772,0.69555014,0.009238005,0.7192645,0.7241332,145.467
92b52324d166407faa8948bd3c6f1bf5.jpg,8,63.579815,10.187053,8,64.028629,10.080843,50.17746,30.75401,0.6572768,0.010011792,0.6720089,0.70751446,3288.5493
92e6c1a625fb4e81a2407be78cfc6589.jpg,0,52.470588,25.842221,0,52.681635,25.370844,39.564014,0.34315223,0.89309,0.04220915,0.87075883,0.98241484,39.564014
92fefa5dc3864782af75d1157886952c.jpg,10,63.952457,20.022037,10,65.462118,16.822604,226.40231,4.1733656,0.8261069,0.0024661422,0.8094498,0.9357439,247.33008
9313470b86c34d2093365cd0d11e815c.jpg,7,41.851262,12.786974,7,41.848715,12.78907,0.33218983,0.33218983,0.87763166,0.02587688,0.8557434,0.96518457,0.33218983
931eb1fcdb2a4bd79eaf5a039a8e85c5.jpg,5,51.852888,-5.100313,5,51.929847,-3.917791,81.59906,9.800825,0.78668016,0.020741522,0.7495911,0.9350362,81.59906
931ef94faa414e0da7b324be41fe5030.jpg,5,55.590178,-2.586019,5,58.532714,-4.286441,342.9391,14.253895,0.73244166,0.0045354962,0.69036174,0.9297219,110.81384
932c36c4532740c89e8ef9db918fd4ff.jpg,2,37.420785,-5.912494,2,36.772698,-6.04207,72.974655,22.409603,0.77688384,0.020358384,0.7596886,0.8487935,841.6896
9377a784670247148e52dd187bfbec3d.jpg,3,65.569793,28.922892,3,65.533409,28.87899,4.522155,1.1035169,0.88221043,0.0030791163,0.8705972,0.9515458,44.44718
93a07c84c24141eaabbb37bb983c67eb.jpg,7,43.523707,10.616427,10,55.402082,13.605754,1338.0465,6.157125,0.6814716,0.044264734,0.6581002,0.8002377,1667.3734
93ae9c5181cf49feb74db420874727ac.jpg,5,56.240562,-2.668672,5,55.791351,-3.292422,63.2292,15.317007,0.7406338,0.036371887,0.7010025,0.921447,320.95776
93df3925f2204735a60b41faf932d963.jpg,3,63.499101,22.632764,3,63.597622,22.762011,12.688387,4.7728763,0.72883683,0.020770371,0.73682225,0.84627974,839.74854
93ea97e4cd8b4363bb74f29874feb00c.jpg,4,44.204107,-1.214225,4,43.752959,-1.380459,51.898884,6.6049285,0.74219763,0.008119822,0.7274944,0.84668005,949.9609
9400f27675c2479fa8019cf7642f2f9a.jpg,9,53.338786,22.460341,9,53.335505,22.458968,0.3760478,0.3760478,0.794667,0.0006508827,0.77247006,0.9054489,4.7656627
9412fe9cbc554fcf9b7ecb6d481f346b.jpg,11,40.169176,26.367686,1,47.87707,11.736293,1446.2772,2.936962,0.67741555,0.0010612011,0.6742476,0.76709276,1184.5317
9426411cb22a48bb880808e313a6c075.jpg,10,60.928301,16.355499,10,60.978921,16.415239,6.4872236,6.4872236,0.8075416,0.034880757,0.78061,0.92237574,55.699165
949378164bc64c198dac9f43b154e297.jpg,8,58.320093,8.058448,8,58.282534,6.454373,93.81318,8.401294,0.7375133,0.01060015,0.70015454,0.88694835,93.81318
94abb01f9b5e4f308bfcb2ed39dad0cb.jpg,5,50.647955,-4.739322,5,50.647209,-4.738397,0.10552029,0.10552029,0.7938544,0.021272063,0.7552185,0.9522018,21.569384
94ce3b435ead4606b06bb0119e15867c.jpg,9,54.160756,22.818042,9,54.227283,16.347459,420.85388,1.8415749,0.6119813,0.004161954,0.59484744,0.8016437,300.50992
950173900a8d4df287a9458fffbcb19d.jpg,1,49.311141,10.188513,8,58.379656,6.115144,1042.6967,800.41693,0.6980484,0.0118460655,0.69747245,0.8386155,1527.8522
95065e106ff244699a6e58faecf46db1.jpg,1,49.775741,11.39054,10,56.055586,13.340688,710.3486,113.97289,0.64015526,0.006425917,0.62069595,0.7948265,330.43665
953bcad070344616a8e8ae6839ed88b9.jpg,8,64.719726,14.043608,10,64.917548,15.505597,72.580864,24.235788,0.64617074,0.0051493645,0.64874214,0.8038268,1928.9238
9579f4968e0a48028b90a4f55329b603.jpg,0,53.547298,26.173013,0,53.528624,26.253894,5.733972,5.4490743,0.8889531,0.036413133,0.8740434,0.9485918,5.733972
958099ee19fc4dc997fc1a883b8efd6a.jpg,8,62.4711,6.124141,8,62.471293,6.12387,0.025583997,0.025583997,0.7013254,0.07823849,0.68053687,0.7844795,0.025583997
958b96d8876944518e0df85271f276a4.jpg,2,41.720909,-3.184258,2,41.630391,-2.515324,56.461807,8.526601,0.671083,0.01842922,0.6499167,0.79144526,2794.412
959bed3fcc774b74a70efa88cb0bb966.jpg,0,55.576146,28.678711,0,55.900901,28.624499,36.270267,1.5359977,0.84341145,0.030807436,0.8129989,0.9650613,36.270267
95b15ac04be5461092e545d4b478e969.jpg,1,53.439128,12.340412,4,47.279471,3.86013,910.36255,77.9678,0.6422676,0.0032094717,0.6217111,0.78422236,1098.235
95b25bea0b844591830186abbeb7612d.jpg,2,39.444735,2.899442,2,39.467962,2.899158,2.5828433,0.21141888,0.83754903,0.005175948,0.80628216,0.9626164,2.5828433
95b28029738649aab4507ed86d07672d.jpg,4,43.571669,3.980269,11,37.78384,39.490982,3038.6135,338.50876,0.7688188,0.0023000836,0.7432196,0.8944521,3100.0408
95b7e92d4b54428a92d40247a09076c1.jpg,6,63.842857,-22.439221,6,63.847514,-22.420016,1.0743586,0.25979263,0.7336371,0.0065654516,0.71627736,0.8203043,0.78069055
95c48579761a4290868611b8a01c0f47.jpg,3,68.679273,23.326173,8,69.722349,29.838002,281.8864,28.336325,0.7248743,0.0070610046,0.6965664,0.863299,271.2001
95dd69bb6a464c91b53f40de7f081743.jpg,7,40.590029,17.465996,1,51.830832,6.669022,1497.3376,50.144527,0.67935944,0.027702868,0.67001843,0.7489023,1208.3677
95e6f481e6034dc6a1df3ee486d1622c.jpg,9,52.190449,22.462574,9,53.120276,22.122432,105.90686,41.64294,0.73331416,0.0064368844,0.69866043,0.87192905,105.90686
95e882cc2dd5466a9129192e3eb4361b.jpg,10,59.78882,17.141833,4,48.504377,1.974034,1589.1123,357.45715,0.68816257,0.025195956,0.67310333,0.8354845,2192.4314
961b78d2f6074a5b8177a12e70f7c082.jpg,7,40.569379,16.577708,7,40.568418,16.578157,0.113389075,0.09967343,0.87999433,0.0014904141,0.85728115,0.9734413,0.09967343
96209a06e34e49b985ae30b8d6f62c0d.jpg,8,69.378863,24.061204,8,69.378636,24.060428,0.03950489,0.03950489,0.9725436,0.053446352,0.96695966,0.9948791,0.03950489
9639c891a45b4228856e42f27b1500e0.jpg,5,56.082221,-4.520416,1,51.555556,14.673342,1351.1693,54.43812,0.6961821,0.031850815,0.67988455,0.8159087,1140.4475
965bd037bea7443d872af74e0f2d52d0.jpg,11,37.233542,32.228785,10,57.452758,12.171271,2686.5999,89.93654,0.6512042,0.01414299,0.635527,0.7918939,2852.443
967e7db70f914a4eb0ab3f0ebf566d22.jpg,3,61.172788,23.217867,3,62.040821,23.663412,99.35381,8.091449,0.7691407,0.008565962,0.72692347,0.94128335,85.130775
96af394415eb42e4be424ab60e14a768.jpg,11,41.823263,33.258729,11,41.442866,32.420501,81.49934,36.57034,0.85567516,0.1174621,0.8346585,0.9397418,81.49934
96ba6b1e3e8549588a284e6bc59ec2b0.jpg,3,60.769946,23.428067,3,60.751928,23.429168,2.0044053,2.0044053,0.76245326,0.0025452375,0.7576783,0.8628793,68.69605
9713fef8d78b44ca884e3fd89ff68d42.jpg,6,63.837571,-22.437923,6,63.855659,-22.430085,2.0476549,0.07105541,0.68478817,0.029514194,0.68381244,0.8254844,4871.851
97447367fb034db79594fe4ca6bd459a.jpg,5,53.660672,0.051541,5,55.190588,-1.776667,207.17268,12.629467,0.7057487,0.003574133,0.665969,0.8800328,485.16315
974f5c1150db4dc09c7a681fd3d49e76.jpg,5,58.548991,-4.68135,5,58.504177,-4.509209,11.167141,0.4758143,0.7656258,0.01946795,0.7301233,0.92703766,4.243444
9765691dadc54289accc6c39f7485458.jpg,2,38.565102,-2.3343,7,44.219594,9.731962,1184.9429,25.886305,0.72147834,0.006713748,0.7002589,0.83557117,1299.6721
97694fe9554645c3a9c1ebaaafc2582d.jpg,11,40.691308,43.164395,11,40.615791,43.17016,8.41119,1.1763121,0.8673793,0.002552092,0.85497165,0.93405163,9.018731
977aa064bcaa4efebdcf5fbbe69feb80.jpg,10,64.286719,19.973405,10,65.295675,16.039278,217.43475,25.413023,0.8196123,0.018774867,0.7966744,0.9381616,807.4326
978fe8e7e9aa4594b850dacf0f854d42.jpg,0,54.529284,30.725436,0,54.559285,30.706093,3.5616403,1.5433872,0.7777956,0.092927635,0.7578205,0.8668765,282.59818
97936f3ec24f40d09434544b941e9c31.jpg,4,46.622256,2.556343,1,48.520989,10.350077,621.28925,419.96167,0.72875273,0.0264557,0.6983824,0.8502341,621.28925
97b6eede9e394cda8b399108c6299507.jpg,4,49.081297,-1.422774,2,41.973599,3.028578,862.679,7.4775515,0.71068925,0.022499382,0.6750112,0.8579154,854.3838
97c564a26b8a485f8afa180bdce19416.jpg,2,36.874605,-2.586271,2,36.861112,-2.552078,3.391658,0.8009764,0.6881676,0.010815799,0.6755501,0.78458834,3408.4238
97ee583e994545acb3cd8a4d56f6300d.jpg,10,64.200565,20.660835,10,64.095004,20.754648,12.588405,9.996991,0.7730361,0.012579739,0.7410666,0.90091443,12.588405
982e176371044fc2bc888358e54d27d1.jpg,8,60.092855,10.951193,3,66.57139,28.423003,1124.3429,204.06816,0.74924254,0.026478231,0.7601404,0.87105846,2329.5735
98322252e47b4c579826fc8765fb7e3c.jpg,0,55.2054,27.890054,0,55.200697,27.876219,1.021862,1.021862,0.8343668,0.08357465,0.8315502,0.8621576,242.33315
984cbdd74d054e40be4879876c1d76b8.jpg,6,65.75292,-20.111648,6,65.769151,-20.256357,6.848126,5.326817,0.77324307,0.0018880367,0.7448199,0.92680526,5.326817
9852e6bf642a4d10824ce14dfc60e517.jpg,6,65.220529,-14.350183,6,65.222486,-14.349844,0.2181815,0.2181815,0.95937467,0.117605984,0.95297945,0.98495555,0.2181815
986a49159cfb401c8bd4b05d21285faa.jpg,1,54.772613,9.245696,9,51.195742,16.018528,602.64923,26.61204,0.68163705,0.01181376,0.65456337,0.82348347,992.41705
989a3a1dec814ef3945f3b1ef1037742.jpg,5,51.005936,0.773272,5,50.905289,0.629369,15.061418,15.061418,0.77871513,0.0106781125,0.74163866,0.9270209,15.061418
98aad3a021cb4a92927d84a6c09cb618.jpg,1,50.302569,6.529345,4,44.474473,-1.235359,871.8027,66.18326,0.6631384,0.013332188,0.6540543,0.8316456,842.3798
98c2041bc7dc4e1d8305984e37c27fc7.jpg,4,47.475103,3.809731,4,43.136877,2.729555,489.71597,27.87861,0.6598092,0.0018373132,0.63086164,0.87717414,1195.092
98d2769d0af94a209ca8629772afca4f.jpg,1,53.255145,7.797067,1,52.989853,12.135383,290.9443,0.15221699,0.70967674,0.015797436,0.71197355,0.7849886,141.95561
98df9d866ece44109f687ba4752a1b31.jpg,11,41.515378,36.021809,11,41.694752,35.355652,58.869213,1.3617735,0.8779535,0.023892522,0.85971975,0.95088863,58.869213
9910ea5d40ac406caeeeec497a6abb75.jpg,9,51.334549,19.996041,1,51.206794,13.650132,441.56488,13.394781,0.66783106,0.020267248,0.6451008,0.78210694,869.107
994c85ac35614d03a73d014025ecea03.jpg,3,61.938177,21.628179,3,62.298626,22.243543,51.286453,15.917414,0.8267405,0.03149128,0.79584765,0.95031166,51.286453
996060e4403d4681b0e9785c4a16a4e1.jpg,4,42.962556,9.403071,2,43.390259,-4.375276,1117.0128,162.66403,0.6980986,0.007597387,0.6792302,0.808694,1407.6566
99687d3ba5a544e6a1cb97b1ebf8bfdb.jpg,10,59.267134,16.70921,10,57.686589,18.384492,200.91763,22.066828,0.73947346,0.011178434,0.7000849,0.9319804,263.6909
99cd7f4f8a434022970fa254525be333.jpg,8,58.90648,5.733164,8,58.905061,5.727537,0.35960346,0.35960346,0.73958975,0.0048574805,0.728819,0.82808244,0.3914576
9a028ec57b9048448e22053b6c39d82a.jpg,1,47.994893,8.023358,1,47.980245,10.899062,214.00932,5.1117,0.6393891,0.0057225227,0.6094692,0.8017715,645.84296
9a141dd97d734c86a3a95961f77b804a.jpg,8,62.006539,11.710897,10,65.66192,15.445209,445.6186,6.504352,0.8448742,0.009279788,0.81487453,0.9648727,445.6186
9a352cc3fdd14d57b70d7ca72a08c3b2.jpg,3,62.963087,28.419332,3,62.961849,28.558986,7.0603476,7.0603476,0.8821714,0.0036509037,0.8700181,0.9307843,7.0603476
9a372404781640d9a61f25ec5e96492d.jpg,2,41.682114,-3.251621,2,41.69301,-3.279932,2.6447458,2.6447458,0.7304707,0.080789745,0.74544245,0.7221005,2426.9702
9a503c104c884720992d10f20b3ad2c6.jpg,11,40.627396,37.294415,8,68.678589,17.915426,3324.7778,62.933872,0.76213336,0.06309128,0.75271726,0.8018554,3263.425
9a58772677ea486e99ea3dcef6c06bb5.jpg,5,51.800631,-2.010241,1,53.991302,10.141287,849.5146,0.19673131,0.6913938,0.022815645,0.70778835,0.7790804,212.31915
9a6af165444848aa9e8844e2e82953c1.jpg,9,51.445328,17.822866,9,50.562511,18.547283,110.477905,9.770012,0.72747135,0.017252564,0.7092794,0.863371,52.14274
9a7e8acc156b4ca4a4c2a01d15aad830.jpg,3,64.611017,25.649567,3,64.607355,25.65302,0.43921998,0.43921998,0.95860964,0.016095936,0.9492552,0.99602735,0.43921998
9a886480f2e9472d83bc673294660b27.jpg,5,52.234561,-0.246023,5,52.035974,-0.351193,23.219252,14.378523,0.75325626,0.010935545,0.71551245,0.92871124,423.06805
9a8c929833914244aa88835270af845b.jpg,8,59.334749,5.43913,3,61.193146,22.500203,960.42444,35.211483,0.6873808,0.024043858,0.6772568,0.8158859,1013.6805
9a9266b03d3240e2b67593c78cecccdb.jpg,3,61.197643,25.232576,10,57.34134,17.118944,628.8002,8.067362,0.6944177,0.013448536,0.6655191,0.8234103,255.80072
9aa0513fef5e4e5ba187aaf74e3c5c48.jpg,3,63.191106,30.518393,10,56.625007,15.548624,1104.1268,0.18970646,0.7106476,0.010648966,0.6824996,0.8669512,38.628464
9adad98635d24ed1a022bd7003a756b6.jpg,4,49.543608,-1.699227,9,52.415844,21.623862,1656.0947,0.8496465,0.69061816,0.012378454,0.68616366,0.8050847,811.5923
9afb3ebdda204817820ad3890f3898f8.jpg,3,68.372411,27.415088,3,68.371108,27.415558,0.1461621,0.09002132,0.8771072,0.0018758178,0.8579227,0.9538454,0.1461621
9b097c20defd470fab9e324d21289147.jpg,3,61.630466,28.220323,8,69.081363,17.978113,952.1543,0.5934113,0.71511763,0.0042573214,0.7095988,0.83031666,13.22095
9b10519fffc949f39f5032c35a29af02.jpg,6,63.471752,-19.369252,11,40.182597,39.434952,4565.5273,30.561832,0.70034194,0.005784869,0.70306265,0.7400532,1594.0483
9b2b33e4417e440983335c0a5b52bfc4.jpg,1,54.485177,13.506734,8,65.424406,14.630115,1217.9464,160.2752,0.64065695,0.009414732,0.5987403,0.83056945,2009.0133
9b420c52f2654a61b2dced21e04d08a6.jpg,0,53.596944,30.343356,0,53.471437,30.369359,14.061169,13.547619,0.8085737,0.016172647,0.80555964,0.89707947,57.44531
9b68140af7ab4b29ab42db0c15e096f0.jpg,5,50.341028,-4.657593,5,50.366433,-4.66919,2.942293,0.9034341,0.7300939,0.057314694,0.7023918,0.8409024,2.942293
9b7c0b4d5de34499a547cea8f9a0acf0.jpg,5,55.690665,-2.171167,5,55.415787,-1.869922,35.961315,0.6948069,0.74075997,0.0018048882,0.69624764,0.9446597,116.12271
9bb86b166f5249efbb7c9ce3c33162f7.jpg,9,53.746728,16.614275,1,48.790758,11.354066,661.1236,92.616875,0.7546199,0.050924838,0.7245141,0.87504303,661.1236
9bf18fe0e1c447888bd4fee2517e6f17.jpg,5,58.498734,-6.255557,5,58.490152,-6.246965,1.0769919,0.22968948,0.82720006,0.021580994,0.80986035,0.92604387,88.679146
9bfb2f9c54f84411ada8dc107c124eb5.jpg,2,28.080808,-14.479183,2,28.079542,-14.485114,0.598655,0.35966292,0.92693,0.065475166,0.9136464,0.9800643,0.598655
9bfd12f167474fb4a6abf0dfcfef87c2.jpg,3,61.024046,23.163469,3,65.413605,25.397876,500.69174,0.52219915,0.6254393,0.01738149,0.58877105,0.8001729,130.52779
9c2af8941e4b4c83aa3e2d80394a8848.jpg,1,50.070451,7.429349,4,47.909739,4.718497,311.16196,39.509907,0.69826555,0.01802826,0.67433035,0.80716395,1868.0055
9c52975ec4ac413b80dfed54b0a205a8.jpg,9,54.184116,20.105549,9,54.163802,20.232255,8.550466,7.5980883,0.65865153,0.025419176,0.63273865,0.8588624,1001.96246
9c60e3ea74e64600a02dd113d0500a75.jpg,4,50.834187,2.051282,4,50.545104,2.475844,43.906174,43.906174,0.7348982,0.06952816,0.71418464,0.8177525,43.906174
9c784dd2debb4269bd96d7db29164802.jpg,4,46.211985,5.662597,4,46.921401,4.192012,137.33334,91.40244,0.67750734,0.09632647,0.6929877,0.7171876,119.22729
9c954540774842b28e9a4faf61c13e55.jpg,8,70.297101,24.175768,8,70.296963,24.175423,0.020068461,0.020068461,0.9959975,0.02293533,0.9951662,0.99932253,0.020068461
9cf9872cb5fb404ba9334b58903de367.jpg,9,51.878234,19.0428,9,53.517441,19.013004,182.2828,3.2630339,0.6732743,0.012249768,0.6632508,0.78383505,1634.8905
9d2da6e285284f028f1f5d7eecb2a66f.jpg,4,50.765739,2.758175,4,49.020105,2.702849,194.14635,3.568807,0.6385825,0.01548022,0.6139777,0.7370018,194.14635
9d32032a4c40404bb9a6d5c4d734a41a.jpg,3,67.116348,24.773358,10,62.501876,16.162225,654.07587,13.798558,0.79677135,0.028972387,0.7661892,0.91909975,654.07587
9d6e96cddfd3487f801e8b3fd1524924.jpg,4,49.643606,-1.488336,10,66.085372,17.539422,2127.3984,146.42989,0.64655966,0.002688229,0.62464833,0.7586653,2139.9553
9d6f379ccec84149b3a2b58e5ff5503c.jpg,7,41.061279,16.882803,7,44.586404,7.752267,840.8191,509.20825,0.65548015,0.027443886,0.6305139,0.84946454,1571.9663
9d6f56c57bed45c2a668fe8a3b25a5b5.jpg,11,38.424074,42.125946,11,40.191378,29.106164,1136.212,16.359167,0.58646613,0.0038082004,0.5580689,0.7586111,1224.0225
9d70865a071b4bbab988d5345f98f1ae.jpg,4,46.234088,-1.018614,4,44.089259,2.294419,352.5792,27.269535,0.78477985,0.058570147,0.7662791,0.8750744,377.00128
9d7a4399df224e55b5ec3972f178bd1e.jpg,1,52.178399,12.064124,9,53.604102,21.047086,622.67175,32.32443,0.71569335,0.023914158,0.688138,0.85669136,565.5661
9d93216a0a4a4962ac5523953244a725.jpg,8,69.256232,15.960134,8,62.339427,5.871033,893.6077,0.13013238,0.69465905,0.010349393,0.65506935,0.8530179,893.6077
9de8153db73e475ba049af950343690a.jpg,9,53.061291,14.953235,9,53.20664,14.969101,16.196714,3.458713,0.70871115,0.020094514,0.6902804,0.853469,478.59024
9e23789201d8447bbbae906c16e7061b.jpg,4,44.227046,4.80048,4,43.464629,3.40176,140.59944,30.62357,0.67005515,0.012130797,0.66101104,0.8315935,1706.8604
9e23949f09fd4065acccbb488b324fd3.jpg,9,51.164924,18.605441,9,51.198162,18.589177,3.8658583,3.8658583,0.8989694,0.1511811,0.88554054,0.952685,3.8658583
9e38ad78d4244546ab8613fb601bc5f7.jpg,1,52.93412,10.331489,1,52.934502,10.33105,0.051671218,0.051671218,0.960696,0.06126976,0.9538454,0.9880984,0.051671218
9e48e1fbc4244ad4b48787dd4e12ea25.jpg,3,65.777073,29.218866,3,65.725181,29.154556,6.4745545,3.149652,0.9480141,0.003578484,0.9423124,0.98257375,3.149652
9e4fa0ce82d642899cecb0a9c4a0e26e.jpg,10,62.377039,16.750629,8,59.393949,10.735482,464.33505,1.7170564,0.66503036,0.032197714,0.64992714,0.75481474,614.67017
9e705debb0744178b6bdd6e5c73606df.jpg,1,52.448097,12.508369,1,53.480565,8.391376,298.62134,46.03764,0.6829851,0.010255814,0.65276206,0.80912584,100.22067
9e7d9f4dcd69415682e46b6179f7885b.jpg,10,65.627285,18.934853,10,65.629548,18.930903,0.31011266,0.31011266,0.9607744,0.09011519,0.9569435,0.9760977,0.31011266
9e8083f93e34424b8937833d3cd48cf3.jpg,10,66.027988,21.0946,10,66.028583,21.091289,0.16355962,0.16355962,0.93178463,0.07541251,0.9181465,0.98633707,0.16355962
9e89b01b908c470180760e3a142b4522.jpg,11,39.701748,32.816398,11,39.208583,33.072174,59.071007,59.071007,0.68277514,0.02492696,0.6680861,0.78889763,2563.227
9e9e4e3d2a934b8c80b8728c2f5881ba.jpg,7,38.064483,12.682903,2,39.999973,3.850715,792.2679,3.7447307,0.69532955,0.01676321,0.66504896,0.8164518,792.2679
9eb186ce33b04e4ca7d9fa08ac84527b.jpg,3,62.184513,22.975962,3,61.702628,23.151498,54.36395,21.395348,0.78773695,0.025863469,0.7809272,0.81497604,54.36395
9eb71003b917432bbdb15dacb395d66b.jpg,4,50.202248,3.782629,9,51.593643,17.674859,984.93286,195.02855,0.7870048,0.02960509,0.7732257,0.8564316,946.8658
9ec11fa3dcaa4f09ae4f7d4bae68d66e.jpg,1,53.440169,8.447693,5,51.831776,-2.985666,791.0597,157.9178,0.75827897,0.07269859,0.72287834,0.89988136,791.0597
9ed3ad6be0634d32b3bcabd483593be4.jpg,11,40.937952,38.202782,7,40.90256,16.428411,1824.7593,28.09815,0.584652,0.008163035,0.5606406,0.7755882,1974.7578
9ef0664e02504e7f9e27e805f892df44.jpg,8,64.094961,11.524661,8,64.093354,11.524856,0.17894143,0.17894143,0.83504784,0.01577574,0.8036593,0.9643403,36.10219
9eff71d204f1413bb4d3c69865601ef1.jpg,4,46.821993,4.014207,3,68.025868,26.985819,2692.8713,1335.6698,0.6629914,0.008410394,0.6485221,0.79543537,1952.9893
9f37e20e90ba4147bccccf6d018097c8.jpg,11,39.560323,40.03117,11,39.559239,40.033464,0.23065789,0.16685274,0.9210217,0.014730573,0.9068389,0.9777527,0.23065789
9f41a884288e4975b3e704eb61c759b5.jpg,7,40.826085,16.90827,8,58.345426,6.189872,2089.721,13.703751,0.65806425,0.004183948,0.6404151,0.75533724,916.76025
9f4dba64616240e5bd395357ac5ba8df.jpg,10,62.229384,15.173057,10,63.843369,14.375885,183.90903,8.030872,0.84191686,0.02771455,0.82879376,0.90395445,137.79913
9f5123170fd24e5abff7d76ba7b599a1.jpg,5,55.910305,-4.510753,5,50.137199,-5.307606,644.13776,14.812025,0.66784286,0.009324431,0.64752305,0.8129282,446.7725
9f52f035f5cc4352b308ff1d1e8de630.jpg,3,60.369338,24.872078,7,36.861193,15.109957,2704.0164,41.56764,0.66387737,0.014162719,0.6661,0.7576263,722.6303
9fca12b4f3864491a1bb73bab68b149d.jpg,3,63.487282,28.303028,4,42.198207,8.63871,2685.415,130.4348,0.7143734,0.11779028,0.6944288,0.7941516,2685.415
9fcb6798c5b04ba5b17de62279d73aeb.jpg,11,37.832155,40.279438,11,37.831982,40.279989,0.052073967,0.052073967,0.8773027,0.09730512,0.8518485,0.97911954,0.052073967
a0135e5e0ad248b3b6389668e87753ef.jpg,4,49.549179,-1.714638,5,56.315696,-5.565526,795.1262,161.6168,0.6856349,0.012666643,0.64221644,0.88518834,885.6339
a029c6d3048b4af8be642786bf2b4afb.jpg,1,48.635866,9.046002,4,45.318228,4.508899,504.37778,97.99776,0.7181946,0.0022666454,0.6779971,0.9001646,778.14075
a0397c4d749c42e6b3500b7c517d5f7a.jpg,5,58.555351,-4.706344,5,58.555856,-4.705998,0.05963245,0.05235773,0.82076174,0.021057248,0.8046542,0.91121244,0.05235773
a066f035137b4cc4adc798e4266c46d4.jpg,11,38.005073,27.428243,11,38.006812,27.430457,0.27389792,0.27389792,0.8667672,0.15361649,0.85190195,0.92622805,0.27389792
a08320482c504d9fb6b5e929b5dd22ff.jpg,5,59.099319,-3.32598,5,59.060786,-3.334604,4.31292,0.28934878,0.8513709,0.003600955,0.8371428,0.9451531,1.7831857
a0838c234d99462a894f8a701c5cdc39.jpg,10,65.031811,19.407549,10,65.184437,19.535891,18.002905,5.752398,0.8757421,0.023911476,0.85423213,0.96582687,70.21487
a08768f585a54b5cbf06cbccef9ec5b8.jpg,11,42.002338,35.092065,11,41.913562,35.070765,10.027347,10.027347,0.83762956,0.01128751,0.80400836,0.9721141,10.027347
a0a1559a605a419c92c89cc9c83fbb19.jpg,3,65.746946,25.263152,3,65.759223,25.293917,1.9588935,1.9588935,0.8202427,0.0016345382,0.7933868,0.95287156,22.48128
a0b730c0362c4f0c99b2da3c0313e7bb.jpg,4,48.229456,-4.502675,11,36.857938,28.254946,2937.0894,241.06853,0.6895334,0.00085651875,0.6744546,0.81391287,2950.1545
a0c28c311bea41db857778ec0d7580bb.jpg,4,47.950927,4.152887,1,48.3829,9.127957,372.01154,17.568583,0.7005148,0.008687139,0.67590666,0.8119682,851.55597
a0f277a8d26347e6bd3a4383ddae4984.jpg,2,43.369474,-5.534352,2,42.767198,-5.071515,76.80176,26.77217,0.6925448,0.010198355,0.6552273,0.86690867,35.482746
a13e606acdeb497ca6fbf345eac0888b.jpg,0,52.536277,25.684381,0,52.681635,25.370844,26.635656,1.4132473,0.8635539,0.037130058,0.8432994,0.94457173,26.635656
a15c50fd2ce542b8b71d4616a76a9424.jpg,1,48.977213,8.075099,1,51.047067,13.868587,473.46738,0.5747424,0.7157734,0.020181775,0.7123153,0.77920496,610.8049
a160933eca0f4d7aa94a7aa26fbb71d5.jpg,7,40.677043,17.463929,7,40.997164,9.222957,693.94354,2.236941,0.6902734,0.02935332,0.66987264,0.8628989,706.6571
a17076f06c044e4aa77dd4002ea0d551.jpg,5,55.200377,-6.198111,4,42.092946,9.513861,1850.2925,33.64351,0.65337175,0.007418692,0.64585644,0.74220455,3622.9382
a1bce705b1f945a8a3d474b597058725.jpg,6,65.62306,-19.368048,6,65.623158,-19.370811,0.12727344,0.12727344,0.93319166,0.011532366,0.9191042,0.99016905,13.599602
a1fc68f22bbb4407b1db39f5e5956e65.jpg,6,63.439364,-18.771198,6,63.958355,-16.859442,110.45732,0.25575495,0.8770771,0.014823139,0.85673773,0.9584346,110.45732
a21ee477b15a40b49e6d9cbf716b182e.jpg,5,50.199853,-5.340589,5,50.298969,-4.964571,28.918606,0.113147065,0.74353826,0.066001,0.71418273,0.86096025,28.918606
a2565b8f84a842c3abbb49d000833e00.jpg,6,65.602291,-22.513529,6,65.611402,-22.802872,13.326076,4.393768,0.8735443,0.001036346,0.8493217,0.9734577,4.4228406
a25e2f027bc9435f983cd3456aedc774.jpg,4,43.546161,4.812498,0,53.936709,30.204444,2173.2605,346.46182,0.8128023,0.021989882,0.79758567,0.8940778,2188.8315
a26a4fd75dd2479ca5644f822d17f4e6.jpg,10,61.931782,17.263672,10,61.9296,17.24552,0.9802445,0.9802445,0.8002109,0.07786298,0.79396456,0.82519627,0.9802445
a2a0d6f9ebb64040a9d777b9bcb11218.jpg,7,40.762941,16.064494,7,41.062413,15.714447,44.430866,10.142783,0.77348876,0.0009884238,0.74129176,0.9050932,34.328396
a2bf157f560b4574b3f36986ba704b98.jpg,9,54.317714,22.658353,9,54.353226,22.727182,5.9585567,1.6095953,0.72361934,0.0016819239,0.71365124,0.90967435,568.0093
a2c0530e094f4d8185dabd6e4906fa57.jpg,3,65.008989,25.585496,3,65.81924,26.549113,100.519295,46.700527,0.68895763,0.012675881,0.6797373,0.834506,192.22937
a2c61108b94c49ea84dd7fb53f5c12dd.jpg,0,55.814003,28.602072,0,55.900901,28.624499,9.7634735,0.099754825,0.8255384,0.006413996,0.7926866,0.9666736,10.359572
a2ef3ef029fe44c5ac810b4dbbab5bc1.jpg,4,48.772813,0.966726,1,51.206794,13.650132,944.88055,73.30573,0.7059356,0.024698257,0.68963563,0.8452205,856.34436
a2fc210b49014ab1a8b52d202acb3b4c.jpg,8,61.022188,9.190062,8,61.014441,9.20456,1.1628404,1.1628404,0.6745737,0.021309376,0.6825918,0.778146,3175.8098
a31c16ba158b4b559aab38c333a1e61f.jpg,3,61.725151,29.392166,3,62.436761,30.030559,85.823746,57.721806,0.75627303,0.028433323,0.7194391,0.9036086,85.823746
a36e40d71ad64e7a9400053306085804.jpg,9,50.668366,21.761074,2,38.409107,-1.565166,2280.7522,5.9953284,0.7138984,0.014068246,0.6948394,0.8542645,1877.7592
a38188b4377c4a17bec822e5f51b280c.jpg,8,69.795503,25.176992,8,69.802808,25.175129,0.8154238,0.8154238,0.9085495,0.027715862,0.8930018,0.9707403,0.8154238
a3dcf83ace23493097136257dd07aead.jpg,11,40.750908,36.348152,11,40.746809,36.354833,0.72421515,0.72421515,0.8831189,0.00054883957,0.8622994,0.9663968,0.72421515
a3ee3e16186348efb13e906152fc8b95.jpg,5,58.233925,-4.48139,5,58.540955,-4.78118,38.351887,0.09681059,0.7552431,0.016234696,0.7060762,0.95287013,38.2178
a4047134b28c44128f9266e1d0f1e8fd.jpg,8,66.317583,13.301638,8,66.315559,13.292764,0.45579788,0.20733787,0.8676706,0.020482361,0.84043634,0.97660744,0.45579788
a4161c01e6844fc9b1a9b43416531dd0.jpg,6,66.08254,-18.611872,6,65.911059,-19.396349,40.28239,3.9700472,0.8181374,0.023896277,0.7909416,0.9269203,40.28239
a419b4fd0ff44063b9704bead7faf6b0.jpg,1,51.856473,12.039205,4,46.504489,3.818491,842.3465,23.67718,0.6754903,0.012015998,0.637202,0.86850727,788.3998
a425e5d83caa4096b9010275cb352033.jpg,0,55.234503,30.347759,0,55.271661,30.330927,4.267271,3.61851,0.83109915,0.0020370483,0.8071128,0.9270444,4.267271
a436ef12ca524e8eab2ce6e50edf438f.jpg,6,64.002237,-20.978885,6,65.724863,-14.871046,346.06558,14.57044,0.7996127,0.016211987,0.76745963,0.9390492,338.61713
a4633829ed5645518bf5924753c2f136.jpg,10,55.586586,14.158956,7,40.694913,17.071808,1669.5504,120.69992,0.6336268,0.012139022,0.6310537,0.79854083,902.19995
a46680e6fdc649189041565314518d7a.jpg,7,38.650966,8.355067,7,38.651099,8.350504,0.3965241,0.3965241,0.85297,0.003549397,0.83320117,0.9320451,0.3965241
a4c07eae306140f08db7bc2e3a0c47e2.jpg,1,53.689551,7.653415,9,54.757293,18.515729,715.28876,246.94937,0.6583872,0.012966692,0.6274731,0.78204346,715.28876
a4e4a7e64ce546d49bcb05648aa7edff.jpg,6,64.421101,-14.602915,6,64.416867,-14.587286,0.8858531,0.39127937,0.8774582,0.010146618,0.8612575,0.9482269,314.69492
a4e71b203df945d4bd147b2a0da9b881.jpg,1,52.796138,9.938574,9,50.913585,23.17104,931.15295,31.98263,0.7046447,0.008440018,0.6790985,0.8647768,78.59853
a527b76dab874c1685206d7a7e0de848.jpg,2,38.820351,0.043384,9,51.276147,22.951713,2254.82,407.5442,0.74480426,0.039750397,0.7311122,0.79957235,2254.82
a52c83367eb44541886efe6413b17a96.jpg,8,69.305305,16.094715,9,54.659258,17.34502,1629.7942,117.65952,0.7478622,0.0028105974,0.73157763,0.8525448,1735.9379
a5521abbb0704f33a196e9dcb5852dfb.jpg,11,36.58481,36.421624,7,42.229282,14.440995,1983.3785,97.684166,0.75068647,0.027259707,0.73829997,0.8493415,3275.6294
a579bb66f42f4d85af3ca9b4f662060a.jpg,2,41.547165,-3.20571,7,36.870597,14.451284,1604.2424,1.6106207,0.7581582,0.0053544044,0.7419642,0.8968848,1033.8561
a5952c381198417cbedf1c71678673f6.jpg,1,51.173265,9.723317,4,45.218003,4.133522,780.6132,132.31607,0.6858097,0.020490468,0.6659674,0.7998991,952.1835
a5b437edcb0b4921af41936995c110ec.jpg,10,67.576976,20.878916,5,57.465333,-4.520768,1699.3403,7.6602025,0.67916495,0.01220268,0.6431316,0.82329804,1699.3403
a5cb18904a4944d6ab865b611da32100.jpg,7,40.283859,9.144591,7,40.23505,9.038557,10.507743,0.59136754,0.89920974,0.059059978,0.8831873,0.9632994,10.507743
a63d6f05c3734decbe47ca56e9e2b824.jpg,11,40.311325,36.542728,2,37.622885,-0.782986,3216.921,42.75866,0.63028324,0.010418296,0.6210009,0.72832704,2952.633
a640586e30db4908bf576536c0ceb716.jpg,2,40.448122,-0.219346,2,40.448252,-0.224204,0.4113316,0.4113316,0.90517485,0.2406565,0.8958894,0.9423165,0.4113316
a657bca4c28d4e25970badabc76bc8e4.jpg,2,38.839954,-4.690554,2,39.501628,-4.214675,84.23857,34.63855,0.8645011,0.060646772,0.86620927,0.8576685,84.23857
a66fef3be23348be824fb966e6c4527f.jpg,1,52.981844,13.835228,1,52.905559,13.597154,18.067429,3.025251,0.7741083,0.01389426,0.7589696,0.8595211,37.83641
a675b13574264b57acbce7e963e9237d.jpg,6,65.683751,-19.605583,6,65.679495,-19.603157,0.48610976,0.48610976,0.9141716,0.0082992315,0.89897245,0.976699,195.24683
a6b55e0317a54f869afb13287fccb512.jpg,10,57.416652,18.355601,10,57.51573,18.373488,11.068791,4.440044,0.72684604,0.045061827,0.72465074,0.7621107,16.584005
a7253ff54d4641fd9333024cc4d5af5b.jpg,2,39.357139,3.19963,2,39.540822,3.236818,20.672737,0.37317607,0.81108373,0.0041516423,0.7959943,0.92155087,14.2135
a799385603094faa889cb127c5a6512d.jpg,5,50.440984,-4.719669,5,50.386639,-4.927622,15.926049,8.217602,0.7866581,0.027948618,0.76733756,0.86394,15.926049
a7ac43fe24944f93a8020c9ddc0bfea2.jpg,9,50.427603,22.746244,9,51.31431,23.130998,102.22678,19.737698,0.73371136,0.0065748096,0.72119135,0.7852732,61.776722
a7b9d465909448e8ad72808c8d859b9e.jpg,2,39.37136,3.147322,2,39.371854,3.147691,0.06343065,0.06343065,0.8839519,0.11747944,0.8626362,0.9692147,0.06343065
a7c586007e1148a19da6d801e907d02e.jpg,6,64.290192,-15.088645,6,64.287983,-15.148427,2.8943157,1.6301264,0.8356508,0.10856295,0.8358786,0.83473957,2.8943157
a7da4036e230480885f925325360d036.jpg,9,52.603242,21.496226,4,49.512661,-1.290838,1621.9478,26.908533,0.6022227,0.013631761,0.5864358,0.7515857,616.68695
a7ebfb9ba5f54f2a850035146ceb9006.jpg,6,65.73374,-23.785132,6,65.749459,-23.843698,3.1958985,1.7344385,0.9164694,0.05961901,0.9010154,0.97828543,3.1958985
a8138af298b6429b9fef53114e2cc460.jpg,9,51.591838,17.720545,9,51.593643,17.674859,3.162347,2.6136982,0.8053508,0.055776,0.79107654,0.8624476,3.162347
a85cf5f7ca534fb08217ccfec1d6d247.jpg,4,42.00492,9.428617,1,51.57148,13.903785,1116.4414,630.5432,0.6900739,0.020353615,0.6559325,0.8266394,1116.4414
a85d0e3cc0684865b94d7a82d47817ad.jpg,1,52.007589,8.342381,0,54.554917,30.455503,1490.626,132.3307,0.7031586,0.0066291094,0.6893339,0.8363646,1485.7828
a85e5c7b8df44a9298e31c150df1e839.jpg,6,65.012197,-21.835425,6,65.007627,-21.919515,3.9827325,3.9827325,0.8628864,0.048285007,0.84677184,0.95979804,354.10657
a8607b0d86a54ce7958d2ac409504d4e.jpg,4,44.237495,-1.128811,4,44.239828,-1.127176,0.29028133,0.29028133,0.8849348,0.047533512,0.8749147,0.9310397,9.509579
a889ba4c25ec494bb635d2ab592e963d.jpg,6,63.850377,-22.440329,6,63.839884,-22.427676,1.3213549,0.46174365,0.83113134,0.005930543,0.8054248,0.93395734,1.3213549
a88ac2920bce437b93543ac43a53a25e.jpg,3,63.689793,29.319848,3,63.484984,28.823582,33.48406,8.3599825,0.8583305,0.009429872,0.8313043,0.9664352,33.48406
a8df051e717f4dceac334a4a32768964.jpg,1,51.942316,10.468874,1,51.620887,14.184331,258.05136,41.530407,0.68550014,0.02545327,0.6582503,0.7944994,258.05136
a9497bdfb44d46afb5cd3697a7ac0790.jpg,0,52.077767,25.558038,0,52.080309,25.558226,0.28294972,0.28294972,0.87811065,0.0127155185,0.86409914,0.96672356,68.33868
a962072285ce49e28c23c131d79c7d17.jpg,9,50.71346,17.368136,10,62.216222,17.470384,1279.0656,50.004948,0.6193303,0.0018699765,0.60039145,0.78483266,1187.4883
a97758969f77413fbd78455df85e2996.jpg,3,60.909591,26.289136,9,51.550652,20.045998,1108.7089,43.229664,0.67402357,0.0032187104,0.6641945,0.7978819,503.58914
a9778d0f9ce34291830dd803c218521a.jpg,9,50.524787,21.191122,9,50.721512,20.585252,48.013004,8.407805,0.77896094,0.03302455,0.76531994,0.8485014,145.93152
a9872f244a9d40f6a2f5168d2e5ef679.jpg,8,61.182745,12.943767,4,49.76446,1.748322,1447.9932,122.26828,0.63898337,0.01081121,0.626469,0.7433684,2259.957
a99d4bd5ef184cf3ae6a9a3c26decea6.jpg,10,66.119462,22.864653,10,66.107855,22.848107,1.4902242,1.4902242,0.82550377,0.11249685,0.8085266,0.8934126,1.4902242
a9f4175f8bac4ca69b04568c6f3b8052.jpg,5,52.53476,-0.197656,5,52.544262,-0.199045,1.0607435,1.0607435,0.77456003,0.037412584,0.7334334,0.94654286,2.4339137
a9fbd164b4344c809fd3793e6358dd51.jpg,11,39.523523,44.239145,11,39.519994,44.241817,0.45443457,0.09943425,0.95703924,0.20742261,0.9498679,0.98572457,0.45443457
aa12f3ccbf31427184a4c6267506ef63.jpg,0,52.516798,24.397048,9,52.481525,21.639197,186.71585,11.002586,0.8042282,0.008596003,0.7896807,0.9064621,119.42458
aa131b562e3d47dabdf81a5c21688f1f.jpg,1,53.486864,8.480539,1,52.847888,12.54426,280.00354,0.19202492,0.6990121,0.018536747,0.68040866,0.7734256,280.00354
aa14a237a34e409eaa7add6551292e6a.jpg,4,41.744882,9.405779,4,41.832903,9.403586,9.78919,0.5408159,0.8656767,0.0047715306,0.8388356,0.9730411,9.78919
aa1826b0e0a840ef9af77262abc3114c.jpg,0,51.648441,29.108183,0,51.644104,29.102623,0.61623037,0.14211273,0.87710935,0.03679186,0.85287434,0.97404915,0.61623037
aa1c104b5e0d4b90b9f9a26357a0ff53.jpg,3,62.234486,24.736198,3,63.122292,22.573384,148.07394,5.3131785,0.8653598,0.008803129,0.84042853,0.9677017,161.95586
aa284152b6684840868f2351809bf042.jpg,5,54.142859,-0.779586,7,46.509899,10.375653,1158.1531,63.04112,0.6526013,0.018994987,0.63055754,0.8106283,2261.7852
aa4e923cb131418484771999b94b6ce0.jpg,5,56.900806,-5.02005,5,56.901067,-5.019641,0.038197797,0.038197797,0.85250497,0.03167385,0.8299539,0.94682217,0.275855
aaaccc90a5994527a15b62bae46cb697.jpg,0,53.602233,24.566546,0,53.578153,24.318129,16.612856,12.005759,0.84435356,0.020358324,0.8209193,0.9380908,16.612856
aaed740939b44cdb919de37822b992a9.jpg,3,66.876188,25.429366,3,67.544548,24.391902,86.715065,2.815207,0.8681773,0.005370021,0.84602237,0.9681606,3.056332
ab077f07150a4274a4a028c1fa746b61.jpg,1,50.05904,9.307823,10,59.317692,15.910244,1112.2562,6.801202,0.65198755,0.01503849,0.63246167,0.8121485,825.4209
ab07d91cd7c24d8c966511c471cf0a1c.jpg,8,59.826472,9.908382,8,60.042989,9.866692,24.18738,2.667754,0.84744734,0.0042638183,0.8192309,0.9603131,24.18738
ab40a062ae5f4fb0bad98a94daba3143.jpg,10,59.716039,18.547291,3,61.596239,27.52327,531.3595,55.941353,0.73729056,0.0013602972,0.7159319,0.8227253,531.3595
ab818fdd12e54b0fadde93fb3a9d3703.jpg,9,51.793037,22.527617,9,52.046645,21.271491,90.6432,22.520618,0.79232097,0.034144163,0.76754224,0.89143586,90.6432
abb6aee3cb534d589a467523daa6d9a9.jpg,10,64.517069,20.809847,10,65.691216,20.476206,131.48967,0.039977286,0.8966671,0.02643013,0.87921464,0.96647716,131.48967
abbe97b3ece547eeb7a065db66730ed7.jpg,11,37.248504,32.212408,11,37.2329,32.228513,2.2456667,2.2456667,0.67637545,0.017481863,0.6611402,0.8223355,4438.167
abbefd08d8a343eb869852f06aeb7894.jpg,5,55.63851,-4.595552,5,55.047064,-1.814868,187.7109,2.4587104,0.75106895,0.04516536,0.7279235,0.8692636,168.8434
abcd7d21601a4dbcbc76e6f2abf1ef1c.jpg,3,63.136376,29.792042,3,63.071916,29.852636,7.788776,0.858291,0.7675542,0.00023382902,0.74103165,0.87364423,7.788776
ac3f5a6a6a9549ef8d1b500a958b77d3.jpg,0,54.246893,26.328196,0,54.121223,26.590901,22.078861,2.647448,0.8443859,0.026124537,0.83221185,0.91213226,46.155254
ac65ef5195374bc69ab02b6f8d52bf97.jpg,2,38.922759,-2.947073,2,38.929961,-2.941693,0.9262378,0.9262378,0.92109346,0.12322688,0.9064347,0.9797284,0.9262378
ac742eddc36f4e2b8d2052d853858e73.jpg,11,38.336769,26.904546,8,63.023762,8.595796,3008.093,202.95857,0.6425697,0.009210527,0.6104336,0.8265439,2996.2744
ac94ad5d19524386bb0c15a8e1529e81.jpg,6,65.876272,-16.500175,6,65.883173,-16.541364,2.0228367,2.0228367,0.84685355,0.039515674,0.8152708,0.9731846,2.0228367
ac9989a7d58b4680bd60c224019550ae.jpg,0,52.541932,25.673427,0,52.387331,25.933383,24.610334,0.4415357,0.83077127,0.07513982,0.8134393,0.9000989,24.610334
aca9fb29a513497e95d0d33100e480a3.jpg,3,66.782359,27.330237,3,62.214179,30.096282,524.8078,61.250656,0.8156512,0.0022304058,0.7913452,0.9435067,302.18735
acd05668cc654ebcb489020c6d03ae10.jpg,9,50.567062,21.676632,9,50.291373,22.248856,50.819977,7.514506,0.7323605,0.015048325,0.7196284,0.7832886,50.819977
acf314047d19443ab967f6f31e966ee4.jpg,3,65.911587,24.10144,3,65.909199,24.101246,0.26567978,0.26567978,0.9095688,0.0994336,0.8976633,0.95719063,0.26567978
ad05ebf1660649e484a1df35992d94e3.jpg,0,52.205268,29.302858,0,52.205125,29.303011,0.01901436,0.01901436,0.8373869,0.13280606,0.8184854,0.91299284,0.01901436
ad06d6c69ae04b7e80989423788319ce.jpg,0,52.612886,30.85318,0,52.612203,30.853534,0.07961857,0.07961857,0.96030426,0.020390153,0.9519722,0.9936322,0.07961857
ad0a3662b7194a108d8dc976d409b358.jpg,8,59.993887,6.566066,8,68.557179,17.222902,1078.7698,0.7416466,0.7282709,0.059719622,0.709315,0.8905968,1077.6827
ad0c3be166c2403a82779d02b15d95dd.jpg,5,53.870411,-1.65651,10,56.369755,13.662614,1010.5656,203.00713,0.68986535,0.034159422,0.6896702,0.7921134,784.57196
ad15c7c392c348f9b8c4e1e77c445b45.jpg,1,51.820576,7.440758,4,44.632143,-0.846068,1006.48785,90.2372,0.6487919,0.019402683,0.65616775,0.76601696,381.64005
ad2e178db8b6450ab8f9d433b8142485.jpg,10,62.317838,13.772551,10,62.363082,13.781983,5.054414,5.054414,0.9049521,0.031735957,0.8898096,0.96552193,5.054414
ad85c4cd2c5e475d89c8c3dfbb2bbab5.jpg,5,58.4826,-6.263755,5,55.355527,-1.854006,438.5987,1.2874335,0.80502886,0.02326572,0.775798,0.9504568,2.2104316
ad8dd60bce024a6c839b4c4d5f4c325d.jpg,4,46.629455,3.709805,2,38.727639,0.037565,928.2288,198.27858,0.70572376,0.02287221,0.6866429,0.78204715,928.2288
adda6d46629f436f8a9b03f6e8df024c.jpg,2,39.059711,-4.178951,2,39.736992,2.910084,613.6056,7.9578824,0.7492781,0.006616056,0.72226036,0.85734904,613.6056
ae2371b16a6349c4a035f42799e4107f.jpg,9,52.788137,14.489191,11,39.536942,31.67007,1970.2325,990.04346,0.6495145,0.0082909465,0.6109741,0.82025427,1983.2318
ae35bfd932de4cb7914bd2581698a70e.jpg,6,63.487348,-18.536103,6,63.486595,-18.537559,0.11060739,0.11060739,0.98147225,0.023023844,0.97783846,0.9960073,0.11060739
ae4702e3cf4a49c09bcc63951434d749.jpg,6,63.8177,-22.541795,6,63.831076,-22.508856,2.1960492,0.7430411,0.8928859,0.003711164,0.8689878,0.98847836,2.1960492
ae66df2ba76746f6a61e2be4cdb4f90d.jpg,4,46.478379,5.688193,9,50.319569,18.945857,1065.9779,69.615204,0.6345034,0.013476312,0.608588,0.7530314,1906.9246
aeab1fd4c4b7483e9d1a8f9dc25b2bd0.jpg,11,38.057772,40.572693,11,38.672637,41.202072,87.66598,48.652344,0.6451473,0.023822904,0.6681354,0.69561565,249.06873
aed22d4cdde94b6bab7b36e09e070ef7.jpg,3,65.48287,25.341775,3,65.480003,25.344841,0.34878004,0.34878004,0.9044136,0.05661881,0.9083915,0.888502,0.34878004
af10f06ccada4ed0a6051f15f6cf98fc.jpg,6,65.285875,-14.430235,6,64.00936,-20.942937,340.81845,4.4035363,0.6452726,0.0034997463,0.6466572,0.70102394,345.0233
af144a301031444eaf8c86150d612ad3.jpg,6,65.851588,-23.391747,6,65.674532,-23.208376,21.393194,2.2674925,0.92771655,0.002310574,0.91139734,0.9929933,21.393194
af15112d1dbd46c79517447fd5104d9e.jpg,7,37.98509,12.989186,8,61.580103,10.062454,2631.4263,188.37894,0.68862677,0.0018565059,0.6576135,0.83681154,2340.2769
af1c01e4f53c4012abae13e36b1d0799.jpg,0,52.464061,30.946138,5,53.217746,-0.562068,2100.7495,17.519728,0.7065772,0.027480602,0.6842501,0.7958852,2100.7495
af2e28e9781e41a0ab62cd0844960e44.jpg,10,63.134141,14.752372,10,62.806166,12.795961,105.37037,34.465862,0.70974696,0.0011717677,0.69899166,0.81930196,220.69519
af50a69b0c8e44aea8904f21e197142a.jpg,5,55.0471,-7.397414,10,59.896179,15.078111,1439.1644,148.80951,0.7124992,0.020814061,0.6971395,0.8505267,1853.5663
af7160ee01764938bf5407f839e0d836.jpg,6,65.123306,-13.804808,6,65.941434,-18.130607,218.95142,4.6034813,0.7558314,0.009109795,0.74732345,0.8694308,362.4438
af7c297684c84822acc16495668ecab6.jpg,3,64.175424,27.79155,3,64.178159,27.766957,1.229398,1.229398,0.8328828,0.015607119,0.81773937,0.8934566,1.229398
af8d77e8530c43cc8433e34db471fcb8.jpg,11,37.026151,37.984238,11,39.160735,31.809945,589.98224,18.514477,0.7359429,0.02327621,0.7045942,0.86600137,295.76962
b03d274da8344c61bab3df016f1f0b2a.jpg,8,61.927368,6.841633,8,61.93594,6.984994,7.560967,7.560967,0.7433133,0.048531175,0.7512323,0.7588157,1105.9053
b040d9e57bbf410ca2deef9ba428e85b.jpg,1,52.585376,8.61791,1,52.577898,8.613526,0.8826998,0.8826998,0.6196325,0.0005352497,0.61357534,0.7501042,687.9465
b0738ba5f27041ad9067841505efd8e3.jpg,4,47.437329,6.723494,1,52.649371,11.828318,684.2766,59.639446,0.6311508,0.014716566,0.6139237,0.78246254,671.07904
b0c85e59665c44d6a799fbe8643250f9.jpg,5,54.978127,-2.312856,4,44.88852,-0.742298,1127.4559,7.1062264,0.6781566,0.009985149,0.6588323,0.8034848,1153.7917
b0f0fe66d90e4c51b8bb5ec93611689a.jpg,2,37.564146,-4.298141,3,61.29681,28.765172,3488.6462,187.9971,0.71261185,0.0054517984,0.7111217,0.8569776,2571.2085
b0f259ef06204c549a5c93dcd6f8efb0.jpg,10,63.748231,19.31819,10,57.455964,18.342597,701.6713,25.366484,0.78926677,0.012248039,0.7711349,0.8769357,715.582
b106125e66b64021b7af43511883a5f3.jpg,3,67.120353,25.066537,3,67.12356,25.058337,0.5028144,0.35166204,0.964043,0.0016454458,0.9592717,0.98377603,6.1093097
b1172bd5ed0e43e6b373f05088850973.jpg,7,43.697556,11.405706,4,48.553248,-4.699288,1350.1215,0.19223563,0.7829049,0.052311003,0.76534885,0.853129,1350.1215
b11d2bf855fd4805948f9ebd840da05f.jpg,2,36.77177,-4.109204,4,43.800218,-0.913701,827.01685,4.397575,0.74721247,0.046375394,0.73341477,0.8024031,827.01685
b144fde8a21a4e9eb57b1d2c4d8b08dc.jpg,3,62.435993,22.779096,3,62.539117,22.041555,39.581364,10.601039,0.87213874,0.03609675,0.8512738,0.9555986,39.581364
b162cf29f4f94724a0ab1fe8c98965a8.jpg,6,63.965004,-16.861116,6,63.97621,-16.863628,1.2520665,0.4060285,0.8992933,0.010146558,0.88142943,0.9707486,1.2520665
b170052682b442fab9b75ff7249cfe9b.jpg,8,63.992046,10.182165,8,63.992221,10.182607,0.029036433,0.029036433,0.9557387,0.11714101,0.94704676,0.9905064,0.029036433
b17327b60efa486c9c42df1a043224d1.jpg,2,36.752177,-4.119478,2,37.69595,-1.696125,238.84572,2.7034276,0.70630795,0.00821799,0.7055082,0.84670126,823.1158
b1939a52553445ca9302a8172ea7dee6.jpg,1,52.850521,13.989279,10,56.879623,13.806792,448.16806,9.283351,0.6952319,0.01942426,0.67375827,0.7938863,288.592
b1a0892a001e448496598942a1b256cc.jpg,7,44.549299,8.41143,7,40.512732,16.476217,798.2487,29.943798,0.63320976,0.009829462,0.61765444,0.7945652,912.376
b1ae9a9990f442f0b2547ffc28e0ee9b.jpg,11,37.528353,29.791778,11,37.912698,30.488287,74.695724,45.81374,0.7816229,0.08505148,0.747303,0.9189024,74.695724
b1c3ff3641f147baaba4e1bb15f22ccc.jpg,10,63.517014,14.850669,10,63.843369,14.375885,43.183273,39.790768,0.8330783,0.031021535,0.82662266,0.917967,178.53796
b1d57a92e52a4e828fd0fa1ba5bbf2f8.jpg,4,43.127024,3.123935,11,38.692755,35.472794,2745.1057,79.0284,0.67590034,0.011525869,0.6662636,0.79334104,2064.8403
b1e1540a84f74f5ea0b3134b4b6e58f0.jpg,6,64.828025,-13.935836,6,64.826734,-13.929454,0.33424318,0.33424318,0.96310455,0.13966829,0.95689285,0.98795116,0.33424318
b1fb95cbbcf745c5a7197245aaabbd76.jpg,3,60.319308,25.270864,3,60.872786,26.289743,82.95372,20.96206,0.7518953,0.0016339421,0.75015587,0.84604186,2454.4358
b2098a24ac8f457eb44a0cd0d0ecb332.jpg,11,37.028163,35.4501,1,53.18562,11.459855,2579.0815,0.66091394,0.6908457,0.004345536,0.6819285,0.7518233,3390.58
b211ac33ea5c4e5981f7fc8af40b7006.jpg,3,66.230858,28.800119,3,66.23329,28.855293,2.487383,0.9351848,0.8767978,0.008397639,0.8559675,0.9656395,7.97005
b22d6192ec864f6a972057a270b6df1d.jpg,4,47.933668,6.475264,4,48.100354,6.273637,23.841986,23.841986,0.670701,0.0944615,0.638785,0.79836524,23.841986
b27e97e47ad04d9ba3ff9aa2dd5bf6b8.jpg,0,55.887978,28.546971,0,56.027649,28.378369,18.744297,0.7872086,0.6784,0.0018223524,0.66902685,0.8460257,120.3219
b291ad5c1ccd47f0893f398fe16e0930.jpg,9,54.757664,17.655163,1,51.375299,7.231962,790.39905,37.376793,0.6713759,0.007287264,0.64541763,0.82047397,1388.5085
b2afb01808f14751a12d9364080eb9ae.jpg,2,43.162239,-8.182833,10,57.37232,13.478941,2187.5674,41.72268,0.63486654,0.017312467,0.59269,0.8035727,2187.5674
b2d47a5ec085417a8dc0957b0392793a.jpg,3,66.875414,25.431186,3,66.895091,25.386463,2.9323375,2.9323375,0.8661382,0.004590094,0.8423933,0.9742837,77.14702
b2d4f930189f462aba1760fb662b46b1.jpg,8,69.084995,17.550297,8,69.074718,17.547244,1.1491628,0.54831666,0.7533424,0.030014515,0.7290796,0.9080333,3.735162
b348679c116148469093200b29addce6.jpg,1,50.854895,12.468843,1,52.052851,13.897482,165.95473,5.2069755,0.73214704,0.073961854,0.7039255,0.84503317,165.95473
b34d7e2cb1964400910556b7de2868e1.jpg,4,48.632429,-4.517262,9,53.420427,19.543763,1755.2065,0.25044358,0.70135987,0.004919708,0.70246303,0.7815983,196.153
b35857d6e3f340958c217f6cdca912b9.jpg,5,58.476123,-6.277236,5,58.50786,-4.810098,85.33039,2.3514974,0.7503277,0.00079101324,0.7101877,0.91955245,85.53577
b36145f572014a60839e20a74479e2af.jpg,8,69.083007,17.544666,8,69.074718,17.547244,0.9273626,0.2412187,0.7434378,0.025085986,0.7212587,0.8904849,145.62712
b361d4aecb45439e8cdbf696671b0aa3.jpg,0,56.027971,28.372816,0,56.028141,28.370143,0.16715741,0.16715741,0.8278753,0.13202399,0.80728376,0.9102416,0.16715741
b3656db2f23148ba8babdbe2cc4ed6b5.jpg,0,54.497546,28.823381,2,41.618922,-3.053264,2733.3586,341.7268,0.6674199,0.031318843,0.63441736,0.82446074,2712.1245
b36c864ed14c44b0ab42bd7740bd927e.jpg,11,37.39624,35.776859,7,40.66102,8.32831,2388.6843,37.50701,0.7730208,0.05991012,0.7785828,0.7984452,2347.5144
b397bcccb50346a38194c162c08abffa.jpg,6,65.480876,-19.281157,6,65.45001,-19.217427,4.520897,0.4814236,0.91472626,0.081611514,0.9051767,0.9529246,4.520897
b3a7d94b522f4c1c9b9e597b6eccbaca.jpg,7,46.04915,12.030811,2,41.567747,-0.628485,1129.7151,119.15204,0.7364406,0.030028224,0.7260677,0.77793205,1129.7151
b3aa3821a15e46709103f2275f09d028.jpg,10,65.356283,19.485203,10,66.528366,19.707093,130.71718,2.918412,0.8302667,0.07314551,0.82383597,0.87420475,676.2177
b3e4802c9d4347d1960a955c5035199c.jpg,3,66.383732,25.871219,3,64.921002,27.613078,181.17645,12.883277,0.88416636,0.039253175,0.8594892,0.98287475,181.17645
b3f87b71b7ef46a3b082efec0aab0cb3.jpg,10,64.417478,21.224463,10,64.458925,21.122909,6.7067814,6.7067814,0.9009943,0.051908433,0.8895643,0.9467144,6.7067814
b40ae1808f54466da9337f22b7170810.jpg,4,47.844537,-3.762955,4,48.30188,-4.151144,58.46355,6.505828,0.859642,0.055205703,0.83389705,0.962622,58.46355
b4219c36026f454485a1cea06794baf3.jpg,7,42.035768,12.670716,7,41.90954,12.749692,15.480117,1.3846433,0.8177611,0.02032727,0.78165674,0.9621786,15.480117
b43785dbbb594c70be4507107aeab151.jpg,2,39.396212,2.969453,2,39.39569,2.977685,0.7097463,0.7097463,0.8264545,0.039168656,0.8000368,0.9464927,4.540152
b4648d3f0fe24c62b2aa35e5bf83de88.jpg,2,40.17504,-0.869698,2,40.377346,-1.11557,30.677685,7.516048,0.87950444,0.004205644,0.85896915,0.9616455,30.677685
b477c4d3c77d4c8fb064c5ed7b75edaa.jpg,7,40.5915,8.375922,7,40.57526,8.360246,2.2390661,0.50259274,0.9062557,0.05209315,0.88881475,0.9760195,2.2390661
b482b615509c430fb2d94aecdd61d069.jpg,6,63.478747,-19.369064,6,63.826339,-22.646448,166.27214,30.645866,0.78167516,0.018364906,0.7627666,0.8915239,316.938
b4890763412a40979f9f075cd63de8e8.jpg,5,50.381196,-4.934506,5,50.386639,-4.927622,0.77752393,0.61901873,0.8679576,0.08188552,0.85677224,0.9126987,0.77752393
b49a956354ab41399170a4e2e03a5453.jpg,9,54.587087,16.912196,8,60.233549,9.601124,764.5001,0.802909,0.6862697,0.008403599,0.6730459,0.8246951,24.421062
b4bbd47b65ec40c098dd05b2a1c3bfe9.jpg,6,65.762243,-23.916345,6,65.752881,-23.8606,2.7497911,0.2404395,0.8439777,0.108423054,0.8197738,0.9407932,2.7497911
b4c023aef0524af2a80438d1401bc110.jpg,8,59.973889,6.572586,8,59.982818,6.565605,1.06612,1.06612,0.80057174,0.01585418,0.76937014,0.9253782,1.06612
b4c17bc571ee44d6a0155a671215ea2f.jpg,4,43.647487,-0.906509,4,43.644337,-0.894385,1.0365075,0.046086434,0.8047203,0.02075988,0.78263116,0.91562927,9.984007
b4e01c7888d04421a5eeaf4560e9d339.jpg,5,50.291717,-4.971389,8,64.028629,10.080843,1766.7069,1.2193437,0.81078994,0.033240616,0.7991705,0.8572676,1766.7069
b4e47626b1e342a181ef0f5674387892.jpg,0,52.975289,26.774521,0,54.58316,30.447457,300.2782,7.1933265,0.85771817,0.0050032735,0.8321472,0.97587174,60.44561
b4fcac1158084510a3b939a393a114e3.jpg,11,40.915877,35.640699,11,40.910299,35.638072,0.65835786,0.65835786,0.9033315,0.055882335,0.884696,0.97787356,0.65835786
b4ff0c84ebd64c609eec13ab3529ccba.jpg,0,52.569924,30.830132,0,52.579324,30.836043,1.1189588,1.1189588,0.8826015,0.10211432,0.8849522,0.8809184,40.681767
b503119cc49840149c79ef02ca07fb53.jpg,6,65.941101,-22.469363,6,65.983133,-22.856357,18.140974,5.9770293,0.9304111,0.012286365,0.91604286,0.9878839,18.140974
b514ade78944409e82a96ac90bb4b2ef.jpg,8,64.380178,14.577786,10,64.344933,14.714131,7.641287,7.641287,0.8232654,0.018585384,0.7967753,0.92922556,7.641287
b52ac53cc63649e881b0d3216037537b.jpg,6,64.27838,-15.034638,6,64.498258,-14.476584,36.29404,0.27197805,0.8085977,0.030971646,0.7794272,0.9252797,36.29404
b5589545e226408984dd4e61885fd7be.jpg,10,64.154832,17.862405,10,65.451277,19.377702,161.00867,14.611638,0.8516295,0.0024061203,0.82796836,0.9485648,123.34765
b566ad01a3a54b7cabf090a83a776c18.jpg,11,40.938057,38.212405,9,51.314027,15.585624,2077.485,28.886177,0.57760036,0.01038146,0.5617708,0.7397431,2035.6498
b5b0ec243f4b4ebbaf361cecb4d80888.jpg,1,51.815334,6.921769,9,54.339018,17.856196,781.45306,8.718,0.7136186,0.025156915,0.683293,0.834921,781.45306
b5b402e86fa54a34ab8b83d8e8599bcc.jpg,10,56.331336,16.52501,10,56.244729,16.46563,10.30397,10.198423,0.7654584,0.05342716,0.7430766,0.8549855,10.30397
b5d7324e036a41c6b6d92290e38da628.jpg,0,55.888191,28.605694,0,54.698617,30.442176,176.09988,1.8363231,0.7182363,0.013862073,0.7274134,0.7508483,77.349
b5d9d2d178df40138421215cdacd8084.jpg,4,48.878142,2.97675,1,53.190254,7.191864,562.60846,10.6832485,0.74126,0.0016441941,0.7135487,0.85210496,562.60846
b5f1650ab3d14bdfb41a134d28b6c0e3.jpg,8,63.607928,8.919792,8,63.584225,8.96191,3.3591864,3.3591864,0.69179755,0.03016907,0.6882543,0.8032973,2134.0793
b6111e9b07294e05ad2e2092ede67aab.jpg,8,69.267725,23.859078,8,69.466425,25.477901,67.165634,1.7776488,0.84635735,0.00877732,0.8189062,0.96237755,6.5632687
b618483f9cf94b5b955ef08a5d4cce31.jpg,6,65.751866,-19.651334,6,65.752466,-19.65153,0.067314774,0.067314774,0.78954756,0.08848238,0.7745633,0.8494843,0.067314774
b64160e1a87d4ce0bd269d234f1a2346.jpg,4,47.337348,6.184774,4,47.562966,6.861212,56.71405,56.71405,0.7242167,0.004771054,0.7223251,0.8400098,1250.5829
b65469d62782470fae14d0a080f34b4c.jpg,9,53.226021,14.644797,3,61.543878,24.303675,1088.6202,184.05777,0.6185455,0.021827877,0.61601543,0.7503718,1288.5392
b6719d28c76449a7827c79844df9d54e.jpg,3,66.261153,29.302348,3,66.261623,29.304173,0.096979365,0.096979365,0.9308727,0.046376526,0.9165243,0.9882661,0.096979365
b6890bf0d61244e081e8c69f945d2f10.jpg,8,58.939517,5.574043,8,58.215533,7.927071,158.37802,4.948573,0.6992229,0.010368049,0.6787937,0.7809397,158.37802
b695d5eddd444df4b8659787c9c3dcee.jpg,1,51.109962,7.817565,9,53.485434,22.551007,1034.0503,0.35762367,0.6897623,0.01191777,0.66300344,0.8066354,958.49365
b6a4ee8d445240b5abde88ee66841a03.jpg,9,54.187498,17.434092,9,54.19818,17.391315,3.0257719,3.0257719,0.75906765,0.055353284,0.7302049,0.87451863,3.0257719
b6f22381fdb7433aaf8b7f0c0e4b1caf.jpg,8,59.475373,6.293143,9,50.006581,19.87459,1361.652,2.549399,0.7470121,0.0054212213,0.7295337,0.81692576,1361.652
b6f8b2082697461a99e86194508496bd.jpg,7,40.70569,9.695099,7,40.655965,9.722518,5.9931316,1.7522386,0.9005946,0.035683393,0.8862832,0.9578401,5.9931316
b7221be5c4e149d48ae34f7b73491b50.jpg,0,56.028425,28.326887,0,56.027359,28.354016,1.6898124,1.2904407,0.8358879,0.060353518,0.81508017,0.91911864,1.6898124
b734489151f7493fb1388fe80e5fcc3d.jpg,10,57.576635,18.383688,10,57.577203,18.382213,0.10826893,0.10826893,0.9145269,0.015913785,0.8982748,0.9795352,0.10826893
b76e203afa8543edae21a58acf2ac8dd.jpg,10,57.56679,18.402924,10,57.565984,18.404016,0.11078501,0.11078501,0.8988425,0.069233954,0.88414884,0.95761704,0.11078501
b78ea0e4ee36459589412d02df54e4c4.jpg,1,52.216753,14.042077,4,44.492942,5.373397,1069.8087,16.068012,0.65671796,0.038841665,0.6673654,0.6703925,1583.8174
b7bcb25395bc4723913d19c5007b3086.jpg,3,65.052967,25.600959,3,65.25382,26.500389,47.589645,44.887295,0.7149098,0.020262241,0.71659505,0.7847695,935.2766
b7ccc7880db240f9a388663a9ae0babb.jpg,5,50.215247,-5.192653,5,53.183287,-0.607813,456.72626,11.318273,0.7307904,0.013848662,0.69603,0.92675614,446.56693
b7edf628c31f4678a075a1c63e058a87.jpg,1,53.100338,9.429948,1,52.934502,10.33105,63.033478,19.254757,0.77320445,0.00030368567,0.73971605,0.907158,63.033478
b7f5b26200f24322bc10b3a575eb3912.jpg,2,28.052552,-16.600723,2,28.279178,-16.816588,32.905968,29.660717,0.74156517,0.0055152774,0.7227867,0.816679,32.905968
b81df6b5c5b441fa896fb8c5d56bb981.jpg,9,54.160846,17.942825,10,59.998428,14.549238,680.5118,325.05896,0.6721985,0.005414605,0.66128075,0.8193135,913.57227
b86e8f3c20e74fa69862d8bd49358d51.jpg,8,68.699197,16.555822,8,68.699009,16.557198,0.059382547,0.059382547,0.9349717,0.089847505,0.92469597,0.9760747,0.059382547
b89c0fd10b794f17a8c3eae49f51b761.jpg,9,54.116298,22.867048,11,38.657967,36.077699,1987.9557,98.16867,0.6834087,0.00043791533,0.67714065,0.74681807,1770.1046
b89f9ff2638545efb261ca99fe87f18d.jpg,11,38.203997,41.098747,11,38.202983,41.098718,0.11278025,0.11278025,0.8966742,0.006472647,0.88797677,0.95883536,1.0343395
b8a8a3899c424c7f91f8df9430d4ec95.jpg,11,37.87322,32.527614,1,49.927481,11.765194,2123.8176,274.76123,0.6175417,0.0025390387,0.6014936,0.7311509,2440.3276
b8cf29109d67483e9abd006a7ef9cf0a.jpg,8,58.622266,8.896024,8,58.535159,8.846884,10.096066,10.096066,0.7469397,0.046278775,0.75815606,0.753699,2167.7761
b8f8fd30d68a4601a079d683a80a9dc1.jpg,2,36.771577,-4.109197,2,37.248216,-5.396022,125.95281,0.39032748,0.6932285,0.025123179,0.6625319,0.86331004,1893.1097
b8fa012607da48bd90cee2b42cfd652a.jpg,3,63.243423,22.840747,3,63.114169,22.943532,15.269578,4.817881,0.88829297,0.02586919,0.8740341,0.9453284,15.269578
b9020b6d075d4ba0a6d985db36b1bf18.jpg,6,65.16715,-21.057591,6,65.405404,-20.633793,33.015415,1.8753569,0.9241258,0.014712334,0.90988827,0.98107576,33.015415
b913e16f62954e33b80d8af2a61506e1.jpg,8,58.338168,6.261703,8,58.424308,6.018055,17.131462,0.2916924,0.74010926,0.0034422278,0.7059773,0.8932532,3.3020985
b9142ab075114a00aa248de42936d84b.jpg,11,38.391233,43.188035,11,38.416976,43.233638,4.897404,4.897404,0.7337531,0.03691542,0.70775765,0.8773109,195.03218
b916d042af4943fc8f4cb77be09b177f.jpg,9,51.135537,15.399941,0,53.088784,29.240259,968.08386,4.400943,0.6675184,0.013906956,0.64439726,0.7720512,416.10056
b9269bb9436e414d81de312ac480bb5e.jpg,2,41.537821,-5.953375,0,54.501517,25.876029,2736.7075,54.07328,0.71314,0.027152896,0.7044914,0.81477195,174.3536
b93c4b794f0e4b8d97e45738285aa268.jpg,6,65.595258,-23.774501,6,65.608042,-23.781837,1.4609088,1.4609088,0.8428767,0.04657185,0.82131404,0.92912686,1.4609088
b942cbe13db74b80afb32737066ee622.jpg,2,43.064733,-2.715558,9,53.230998,15.531438,1754.7441,195.2585,0.71458906,0.0078603625,0.6901057,0.8125225,1754.7441
b94e26452c8045ae8c911df2da3a1b7d.jpg,2,38.93908,-1.759518,7,40.736772,9.103658,948.1443,39.095173,0.744993,0.005240619,0.7143714,0.9057299,885.45905
b978bfa0f3514ced99f810f40d2f64ab.jpg,11,38.13274,27.378646,11,37.787755,27.275905,39.40393,4.024301,0.83750993,0.03642708,0.81929696,0.92837954,1198.2712
b9a9f0e92fa541c5aa08759647bc70d8.jpg,2,43.313204,-8.421903,1,48.848998,9.64221,1518.3385,31.679993,0.613369,0.02337426,0.6037245,0.76139504,1826.639
b9b7ef5249724cec9c5236d086f89872.jpg,2,28.931113,-13.701749,2,28.929767,-13.701559,0.15080644,0.15080644,0.7566407,0.020722091,0.76542366,0.7686632,0.49881884
b9cd1625f5bd4839b62d5f6c51c05131.jpg,1,50.365311,6.999601,4,44.732792,-1.079183,870.7514,616.7285,0.66134065,0.021124423,0.65710783,0.778746,1340.7208
b9f21c58d5c241a895db90f734021425.jpg,4,49.924965,4.646958,1,50.365148,6.551673,144.27866,78.083984,0.7121835,0.018562734,0.6687074,0.88608754,144.27866
b9fcf041977e4f63a5be54db876be38e.jpg,4,49.512464,4.762281,7,40.912551,14.544998,1223.3229,395.14236,0.74768686,0.025334477,0.7487921,0.74655896,1315.2047
ba187f703e0849dba394751cb4b3fd7b.jpg,9,53.434827,19.342615,9,52.225771,17.352686,189.58177,8.01497,0.65347564,0.014493942,0.64425844,0.7944037,238.63266
ba2e6896129042248dff98276e82df3b.jpg,11,39.111804,35.682034,11,38.886565,35.590934,26.253593,1.408625,0.8342381,0.037281692,0.83154345,0.8450167,26.253593
ba2e76321bd84a8e88f7ef225382afc2.jpg,6,65.109178,-14.329833,6,65.102027,-14.328395,0.79799974,0.5107533,0.8966077,0.017792702,0.8843758,0.9455352,0.79799974
ba6bfc6693954e4a9870cad32ca931be.jpg,10,58.709006,16.641965,10,57.486195,15.026928,165.80603,76.71377,0.6974555,0.03634411,0.69720817,0.7865426,413.85757
ba6c4a5656ca49a387e8bd69b2852f35.jpg,6,64.903645,-13.937835,6,64.912267,-14.006476,3.3757615,0.69111645,0.9097607,0.008513093,0.89141715,0.98313475,3.3757615
baaed1b9c5334b85bd4283f3dd5efc38.jpg,11,40.626192,37.303927,11,40.546478,37.234002,10.650514,10.650514,0.73429143,0.021479249,0.71880126,0.8011552,412.40024
bac3a624cfa345b8918de150bf344ff6.jpg,0,54.120284,28.221065,1,47.898262,8.094647,1561.4902,87.347885,0.65617496,0.010286093,0.6372758,0.7767585,2018.0537
bac7d427ad3f4f56b28ab193c2b945a7.jpg,10,63.154321,14.227609,10,63.495025,12.47252,95.44879,26.9944,0.7535478,0.019704819,0.7406387,0.8634405,1294.1394
bad3b042b2b747eb979b427439af56a6.jpg,8,69.442513,19.237662,8,69.442884,19.2374,0.04250288,0.04250288,0.96851933,0.038699985,0.96248215,0.99266803,0.04250288
bad76e6b4cfc4e4487da87e2c71d6015.jpg,10,62.921735,14.845804,8,64.43191,14.315848,169.94345,5.669096,0.78869784,0.008991957,0.77245116,0.9010054,5.669096
bb0883212a2f412e8e4cec5e6c78ba93.jpg,6,63.541887,-18.454265,6,63.541667,-18.454466,0.02641202,0.02641202,0.9902408,0.013382256,0.9890332,0.9950713,0.02641202
bb1ac9c6b78349d58a04ad774bcee320.jpg,2,43.458657,-6.983937,6,66.059589,-19.136052,2620.3655,1108.4386,0.6469276,0.010928273,0.64738387,0.83508754,3400.3862
bb2530e09a43491283c10724b636c0a2.jpg,4,48.291781,-1.238757,4,48.340432,5.404579,491.13095,33.26374,0.6342664,0.012828827,0.59019184,0.8105644,491.13095
bb3a612364bd429c9a8fda3aad96e06b.jpg,10,64.435616,15.12416,10,61.771532,14.14664,300.277,1.2614057,0.75717115,0.005808115,0.7401886,0.8903165,53.284348
bb8a8ca271f24e729e51d0c6dc04f603.jpg,6,64.178474,-15.867354,6,64.183756,-15.81911,2.4090793,0.7213678,0.87832284,0.011010885,0.8561988,0.9668188,2.4090793
bb8fd079e2944e37ae9d48347707f8a2.jpg,7,39.175012,9.380776,7,38.020595,14.05986,426.34973,39.170033,0.6851557,0.0059824586,0.6436266,0.8512721,426.34973
bbab17d93cea4f52b22f47afab6301ae.jpg,9,50.200852,19.78557,9,50.195557,19.791221,0.7130594,0.7130594,0.83929956,0.072968066,0.84464407,0.828467,6.535827
bbce07154d454254b3b0a63533119e44.jpg,10,55.794979,13.755334,8,61.936309,13.012515,684.208,14.32835,0.6632666,0.00057280064,0.6396838,0.8553803,1551.9055
bc28e8dd525d4ad79d35972c75e3ce8f.jpg,4,49.252915,-0.69172,4,47.852602,3.597091,351.91324,212.81676,0.68117577,0.009587228,0.65084314,0.8729241,1948.1423
bc360b0519a34e6e96191e877c92dd6b.jpg,10,64.151653,19.685822,10,64.151277,19.685873,0.041882344,0.041882344,0.9142116,0.07709378,0.9006692,0.9683808,0.041882344
bc4a30fbd5bd4d7fa01ce5bdfd607d5d.jpg,3,68.678581,23.325838,8,69.620631,23.463896,104.89366,104.89366,0.6712852,0.014746308,0.6621411,0.7078617,104.89366
bc85574657f3421ca73006ab11d3c10b.jpg,7,42.150121,11.923778,11,38.485231,42.295997,2593.057,15.254845,0.62193966,0.0067197084,0.59752274,0.7779794,1578.8999
bc8bd78e8d23430ab1b973558439986a.jpg,1,52.743155,7.207171,4,45.552667,0.175833,948.109,95.892006,0.6568095,0.008051932,0.6235283,0.7899342,948.109
bcc171fd72634ec58be95c5f06e57aeb.jpg,6,64.362705,-15.33723,6,64.368309,-15.315474,1.2180587,1.2180587,0.90853536,0.04125154,0.88732535,0.9933753,1.2180587
bcd70a40cbba4727a88010ab274e1103.jpg,7,40.005616,8.663488,7,40.395052,9.477628,81.58494,9.111436,0.7648353,0.015955865,0.7406938,0.86140114,81.58494
bcdb4dfcf65149588ba4576e174e3abd.jpg,1,52.376536,12.855789,9,53.958856,15.121846,231.86798,18.851778,0.7393764,0.01304251,0.71826434,0.8871392,156.81094
bcfdfe405fe74869b686d85b2cccc41e.jpg,8,68.470124,15.177412,8,68.471011,15.180348,0.15518267,0.062165674,0.7931448,0.014985383,0.7571368,0.939548,0.062165674
bcfe665abd3c4487a288642c012ea956.jpg,1,52.557244,10.148854,9,50.913585,23.17104,913.8318,25.613125,0.78167075,0.0033823848,0.77060306,0.8711507,883.82477
bd32d254fdbf4be391d9945910a2f7be.jpg,2,42.092848,-1.650321,2,42.038953,-1.601847,7.205968,7.205968,0.77751774,0.034201264,0.75730383,0.8583733,7.205968
bd405f3e56994e5281a410a07882245e.jpg,2,42.441843,-7.706388,1,51.855376,6.225472,1480.3823,39.592503,0.65921164,0.00051033497,0.6582377,0.81553686,66.96854
bd6c5e7c4dc64494b70a97b866722377.jpg,0,53.248953,27.152179,0,53.235941,27.234075,5.6383667,5.6383667,0.7525016,0.015405059,0.71315,0.9099077,5.6383667
bd810c760f6e4bfba13233aa5c8b23e7.jpg,4,45.697205,3.748992,1,48.859495,12.920889,775.43115,78.34186,0.68261594,0.009898484,0.6684142,0.7683897,2240.2874
bd8d93aaf22d405aaf4c5dd705f8e06c.jpg,7,38.013241,14.373972,2,42.921475,-5.292561,1746.0825,215.03575,0.6441307,0.007455468,0.6117857,0.78112555,1459.9077
bd8db1be1329474bb07b51add2099f16.jpg,4,42.243436,8.795804,1,49.916962,8.757513,853.2634,11.985856,0.6973969,0.060990095,0.69541335,0.77738017,551.21173
bda4d037515c4f3b8de85460533a1828.jpg,1,49.591092,11.622326,1,49.486827,11.373957,21.344904,0.7631844,0.76660985,0.07183981,0.76434314,0.85804856,1186.3062
bda57ec3f0f44e1887bb0cb33b7a4c0a.jpg,8,69.691091,18.865795,8,69.689694,18.861018,0.24108525,0.24108525,0.7927259,0.16071862,0.7935785,0.84002453,1287.0226
bdafd053d1dd45ffb7093090ab18f1ff.jpg,7,45.698114,11.76909,7,45.601697,12.076961,26.222565,25.561817,0.6814816,0.022418082,0.6882712,0.76918805,1069.5214
be3328c58e6848dd8564e9b66d37c48d.jpg,6,63.523389,-18.473392,6,63.523604,-18.473202,0.025695428,0.025695428,0.980078,0.08233285,0.9760317,0.9962629,0.025695428
be53531b1dca41d4b794bbc052d28944.jpg,10,60.263741,15.234399,8,64.188751,11.919524,468.87103,102.33641,0.75760347,0.032928944,0.7303292,0.8804454,287.49683
be62a69c2a944b658d585c3295d84c59.jpg,11,37.193641,30.254571,11,37.307217,30.376006,16.583742,16.583742,0.71303046,0.06513506,0.690366,0.803688,16.583742
be6483e53ee745d1a8961393a03a8b42.jpg,9,49.885012,21.584136,7,44.456561,8.044564,1185.6349,36.65916,0.6916428,0.0103266835,0.6909578,0.7619327,1213.8506
be67d6b28e2c41adb21d8277d81bcb25.jpg,1,50.787061,9.022452,10,63.183149,15.500758,1431.4296,674.57733,0.7049632,0.014292836,0.6649125,0.86516577,1431.4296
bea00a7a03974e4fb08a8e1fa0df936e.jpg,2,37.883491,-4.36503,2,37.884983,-4.369356,0.41432023,0.41432023,0.8518808,0.09236199,0.8342298,0.9224845,0.41432023
bea8430e81a2401c9d5976511766edce.jpg,2,42.858055,-8.19622,3,61.841421,29.86528,3258.261,10.053478,0.66034776,0.007405877,0.63652897,0.78225785,1576.6125
bed748ce190b4088b36726705593a15d.jpg,7,41.785208,12.624254,5,53.864711,-2.820451,1762.4534,69.040276,0.6562774,0.019789994,0.63496536,0.7415254,1762.4534
befcf29cdf0d4ac295df883d6d5488ae.jpg,11,39.084557,31.129855,11,38.81942,30.691664,48.010082,4.783783,0.88232046,0.017947257,0.8625728,0.9665527,23.950823
bf000457d5714ab891d48e6d8dbce186.jpg,3,62.570099,22.745907,3,62.590906,22.753056,2.342417,2.342417,0.9249575,0.11784971,0.9171754,0.95608604,2.342417
bf2a33be4ca9496ba721437c94d6a5bf.jpg,3,64.149102,28.25491,8,64.037841,10.057164,881.15137,143.45502,0.66005933,0.008009613,0.6271656,0.8382465,897.8094
bf2a416aa108447c9592408d942283c1.jpg,2,39.430252,-0.340393,2,39.435352,-0.339188,0.5764606,0.5764606,0.8227412,0.035902917,0.80576044,0.8906641,0.5764606
bf3b2a5ab739454caaaea54c76f36fa9.jpg,3,67.276637,28.261558,3,66.680404,28.924532,72.29435,1.1015725,0.8891683,0.005793631,0.86593056,0.9883326,24.863192
bf3fca6b85e045d9bf27196583994cf6.jpg,7,43.196428,13.780567,7,43.209444,13.776906,1.4774216,1.4774216,0.8853377,0.11240244,0.8693046,0.9494699,1.4774216
bf4104f65da5494a802dbd8b33b6eb81.jpg,2,39.54071,3.237928,2,39.540822,3.236818,0.09599441,0.09599441,0.88835776,0.108575284,0.8704971,0.9598002,0.09599441
bf4161afa7834060b34d0f790c046a3d.jpg,0,55.477076,29.076364,0,55.46987,29.093657,1.352724,1.352724,0.8821746,0.023019433,0.86242837,0.9645877,49.658695
bf61e1a878d946b481e80266b3750854.jpg,7,45.24649,11.006934,7,45.234371,11.011128,1.3870051,1.3870051,0.8042386,0.023333907,0.7762127,0.916342,1.3870051
bf76d1f7e310497bb4020dec0da462a8.jpg,9,52.095664,23.548437,2,40.231349,-5.160796,2549.7224,492.3114,0.64285266,0.029201567,0.6074163,0.8008541,1820.7087
bf8bfcc0214143de8b8cfc9e13a68a16.jpg,6,64.986093,-22.805461,6,65.060138,-22.749384,8.644185,0.28118518,0.7776987,0.0004994869,0.7513428,0.95071405,136.88188
bfa30a99f01644dbbd2323bbef3a4249.jpg,11,40.229892,38.048801,11,40.242425,37.956072,7.993722,1.8327715,0.7575987,0.02982521,0.74099845,0.84301966,766.7508
bfab171586b849679becdfb56d75b4ee.jpg,3,63.339899,25.606026,3,63.307775,25.625051,3.6961348,0.31534934,0.91871625,0.001666069,0.90358686,0.98658895,2.0568972
bfb372b200ae446fa3c464c04cc71dbd.jpg,0,55.170947,30.072181,0,54.365033,29.165801,106.820564,0.048358023,0.79803926,0.0049227476,0.7636754,0.95657086,9.946518
bfde9309fbe74ee293a5e55722a435f0.jpg,2,39.359798,3.129493,2,39.413736,3.136744,6.0299263,0.22619879,0.7307237,0.0064466596,0.7061896,0.83111,5.9687104
c00d5fe1617f45519b14e2ac8bf1235f.jpg,1,51.839736,13.036492,4,49.833129,2.073239,800.6739,13.95129,0.6800764,0.034755588,0.6468139,0.8131263,800.6739
c00ec28de45c4bbd8080f8c28e8664b4.jpg,9,50.952942,20.547024,9,51.249482,20.375315,35.085854,13.510681,0.62966746,0.0051674247,0.6122191,0.7689923,559.38007
c032b28a199c45909010d7cccfcc09f8.jpg,4,49.169056,-1.516176,1,53.595957,8.318884,840.32947,159.86317,0.64775705,0.005215347,0.6432456,0.76260567,376.88202
c041b6efaca44623a049152191c84c5b.jpg,2,41.147517,1.013315,9,51.349538,15.610458,1590.2749,26.646345,0.6433755,0.0085734725,0.61642635,0.80372596,273.48865
c053840bb8e14e72a673f361df506ef5.jpg,8,70.296526,24.174526,8,70.296963,24.175423,0.05909355,0.05909355,0.99355435,0.022720397,0.9922409,0.99880815,0.05909355
c066bdeb30b843b1b0542fc4d6794d1f.jpg,8,62.239749,7.15377,8,61.857906,6.203139,65.2491,0.7939293,0.7141614,0.012757063,0.6990775,0.82708675,97.821335
c08c2a72caf0453fab8faaf24a1f70d9.jpg,11,36.853961,30.917662,2,42.489206,-6.440836,3231.196,197.78107,0.66715455,0.017126918,0.6563287,0.7104577,3231.196
c0953c4ee2774a9ab6564044c323a54d.jpg,5,56.49632,-4.158569,5,56.547134,-4.298455,10.273573,10.273573,0.7195573,0.002098143,0.7231347,0.8222115,1824.2035
c0ba65dd0b164b87bf769c39be9c0c3e.jpg,4,47.144607,-2.13345,4,47.585855,-2.971004,79.91455,45.121017,0.6734818,0.038603663,0.6697388,0.7295475,2188.5466
c0ee96b6a7034f9b914dc1ef3897799e.jpg,7,45.262059,11.131776,0,52.080309,25.558226,1298.9259,13.526629,0.7174568,0.0011475682,0.7314805,0.8006995,1495.9834
c1035b5220e44248848dc360314b47ac.jpg,3,62.210531,27.933213,3,64.278348,29.16094,237.99164,10.89083,0.7631617,0.0059856772,0.7274697,0.9178915,275.2743
c105c0349f3742429ac88057c7a49e4b.jpg,3,62.434618,26.761369,3,62.583639,27.03097,21.588713,9.086438,0.8379544,0.027566373,0.8237944,0.8965359,21.50143
c117dd80026747d0b45cf5e6f25213f5.jpg,9,51.649793,22.902276,9,53.246982,20.898107,223.565,9.528559,0.7126203,0.005132079,0.67512095,0.865149,538.9874
c12ed7de9ed34b568af5c253eded5720.jpg,8,68.356238,22.890018,8,68.361888,22.859862,1.3870598,1.3870598,0.9660486,0.00491035,0.95926297,0.9931911,1.3870598
c1302b7839b141709a1ef8d6a44bd16a.jpg,3,65.889458,25.672381,3,65.883535,25.627005,2.16401,2.16401,0.9099185,0.01939094,0.8944474,0.9718028,2.16401
c132978fa0c64487bd4805366d03e702.jpg,5,57.384431,-4.699248,5,57.430275,-4.635663,6.363229,6.363229,0.7042541,0.016832113,0.70516706,0.82264465,1382.0718
c13fc4e503934f6eb20386c89c9b338e.jpg,0,53.131743,26.941672,9,53.485434,22.551007,294.30484,14.442352,0.70165426,0.0044267774,0.68634826,0.8291309,319.30765
c15ed40732fe4832a425b5dfd485ea6b.jpg,4,49.029692,7.915394,3,61.280884,24.701186,1719.42,3.396237,0.63926774,0.0033648014,0.61958766,0.80864424,1214.6672
c17891d460e74e2da3f65eb030c2abcc.jpg,6,65.978138,-22.934358,6,66.055791,-22.987464,8.962029,1.2206287,0.90255135,0.010722399,0.88295203,0.98396957,20.633358
c19f7011acbc405994165695531c741f.jpg,3,61.28127,28.806198,3,61.292058,28.734114,4.033328,2.734684,0.77388734,0.035441577,0.7606148,0.8371097,1298.5356
c1a123644ef8496da20dfb77e5a5ccba.jpg,11,39.201744,37.242913,11,39.196203,37.27616,2.93044,2.93044,0.8591582,0.015349269,0.84720194,0.9069834,2.93044
c1a2bcbde27d4af58bc989fa8e0523ab.jpg,10,60.658275,12.979428,7,37.82692,15.133666,2543.222,18.6394,0.6818986,0.0014048815,0.67566675,0.82675886,875.36975
c1b5479d2aef40df839308aa857a84d4.jpg,0,54.238388,28.468573,9,52.381076,21.122096,529.6553,15.909951,0.6956145,0.0235371,0.69308853,0.7940786,2323.169
c1ca5b45adfb467cbd8f9731b698f0a2.jpg,9,51.397263,21.517702,9,51.436566,22.366222,59.003784,7.8503323,0.68341833,0.0021629333,0.6785519,0.7530568,44.791683
c2068919491c488eb6fa3c301ebb34a8.jpg,10,58.265227,13.553851,9,52.693814,21.751113,805.45856,24.406357,0.61878335,0.002213657,0.61492014,0.7574548,928.6501
c251123b36c248688120cf4d9a16d570.jpg,4,48.577364,-4.510391,4,48.572815,-4.509819,0.50757396,0.2797232,0.93395567,0.119473875,0.92226183,0.98073095,0.50757396
c278dfc9ab77442ca77692c169fba55a.jpg,8,70.674224,23.65215,8,70.674659,23.650857,0.067849286,0.067849286,0.80489534,0.11514312,0.79836524,0.8310157,0.067849286
c27c457cb5d54655bcd8a429330f9f00.jpg,10,63.020506,16.157757,10,62.480571,14.770064,92.71171,31.38951,0.8349992,0.010448813,0.82122517,0.89106935,213.53563
c2a01823b6d24fbeb0e3f16ed1f8615d.jpg,9,53.636443,21.094383,9,53.671599,21.313249,14.94381,4.760574,0.72522515,0.0010845065,0.69296,0.86545086,16.088324
c2c4ab459b81464cb0580cb926e9b877.jpg,9,50.075198,22.174122,3,61.669312,27.24568,1326.475,7.399019,0.72324497,0.002592802,0.71672726,0.8326071,22.594786
c2cb63d76de840878a6240e571e00017.jpg,5,50.409465,-4.552814,5,56.496207,-5.776487,681.61914,0.65733683,0.6646191,0.013102591,0.6339077,0.8150957,138.58813
c2e9d7b622a341c6bba153ca2968ac82.jpg,0,52.310419,30.9,0,52.212441,31.532717,44.41811,1.1960872,0.8299511,0.01236105,0.805691,0.9457605,6.3092656
c2ea45e959b64aeaa6bbe76f96ab5237.jpg,5,50.636119,-4.504568,5,50.635871,-4.501733,0.20183091,0.20183091,0.8499957,0.13109237,0.8217377,0.9630275,0.20183091
c3112de98daf412b8e61eb12128fd9be.jpg,10,59.865138,16.822127,10,60.198102,16.593615,39.13911,5.717175,0.7215562,0.0036081076,0.68495816,0.86794806,39.13911
c326d09f2e724568bf4fcf789f9efb53.jpg,10,58.178218,11.476442,10,58.649581,12.054396,62.290833,36.335773,0.8567977,0.121748686,0.831173,0.95929635,62.290833
c3310661adba460ab8324cf4d729e3f0.jpg,0,52.831895,29.388148,0,51.70836,30.351906,141.09413,2.3201313,0.90931755,0.0025803447,0.89526606,0.96765006,26.540668
c34e20f2c8334aae9704c913cd9e7b38.jpg,11,38.645923,34.905729,2,38.808391,-0.463231,3048.7244,50.14517,0.71200323,0.012191594,0.6989616,0.8114729,3036.5525
c35a62a90b884e879820b4fd492e7d1b.jpg,5,55.766665,-2.212121,5,55.369446,-2.513646,48.065224,18.21774,0.75872403,0.026398003,0.7262279,0.8887085,48.065224
c3d981757e0449c99be1a275d39ecc0a.jpg,6,63.887849,-21.287854,6,63.878588,-21.22211,3.3788073,3.3788073,0.8565426,0.0009251833,0.8400396,0.9666887,45.38453
c412664c36d647809d33bb2f9362650d.jpg,1,53.462868,11.628761,9,53.002843,15.012551,230.92804,6.6678185,0.7417157,0.0057952404,0.7338185,0.844505,261.2276
c4171ed0a338429f91d1abeadeea9716.jpg,8,70.672751,23.653047,8,70.659023,23.669649,1.6442959,0.10961552,0.7651857,0.010961473,0.7189902,0.9503901,6.8342743
c42b627fbd294614b7e7b51e9e11ddeb.jpg,9,51.568029,21.591807,9,51.969015,22.365206,69.42795,7.0684195,0.6382829,0.0008175373,0.62061584,0.78960747,57.596176
c433dd362db148309588ce6cc5a1f82c.jpg,8,62.234511,7.150276,8,62.233251,7.147418,0.20383386,0.20383386,0.8206389,0.01230073,0.7904663,0.94132936,0.20383386
c454b40ff5cf4dca83e0aa223d8230b0.jpg,9,50.786003,16.064801,9,53.050563,22.161029,487.8308,3.649809,0.73483,0.023068547,0.7107495,0.83115196,487.8308
c49dc5c58b2545229ce61f9d7f493b3a.jpg,0,55.926252,28.647646,0,55.91802,28.644719,0.9333474,0.080628745,0.8556785,0.040335834,0.8420985,0.93784916,8.010257
c4a1464c9aa84587b52721b11b2bbc15.jpg,0,55.997854,28.645426,0,55.588243,28.666912,45.56653,0.5825676,0.8826803,0.021210492,0.860907,0.97372234,3.455376
c4ba3d007ddd4b488c50688f684b6a50.jpg,10,55.547789,13.758219,10,55.540224,13.765482,0.95727813,0.95727813,0.825044,0.03452617,0.81468725,0.86647093,0.95727813
c4f4ee14102044e38ba6c87524c44990.jpg,6,65.047173,-13.916627,6,66.061764,-19.029455,260.8197,8.50417,0.82397056,0.005877793,0.7970218,0.9415709,14.992617
c5601809f42b458c9da5dd388aaf99db.jpg,7,46.266624,13.329665,8,69.435636,19.254638,2597.2053,152.0123,0.63487196,0.0072927475,0.6185135,0.8250364,2491.7563
c5618a0fa22d44c2ab6dd681f4564cde.jpg,3,62.63958,22.766858,3,62.040821,23.663412,81.0819,3.8333025,0.8122167,0.014597774,0.7847674,0.95012236,93.61378
c5654d81aa6c4a87b9b9e94b48158cf4.jpg,7,37.83082,14.895635,7,37.856413,14.921862,3.6609256,3.6609256,0.8779035,0.102697134,0.86379224,0.9343486,3.6609256
c5671a60d59c47d39e6304e2b9c3e7f7.jpg,3,61.029319,23.163216,3,62.590906,22.753056,174.97136,9.387346,0.6878799,0.01649177,0.6687881,0.7905748,88.64882
c579f500f5624fc1a5fccf16df2da661.jpg,10,60.054563,16.710262,10,60.065633,16.139518,31.698107,5.261537,0.7673685,0.00030511618,0.72913677,0.9446482,38.754314
c5872ad39cdd45d3bd23d565d9181f29.jpg,5,51.408451,-1.643913,5,53.853535,-0.415425,284.2304,1.3102175,0.6929101,0.009283125,0.6753974,0.8600286,208.70811
c589019eff6e41b1a42cb221b764fb02.jpg,7,43.062516,13.082643,4,45.124963,4.177179,746.7872,354.68796,0.65918523,0.013230503,0.6606379,0.8066677,727.89056
c58c06b6d5cc4d36a5941303f7f67b7e.jpg,11,38.372008,42.737787,11,38.45382,42.395646,31.166983,0.3851545,0.7437079,0.008357048,0.73778003,0.8233888,5.7121387
c58d9f8ba1ed46d4aa8a6bc7fb536c3c.jpg,3,63.012098,22.12502,3,63.122292,22.573384,25.691994,5.108274,0.8664442,0.0029954314,0.84134424,0.96684384,25.691994
c5b70965fd524173a87c22dbd92f3be6.jpg,7,39.22574,9.125288,7,39.229084,9.126556,0.38754544,0.17705578,0.7190105,0.032725096,0.69794905,0.80325603,0.38754544
c5cdb55e97a640dfa5ea13594ed1d3e0.jpg,9,54.337051,17.848722,1,51.338446,14.565977,399.64908,36.666492,0.71995693,0.016103327,0.69798875,0.8308706,617.55664
c614fe30b80b4c1eaf3fc6e26e31b317.jpg,2,41.624908,0.431304,11,37.101373,38.173689,3257.035,96.1547,0.7442219,0.029922724,0.72410905,0.8246736,3257.035
c629736872724e1189f23b2b8b35e069.jpg,1,49.213034,10.818797,4,47.139572,6.277155,408.011,16.003763,0.682323,0.012461364,0.63628995,0.8664552,408.011
c632448d755b40a69363e1183db9142c.jpg,3,65.185258,25.479174,3,65.193534,25.450627,1.6189717,1.6189717,0.74709857,0.10734159,0.7483293,0.8010746,1012.3499
c63747dd8b534806b1560e1749a78548.jpg,3,64.422415,27.674665,3,64.426447,27.622723,2.533362,2.533362,0.8588412,0.058404565,0.838482,0.9486787,377.43488
c641885ca9d24ad3afe5ca1974a0be99.jpg,6,64.091349,-19.07027,5,54.994759,-3.224624,1341.9462,257.49268,0.70864975,0.018075228,0.7116518,0.7779478,4128.652
c65306fc0a304d6eac4395bb02fb16b7.jpg,6,65.037289,-21.093766,6,65.045823,-21.097105,0.9617843,0.9617843,0.9296794,0.12928069,0.91630495,0.9831771,0.9617843
c680c4a288e34219aae56351514fb55c.jpg,5,58.42142,-6.429048,5,58.507605,-6.259072,13.768176,13.061583,0.7779177,0.034443557,0.7416204,0.93235916,985.0164
c68ac5f54b0a4597a4bdb14c3fd30a4d.jpg,4,49.678803,-1.310523,8,58.264023,7.657612,1118.3062,109.10014,0.6255697,0.0027597547,0.6316911,0.77102345,1474.9208
c6c0f256d39b4409bc2b94cb777cc423.jpg,1,51.504959,7.957443,5,51.565305,-0.556271,588.57544,85.6163,0.6998677,0.047139525,0.6870708,0.83832073,736.21655
c6d61f8d8fc04fed82e26fe34bb6334d.jpg,11,36.45399,33.670617,11,36.457739,33.962671,26.123415,5.435291,0.71724486,0.03342718,0.67517614,0.8855195,26.123415
c6f330e4316041358550d690d37671d0.jpg,9,53.651157,21.508732,1,51.366931,14.490984,538.2602,8.172053,0.6915982,0.007348299,0.69844913,0.7739165,62.049507
c6fe5f627bb447f19cce19c1a7c695f2.jpg,9,53.625239,20.765498,9,53.275009,20.226282,52.835033,9.812737,0.7256883,0.015549064,0.71310633,0.8571125,302.3962
c7070ce4ab65457080a3439a605978b8.jpg,4,49.82919,0.912648,4,49.141765,0.213753,91.604965,81.19723,0.77326995,0.017954588,0.7569841,0.83841324,91.604965
c70f5ea0c00747fc88d2e5419d726d87.jpg,7,41.567413,14.805446,7,41.551019,14.748481,5.078187,4.65018,0.6902895,0.0809958,0.6609615,0.82899034,1909.1589
c713389b3f0b465b86e06d948d73bdb6.jpg,1,52.645996,8.786902,5,50.395038,-4.626846,959.6603,22.256798,0.6644976,0.029912949,0.65634036,0.7648312,580.3593
c7414a8e3d5b4d6785a88b521d909034.jpg,11,39.658942,39.722094,11,39.713962,39.583409,13.351491,12.46083,0.8382154,0.00987941,0.8155443,0.95604324,12.46083
c745df6da9834378bc65592b0e47c1ac.jpg,0,52.211255,31.537906,0,52.213219,31.529268,0.62774897,0.03293931,0.9657098,0.0045523643,0.9582963,0.9953637,0.62774897
c764746b4dd44b8da2969af8316eaedd.jpg,6,64.191878,-19.32861,6,64.155791,-19.591778,13.364799,13.364799,0.81482,0.029499888,0.80578405,0.8509636,13.364799
c76f533b7db94df19ea1f0f8a524f8fe.jpg,1,48.256573,9.470052,1,48.426187,9.325146,21.68902,20.002691,0.65570486,0.024570465,0.6308799,0.8561092,46.510937
c7a15cbcb86d42d49b39eb977f388f21.jpg,1,51.925765,14.702851,9,51.458339,22.453319,536.4921,122.230095,0.70662314,0.03327304,0.7191008,0.80449295,1179.3695
c7ef6a6c8fd34871b764a14be9f8d184.jpg,11,38.376561,41.088999,11,37.939751,41.90283,86.152504,6.0580482,0.75084335,0.0058641434,0.7686966,0.8562053,2683.977
c7f9f9c268a14f6898a980407a2dc9e5.jpg,4,43.417517,3.30788,4,43.398501,3.354541,4.321896,4.321896,0.74107105,0.0018253326,0.719785,0.8704536,409.0351
c80a7b1d63f2413a9f1de4f8fb1a8fa1.jpg,8,61.150656,9.045609,8,61.108933,9.107127,5.6949363,4.60031,0.82420397,0.021933973,0.7999497,0.9374944,6.0595646
c80f65ac207d4748a66287a06635bfeb.jpg,4,47.107156,0.313831,4,47.121864,0.308062,1.6927193,1.6927193,0.82293135,0.05707407,0.8023104,0.9054152,1.6927193
c81d3793f59c44ccb20f7e68a2454622.jpg,7,38.03918,13.131121,7,45.952691,9.041908,942.25885,8.272373,0.69034463,0.0014559627,0.6768688,0.8253623,1137.043
c874a50013dd4580878b8eb4b2473d23.jpg,9,49.527902,22.331513,2,42.771091,-7.574953,2404.7288,38.025417,0.6938056,0.01011765,0.66712004,0.80054754,2404.7288
c8ac5915943e4f718c21d7f587c5cab7.jpg,5,53.658867,-0.701792,5,53.646299,-0.747264,3.3065827,3.3065827,0.63278943,0.0035187006,0.6210338,0.75721085,990.68353
c8e2d3727997453181a10e319536ccc3.jpg,2,39.661345,-2.371593,2,40.107538,-3.841539,134.8767,43.301483,0.79309446,0.019332528,0.7695528,0.91602623,101.7134
c8e6820dfd334584a227f3f46fe0be10.jpg,11,41.008878,40.352816,11,40.969784,40.308182,5.738609,5.0423565,0.80596757,0.085555434,0.79598683,0.8458902,5.738609
c90e9833f7ce4f35a73557002fa19d77.jpg,11,38.547257,28.078079,0,54.08566,28.687496,1728.411,54.576553,0.7663525,0.040712893,0.76200104,0.7837581,1728.411
c967869654c846d2b98dbc87dc82c503.jpg,0,51.674486,30.364488,0,51.674397,30.364853,0.027044436,0.027044436,0.84508425,0.0057968497,0.82820106,0.9442508,6.0032067
c96edace01d34cae9e4b27bbd210172e.jpg,5,50.321913,-4.829861,5,53.871321,-2.757613,419.24753,1.7077544,0.72419953,0.0073275566,0.6809318,0.9477028,773.0649
c97504e2de9745b19e62a6e608849184.jpg,0,51.699058,29.142993,0,51.703745,29.147891,0.6209301,0.24777187,0.9750644,0.01653415,0.97029865,0.99412733,0.6209301
c9aefbd9af874a51bbbeab7592e8c1d2.jpg,2,37.641842,-0.788696,2,37.635803,-0.792813,0.7631104,0.7631104,0.81876445,0.053453922,0.80043906,0.892066,0.7631104
c9cac0d0cb714dcaa16086f660d1dfac.jpg,9,50.720034,20.673634,9,51.597294,18.654489,171.28816,40.17442,0.6235813,0.0002707243,0.6071328,0.7755058,86.47399
ca28d822d1b545b09a75913215e32cf2.jpg,6,65.732172,-19.637462,6,65.731707,-19.641975,0.21263489,0.21263489,0.8719584,0.06421572,0.8457696,0.97671354,0.21263489
ca513086e1cc42c79f81dcf4cc1e7861.jpg,8,69.734709,29.82554,8,69.690788,29.576055,10.787547,1.4558152,0.7852228,0.0013626218,0.7571455,0.897532,10.787547
ca69045763b94215beca40409a6597c3.jpg,7,40.66969,8.703511,7,41.000731,8.901784,40.413185,9.529827,0.8001568,0.009359181,0.7642159,0.9439204,40.413185
ca9b1c4149634e6d9dce882cd1c709a8.jpg,2,42.128849,-0.061443,2,41.933008,2.843993,240.94537,1.5151219,0.7197657,0.0013939738,0.6845048,0.8608094,240.94537
caa81d8e18274645bd5636a1343c6ef2.jpg,2,37.648457,-0.786052,0,53.454596,27.476346,2784.7512,581.42114,0.72895217,0.032651782,0.701199,0.8584764,2882.62
cab73543f535457d8924aedfa12913c1.jpg,1,48.244285,12.845721,11,37.088642,34.944621,2179.0244,93.1868,0.7282808,0.014362514,0.69214,0.8989833,721.6658
cad11f64063b4c379e16407f8772d0fc.jpg,2,39.440571,3.235009,2,39.437633,3.234857,0.3269518,0.3269518,0.811195,0.039222717,0.8098179,0.8407552,0.6642767
cb0ec58655464d90a331e4edd74d11eb.jpg,3,64.842564,27.786258,3,64.870536,27.679736,5.9162397,3.2173758,0.83131856,0.007836759,0.8055143,0.94958925,3.2173758
cb6b669500cd46c8913dfa381768f876.jpg,3,64.329184,29.068101,3,64.316096,29.099932,2.1142507,2.1142507,0.8332241,0.032947958,0.8044927,0.9481496,2.1142507
cb9661e867214c0785de7c62cce0e083.jpg,9,54.137405,23.291993,4,47.101527,5.556237,1469.5278,43.847507,0.67143446,0.011601508,0.6484208,0.7995774,1157.4427
cb9f8fc1eb7a448fb53f40206ac4da15.jpg,5,57.834289,-7.02695,5,57.825691,-7.042662,1.333918,1.333918,0.8532472,0.046158195,0.8345206,0.92815375,1.333918
cbbac95e196d45e29862ab141380120f.jpg,2,39.488512,2.814789,2,39.488821,2.809053,0.4934317,0.4934317,0.8876906,0.05518043,0.8659979,0.9744614,0.4934317
cbc200b001bc44d0a919a05722eed2b2.jpg,11,38.817606,33.908362,11,39.083451,33.903759,29.563335,8.653889,0.71564895,7.981062e-05,0.6765729,0.8719531,29.563335
cbc6de57a39240ae8e7b6616aed35d5f.jpg,1,52.891468,12.284885,10,66.592453,19.212588,1569.8594,358.37546,0.62493074,0.008985937,0.6005255,0.7890879,640.4351
cbd428969cc04786bee07882993df0a0.jpg,11,38.470905,42.49204,11,38.443244,42.320859,15.219452,2.3203657,0.7995368,0.07699525,0.7976204,0.84795666,28.94707
cbdf2747bd6c486e8d3095044d046556.jpg,1,48.293478,11.681075,5,51.073222,-0.081736,899.73425,63.86331,0.7103037,0.011716187,0.7053392,0.79561484,856.33075
cbe696bd94874e05b756af6892b05c90.jpg,3,62.638995,22.002728,3,61.702628,23.151498,119.98283,9.02916,0.74619246,0.003867507,0.70971984,0.90907544,144.53659
cc293ef07f5148d0a6f85c566e4f55b0.jpg,5,55.340282,-1.596644,5,52.030172,0.795777,400.30878,19.19792,0.7336527,0.015559018,0.7112554,0.90227544,632.1826
cc30d2d88b8445abbe9c7fdb276c5b20.jpg,11,39.473857,33.535726,3,60.520931,24.361798,2425.065,272.57413,0.6598444,0.0029445887,0.67443156,0.79907674,1424.6844
cc45e30b3d0f4cd29abe20f1e72ed9da.jpg,4,43.380781,6.503368,8,59.953252,6.58044,1842.7845,24.814243,0.6752884,0.026597679,0.6698828,0.80181587,1782.5979
cc6fca223d114094b24cba7ebd10d3c5.jpg,0,55.020927,30.852418,0,54.606572,27.904786,194.39078,15.482275,0.8313895,0.0014017224,0.80937135,0.94196224,195.19737
cc7154fb9262476992b9e4decc7bac09.jpg,6,64.01236,-20.931901,6,65.813049,-19.328448,214.00676,0.632804,0.7884668,0.0043441653,0.7518829,0.9447849,213.49347
cc941f82c76d4113952f9c3df0859570.jpg,9,53.165173,18.16467,5,54.902655,-6.313013,1601.8113,70.23965,0.62381697,0.0018837452,0.58482206,0.77979636,1601.8113
ccb3e30d6c1a42c1ac226feabc57cbad.jpg,7,44.529318,10.89839,7,44.581672,10.910893,5.9051986,3.8519552,0.74560326,0.059375823,0.72289383,0.8364409,5.9051986
ccbc52a3496f4810b75c9a8cfbe62e13.jpg,5,55.885114,-2.653156,5,50.397154,-4.437288,621.6733,4.638553,0.6872636,0.03565836,0.6797075,0.8648654,25.948744
cccef2fd8bd54e7db75f7a9bb3b72fd2.jpg,7,43.09844,11.91727,7,43.387667,11.82205,33.072548,13.057354,0.7402363,0.04300326,0.7159629,0.9011816,573.5988
ccf2f522fc8345539ed7d73e6b9b4e83.jpg,8,64.40376,14.346004,8,64.427028,14.330503,2.692229,2.692229,0.84755147,0.0005441308,0.819824,0.97751826,3.4488087
cd05c31532f046e9b3f038e9af3d2f6e.jpg,0,54.998211,30.923392,0,53.769295,23.839714,478.38132,28.980679,0.8307452,0.0025359392,0.80883324,0.9325371,199.0852
cd45dae97a62460ebfb80c62b66a6dfb.jpg,4,46.196292,1.788028,4,46.002457,2.193933,38.00048,11.256631,0.8006891,0.08829945,0.80171865,0.82428145,1947.4852
cd4a2a557bc14c6b815691f639af85e4.jpg,4,49.53202,5.827367,2,37.94765,-0.711221,1389.7917,53.511475,0.63662666,0.011161268,0.6194953,0.7812449,1107.8964
cd8e588c2e28412381adc113f16fd177.jpg,5,55.59005,-3.608228,5,56.312798,-4.72806,106.38945,25.698816,0.8283742,0.01966244,0.8145022,0.892599,93.60429
cd984122072b452b8e99aa6c20ac317b.jpg,2,37.930522,-4.082318,2,37.884983,-4.369356,25.686758,3.5373068,0.83386064,0.026497781,0.8197857,0.89016,25.686758
cd9b4a1d55a140fcb4dd4d56290b351a.jpg,1,51.76428,8.404596,3,62.902019,21.211909,1451.703,457.89105,0.70989835,0.006537497,0.684489,0.8162101,1498.1962
cdd5b17d57754e939e44b88b07a6a3c5.jpg,4,42.639294,2.445722,1,53.991302,10.141287,1382.701,681.7704,0.6955751,0.0071446896,0.68596673,0.81801784,1374.1871
cddc96460bf84d6296cf69e8a5334a3a.jpg,9,49.925468,18.65265,1,53.915244,11.782163,646.6351,50.855934,0.6189318,0.0036544204,0.5929421,0.7369131,675.31696
cde05db22b3943e4ac3cb2800590450a.jpg,4,43.040346,2.834333,4,42.518416,9.397703,538.6589,160.88506,0.7097865,0.004160106,0.6707113,0.86608714,538.6589
cde2718349834dff97ff11b8ead27530.jpg,3,60.498959,25.051039,3,60.469394,25.179612,7.772892,7.772892,0.711334,0.011007428,0.7229757,0.7803595,876.9715
cdf95745ff074fd08c700bfc6ed8aff5.jpg,2,37.084424,-4.375483,1,53.860053,10.328226,2179.8542,217.7788,0.65655154,0.0022753477,0.6325594,0.79161745,1687.9308
ce1b466d152a4e4893b6c68d96587b18.jpg,9,54.464849,17.203659,10,55.95205,14.096634,257.26596,2.987682,0.7657274,0.07872689,0.7404811,0.86671257,257.26596
ce562e8b050f49e487d1b67e68e2be07.jpg,10,63.838317,19.74977,10,64.112126,18.99074,47.940094,22.561842,0.7061286,0.009554923,0.6783506,0.8172405,47.940094
ce8acde9183c452681e2b46df74f0fee.jpg,5,53.62721,-2.292955,2,41.933008,2.843993,1354.9069,257.5192,0.78533834,0.050676823,0.77396446,0.8308339,1354.9069
ceb0eb6ad3944f45a957ae58356c62c1.jpg,4,41.995491,8.730614,11,36.330829,33.661533,2230.7346,2.1628475,0.6840277,0.008878827,0.67082286,0.8443769,2217.906
ced986feef3f481a8a5a8a4427f5b488.jpg,9,51.646708,21.904922,9,51.790897,21.726338,20.20904,8.10765,0.7885717,0.028619647,0.7639101,0.88721794,20.20904
cedc3ecbb4b5480fb30528b2e5f3dc13.jpg,2,40.099926,-5.961746,7,36.773755,14.908386,1850.4417,38.12708,0.75934744,0.026839852,0.71908176,0.92041004,1850.4417
cf25d06613e14e369a42df6174e252ee.jpg,6,65.550102,-19.341684,6,65.541558,-19.914065,26.364244,8.233025,0.8614526,0.0121077895,0.8377779,0.9646555,11.116792
cf25ef451a70479e99e8d87cb2862a7c.jpg,5,57.77739,-4.092674,5,57.783214,-4.090049,0.6660367,0.2626816,0.73092055,0.05100417,0.70848745,0.8206529,0.6660367
cf301554d546481c9ba4036f137f4928.jpg,0,53.021904,29.709603,0,52.986225,29.815658,8.130114,0.09185605,0.95932174,0.022855163,0.9513165,0.9913428,8.130114
cf4972cd0b8f4753833ee183def4bd8b.jpg,11,37.755613,32.715222,7,40.840505,9.401918,2028.9734,21.471508,0.7709434,0.010936558,0.7475457,0.8827009,2443.6355
cf659504227440158518092b2076d6a0.jpg,7,44.258403,10.028962,4,48.30188,-4.151144,1176.6165,131.50142,0.7876296,0.036101103,0.77262944,0.8476303,1176.6165
cf7080a21add4d2ba503f7d11da7c771.jpg,6,63.977541,-16.864134,6,63.97621,-16.863628,0.1500452,0.1500452,0.9164078,0.0290488,0.90123755,0.9770887,0.1500452
cf93d833fd3846879455e2f059b182dd.jpg,9,51.625104,17.810958,9,51.57047,17.83131,6.2355556,2.6721137,0.7233385,0.0038388968,0.7336041,0.7874825,1579.4203
cf97c4d3eaea473a8a679392e6d76d61.jpg,5,51.340338,-0.946894,9,53.988527,17.05107,1245.2322,18.14808,0.713508,0.011235595,0.7192245,0.7924967,692.8388
cfa9c985cf67467abbc063ce02b74971.jpg,6,66.565896,-18.019027,6,66.564181,-18.018397,0.19272397,0.04768443,0.7815527,0.01657176,0.7602273,0.8872924,0.04768443
cfde970c09b44f7ea00fb1827e1d27e7.jpg,11,39.554468,43.90872,11,39.553775,43.913275,0.3980485,0.3980485,0.93152016,0.037863076,0.91689634,0.9900152,0.3980485
cfed60c501d54eee818d64363c30c06a.jpg,7,43.241006,13.498804,10,59.670137,16.30807,1836.7709,2.4878979,0.6588109,0.0060790777,0.6277149,0.8418415,1897.0461
d0116ee7da7f46d8888b42e5977e1976.jpg,6,65.740456,-22.046593,6,65.741301,-22.052067,0.26715386,0.26715386,0.9444591,0.043062866,0.9357021,0.9835042,49.65404
d01566a404d2446ea55293fec7fd18d4.jpg,9,54.449772,17.297416,4,45.22711,-0.57373,1633.39,56.565067,0.6643675,0.0086888075,0.61452657,0.86373127,1633.39
d02f063c6592477095e73dcb5f759013.jpg,4,42.20833,8.65199,4,42.198207,8.63871,1.569581,0.54761475,0.7676794,0.03834659,0.72766757,0.9277266,1.569581
d07795ad62a64d7b8240fb2838c7eb5f.jpg,5,58.50259,-6.264269,5,58.495459,-6.234026,1.9277707,0.42417744,0.7654686,0.0131754875,0.7292131,0.9167967,226.13916
d08957a5ba4b4069863c681e36ceb733.jpg,6,64.017937,-20.528356,6,65.093892,-21.089613,122.60736,49.014305,0.65358365,0.016849637,0.6471055,0.7748174,1978.5912
d0b189334bf84cac94557b9d14f8d068.jpg,7,40.647206,14.700332,7,40.647155,14.700341,0.005721386,0.005721386,0.8440738,0.20163965,0.8437271,0.8454604,0.005721386
d0b5bf7945b54df0915e306ee94ecc99.jpg,3,60.493836,26.85648,3,60.527296,27.547288,37.99534,37.99534,0.6692685,0.018140078,0.6657908,0.7711176,1679.2585
d0ceae88c3db41d181074550c256afa6.jpg,4,44.863555,5.006934,4,44.198915,4.947533,74.054535,16.511263,0.71379197,0.036756158,0.68193597,0.84121567,74.054535
d0d5c1b45b924f2ab1f9fb1130a0f435.jpg,7,46.260951,9.414184,8,58.217519,6.962505,1339.7233,84.06384,0.6694303,0.017613947,0.65620244,0.7513069,2585.3738
d0eee4521fe2436e8093a7a4bcf4ec46.jpg,6,65.668297,-19.596623,6,65.679495,-19.603157,1.2806257,1.2806257,0.90620273,0.0045722723,0.88973,0.97708786,194.789
d15b60d85700460e9639eb556b9ffd60.jpg,9,52.55412,17.44755,9,52.061518,22.292929,333.87793,37.073967,0.7116508,0.021694899,0.7019911,0.7984507,39.097668
d1d8c49b4cd34b69aaf929ffb2414108.jpg,5,58.485135,-6.254417,5,58.50786,-4.810098,83.958664,0.7062555,0.75323975,0.0029082894,0.71332073,0.9243562,84.15666
d1d9d904a2834100b66abffef04bd2b6.jpg,6,64.146204,-21.802118,5,57.173271,-6.063268,1150.4436,114.53096,0.7611723,0.05781901,0.7394616,0.84801495,1150.4436
d2888e4d91de4d398ddf25f3145a97c3.jpg,4,47.213943,5.294785,7,40.485919,16.309423,1155.5476,74.11067,0.7320498,0.01982671,0.71963835,0.78337365,299.88498
d28b77bceb8e4f5a8b6781f8135d9f0f.jpg,0,55.427191,28.585467,0,53.726094,32.076557,293.8852,6.0529723,0.7158886,0.049443305,0.6818247,0.85214424,293.8852
d28f2136719544cc9afa29d4cb606442.jpg,10,56.551883,15.140969,10,60.692346,13.707227,467.79318,26.251432,0.6874981,0.020569682,0.6389252,0.8817895,467.79318
d2a2b968b8034ed8bea65e3710e1eecf.jpg,1,53.356219,7.915865,3,66.093071,28.414964,1806.2979,211.29974,0.67242837,0.0049046874,0.6752088,0.7315676,1327.3164
d2cfb82d0a494f3198fb0f25fd652d6f.jpg,2,42.789596,-4.904219,2,42.771244,-5.038867,11.176889,4.965831,0.8131193,0.010846078,0.78066015,0.942956,11.176889
d2d969367f3f4c4a93be4019a231b751.jpg,5,50.361511,-4.612973,5,50.288091,-3.701623,65.2101,1.6102105,0.69966286,0.018509984,0.65937513,0.9030669,65.822105
d2fd08644cb541adbce83c6b710b1c2e.jpg,9,52.84196,21.492498,1,53.234732,9.999449,768.82715,16.528315,0.67872334,0.041675687,0.6471609,0.8049728,768.82715
d30bbc8108c745c7b6873fd823cdcd57.jpg,7,41.397105,15.693285,7,41.394715,15.703408,0.8852322,0.8852322,0.74309945,0.02826935,0.7181283,0.87086844,172.5684
d30e2169ead1483499740ad2586ebcc0.jpg,1,52.484582,11.684961,5,56.85582,-5.030483,1175.6595,146.91296,0.7272377,0.013638735,0.7144586,0.81997246,1515.6257
d315df553b8643e0bb53da2a2049674b.jpg,7,45.523778,11.021881,7,43.741132,11.239866,198.9703,91.6772,0.6933249,0.027443409,0.6864604,0.7757171,702.8018
d3230583c55940edbfb2a6c828cc25d2.jpg,7,36.781156,14.915399,0,53.518493,30.268511,2206.177,6.286186,0.8358855,0.10565275,0.82237667,0.88992083,2206.177
d33bb71a35194864a6b0e74364637b4e.jpg,10,60.496411,16.107689,1,48.422728,11.878311,1369.3782,18.44598,0.69902253,0.0012129545,0.7175988,0.75841075,433.30646
d34a3ae3a2af474e87697eccaa2fd8fb.jpg,9,52.692555,21.134764,10,60.065633,16.139518,875.03217,475.3769,0.6868681,0.008605361,0.65028894,0.8621641,959.19574
d357149e35114b7e86be3023410f7219.jpg,7,45.899152,11.630091,4,48.30188,-4.151144,1221.6626,22.198126,0.674212,0.0079090595,0.6670376,0.80828965,913.8372
d36fbfc78ed846839907d0e145d44654.jpg,2,38.216162,-2.4546,7,45.763535,9.25114,1278.3407,215.8751,0.66062397,0.022655904,0.6442288,0.7907252,1488.846
d3702e2faeb048d1b4cdcb38842c0f2e.jpg,3,62.542048,25.89788,10,64.517321,20.810443,334.22467,23.700905,0.72937644,0.002331078,0.72788584,0.8636135,905.1149
d3705aa1488d41a6832f3045c0bc5ea9.jpg,1,50.559528,11.737528,1,51.794413,11.596427,137.6649,17.28769,0.6576208,0.034735024,0.6390804,0.79247344,324.2682
d3d667a31ff947d8a23052db0365782b.jpg,9,50.862499,17.141652,4,48.562012,2.196442,1102.5211,23.323082,0.7507891,0.090200126,0.7210128,0.86989427,1102.5211
d3e73a59527a44b9b146b9287a9c007d.jpg,9,53.392691,22.582994,9,53.386119,22.583956,0.7335533,0.14933409,0.8758332,0.0925554,0.8533982,0.9655732,0.7335533
d3ea1e1dc6a1486ab4f34fea098daabb.jpg,2,41.951466,3.091191,2,41.933008,2.843993,20.548256,1.2870535,0.7518507,0.023823738,0.74341345,0.8154125,20.287367
d3fec2508afd419fb03acbbf13fd6f78.jpg,3,64.022299,29.462077,3,66.231408,28.823469,247.44783,2.4264116,0.73679656,0.0065490007,0.7082391,0.8684524,439.9417
d402bc62f6984d5785ea24187ddc7432.jpg,3,67.294944,28.151831,3,66.157612,28.566838,127.77268,4.165611,0.77066797,0.0023423433,0.7363622,0.9078907,127.77268
d437c0fa37ec4ef79d10fb850ba49da3.jpg,4,48.214231,4.882232,5,53.170048,-0.828869,681.819,35.978065,0.72472256,0.0068287253,0.73917687,0.8335691,276.6512
d43b77b51cc7419e94165d032399279b.jpg,5,57.132194,-3.932493,5,57.128072,-3.937631,0.55337805,0.55337805,0.8126658,0.07388812,0.7805262,0.9448687,215.29924
d43c2a1db15f4c379b972b18a2673391.jpg,10,66.060295,17.754262,10,66.373814,17.001689,48.519405,48.519405,0.73305404,0.061806917,0.7658959,0.8344147,584.051
d45fdf8707bf41f9aaddfd9b7209465a.jpg,10,65.902772,19.472748,10,65.878319,19.462936,2.7553356,2.3346171,0.947695,0.03854984,0.9367204,0.99159366,2.7553356
d4adc2dc4d87491d85444f59c7a0dd13.jpg,7,41.000414,9.239631,4,41.587986,9.304393,65.558754,0.39938954,0.7784987,0.003498137,0.7574812,0.8967706,9.590985
d4bf4d846b874683ab25793b48798b3a.jpg,6,65.480775,-23.956547,6,65.012691,-14.12565,460.184,1.7144916,0.76929283,0.0059352517,0.755684,0.8597099,218.40303
d4d6b0420c494770bb73f6dfbcd78368.jpg,9,54.459904,17.887855,9,52.105639,23.540185,457.74384,24.488796,0.7437505,0.0056585073,0.7230392,0.884152,121.20076
d4e24d25e0e74695b990576de40182a2.jpg,4,48.28813,7.62586,1,53.282323,9.423656,569.4805,137.09834,0.7685088,0.0057914257,0.75055444,0.8546166,438.7495
d506c4630cb3423aaa70d905664faf29.jpg,3,61.279776,28.7249,3,61.292058,28.734114,1.4516976,1.4516976,0.8595269,0.05246395,0.83802426,0.9455374,1.4516976
d508d814bce04cd7aef78f2d62cb4134.jpg,7,38.039277,12.705423,7,38.037955,12.709249,0.36589617,0.36589617,0.7789959,0.04536712,0.75224066,0.93674433,10.819802
d51eeacf35f5474d9994227cd7784d68.jpg,9,50.822544,16.428628,4,44.424481,2.131212,1282.7917,128.39499,0.71714747,0.012289703,0.7084178,0.77435124,215.4346
d52c8821ae4443ad832bda690d012758.jpg,10,62.915515,18.00268,10,61.98461,14.580846,204.13269,88.54695,0.70530325,0.05536282,0.69699943,0.7557218,1334.3965
d5322c22900042d299f824ff9b1e4c05.jpg,2,36.847025,-2.620719,2,36.849494,-2.621772,0.2900892,0.2900892,0.75001454,0.04330021,0.7327769,0.85856354,868.71326
d566aae5d22b4d6c9a9132c3aea9713c.jpg,7,46.046887,11.00508,7,46.040681,11.014676,1.0122961,1.0122961,0.7048956,0.067441225,0.699025,0.7987509,434.2476
d5cfce4d15c849f18c9b9d43be06f9c8.jpg,7,40.787341,16.555149,7,41.429254,15.599621,107.254074,9.593688,0.7019646,0.028570116,0.69326824,0.8192333,1159.8018
d5d0ff7fa1b943da9c74b3a66faaf478.jpg,3,62.233263,23.651951,3,61.977189,23.64588,28.47592,7.0898423,0.83326966,0.004893601,0.8074329,0.9542488,31.9456
d5e3321d595e429d9e926cd0192ee4b2.jpg,2,40.000982,-0.586141,2,39.998115,-0.586682,0.32210976,0.32210976,0.71440154,0.022843182,0.6832754,0.83890617,0.32210976
d62c8e86fa85468890eb665fcdf31fae.jpg,11,36.363819,33.949463,11,36.362004,33.946935,0.3032686,0.3032686,0.85932577,0.022715092,0.8545393,0.90020216,6.9664054
d63d01473c084f26ad552e82aa9a8090.jpg,3,60.646219,23.011552,3,60.675659,23.096436,5.6660857,5.6660857,0.919768,0.06313145,0.906759,0.97180355,5.6660857
d65eac0887d94fde8631be1daca79a42.jpg,8,58.772901,5.52326,8,58.804293,5.601954,5.7223725,5.7223725,0.6453226,0.02681923,0.6215855,0.7913805,1136.6289
d66139b5c62e404a835eb21d0dbb0fd9.jpg,9,53.419538,19.544101,2,43.371682,-5.375104,2135.8013,0.101358145,0.7274152,0.018148422,0.71680707,0.78470606,134.10287
d66b55692e644d3f854c976545917166.jpg,4,44.360411,0.716375,7,42.294356,12.497596,979.30927,16.975033,0.72917235,0.0019823313,0.71063143,0.8406645,2632.7463
d6a02832521440be812c95b1dd5172b3.jpg,11,37.580731,38.952449,11,38.443551,42.320676,310.26718,150.91089,0.641617,0.0010175705,0.6272036,0.8372867,409.5149
d6a6d742c83c4740a16c1a9c54fd0e0d.jpg,4,41.707778,9.383497,4,41.787916,9.397172,8.982879,4.029772,0.78731453,0.002938807,0.7589818,0.90064514,8.982879
d6bbef88aca648ad89250a285b92c596.jpg,3,63.403622,25.644867,3,63.445952,25.643092,4.707716,0.090107925,0.9282205,0.037224174,0.9151433,0.9805292,4.707716
d6ddec6f33184784830150ea1efdbc22.jpg,7,45.30103,11.14327,4,49.099791,0.738573,891.29364,13.599441,0.5373688,0.004857838,0.5307521,0.6917456,1346.2692
d7080d36e6804937b1713cda120047f7.jpg,8,59.547194,5.695907,8,59.547849,5.695662,0.074129924,0.074129924,0.8768865,0.23039949,0.86058944,0.9420747,0.074129924
d749b5c6d12046289856583dc4201418.jpg,0,55.215464,27.91274,0,53.813011,30.797391,242.84367,2.6467183,0.8125715,0.018179238,0.788069,0.92842305,37.239864
d74c3b0faba640b49cd1a898405c73ce.jpg,3,62.734048,21.954692,3,62.539117,22.041555,22.125332,18.084356,0.7517323,0.025855362,0.726382,0.8531332,22.125332
d778218ff50b4ee98173537e4f6fcb5a.jpg,5,56.8077,-3.446426,5,56.777113,-3.407191,4.1565228,1.5630774,0.78533053,0.0079574585,0.751243,0.9240112,1.5630774
d7e22294f2784532ab1ca2e65e7daa68.jpg,4,47.89032,-1.581947,1,47.968789,11.407,966.6438,51.879562,0.7475796,0.079868615,0.7386479,0.796397,177.45882
d7e2de7c526941fe831ad8aea27c73a9.jpg,2,27.935426,-15.593087,1,49.38639,7.842707,3108.832,164.48256,0.66902244,0.016954064,0.63308525,0.8127709,3108.832
d7fc3b65d4524942b672082f352b78b9.jpg,1,48.127169,12.317079,6,65.923184,-18.302241,2658.6755,1.2601556,0.64251393,0.00947839,0.64158976,0.71289295,2448.0366
d80088419c25406783bc20773d3ac3ad.jpg,5,51.215293,0.726344,7,41.177412,9.278804,1293.825,155.98341,0.715352,0.003904581,0.69799936,0.78993976,1285.9451
d80ab1e4fdc648b3a827e4d6392871d2.jpg,9,54.493868,16.485006,9,54.185701,16.090026,42.775803,5.1834164,0.7019924,0.036774218,0.7008507,0.7633544,214.24835
d87482f4a8704c22a63e3a1db878c825.jpg,1,53.503225,10.453323,4,45.124963,4.177179,1035.8158,34.31801,0.6837401,0.0069741607,0.65596396,0.8409189,1014.2853
d8845e20af1a4972b64f3824ecdf5be0.jpg,5,56.345831,-3.469585,5,52.544262,-0.199045,472.53156,18.8522,0.71002793,0.0070052147,0.6603199,0.91044784,487.85205
d8b1b5ab017a494681d8cf346e70125c.jpg,9,54.641596,17.728339,9,54.641503,17.66953,3.7842245,2.9196892,0.74390954,0.014430106,0.7176707,0.89951754,156.3074
d8b599f11f5f49a7a38d401d6daab2d3.jpg,10,57.059921,18.311683,10,57.108945,18.325469,5.514506,5.514506,0.8134618,0.010340631,0.7880332,0.9411341,26.353838
d8ec581b90714df9b496c6ac0ecaa2dc.jpg,10,63.821629,14.39159,10,63.809388,14.385587,1.3926436,1.3085135,0.88065004,0.0020518303,0.8738959,0.97273076,31.952082
d8fc2164165f408291dbceb588d2b346.jpg,1,54.63829,8.851427,1,54.601501,8.903466,5.2876463,5.2876463,0.7737181,0.048830986,0.737049,0.92039454,5.2876463
d902841c6dd8442a8df72bce1c186102.jpg,1,53.369239,8.470098,9,50.120978,20.399961,895.82776,5.49138,0.7523565,0.015164435,0.7471265,0.8643713,5.49138
d9140e2023834d4fbf0ef3756e84bee0.jpg,0,52.981241,26.936207,0,52.980358,26.912436,1.5944617,1.5944617,0.8922801,0.0023782253,0.87205726,0.9731711,1.5944617
d96730e05b68483781ed927b97e7bfd9.jpg,10,67.867592,19.315389,10,67.839996,20.691851,57.777992,8.772039,0.8414464,0.01948458,0.8336582,0.872599,57.777992
d978f798d54745fa83aac497be818b41.jpg,11,40.982598,27.491377,8,70.8914,25.678986,3327.291,82.83978,0.7948663,0.0122841,0.7694317,0.9182482,467.46585
d97b42e85643404a8a9ebe549e4102fc.jpg,0,52.537745,30.816128,0,53.652064,30.039781,134.31123,3.2291753,0.90464103,0.04829687,0.8914446,0.9710649,30.076838
d9895868415642ba8828e9e0aa3cac84.jpg,6,64.518307,-14.548117,6,65.802066,-17.568896,200.67625,41.09197,0.78560936,0.00016969442,0.8055515,0.80840087,2204.407
d9a168ec58be49739912e03524cefa55.jpg,6,63.85384,-22.235848,6,63.84916,-22.210397,1.3514037,1.3514037,0.85060817,0.021996796,0.82517815,0.96049064,1.4089518
d9aabc81b43840f98c0e4a679b3a4548.jpg,5,54.622706,-5.764378,5,50.833724,-3.799671,441.55478,1.5440463,0.6767602,0.001688838,0.6707827,0.7863019,1.5440463
d9bd4a9ac3224c498b2aa276119262f6.jpg,2,43.124558,-5.171307,1,53.234732,9.999449,1584.0946,899.228,0.6813817,0.033203542,0.6793606,0.7701814,1299.9026
d9c5bb43824a40e983a956298fb28d40.jpg,0,52.636229,30.84029,0,53.652064,30.039781,124.936104,0.017243786,0.906332,0.030803204,0.89138675,0.9771507,124.56128
d9cc43489c55411ab9e0f6a38b1164e7.jpg,6,65.468234,-18.725244,6,65.644809,-18.455455,23.229256,8.066385,0.903552,0.014154911,0.88819814,0.97256005,15.224935
d9d62bf41a6c4c139ebc39cd0f0e3388.jpg,9,51.529984,15.604478,3,62.37608,28.104634,1418.9983,46.393867,0.6953274,3.0577183e-05,0.6730583,0.81292415,1323.5206
d9e5159de1d645989c3065699e801fd5.jpg,8,61.7496,6.361047,8,61.756879,6.262234,5.262675,0.95953935,0.90996796,0.06705165,0.89289343,0.9782659,5.262675
d9f30b8a022a45efa4ffe33fa2aec1c5.jpg,4,46.185313,-0.979341,4,49.688398,0.545141,405.71967,69.01902,0.6997385,0.019861102,0.6689061,0.8230679,405.71967
d9f7860caf434e0b9d0740e0dc74609b.jpg,8,64.81943,12.977389,8,65.024836,13.264094,26.537779,2.07489,0.80594516,0.015456796,0.7882979,0.8975227,901.646
da074789289b4069a34ecb99875456b7.jpg,11,39.656469,34.536289,11,39.697756,34.394158,13.001351,13.001351,0.74855405,0.0625754,0.739145,0.8251344,193.28381
da2dad6ddd5a4ff3b5f625eb42ab494e.jpg,8,68.890096,18.367388,8,69.219544,19.314335,52.52312,6.6422443,0.8263356,0.011941671,0.79615974,0.94703907,52.52312
da30a73491c54ba89c0d8a65e0195e39.jpg,6,63.819061,-22.531723,6,63.82463,-22.665153,6.574666,1.2153552,0.8466998,0.0020252466,0.8138228,0.9782075,6.574666
da68070551404fe097de0abcd29c1d0d.jpg,5,53.846102,-0.636091,5,52.593832,-2.769499,198.89037,2.3290362,0.7536698,0.054920077,0.72071147,0.8939898,95.24171
da6d64d7e46f4c809b4e72fbfcc29c32.jpg,3,63.55207,29.120257,3,66.516713,29.053126,329.66873,27.336277,0.73608446,0.0003336072,0.7317499,0.79597515,448.58685
da706dfa6bd44128a97b14b659962ca0.jpg,6,65.556807,-22.410746,6,66.020685,-23.378411,67.87904,0.96683437,0.85399675,0.016753137,0.8254831,0.9686202,10.097881
da8f684ed7a145a5a94090bb33fbdc3e.jpg,8,61.929216,11.766155,8,62.22618,11.782424,33.0318,2.7293723,0.86209995,0.0054761767,0.8464416,0.95098025,69.47409
da93772ff94d4bed83c13ea4d194f783.jpg,0,53.02468,30.565446,0,53.119865,30.489643,11.733238,0.69140166,0.8579136,0.048517168,0.8350136,0.9495136,11.733238
da95342aae044ae38a8e080c29f5dd17.jpg,11,40.347052,39.946394,11,40.361351,39.887415,5.2445216,5.2445216,0.8040213,0.048544288,0.7878256,0.86880416,5.2445216
dac5111c6291408896efa1a31755b55f.jpg,4,49.468833,-1.789601,4,49.523653,-1.872275,8.532768,8.532768,0.74150646,0.04216677,0.75360286,0.79893225,543.9285
dae7d317dec14fbc9cd3bcf9a2cc44f6.jpg,10,59.972889,17.697901,10,59.994644,17.713114,2.562789,2.562789,0.8997353,0.10416013,0.8915266,0.9325701,2.562789
db0f18a882334715bbca2bcba0740837.jpg,7,40.98271,15.927166,7,41.062413,15.714447,19.924822,19.924822,0.8528972,0.047876477,0.8386297,0.90996706,19.924822
db1492d7ec5a4c42916ad358509f379f.jpg,9,54.301681,22.635894,9,54.299711,22.401978,15.179404,3.890007,0.71979904,0.0090096,0.682819,0.8677191,15.179404
db60f68d85fe4cfca14e36901bdec9b3.jpg,9,50.489723,23.45322,9,50.485841,23.449191,0.51727897,0.51727897,0.8320227,0.008727133,0.8068371,0.9397928,1.0260152
db742f8536f540c3bdcd8f22b6910b86.jpg,2,38.068431,-0.585952,2,38.116988,-0.550413,6.2309785,6.2309785,0.8665339,0.1465519,0.8521776,0.9239587,6.2309785
db86b267ba4b428abd2c91790de4d243.jpg,7,42.268391,13.500218,7,42.188566,13.499189,8.876552,8.876552,0.7587993,0.1321398,0.71390253,0.9383863,8.876552
db8d4a555a8c4973906eefe8579392a4.jpg,5,58.574835,-4.767275,5,58.497341,-4.456095,20.01103,1.7934792,0.8303483,0.021565974,0.7999847,0.9577215,95.20144
db9630dca952497dbf0e2cf0ba0dd098.jpg,3,62.259491,25.674714,3,63.071916,29.852636,231.60481,73.81597,0.7187894,0.006575346,0.70257705,0.8009336,231.87395
db96585f3fbb42d1b8337f4c9526f04d.jpg,3,67.930979,23.942262,3,63.945694,29.916284,518.8463,0.6234995,0.68916184,0.032362282,0.6603689,0.80433345,518.8463
dba9836d73dd4a5fad4f0d4095f39dd0.jpg,9,54.66179,18.408865,9,54.339018,17.856196,50.6124,12.067066,0.77437943,0.03447789,0.7547962,0.8527123,50.6124
dbada8597328410d80c08bdba529c245.jpg,5,51.690467,-0.927052,5,51.827793,-1.004549,16.174728,15.6727085,0.74764884,0.017328322,0.6991904,0.9414823,16.174728
dbbece0d5a724607b207ba5df67c5f45.jpg,7,40.491209,16.290735,7,40.485919,16.309423,1.6863214,1.144235,0.88632077,0.004997432,0.87037605,0.95689225,1.2282784
dbe49f21f6c644c1a9e10ddc779c3170.jpg,5,57.488961,-5.28596,5,57.782351,-5.037308,35.823795,7.4991474,0.7637557,0.0014761686,0.72246873,0.9474441,76.01556
dbf865f29a2c424d8b2061fc5f890966.jpg,0,53.247073,29.444726,0,53.681016,30.050874,62.75571,0.106788136,0.8440032,0.015432715,0.8169826,0.9520855,62.75571
dbfadcc8e58c45e586b8f7e92ebf43e5.jpg,9,51.307027,22.118108,9,51.29785,22.142687,1.9902451,1.9902451,0.7345368,0.009061754,0.70451915,0.8639123,37.68418
dc060579b1d94e4db3e3cab201ac20b7.jpg,10,57.17925,14.078959,10,57.177718,14.078164,0.17696121,0.17696121,0.9429139,0.13576019,0.9357724,0.9714798,0.17696121
dc2045fc0f784206b5f70997d7e04438.jpg,11,36.373725,33.941007,11,36.380901,34.024324,7.501625,0.7649201,0.77003324,0.0006441474,0.7599839,0.8667485,3526.6868
dc532460533540d586bdd41d8cc981c6.jpg,3,67.996322,25.181564,3,67.997382,25.181752,0.11812673,0.11812673,0.9656555,0.020171642,0.95755726,0.9980484,0.11812673
dc75c7d2ba5647e7a401d09df9f17de7.jpg,2,43.744959,-7.693173,7,40.90686,9.381842,1435.9683,1.7973951,0.69451106,0.008065641,0.70323336,0.82090986,1600.9302
dc82d3e78b9b45a78aca8f8ee4e95c70.jpg,1,51.219511,13.073628,3,64.414732,24.123588,1601.2072,223.00552,0.77890676,0.0037488937,0.7578508,0.86313045,1601.2072
dc8cf21d7e0b4595a822591d713b31fd.jpg,3,64.078468,28.702842,3,64.139262,28.007642,34.425304,14.3522005,0.8469821,0.005692184,0.84279275,0.9118031,374.0128
dc9f02d61e5b45689968e4bc6368f516.jpg,11,36.996556,30.16285,11,37.022185,30.176414,3.09387,3.09387,0.77160865,0.0729121,0.7363883,0.9124899,3.09387
dcb1d60139114875a1dcd4019420cd65.jpg,10,57.403763,18.872114,10,56.933192,18.141771,68.38461,16.905941,0.69268197,0.02052778,0.6657604,0.8248633,60.481327
dcb80be8c1484a4c851374406513d2d3.jpg,3,62.949782,30.097127,8,59.908537,5.367889,1348.5481,49.89679,0.691127,0.00090003014,0.671593,0.8350382,899.7277
dcd55fce6fde4c49bea217c77479c5ab.jpg,5,50.343967,-5.106281,5,49.998709,-5.21269,39.131824,0.8686971,0.8058071,0.01581657,0.76609683,0.964648,39.131824
dcf705ef2806488ebbe344b190c2fe60.jpg,0,55.149879,30.242859,0,55.149659,30.243115,0.029377569,0.029377569,0.89447767,0.17757875,0.8834211,0.9387037,0.029377569
dd1c0073f09c453996a752332963043e.jpg,9,49.908786,21.51994,7,45.866912,13.180943,766.4899,41.8772,0.6957681,0.0230456,0.6758279,0.7760166,1426.1792
dd25c30609764683892902f0fefc3081.jpg,9,53.034655,20.444992,9,52.915904,20.531135,14.409304,1.8405998,0.817495,0.011559367,0.7868947,0.939896,14.409304
dd86788fcbf547beaacceb805aa2e01b.jpg,8,69.304892,23.876597,8,69.30772,23.879711,0.33742648,0.33742648,0.92514086,0.0977146,0.9108516,0.9822978,0.33742648
dda142890c2e42b29163ac3647999e84.jpg,4,47.936553,5.940765,4,46.827573,6.091404,123.83353,63.761257,0.65228665,0.0030964613,0.62447506,0.8250586,469.85004
ddcae18f289942d38d179b799d96bc57.jpg,1,51.451203,7.824947,3,62.307525,27.241755,1675.1642,370.33493,0.7085023,0.00041258335,0.6810238,0.86764187,1674.1202
dde6f58ecfa9432eb049e084083efc78.jpg,9,53.467173,22.665945,9,53.323399,22.455967,21.199492,6.748572,0.73484457,0.01615119,0.7221093,0.8891227,21.671858
ddeba4e2976a4561b61cf4cf6d1ceda1.jpg,0,55.441259,28.657214,0,55.394973,28.44172,14.541628,1.3769659,0.6218395,0.00039815903,0.61891764,0.7659711,2358.0151
de0d2204a9874a728f4d9dadb6ef5529.jpg,7,37.385497,14.866786,0,52.927886,30.010687,2087.5098,895.40784,0.6798714,0.0062643886,0.6619462,0.8579217,1905.1073
de25ce0337124c778bdc464324c400af.jpg,11,37.868235,41.148929,11,37.738837,41.291573,19.081007,19.081007,0.66348237,0.058720052,0.66058755,0.7264445,2364.6353
de6502f5b24841e2912805fd4cf8c9f0.jpg,3,61.127917,24.812637,10,59.387461,12.176241,722.1492,7.8900194,0.6974461,0.0050777793,0.6603881,0.8848605,295.97427
de7ccb08af4447f0b69ed2d03f147319.jpg,5,50.425015,-4.66942,5,50.313677,-4.932781,22.40898,17.440578,0.6428914,0.014330983,0.6206083,0.7345723,1356.47
de903128f3dd4a528151c80f326518cd.jpg,2,40.601257,-4.899767,2,40.485412,-5.594538,60.103695,11.490102,0.6829349,0.0225029,0.65408945,0.8121388,3186.08
dea227c03f9b4b539d877e04c3ef6fba.jpg,0,53.587528,30.362386,0,53.60858,30.387285,2.859948,2.859948,0.67469037,0.050315857,0.6894336,0.7023244,568.14825
deb432b59e034bee93e295d3a81ab0a4.jpg,1,52.204555,13.185441,1,51.64054,12.589013,74.87374,15.90147,0.6410973,0.040732443,0.6348524,0.7310287,1465.5505
debf9b1e36d449f78d574bb30164f47e.jpg,9,54.493315,18.335167,9,54.493944,18.334285,0.090201795,0.090201795,0.8006927,0.10849106,0.80996406,0.82585937,838.46783
ded8c2fc335c4d45888542e0b18a23a0.jpg,10,64.111877,19.328535,10,63.98037,20.079203,39.34842,15.25349,0.8060229,0.002768755,0.78754294,0.938504,421.4971
dee952aca0b74b9db4dfb03da6de35b1.jpg,0,52.161358,26.090681,0,52.157202,26.091599,0.46635023,0.35687214,0.848809,0.0050174594,0.822665,0.97239727,95.20464
deeed17f4d8c48e1b0e5c736cf022d8c.jpg,3,60.647759,24.225133,3,60.694126,24.168639,6.0041704,0.15873271,0.7775208,0.020697653,0.7409626,0.9237533,6.0041704
def009ce4aa04e34a1fad2d0991c5471.jpg,9,53.048158,17.680281,9,51.503922,23.561949,435.2801,55.69885,0.6652603,0.01966101,0.63175046,0.82059836,249.33437
def9b53d62214aac9e368f84f31acae4.jpg,8,59.21619,5.454634,8,58.592525,8.862289,207.59302,48.341286,0.7987878,0.0050300956,0.7742648,0.89835083,164.63943
df13603d6ab94e3180048a4bbc382d0e.jpg,2,39.99515,3.845783,2,39.994325,3.845642,0.09251895,0.09251895,0.953315,0.074171424,0.9438441,0.99119866,0.09251895
df1aafb868d14b1fb90cd9cb08992e1e.jpg,7,40.935885,17.17344,7,40.94695,17.183093,1.4735042,1.4735042,0.70845455,0.09355849,0.6943696,0.76479435,1.4735042
df3900fcd2c7445d9bfd980df4442f4c.jpg,2,42.386986,-2.166759,11,38.454776,27.312721,2520.4438,55.43704,0.6895546,0.0044216514,0.67911077,0.80259496,426.26447
df5cbeff950d4eb8b069a1bd0160cca7.jpg,7,43.239056,13.525492,7,43.234149,13.528038,0.5833142,0.5833142,0.7844423,0.030496359,0.7563349,0.91746235,12.073058
df6860e04b934e648604bff9a0ac802a.jpg,1,49.137672,8.766112,9,54.028042,17.784184,825.89606,554.82623,0.6573002,0.0068353415,0.6393049,0.8274554,1575.1249
df991f1d0b894d59b87b5a4dd8f5854b.jpg,7,46.007368,11.267012,7,44.369709,8.031063,312.1598,24.950113,0.683845,0.013193369,0.6574781,0.7893124,312.1598
dffa5ca3da91406aae428c27477e70ae.jpg,6,66.059815,-19.326035,6,65.953526,-19.411614,12.436123,0.3798435,0.8916518,0.005508125,0.8757693,0.97243965,1.9741037
e03a7e2cc5614f42aa335fa866c3f795.jpg,10,60.285497,13.890412,3,60.584207,24.251295,568.8284,24.113604,0.6695456,0.0008137226,0.64258635,0.77863896,985.1869
e0d8e4c16c1046ee9bfff7765c5e0eb1.jpg,8,62.557737,6.114056,8,62.54223,6.125243,1.8171498,0.6716542,0.6411323,0.051941812,0.6286435,0.80683124,408.46066
e0e6bf9f7fcb4ef4874fddc574e8e1f2.jpg,2,36.151285,-5.823768,2,35.881251,-5.506237,41.43896,8.856292,0.6544825,0.013605237,0.60547584,0.85050905,41.43896
e114b6f98ea54d94aebbb68543340c91.jpg,2,36.713784,-4.274085,2,41.947476,3.120049,861.4277,16.186508,0.67273986,0.04134208,0.6535283,0.796535,672.0546
e12520a846ac4593a0de493c21e45c0f.jpg,7,45.582628,8.338742,8,59.311433,10.883806,1536.0055,9.576964,0.6998836,0.017821848,0.6944953,0.7993883,283.8961
e135c7558053459e8225f8e2fa14dacf.jpg,10,66.129033,22.8659,10,65.585511,19.426047,167.68568,2.4873853,0.7756641,0.0013386011,0.74477357,0.89922607,167.68568
e13cbfb55de94b0ba825be52225a0c4f.jpg,4,47.890379,3.239056,4,46.34976,6.105462,276.34723,29.63971,0.71575034,0.009707749,0.6809906,0.8547894,276.34723
e13ccba33ce243f98cf2869ab0856e38.jpg,7,43.998848,8.051325,1,48.422728,11.878311,573.14557,69.53404,0.69628656,0.021648228,0.6891146,0.8611572,707.3065
e14ac40339bd47029a0fd238ceab2d66.jpg,5,53.864766,-0.36626,5,53.864739,-0.365382,0.057649497,0.057649497,0.8631291,0.07085854,0.83905834,0.95941174,0.057649497
e14da463ea9b42e5919b92828f95e7c8.jpg,7,36.948878,14.603721,4,44.649895,6.62544,1087.0938,16.958155,0.62485707,0.0045487285,0.61826575,0.7511406,3015.5837
e176ef04f3d84676a6541d1f61ed62d8.jpg,5,57.557305,-3.001711,5,57.557255,-3.001561,0.010534839,0.010534839,0.80000424,0.0774287,0.7808007,0.87735677,3528.4514
e1a21097b88c465e8ff237bb7c2fa631.jpg,3,64.370729,24.026343,3,64.36857,24.023755,0.27042365,0.27042365,0.9145286,0.032319844,0.9018682,0.96517,0.27042365
e1c4601fdbb04005b57450c1a5ededc5.jpg,7,39.414284,16.013789,7,39.408588,16.014914,0.64069885,0.64069885,0.87819016,0.02715379,0.86249256,0.94098043,0.64069885
e1fb0cfd20cd4811ad8f16e92f2766fc.jpg,6,65.746989,-19.644512,6,65.746852,-19.643904,0.03167459,0.03167459,0.8983246,0.14810205,0.8821546,0.96300447,0.03167459
e203fae269c04894a23eb9b04c41e38c.jpg,7,42.394402,12.666454,9,51.387745,23.158787,1276.3221,0.8861083,0.67599976,0.0014577508,0.6750047,0.837409,1605.2101
e209a0fe50c54616a4fe6b25cc0b8d91.jpg,6,63.951871,-16.843522,6,63.952233,-16.844779,0.07339915,0.07339915,0.953202,0.07934821,0.9454906,0.9840478,0.07339915
e217b8fabfa34b7ba2723d8ffc09a88f.jpg,4,44.405663,-1.074967,4,44.410575,-1.074512,0.54738474,0.54738474,0.90730006,0.13191545,0.8990285,0.9403863,0.54738474
e22e8f3fd0fa4c7dac5eff91416a4eea.jpg,9,53.134505,20.73796,2,42.543759,-8.797509,2474.335,92.294495,0.58634156,0.008662581,0.5641136,0.77122605,1410.9108
e23233f6012341db93334ffce3ac67b7.jpg,8,61.504297,5.74456,8,61.613345,5.349419,24.184893,15.199252,0.8095658,0.06138915,0.7825016,0.92897594,24.38682
e25aee94872f409f84fb1808dcd0c80c.jpg,1,52.715939,7.691909,10,57.660029,13.327479,655.4185,17.44966,0.71356195,0.011372685,0.7141038,0.841637,828.7615
e263a0e6c0d74b28b4cb1d05d6e2fde7.jpg,1,53.867233,12.190548,9,52.001249,20.673199,604.735,46.597885,0.78903854,0.009100914,0.78081816,0.9252187,232.5439
e26ccae926f642e087fe876b0f117d39.jpg,6,63.664465,-20.111067,6,63.591985,-20.055183,8.518985,1.4603276,0.8787991,0.00406307,0.85389745,0.97840536,8.518985
e2aa08cced0248d5b00f9c2c09348995.jpg,8,59.755303,10.569453,4,48.342153,-4.576636,1600.8827,156.10995,0.68154025,0.003454268,0.662102,0.8696236,2944.086
e2ade4950c8a4ab487f0cf13e7d95dba.jpg,2,36.986576,-5.944767,1,54.023799,9.282638,2224.881,7.367089,0.6460871,0.0061025023,0.6611024,0.7150073,2311.189
e2af99ce162f4892a9f798f785eb288a.jpg,2,27.862246,-15.502188,2,28.88029,-13.832304,198.76076,28.908415,0.69324315,0.01868689,0.66065454,0.82359755,198.76076
e2b16b46839c4f34b53d02364e7bceaf.jpg,2,36.788237,-4.718055,9,52.990085,15.705428,2398.274,1185.2362,0.66236913,0.011888623,0.6438669,0.7874588,1799.9456
e2dd8d15a47141a58e0e934838a6cf75.jpg,7,43.8111,10.727295,7,43.80519,10.722652,0.7554323,0.7554323,0.7999851,0.03581363,0.77878565,0.94318765,520.8577
e2e1bc2aae1b463b89a560a3198e9f41.jpg,6,65.640458,-20.780221,6,65.794127,-19.93966,42.063522,4.48336,0.7563339,0.024696052,0.73630047,0.88149536,69.167984
e3138b909aba47318b8c6607c513aac7.jpg,11,41.623602,32.338467,11,41.773651,32.477228,20.275648,1.8852643,0.72929347,0.012390971,0.7255239,0.7783548,91.19802
e33cbae26ff148268b61c0330185aaf6.jpg,1,52.113971,9.415716,4,43.786895,-0.936213,1202.4691,28.15325,0.71189094,0.053313732,0.68888295,0.80392283,1202.4691
e353abda80d54a11859b0dc4de257dc0.jpg,3,64.15175,25.798782,3,64.154122,25.799014,0.26399443,0.26399443,0.95685095,0.003317237,0.9472413,0.99528944,0.26399443
e38fd7e01585407cb24598f7b26a1b79.jpg,8,68.501656,16.889378,8,68.504077,16.912181,0.9673871,0.22124429,0.87973875,0.007922411,0.866202,0.9408543,0.22124429
e3afab998ec34824b8ab258c3164ee15.jpg,5,54.938986,-3.998698,5,57.264332,-3.333366,261.83505,6.6125236,0.703915,0.0012696981,0.66462433,0.8990342,255.84424
e3f9602c431746109dacf76b0ea6af50.jpg,1,50.683417,10.121849,1,53.000128,13.868698,364.07886,11.970964,0.72997826,0.020301461,0.70527744,0.88416266,477.4784
e41e06f452804f6aa294a40bc189c32f.jpg,7,40.558185,15.391558,7,40.032532,15.804202,68.12593,16.143967,0.67836547,0.0017896891,0.66046077,0.82052064,58.06577
e423e167f47549cea51b3f107db9f6e9.jpg,2,36.995387,-2.690404,7,38.023083,13.361467,1418.7052,148.97124,0.6706501,0.0015901327,0.66167694,0.809311,1686.5822
e43bbf17a7b24c3189b3296b4ba89500.jpg,6,63.87892,-21.209955,6,65.0365,-22.753404,148.463,0.59620535,0.7110946,0.0042539835,0.7009927,0.7970375,60.01544
e4491d147be04feeaf3d1c0e5f66a842.jpg,1,53.473662,9.029707,9,53.47703,16.187632,473.51135,33.69722,0.6890882,0.0020910501,0.6697395,0.78624254,427.05746
e465386e84d74221b6f480d410762687.jpg,7,45.134925,8.486188,9,54.191621,18.633119,1241.3641,27.17288,0.723149,0.020115733,0.72675216,0.7890316,675.5708
e474730f4ba84d8f9d4b481c9de4a1a0.jpg,3,62.950203,25.821468,3,62.979309,25.819581,3.237849,2.1819136,0.91195154,0.011124134,0.89725673,0.98593605,43.782204
e49393e12ae24c9f93a07330e2b77587.jpg,2,38.317745,-0.514607,11,37.836392,40.637244,3572.0881,0.34008306,0.6609946,0.01485467,0.6385412,0.7573467,0.34008306
e4afeaf3f7c0444ebf75b30e4406cce2.jpg,5,55.693739,-3.563796,5,55.813308,-3.502197,13.842966,5.9624224,0.7429527,0.043539584,0.69778514,0.92362285,13.842966
e4b5afb7614d404ba66d3d67b4c10943.jpg,9,51.640919,16.019571,1,51.130197,6.131027,688.0224,49.501545,0.6662011,0.00736475,0.641591,0.82959384,181.23251
e4d15732dc914b6986e94a8d940372a2.jpg,0,54.51362,30.497314,0,53.616386,27.465608,221.54605,0.18824771,0.89599264,0.0061199665,0.8788864,0.9644173,221.54605
e4d8873f32df4329b0c842f73e8ff41b.jpg,10,65.981779,21.601562,10,63.98037,20.079203,233.76146,37.232918,0.8138778,0.0030161142,0.7815604,0.94314706,233.76146
e4e24f30925049728052b2e9c4c6b185.jpg,2,39.552361,3.345915,2,41.65757,-3.485564,622.187,6.2066507,0.76330453,0.0038728118,0.73109674,0.8921355,622.187
e4f20108674040ac97f854287514c8c9.jpg,8,66.292976,13.767733,8,66.303742,13.562544,9.249236,9.249236,0.75135493,0.072571754,0.7183405,0.8834127,9.249236
e5002571a217494b894d440d5bcb0eb8.jpg,4,44.658946,-0.989251,8,62.470437,6.190468,2033.5565,2.0153446,0.7531662,0.012413204,0.74289227,0.8069038,2015.1353
e50599ba2d3d425786fc942f15a85d33.jpg,11,39.615259,43.722583,11,39.615923,43.7202,0.21706587,0.21706587,0.9214252,0.117281556,0.9069923,0.9791567,0.21706587
e5287725c2834bd292ea8771ade14eeb.jpg,7,41.437702,15.607738,7,41.062413,15.714447,42.673172,1.1577228,0.8667259,0.04812491,0.84111863,0.96915495,42.673172
e52d8ede69904094b910065da8928d8e.jpg,7,37.270902,14.949212,7,37.267891,14.939691,0.9065896,0.9065896,0.8310909,0.018406153,0.7957196,0.972576,0.9065896
e5498799b7da44e78234fb62c0d72b92.jpg,2,39.693464,2.634018,7,37.729188,14.831812,1079.7439,7.6810164,0.70156795,0.0007855892,0.6734046,0.82840365,1085.6077
e549c465bc9441769a571c1d47c87b49.jpg,5,57.518555,-7.283351,5,57.825691,-7.042662,37.02961,3.9085772,0.87552154,0.04005277,0.86193526,0.9298668,37.02961
e5758cb903d547cb85e835156a684d2e.jpg,2,42.490784,-8.651602,2,41.817488,2.730802,940.5618,9.228198,0.6952683,0.0008980036,0.6609017,0.8327342,940.5618
e59145f579314201aaf50dfcc21fdfab.jpg,0,51.857816,30.011153,0,51.668089,30.401324,34.14794,11.8945,0.91604155,0.013684809,0.9026922,0.9722111,22.177114
e5f220258a31401da3f07a2094baf9d0.jpg,0,52.556565,25.069216,8,60.16893,9.693394,1264.6923,459.35202,0.6844244,0.042205095,0.6843382,0.7435692,1436.5508
e5f41e95070f4c02a5dc3911929ac502.jpg,6,66.052907,-19.052127,6,65.570134,-19.349029,55.35993,1.4200845,0.83614725,0.007309139,0.8104435,0.9556167,3.8595083
e606639c31d946a798c6e01e1151c94c.jpg,3,64.161704,25.799731,3,64.154122,25.799014,0.843797,0.16925421,0.95485747,0.0019798279,0.9453234,0.99318755,0.16925421
e607c1b7d9bf48888f9953190e3bcb3e.jpg,1,48.65206,13.164891,1,48.411993,13.316801,28.943087,26.10863,0.6669654,0.020988107,0.616301,0.8696232,28.943087
e63943f91ea143f6a03c86175708500f.jpg,10,65.301572,16.035351,10,65.293765,16.276208,11.225962,0.68063426,0.8595662,0.018602908,0.8348149,0.9585715,11.225962
e68afffe7abc49e79a971cd5f32ee9f5.jpg,7,46.44734,11.906221,7,46.447868,11.905943,0.062455103,0.062455103,0.9088561,0.22891504,0.89878017,0.94915974,0.062455103
e6cc2d5b37864b158ffad86319dfc593.jpg,1,50.57874,7.488436,7,46.665326,10.503575,488.23547,67.41302,0.5711175,0.0021532774,0.54358804,0.6812352,488.23547
e6d7e11a34ca405385bd998d4bf784ff.jpg,9,51.445891,22.003607,7,42.451735,14.217065,1160.2089,6.7982144,0.69414055,0.016099334,0.685243,0.7469174,1317.2426
e70f60856cc84152819669e21dc933bb.jpg,8,58.336997,6.262142,8,58.33808,6.255782,0.39026403,0.1615483,0.85849494,0.055746675,0.83252543,0.9623729,0.39026403
e741b5bae67c46cd9f24cf82ac724010.jpg,10,59.089122,17.928387,10,65.670617,20.250252,741.42535,41.786907,0.70009696,0.0011761189,0.6877472,0.7899946,406.11172
e74531eeed4f47599495c1080b6ddab8.jpg,8,62.332745,7.52968,8,61.861721,6.095785,91.15881,0.56100565,0.74183214,0.03837645,0.71738213,0.8866379,89.85239
e74beda9480644a68408d3f88b8759a8.jpg,3,63.489734,25.666591,3,63.488824,25.665325,0.11911045,0.11911045,0.9181954,0.022016287,0.9051856,0.9788116,1.0712682
e7981e03a0c4455397ffaec3e4b32068.jpg,2,36.320238,-5.951542,2,36.323847,-5.954856,0.4991937,0.4991937,0.77600604,0.10683429,0.79014707,0.8139994,1727.385
e7aa9da6c6da4549a652039fbd47eea5.jpg,8,71.014689,25.887393,8,71.00961,25.894459,0.6199249,0.6199249,0.89553106,0.025207162,0.8728584,0.98622155,0.6199249
e7af92487e3d424788f2ffea2d997982.jpg,11,38.277508,41.09839,11,38.671327,41.198874,44.655853,0.42465585,0.864265,0.0042039156,0.8386466,0.9667387,44.655853
e7c604b8a8fd41cd802c819fc2e328dd.jpg,0,54.236407,25.992668,0,54.238541,25.994534,0.26647955,0.26647955,0.83330446,0.15483552,0.8269591,0.8586859,0.26647955
e7ee5d7cc3e24a358d78ffbd10c53bfb.jpg,4,48.667676,-4.311517,4,48.610277,-4.533113,17.488638,15.778508,0.7494424,0.029736578,0.7582394,0.84170425,199.32094
e80a159b2fb347ccbfd1a1fc402f566a.jpg,6,64.251419,-21.360522,6,64.238924,-21.349923,1.4807559,0.7058985,0.82089627,0.024377406,0.78823113,0.9515569,1.4807559
e81eb704ac3441e780f1f222c1a17fbf.jpg,8,70.045651,18.888101,8,70.045302,18.892194,0.16009581,0.16009581,0.8182353,0.085858345,0.78858066,0.93685347,0.16009581
e8214818b8004a3197f1c30b7978a012.jpg,11,39.287131,29.972519,11,39.292443,29.972252,0.59111506,0.59111506,0.7866624,0.013064563,0.77644956,0.8464286,506.16074
e841587a899c4906a2aa028edfc935bd.jpg,4,47.412727,0.609483,1,48.355179,12.397015,884.3415,12.896022,0.70753306,0.007954001,0.692641,0.83401024,260.04315
e843a08a15904b80ab24137bab20e64b.jpg,7,39.175228,9.380768,2,41.485077,1.660827,702.6729,39.159912,0.6795589,0.0007894635,0.65147436,0.8149854,426.35703
e847f342708e483fab805a02b4bba923.jpg,8,58.427187,6.014318,8,58.424308,6.018055,0.38706964,0.13365877,0.88950795,0.052344143,0.8746004,0.94913816,0.38706964
e85b19a15394446488ba4a5537a62f53.jpg,0,52.49801,25.843634,0,52.681635,25.370844,37.907135,3.3899267,0.8935718,0.038949788,0.8738721,0.97237056,37.907135
e870242443ff47abb168159aa928669d.jpg,10,55.451126,13.932593,1,47.486762,11.227257,905.02563,20.33191,0.6007147,0.017319202,0.5744415,0.7574392,612.54346
e892258a514248cda62728c4606a6e5f.jpg,6,65.930809,-18.113784,6,66.07504,-19.232384,53.065884,1.4062796,0.83719695,0.0052066445,0.8082781,0.9726229,24.27489
e89644a369db4bab89e3cac1a61559ec.jpg,9,50.410904,18.917081,9,51.802244,19.727956,164.74005,5.950868,0.71861374,0.0005797148,0.6824606,0.8632264,164.74005
e8c0760d1fde430eaf6efb33b31d7ea9.jpg,7,41.059972,9.390848,7,40.825782,9.322049,26.674223,7.0484133,0.79759985,0.0019876957,0.7634873,0.9479076,45.019802
e8c7ba4ae7024369a208ea3d97d88f91.jpg,3,65.050758,25.594182,3,63.125484,22.46882,262.4101,45.283073,0.7774325,0.0057638288,0.75535583,0.927045,502.2697
e8edcc8b23f44c39bfc4f25dd84e0996.jpg,5,56.883079,-5.049903,5,56.873261,-5.061956,1.3145906,1.3145906,0.69750315,0.050210416,0.6916106,0.772839,1983.1041
e91911b968804109920c9cccc601857e.jpg,3,64.823244,27.944886,3,64.82365,27.941439,0.16918911,0.16918911,0.7593467,0.0015692115,0.7172377,0.9410517,185.10242
e93f065f68b844cf9011ef85ca7bc039.jpg,5,53.684229,-2.774966,5,53.262527,-2.877454,47.37922,20.290066,0.71617687,0.04012227,0.670328,0.92953837,372.71652
e9591b5cc9d046e2bac48359fa6de31a.jpg,2,43.018288,-8.835299,4,44.919628,-0.782757,677.8803,3.691106,0.65453416,2.002716e-05,0.63816327,0.72001743,677.8803
e9baff56708f45f0b5c5c4a941a7ef16.jpg,10,60.185555,17.895909,10,64.303073,14.958715,482.32446,11.230967,0.84043896,0.0034436584,0.8193036,0.9540769,25.267227
e9e20563cac24776832454c2f510e2b6.jpg,10,62.182355,17.163348,10,62.17306,17.157395,1.0787458,1.0787458,0.768839,0.0043597817,0.73719454,0.9103483,1.3212411
e9f24df3c39c44e6b106502c810d1968.jpg,6,65.851187,-17.489915,6,65.878805,-17.493162,3.074532,1.1971838,0.83725363,0.024247587,0.8240442,0.8900911,3.074532
ea1c6eed732c4022bb0b6cdbfb28185c.jpg,6,65.224854,-14.349365,6,65.222486,-14.349844,0.26425436,0.1474614,0.9337137,0.106660545,0.9281812,0.9558435,0.26425436
ea2f92d0a50041dcbd71ca6510f7786d.jpg,8,69.20478,23.716327,8,69.206673,23.692123,0.97838247,0.97838247,0.86961675,0.010056913,0.8449487,0.9710376,3.809186
ea4744a3cad24d20b001a32fa93be81e.jpg,6,63.547345,-18.450195,6,63.544487,-18.452315,0.334697,0.22297408,0.9359774,0.0054017305,0.93058026,0.9828179,0.6701283
ea4b73c9afb54c6fb23ca17eb99b912b.jpg,9,53.650505,21.515647,1,50.847742,13.935541,602.37305,15.078551,0.6778229,0.018487692,0.69431996,0.7042709,4231.903
ea88db15c5054389becd468f5a8cd3a1.jpg,8,62.721692,11.339061,8,63.976028,10.208195,150.4437,60.476215,0.7287127,0.013777137,0.6987852,0.8484225,150.4437
eaa20fc8b1dc4de0a51fd035dad770b3.jpg,8,60.212253,5.410286,8,59.853158,5.349373,40.07267,4.0783386,0.804789,0.042661786,0.77594817,0.9201523,40.07267
eab8adc9ad6a431f8bc00c61de2e3fc9.jpg,2,41.526576,-0.356535,7,37.185865,14.147442,1335.0806,23.089926,0.75795186,0.0011725426,0.7488957,0.87224066,51.750755
eadea5becf984b6680c1522eafcda57c.jpg,1,49.562775,9.892691,1,47.888452,10.672733,194.76738,4.352293,0.6826426,0.006238878,0.6667603,0.81956506,4.352293
eaec9d26b78a4d9faabaacb280e19a1e.jpg,4,47.214483,2.240798,7,45.430578,7.376267,441.31326,19.932716,0.70811725,0.025838733,0.6784159,0.8269228,441.31326
eaf07f5338e1477a869e10b999543d04.jpg,9,52.873533,15.784907,10,58.420005,13.77128,629.4751,314.9282,0.67735696,0.02503872,0.6775738,0.79257417,395.93213
eaf5167524bb42a68360e0fe4d678976.jpg,0,55.257495,29.787999,0,55.256431,29.792636,0.3167693,0.3167693,0.95445645,0.011385322,0.9453873,0.9907329,0.3167693
eb5b0a7336e143d18a9906ab28e4579f.jpg,10,66.671413,20.166142,10,66.672227,20.166162,0.09051704,0.09051704,0.94832987,0.046001673,0.9375828,0.9913181,0.09051704
eb8aeef1080849c8b9337aad185e8517.jpg,5,53.649641,-1.597352,5,53.574519,-1.650933,9.07022,8.94606,0.71310335,0.022568285,0.69599193,0.8378115,1668.1296
ebb92539dab34faba8aa79832be20811.jpg,4,47.237574,-1.343408,7,43.386873,11.308793,1076.416,129.27315,0.6911252,0.020350635,0.6831398,0.8048521,712.69763
ebd1ac4a0e5943f495da580e81bc0107.jpg,5,54.536591,-7.22963,8,63.991095,10.17947,1434.3865,2.9580548,0.68777966,0.0033376813,0.6768672,0.81262475,2.9580548
ebeca6ade3194498b4ef2b15fb8c5fcf.jpg,2,41.682547,-3.252902,9,52.408238,21.088938,2179.9812,329.90955,0.61461586,0.00027936697,0.5940839,0.80088896,2770.3103
ec23b70db7e34a41b83e948bb69d836c.jpg,5,50.174604,-5.507682,8,64.028629,10.080843,1794.5277,0.7795125,0.670402,0.015952945,0.64208174,0.783683,1794.5277
ec79f9a917044b73b807cb8be6592c8c.jpg,9,51.171407,16.079057,7,40.987765,9.134418,1251.3181,814.5484,0.6910224,0.00058317184,0.6878393,0.81518745,1888.1411
ec852f5c42d84d81a05225af8ac77627.jpg,9,49.511956,22.093264,8,58.379656,6.115144,1430.5747,41.47693,0.64130604,0.0002914667,0.6250837,0.8279909,859.9131
ec9ae4c57e5f4a6bac3f3018de5ffbdb.jpg,1,49.178872,7.524534,7,46.158649,13.33613,549.4277,27.711472,0.64997727,0.00069719553,0.6107777,0.8243239,427.16437
eca592d28a734ae59513db46f4a6e204.jpg,1,47.590863,11.399976,1,47.567486,10.983228,31.367682,1.7716955,0.6939628,0.0009621978,0.6475899,0.8794544,31.367682
ecfaab28a2bd4e788ea0d61b7d1f13de.jpg,0,55.617381,28.64715,0,55.769048,28.604265,17.077448,2.2258732,0.8657366,0.009231091,0.8396645,0.9765681,82.39863
ed185bde0350463c811b8239ae559f17.jpg,4,50.161145,4.042746,5,52.030172,0.795777,307.5248,208.12468,0.7066307,0.017779112,0.67047477,0.85125446,307.5248
ed1d7419b83a45a8ab60ca2c40fce4c6.jpg,7,45.184477,11.00811,7,45.192107,10.968573,3.2124932,0.87673,0.72867066,0.05330199,0.71348083,0.8357355,1638.4712
ed1e3c1a278f4270b479b3001af39605.jpg,2,39.570543,-3.851466,2,38.665632,-4.182748,104.601494,34.331078,0.71713394,0.018848956,0.7026518,0.8233839,556.6587
ed554de75dd4402ca1578f5406ece76d.jpg,7,41.172029,9.291977,7,41.222383,9.189538,10.237702,0.557582,0.85828584,0.0013038516,0.8388524,0.97368836,0.557582
ed7bc3baa7d94149a96960ef70f46470.jpg,3,67.483764,27.894928,3,67.491632,27.817059,3.428736,1.0492781,0.90956295,0.0055929422,0.89698565,0.9758192,1.8216505
ed8e6fef5db9441aa4eeb7b9a235d3f4.jpg,4,44.861058,1.56494,1,50.184997,11.309542,939.8938,512.4671,0.6500497,0.02311784,0.6002592,0.8492117,939.8938
eda947f7d83c41fd8991144ef26f8efb.jpg,11,36.25154,29.953458,11,36.254631,29.769181,16.52753,0.26155382,0.8025229,0.043998003,0.78663397,0.9463421,23.287813
edc9bc9e93944fd3b72671411e076736.jpg,7,40.788417,16.420007,7,40.790392,16.419336,0.22675931,0.22675931,0.8270504,0.06163138,0.80381215,0.92000335,0.22675931
edce57aa8fb4487582a7d730c20ecf04.jpg,7,46.315296,11.304238,7,44.502222,7.155134,381.43613,83.45942,0.6776702,0.008928895,0.65340567,0.8459846,530.35803
ee0d8435029c4b5d965844899a9f332b.jpg,7,39.112586,16.077964,7,40.735743,8.820233,644.4572,100.61131,0.7302872,0.0016540885,0.7208911,0.8055105,668.86475
ee23fefc63fb432c9e16b460da8a764d.jpg,4,45.053917,1.020083,4,44.504556,1.04975,61.131104,23.650324,0.61557865,0.016343713,0.6022564,0.8194095,2762.38
ee2fee54a5d540348eb4e5082689500e.jpg,5,56.191511,-4.778018,5,57.266733,-5.763897,133.82959,0.14274052,0.665526,0.0071781278,0.64058286,0.82603765,1408.4108
ee3cf36be4204f799f365bf0ffa025e7.jpg,2,40.73446,0.820519,2,40.377346,-1.11557,168.31355,47.68761,0.7391264,0.018659055,0.72178584,0.8084884,168.31355
ee470dd3fcd44fdea92de7192c6ec591.jpg,8,68.548556,17.216017,8,68.557179,17.222902,0.9988616,0.9988616,0.75528264,0.01965022,0.7236807,0.8816904,0.9988616
ee4938a137124097864cfde8b2bbac50.jpg,0,56.002778,28.645259,0,55.814841,28.602642,21.065794,1.1272774,0.83118755,0.033611476,0.81157476,0.94303316,54.043835
ee55b9ebde7245fb84f16ed5077b8dd3.jpg,11,37.533725,36.917944,11,37.273831,40.687948,334.23523,0.5938131,0.74606514,0.005149603,0.722998,0.8383336,334.23523
ee5aa3db5107471eabab3a2894c8579d.jpg,8,67.155284,15.467767,8,67.102071,15.470053,5.9178486,0.3374474,0.87082106,0.01696068,0.8456507,0.9715027,5.9178486
ee6642b79cbd4b329fa0282721131227.jpg,6,66.124523,-19.072896,6,66.061764,-19.029455,7.247847,4.85704,0.8077229,0.0015326738,0.7716,0.9522146,7.247847
ee82f1ded2d94fc59fdfd6b61a2a50fe.jpg,11,39.149782,33.291651,6,65.007627,-21.919515,4515.4883,24.08606,0.6978385,0.0014948249,0.6714715,0.84731877,4342.709
eeaf2eb490ad426e82651cb895f52575.jpg,7,38.016369,13.265437,5,51.635913,0.308871,1820.9435,22.966757,0.6886798,0.0108881,0.66085875,0.7999641,1820.9435
eebd8faa6b5d4780897c2252f2d9e6ae.jpg,8,69.881503,29.343619,8,70.062612,28.949834,25.10844,18.23335,0.7933459,0.024448931,0.76750875,0.905356,36.441364
eeccd2d711d14fca809484258615c197.jpg,3,68.433194,23.499973,3,68.432631,23.501496,0.08828566,0.08828566,0.8968017,0.1151939,0.8777437,0.9730334,0.08828566
eef431b527b54cb98c77a089ba7cb6ef.jpg,11,36.327722,33.431529,11,36.215915,33.532584,15.382973,0.2948041,0.7316828,0.00342983,0.69801027,0.8663728,15.382973
eefc5123abe74e59ba77b110f22bb6ef.jpg,3,62.147318,30.047574,3,62.158051,30.057539,1.300862,1.300862,0.86809254,0.02734238,0.8504098,0.9388236,1.300862
ef017763bff947f4a6b6abe90f17318f.jpg,2,38.40381,-6.006755,1,52.002448,14.668426,2201.373,230.91048,0.7371959,0.037491024,0.7232849,0.8615226,2053.5667
ef19913cd5254d3ab94aa1a7c0f66c6a.jpg,1,50.488534,12.973709,1,54.564042,9.837347,500.26505,1.0157869,0.67332006,0.0052957535,0.68156946,0.7600243,651.22546
ef1b3f08b9874fc08bba96a581dc11a8.jpg,6,64.144102,-19.694342,6,64.155791,-19.591778,5.139671,4.5300994,0.8464837,0.0028318763,0.8254559,0.9495455,4.5300994
ef3b0b1a97ae4014ac5605701f36a8c4.jpg,1,48.508564,11.624786,7,42.204487,11.735947,701.03595,87.31011,0.69893557,0.0546574,0.6859427,0.8354169,448.23337
ef3e5c860a4e4d22b8b517cc2b506375.jpg,0,52.09437,27.813359,0,52.064618,27.75813,5.018875,0.94895405,0.8446367,0.008384585,0.8294495,0.9233159,7.8968196
ef59984ff0a541759eadbf701e6865d5.jpg,3,65.912019,24.590762,3,65.911734,24.59023,0.03983998,0.03983998,0.9485139,0.018526793,0.9380765,0.99026346,0.03983998
ef78a27b0c6c49c985164d2daa64b85a.jpg,4,49.338508,1.518027,4,49.801249,2.043512,63.902035,6.029101,0.8195976,0.12226486,0.7936195,0.92350984,63.902035
ef7b1a444ff14e25aca7ea737901478f.jpg,4,42.944043,-0.086693,4,43.185393,6.472581,533.39557,43.025356,0.6996616,0.008906722,0.6663158,0.83304477,533.39557
ef9a1f42b17948dab300832b3af9737e.jpg,7,40.433974,17.735723,11,40.191378,29.106164,963.80066,50.98824,0.5968735,0.013399005,0.56370354,0.77484643,1994.9218
ef9af64c9f024440b81bbc8d19574810.jpg,2,37.629878,-0.79893,2,37.62893,-0.796453,0.24226934,0.1115137,0.8978805,0.13431054,0.89408153,0.9130764,0.24226934
efaef1ddd53244b19b7956758c52f6e0.jpg,5,57.556098,-6.1535,5,57.556987,-6.153906,0.101776004,0.101776004,0.88541806,0.053269446,0.87331116,0.9338455,0.101776004
efbe131e5ca24ec9b4b5fe65bbb77c79.jpg,6,63.463021,-18.61233,6,63.463536,-18.610843,0.09346903,0.09346903,0.9631523,0.03199762,0.9576788,0.98567784,7.235674
efcddc47084b4e288f4268c27817bd6e.jpg,0,55.088826,30.61525,0,53.528624,26.253894,331.7991,1.4051179,0.80173844,0.0013014078,0.7862426,0.9178634,271.6777
efe28ef093fe4ae0a3dc0f925d612769.jpg,7,40.068997,9.610283,5,54.820865,-1.489114,1835.3746,16.76169,0.75113916,0.07366526,0.73146963,0.82981724,1835.3746
efe64392b1d3421ebe4a33fab24cb5f8.jpg,6,65.017134,-21.997924,6,65.007627,-21.919515,3.8316848,3.8316848,0.872621,0.010096133,0.8515875,0.95675504,3.8316848
efe65d9a8c4e4d739051507c1783f3b3.jpg,9,53.025056,14.898744,1,54.535707,13.249757,199.87396,8.051822,0.7097853,0.014285803,0.70982414,0.7882564,694.2417
eff249ce79a14479a427f29f2a5a6aa9.jpg,4,48.530023,-4.619672,4,48.450049,-4.487558,13.186039,0.05926937,0.84357315,0.062374413,0.82787025,0.9100617,12.576776
f0080df6fc404badb6c6c127c6603214.jpg,11,36.970139,28.703006,11,36.971969,28.698466,0.45175007,0.45175007,0.8694242,0.01632303,0.86112946,0.9026034,0.45175007
f0105006df5a4a6698a0fdb836afeb07.jpg,0,55.226249,29.985494,0,55.228763,29.98036,0.42912504,0.42912504,0.9624063,0.03707218,0.95406836,0.9957578,0.42912504
f013a67d45f841b0b294a4e4536af75d.jpg,2,28.049119,-14.331713,2,28.049492,-14.331906,0.0455956,0.0455956,0.75263506,0.00800246,0.74295807,0.8498141,2.3933744
f022be86d5904a50a1dad1dd9eb00b8c.jpg,1,48.753296,12.970261,1,48.85693,12.919923,12.098911,6.6082253,0.67906964,0.010345221,0.6410953,0.84215355,1227.3727
f033f10bc9524ac69a1ab80b8242f64d.jpg,4,47.554581,3.411008,5,52.330688,1.340647,551.29614,3.3575494,0.8079429,0.044277906,0.8136148,0.8274304,3.3575494
f0681f9b464c40b8a4f6db26a9297bca.jpg,6,63.870799,-22.423873,6,63.857511,-22.428911,1.4980251,1.3857118,0.7760799,0.031367958,0.7771617,0.8706397,1130.0394
f08110ca890b4366871db243b0ce51b6.jpg,10,59.761521,15.895004,10,59.757224,15.894199,0.47992727,0.47992727,0.7632366,0.038618445,0.7339494,0.8803849,0.47992727
f088661c239c4dee90e4d42632215935.jpg,2,28.651833,-13.831988,2,40.21861,-0.937353,1743.3645,0.04194857,0.74763286,0.005155802,0.7492907,0.904323,91.27051
f08ebe85dad84f2e99948b7c4b8c8ef7.jpg,2,42.154682,2.073288,2,42.009427,1.716789,33.56284,33.175266,0.6716719,0.015042186,0.65171826,0.7956045,54.913624
f09c360e288f4656b6551ddc8f2aa3fb.jpg,6,63.852085,-22.36296,6,63.852789,-22.361325,0.112012945,0.112012945,0.9457861,0.075529516,0.93510747,0.98850083,0.112012945
f09cf134672e4055abe33dfdca61e42e.jpg,4,46.507103,6.029701,8,62.462811,6.31569,1774.2881,7.3744345,0.64644945,0.0020958781,0.6299549,0.7715993,15.346404
f0a2dd23b5734193a20240346750970d.jpg,4,45.003865,2.025047,10,56.574401,15.967201,1610.8925,563.1965,0.73755276,0.043295026,0.71119225,0.8429946,1610.8925
f0c19ec6b1f640679fc83d47cc4151fd.jpg,8,62.469676,11.337035,8,65.024836,13.264094,299.47968,4.0853357,0.8135347,0.006981969,0.8051895,0.90290534,410.50757
f0d76725c03d4ff2a93fd65a2595865f.jpg,9,53.50781,22.569973,9,53.736296,22.358612,28.979252,9.159417,0.8118616,0.066262186,0.7905534,0.89709425,28.979252
f0ec0ea39bd64d728dfbb93242949893.jpg,4,49.522354,-1.784818,9,50.868982,15.800364,1257.6586,279.70856,0.66108453,0.019249082,0.65186906,0.7834506,1435.6854
f115289d31df4c36b44cbbcfa4ad663e.jpg,2,28.653805,-13.831862,2,28.654008,-13.831868,0.022580069,0.022580069,0.9644442,0.2360233,0.9582967,0.9890342,0.022580069
f131af7683a747a9ae2ecd1f0bdcd843.jpg,3,61.19598,21.710503,2,43.353079,-8.313255,2801.1716,2036.3433,0.6468519,0.0007841587,0.6059232,0.83007014,3049.1167
f16d74e142b1451ab488617d8987e8b7.jpg,5,58.468328,-4.685517,5,58.52457,-4.683909,6.2545314,4.246183,0.8080859,0.019354463,0.769021,0.96434563,6.2545314
f17e5394aea1477280b0bb459c86cac0.jpg,10,63.771995,20.226488,3,62.555979,25.675531,304.99335,8.47451,0.80474925,0.0067469478,0.7705734,0.9414525,304.99335
f186244eedb142ecb9647df72b1f1ed9.jpg,2,40.96348,-5.756353,2,41.006985,-6.4127,55.304817,17.808702,0.8393838,0.022471607,0.81467736,0.9382092,55.304817
f1adc04c754d40659d7af24d0d4e30f0.jpg,11,41.558776,41.56653,7,44.064179,10.441614,2538.9026,0.9929604,0.60163856,0.010502696,0.57938933,0.71496254,2307.7957
f1c2d38820b64e4d9c3d8d2c0aa358fd.jpg,2,28.777242,-17.963019,1,51.64054,12.589013,3583.7827,0.2734326,0.67456406,0.03964168,0.648571,0.79958165,2804.1948
f1c8d41ddd484f4f9003077e9d887735.jpg,10,66.235739,22.314724,10,66.259218,22.278281,3.0789785,3.0789785,0.8601087,0.056916,0.83596486,0.95668375,3.0789785
f1f1a71ba41349a49503dfda4d4698df.jpg,4,46.087008,4.087836,4,45.927315,4.14926,18.379843,18.379843,0.6757203,0.0009787679,0.6592427,0.8138016,215.31004
f2804a8ada974d56be48816e4b6d15a3.jpg,0,54.430478,25.983176,0,54.166565,26.461252,42.702766,6.552783,0.8373074,0.021948636,0.8224819,0.9087095,15.939541
f2cebc78d7594278bd41e19507c36635.jpg,5,55.364795,-3.498452,5,57.327991,-3.698684,218.64589,9.89097,0.80009246,0.012495697,0.7676836,0.94268376,102.2727
f2fc804e4577464d86503714b3d31cb2.jpg,6,63.819151,-22.557148,6,63.819319,-22.556489,0.037339326,0.037339326,0.9004116,0.025782704,0.8805028,0.98004663,0.037339326
f306bffd702d4700ae0bd24b42bfcb92.jpg,5,50.614167,-4.471658,5,50.410299,-4.551573,23.362803,1.4845102,0.74696404,0.015905559,0.71156144,0.88857436,23.362803
f3269eb7a2484c4a9de4d90eebe23fcb.jpg,1,52.901862,14.059489,2,43.253107,-8.435583,1973.0575,293.1291,0.632484,0.0075472593,0.59840757,0.7829592,1146.6534
f32df68d63a3407aa020197f3d880b68.jpg,10,65.632147,22.31811,10,65.310913,16.207576,284.2124,55.053795,0.72574514,0.014995992,0.69993836,0.8873875,930.7421
f33c883c4f5b414da05a2bf085d2c519.jpg,10,63.834082,14.389042,10,64.073764,14.077745,30.68074,2.6705396,0.8007874,0.016105473,0.7840976,0.88205624,3.910236
f3499f1d2616466b9310d36b3dc0407a.jpg,7,40.997245,14.835634,7,40.977626,14.846478,2.3638036,2.3638036,0.7527256,0.11153036,0.7361784,0.81891453,2.3638036
f368b52a01ad4a63b883a17c0afb5bfb.jpg,10,64.100378,20.752347,10,64.095004,20.754648,0.6079253,0.56133527,0.8192975,0.11232746,0.8096769,0.85777986,0.6079253
f376399f3e0c43329dbc62cd310be014.jpg,4,45.658693,5.615884,5,53.392794,-0.772467,974.89276,172.18823,0.675755,0.011434913,0.6347341,0.8398386,974.89276
f3803cce03464517b7c2c6534e549bf4.jpg,4,48.524769,6.227074,2,38.407039,-0.551021,1249.7609,828.9089,0.7421503,0.00030714273,0.71628875,0.85734737,2985.3489
f391e7bdba4a4e2db0a5e27a4ac7cd68.jpg,11,36.145184,36.210803,11,36.567351,36.397881,49.84268,6.7226396,0.79149556,0.04381931,0.78069574,0.83469474,49.84268
f39eba766a2741018ec8debf4adc9eb7.jpg,11,40.6396,43.140839,11,40.70159,43.161113,7.1018915,3.6238012,0.80365413,0.023039162,0.78573895,0.87531483,7.1018915
f39faa2ddce047e0a3d112d58d2606fd.jpg,0,55.517583,28.874466,0,55.114673,30.31978,101.834366,1.3220217,0.87807333,0.0046232343,0.8552138,0.96951115,101.834366
f3a2cb5fdb394b7f97b84174bf1fe503.jpg,7,42.984286,12.415629,11,36.085495,36.152501,2166.2761,12.84107,0.6705055,0.025048375,0.67739266,0.73770416,1992.589
f3ad641c5d704e1ab1adc05ccbd495a5.jpg,2,36.770892,-4.709058,4,48.21379,-4.523894,1272.4835,337.27042,0.712749,0.00034594536,0.683107,0.8599712,1279.7684
f3be44a9d89b47e98cd558228ec7cc12.jpg,5,58.445275,-4.738137,7,39.37917,8.589009,2323.1821,12.437029,0.6807301,0.004998982,0.68636566,0.7239468,1822.3898
f3c40e0266ca4778809b2d5e95bac9e7.jpg,6,65.168712,-21.057501,6,65.405404,-20.633793,32.873352,1.9628705,0.91855425,0.009177625,0.90356994,0.9789748,42.02583
f3da3488be1e4c28a8a761e4e274da7a.jpg,9,53.577163,19.022798,5,56.104474,-5.518473,1587.5275,188.11194,0.660211,0.0072090626,0.6552396,0.8640022,1455.1111
f3fee8b0ecf540859421a07a4b57a975.jpg,8,62.99284,8.942544,9,49.034874,22.353636,1753.6802,17.76865,0.65040094,0.007866621,0.61406314,0.8279836,20.52624
f40484ba7e764573bb7de6864b500d3f.jpg,5,51.754341,-4.5156,5,57.013502,-3.374299,589.4219,32.926235,0.7169993,0.0039588213,0.6750184,0.88766134,549.36163
f4193b37084d4946bec790557b074b57.jpg,11,39.16591,30.142768,11,39.125923,30.16177,4.7387037,4.7387037,0.8428958,0.12244576,0.8346333,0.8759456,4.7387037
f429308185f54c9bad90513c3d7220fe.jpg,2,41.569444,-1.119207,7,40.124379,17.998499,1612.755,21.456244,0.75439817,0.018854499,0.74206007,0.8037505,1612.755
f4437b6c06d545fe877f4ee4cbb639ee.jpg,4,49.28419,0.087559,9,51.790897,21.726338,1548.4558,76.39117,0.7082572,0.007217407,0.70261925,0.78357816,642.3418
f45d363d946a49838405f0d1719b4cdf.jpg,6,65.245466,-14.440706,6,65.246463,-14.439493,0.12441848,0.12441848,0.9615991,0.065827966,0.95542437,0.9862981,0.12441848
f4677a586d6e45f7975844f6f8b3386d.jpg,4,46.417708,4.9402,9,53.643215,16.190676,1133.836,33.43677,0.6361611,0.0068854094,0.6442101,0.6662699,1237.7512
f47169d2e0934d9bb390b0932e0b58dc.jpg,1,52.899441,8.414155,9,50.670544,18.027604,705.52124,15.706307,0.6526715,0.00847739,0.62357605,0.7845243,897.7633
f496baf4309f4f4d96accbd82c17bfe3.jpg,4,49.657042,-1.258728,10,63.848498,16.401938,1896.1926,1229.8081,0.6803233,0.025026679,0.65620553,0.823804,1639.9342
f4a24b23c2d84c9cbe58590a337f11a1.jpg,2,38.37946,-7.216579,2,41.875876,-0.768468,671.773,48.138596,0.7157829,0.00014591217,0.7130377,0.7419184,1022.1345
f4c0a744308249a1bcc861bc0165e497.jpg,11,36.599872,33.78626,2,38.797892,-2.337173,3166.945,31.630615,0.6363033,0.00018179417,0.5898556,0.8220942,3166.945
f4d919e2033a4848971f7d7779629b58.jpg,2,38.24058,-0.599177,10,62.357892,17.247364,2943.211,790.35333,0.62079513,0.011771917,0.6287857,0.7509428,2281.5781
f4fcffc0794f433dbe0e56a47ccc278e.jpg,4,44.099341,4.628578,7,45.023547,8.151123,297.3669,27.752378,0.6400538,0.0077444315,0.641824,0.75327754,1150.587
f501d96469e247499f6e2b922bbd4eaa.jpg,5,58.565857,-4.740571,5,58.564902,-4.741442,0.11759197,0.11759197,0.87389195,0.08058047,0.8649715,0.93463874,5.916057
f505dbeb10864263a959b1177eabec70.jpg,5,55.188557,-2.177198,5,55.369446,-2.513646,29.302435,3.764303,0.804796,0.018186748,0.7694843,0.94734955,33.004833
f540aa42058642e580b373e0dfa65b74.jpg,2,40.236013,0.140438,2,40.212322,-0.012824,13.275941,4.3549795,0.6743343,0.009223938,0.65145683,0.7878345,613.8335
f5957cdea38246208a1880a91063beb2.jpg,8,59.401576,5.334451,8,59.403162,5.334694,0.17689086,0.17689086,0.7141406,0.008739769,0.6944575,0.79538035,963.2611
f599a3ca3b5149cfb51b36a3fa18fe38.jpg,1,50.025091,6.27671,1,50.629752,10.915142,336.0021,1.7474163,0.71859884,0.0048217177,0.6836201,0.8585136,336.0021
f5e91cf5fdfe46afa649fd243e7e34a9.jpg,10,60.723514,17.267308,8,59.686383,5.186006,676.40405,14.057427,0.713406,0.0024223328,0.67242587,0.8813319,657.9888
f5f1da42f38b470a8ba08865770e4cfd.jpg,1,52.178439,12.063875,9,53.604102,21.047086,622.6865,32.34023,0.70082366,0.007853806,0.67551404,0.8071674,565.5802
f5fbdede28984710ab3dda6ae5719822.jpg,5,50.199016,-5.525764,5,50.181113,-5.59602,5.383265,2.5742452,0.74207985,0.08745009,0.72032714,0.8290909,5.383265
f5ffed05a730491f84a825911db10aba.jpg,8,68.694606,17.994821,8,68.693948,17.993501,0.09053993,0.09053993,0.92105764,0.19667947,0.9096446,0.96670985,0.09053993
f629a323b3814f1c9caba50128a3277b.jpg,8,66.317393,13.300788,8,66.316632,13.297645,0.16391167,0.16391167,0.8279535,0.00908047,0.79718935,0.95374674,0.41235286
f62b647fa0814b80969b4865854ed2f2.jpg,7,40.792529,16.167957,7,40.778038,16.183277,2.0639884,1.5029055,0.8662257,0.025408626,0.8576094,0.9006909,2.0639884
f6489e0823f648afab80b9a1618b00b2.jpg,4,44.034086,6.08792,4,41.634377,9.231767,369.96964,53.284855,0.76983696,0.012772441,0.7397125,0.8903347,369.96964
f64b67f3e502411e97d4bed1b1c35690.jpg,8,68.33597,16.741079,8,68.399291,16.809055,7.57231,0.05353954,0.8278187,0.0065259933,0.7908884,0.9755397,7.57231
f6537c4a55b744ecb267c87c60c831a5.jpg,4,43.228461,3.004629,9,52.806897,21.16421,1711.8032,389.6253,0.64055336,0.023140907,0.6094458,0.7881099,1671.4789
f65692cd544f42a5a34791ca8bb35016.jpg,7,43.116177,11.723434,4,43.707494,-1.020366,1030.4685,33.43626,0.73095596,0.015276194,0.7067187,0.82790494,1030.4685
f6a03cc5091e459ea15c763797c20cc5.jpg,0,51.951409,26.516594,0,52.018814,26.3394,14.262605,10.535019,0.8331407,0.02319771,0.80025256,0.964693,14.262605
f6bf7a4d83884713bb95e19c8276c947.jpg,8,70.21878,24.075255,8,70.189191,23.992714,4.5262747,4.5262747,0.99044454,0.0008446574,0.9883043,0.99900544,4.5262747
f6bf9fc2cb184442aa708722575c000a.jpg,5,56.843272,-4.71192,5,56.84157,-4.711865,0.18928358,0.18928358,0.8982527,0.02683866,0.89252156,0.92117715,0.18928358
f6c05aefc8524a1d9dc0e573e4d64d8b.jpg,5,58.504294,-4.501795,5,58.504171,-4.571285,4.0368547,0.43089247,0.84774595,0.05622816,0.8175017,0.9687227,4.0368547
f6c79228aa8840c69d8dfce0922b7612.jpg,2,43.484456,-5.490774,2,42.662281,-4.792326,107.592964,24.273449,0.7355771,0.01937288,0.69924504,0.9189083,75.72075
f6cbb626bc3b444aa9f6ce39000a775f.jpg,11,38.34582,40.902182,11,36.858162,34.471225,590.05096,121.29541,0.72105736,0.014500082,0.7038429,0.8175961,662.48816
f6fd570579d04c7e89897179fc5b01be.jpg,6,65.748515,-19.359138,6,65.885434,-19.387353,15.278871,0.3832761,0.9043848,0.014138818,0.88486755,0.9824538,15.278871
f70b912d93f140f7a54a22fc4dbd37e5.jpg,11,38.827752,36.549431,11,38.786947,36.467689,8.411592,8.411592,0.8437533,0.105689704,0.8172654,0.94970465,8.411592
f70e273eee2746eebca72ef434aeffdd.jpg,11,39.547119,43.949012,11,39.549945,43.933988,1.3259453,1.3259453,0.8083535,0.01301682,0.7762158,0.9627837,9.990899
f723a6c5ec184a508d4b895d1e9bb5b7.jpg,3,62.347669,26.673625,3,62.256311,23.498542,164.40079,14.389136,0.85545605,0.016362607,0.8345133,0.94061124,247.98604
f736264fe144442a9d9f5acddf607672.jpg,10,57.640896,15.68303,10,66.259218,22.278281,1017.1501,120.37928,0.7218966,0.0023383498,0.68596256,0.8656325,1017.1501
f755b22c125345a3904effc2e12a4b45.jpg,8,65.082534,14.630677,8,65.100592,14.602914,2.392157,2.392157,0.7665975,0.002846539,0.7436269,0.8778919,1250.324
f768debe872c460f9e1dd3c2f815df75.jpg,6,65.519301,-15.447447,6,66.015164,-14.8935,60.656822,2.1528306,0.874132,0.0055937767,0.8508101,0.9837892,2.1528306
f76fa193874d40f4b71c900e097528d0.jpg,8,58.313554,6.369985,8,58.381661,6.110735,16.917307,4.614029,0.75233865,0.0045850873,0.71675766,0.8946624,16.917307
f771324a11fc4b00bed712b308a64c76.jpg,10,57.565325,18.404874,10,57.565984,18.404016,0.089374885,0.089374885,0.82788336,0.0005624294,0.8038612,0.9239718,0.089374885
f7a362b0e3564e8bbf202916b3889752.jpg,5,54.193645,-2.39616,5,50.401081,-4.55608,446.5064,38.110035,0.7316035,0.0028880835,0.69204086,0.93366635,285.3489
f7b3ff5bcf0b42868b35457fb8d51730.jpg,7,40.860294,9.335879,7,40.954166,8.872973,40.277676,4.01003,0.8475428,0.022025526,0.82400346,0.94679576,5.974528
f81835878f034ae6943dcf63e9d8b659.jpg,8,69.651206,18.529645,8,69.606652,18.305521,9.990086,0.391318,0.7445731,0.008398473,0.73065937,0.87629116,107.87865
f81be49b5d30454d8880c84eaae93d38.jpg,7,45.756207,12.49561,1,54.474197,8.850906,1003.277,94.193405,0.7527126,0.02736938,0.73000133,0.84355783,1003.277
f81c5d3e6df44965acec549fa3dadc14.jpg,6,64.180994,-15.828245,6,64.179929,-15.831023,0.17923266,0.17923266,0.94065404,0.01015842,0.9318342,0.97593343,0.17923266
f86933dbea414661a13c46fc253b6e6b.jpg,10,57.859303,16.300495,1,50.239939,7.449507,1023.6827,36.141056,0.67669785,0.015298903,0.64009297,0.8313539,159.1897
f87698b8c7f843ca9a32311d3b593a34.jpg,8,58.427772,6.013623,8,58.424308,6.018055,0.4636239,0.058046475,0.8229931,0.0359447,0.8014481,0.9241997,19.95607
f87cfc2d8a0e4837a619fa6f50f62da5.jpg,11,39.560536,40.030707,11,39.559239,40.033464,0.2768759,0.120644815,0.9083437,0.0055195093,0.8933535,0.96830416,0.2768759
f87ee743e3344748b5bf37507c9289de.jpg,9,50.741745,17.345065,3,63.00816,21.862343,1390.4658,218.1115,0.58742386,0.0082553625,0.5732864,0.80763793,1349.1404
f89460ece0244827bb0ed7db42da008d.jpg,3,63.662532,26.567647,3,63.681273,26.024487,26.867453,3.6319613,0.8786069,0.0051172376,0.8571241,0.97593343,3.6319613
f8a1ce3901164b2b97512b34d5cdfcbf.jpg,3,63.768026,29.19247,3,63.795966,29.189846,3.1094635,3.1094635,0.82190907,0.03775835,0.78649163,0.9635788,3.1094635
f8b15eb77f874c77aeed755ea4a9c725.jpg,4,49.174273,-0.35376,7,42.593051,12.237133,1216.1483,204.85983,0.7077784,0.00020319223,0.67157,0.85890716,1278.2303
f9000805c4b9476d9d959ec6b6841348.jpg,3,67.14385,25.010443,3,67.159445,24.967159,2.5494382,2.2013805,0.96751463,0.008272707,0.9631262,0.9850685,2.5494382
f9043d401d0b4968976e4a3916360302.jpg,5,56.184237,-5.473365,5,56.218678,-5.541628,5.700446,2.4588914,0.8494904,0.028488994,0.8276279,0.9740354,15.687218
f91fc8648cce477bac9c4240d0813a75.jpg,10,64.354768,16.684909,10,55.527148,13.983926,992.8223,38.635242,0.69100386,0.010439098,0.6717375,0.83066857,651.98346
f934a4102dd449ff95ce90ac5d6aabef.jpg,5,57.484348,-5.32117,5,57.452294,-5.391222,5.500062,5.500062,0.7339307,0.03173411,0.70900977,0.8665825,647.6227
f9442369ebf8496eb670fd3687cbbf63.jpg,10,59.729782,17.713669,10,65.630805,18.928662,659.0562,29.451368,0.69763935,0.0019013882,0.6538131,0.883013,601.6619
f9cc9016d3ea4b11b5f51ded1c696807.jpg,2,28.91187,-13.783046,11,41.485609,31.834918,4318.5913,206.79102,0.6161187,0.0057600737,0.60782087,0.8041884,2439.9424
f9e7244b76bc441b8e4fd8e7141112eb.jpg,1,52.045903,10.649921,1,54.474197,8.850906,295.31717,9.069669,0.68993336,0.017910302,0.65829414,0.84541225,549.77106
f9ebcb09d6924ce7b915013b7ce49cf6.jpg,1,50.129647,9.380505,9,51.435748,22.381817,924.2455,151.26767,0.6754896,0.015652478,0.66155255,0.7559675,906.7152
f9f8088536f04fa6ab33858c65758c96.jpg,10,59.595855,17.129667,10,60.34533,18.127956,100.153435,11.22413,0.79159725,0.02271533,0.7551357,0.9428349,82.42165
fa09f2730b7c4d9bbb85e8683a0bcd66.jpg,1,48.766381,13.729983,10,55.481991,14.250514,747.5821,18.70834,0.65468574,0.008897245,0.6440474,0.7974553,1064.4238
fa0c2868975a46e283785d1501d74174.jpg,2,39.573799,3.111763,2,39.56841,2.770324,29.271883,2.0541203,0.86011714,0.014088213,0.8330654,0.96832395,29.271883
fa1fa02e6ccb400b9400f2a013c1c9f9.jpg,2,41.897548,0.983651,1,48.820933,9.936475,1038.767,69.59121,0.67183876,0.002498567,0.65185905,0.7710371,781.90735
fa3e94a85cd44427952918a449fa6711.jpg,6,65.5135,-23.701543,6,65.584005,-23.149637,26.584068,0.89842457,0.9115676,0.0006662607,0.89327925,0.98472106,26.584068
faa5a8b99a3d4bc094c6970892f4aa23.jpg,6,64.779538,-23.644818,6,64.778645,-23.644574,0.09996796,0.09996796,0.8802088,0.056158483,0.859273,0.96395195,0.09996796
fac2e54fdc0a45ed9c3f1272f9ac090a.jpg,10,66.346258,17.06844,10,66.419856,16.893402,11.303672,4.2716436,0.84132314,0.041154027,0.81610304,0.9422035,11.303672
facf6c4253ec42a7862972c8d1491e43.jpg,11,37.634792,41.419543,11,37.571929,41.384092,7.6559978,7.6559978,0.82901144,0.05021125,0.81161714,0.89858866,7.6559978
fae676f29f5b48c4bd636898ad5e4073.jpg,4,47.5104,3.741117,4,47.520222,3.541332,15.043626,4.596763,0.8123902,0.05250442,0.7978693,0.8944021,12.923933
fae9508bcfa24a3ab9924d9e17b0c003.jpg,4,49.512241,0.23219,4,49.274334,-0.568652,63.710495,23.972284,0.64617705,0.008982658,0.62392044,0.7731416,2947.9114
faefca788997419e9002002221499e75.jpg,0,53.079021,28.735148,0,52.179945,29.901519,127.2421,37.180298,0.8365263,0.043779075,0.8149394,0.9404844,124.10266
faf72188e7124158a677a8691301b5dc.jpg,10,67.284707,19.121459,10,67.227809,19.244056,8.234353,7.65795,0.9031885,0.020275414,0.8894877,0.9579917,8.234353
fb61e702c412448b93f924bf6df93276.jpg,1,47.896412,10.014339,1,48.355179,12.397015,184.04948,20.694557,0.6978902,0.016169429,0.6926133,0.7922191,925.5617
fb69d60e54e845af8506ceb1a0834090.jpg,1,48.301738,10.963977,7,43.907924,10.275545,491.43896,58.92856,0.6471429,0.010294914,0.6438442,0.74706,1586.9526
fb91efbd30884016ac45c95ed357b23e.jpg,2,37.636477,-0.904824,2,37.630485,-0.799938,9.260162,4.135676,0.7672939,0.0058631897,0.75139713,0.8812363,135.90045
fbcb2fa2c19745298278dfdac8a0d079.jpg,11,37.420548,40.978068,6,63.646774,-18.419041,4849.8267,12.9332485,0.7553288,0.0020384789,0.7482528,0.8963738,4855.2144
fbcb9519525c42e8a37fb2a9aaf3e303.jpg,1,53.742047,9.336188,1,53.829853,9.167,14.794066,3.3514993,0.744951,0.025138557,0.71679556,0.8762447,80.98972
fbd62158f0fe415ca81ff55cf7d5f7e8.jpg,6,64.197732,-21.223245,6,64.196348,-21.222018,0.16495533,0.16495533,0.6979144,0.009023249,0.7173042,0.75570315,2245.898
fbe9de6aa946421ab9c395e4b1e76f59.jpg,6,65.191485,-14.013813,6,65.187278,-14.042153,1.4026432,1.4026432,0.8207792,0.050328135,0.79104555,0.9397136,1.4026432
fbfd975f75a449de8aded6419e15fead.jpg,8,64.752732,12.860303,8,64.743564,12.846071,1.2227082,1.2227082,0.87496895,0.0007851124,0.8519257,0.96714205,1.2227082
fc219f4a89d0491e8db67b818710c999.jpg,2,42.742614,-8.961322,2,42.70811,-9.01727,5.9670978,5.76421,0.7372016,0.07673812,0.72165585,0.80462307,8.2612095
fc21b90c3dbf434293f4a43187284cf6.jpg,0,53.07766,30.272276,0,53.10895,29.66455,40.729153,19.011429,0.7684114,0.018710315,0.75498044,0.82213527,40.729153
fc51d94aadc949469bac4bcf9e80bbd4.jpg,5,54.466247,-5.964945,5,55.748647,-5.050611,153.99734,1.5763445,0.7209726,0.0011344552,0.6748113,0.9259562,274.38284
fc57f74ede7b461185c18d7554d1ad04.jpg,2,42.19732,-0.315043,4,45.144669,-0.479978,327.99884,15.607759,0.72108394,0.015531242,0.69616836,0.82074606,327.99884
fc5f23bf58fd4ef298c60bbec13ad1e1.jpg,7,37.257603,14.504876,7,37.255172,14.497794,0.6825908,0.6825908,0.82574457,0.065107524,0.81095564,0.8916172,78.197655
fc7a991b5dc043e7bec336fdb8e8a690.jpg,2,38.743157,-1.682322,2,38.828085,-1.751089,11.167277,3.5514932,0.9284354,0.012546182,0.91875005,0.9679206,16.402788
fc7b489b69c44d2387cfce73d471c916.jpg,3,62.52329,22.731959,3,62.52898,22.73356,0.63800836,0.63800836,0.8558931,0.01229918,0.8309394,0.9672472,67.03542
fc7fc0abb0964c87842b716a8495c52a.jpg,1,53.664496,10.045136,1,51.077885,13.833644,385.73688,35.615036,0.66366804,0.01534462,0.62217057,0.8386302,107.05857
fc846adf827040a5901e9c3b22c69f55.jpg,4,50.355237,1.733259,0,53.733242,23.818957,1549.5366,17.272545,0.70794797,0.025664985,0.7127084,0.78876925,762.60834
fc9bf866dd674fe4b8a0039fe8d6e3c6.jpg,9,53.472505,19.348571,9,53.488128,19.349458,1.738192,1.738192,0.6870533,0.006277263,0.66968644,0.8003038,154.27725
fc9d2daf9b114c69af8e87f6ba5531c4.jpg,10,64.337785,20.51857,3,64.380888,29.053629,410.40033,24.388464,0.779209,0.0025304556,0.7712124,0.89938104,394.55722
fca65da7c8a947fe9d7d35070e98fb21.jpg,7,38.021491,12.786637,7,38.088568,12.753031,8.018053,8.018053,0.7154454,0.09556866,0.69327044,0.804145,8.018053
fca934e6840346cd9acd771046fff6f7.jpg,4,44.173996,5.901285,7,44.861659,7.301967,134.82944,4.976102,0.6590801,0.0034796596,0.63026524,0.8790187,32.201626
fd04fd7cbd044ce6b48b54fe2a36ff7f.jpg,1,52.906032,13.501122,7,45.37427,10.699576,861.758,290.54834,0.6815278,0.013542712,0.68043387,0.85698855,1038.5471
fd2d123dd38046d7b216322b18ca1e4c.jpg,11,36.456401,34.128786,11,36.362004,33.946935,19.365221,3.0497265,0.83168745,0.047843218,0.80175126,0.9514323,19.365221
fd537341e1df43cfa1794a2d0cc3e557.jpg,3,66.602971,28.973661,3,66.598129,28.989443,0.880679,0.880679,0.87205565,0.013697565,0.84498453,0.98034,0.880679
fd574e3ad53f4d899d2a63fc60174c3f.jpg,11,37.202984,39.221144,11,38.615044,27.668099,1024.9423,37.000916,0.66249764,0.014542878,0.6657046,0.7574404,2255.6455
fd84a6ec9319410fac588fbcaac4d54f.jpg,2,41.115125,-3.847091,7,40.512732,16.476217,1707.7708,20.431145,0.626529,0.008341074,0.60805964,0.77932966,2835.3975
fd9ed9f6619945e4b36dc04e0b49ae1d.jpg,10,66.379676,22.69366,10,66.678486,19.831315,131.0342,10.374024,0.7905691,0.0021224618,0.7581384,0.9618753,131.71118
fde7238e1488452f88b3c2c4e0885709.jpg,6,65.614705,-19.35467,6,65.757099,-19.273952,16.259058,0.5674928,0.92430556,0.0038083196,0.9105389,0.98540187,0.5674928
fdf29224984b4952b26c6189ea37b078.jpg,1,53.325766,8.063658,1,51.671062,9.443881,206.34872,19.524723,0.72544974,0.013042927,0.68747616,0.8897928,216.54547
fdf339cd3d71461ead52b221fb91a3ff.jpg,0,52.037737,29.454729,0,52.21648,28.554789,64.56806,1.5349852,0.82130575,0.00066655874,0.8024124,0.896879,64.56806
fdf698d2922b43a38a0e21981e1f4bce.jpg,2,28.070307,-14.420452,2,28.074514,-14.424764,0.6307286,0.3061269,0.9129032,0.0136656165,0.89571065,0.9816732,0.6307286
fdfc553f08ed4ac796a9997d3904c049.jpg,2,41.101402,-1.187275,3,62.867699,21.710726,2849.6682,1158.5963,0.71522695,0.008260906,0.69132185,0.84798765,2888.128
fdfeed4450274ca282157457d2ff5538.jpg,11,40.786514,35.678883,11,40.727107,35.78075,10.828433,8.169153,0.876348,0.04496926,0.8600071,0.9417117,10.828433
fe0a4999d99a42b38ba57d1fdf8d38f1.jpg,9,53.796838,15.015389,3,60.527143,27.549274,1060.3058,120.25919,0.66142654,0.007945895,0.6624761,0.75260574,597.7757
fe366f89cb694c74a9a8207040eb112b.jpg,8,58.489714,5.904369,8,58.215533,7.927071,121.8797,0.4527582,0.6900693,0.01287818,0.6459706,0.8703883,543.4107
fe4e7b98eb6a44d8b28f07912dff0d5f.jpg,9,53.158329,19.180374,9,53.737002,21.607902,173.14626,1.3028693,0.69184434,0.033349574,0.6676415,0.8812189,109.047195
fe5a1aa034954ecab7a2abeda0aca49b.jpg,3,63.613929,29.189811,3,63.484984,28.823582,23.121414,0.43978807,0.853226,0.053916395,0.83070654,0.9433036,23.121414
feced543964546e3a63b370c8c24406a.jpg,3,68.015487,25.193544,3,68.010763,25.187895,0.57552665,0.57552665,0.94544744,0.008235633,0.93385875,0.9918023,0.57552665
ff370b704eb74415b345ce13a68ecd13.jpg,11,38.753316,34.750635,0,52.212441,31.532717,1517.0742,60.628647,0.7335671,0.014102936,0.7309022,0.82495147,618.8055
ff3e11af7a324d37aea0cd096bf54c37.jpg,9,53.657928,21.345181,9,54.300536,22.633293,110.45382,2.595547,0.6776615,0.029099226,0.64642787,0.8025959,110.45382
ff6a3e3e601e4fc98ac6d7976dcc217f.jpg,5,52.417762,-3.560485,5,52.087129,-3.678146,37.62708,14.761291,0.7908857,0.06429112,0.7684483,0.8806351,37.62708
ff716ca1eb7849899a91ccb369497ad3.jpg,5,51.447481,-1.248135,2,28.723323,-17.785369,2876.892,54.475777,0.69258016,0.015146077,0.6641903,0.80613965,2876.892
fff07b52c14d483890acb3cdda6e6f26.jpg,10,65.641953,19.68753,10,65.6474,19.698702,0.7932873,0.7932873,0.9082663,0.01368016,0.8903245,0.9800336,0.7932873
