filename,true_country,true_lat,true_lng,predicted_country,predicted_lat,predicted_lng,distance_km,top200_oracle_km,top1_similarity,score_margin,top1_local_similarity,global_top1_similarity,global_top1_distance_km
000f2b81d53847fa840df9bd0d59f9cf.jpg,9,51.659431,17.800406,9,51.623804,17.772306,4.4106417,0.5800053,0.7328446,0.027041554,0.7396059,0.81372476,215.06621
000f306e85ea4f5ca0ba89e76b6d698b.jpg,3,67.673233,24.221374,3,67.628428,24.204299,5.0341344,5.0003805,0.7754274,0.0010336041,0.79197997,0.7727317,646.9814
003e7647a298476f9a6d86b43aa613f3.jpg,5,52.771584,-2.733232,2,41.623925,-3.05308,1239.797,71.98653,0.64317757,0.0034511685,0.6405103,0.76055694,1237.1108
0041ded3d11848a29e1b5f3e2a795dbb.jpg,9,51.776288,21.16491,9,51.706416,21.022276,12.522484,8.940813,0.72669595,0.005238712,0.7472365,0.7646634,1629.1659
00440e61758940c089a060199d0820d0.jpg,5,50.37843,-4.942082,5,50.337254,-4.643967,21.63863,0.61901873,0.76270354,0.008276105,0.7443463,0.8614243,21.771511
004d6a54456c4568accb522ab7ef6736.jpg,0,53.483668,26.399052,0,53.445583,26.508028,8.365014,1.7539173,0.80864763,0.0027150512,0.78367084,0.9134658,1.7539173
004e2663dd664c728eee9b671633815d.jpg,7,39.079642,8.418951,7,39.090338,8.387709,2.9471657,2.199689,0.8040328,0.013900876,0.76690286,0.9572519,3.0360868
0050602ff67c4226940f39601ead69fd.jpg,1,51.058411,14.616768,1,47.805091,10.264952,479.31454,15.5805,0.69336855,0.032990277,0.6748466,0.7893851,272.93216
005658d1ba634559a38d1c7ebdbf7f21.jpg,11,39.125923,30.16177,11,39.16591,30.142768,4.7387037,4.7387037,0.85458773,0.05609107,0.85166657,0.9199141,94.58743
007111be52084672b8eed21fa7298449.jpg,9,50.379338,19.758415,9,51.704219,15.607054,325.4212,21.19355,0.7062275,0.005301714,0.68913,0.8424151,76.297165
0087f52cd0b9428b9b8f1576f3bf91f0.jpg,2,39.351556,3.132722,2,39.37136,3.147322,2.5347126,0.7568038,0.68154603,0.014651835,0.6792085,0.77280605,2028.6819
00937a4d0d6b4653b84e010a74a70afb.jpg,10,55.735412,13.860623,4,44.224642,2.772608,1501.5206,1.0420785,0.74034995,0.013206899,0.71159595,0.8553659,1501.5206
00bf755ac0f84c9d90fc5a4f7ee74ba5.jpg,10,58.281304,12.745366,8,68.416129,14.678166,1130.9196,21.479366,0.7147849,0.0061488748,0.7248396,0.85695887,347.1145
00d4d532911b4b98a169f0ea1b7a2c3d.jpg,7,46.826268,11.935988,7,40.75062,17.646696,815.9203,28.207605,0.6055666,0.0017989278,0.5850014,0.77835304,121.707985
00e55fccb2f94dd5aa2e35eb423543da.jpg,5,58.538793,-4.297489,5,58.485135,-6.254417,113.80979,3.804484,0.7631348,0.01536274,0.73524255,0.8747035,113.80979
01204bb1cc974cebb6b59957b76bc699.jpg,1,51.46135,14.74825,1,51.495669,14.680962,6.0230722,6.0230722,0.80192846,0.07351959,0.7858153,0.8663809,6.0230722
013dab95aed1425185b471f4ec69f0ca.jpg,10,57.972152,16.238288,10,57.764582,13.363805,171.54575,89.91312,0.6433437,0.0024166703,0.624894,0.8250431,150.516
01615a38a6d54005a77a7aef896b5b9c.jpg,7,40.534118,17.482498,7,40.780925,17.583224,28.728931,6.371397,0.7279812,0.017222583,0.69364905,0.91369987,177.39828
018a7fe033084603bd87c0a255fcd5a4.jpg,5,57.5645,-4.440971,1,49.802499,7.254314,1153.6222,31.219564,0.78193396,0.032310367,0.7802452,0.79663396,1240.7911
01b8c8b205c6494d998861669217921a.jpg,10,56.885884,14.229187,10,57.618745,15.515687,112.37422,33.863655,0.7596304,0.039173663,0.73593277,0.8544206,112.37422
01e3915d80cb4799942e0d86839d45b5.jpg,8,70.176525,23.895657,8,70.179302,23.9321,1.4083989,1.4083989,0.9810099,0.013035893,0.9769512,0.9972446,1.4083989
01eab2f6b6bc415b96db6aa460c5b7bf.jpg,3,63.123632,22.698514,3,62.552665,22.034549,71.87925,1.1984222,0.85846937,0.002595663,0.830073,0.97392654,80.01845
022f1af55c6443ac9bd4462ec77c28c5.jpg,8,65.832434,14.891018,8,65.841438,14.814617,3.618729,3.618729,0.837372,0.0036965609,0.81166136,0.9402144,3.618729
024f8bbb735344c2a20ba35ebbd04a04.jpg,6,65.364323,-14.850339,6,65.362214,-14.866272,0.77488333,0.77488333,0.9503633,0.015466511,0.9431298,0.987018,14.887933
0286769eb75846c3b56da0fd12ea2c0a.jpg,10,61.664889,16.058077,10,61.66414,16.058122,0.08331897,0.08331897,0.82175386,0.023631275,0.784442,0.9710011,0.08331897
029301fc439f441b8ae3069a8cde8bd8.jpg,5,52.122193,1.350357,5,52.145155,1.259349,6.715933,5.020893,0.6933968,0.0076900125,0.6847403,0.8287561,884.43164
029e81ada9364b89aa7de702cf506c14.jpg,1,51.044009,11.542572,7,44.850019,8.512352,724.6117,48.513004,0.7138674,0.02829963,0.70904875,0.7853371,1177.5656
02bd464c45204d89b79820055f487f68.jpg,1,49.734777,11.693424,1,49.842917,11.662596,12.226595,12.226595,0.7533761,0.00195086,0.7295119,0.85287344,711.4215
02c6013afbed4707a6b0c5bfd58bba2c.jpg,3,67.674354,24.220713,3,67.628723,24.204512,5.1199713,5.1199713,0.8472922,0.0016176105,0.83933383,0.8971791,5.153686
02c6972865ba4b38911fad8198854591.jpg,7,39.046161,8.424981,7,39.062047,8.433358,1.9088093,0.6543581,0.7651178,0.0023617148,0.7388454,0.8934588,3.5756266
02cd0122233b4402b3fcfd4894ef09e9.jpg,6,64.845934,-13.78368,6,64.846705,-13.78282,0.09487883,0.09487883,0.9293446,0.021589875,0.9156721,0.98403454,0.09487883
02e0c2065d3449feacb4b0b81eb6e89e.jpg,8,58.999442,6.087284,8,59.194105,6.133937,21.80892,21.80892,0.77275187,0.05237502,0.74783045,0.89761555,31.198116
031de3dea94b44bd99a7730837ad0bc0.jpg,1,52.249845,7.641704,11,40.989824,31.202115,2176.1729,41.207184,0.709092,0.04237604,0.6913738,0.829953,948.5362
034522568c2b4a1aa0ee9d3cfcd16ceb.jpg,10,55.617004,14.199052,10,55.897707,14.195552,31.21356,23.864033,0.72235906,0.016565144,0.6950794,0.83147764,31.21356
034a22002d0d414e9147a873a065d059.jpg,9,51.29785,22.142687,9,51.307027,22.118108,1.9902451,1.9902451,0.7345798,0.007818043,0.71308255,0.82056886,1.9902451
038210b687c94694ac5bccdc77a48f61.jpg,9,54.729503,18.23875,9,54.777025,18.237397,5.284926,5.284926,0.6558039,0.007842004,0.6601528,0.7839925,1119.7379
03873c399ab0473898be6b7749405297.jpg,5,58.062623,-5.016091,5,58.065262,-4.982217,2.0139327,2.0139327,0.69451785,0.01241684,0.6907375,0.8179736,58.224937
039af00417e34a63a272eef398da30ea.jpg,7,44.415407,12.030543,7,44.43695,12.004107,3.1851726,3.1851726,0.7820317,0.022612989,0.77045256,0.8761349,233.068
03afa1a25f3740b28637e64ffd368af2.jpg,1,53.454319,8.344698,1,53.45502,8.344848,0.07857792,0.07857792,0.8289976,0.10128474,0.81910014,0.90204203,193.19817
03f24504e5654a91bb92a7d4fe8845cb.jpg,1,53.439991,8.340358,4,50.22624,3.316372,496.63354,83.805595,0.65990895,0.0010883212,0.6269636,0.81496185,515.77136
041706580b224db6866e3b762fc2bf72.jpg,3,62.530215,28.540799,3,64.25866,29.170698,194.73502,11.877064,0.8506664,0.019141972,0.82695997,0.950847,98.18202
04267539a7b64e52bb6bc5eb0180fdbf.jpg,2,39.485393,3.158413,2,39.36108,3.128669,14.057117,3.915002,0.81225246,0.0066369176,0.79284,0.9216063,11.116548
042ebf6ccf084d6eb0d8dc69c49cd455.jpg,2,40.05615,-3.071862,2,40.381443,-3.478168,49.984497,44.1501,0.7059701,0.065390885,0.7018986,0.7222563,49.984497
044d2f201efe46409ea542a3f80be7a3.jpg,7,46.640468,11.686222,2,39.321286,-0.410527,1274.4763,146.67099,0.6899217,0.0018665195,0.6633694,0.8478941,1290.479
0457cf63deb04551bdae61b497339dad.jpg,11,36.901781,28.273484,11,36.922274,28.280009,2.351405,2.351405,0.7069013,0.011486292,0.7176647,0.7548733,2462.7102
045cf067c8d54f42800e777f015cba32.jpg,9,49.3573,19.036121,9,50.427603,22.746244,291.15997,47.871086,0.7408041,0.003806889,0.71734416,0.8346435,291.15997
047473be4af246d6b0657e021857c584.jpg,7,44.559117,7.160927,5,49.998709,-5.21269,1110.1251,230.24765,0.7046098,0.0017341971,0.666002,0.86572504,1105.8157
04d131ec538b46ba8d68de0af396242e.jpg,0,55.16685,30.316846,0,55.167441,30.312024,0.31323043,0.31323043,0.8731899,0.22813678,0.8669479,0.89815784,0.31323043
051ed89945584dbc845e74defa7874cc.jpg,3,63.536019,25.748219,3,63.33134,25.607443,23.811684,6.5479493,0.91733825,0.0013229251,0.9031062,0.9783393,40.024925
0552a2f3597b41e4acb8c7dc460ce711.jpg,8,64.702727,14.059561,10,64.742749,15.802441,82.869225,13.189577,0.81043124,0.032933176,0.7957374,0.87429583,608.92236
0562251be34d4897bb2713ade1341d3e.jpg,0,55.015351,29.406464,0,55.527597,28.815137,68.172,2.537256,0.90269434,0.0005208254,0.8847079,0.9801069,70.89726
057da527503d45cfb5bab9d39611fa09.jpg,9,51.654388,21.585578,9,51.581611,21.773624,15.298486,15.298486,0.7628449,0.0008929968,0.7941309,0.77418274,1027.645
05b366f380de4e16af0834b45f54d98f.jpg,6,65.074921,-21.107756,6,65.094961,-21.09051,2.3702714,2.274257,0.817787,0.032921672,0.79030436,0.92771745,2.3702714
05b6baac717a46eb9a409a5cb5d3e7f3.jpg,7,36.82738,14.532361,7,36.843245,14.457916,6.856172,2.8033764,0.8246084,0.049467444,0.7942017,0.94623506,6.856172
05c63dc4e02f49548153607818e61714.jpg,1,47.517677,10.287084,7,46.044427,11.531352,189.23694,89.65952,0.6740506,0.012422383,0.652381,0.8647996,1199.8604
05f96720d56a426e98f1731fa86088fb.jpg,7,40.170046,18.465592,7,43.013803,11.910282,629.9462,18.104593,0.5788376,0.007411778,0.57007396,0.7774025,415.97156
061c47e7b5f8422a9eabd8bce82ce7e8.jpg,3,65.875342,25.589188,3,65.889458,25.672381,4.09286,4.09286,0.9152739,0.060149074,0.8969896,0.98841083,4.09286
06213ba7082d4e4c9bfe58075df5ecdb.jpg,9,54.327182,17.281965,9,54.233978,17.47706,16.364988,13.661449,0.7177696,0.008079648,0.6977583,0.7978147,16.364988
062ba9f2d82841ec93fc441df69677e2.jpg,4,44.650906,2.271396,9,49.97559,22.024228,1596.5579,302.84595,0.65213895,0.011760473,0.65352786,0.70818835,842.1947
0660a5f1d0ab4494b248f4266126f7e9.jpg,1,52.429465,7.036078,1,53.231996,10.225927,232.10849,8.955908,0.74891216,0.013985395,0.7236366,0.8523767,223.58403
067095dd704b4b368d3e489913525b8a.jpg,6,65.204165,-13.814302,6,65.191485,-14.013813,9.412358,3.194345,0.7297534,0.0070934296,0.69377106,0.8736826,9.412358
0676cc142ee94ff4a8fe5e890db0a351.jpg,11,39.904398,42.342804,11,40.012655,42.210837,16.474777,15.796722,0.77828676,0.011855066,0.7355203,0.94935226,16.474777
067ae679d02f4287bda87f93198b1cd6.jpg,9,51.503922,23.561949,9,54.301681,22.635894,317.2289,1.564175,0.72989094,0.00015455484,0.7076608,0.8706993,479.10907
068510bd864f4ff2b465cb110c24e44e.jpg,6,65.771567,-17.177925,6,66.173782,-23.431785,286.53235,9.800238,0.8140786,0.0003156066,0.8031367,0.90425193,223.95445
0693de559a1f4e60a4c7e7ea619de42f.jpg,6,65.99501,-17.378977,6,65.841824,-17.295279,17.45171,13.919938,0.88775873,0.03563887,0.8651661,0.97812927,17.45171
06b275171c56453aba2b0f0db055965b.jpg,11,40.101248,31.548031,5,53.126262,0.29747,2759.1775,22.428383,0.8017774,0.049315512,0.78230524,0.8796661,2759.1775
07407d6170c842ff8633e059613ed804.jpg,0,53.399106,27.105411,0,53.397301,27.10569,0.20155771,0.20155771,0.8277874,0.12577301,0.8198449,0.8595575,0.20155771
07458b25a7044a7fb0d6c07f14d72810.jpg,6,64.909716,-23.795982,6,64.912407,-23.800747,0.3741811,0.3741811,0.9278836,0.113559425,0.9145721,0.98112977,0.3741811
078236cc48044df7923c03df10a0cabe.jpg,1,51.960149,9.088797,0,52.561028,25.039784,1085.444,133.44202,0.69349,0.0066195726,0.69039714,0.83994174,1190.4028
07df25b84a9548328ffb16c096efdb55.jpg,4,43.630315,-0.931072,4,43.674455,-0.975548,6.074046,0.40224448,0.8451802,0.007166922,0.83740366,0.8762862,6.074046
07e09c7c49ce481f8e49b217f1d20617.jpg,5,54.630499,-5.784231,5,54.622706,-5.764378,1.5440463,1.5440463,0.6499377,0.001251936,0.6693289,0.722993,835.6897
07eb572d9b384b6cbe4cee9fe9b1dd00.jpg,7,36.815249,15.069422,7,36.816285,15.049098,1.8128871,1.6725924,0.77922666,0.033207178,0.7523562,0.8867086,1.8128871
07fdc0a3ad394e6e92290c39c9278332.jpg,4,43.697254,6.851151,4,46.611409,4.889067,358.68054,55.731327,0.6543067,0.0031155348,0.65068686,0.76420456,448.81415
081a65cc23014d8b877041aa86ef88a2.jpg,0,54.654211,25.991482,0,54.584442,25.889414,10.167076,9.105371,0.8395588,0.05398494,0.8171698,0.9291147,10.167076
0851331bf1014e9c9f758a4be29563bc.jpg,2,39.636156,2.650821,2,39.512192,2.767183,17.013826,8.228865,0.8278761,0.075939536,0.80653274,0.9175538,38.99711
085bf54b476d454b988952c0ce641fc2.jpg,5,53.547693,-0.01455,2,28.049492,-14.331906,3067.4863,50.79285,0.7561061,0.011621654,0.7605696,0.79845023,3067.5198
0873d00a658c4c1298f52456effdfeeb.jpg,7,45.186569,11.238827,2,41.951466,3.091191,748.01184,11.863962,0.7055936,0.010969877,0.70489836,0.80051583,113.91695
0888345ae8664ac9b29d053585a8fa68.jpg,8,64.743564,12.846071,8,64.743823,12.846214,0.029587887,0.029587887,0.93548054,0.06256652,0.92074406,0.9944262,0.029587887
08a1453036f94a9887a0a8ce62a226e8.jpg,5,56.98482,-4.873062,5,56.85582,-5.030483,17.234669,6.3161197,0.7470146,0.020695508,0.7240226,0.83898246,17.234669
08b0bcc485d345e6b1a464052512d97a.jpg,7,44.630656,12.240758,2,28.049492,-14.331906,2987.267,106.9112,0.7264242,0.025030315,0.7253611,0.7897426,933.1875
08be0ea1af9143899029ca76a7328c36.jpg,9,53.036349,17.428155,1,51.794413,11.596427,418.78653,48.1137,0.76128244,0.02800411,0.76288915,0.8685976,446.0741
08c327273339458e99658b64b96ee7d6.jpg,7,37.338032,15.041791,7,37.021027,14.409258,66.20295,1.9599293,0.7559632,0.030470252,0.7266467,0.87322927,66.20295
08f81d5b8ef944f0a6fd6b0dd85fde4e.jpg,11,36.838576,35.627548,6,65.03781,-22.754768,4880.8066,3.2842155,0.7052544,0.017688036,0.72230315,0.74519145,2901.48
091b9952f1714d638b537fa2ff6d1153.jpg,6,65.429899,-20.592736,6,65.42946,-20.593079,0.05132619,0.05132619,0.97573507,0.053555667,0.97067267,0.9959845,0.05132619
0921848fae494c73b87e661567872aa9.jpg,4,48.358327,3.984238,4,50.045754,3.229318,195.48288,26.607916,0.7211807,0.009521425,0.71835613,0.801019,449.34412
0933fe88fc53443489a88c553c0a69d7.jpg,11,37.110762,30.616313,11,37.228447,30.503555,16.464008,5.6629195,0.79221076,0.059880674,0.768368,0.8875817,16.464008
096c28b6bfd24895b1e7b5a798359304.jpg,0,55.316826,29.447743,0,55.032563,29.304935,32.883762,0.1748925,0.8804806,0.0013868213,0.85825044,0.97314996,0.1748925
097943d29b294cd0bc4dab8afb128c04.jpg,11,39.227694,33.030882,11,39.446009,32.865233,28.147005,16.066296,0.7620233,0.049815178,0.7407372,0.8471676,28.147005
0989cb2a60184aeb9a3553303a95fc9a.jpg,10,60.080713,16.013748,10,59.980547,17.157321,64.4892,7.1349216,0.8172239,0.017882109,0.7801239,0.9747158,38.754314
09a1b6fd80274a3898648e5384f56075.jpg,1,51.788599,12.82498,1,51.64054,12.589013,23.137104,15.61215,0.761734,0.008214891,0.7374967,0.8586831,23.137104
09ae5e5717b3459f8e36bda782ba6032.jpg,1,50.497641,12.974836,4,45.22711,-0.57373,1165.8069,54.008648,0.6382178,0.0001000762,0.6220152,0.8043435,1425.7482
09c2b2161fb1443d9e1e37d46066dd9d.jpg,6,64.369062,-15.312567,6,64.368309,-15.315474,0.16298069,0.16298069,0.76309764,0.025545955,0.753062,0.83223623,81.71059
09e592829b1d4b7d951cecbfc69ef90b.jpg,5,50.59528,-4.745895,5,56.796561,-5.065104,689.87006,8.24548,0.65535074,0.0003542304,0.64326286,0.7748669,88.32998
0a8fc2744333480ba277d7172bd16f03.jpg,11,38.416976,43.233638,11,38.307038,43.01549,22.609753,4.897404,0.6545089,0.007619083,0.62455267,0.84891295,925.66736
0a9e4bfb45c74d69afa1595cb75794b4.jpg,5,58.514496,-6.259057,5,58.513234,-6.255527,0.24843685,0.24843685,0.8440423,0.016644418,0.824756,0.9336482,0.94137686
0aa1c10cee0449919576a351ab492229.jpg,8,64.643619,13.837867,10,62.229384,15.173057,276.52362,0.7895035,0.78911185,0.0023400784,0.77369666,0.8712478,601.3711
0aa4ffe4e3f844d596c65d3336536344.jpg,5,50.466304,-4.700678,5,50.58229,-4.703927,12.899117,1.2786806,0.8263862,0.0072016716,0.7941366,0.95750463,9.682797
0ab06fd094e4402e9e9332dbcaee7d96.jpg,6,63.456382,-18.634777,6,63.463021,-18.61233,1.3374684,0.37261337,0.9344166,0.03694743,0.925656,0.9694587,1.3374684
0ab351d2784b4c0a8600d942274821b3.jpg,0,52.887352,30.670181,0,53.092916,30.511326,25.209738,13.531471,0.71067864,0.007396877,0.6888706,0.81000614,15.479129
0ad3f7b27f734671b94f5685342683be.jpg,5,56.189525,-3.204667,5,56.626356,-2.525955,64.05324,4.9292016,0.7339216,0.004080236,0.7423517,0.78581,929.5971
0ad57f08cbdd480a898fa35bbb967b36.jpg,3,65.81924,26.549113,3,67.336016,24.906071,183.61424,8.0935,0.81678784,0.0011565089,0.78946877,0.94113076,8.0935
0aec1cd7de6744e0ad957b6a199dbc84.jpg,1,51.734504,9.775652,1,50.486272,9.963309,139.414,23.926615,0.66497827,0.010217249,0.68887746,0.6719795,681.2493
0aeefa2e3da14ecc91c0476bf92eb341.jpg,0,51.694168,29.13805,0,51.666827,29.123838,3.1941903,0.028827248,0.9541412,0.00045019388,0.9464702,0.98482513,3.1941903
0af6e0b5482745168dc2fa8f5725edbc.jpg,3,67.077335,26.562892,3,67.198057,26.67986,14.343286,14.343286,0.8633382,0.008658648,0.84740597,0.9270668,14.343286
0afc823f538844a1a3ccf522b0ec62a2.jpg,5,53.782007,-2.711086,5,53.781129,-2.710831,0.09905638,0.09905638,0.75801945,0.112617195,0.7191613,0.91345227,0.09905638
0b047691aaa54880bf4aa851d2e6eca2.jpg,5,52.434806,1.466523,5,52.413651,0.723316,50.44994,13.965463,0.7632338,0.00595963,0.73553145,0.90547216,174.6154
0b3fbc45dead4f8a9942b65b5929235e.jpg,11,39.113367,35.665832,11,41.485609,31.834918,418.40848,14.745053,0.6173288,0.0027299523,0.61665154,0.72435474,1668.9448
0b526a2aff29442ab50b46210a9a8cb5.jpg,5,59.025661,-3.272149,5,59.093421,-3.321005,8.035635,5.2930083,0.9233235,0.027443886,0.907979,0.98470134,8.035635
0b7afd8b5db04ae68eb5410a8899b85b.jpg,7,45.411884,7.687384,7,40.787341,16.555149,883.91113,24.370428,0.6494069,0.0045208335,0.620623,0.8434349,977.00104
0b89b2882bf7436e8eca0440582e0a49.jpg,5,60.776725,-0.826717,5,60.777798,-0.826542,0.11968997,0.08981042,0.8899591,0.04824692,0.88215303,0.92118335,0.11968997
0ba5031a0621437f9f35df96b2f63764.jpg,4,50.377558,2.089803,9,49.876104,20.242047,1291.986,25.410664,0.7295201,0.019696057,0.74508494,0.7702207,598.97974
0beed69c7baa43af836c3e9550a57e89.jpg,10,65.635883,19.671551,10,65.641953,19.68753,0.99634534,0.99634534,0.887421,0.013640642,0.86976576,0.9585761,2.7790956
0bf728691c3e408e934b2f2c1efddb78.jpg,7,39.605362,16.679942,2,37.167563,-4.552014,1865.8372,0.9913835,0.7203402,0.00095921755,0.7168654,0.80932456,1513.1191
0c0be5e4b92146a58350ea47671587d4.jpg,8,68.227348,17.441107,8,68.400193,16.806699,32.386387,2.5215967,0.8077245,0.008334339,0.7727351,0.97347933,91.91606
0c4d978580384ea397396cf93c9c9fc9.jpg,1,49.205723,7.076011,4,48.316771,6.495734,107.60905,32.729897,0.6865462,0.024550974,0.69326127,0.74322724,856.00836
0c67ae13e314430aa3fba65cd6a9834f.jpg,10,65.6474,19.698702,10,65.641953,19.68753,0.7932873,0.7932873,0.8977178,0.031805992,0.8809667,0.9647219,0.7932873
0c72149df74043318248fe18bf1b8f07.jpg,7,41.090086,9.234108,7,40.930937,9.36785,20.954678,9.840474,0.7607768,0.0011460781,0.74460995,0.8655342,23.778748
0c8cb221476145e99cd2214b58892ebb.jpg,3,61.473663,24.321437,3,61.457804,24.746751,22.65972,7.383609,0.74980694,0.03058815,0.7137545,0.9335736,18.560968
0cab38b04be143e3b68e1e00185ff1d1.jpg,3,62.924687,21.745879,3,62.590906,22.753056,63.288883,3.96703,0.71138465,0.017155051,0.6887732,0.8355659,8.915481
0cd592f90b2347c7881e892b18d071d0.jpg,4,43.699774,4.537026,4,43.695075,4.540955,0.6105607,0.6105607,0.9003998,0.12464726,0.8916836,0.9352645,0.6105607
0d3cf4a38f3a45008a4ac6d8ccdc10fa.jpg,5,54.419356,-3.080131,5,58.556486,-4.706181,470.6986,31.176237,0.69168186,0.013752937,0.69067574,0.7551066,761.293
0d3d4026bde849df9389669d216d446e.jpg,11,38.607953,41.150279,11,38.20074,41.09863,45.503193,4.5005493,0.8176442,0.012903392,0.81292325,0.89342695,31.637796
0d63848f9a6341d381bdcee6e75004ef.jpg,10,67.423026,22.42199,10,67.730799,20.684616,81.245415,4.8426948,0.8692049,0.049799263,0.8494114,0.9483786,81.245415
0d92a782a296458aa3523db4508a3250.jpg,9,50.638338,18.479008,9,51.591838,17.720545,118.506615,7.8158174,0.6835457,0.008085966,0.6834247,0.7810663,196.80573
0d9ed343104c4f58be80b1b9c4182c89.jpg,11,39.559239,40.033464,11,39.561066,40.029479,0.39746162,0.23065789,0.90904546,0.005690515,0.89069045,0.98678017,1.0330113
0d9fe9dddb434f9c80de31877b94a9b2.jpg,7,43.80519,10.722652,7,43.8111,10.727295,0.7554323,0.7554323,0.7949672,0.034757733,0.78071284,0.85198444,0.7554323
0dbf5964fd334ed7af85de2e3434cd78.jpg,6,65.89799,-18.067247,6,65.909654,-22.988628,223.36525,0.43444717,0.7077011,0.0034844875,0.6803577,0.8653444,213.62326
0dc35990126c49408a55bdd131aa7c1c.jpg,3,64.224445,29.361985,10,65.314309,15.858111,650.1037,16.24443,0.7981241,0.039436758,0.8030409,0.88861775,858.2867
0dc41582c308419d9c2247fa71e2ffd1.jpg,11,40.993334,37.875734,1,49.750467,8.528452,2470.4597,1564.7078,0.64905226,0.0010968447,0.6168517,0.7913423,2343.955
0dd289bf834a456797b665980a7915f7.jpg,4,47.969257,2.169446,7,45.652006,11.388946,746.8745,98.282036,0.6439248,0.0070010424,0.6443703,0.7257016,473.7588
0ddae775a65a47e5ae08e3d88bcd724a.jpg,10,63.809388,14.385587,10,63.821629,14.39159,1.3926436,1.3926436,0.87644684,0.043447554,0.8543849,0.9713508,42.861298
0ddb618eb4ee47e48ccd6563369a0eba.jpg,0,51.992676,30.469642,0,52.986032,29.816624,118.975586,6.010697,0.8268332,0.011449099,0.8130614,0.8819201,118.975586
0de387c61ad942608c9e043aba0eb2e8.jpg,0,52.740559,30.777972,0,52.766799,30.759434,3.1733015,3.1733015,0.8774867,0.015215397,0.8660064,0.9487934,4.326941
0dfdabdcf0cf4487881f5c67963c44fb.jpg,0,54.090335,28.270595,9,51.480548,22.084133,506.96646,5.550295,0.69564193,0.002973318,0.6912886,0.8232986,500.24402
0e22c3256a7f4ecfa30298161e339fda.jpg,1,50.402256,8.233741,8,60.276865,6.375572,1104.1646,182.55424,0.64112794,0.0018485188,0.65500003,0.74450576,935.09296
0e24931aaa6a4fb9b95dedead3095361.jpg,10,67.844216,20.40036,10,67.711093,20.740547,20.586044,0.18535534,0.81544894,0.01590848,0.79146975,0.9113658,20.586044
0e32d091580140c5bd99315d84ecbfde.jpg,5,50.128064,-5.566661,7,43.183755,13.394224,1633.7391,0.5529276,0.66820085,0.0037326217,0.6761105,0.77039236,347.64563
0e39957bedb745a6baa2eba6675edcc4.jpg,4,44.415,5.676949,4,44.485385,5.385263,24.440346,21.98191,0.65621006,0.025086045,0.6306785,0.75833654,24.440346
0e4c3f605f5847949a5a548530eef768.jpg,3,63.017775,29.71258,3,62.98714,29.761209,4.198729,1.320559,0.85403883,0.005742073,0.82698107,0.9686037,55.574192
0e51f7adc09f4118a7f328ecd0f4dd0e.jpg,7,40.977626,14.846478,7,40.997245,14.835634,2.3638036,1.7976034,0.7112703,0.023956954,0.74534917,0.74747515,564.7275
0e7251646da247888031f56b22277969.jpg,7,45.709286,9.873363,7,36.841353,14.460171,1057.4766,4.5883102,0.7594273,0.021306157,0.7309932,0.8731637,1057.4766
0e7589d51d8444c4a1ec3fd448bfe233.jpg,9,51.448208,22.497414,3,66.599493,25.964024,1695.753,2.0385141,0.7460456,0.0002925992,0.723555,0.89020634,2.0385141
0e9cfb53411c4cbbbca8d17f78910a51.jpg,6,65.723605,-14.778215,6,64.532691,-21.609992,345.6376,3.6515706,0.7292298,0.029117882,0.69711435,0.8896523,376.11548
0edfdadbbeea48b6ab4cb7ca42f2dc1b.jpg,10,58.994291,16.608067,10,58.964634,16.605987,3.2998657,3.2998657,0.75623137,0.043710053,0.72714347,0.87258285,3.2998657
0ef93e2fe50b4be2b7112a87d0aae833.jpg,8,58.902235,6.855525,8,58.902943,6.856785,0.10693148,0.10693148,0.78576595,0.057781577,0.76469916,0.87003297,0.10693148
0f0586f2917c4623a38803e4d4cd584d.jpg,4,44.684883,-0.533954,4,50.366908,2.7965,679.32135,0.38497466,0.72694194,0.035134196,0.7279312,0.74298835,4.276751
0f5f53aeaa3a4647a85873d42874ced8.jpg,2,39.489617,2.805731,2,39.484433,2.831271,2.266297,0.78695774,0.79831815,0.030944407,0.76363325,0.93705773,2.266297
0facfce8cded4ffeb9a5c0a1d5394d21.jpg,6,64.794654,-14.007301,6,64.788093,-14.005102,0.73694676,0.2374122,0.77856004,0.023054063,0.75673246,0.8881676,29.538218
0fcf8fc120ce422e8a62cf4ee74cda37.jpg,0,54.185632,28.473198,10,57.778784,13.293008,1022.54395,44.069237,0.6794735,0.004591942,0.6609446,0.7535894,1022.54395
0fdfea930cfb4a079c530c39e6d79b81.jpg,5,55.528783,-3.77206,6,66.084803,-15.145187,1321.309,1153.6284,0.686785,0.0019950867,0.6580461,0.80174017,1321.309
0ff0c158d00b4c1cb0da72c3ec70d8ff.jpg,0,52.470551,23.641035,2,36.328017,-5.928258,2922.0076,188.4082,0.73992306,0.018459499,0.7274684,0.8108143,1394.752
0ff486f5c76c4ae0abd47f8992983fd1.jpg,3,61.420121,22.915087,3,61.180659,23.002175,27.03002,9.905816,0.7445973,0.0063904524,0.70584935,0.89958894,27.03002
100f9fdb11654a258be51ab803f32890.jpg,4,46.070583,6.52562,4,45.596228,2.928819,283.5832,68.82668,0.7146723,0.047786772,0.7119703,0.7349396,1038.9297
1036e28d562f4e70ba1bac8d972c5a95.jpg,4,48.431734,-4.535243,4,48.464208,-4.51439,3.9248543,3.9248543,0.70665336,0.00850153,0.7352023,0.7350675,558.71045
10458cea54e84b62905d630b4b199cda.jpg,6,64.122871,-16.072287,6,64.118252,-16.080174,0.64056504,0.07098434,0.8760546,0.014494717,0.8595561,0.9704102,22.055658
1050ad2a9c30407cb005d78ff61462c7.jpg,4,41.673453,9.31374,0,52.476774,25.571403,1712.6791,597.4428,0.7021092,0.001254797,0.690186,0.80951977,1714.4281
105acb0b22434bb5b5faef91b9c748a3.jpg,10,65.375874,16.126388,10,65.303074,16.726778,29.007463,2.5131254,0.8414814,0.0056368113,0.8209734,0.9523587,232.14977
107e989adaf747e2a63af0379537ff12.jpg,5,54.47734,-5.980135,5,56.221671,-2.91415,274.16568,1.5763445,0.7835641,0.004976988,0.76053876,0.90796924,1.5763445
1086e7de868e432b90b0da06c0936385.jpg,9,50.482034,23.445203,9,50.485841,23.449191,0.5087387,0.12602165,0.8376235,0.0019196868,0.81757516,0.9247587,0.12602165
10e471a767734de3958f515f679239dd.jpg,11,37.664691,39.233626,11,37.403292,38.874127,43.008133,6.711305,0.73985475,0.0011078715,0.7086524,0.9028855,982.62256
10fa8f97a0df4ff987b96c94aa6957b4.jpg,5,58.034006,-5.23537,5,57.544358,-6.608867,97.93462,1.0129989,0.8301864,0.053922534,0.81392354,0.92843795,53.68242
110296090d874356b7934e53a13592b7.jpg,1,49.26116,9.024749,9,51.349278,21.054446,884.19653,68.846,0.66576135,0.0068819523,0.66455793,0.7620815,897.67224
1143ddc7ebad4839a50caaac1f40cb26.jpg,6,66.128325,-18.895811,6,66.076868,-18.633666,13.12157,4.560049,0.721519,0.00052684546,0.7096834,0.84817433,13.251618
114c855f17554beeb102c2bceffb1bdf.jpg,7,43.594344,10.734146,7,39.175012,9.380776,504.19144,55.30296,0.72920805,0.0033218265,0.71667695,0.8818693,679.8955
117e56030fea49088898c6fd8b8d19b7.jpg,7,41.914684,15.138913,7,41.923093,15.092242,3.9731195,3.9731195,0.8142662,0.09061599,0.80869865,0.8365364,3.9731195
11ad23a90a974866bb533580e1c559b9.jpg,10,57.082063,12.527574,10,57.057636,12.499418,3.2053392,1.7588396,0.67846626,0.026635408,0.6793139,0.75998116,1004.5122
11b20522096f4f43b89e2f8abdc7ba47.jpg,10,55.732714,13.55481,10,59.358865,16.887215,449.44266,14.32835,0.6782305,0.058638453,0.6670699,0.72287285,449.44266
11c9d87cb56b4552b99b5e9718e98561.jpg,9,53.879468,14.577397,1,51.846408,12.319028,272.1648,2.8694277,0.75030935,0.018913746,0.7359713,0.86144143,28.995073
11fbedb70d9041cea838f05db34cb8e3.jpg,1,49.889983,6.468276,10,57.37232,13.478941,950.6566,117.59361,0.709797,0.023133755,0.6798954,0.8294035,950.6566
121f90ce52734780904d2b871e33c6ce.jpg,11,36.716015,30.56104,11,38.321575,29.868116,188.69847,0.3838469,0.6875133,0.0067915916,0.6473156,0.8483039,188.69847
12300aa85851487ab61580acf2aff771.jpg,4,44.483317,-1.075284,7,40.912551,14.544998,1334.3951,2.5659451,0.73950446,0.004321754,0.74068415,0.816316,579.09265
12885c39917d451981d1f3edbdd7f7c2.jpg,2,38.89953,-7.061542,10,58.070875,12.842856,2566.4695,216.44553,0.6377739,0.026662946,0.6374538,0.76832765,1745.6964
1290ca17007c4973af2751b257d696d9.jpg,8,64.736661,12.827589,10,65.326798,16.651808,191.08017,1.1896334,0.8094878,0.007792294,0.78020465,0.9463987,236.02063
12d10d7687ce45f0ba4a003cee199566.jpg,3,67.511624,27.950769,3,67.536336,27.925598,2.948832,0.3599188,0.756118,0.0034715533,0.75833064,0.8069761,945.981
12d2f21e29ca44119b849d04f5918f54.jpg,3,63.918834,26.879408,3,63.941637,26.853145,2.841871,2.841871,0.8215127,0.03143668,0.80696726,0.89159644,125.972755
12e0994de06943b3aad08914ccca56c0.jpg,10,57.486195,15.026928,10,57.487277,15.025628,0.14322022,0.14322022,0.78559923,0.007017374,0.7603274,0.89466226,0.42602584
12e92672d8174b269b32e82bf492aee8.jpg,11,40.521518,36.14152,11,40.511476,36.146334,1.1884623,1.1884623,0.71421885,0.016545892,0.71347547,0.79423934,2326.0554
131ad35c918b4b2cb5aeab4626e03dea.jpg,1,50.590824,6.516806,2,42.154682,2.073288,997.6152,106.59843,0.7067187,0.014119446,0.7109006,0.76897734,988.9061
132e86f90f9b4e658d9b983b91d30543.jpg,5,50.370888,-4.96314,5,50.500133,-4.719893,22.435282,2.3317242,0.79307884,0.013471186,0.75059295,0.96302235,22.435282
135b43703f38485b904833b52a0e5d54.jpg,6,66.008617,-22.933184,6,66.008824,-22.933042,0.023896022,0.023896022,0.9931697,0.020211399,0.9917137,0.99899375,0.023896022
1366557290e94d16b2cb1c11849ac392.jpg,4,44.648167,0.591893,1,52.93412,10.331489,1163.1428,576.6123,0.72524506,0.0059883,0.7227122,0.8048064,1064.4487
1368adb8117744ba9ebeca9bfc35dd97.jpg,1,53.860053,10.328226,2,38.93908,-1.759518,1894.5319,178.44147,0.74771404,0.030584395,0.72851646,0.82450426,1894.5319
13a9fbf52dc948829f9fff2f299123e0.jpg,0,54.660839,27.972902,0,54.632202,27.931331,4.1585503,1.0026746,0.87392175,0.072386086,0.8586764,0.9385531,68.066475
13afc2f382414855947204a0761dc171.jpg,1,50.457342,6.793115,9,53.350906,16.431747,734.5755,52.47416,0.7569312,0.012857914,0.7435187,0.81058127,734.5755
13b5b66390494401929817d5521f4db1.jpg,5,54.90549,-7.421203,5,50.135649,-5.307914,549.2512,27.52223,0.75936574,0.005241692,0.7331091,0.8780514,372.66104
13b9714998bd4002aeba81dfc96f67e5.jpg,9,53.993526,17.961104,9,54.353226,22.727182,312.71262,18.643337,0.75378186,0.009382606,0.72995543,0.8781619,131.60548
13c3424698cb4653ae456d4665370a25.jpg,11,37.177751,34.862019,7,37.03828,14.392382,1811.7317,24.672443,0.716035,0.0037418604,0.70259255,0.82783955,1801.7583
13c4030cbab54e919d5b4b999ec5e8c1.jpg,9,52.864569,14.793641,9,52.880253,14.812698,2.1627338,2.1627338,0.7733037,0.0028178096,0.76013523,0.8388951,72.69973
13d220ec7c2245969c547a84e7117c99.jpg,10,56.946506,18.154203,10,56.947266,18.157056,0.19256221,0.19256221,0.7939665,0.04583341,0.79283667,0.8635088,420.95947
13e954455ec84769976cc1c522bfdc24.jpg,8,58.785985,9.04434,8,58.761876,9.041708,2.6850922,1.4510922,0.8601962,0.0045133233,0.83926487,0.96274745,11.914437
145a88dacdab46ff96e8c1e5de011961.jpg,10,65.412038,19.402669,10,65.378445,19.451469,4.365477,4.365477,0.8473398,0.0147410035,0.82729304,0.9275269,4.365477
146a223c4eb84c7cb4067693886d6cb2.jpg,9,54.613234,17.37637,9,54.641596,17.728339,22.874607,7.972619,0.7513204,0.005122304,0.71404314,0.90042955,22.874607
147e994d334047428673e3e3fa8c8740.jpg,0,52.372673,27.460245,0,52.504842,27.474795,14.7296,0.26702097,0.8848388,0.097519994,0.866989,0.956238,14.7296
1494b44b14a649f3a355d43c4212f8f8.jpg,2,28.779701,-17.963034,1,53.683157,9.21983,3538.4983,3087.0088,0.6591251,0.00025308132,0.62937343,0.79071486,3647.1636
14a63a05f1704e8090b4466db771a220.jpg,11,38.654627,29.007126,11,38.675343,29.249467,21.16636,21.16636,0.6616307,0.011289418,0.6608902,0.76625526,1074.6594
14ba830dacfb42ec8e0ecce239a733d8.jpg,2,39.519581,3.287335,2,39.512541,3.281414,0.93314993,0.06648436,0.79358524,0.020890296,0.770213,0.8870741,0.93314993
14e45668207e4eacb9bc5994e213dec8.jpg,11,39.594631,39.867247,11,39.593058,39.871287,0.38784668,0.38784668,0.8189534,0.007996619,0.7811391,0.97021085,0.38784668
14ea88c026994f128bb65ebd890d53c0.jpg,9,53.528839,20.726184,9,53.28925,20.263466,40.62526,3.2223108,0.73549795,0.033954382,0.70917183,0.8408023,40.62526
15053bb906a948d8a1ee6b9d8dbeb130.jpg,3,63.220594,28.257878,3,63.835635,29.464602,90.85224,10.356903,0.8416041,0.00065660477,0.81945205,0.95093286,84.228775
151826bedb124e5f9b06d540f8eb8cc9.jpg,8,60.345641,5.245126,8,60.347274,5.244383,0.18612546,0.18612546,0.81693125,0.1043672,0.796901,0.89705217,0.18612546
1532ea97b99d432ba09b2058366be38f.jpg,7,40.516722,17.325095,9,49.573315,21.508974,1058.899,27.690962,0.67826915,0.038212538,0.6546572,0.7727169,1058.899
15780478756c45d2a93f1121a9a7da49.jpg,4,48.469003,6.925506,5,50.789009,-2.739889,741.731,51.835735,0.7032112,0.01866287,0.6918497,0.76360047,313.23096
15a11fb3d97f4b6ca1644f50f849408e.jpg,10,60.419515,14.777305,8,61.936309,13.012515,193.36447,19.00787,0.8201499,0.021744907,0.8277729,0.8388168,239.17067
15a6f89a41fb46a4adc7109ea20459b3.jpg,8,58.908369,9.299821,8,58.907531,9.298824,0.10936364,0.10936364,0.8677289,0.11670023,0.8463501,0.95324385,0.10936364
15ae0f1a290d4d7295ff57c5f8f20660.jpg,0,52.219565,28.526037,0,52.223114,28.797792,18.516016,1.9885304,0.87863076,0.044391632,0.8727057,0.9275383,166.09277
15c7be2c77264c8f8873098658dcd02f.jpg,0,51.649546,30.440048,0,51.712439,30.349922,9.355126,0.11673445,0.9164887,0.007942498,0.9019401,0.97468305,9.355126
15e21b9c70c44e48a2146354f1609f60.jpg,8,59.982818,6.565605,8,59.973889,6.572586,1.06612,0.16130823,0.8387366,0.05926311,0.8051832,0.9729502,1.06612
15fd31d2aa5e4460bf11f8f1b603289d.jpg,9,52.399153,20.160652,9,50.62943,16.827918,303.11197,11.458747,0.775131,0.02063024,0.7609248,0.8353088,248.45969
16416931b1cd4f37a2af64b7b80fe286.jpg,4,44.591233,1.959399,1,48.817568,8.427473,680.80066,65.65997,0.7020181,0.008189261,0.69646066,0.748687,230.5623
1653f793a6964b2095846cd87714867d.jpg,8,70.407415,24.492517,8,70.405211,24.488382,0.2895442,0.2895442,0.94692755,0.013106585,0.9346394,0.9960799,0.2895442
16bd673a39e14138a9a80358dff79028.jpg,2,38.315256,-0.662891,11,39.872546,44.06372,3823.157,307.7339,0.67591524,0.0026614666,0.66189843,0.76288235,2539.1882
16c5722d6d254c35907c3959363fbd7a.jpg,8,61.516928,10.189771,9,51.075489,21.281689,1343.6295,170.93495,0.67624116,0.007992327,0.67315775,0.7271699,242.1261
16ce42a32615444b84ab498963a49e27.jpg,9,53.702436,20.417915,9,52.206483,21.358505,177.87244,4.1300645,0.66218764,0.006479442,0.6569637,0.7574568,166.33784
16ef83dfb5304587b79f6266c619c627.jpg,3,61.113465,23.177325,3,62.314962,22.883705,134.49303,6.94597,0.7484332,0.013106644,0.7167876,0.87830496,70.99018
17ad32a9078242e3960f0db6d6a5277c.jpg,11,40.995947,34.647819,11,40.750908,36.348152,145.53635,3.9076154,0.84312785,0.00835669,0.8133588,0.9655807,149.97195
17b68c2d97e14cafb5be6db15df1d4b4.jpg,8,58.244105,6.851828,8,59.553484,5.276927,171.39873,9.134083,0.74930584,0.04708767,0.74077713,0.79613066,61.517414
17c0673a827143429d381e216f3e6bd6.jpg,11,41.105806,30.533168,9,50.808045,16.10328,1546.6869,1297.3862,0.64108807,0.005157709,0.63684535,0.7852493,1992.3235
180037e5904545158a714dabc833029d.jpg,11,40.191378,29.106164,9,52.366013,16.249205,1670.6534,204.72919,0.5932617,0.0046020746,0.5755212,0.73287,492.13763
1809aa7059e04f77a86ae9a1430c43a7.jpg,3,61.021183,23.171153,3,60.951691,23.24143,8.606642,0.52219915,0.70198053,0.0011512637,0.6831536,0.81159663,137.14992
1812b172a150450488e5a12acf576cf4.jpg,0,53.200885,28.69736,0,53.200141,28.697516,0.08337914,0.08337914,0.91372216,0.07016349,0.8995618,0.9703632,0.08337914
18259e2d52c640a5af5bd03847d31d70.jpg,4,47.135262,-1.581232,4,46.379075,-0.868508,100.0892,100.0892,0.71525407,0.047106147,0.73474085,0.74889565,347.42084
1830540b7da44bbf94161bd85fdb6643.jpg,1,48.790758,11.354066,9,53.746728,16.614275,661.1236,37.150135,0.73909575,0.01686138,0.7572219,0.77928615,542.0339
184737b688a2440d8b77299c8fe1f995.jpg,7,46.815696,11.729931,11,41.444897,31.81685,1704.9248,16.500013,0.63379693,0.013880968,0.5959853,0.803519,417.26828
1863f05e9ba24f8f986b914bf6739e2c.jpg,5,52.327509,1.494786,5,51.965122,1.209108,44.76285,41.01443,0.7972093,0.019116819,0.7727076,0.8952161,44.76285
18bbc04577124333b21fd7f446f7463d.jpg,5,56.798628,-5.803022,5,57.507617,-6.557777,91.03304,44.187187,0.6438265,0.0059063435,0.63766813,0.76696324,583.2546
18bea262518c4d31923af173066355f7.jpg,4,49.302571,-1.263666,1,47.830898,10.29488,865.2041,255.49324,0.69796944,0.009973168,0.6817615,0.808517,1004.11395
18d5d71c8a024263b1e77a1ef47e524b.jpg,9,54.449775,17.316472,9,54.451978,17.244233,4.676592,0.36036906,0.80434614,0.076675594,0.7756589,0.91909504,4.676592
18e0800882064bc698f11858293cf119.jpg,11,40.746184,30.367363,11,38.692755,35.472794,492.6422,6.4167495,0.66428846,0.0013198256,0.6498339,0.79105157,603.4921
193b36805df748c394f61dfede85a735.jpg,10,59.086278,15.035517,8,58.939517,5.574043,541.4448,99.991615,0.66475487,0.036542773,0.67190886,0.7226505,1231.835
197d231507f9448f89c1469d0422e133.jpg,3,62.586774,27.051338,3,62.583639,27.03097,1.0995133,1.0995133,0.8321805,0.08198702,0.84601825,0.7768293,1.0995133
19a1eb53b48549698ba29db113655d3b.jpg,2,41.762404,-1.119712,2,38.097347,-0.721066,408.94995,2.9541306,0.77699375,0.02365464,0.75069934,0.88217145,408.94995
19dad164f8c44cd7a55b9afc258289ff.jpg,3,63.921099,26.877818,3,63.941637,26.853145,2.58243,2.58243,0.83811134,0.031789064,0.82430524,0.8933356,2.58243
19f752c77c584f77b2ba6d999b3cbb8c.jpg,5,57.465333,-4.520768,5,55.994247,-5.205006,168.81633,7.902625,0.7478269,0.018959463,0.7215781,0.907928,13.719228
1a0abdfd981b46338093a1cefc1b32a6.jpg,7,45.255009,11.304303,7,45.325146,11.543744,20.289646,13.526629,0.67725956,0.024703085,0.6940456,0.74833226,515.6866
1a1ce7b5facf4db39f51a052afb86d46.jpg,2,42.949435,-5.020833,7,39.175228,9.380768,1276.3169,39.531147,0.69704705,0.0006670356,0.6812688,0.8009804,3022.959
1a62516cd3c24fe6963d75d1883b47c3.jpg,7,40.215792,9.009714,7,40.23505,9.038557,3.2529738,0.723516,0.844226,0.027353644,0.8484044,0.9312545,1575.0784
1a72b3faaf0044e58fbd1f8b0b0a3ffd.jpg,5,55.761881,-2.764451,5,58.234758,-4.480909,293.9422,6.8313584,0.7483965,0.032578707,0.71116066,0.90731823,59.53243
1a80cc1b924e47bd84923408ee2420a4.jpg,11,36.535977,33.454614,11,36.536438,33.454857,0.055668842,0.055668842,0.91770357,0.02702272,0.9056859,0.97255474,16.856792
1a9f78d5e941420a86aea2f95d4feaf9.jpg,9,53.829135,16.141221,1,49.447038,8.782049,703.1407,15.276579,0.7415632,0.0054982305,0.7351188,0.82580805,867.1496
1aaa07ee406a42b2a6ad6c518bb25d1d.jpg,0,53.142493,25.946456,0,53.138475,24.304861,109.49442,22.948862,0.6598758,7.301569e-05,0.6331723,0.7787499,190.75505
1aefe08adafe461a9b1048da67936ce1.jpg,6,65.804252,-17.566427,6,65.807319,-17.563097,0.3732744,0.26785532,0.95603234,0.059502363,0.9471578,0.9915303,0.3732744
1afc891a42de4ece87248e812e486334.jpg,9,53.057406,19.086073,4,48.498506,-4.538353,1727.6041,15.001134,0.6500352,0.01791656,0.6402041,0.74839276,1078.4348
1afcfd1da36b4b54bfa43fbf41407cf6.jpg,9,51.216945,18.478352,9,51.216971,18.478096,0.018063197,0.018063197,0.908546,0.12608904,0.8964994,0.95673215,0.018063197
1b108fbd198f4490b0d9803de55a1026.jpg,6,64.154045,-21.782347,6,64.986021,-22.811439,104.74826,27.128105,0.65636355,0.0043281913,0.6742301,0.7025387,1701.7517
1b15f16bea0d4a38a149b286da48bae6.jpg,4,48.997651,2.283905,7,46.641589,11.682244,748.4052,319.50607,0.69130594,0.005284846,0.67637384,0.83027816,923.91974
1b1f46f7d36f44ccb6c3f58f93903975.jpg,4,48.570357,6.70657,7,45.947614,12.734162,540.095,46.763065,0.66293424,0.0066942573,0.6478827,0.8148514,413.8734
1b35ce19b2d2413596c221d3dfdd726a.jpg,1,51.711139,6.681668,9,52.381076,21.122096,988.7007,546.7905,0.7932497,0.012757063,0.7940208,0.8678608,764.2016
1b6c9f70ed2b4e78b135c1fd3aa24d46.jpg,2,42.558481,-8.791144,2,40.006393,3.882051,1095.1381,13.690579,0.678711,8.589029e-05,0.6525762,0.83622646,1092.7491
1b8af057636f458b8a4fddb7a9a6ba91.jpg,8,59.311433,10.883806,7,45.582628,8.338742,1536.0055,101.31245,0.69408226,0.007436633,0.7016233,0.75667864,764.43463
1b8b5d169082433ebf77864ec7a68846.jpg,3,66.895091,25.386463,3,66.89668,25.382701,0.24117157,0.24117157,0.8711039,0.041183114,0.84909964,0.95912075,0.24117157
1b9b5c2d52a14e1ba57d45d088b4a32e.jpg,10,64.46754,21.088204,10,64.512091,21.062322,5.1065536,1.594975,0.8564526,0.018954217,0.83866554,0.94094753,24.489262
1b9b9a08ca9242409a9d8daa64a6ddef.jpg,4,45.218003,4.133522,11,37.605583,34.741028,2670.3975,80.36437,0.77199787,0.0037507415,0.74934936,0.86259186,2670.3975
1beb6e3e973b43b3b4cc09e9e80dcdae.jpg,0,52.218979,27.866041,0,52.256911,27.858082,4.252528,0.12115156,0.8806414,0.018314779,0.86113924,0.96688855,14.771411
1c0d3bd4076c42debb89c11a8a2183ed.jpg,10,65.442824,19.37279,10,65.410185,19.684866,14.880255,0.96694535,0.7938454,0.018938959,0.781345,0.8706036,270.85
1c4ba0da46654553b30a078691683afc.jpg,11,38.249584,41.022659,11,38.252436,41.018467,0.48432046,0.115041845,0.8441949,0.008635402,0.81467044,0.96229255,0.48432046
1c57297f019b4f49af175bca51635724.jpg,5,53.569661,-0.703453,1,51.461705,12.898447,948.1508,152.90788,0.62663597,0.010824919,0.61637986,0.77159697,1156.4078
1c773941c35248d6a5ebd8345ac0294e.jpg,8,64.335762,12.338559,8,65.024836,13.264094,88.36115,6.8150754,0.8485248,0.014677644,0.819608,0.9723867,209.80806
1c7bd8b432614d6180b53b6da3a747f7.jpg,6,65.40495,-14.648295,6,65.405577,-14.647046,0.09056442,0.09056442,0.9586563,0.028245032,0.9511952,0.9906899,11.158548
1c974bf2f9cf46b8ab6a6b394386569e.jpg,4,47.748205,3.569187,11,41.084565,27.827458,2053.6704,171.95642,0.66366947,0.028296709,0.67132944,0.7463187,1654.3574
1cab2bcc4dfd4e02a2c2948ec0f09b23.jpg,0,52.359167,30.632976,0,52.831895,29.388148,99.157646,15.12826,0.88780767,0.022122562,0.871895,0.9514581,99.157646
1ce88b9aa9b84831b9d42fecc6123b6e.jpg,6,63.544487,-18.452315,6,63.541887,-18.454265,0.3048198,0.11185223,0.95564926,0.0047119856,0.9464128,0.99259484,0.3048198
1cf6521376c944bb8a70b99f463b0f12.jpg,3,67.629286,24.270961,3,68.352694,27.392649,152.91846,0.27399322,0.7910102,0.008096337,0.7600026,0.9150403,152.91846
1d07585c3abf4331b772268d3997ed72.jpg,2,28.782205,-17.764522,2,28.777887,-17.763926,0.48364112,0.4629568,0.778991,0.12429112,0.7689934,0.81898123,0.48364112
1d1e872c3d24497b8c2ab349f44d318a.jpg,10,63.996555,15.276591,10,64.317758,14.93895,39.287006,8.994072,0.8980431,0.054671824,0.87918437,0.973478,39.287006
1d21bf6d85ba464697ce22758e9cb91d.jpg,0,53.666497,31.646924,9,53.799178,20.078828,760.22235,24.943285,0.75701165,0.020906568,0.73272324,0.8541651,760.22235
1d2b10ce194440b0b73a6c0c2ddedde6.jpg,1,49.087048,12.401995,4,49.241383,0.099733,893.6722,51.895382,0.68936276,0.014541209,0.6961442,0.72350514,1074.5546
1d4c37e2338d4d4aa66457590797eb71.jpg,9,52.225771,17.352686,9,51.216971,18.478096,136.35117,2.422453,0.7477228,0.013890862,0.75414443,0.7718848,773.4702
1d60e58ff6ce494892f19b38dd4fd7d7.jpg,8,60.817826,5.821557,8,60.81791,5.820652,0.049947765,0.049947765,0.7874219,0.10291594,0.7598869,0.8975616,0.049947765
1d746a2d34a9414a9f443e27db0ac999.jpg,1,52.989853,12.135383,1,53.463519,7.556725,309.24814,11.238986,0.7800329,0.0084504485,0.7527407,0.88920134,309.24814
1d75678432a24119969c308f8560be05.jpg,10,64.10472,20.746451,10,64.07138,20.786963,4.1974673,0.56133527,0.8249583,0.060503006,0.8103464,0.9422798,271.57132
1d8641511ae24dc7b36194f8703356be.jpg,0,51.990212,23.905724,0,53.032695,25.655488,165.69786,8.476112,0.73614717,0.023992062,0.7018578,0.8733045,165.69786
1d89727a3a74485699b5b58c8627e69c.jpg,2,28.078552,-14.490019,2,28.08008,-14.482755,0.7326239,0.61516154,0.9543406,0.04491186,0.9450959,0.9913192,0.7326239
1db0d2ebba654419a77bb8d97b0b7367.jpg,11,39.794864,42.554342,11,39.601147,40.184913,203.85371,17.281433,0.71653736,0.017481029,0.6939933,0.8067137,203.85371
1dba87f3350b48fc8f9be194ba77eaf7.jpg,9,53.870583,14.615887,9,53.879826,14.621169,1.0845364,1.0845364,0.84267,0.067150354,0.83014303,0.89277804,1.0845364
1df38751a4074de9bfc98d16122f8c6f.jpg,1,53.771216,8.988784,1,53.782348,9.30698,20.944868,20.4298,0.71760356,0.012452006,0.69966173,0.7893709,20.944868
1e05018096f64f4d8a121176569b1f4e.jpg,3,63.189667,30.520425,3,63.220144,30.400445,6.903291,0.18970646,0.8449107,0.050026715,0.8181529,0.95194155,6.903291
1e10fa10a7064203ba733351ae554abb.jpg,2,41.518674,2.125268,2,38.722033,0.11158,354.9679,15.683001,0.5934875,0.0055938363,0.5743027,0.73026013,830.6944
1e110a49a9b54fb4aaefe70e2d50af1e.jpg,6,63.486053,-19.339861,6,64.610841,-21.813335,173.55406,16.690956,0.8570135,0.03201866,0.83017373,0.96437275,173.55406
1e12ae57e3e04008a2afd408b4d28ef6.jpg,2,41.188478,-4.449763,2,40.49764,-4.676647,79.153076,33.806618,0.7075743,0.0011772513,0.6829184,0.83790046,56.39509
1e29784c2af042e48a65fd7ec74b9566.jpg,7,37.804739,15.132168,7,37.836407,15.120188,3.6751926,0.40772018,0.73412985,0.0044416785,0.7023722,0.91204226,7.0336876
1e2d3ce2259e46e0a03b1bb46356189b.jpg,9,51.732649,19.625978,9,53.47703,16.187632,302.4893,71.98344,0.7136159,0.008037686,0.70033634,0.81656957,347.4153
1e546cd54a884802940d272705e35dae.jpg,11,38.781083,35.457113,11,38.784368,35.455759,0.38366753,0.38366753,0.75639254,0.048538864,0.75218326,0.7732295,0.38366753
1e6434e49445414cb0e4e87700768f5b.jpg,5,58.216315,-4.999203,5,57.488961,-5.28596,82.63842,16.82591,0.7729137,0.039757013,0.7340066,0.9285419,82.63842
1e806095c728496596d8f2619344b1e9.jpg,5,50.127402,-5.308162,5,50.14588,-5.30686,2.0567572,0.7059065,0.78255826,0.027116776,0.7503759,0.91128767,2.0567572
1e86614717af4d51ab60a153137e59aa.jpg,6,66.099395,-16.883186,6,66.091412,-16.831575,2.489143,2.489143,0.88929033,0.027192354,0.8707509,0.9634479,2.489143
1e8df7fb644843b3bb87fd858df59e42.jpg,6,64.836218,-22.847459,6,64.835899,-22.80558,1.9804084,0.8008583,0.8734152,0.018121183,0.8520433,0.98379344,17.031498
1e98cea4e6d647608a81cca8005b0965.jpg,0,52.523961,24.853925,0,52.169271,23.93522,73.82249,15.004539,0.8514314,0.0125127435,0.8349792,0.9172404,73.82249
1ea219378a264ddb95a9a4de7e212d2a.jpg,2,41.947661,-2.942214,2,42.062302,-3.427818,42.100487,14.309874,0.6417435,0.03643942,0.5822956,0.87953496,42.100487
1ea4e291609e4142ba943053312b21af.jpg,10,67.246662,22.877631,10,67.257289,22.747307,5.7267566,5.7267566,0.7981396,0.02766186,0.76255804,0.94046557,5.7267566
1ebd42d4b4a443c9a9394bcbb80e88d9.jpg,2,40.815562,-5.83758,2,42.105874,-0.171407,493.37115,17.808702,0.65536636,0.0025638342,0.6217475,0.7944248,22.934479
1ee802b93da6455e87f25816e84387fc.jpg,7,46.670729,11.20936,5,50.422755,-4.665018,1237.8549,0.5470245,0.6074774,0.0145033,0.6130457,0.7665161,354.78104
1f27bf5ecf6246879f379df68b573d02.jpg,7,44.750111,10.916461,9,50.562511,18.547283,861.8666,486.8301,0.68772817,0.007495284,0.66455734,0.78615797,984.431
1f387df6029d4767aaa307150f83cec5.jpg,7,36.851197,14.637094,4,44.360411,0.716375,1438.4152,159.1721,0.74466115,0.06747538,0.7350659,0.7830422,1438.4152
1f4c2f00e4f34d83989ce75320c19bc4.jpg,11,37.832534,39.669233,11,37.78384,39.490982,16.569288,16.569288,0.88653606,0.012976825,0.8663819,0.9671527,16.569288
1f6cc3115e804c5eb2e0735d212eb61e.jpg,7,37.956651,14.954485,7,38.038435,14.990761,9.633518,9.633518,0.6935332,0.048223734,0.67088616,0.8092665,82.679245
1f6d477439f04d47af39522411e84c35.jpg,10,59.979023,14.61904,10,55.730081,13.874312,474.50342,471.2881,0.73586464,0.004132986,0.713981,0.84621525,665.65454
1f8c3c79465245299140077597121835.jpg,9,54.721762,18.31907,7,45.866912,13.180943,1049.3877,62.34632,0.69603634,0.0017319918,0.6769173,0.79639053,956.766
1fae1d5dc1a349eabd5f25809431c4f1.jpg,3,63.125484,22.46882,3,63.103346,22.189698,14.249475,12.711119,0.8555349,0.017251313,0.8318199,0.9503949,14.249475
1fb03553d15549d98122a2a3b8172cb6.jpg,0,54.725033,30.433098,0,54.659489,30.436626,7.2916965,2.9946537,0.90360594,0.03598684,0.8835657,0.98376644,7.2916965
1fb46dbb61654ab99dc6deb75f180721.jpg,11,40.157735,25.818914,11,40.148921,25.929809,9.475653,9.475653,0.81937236,0.08750588,0.7941651,0.9202014,9.475653
1fb59fc6c4ee44b9bbe3a5db8ceab7b8.jpg,6,65.988457,-22.943558,6,65.916609,-22.965922,8.053153,0.091759846,0.90952003,0.03220427,0.88843817,0.9938476,8.053153
1fc2cb4d5846440aa291c55a14b1d78c.jpg,0,52.351118,27.455812,0,52.665017,27.459763,34.90505,0.24195606,0.84486544,0.01003778,0.81717443,0.95706296,13.07547
1fd682ff04da4dba81cca31268661f17.jpg,11,37.434354,30.554588,11,37.912698,30.488287,53.50862,8.581131,0.7805494,0.034701705,0.75414145,0.88618124,53.50862
2024c5b3ad014d25a59eae2ef7a4872e.jpg,7,43.476839,13.638583,8,58.405315,6.030694,1740.8148,1.0522149,0.7594122,0.008159816,0.7502135,0.8020755,1673.4774
2053eaf0a64141c9b0db0a9e8a99c1aa.jpg,5,50.640768,-4.26931,5,52.030172,0.795777,384.18646,11.543078,0.69248796,0.0018517971,0.654197,0.90259635,353.41364
207692800fc14a8fb1825ad2f07e1b87.jpg,0,54.58316,30.447457,0,54.614456,30.438109,3.5316734,1.4730414,0.9265957,0.028218865,0.9121592,0.9843416,3.5316734
20769741711f4702ad1ce8ca997b6235.jpg,2,28.067931,-14.415897,2,28.070307,-14.420452,0.5191714,0.22022362,0.90211046,0.018389225,0.8847476,0.97575295,1.1369638
207beb5072f243fd996c32af758d8297.jpg,5,56.796887,-3.430021,5,56.8077,-3.446426,1.5630774,1.5630774,0.7918057,0.004452646,0.7698033,0.88532233,60.464684
207e5dd876cf4189b0120a09dda56a56.jpg,9,52.560982,21.082013,9,50.260003,21.853498,261.38843,1.9625169,0.7025397,0.019020677,0.6826444,0.8243747,301.56085
209b7df6f079498295857654e0702cc4.jpg,0,52.018814,26.3394,0,51.951409,26.516594,14.262605,0.73769754,0.86563456,0.049791873,0.8448988,0.94908136,411.33087
20b7071ffc9a42f787c39b898eceeb45.jpg,0,52.691053,24.356228,5,53.602599,-0.735479,1667.7563,319.14993,0.62883455,0.0015103817,0.60895026,0.7396554,1666.0488
20c1e9fae6b941b5a20b84ee27481505.jpg,2,39.395902,-3.503788,2,39.057861,-3.375256,39.185062,39.094276,0.8511396,0.015108347,0.8346746,0.92022127,39.09497
211478e6f3634f38b6fd5829cdf88256.jpg,11,38.263719,40.958063,11,38.271251,40.949277,1.1356893,0.3603209,0.84117967,0.010927737,0.8231485,0.928227,5.9555798
21177040b2c8461fbcf39484c253ffda.jpg,5,56.07602,-4.826197,11,38.443244,42.320859,3957.5261,0.7602941,0.74906945,0.019353688,0.7679609,0.72643304,3418.1736
213795ca7d334f42a5af9cb925e002b6.jpg,1,50.748791,7.392092,0,54.580498,29.004764,1511.6335,16.931938,0.6436254,0.024882972,0.65975356,0.69354993,228.23535
2145a302fc124d459434bec351823b0d.jpg,9,51.235949,22.498242,9,53.672103,21.289722,282.9849,26.331251,0.6352321,0.022432625,0.6323313,0.70554715,898.1184
2148477040e348bfabaf893e98b16f63.jpg,6,63.569645,-19.864772,6,63.569448,-19.863883,0.04915162,0.04915162,0.97480285,0.23672771,0.9728419,0.9826465,0.04915162
216796a5d5314babbb60b042717c7ac1.jpg,10,57.264275,16.142632,10,60.223352,13.471216,363.27396,54.38741,0.6823583,0.006387055,0.6609732,0.7678989,363.27396
219fed205109418aa416b72f8898be80.jpg,2,28.108701,-14.388042,2,28.055768,-14.36334,6.3652525,5.237101,0.7910465,0.007426977,0.77988297,0.85493934,9.820677
21c17419bcd5433c932d1c94331134c7.jpg,5,52.09825,-0.927417,4,46.601816,5.636847,773.69745,19.229898,0.71777225,0.013495922,0.70724887,0.7857245,1012.14105
21da9f65b80242feb060a74892c3cd6a.jpg,2,39.122062,-4.133688,2,39.173629,-4.177186,6.851916,6.851916,0.77688485,0.008661568,0.7509648,0.8805649,6.851916
21dbe9982ba54bad8603ae669580c1ae.jpg,6,65.451073,-20.564271,6,65.442743,-20.580636,1.1957082,1.1957082,0.93856287,0.014043152,0.92646515,0.9869536,1.1957082
21dda74df71b4f1ebc3cc5eaa4025eea.jpg,1,50.963286,14.933365,5,53.125463,-3.983196,1311.8154,1095.9269,0.58005404,0.0056791306,0.57931554,0.6584299,1544.4216
221772e0153541aca76aaebcf875a2d8.jpg,8,59.990617,9.923499,8,59.990304,9.924418,0.061833944,0.061833944,0.9045237,0.158023,0.9078743,0.89112103,0.061833944
221c6eb2154d4460b0308bab42d8dab7.jpg,10,65.24459,18.853285,10,65.239386,18.82696,1.3555887,1.3555887,0.6906127,0.0132133365,0.675009,0.7943521,456.84158
221d29c737c64dfdab8156ceaf938498.jpg,5,55.613174,-2.110475,5,55.994247,-5.205006,197.96196,9.059832,0.76066256,0.0062645674,0.7246616,0.9225259,543.17487
224a92c429164ebe89b20268a42571f3.jpg,4,47.943763,4.513505,11,41.324741,27.961821,1986.2852,183.0274,0.66001487,0.011811495,0.63585633,0.7747274,2793.1072
227a0cf02b5d488ea1720948735d8017.jpg,1,51.04486,13.864086,9,51.241954,16.275818,169.65788,50.04713,0.76528,0.030399919,0.73600286,0.8823885,169.65788
228071e72f1b4cf38e40c4bec7968eb1.jpg,11,39.568996,43.841361,11,39.558915,43.879001,3.4157436,3.4157436,0.8564718,0.0039879084,0.82748,0.9724388,3.4157436
228b50c73ae6443989a2ec217d0fc643.jpg,5,58.546754,-4.674359,5,58.546354,-4.674198,0.045448396,0.045448396,0.8891206,0.018699646,0.8668196,0.9783245,0.045448396
231346db3e724dcfb1510a856a078402.jpg,9,53.643215,16.190676,9,53.604248,16.195481,4.3445106,4.3445106,0.77497125,0.04404193,0.7782291,0.7647189,444.01022
2344ae7b5e1944d2b2b999bd112d2e9c.jpg,5,58.538626,-4.675619,5,58.521172,-4.685233,2.0194468,0.33134264,0.8620649,0.017527103,0.8380371,0.97618306,6.669061
2397ccc98feb456088928ccf0065cb15.jpg,5,54.843115,-6.271757,7,43.510225,13.266156,1887.0164,7.4113803,0.672603,0.016172945,0.66191685,0.7668314,7.4113803
23a0386827424c97b10d6ec501e8dbdc.jpg,9,53.808104,22.966898,9,53.802028,22.970308,0.71176016,0.71176016,0.6797456,0.015729189,0.6747874,0.82777447,187.79298
23c8987d414944e69f74a9e3ddab3f0e.jpg,6,65.543556,-15.990341,6,65.377849,-14.530702,69.87909,34.8108,0.852073,0.0003491044,0.83065355,0.9591411,180.52917
23d8bf2490324c63a822872b53083e7b.jpg,11,39.01191,36.078934,11,39.111223,31.173357,423.6378,9.133026,0.65519965,0.0076056123,0.66074014,0.82209224,3446.8284
243e930349ed4c7696cbf47d5fd54d43.jpg,11,38.513018,33.415993,11,38.754891,33.083116,39.488544,15.341039,0.7456304,0.022060871,0.7402819,0.89265776,15.341039
2487ffa29d014ca18d11f7069eb8e5a3.jpg,9,53.39409,23.471246,9,53.387679,23.45866,1.097605,1.097605,0.6899345,0.028607845,0.6632801,0.79655194,1.097605
248a3c69324744ab81e27e9a2b2b6edc.jpg,5,55.990318,-4.377836,10,67.152421,20.927566,1802.5067,13.523375,0.70488775,0.012502968,0.71076596,0.80595684,1246.7599
24b2398439a04a7da134f4b0d5763bc9.jpg,7,38.998617,8.417562,7,39.066043,8.440207,7.748381,0.5084245,0.7088283,0.024798393,0.709584,0.72804475,71.255264
253a274552b244ea905200e96a062671.jpg,2,41.472738,1.810738,2,43.656494,-7.599338,807.46985,41.794197,0.68447393,0.023256302,0.6996424,0.71274525,605.84845
254814c86826427793fa94d7e98c7582.jpg,6,66.056718,-19.329587,6,66.059815,-19.326035,0.3798435,0.3798435,0.8606874,0.0007725358,0.83910996,0.94930315,12.394496
258070bb9b3f43b5a0964fcc7d2fe3e0.jpg,9,53.988527,17.05107,9,53.981866,17.070246,1.4562017,1.4562017,0.72537106,0.0003902316,0.7019106,0.83033663,237.44695
25e476bf28674c90a83ee5b6eec7211f.jpg,8,70.486196,25.055682,8,70.486972,25.054913,0.09089184,0.09089184,0.94123006,0.07001376,0.92958647,0.9878042,0.09089184
25ebd48114cc48c2be765fe3a068b4bd.jpg,9,51.129701,17.098093,10,65.031811,19.407549,1551.5414,455.36008,0.652381,0.012560308,0.64871395,0.7528402,1885.6552
25f57d335ba945578ec5ea2fdd675c0c.jpg,2,36.751616,-4.038974,2,29.030033,-13.555363,1234.3004,6.637701,0.82233894,0.06625056,0.8088894,0.876137,1234.3004
2607c22d913e40e1a5b3281b3363802e.jpg,5,51.078988,-0.110678,5,54.250208,-2.044291,375.92508,11.581307,0.7509997,0.06854904,0.7309357,0.83125556,375.92508
262e533ea96a4830ad070867b8d9788c.jpg,8,61.887407,6.664085,8,60.165479,9.711237,252.13649,7.933537,0.79278255,0.011586785,0.759636,0.9253685,252.13649
26321a3985bf42b5845efa8eb9eb58d9.jpg,6,65.487117,-23.26191,6,65.485469,-23.251026,0.53453696,0.13844746,0.9737017,0.020104527,0.9679175,0.99683833,0.53453696
265848a62e8a4028a535c1640642a9f6.jpg,0,54.8711,28.711919,0,52.681635,25.370844,327.753,8.271641,0.84618723,0.0062451363,0.8219898,0.9672355,67.89646
266541d519f34c0bbe72a1e0993e3f56.jpg,11,37.859038,41.105254,11,37.863667,41.154232,4.3303957,4.3303957,0.6861408,0.021559417,0.67480236,0.8361305,821.2479
2668769d64a944febc24bc26fb60be1c.jpg,9,51.138468,20.857708,9,51.312087,20.988604,21.349285,4.843007,0.70781314,0.015377164,0.69850266,0.8201289,1691.6797
2674c430b8824f1e8c534a30cd3d72f5.jpg,6,63.628521,-18.438774,6,63.630728,-18.436014,0.28072554,0.099832945,0.959016,0.013536572,0.9542048,0.9782608,0.28072554
267c77590cdb437abb546c0de839d6d9.jpg,4,43.941698,5.105108,4,45.024511,1.977663,275.7546,4.8001566,0.60992426,0.009474337,0.60238177,0.7089703,505.0294
268879dd3842476f8e49ad95b063b657.jpg,3,64.160183,25.799596,3,64.161704,25.799731,0.16925421,0.16925421,0.95900154,0.00015354156,0.9508176,0.9951066,0.6745435
26a10a933cb144688388465e839858a3.jpg,9,51.736012,20.807461,7,45.117925,11.669355,996.598,3.2618864,0.80714405,0.05185789,0.8027944,0.82454264,996.598
26b1365ee11d4e44b0aa0985d0f2d544.jpg,9,54.028042,17.784184,4,49.20051,1.132026,1264.8732,45.987843,0.74984235,0.012642622,0.76183724,0.7747606,828.9924
26c2bd20916e4691a050d7b6807140ae.jpg,6,66.035971,-18.523542,6,66.067794,-18.531692,3.5576296,3.5576296,0.87700343,0.031054795,0.85200334,0.9770038,3.5576296
26c7a03a0209452e972bb1da9fcb0865.jpg,7,40.983568,8.926632,7,41.028628,8.949332,5.360308,2.8123057,0.7629408,0.0070641637,0.7516978,0.8308684,46.2453
26c9373ab2124227848be8d85d7ed507.jpg,4,45.927315,4.14926,2,40.242464,0.191044,708.93427,19.465897,0.6926236,0.006046295,0.6627815,0.81199193,708.93427
26f6e453ab1448368dfedc6f32c79adb.jpg,3,62.24952,23.451442,3,61.940198,22.786027,48.806797,26.749672,0.8364184,0.0016809702,0.8204739,0.9182658,328.76035
26f7c90e09254deeb6b5e1f7c8923015.jpg,3,61.191026,25.082632,3,63.220144,30.400445,356.08807,8.067362,0.8240663,0.031659007,0.8025043,0.92965734,279.24774
271f4acce1aa4782a6617bd8d847d437.jpg,7,45.866401,11.550691,7,40.593841,17.773062,772.71875,7.143961,0.6768084,0.00051754713,0.64811516,0.82268906,7.143961
27460fd465b54124af98d41cf1e32abd.jpg,2,29.00024,-13.544474,2,28.9583,-13.570205,5.2927394,0.14064722,0.77938056,0.0040344,0.75997967,0.87436986,5.474111
275b19a7417746ff8a56695f7154d942.jpg,11,36.898373,28.272613,11,40.148921,25.929809,414.90475,17.086845,0.73385936,0.043207347,0.7017526,0.8622863,414.90475
275fe8d17f20439582e0419fd73f9255.jpg,10,61.98461,14.580846,10,61.60086,13.253221,81.78798,21.488436,0.7354265,0.037497222,0.71048546,0.8806449,88.21185
27aa2a7b609b4f3bae8d6819411c3281.jpg,8,61.309932,10.173958,10,59.381709,15.136423,346.9858,4.2606263,0.65716875,0.026916802,0.6275526,0.775633,346.9858
27ac69a0982249fcaf9fe59c088066c9.jpg,11,40.568607,36.038915,11,40.929043,35.15657,84.44422,0.46582842,0.77556324,0.030192077,0.79530376,0.7981516,530.9402
27eca6a974a2450c9ce4c56a7743b154.jpg,8,64.26603,12.273134,8,64.264426,12.268181,0.29832605,0.29832605,0.83680487,0.009957254,0.80270195,0.97707605,19.134264
27f7595eb98e49189361480a341e5030.jpg,5,58.532714,-4.286441,5,56.521364,-3.221892,232.49928,3.7397463,0.75568616,0.002978623,0.7551729,0.86720145,342.9391
27f81a724d4e44868cfb2f8738cc71b8.jpg,0,55.905667,28.631758,0,55.933738,28.650292,3.3281374,0.6968502,0.84351414,0.007092178,0.81885207,0.9720489,6.837849
27fb5b360a0c48b7840ea1f7c144537b.jpg,2,39.666768,3.234908,7,38.401963,16.499628,1153.232,1.0580939,0.70620346,0.034136415,0.66700864,0.8629824,1153.232
27fffcad2e634435a748cf263305001a.jpg,9,50.027773,19.307024,1,48.197931,12.359153,544.8357,46.522797,0.6636818,0.011829913,0.6364749,0.81425154,601.96893
2830c8285ae84b1aaf6d15ea26794ab4.jpg,5,58.631813,-3.228085,5,58.628744,-3.2404,0.79031116,0.79031116,0.82572,0.029134452,0.80939245,0.8910302,0.79031116
2840ef6054404162b75fc2cdbfcb76d2.jpg,4,44.079734,-1.00317,4,44.377523,-0.841028,35.543674,3.5399983,0.8615385,0.03249955,0.84241575,0.93835664,3.5399983
28554f757259421b96b0844f188a9af7.jpg,11,37.952784,41.808914,11,38.20074,41.09863,68.011055,7.8113885,0.6693944,0.003425479,0.6714321,0.7854302,417.53583
28683d3bed084c1885a120b37a06e2fa.jpg,3,62.210596,24.763815,3,61.018492,25.151495,134.1303,31.169685,0.704474,0.007599473,0.676039,0.84074324,177.69742
287770fd564d4473b9ec6ef111d4c578.jpg,8,61.631247,12.734489,10,57.314168,14.321065,488.29272,27.627325,0.7635996,0.015313387,0.7390777,0.9279355,590.50397
28961e764c6248e598e6df4e0ada0eda.jpg,1,53.221308,13.389592,9,54.0757,16.198357,208.05807,18.406652,0.7754279,0.012726605,0.7575935,0.8580358,87.52376
28c721e4bd4346eba333124555e4956b.jpg,11,41.049121,39.542383,11,41.101226,39.443484,10.1140785,10.1140785,0.71805936,0.016264737,0.7472899,0.736313,2529.1108
28cf282e1d5d46319dd2d50f9fb7ca59.jpg,7,36.86963,14.454573,2,40.625846,-4.1109,1659.8232,2.9489202,0.67301744,0.0076507926,0.643456,0.84804285,51.353165
290cd07219074978a938dbe087a5a0d1.jpg,3,66.241346,26.162633,3,66.272711,26.136948,3.672323,0.42754102,0.8662819,0.01813984,0.84202087,0.96481264,60.053104
292388f2c8164fe181f786d8a8c377d3.jpg,3,64.777926,29.348593,3,64.575716,29.699802,28.01027,4.4138937,0.8694729,0.015298247,0.8510624,0.94311464,28.01027
2930ec2a75354f7a98d4438acdc0f61a.jpg,7,45.8722,11.651129,7,46.429611,13.616613,163.59422,3.410751,0.66472864,0.021123052,0.670683,0.79378104,559.0205
2938e0d0765f49f89a53a321c3bde31f.jpg,6,65.620858,-19.363502,6,65.620466,-19.363188,0.045909304,0.045909304,0.95862836,0.04876679,0.9524219,0.983454,0.045909304
295190f42ca449399dc2bab5f2327979.jpg,1,47.659986,10.740767,1,47.658689,10.740538,0.14523625,0.14523625,0.94365805,0.29111642,0.9408378,0.9549392,0.14523625
299409f7bdac4c92ae82331e3c71cac0.jpg,4,43.961609,6.494882,7,40.75062,17.646696,982.44415,22.66115,0.6699025,0.007152438,0.6495334,0.8220451,389.75372
29b9ea2cf7114b288bc40f146c6c4650.jpg,4,49.538693,-1.708243,4,47.962593,0.291386,228.47037,0.8496465,0.69371086,0.0015114546,0.6605804,0.8262327,228.47037
29c0c46bb21d4047aa3d07148f375e54.jpg,1,50.521537,7.691759,4,49.450707,5.882982,175.77834,29.033453,0.677028,0.015495479,0.6446691,0.8064633,175.77834
29ce23391b5d498fa38ca80404ac4f8f.jpg,3,61.197958,22.886557,3,61.180659,23.002175,6.487338,6.487338,0.75173336,0.06646532,0.73290765,0.8270362,6.487338
29d269f9435442158c0fe6be09e50b50.jpg,2,39.514966,3.284247,2,39.512541,3.281414,0.36300355,0.12810719,0.79066813,0.049035966,0.7711717,0.8686538,0.36300355
29eafed2c19543a6bb37add7fbf78af1.jpg,6,66.133473,-18.930135,6,66.061912,-19.144186,12.50282,4.1606317,0.77583474,0.006560147,0.75117785,0.9189232,41.948544
2a05aca8aed64b4f8095d7f9dc61e69c.jpg,0,53.707494,31.762454,0,52.493733,26.31525,387.78442,8.800243,0.80989444,0.020739794,0.7859574,0.9056424,387.78442
2a1355a76fa341d891ae61fe66f4e9aa.jpg,2,39.595876,-3.713291,2,39.026099,-3.374009,69.75707,12.171769,0.8469996,0.03734064,0.8372747,0.88589895,69.75707
2a1dcb7afeca49f5a4830eabda96a11d.jpg,11,40.270893,37.877089,11,40.266378,37.88446,0.80197227,0.80197227,0.829118,0.08124614,0.80496645,0.9257242,0.80197227
2a3c7e338de5463c84b0f15bfe9eef87.jpg,6,65.590491,-22.962882,6,65.629961,-22.770375,9.868963,0.4911625,0.9332512,0.00055873394,0.91985047,0.9893831,0.4911625
2a4db8adbb174f2e88f43b59bc02e2ee.jpg,3,67.088727,26.615216,3,66.698726,26.251123,46.18481,12.473455,0.88745016,0.02993387,0.8713596,0.9518122,46.18481
2a590083953e4310aeff0bf63e732b93.jpg,0,52.586723,29.367822,0,52.891529,29.312066,34.100147,2.2328176,0.84357953,0.071611404,0.8149566,0.95807093,34.100147
2a8a11d496904531bf999fc4ba192a8c.jpg,7,40.600154,8.323913,7,40.66102,8.32831,6.778164,1.0349468,0.8183934,0.00328964,0.79027253,0.9505972,41.749172
2abe55272f8b4a229dda5886834bb1e1.jpg,4,44.521995,1.29165,10,57.37232,13.478941,1658.925,478.34784,0.6759369,0.006167233,0.64582217,0.7963956,1658.925
2acdaf5a47264c8e9289286537a6f758.jpg,0,55.279425,30.326543,0,55.289707,30.322642,1.1696916,1.1696916,0.8751755,0.033273757,0.8508443,0.9725002,1.1696916
2b31073ac3444ed3abb24f28b8fdd3a1.jpg,1,51.216348,9.893292,1,53.100338,9.429948,211.86017,21.161459,0.7058408,0.0023176074,0.6951827,0.81348234,207.31808
2b36f98118f54b4d9d0b740176d4bcb1.jpg,9,52.737514,18.097224,1,50.725329,10.000431,600.40845,191.8922,0.63691425,0.017572701,0.61955535,0.7921797,1505.0759
2b4580997d6e416ab796bb89697a73d9.jpg,6,63.970189,-18.739441,6,63.946051,-18.654935,4.921673,0.21642931,0.83585197,0.061402798,0.80637586,0.9537562,4.921673
2b477d77932748078bbf495546272144.jpg,6,63.855659,-22.430085,6,63.857511,-22.428911,0.21381545,0.07790515,0.9181088,0.13022423,0.90459305,0.9721718,0.21381545
2b4b56a6392e45b38031f72b6d0961e5.jpg,4,48.62322,-4.54218,7,40.450208,17.333467,1947.8796,17.652706,0.6504744,0.0042654276,0.65316015,0.7467766,1077.9296
2b5c2b102d0a43e482e1f4cc15a1a08c.jpg,8,68.337369,16.349202,8,68.342705,16.328299,1.0430897,0.87828404,0.8389378,0.042134464,0.8143085,0.93745494,1.0430897
2b6642765d8a4535a95fee964e1d7e02.jpg,10,61.252572,15.448635,10,61.220499,15.415525,3.982146,3.5040843,0.86862993,0.017833889,0.8436802,0.96842897,3.982146
2b848a4bccd7451e8627773f355e0b1b.jpg,7,40.570908,9.682688,7,40.556778,9.676255,1.6625059,1.6625059,0.7959168,0.016568542,0.77246714,0.89158106,3.2303903
2bc59026debf408aad8e0b6a4978d076.jpg,2,40.092081,-3.855985,2,39.882023,-4.019389,27.19145,2.1127746,0.7399688,0.04527837,0.7205801,0.8512226,20.197699
2bdacb90307f496c9e0c6feaee8c950e.jpg,1,51.443089,11.900586,3,67.875963,24.860886,1957.4269,653.2104,0.63012195,0.010864377,0.6019615,0.79453355,963.617
2be7703ad1764fccb4485daabf0263e9.jpg,7,40.612809,8.328854,7,40.90686,9.381842,94.52248,0.433551,0.6708095,0.00081950426,0.65166926,0.83425885,69.74162
2c1519c14dc644aba8e91b1670234ed6.jpg,8,62.434281,7.898411,8,62.331679,7.51906,22.638727,13.305118,0.7304975,0.031819463,0.70788634,0.8506224,78.639626
2c230395102640d3ad7fcfb616a71c89.jpg,5,58.556016,-3.087444,5,58.531851,-3.12821,3.5799112,2.0263453,0.78281724,0.020229757,0.7573064,0.8848606,3.5799112
2c4bb779391d471ea196c230d81e5c3c.jpg,4,46.612769,0.600643,4,46.605511,0.606093,0.9081042,0.63927203,0.8115065,0.042529106,0.7945982,0.87913966,0.9081042
2caf6ca78b6244cd93b4f571b963b644.jpg,0,54.472024,30.503969,0,54.525192,30.48863,5.9944186,0.116465226,0.9105116,0.044074833,0.89510965,0.97211933,5.9944186
2cd808922e1b4c0fa3f4ceaafbe05eeb.jpg,2,43.420778,-3.508698,9,53.420427,19.543763,2018.1819,150.8948,0.72900647,0.03784752,0.7398282,0.78737247,1925.9772
2d0bd30867d245c385d1be41bc24523c.jpg,0,53.638394,31.569048,0,53.644553,31.586142,1.318635,1.318635,0.851501,0.017587781,0.8303224,0.93621516,1.318635
2d2db86032224b4fa5e741c6fd993d5f.jpg,11,36.986896,34.968208,0,54.037882,28.235038,1965.0608,6.16481,0.6162958,0.0015494823,0.6115501,0.7812234,1866.0554
2d39c42173fa487d8453739d6d2456c0.jpg,2,40.419082,-6.125988,4,42.193651,8.628155,1246.4604,38.12708,0.81524867,0.03533238,0.7885852,0.9219026,1246.4604
2d3b74df61eb4c5f8e54d33d37a806e1.jpg,7,38.625583,16.330254,7,40.092176,15.731892,170.99841,1.9215951,0.7680895,0.0009343028,0.7389702,0.89814866,1.9215951
2d69db2de3e640d8b7bdf79d38ea14da.jpg,8,68.563295,16.432742,8,68.560191,16.438189,0.41004273,0.41004273,0.83681434,0.07999349,0.8009592,0.98023474,0.41004273
2d71475aa9784d14be8ed7d884e3c48e.jpg,1,48.660665,13.356467,9,50.200852,19.78557,495.27734,0.56676984,0.629192,0.0030192137,0.6127218,0.7718961,605.0882
2d7c34adf47c4b3a80da041900a79097.jpg,9,52.045783,20.412294,9,52.072733,20.369645,4.18118,4.18118,0.8145045,0.028389871,0.8027663,0.86145717,4.18118
2db091fe3c0741a5a8032175f1f6cfea.jpg,11,36.288478,33.490106,11,36.327722,33.431529,6.825879,0.98448724,0.71673864,0.014452517,0.6898927,0.86388195,7.3329344
2dc7a0f80b404589927b2797200bcbcd.jpg,2,37.630485,-0.799938,2,37.622885,-0.782986,1.7155044,1.7155044,0.8646175,0.11748189,0.86145145,0.87728167,1.7155044
2dd0f6b891544de1b6ba445213a5cac1.jpg,10,65.877953,19.462926,10,65.878319,19.462936,0.04069996,0.04069996,0.905098,0.03550434,0.88650525,0.97946906,0.04069996
2de65a2ddcbd492cb2d71419cb6f516b.jpg,3,64.22297,28.487326,3,64.212071,28.953605,22.584045,5.343128,0.83337516,0.029961407,0.80710924,0.95503056,21.581068
2df072207f5d4756b55948bbe442e4f3.jpg,8,71.116361,25.700246,8,71.115155,25.700046,0.13429427,0.13429427,0.95026016,0.011187851,0.939121,0.9948168,0.13429427
2df1872e8dff4f6081fed79f022205cb.jpg,11,37.85877,32.508617,11,37.867859,32.49473,1.5835351,1.5835351,0.75197065,0.04099238,0.72222793,0.8709414,1.5835351
2e053b1119364817803a410fedad8577.jpg,3,64.83527,27.790714,3,64.827373,27.802288,1.0347184,0.83796906,0.74174476,0.02338028,0.7175532,0.8385111,1.0347184
2e2170a626794044a782250bdf90ad67.jpg,7,40.124379,17.998499,7,36.777772,14.685586,470.77438,59.862576,0.6849985,0.025694668,0.6988554,0.7555014,721.67163
2e27371b1fff407db51ff172cecb70e6.jpg,1,51.57148,13.903785,1,51.928671,13.935553,39.77804,12.7064495,0.7698746,0.01392895,0.7630441,0.8294497,171.53435
2e519f606f2e4fcc8ba03731c1e5c67f.jpg,3,62.256307,23.748561,3,61.940198,22.786027,61.18733,10.718623,0.835126,0.010949433,0.81897384,0.91893184,154.32335
2e98b5a3c1b54cb7b2cb0f3af8508004.jpg,10,65.045315,16.986365,10,65.038537,17.018265,1.6757754,1.6757754,0.93802106,0.04231876,0.9270341,0.98196876,1.6757754
2ead49714b6c46298f5f16d2fce8cdfc.jpg,10,58.84308,11.258969,7,43.8111,10.727295,1671.8771,71.71588,0.6946151,0.012192011,0.6870966,0.76497227,113.27863
2ec1c2ea474146da98058c4d39b675f2.jpg,10,66.121516,17.411756,10,66.085372,17.539422,7.0157924,3.389915,0.7530312,0.03246683,0.7423367,0.88220274,85.44623
2ed7d3c714da461c93c4340601255fdc.jpg,3,67.538957,27.921249,3,67.525319,27.939589,1.7050229,0.30930668,0.90043324,0.023308218,0.8813623,0.98190284,0.9031688
2f1d670716c246e79e2806c7689e0946.jpg,4,46.827573,6.091404,4,43.362421,4.872172,397.00156,37.445076,0.6853945,0.025051355,0.6989604,0.7705809,37.445076
2f1e1ade5653491090b7ac16d421c0bd.jpg,10,61.978986,14.209266,10,61.933335,14.1845,5.2386794,5.2386794,0.8956729,0.0153336525,0.88141596,0.95772755,29.017246
2f48d5ff0bff442dbfdc9fc334b16f1c.jpg,3,62.294843,29.664285,3,62.296603,29.843026,9.242174,9.242174,0.8214951,0.0071492195,0.8044387,0.9156593,26.023447
2f5534a9e7bb4fd7bcf53fa8a167b530.jpg,7,42.745015,12.071349,7,40.941926,9.04993,320.65054,6.271571,0.69418174,0.0076830983,0.6888793,0.8039509,1463.6692
2f9a594736f4471cac05ce7e5a42ae16.jpg,8,69.693444,29.370987,8,69.730751,29.663183,12.00525,0.3622361,0.73038226,0.004242122,0.7103848,0.8375647,7.919466
2f9fe0e77efd49408c23b5e550c53017.jpg,2,28.180057,-17.246246,5,56.899957,-4.633711,3344.2788,77.12014,0.64172316,0.0033465624,0.6468278,0.7304714,3379.443
2fb873a7096243b3a8ebe89ae11bc447.jpg,3,64.778826,28.301374,3,64.748403,28.330205,3.6485837,3.6485837,0.8833898,0.0057750344,0.8645852,0.9586077,3.6485837
2fbe520fd6ca4d45b9198abff4a557cc.jpg,4,43.78482,1.323272,4,46.704282,1.113523,325.04453,87.94666,0.63351905,0.005337,0.6133599,0.75596917,784.24384
2fed79d0b6f64bc5a9b68c088d4a4b7e.jpg,1,50.526521,8.142195,2,43.016551,-8.431304,1508.174,14.734037,0.64698166,0.021775424,0.6510238,0.75593466,128.8622
303b668ac0ef4608a4d2c655317fbfe4.jpg,1,48.020281,8.080641,1,50.125825,7.487796,238.07336,5.1117,0.74750566,0.013615727,0.7336519,0.8440466,178.27814
306ac2671397411f96f30008533975dd.jpg,10,63.810096,14.38629,10,63.821629,14.39159,1.3085135,1.3085135,0.8911491,0.032307804,0.87339395,0.9653475,193.55362
306c3c9ef4f44b0da2440734d40d94e3.jpg,5,50.12468,-5.441154,5,53.708658,-0.122285,539.984,0.34573087,0.77252,0.016731441,0.7449168,0.8984215,9.70165
306ffaffc247415c8fb74dc82d951240.jpg,3,68.355338,27.399412,3,68.357795,27.400849,0.27949047,0.21322899,0.9183862,0.008406103,0.90406215,0.9821023,0.9826548
3086421c8c544800a5ce93dc0a74c21e.jpg,10,60.905875,15.729654,10,61.159412,15.129742,42.8779,2.3283088,0.7289327,0.013266385,0.727855,0.8039443,144.86908
3088526247c44cd4b2e92ff75c3dffbd.jpg,9,50.428953,22.467613,9,50.427603,22.746244,19.737698,3.984644,0.77798915,0.016818881,0.7610884,0.8455922,19.737698
30d890459cb549dc83e4018af9ea6b31.jpg,7,40.812202,16.948355,4,44.325544,-1.097516,1525.0575,532.9514,0.7370942,0.03251046,0.7292496,0.8103478,1229.0378
30de04267e524f52bb58b46063ec8cd5.jpg,0,52.294388,31.224907,0,52.278918,31.085183,9.658346,3.7267647,0.8570858,0.0848881,0.83883107,0.93010473,9.658346
310d56e5c5f34542935d3cd0e61b763a.jpg,1,51.794381,11.823231,1,51.794413,11.596427,15.597876,15.597876,0.82180524,0.07495803,0.8111264,0.8645202,15.597876
3121f124e7514ae38bb387367c69884b.jpg,5,56.418167,-4.844522,5,56.424635,-4.834722,0.9383538,0.9383538,0.8733247,0.14498931,0.86230695,0.9173956,0.9383538
313f13d4fb184c7db0cabbe3d60937ba.jpg,5,51.598952,-1.604346,5,51.601605,-1.213626,26.987888,26.987888,0.63413215,0.013385832,0.6328299,0.71412253,1296.8955
31461abae3ee43aca139e8c1d68e6481.jpg,7,40.979115,8.930611,2,41.449719,1.785866,599.7457,31.912512,0.6881007,0.02746898,0.67739046,0.7992592,1387.8038
315f854510b0408b980dea8963cd6355.jpg,8,59.368081,9.843168,4,49.657042,-1.258728,1292.2961,235.87642,0.60297596,0.00475502,0.6072972,0.7239799,1190.8859
3163ee09d526434daa9ab5a5e5da74f4.jpg,0,55.189069,30.098317,3,60.636461,22.978176,736.5241,34.694344,0.76236844,0.024451792,0.7705502,0.7810979,1526.8204
317416b6c26f4adaaf3e182e59d26986.jpg,7,43.470744,13.569322,1,47.724361,11.565606,497.96277,250.10663,0.73125196,0.0031286478,0.7226968,0.8064232,555.7781
319943dcac094d0da1a1efaa5b4297ef.jpg,5,50.466347,-4.434402,5,57.476405,-3.31996,782.8561,10.23978,0.7713684,0.010991156,0.73497635,0.9315608,72.93545
31a18281806c4ac189a7cd54ca02a514.jpg,9,52.039385,20.549024,9,52.045399,20.544355,0.7410586,0.7410586,0.7767117,0.050248384,0.7642614,0.82651275,0.7410586
31beda404ff24ebe9424cbc6e2ba65ec.jpg,2,29.044595,-13.679358,2,29.008471,-13.531969,14.882713,8.393934,0.82365644,0.049280167,0.81323326,0.865349,14.882713
32044b0f25f140eea8b825e6232283c7.jpg,0,52.544515,25.668468,0,51.936005,26.906404,108.08717,0.4415357,0.82807153,0.00070756674,0.80875957,0.9376806,65.753006
326e13df8ad24ce4a501475634a32117.jpg,10,65.250431,16.855883,10,66.540744,22.366148,288.30463,0.22655155,0.88389254,0.017424345,0.87120265,0.9501715,23.659525
327d630328854bfabba5542c8fa50cda.jpg,6,65.674532,-23.208376,6,65.669936,-23.239478,1.5135907,1.5135907,0.9654435,0.016473413,0.95746845,0.9973435,1.5135907
328cfdf1428740b193194cedfdd2e8cc.jpg,8,63.461498,11.184321,7,37.869502,12.493394,2847.0615,464.27756,0.6676924,0.03320706,0.64236057,0.83782303,2561.6692
328ec09561bb49d1ac73966ab4fe3564.jpg,4,44.504556,1.04975,8,69.604287,18.303148,2954.4807,459.4192,0.73112786,0.07420838,0.7067923,0.83460766,1569.8202
329774374c3847649e5d6efdac341fdb.jpg,7,44.236522,9.711035,2,40.625846,-4.1109,1201.5387,143.81268,0.658602,0.009611845,0.6439491,0.8011309,1335.4991
32b3a1975c824b8e81b8517e269735f0.jpg,7,43.904521,12.241276,1,47.618087,9.785285,454.7032,59.70408,0.63028526,0.026266575,0.5897316,0.79249996,454.7032
32f04227f47c4d4ca735d6afe9c171dd.jpg,6,64.790832,-14.013726,6,65.013299,-14.114524,25.189928,0.5072587,0.77098745,0.0064988136,0.7365869,0.9124042,58.460045
33635b82b5474d6ab01eadfaef56c573.jpg,5,54.263262,-0.392985,5,54.269885,-0.400979,0.9010239,0.07028069,0.77579796,0.004835069,0.7478317,0.92858547,0.07028069
339a244550cf4b70ab4ab7c69fd31550.jpg,7,37.255172,14.497794,7,37.257603,14.504876,0.6825908,0.6825908,0.7692391,0.036839843,0.7802955,0.8354943,1530.0574
33b6d4dc811147d0b7f6778577815a4f.jpg,0,55.391099,29.244449,0,55.311983,29.553656,21.43605,1.024318,0.8671758,0.005630851,0.84378326,0.9786953,37.64076
33f2ae42d18d459c8b01049993eb6005.jpg,6,65.640513,-22.537809,6,65.774139,-22.207743,21.183825,1.6193385,0.9298338,0.0045726895,0.9152834,0.9880355,21.183825
33fc26d6804742aa80a577bbb9d02e3f.jpg,4,43.364337,3.178118,4,43.36477,3.17846,0.05552059,0.05552059,0.8855043,0.21543151,0.87284076,0.93615824,0.05552059
34132346e7464b15ba0da2ca6ac453bf.jpg,7,37.830765,15.137227,1,48.119155,12.329083,1166.3877,0.2902415,0.7425861,0.037130654,0.73777384,0.76183504,1166.3877
341486f262c34f0b86d060d6c6cb445a.jpg,8,69.802808,25.175129,8,69.795503,25.176992,0.8154238,0.08238667,0.8986796,0.020859778,0.8784101,0.97975755,0.8154238
3439e2c9237c4e89b9165c517b42c06d.jpg,2,41.485077,1.660827,2,38.757073,0.104518,330.93262,11.71044,0.6656147,0.006570816,0.63051856,0.80599916,330.93262
34c41309da004e53b069cb0f742e1e9d.jpg,3,62.553793,22.643517,3,62.314962,22.883705,29.291924,5.3783894,0.7997622,0.01205641,0.77224934,0.93501306,12.271432
35312193cef54d7fa2da10db15e0087c.jpg,1,51.755362,12.984194,11,38.005073,27.428243,1898.6052,223.99693,0.66553164,0.00024974346,0.62563264,0.8251276,1898.6052
3551a3630d2b4660a377634ab864b3c4.jpg,8,61.186353,12.879138,8,61.182745,12.943767,3.486942,3.486942,0.73786396,0.034338176,0.70339465,0.87574124,3.486942
35763494ee904739827e528d833ed4b3.jpg,7,38.65265,8.266919,7,38.650966,8.355067,7.656927,0.43975914,0.78714806,0.032966554,0.7805816,0.8799893,6.892111
35d40b9a92e941d3821190d9e40207e6.jpg,5,53.794496,-0.071866,5,53.660672,0.051541,16.951107,10.104032,0.77401745,0.026198983,0.748628,0.8755753,16.951107
35f0fd4b5f5f4ecb935614b8ad440abe.jpg,11,40.124544,43.629412,11,39.75942,44.142494,59.67968,12.799759,0.7871208,0.0036654472,0.7486886,0.94084966,59.67968
36297a55e86045a1b733825881d6f6c2.jpg,7,38.271566,15.804718,7,40.569048,15.35347,258.39142,245.1044,0.62507653,0.01013422,0.6340782,0.7649569,1775.7589
366423c73bb2402e9deaa8bfaba0931a.jpg,11,38.54303,36.454291,11,39.039094,34.550869,173.94174,5.0203843,0.6138259,0.006008804,0.59985614,0.7106234,3126.205
367b57ff3a8240c2ba513919564c2b2f.jpg,11,39.008833,34.753717,6,65.491134,-23.309672,4669.2793,17.843273,0.7379545,0.0019260645,0.7432102,0.8146379,4412.2246
36858a27a64f47629f6df066a43398bb.jpg,9,51.855839,20.928795,1,54.601501,8.903466,855.3625,660.9828,0.6700215,0.0014820695,0.67971647,0.7631887,1151.9192
36b69ae75cd642cbb236816b6b86fc08.jpg,3,62.459559,29.95843,3,62.927222,30.290089,54.68452,2.94123,0.8231961,0.014226079,0.79278743,0.9574504,181.59515
36b9c3f0beaa4f41beec380c31d98be7.jpg,2,29.134745,-13.46356,1,49.932232,8.459739,2957.3975,3.883274,0.65542704,0.011928737,0.66282034,0.78453696,2915.3171
36d9efdaba9f44168b2baed4f94613d5.jpg,11,37.217957,40.618973,9,50.475649,22.737598,2046.1647,11.475853,0.7257974,0.018871784,0.7291021,0.7680824,2174.1638
36e537452b7f46d28201be252d53ba9b.jpg,7,44.722391,12.15424,9,50.342451,18.939051,805.52716,40.253574,0.71694547,0.043394506,0.7048762,0.76522255,805.52716
36fb64c70951410994ef8af02cd0c906.jpg,4,46.45796,-0.873574,4,46.278553,0.173905,82.807976,27.269535,0.71576405,0.011780858,0.69327474,0.8057213,82.807976
3734a947ec334713986c07e43464244b.jpg,6,65.45001,-19.217427,6,65.480876,-19.281157,4.520897,1.5019437,0.8828651,0.033849776,0.86097896,0.9704095,4.520897
373cd9fea1434fd78b23676e3e2b7666.jpg,10,67.915536,20.094808,10,67.969163,19.963645,8.09672,1.6092305,0.8915024,0.002353847,0.8773109,0.9523138,8.201323
3741782bb9304a68901ae139ea322dbe.jpg,4,47.578246,6.126839,4,44.500189,-1.053215,650.98114,27.138494,0.7165811,0.022899926,0.70626605,0.76102567,658.0274
3757891503614569b5b6e83a1aa919e9.jpg,3,65.883535,25.627005,3,65.889458,25.672381,2.16401,2.16401,0.9041985,0.06732613,0.88816905,0.96831656,2.16401
3760bb719f214c7eb93d0f3b5017b708.jpg,8,61.718288,9.532794,11,39.429913,35.115984,3024.6401,80.19454,0.6399058,0.0007674694,0.62231916,0.77299166,2988.7234
376dce1f90994717aa0ae1516ffcc784.jpg,11,40.727107,35.78075,11,40.786514,35.678883,10.828433,10.828433,0.85120845,0.009969473,0.8260223,0.95195276,10.828433
376fb561a9fc481f8093d9c020593675.jpg,9,51.637279,22.765666,9,51.788596,23.387368,46.019238,5.3206134,0.7610527,0.01470077,0.7363174,0.8805944,208.41364
37a3580f78af4ee0b1f2f2c1f98c5d19.jpg,2,36.804632,-2.132193,2,36.83652,-2.155481,4.1072764,4.1072764,0.8397135,0.06571978,0.8290018,0.88256025,4.1072764
37a79e0a0f044c52bc71581ebf665c1a.jpg,11,37.403926,34.868201,11,37.399629,34.859916,0.8740051,0.8740051,0.73453164,0.025340319,0.70485103,0.8532537,0.8740051
37de9fca7ba240c0aeb95c95f24cd666.jpg,3,64.366725,29.060829,3,64.380888,29.053629,1.6124723,1.6124723,0.8283696,0.007312715,0.7992703,0.94476706,1.6124723
37fb963795b948618004113caede852f.jpg,1,52.536405,9.555615,9,50.62943,16.827918,545.0722,10.531945,0.7367852,0.0013795495,0.74776113,0.8035951,345.715
37fbeb6d58b64db389da90e3406d2118.jpg,10,61.153993,16.880788,10,61.153046,16.882433,0.13739213,0.13739213,0.8460976,0.090620935,0.8243135,0.9332336,0.13739213
38181ac9eb4742a3b255f5f55068940d.jpg,11,39.430894,31.015917,2,38.916251,-1.823491,2815.6453,38.041897,0.80203485,0.053840995,0.7966076,0.83839345,2706.9172
38421bfe18d24d78b0c4c40df2003a52.jpg,11,38.251625,40.977917,7,41.029242,8.968304,2742.7583,1.7026229,0.79643226,0.07236153,0.80933094,0.86240953,655.8996
384b2e5145aa498690ce377fa13f348c.jpg,3,66.664456,25.45503,3,66.657978,25.482965,1.4259068,0.7434695,0.93449765,0.017385304,0.9206345,0.98995036,1.4259068
385d192460d54bfe969375ddf2c0f44c.jpg,2,38.653473,-3.469571,2,39.057861,-3.375256,45.70157,1.7331554,0.87233216,0.017288089,0.85458815,0.9523952,45.792625
3886ed956e0243d0a2676b6bf3f8bad8.jpg,3,68.00127,24.086555,3,68.004887,24.086051,0.40274,0.40274,0.8657971,0.051129103,0.85712117,0.9473839,522.02386
38ee552026fe46be90ed4d611030edbf.jpg,2,38.437479,-6.377121,2,38.436571,-6.38455,0.65488243,0.65488243,0.6656018,0.011785626,0.66213095,0.8337167,24.514254
38fbc5893b5b40d9a7c1cfa5d7698c6d.jpg,4,46.374316,4.188939,2,38.268901,-6.032707,1230.2743,23.325102,0.69954884,0.027893305,0.6960744,0.7954876,985.2082
390cfc0a9d994eb1902d9071306cdcd0.jpg,2,43.329453,-4.553621,4,42.962556,9.403071,1131.714,6.057764,0.67022955,0.016211987,0.64998806,0.7706671,248.26976
3918719408fa4cda80dd970863738177.jpg,5,56.084625,-4.824797,8,64.035376,10.080615,1204.9717,25.985998,0.7428262,0.07831943,0.7564658,0.72123927,1283.5359
39360b399e004ffea55fa7b6ab200388.jpg,11,37.344653,41.349896,2,28.88029,-13.832304,5152.1665,0.8908179,0.68155605,0.012792528,0.66930294,0.86764485,569.6267
3936d6eff50e4b4bb8b486cdfedc050f.jpg,7,41.54833,14.755716,7,41.551019,14.748481,0.6722285,0.6722285,0.6657967,0.03662032,0.648536,0.7910833,1142.415
394a037d4e8d48c0b46def7e7440574b.jpg,11,38.882632,35.130271,11,41.386869,31.681452,404.28543,20.733606,0.6781895,0.0043780804,0.63816345,0.859464,387.03293
395bb0a00c5c462bbeb5933e216ccb1f.jpg,4,42.539268,2.254169,11,41.444897,31.81685,2433.812,77.397964,0.5933971,0.023364305,0.5673822,0.6974565,2433.812
3962200b48df4041940da0c61143b68c.jpg,4,42.985131,2.973048,11,37.035784,30.003802,2383.6077,450.2636,0.63274,0.021118104,0.62565327,0.8437427,2100.6077
397fdfdaae78469db47d6156f03ca292.jpg,2,38.63579,-3.471639,2,38.638337,-3.474335,0.36748224,0.36748224,0.8637972,0.055992186,0.85405463,0.90276754,0.36748224
398dab1f7f93447aa956478f9cd016fe.jpg,8,66.343592,13.471508,8,66.315559,13.292764,8.56673,2.7339525,0.8266462,0.04708755,0.82259154,0.8756014,2.7339525
3992feb1d0be42748b8560f5e0ef8bdc.jpg,11,39.084027,29.46473,11,39.082056,29.463706,0.23631631,0.23631631,0.6902795,0.06352359,0.728512,0.6749157,2708.9023
3a0599f797ce4d8dac0cbc96aae4f3b0.jpg,8,70.452888,24.694739,8,70.440607,24.594686,3.965997,1.9917287,0.9499377,0.013451815,0.939376,0.9921844,3.965997
3a2e150b7627459197349a8c56ecf871.jpg,5,50.918699,-2.758079,7,38.016369,13.265437,1908.7292,14.47731,0.64711523,0.019612193,0.6507307,0.7089611,236.55136
3a362023c0c64c65863fb65b00d067c1.jpg,6,65.752881,-23.8606,6,65.749061,-23.842507,0.92906153,0.21124217,0.8716269,0.012736142,0.85725546,0.9291128,0.92906153
3a459ad6dd264e94935627a6a705529c.jpg,11,41.224597,36.452698,11,41.290533,36.218134,20.933416,5.01641,0.76999927,0.02233404,0.76175606,0.8448035,139.54782
3a51900beb064df8868381195855dd38.jpg,0,55.740606,28.592215,0,55.107721,28.758977,71.15607,2.6012616,0.8374901,0.027778447,0.80804265,0.9591739,11.727841
3a6f7991743441ae859e067897494fb6.jpg,8,64.589067,12.562835,8,64.607245,12.586425,2.31339,0.9761242,0.866663,0.014077246,0.8391087,0.9768797,2.31339
3a99c15303f54304be478221496c0f20.jpg,0,53.481031,28.098315,9,53.420427,19.543763,566.1673,0.021521257,0.7220701,0.0021771193,0.7092479,0.7948436,158.13214
3abda05db53c4f148449dc26a1ace530.jpg,4,45.318228,4.508899,4,47.525253,3.570431,255.73048,20.9134,0.72368675,0.0031116605,0.69877744,0.8248575,250.76076
3ac95fdbbd4442cfaca5f1b7e0d9e4a2.jpg,10,56.877637,13.814168,10,56.879623,13.806792,0.49961048,0.49961048,0.75732535,0.06910372,0.73019606,0.8658423,0.49961048
3b80a8eccaa54266bf45ed96aa240b43.jpg,9,51.518615,22.055374,9,51.515595,22.057653,0.37099236,0.37099236,0.8392874,0.057389855,0.8228029,0.9052253,0.37099236
3bab09815fab45c5b42c95216a7d4f21.jpg,4,47.852602,3.597091,0,52.772357,30.755418,1991.1624,961.27325,0.7238945,0.014058888,0.7003095,0.84497344,1981.5934
3bc3b451a1c64fba8ac6219588122c0c.jpg,5,50.373914,-4.958151,4,44.88852,-0.742298,686.6311,3.400234,0.6721199,0.018789053,0.7021159,0.68703085,304.12396
3be034518749417c8d3589a01114ee81.jpg,8,62.34094,5.870138,8,62.462811,6.31569,26.65369,0.11821867,0.7315037,0.01838559,0.72362095,0.76303476,26.65369
3be21986e27c4a2a9afef1ac6d40ff3c.jpg,1,47.801872,7.839574,11,40.927092,40.542772,2687.1565,31.890873,0.70356876,0.035479724,0.67130464,0.832625,2687.1565
3beb89169f704d7caf8d7fc7b9d8b8fc.jpg,6,64.882839,-13.810714,6,64.883816,-13.818665,0.3906812,0.3906812,0.91058826,0.016820848,0.8922867,0.9837942,0.3906812
3bf172b5f555481b88ab894027bbd0db.jpg,3,62.455777,22.234715,3,62.52898,22.73356,26.881262,8.650035,0.82181066,0.015605986,0.79535145,0.9276473,26.881262
3c455834fe0740f5b4a471a265983ca0.jpg,6,65.007627,-21.919515,6,65.012197,-21.835425,3.9827325,3.8316848,0.8691982,0.0086939335,0.84619725,0.96181357,15.081353
3c46aafeb6bf47b6b1c0660cb1e25ae9.jpg,0,53.041046,26.254608,9,50.517603,21.604167,425.39017,16.308096,0.6974192,0.005884707,0.692816,0.75222147,1607.7521
3c625f1c3a4742dd8bc1718dd245cee9.jpg,6,65.73354,-19.646346,6,65.751023,-19.178236,21.473066,0.16786753,0.84062797,0.00606817,0.8150505,0.94293773,21.473066
3c8d862a2a5c481c88a032f8c25a9b4b.jpg,10,64.357295,15.698628,10,64.345682,15.702938,1.3078648,1.3078648,0.8039512,0.010889113,0.7840918,0.8833889,1.3078648
3cb2ba9514714406b0f8e852e1da4bb3.jpg,5,55.951783,-5.432024,5,55.994247,-5.205006,14.893992,14.893992,0.82382226,0.028438926,0.7960985,0.9419079,25.9748
3cb395ffaa8246178e0cd9b0d4b57243.jpg,7,40.735743,8.820233,7,40.87557,9.039777,24.149353,0.5509089,0.83886516,0.014321864,0.8134978,0.94412273,5.1082993
3d58b895f9af4e9fb4febc4602bf102a.jpg,9,51.547684,22.477425,9,51.435748,22.381817,14.097356,14.097356,0.7162447,0.020098686,0.7290805,0.73501337,89.10195
3da708a8916e4fa9b615d6b7cde00c0a.jpg,10,61.37949,14.786972,10,61.37987,14.787376,0.047417656,0.047417656,0.9360143,0.08836305,0.92337465,0.98657286,0.047417656
3db2180216664f748930db2e93168b92.jpg,9,53.463383,15.645853,1,47.746983,11.640578,695.37524,18.191156,0.7052343,0.014257193,0.67768466,0.839538,686.36523
3e3867fde4e74b9286bb5cf70c1b2a65.jpg,6,63.893207,-16.61787,6,63.895745,-16.612111,0.39880374,0.39880374,0.78587776,0.057157815,0.7801249,0.8777607,119.1722
3e5e0418bb3a433ea27b34bf768f1a42.jpg,7,40.563778,16.399935,7,40.564258,16.398659,0.12027805,0.12027805,0.9438673,0.09859234,0.9344848,0.9813972,0.12027805
3e715bf437174d1b9a42df9b1570a5e9.jpg,11,36.085495,36.152501,11,38.95656,29.356569,678.8024,4.832361,0.76884437,0.017487466,0.7565558,0.8787863,2349.9917
3eba44b5e7584f49ad951121ddd05b99.jpg,6,66.049215,-16.605186,6,65.568282,-15.35923,77.99113,29.167252,0.83107996,0.000443995,0.80518794,0.94396454,82.31141
3ed62907ca514fcfb0000f5344006281.jpg,11,41.146768,37.132505,11,40.989417,35.711736,120.38449,39.93452,0.83606225,0.0061466694,0.8354711,0.8633573,71.768585
3f0a0373a5824424852864160aa95e66.jpg,7,45.568071,12.763666,9,53.018656,20.452052,997.37177,247.12233,0.7065995,0.0019692183,0.7067986,0.77381384,1208.471
3f1fc9a0d14a4dbc888f71ff7b9e610e.jpg,7,37.381944,14.364597,7,37.136291,14.659518,37.78064,18.575254,0.7319078,0.004407525,0.69014716,0.89895,37.78064
3f259c4276f445e0b046d72774245e97.jpg,2,42.455701,-6.13377,2,42.546068,-6.545819,35.242767,0.84709835,0.75285834,0.09847462,0.7338643,0.8288344,35.242767
3f3f352fb4714748a17179ba4745ab0b.jpg,11,40.504622,29.393939,7,40.594303,8.293516,1778.5355,6.1291685,0.6798226,0.016611397,0.6772356,0.771299,396.66092
3f43791b34b3425e9f658b2c3fd6b3ed.jpg,0,53.747626,30.13845,0,53.211421,29.39387,77.346436,7.7656684,0.8261016,0.011370599,0.80096793,0.9266362,77.346436
3f54cffc3bb2454aa03909140cbd03c2.jpg,1,51.258564,9.945034,1,52.972402,13.841704,327.20438,256.97882,0.70137566,0.008271217,0.68613964,0.8004216,682.3162
3f584c319a1c46fc837569ae5546a433.jpg,1,50.820256,11.390461,1,50.59965,11.500986,25.735239,0.44080448,0.77413094,0.019441366,0.7515842,0.8769571,98.35954
3f6fd0f151e945a88aad8cbe93353dcb.jpg,6,63.918342,-16.510427,6,63.917892,-16.511339,0.06701971,0.06701971,0.95796806,0.07425213,0.9499874,0.98989075,0.06701971
3fa23c58766b465eaaeabaa9a1e65528.jpg,2,28.084991,-14.434785,2,28.08008,-14.482755,4.737632,0.71663105,0.82066226,0.013066471,0.7935777,0.9290006,4.737632
3ff426ab94f44c059c54f1b6a09cbb19.jpg,5,52.433795,-3.776592,4,47.776098,1.75054,650.45667,35.461082,0.6911978,0.0026359558,0.68527704,0.8299723,360.25018
40139f4eeefc45a48e2178a9ccdc5196.jpg,5,57.533021,-5.153866,5,57.537704,-5.136571,1.1561913,1.1561913,0.89207566,0.035583735,0.87021434,0.97952104,1.1561913
404185f49ba7464bb41a9fbd1f4e96a5.jpg,10,59.082749,16.852421,10,64.066429,19.83367,576.0327,22.066828,0.80111223,0.020331562,0.7908956,0.87981546,735.50604
4087cea3264b413584c1ac36679d2cfb.jpg,5,58.529518,-4.316293,5,58.516323,-4.693038,21.92344,2.3492606,0.76408875,0.00019085407,0.7359135,0.9333025,317.59412
409f968c5fc642ae8d37478a956e4079.jpg,6,65.492461,-21.893478,6,65.493457,-21.892925,0.11364956,0.11364956,0.91755134,0.21797258,0.9049149,0.96809673,0.11364956
40a1502d513a44b3b477ade0f0f9518a.jpg,0,53.889962,27.337632,0,53.893714,27.338725,0.42330715,0.42330715,0.7366321,0.036732614,0.72415805,0.8313235,78.26017
40d816161bd448cda014d4d8597f43c4.jpg,1,51.026717,10.35973,1,49.423292,11.185826,187.72548,35.98934,0.73023367,0.043862283,0.7378921,0.7689549,279.78827
40da82d5f8624c0dbb39d125efaadfd2.jpg,4,47.712332,-3.472722,7,43.233988,13.758248,1429.1547,142.59854,0.6900913,0.02402848,0.6771802,0.7993222,1432.6329
40dd1594f4aa4431ade11174347ba3cc.jpg,11,38.669266,29.189341,4,46.278553,0.173905,2508.7847,51.680977,0.6961851,0.010600448,0.6953242,0.71970844,2672.6462
41117ac72f2d487996a27a5d6425b14a.jpg,2,39.440593,-0.39641,2,39.510918,-0.386116,7.8695507,7.8695507,0.6905359,0.019500196,0.69614524,0.75509304,1958.5656
412e8b90271d4485af77f1327339df7a.jpg,5,54.870427,-1.641578,1,49.700818,7.392852,840.2684,595.03204,0.67611396,0.006884277,0.6765796,0.78552544,830.00146
413a982877f545e5babf5640d6e49c1c.jpg,11,40.474542,43.326374,11,40.471631,43.327216,0.33143196,0.33143196,0.8637726,0.062395334,0.84423304,0.9419307,0.33143196
4150faf6f8794d37b9078af2f3ac7429.jpg,2,39.680307,3.322305,5,55.782219,-2.215803,1836.2881,6.687958,0.69082063,0.051366985,0.70729864,0.7434412,1960.4075
415b613eb9b641a6adbf1a849541b4e4.jpg,4,43.408601,6.02898,9,50.342451,18.939051,1245.0139,5.4888096,0.6963911,0.032966375,0.69906956,0.77037996,999.3989
4168a19762e0404f831a12df091371ca.jpg,0,52.041552,26.320185,0,51.924728,26.664051,26.894608,2.117062,0.8948393,0.0136015415,0.8767303,0.96727514,26.894608
416bb5495e91455d8d10a94c20fd6325.jpg,3,62.436761,30.030559,3,62.405718,30.088962,4.577617,4.3760524,0.85142004,0.010438323,0.83066374,0.9509016,4.3760524
4171cae3f6a948748b5b1363568f96e8.jpg,2,41.639021,-3.604182,7,40.221418,18.098324,1825.1559,19.898876,0.71332425,0.008351862,0.7273806,0.8187324,222.92679
4199f5f7cc1c4a919f5083af9d0894a4.jpg,5,58.494548,-6.233358,5,58.4826,-6.263755,2.2104316,0.31683347,0.82901895,0.0018652678,0.80923885,0.9128454,1001.10974
41c9fc2b9ca241efa95be54bb674d274.jpg,10,59.971379,16.987996,4,50.161145,4.042746,1362.1884,17.088745,0.6414136,0.017721891,0.6269529,0.7427796,1177.8398
41f6485dd88040b8b3b5b3ccb0c0082e.jpg,8,67.322475,14.617682,3,64.005835,29.429391,769.7432,4.030066,0.7010427,0.0016061068,0.67718893,0.847088,740.68427
4245f572722b4f3791090e2e6825d3a3.jpg,9,52.251102,20.400186,9,52.357226,20.306168,13.420697,3.8419654,0.7328736,0.0177719,0.7345719,0.7941062,1144.9868
424a75e1f02a4f72ba24bb154e7c6b69.jpg,8,69.699748,19.003698,7,46.260951,9.414184,2659.4521,29.092087,0.66021895,0.010504067,0.66094816,0.81103086,1336.8165
4255102bd93c4ac3bf2fa4573348d69f.jpg,10,60.065633,16.139518,10,59.95768,17.29381,65.265656,13.7935915,0.81288564,0.0065218806,0.7772182,0.9555551,65.265656
4257940f54884ebcb4398c016596f22f.jpg,4,48.371873,2.388112,4,46.096651,4.085326,283.5769,33.914165,0.7043295,0.01123476,0.7223464,0.75792325,398.5723
426c16e8d54a49fea89913da96b05f3d.jpg,10,56.168295,14.47139,4,47.89032,-1.581947,1426.9274,37.24257,0.7059304,0.017258883,0.71458185,0.73842365,2083.5112
429b97941bc74088a0ecb9969a4ec7fb.jpg,1,53.601067,12.015274,1,53.405743,11.598151,35.11049,16.130468,0.7688487,0.012104452,0.76415616,0.8007429,159.01863
42ddd2bf3e71428ebf9152124c324b4c.jpg,8,59.013299,6.895682,8,58.991888,6.927006,2.9809139,2.9809139,0.7878632,0.022346616,0.7724287,0.8679303,76.183495
4305f50ad6fb465cb80a51e8974aa4b4.jpg,6,64.848768,-21.496379,6,64.629454,-21.772354,27.680223,4.808151,0.78020257,0.0032806993,0.7599914,0.887982,45.60548
4331136eca844984bae96db2158791c6.jpg,6,65.86159,-22.305459,6,65.574691,-22.909997,42.21187,2.208507,0.9364679,0.0068941116,0.9271877,0.9841821,17.671759
4339adbe84e143c8bbc37cfc349d4b9e.jpg,6,65.801715,-20.262154,6,65.797523,-20.259985,0.4764995,0.4764995,0.9125545,0.045897365,0.89501196,0.98272467,0.4764995
436789acb7714cf8a6d86f1f0724b209.jpg,2,42.662281,-4.792326,2,42.789596,-4.904219,16.850924,14.369587,0.78859943,0.0014418364,0.7657723,0.8988637,25.61988
43815479692449feb153440b62762baa.jpg,5,58.540129,-4.11342,5,58.546354,-4.674198,32.547924,1.7165688,0.7312519,0.007596791,0.69436455,0.8788012,32.547924
438b37c59fb9477a82600a1ff19f2156.jpg,9,52.65476,21.56889,9,52.610269,21.494867,7.0306864,7.0306864,0.72109777,0.038057327,0.7074305,0.77576697,7.0306864
43d6daf806044dd6a0a4ab470043455d.jpg,6,65.872224,-22.393571,6,65.915605,-22.966814,26.47692,2.555062,0.9372034,0.002286017,0.9281165,0.9898474,4.349452
44019ed2f04c4e9ea6d2ebc9f7909349.jpg,7,38.004936,14.97563,7,38.111306,14.97837,11.830254,3.95371,0.80363953,0.03172928,0.78480107,0.8789931,11.830254
4413feee4ae54eadae0308298722134c.jpg,11,38.490793,28.055144,11,38.492373,28.04968,0.5069607,0.5069607,0.74937403,0.008957267,0.7144499,0.8890706,0.5069607
441e2dc1ab82457ea3574951a2908896.jpg,0,54.542672,30.719123,0,54.559285,30.706093,2.02943,1.5433872,0.7168094,0.041950524,0.710414,0.7423909,2.02943
4423ca07772d415b925eeb7438712312.jpg,2,37.051734,-5.929738,2,36.772698,-6.04207,32.59513,32.59513,0.7944762,0.06389302,0.82279485,0.7950595,1381.7684
443115031c82428f855d65575feb1fb5.jpg,6,65.354701,-14.937294,6,65.362214,-14.866272,3.3970237,0.9126741,0.92904365,0.0033717752,0.9176115,0.9900612,5.260263
444368c69c6541e3b29ba0834b2fcae1.jpg,2,29.184797,-13.5011,7,45.763535,9.25114,2707.7349,273.75296,0.6165378,0.0010643601,0.5919502,0.76677847,3177.5747
4465d9367d7a4ff2b4d49073fc3ff380.jpg,3,63.237145,25.664446,3,65.933526,24.624904,303.88983,71.523026,0.8590133,0.002795577,0.83820176,0.969677,139.08636
44685de197d7447ca217bcde7a037c7b.jpg,10,63.429312,14.061881,3,63.053611,31.174255,855.1662,35.2601,0.80562806,0.025134504,0.8012601,0.8936095,118.23139
4472b3143bed40a2a1eefff884ae8fee.jpg,8,58.416207,6.021846,8,58.411325,6.02607,0.59599805,0.4785354,0.858866,0.00783354,0.8317577,0.96966046,3.7157366
447b4781bdbb4d9d96918b2cb15d4403.jpg,6,64.464907,-21.524962,6,64.470019,-21.518989,0.63644606,0.63644606,0.8359779,0.086444974,0.8140321,0.9237611,0.63644606
447ba47892b142a8844e8eb09cb8447e.jpg,8,63.991095,10.17947,8,63.992221,10.182607,0.19766778,0.16867138,0.7934296,0.01697129,0.78280616,0.83592314,0.19766778
448b1819cdc64cdca675a8502baa2c4a.jpg,7,44.485454,11.257014,4,49.087573,6.13898,642.88666,28.854048,0.7041213,0.01817435,0.66722256,0.8517161,642.88666
449461bb72704ee2b85b2f8ca32faf76.jpg,4,48.818064,5.022291,1,53.089773,11.289851,646.3334,209.35942,0.7333662,0.0014976263,0.71143264,0.8271847,591.27814
44c1a84201f149b8b512884d4ac4a613.jpg,10,59.919194,18.925024,10,59.939451,18.600144,18.240698,2.3861554,0.8040624,0.018971443,0.7954432,0.87987804,414.74176
452913b228314431a1a817b331793bc0.jpg,4,46.204175,1.202072,4,46.198041,1.223771,1.8039038,1.8039038,0.87292457,0.118670106,0.8769052,0.8570017,1.8039038
452ee71b21ba492e8c824e4e008d0e1b.jpg,6,64.513113,-21.541816,6,64.470019,-21.518989,4.9149327,3.9208019,0.7757229,0.014189541,0.75273645,0.9105949,13.6349535
454e950162f0424d89949fcc183498f7.jpg,1,49.486827,11.373957,1,49.591092,11.622326,21.344904,15.324109,0.81235284,0.07008606,0.7897295,0.9028462,21.344904
45678d3b693540d0acc9691eadeba0a0.jpg,6,65.491837,-23.458891,6,65.497527,-23.454276,0.6675434,0.6675434,0.9509642,0.0077266693,0.9406358,0.99227786,0.6675434
4584bbd67f7d41bf879b11ef3a8fd639.jpg,2,41.80035,2.830866,4,46.508821,5.310979,559.62024,8.509601,0.66867614,0.0036802292,0.657676,0.78391254,298.23135
45abc2d04a394041bc839db35a20d29e.jpg,8,66.316632,13.297645,8,66.315559,13.292764,0.24852742,0.16391167,0.8851792,0.025662482,0.8679197,0.9542173,0.24852742
45c1955e2643424a8cc54c4cd646798f.jpg,3,62.920974,21.183411,3,62.890771,21.22455,3.952188,2.2039413,0.85726,0.02171743,0.8312199,0.9614203,3.952188
45d0c781be7c4d8eaf91e8662c935927.jpg,3,62.292163,23.704413,3,63.307775,25.625051,149.2628,21.440033,0.78491604,0.0020567775,0.7703656,0.9225694,297.79446
45f86f1d6b974ba59f729caf9e3c064c.jpg,3,67.50209,26.06033,3,67.544841,25.77623,12.979076,12.979076,0.85299957,0.046224296,0.8262376,0.96004736,12.979076
462d6afbba474cb0a318dd907d7c54c2.jpg,0,53.324103,27.09584,9,53.729954,15.779017,748.5971,8.165461,0.7106634,0.0071070194,0.7153624,0.8025013,429.21777
4641e1d3f7dd4f5982c3403cddaa7d44.jpg,2,38.797892,-2.337173,8,58.427187,6.014318,2263.318,13.142331,0.6956729,0.004578054,0.6832833,0.85001105,2252.76
46521ebb8b934ccd835104b0e228e611.jpg,2,28.66924,-17.772322,2,39.971872,-0.58087,2011.6375,1392.9402,0.67220503,0.051347077,0.67464733,0.72637534,2736.025
46576bba1efc41e8809a40417cdc3382.jpg,7,40.58037,16.577038,7,40.486163,16.302527,25.454683,1.1238196,0.7335385,0.02116704,0.7262169,0.80592287,24.936138
4670e793d62b4d0e98d9269d51c3c1d4.jpg,7,36.773755,14.908386,7,37.257603,14.504876,64.63812,1.0331424,0.73786265,0.0017991066,0.6969356,0.9015709,64.63812
468430c32f8a4843bd17e998e71add20.jpg,7,44.509457,9.793595,11,41.444897,31.81685,1817.9496,36.823593,0.66991705,0.00054883957,0.6387612,0.8009391,1819.2782
468ed84a2a304845b6d8ebb1eab63169.jpg,1,50.492264,10.208583,5,56.312798,-4.72806,1179.142,15.867204,0.752974,0.019157112,0.7699252,0.7145913,2185.3896
46bbf9147d3245488669ac55d381cbe4.jpg,10,66.65806,19.946702,10,66.657957,19.94757,0.039920095,0.039920095,0.94914734,0.07938808,0.94021606,0.98487234,0.039920095
470a1bb810c74f84ab3a5e59fda7f917.jpg,8,61.865239,6.269287,8,61.865314,6.273277,0.20937638,0.20937638,0.7592294,0.005758047,0.7275456,0.90141535,6.6416306
472ad7bc8c1f40059b2cf408f809eb04.jpg,0,53.246339,29.443691,0,53.596495,29.935068,50.75576,0.106788136,0.7756698,0.013170302,0.7623704,0.8288671,50.75576
474258f1525d4fc98d5587c0e6924af6.jpg,9,54.201122,17.516614,8,60.628291,9.900202,846.6092,2.6116407,0.7442229,0.010823846,0.7300862,0.8537051,222.18887
474cb50379184cc6bb882b2e91748ab6.jpg,6,65.414802,-14.569327,6,65.668297,-19.596623,233.09511,4.481211,0.8715913,0.010111868,0.85970324,0.95574737,35.680843
4766caf29fc04401bf9d415fb970c8eb.jpg,9,49.872828,19.04911,9,52.415285,20.754915,306.7095,22.699505,0.6809346,0.001465857,0.69414216,0.7718195,216.82724
477a27cef95f4125bc7e344a133beb98.jpg,11,40.544976,43.201066,11,40.471631,43.327216,13.426019,7.7924666,0.8472674,0.05021441,0.8281488,0.9419061,120.625595
477d34023ae445af9c519da29409b62b.jpg,6,65.98815,-16.408818,6,63.684204,-18.359394,272.2501,38.617767,0.70739275,0.0016184449,0.70808077,0.8101381,1019.697
47a1a0687840443185aae557746b06af.jpg,2,39.350222,3.184964,11,36.330829,33.661533,2684.376,274.0335,0.6950311,0.019236207,0.66399574,0.87427783,2676.946
47a894a8f3b64f899448df92ca5f0685.jpg,8,62.049625,7.25159,8,62.053501,7.248536,0.45944035,0.45944035,0.74241626,0.019142509,0.7207948,0.8856821,60.79457
47c37afe42d44b3497b68d7ad36ea12d.jpg,5,57.439806,-6.753871,5,52.145155,1.259349,780.32666,0.23579223,0.647351,0.002027154,0.6318954,0.7712823,790.0367
47dcc3c436b945c7b8f9122fb4406194.jpg,5,56.340248,-3.548863,5,58.506131,-6.261553,290.4295,41.320717,0.772246,0.025476456,0.74433184,0.8839026,290.4295
47fb85a3973f4324b9430359171b8bae.jpg,3,64.921002,27.613078,3,66.383732,25.871219,181.17645,3.7776117,0.88378644,0.022795081,0.864747,0.97049296,160.432
4810882d3f84479b863f7778f3e8d02d.jpg,10,67.64128,20.943796,10,67.64169,20.943695,0.04578979,0.04578979,0.7722849,0.069771826,0.7759687,0.8243897,11.573918
48165b1480584c638703e1febf0bdc24.jpg,8,69.494306,25.481535,8,69.465926,25.47615,3.162689,0.99673724,0.87588125,0.016652226,0.85222936,0.97106624,33.989555
48328b91043343429411f11f3413b691.jpg,9,53.42637,17.16252,1,51.928671,13.935553,273.93414,3.509462,0.75754696,0.029017925,0.7398435,0.8283609,273.93414
484eb66f9ff64a5f8948907557d04726.jpg,2,42.494222,-3.07377,3,68.370478,27.415897,3384.8303,331.1003,0.6891828,0.006201029,0.70947546,0.7246679,1876.6962
484f10dd91d94b40b38ab0548090d651.jpg,6,63.986584,-16.398343,6,63.985706,-16.399769,0.1198662,0.1198662,0.95572823,0.085798025,0.94970775,0.9798101,0.1198662
485fc301ff544e349d552510f9c59c7e.jpg,7,40.485485,16.303157,7,40.486163,16.302527,0.092317075,0.092317075,0.9480704,0.10372132,0.94072473,0.9774529,0.092317075
486ae374e5bc4d8ba33c23b44b9eedeb.jpg,5,55.81367,-3.298209,5,56.519868,-6.956313,239.66837,5.7558355,0.6911947,0.023537517,0.6728623,0.7883674,346.31973
4888245708e24cab8529b98640a70b44.jpg,6,66.065286,-18.531284,6,66.067794,-18.531692,0.2794839,0.2794839,0.93396056,0.12183106,0.9229357,0.97805965,0.2794839
48dd3c6be81e4b14b0bde9d205cbd9c9.jpg,11,39.175179,27.850352,7,43.19454,13.505253,1278.9163,24.988836,0.6176766,0.013520837,0.5707637,0.8311298,826.52997
48e7cec559e84b6399a60f72e00b995e.jpg,7,42.57131,14.099177,7,42.55573,14.112832,2.0620182,2.0620182,0.783188,0.063444376,0.7994501,0.8319242,2045.986
48ff48bcd32e4b80b92c826714ce083e.jpg,6,64.964155,-22.890035,6,64.945375,-22.900832,2.1492028,2.1492028,0.8310424,0.0028728843,0.8211737,0.9324442,11.020539
490c9d5d6bba47e6a0832eb06adf0015.jpg,10,58.103369,13.835063,4,45.034663,0.475515,1714.8088,24.406357,0.6530106,0.013785899,0.6714114,0.73720735,1206.0293
490ca2f59c004b768250607c8ec16222.jpg,1,50.134696,9.403593,1,50.12901,9.39222,1.0280577,1.0280577,0.75133663,0.0349679,0.76667416,0.7143259,2233.9412
4914cd9b6a7c4b41991cb33f29657e21.jpg,3,65.068917,28.899168,3,67.139356,28.717167,230.36829,7.418956,0.8874816,0.013336241,0.87165844,0.9666899,197.05783
496b604f6e27476f85854596e76e2feb.jpg,6,65.288631,-21.748123,6,65.31446,-21.744239,2.8777215,0.22151202,0.8539455,0.06886101,0.8288772,0.9542184,2.8777215
499d4c55384d4df6aaa207a178c2fe10.jpg,1,52.823001,13.940233,7,43.386873,11.308793,1067.0956,15.292275,0.7414834,0.0075773597,0.7277146,0.7965586,1067.0956
49aad7c10de9414e9ed30554109341f8.jpg,0,53.129083,29.487088,0,53.069735,29.987999,34.08797,11.064861,0.83361804,0.012929678,0.8067594,0.9410523,34.08797
49bb9f5239b24b868dcc593f63903e96.jpg,1,54.244428,10.590835,9,51.351261,22.736211,876.2384,1.2818846,0.71733415,0.0042333007,0.71703565,0.8026425,729.4978
49ef156911ba439aa0c3ff8b252148c2.jpg,1,48.648046,13.410859,10,59.837076,17.521568,1271.8994,624.9935,0.7482378,0.009336352,0.7137345,0.90974796,1293.0714
4a057608112e41f289448e742d20af01.jpg,0,53.032974,25.65375,0,53.051938,25.544566,7.5977726,0.12028607,0.8107717,0.08349526,0.78289884,0.92226297,7.5977726
4a14781e28494a2c978d686aebd1ed3c.jpg,0,54.73364,25.983014,0,54.584442,25.889414,17.648657,2.6010501,0.8515512,0.0038490295,0.8352702,0.9421757,55.944504
4a98b99c0367435fafdc78604f99c3b2.jpg,11,37.045075,37.380866,11,37.378828,36.095251,119.743935,1.364886,0.6642088,0.023094356,0.6285095,0.83564603,1992.862
4a9ef0215b3c4fd0a5f76616d1ea810f.jpg,7,44.69207,11.305349,4,46.434166,3.083105,668.4075,22.73181,0.63681424,0.011952519,0.6316997,0.6572722,668.4075
4aa0d89ab1c24e9980fd316cb28661c0.jpg,8,68.504077,16.912181,8,68.502395,16.894419,0.74752873,0.74752873,0.87406677,0.02957505,0.8537003,0.95553267,0.74752873
4ad45eb66e8a4ed0883ff94cb7175f92.jpg,9,54.244746,16.563825,9,51.429984,22.494215,506.31427,56.940495,0.76130396,0.056986213,0.73576444,0.8634621,506.31427
4af2b71be53e4eb58433acedbb01e3d3.jpg,7,39.097798,8.365427,7,39.062047,8.433358,7.08415,2.0061765,0.72996414,0.03476596,0.6837517,0.91481394,7.08415
4b3300fc8f264dc882f088c97ee999be.jpg,10,62.106702,13.385703,10,65.451277,19.377702,473.89932,8.941649,0.84370637,0.010817587,0.82583606,0.94254905,413.5587
4b5267f5f0c24d7392d29a74f61ba9a9.jpg,5,50.330334,-4.813976,5,50.279947,-4.991215,13.778147,1.4657446,0.8284011,0.048089385,0.8055586,0.919771,13.778147
4b62c2b463b047bca751f1a527d12e99.jpg,0,52.345096,25.017779,1,49.932232,8.459739,1183.12,17.087118,0.70545655,0.015340447,0.6838901,0.8018063,998.39935
4b6369b167d244a4b8ee1a7605c39b32.jpg,10,57.693462,18.559936,9,51.72534,21.06443,682.72833,1.7621678,0.7053782,0.0051587224,0.6880135,0.77567506,723.4503
4b7c752148134669b42dd1c7456166fc.jpg,4,45.74292,-0.853386,4,45.845665,-1.156624,26.138765,18.784378,0.8649506,0.073675394,0.85561574,0.90229,26.138765
4bb1417857d24acb8118bb72c4e5d4e5.jpg,0,52.927488,30.068844,0,51.648639,30.4409,144.43535,2.6934822,0.7915453,0.009159982,0.79616606,0.80128497,114.49176
4bc02f2a1a21419d9f5f623773664300.jpg,10,65.882163,19.462928,10,65.878319,19.462936,0.42743403,0.42743403,0.9270383,0.025469184,0.9149358,0.97544813,0.42743403
4bf0daf20520463baa16b8bd0925ea73.jpg,8,68.354185,18.808385,8,68.421026,18.683145,9.030525,8.854057,0.80167854,0.019871831,0.7830999,0.875993,9.030525
4c0473fc8e0d4d938c9d189c5f3c52d0.jpg,2,39.035976,-1.904517,2,37.084424,-4.375483,306.39142,0.39230293,0.6476855,0.0025054812,0.62595165,0.7407002,330.3106
4c0afa34f1eb428599c00dae7d5fe47d.jpg,9,53.70956,17.000648,4,48.094103,-1.994316,1465.1002,115.74612,0.5908828,0.020391941,0.5654278,0.6982582,1498.4055
4c10f418ac90479aa37ddfd9467aec8f.jpg,11,38.632394,27.666155,11,38.615044,27.668099,1.9366122,1.9366122,0.906481,0.05045545,0.89591265,0.94875467,1.9366122
4c30a79e247a444bb87a5ac9a30ba168.jpg,7,42.82017,11.760386,2,28.348655,-16.514013,2998.797,613.4287,0.691735,0.030440867,0.654039,0.84251916,2998.797
4c4183dfd7d843dca607ec531c3abeb6.jpg,5,57.842798,-5.076834,5,57.556558,-5.101145,31.86124,2.3927252,0.770078,0.0040438175,0.7221625,0.9617399,31.86124
4c64a17894694222bd328d5652b44b46.jpg,11,39.791325,34.196772,6,63.839165,-22.434736,4499.8784,12.1475525,0.6976003,0.026778996,0.66757154,0.81771517,4499.8784
4c8d9d83b6924894ab78a8ada8fdee3d.jpg,3,62.158051,30.057539,3,62.147318,30.047574,1.300862,0.4209935,0.87815577,0.019570291,0.8552846,0.97116673,6.5568795
4cd85665cf3b40cf95c6aca77d092095.jpg,4,49.116224,-0.508314,1,52.044924,11.878366,931.8215,10.181864,0.6803938,0.00880748,0.69721913,0.7542615,583.0285
4ce4e1c4979043f780de0e169f8b9b95.jpg,8,58.143277,7.863374,8,58.143655,7.864008,0.05613486,0.05613486,0.7498839,0.00030136108,0.72652215,0.8616848,119.020546
4d0a6c08843d4b3b8f5fa38615a8b285.jpg,9,51.585864,20.067955,1,52.905559,13.597154,464.1486,4.1699,0.7095913,0.0072093606,0.7164912,0.8119283,396.9673
4d0d728dbbbf444690dae17745f28d7f.jpg,1,53.543606,8.13631,1,52.505012,7.081913,135.31139,16.949373,0.7272457,0.005013585,0.70579135,0.8328041,66.61757
4d12011b22b54a8aa160e8cc49c0fe58.jpg,4,42.905072,1.429729,11,35.967913,36.033367,3046.8552,14.460257,0.64178073,0.0096178055,0.6221146,0.72044533,3046.8552
4d1bcfe366d64aacb324ca4e0b8882b5.jpg,4,49.362097,-1.192688,5,55.590178,-2.586019,698.89343,205.59142,0.7174536,0.006441593,0.7130008,0.8191803,1365.8485
4d1d5addcc7843ab984932e4f51739a2.jpg,7,44.304192,7.153658,7,44.313225,7.211355,4.6995254,4.6995254,0.78471404,0.026097834,0.7794081,0.8059375,4.6995254
4d2e9f438c46486bbd4f606bb4da3816.jpg,1,50.356695,7.75832,1,53.131801,7.807611,308.59677,37.53622,0.67211574,0.014918625,0.6709964,0.74540466,166.74825
4d36d6f05d5641debbd178f35760cc26.jpg,0,53.998808,28.631085,9,51.471647,23.539138,443.09515,132.84245,0.7232019,0.0046355724,0.7083007,0.8376677,782.782
4d51735b36d144259796cbb18fb7c2f1.jpg,4,49.186167,5.809514,4,44.615424,-1.061537,728.02155,21.68072,0.78352803,0.03432721,0.77890646,0.8279878,1762.0817
4d61da32ba30469fa3e66c6346075184.jpg,6,63.490982,-19.362252,6,65.164719,-14.190469,310.82138,1.4018677,0.7444629,0.0024494529,0.71732306,0.886289,226.53874
4d9561af2cfb48e0bf9c43f7c0d98acd.jpg,4,42.961222,9.400118,2,28.670361,-17.80403,2902.1685,0.28239155,0.68103987,0.0025868416,0.66759825,0.7825716,162.62938
4db991d80a7a411f867f3eda01ae3d1b.jpg,3,68.378519,27.409217,3,68.385087,27.409191,0.73033005,0.057775132,0.9275371,0.009659886,0.9129622,0.98583674,0.73033005
4dba768ddb2741709bfb2e78ef1f24ec.jpg,2,42.432153,-7.703815,2,42.441843,-7.706388,1.0979748,0.51088387,0.6983485,0.0004361272,0.68177885,0.809786,0.51088387
4dc8f2c2d0ea44fe8a91054dc5e400da.jpg,1,50.778816,10.200671,1,50.488534,12.973709,198.2112,11.970964,0.70457476,0.015236437,0.70539397,0.77182573,252.48387
4df03b39bb664823abe30822995fda94.jpg,6,65.829422,-14.838817,6,65.570134,-19.349029,208.33931,9.692917,0.8279296,0.017087102,0.80162156,0.94424963,207.85057
4e028f78b18148beaf09f22aa501c6f8.jpg,11,38.115543,27.348554,11,38.120623,27.345683,0.6181913,0.6181913,0.9006643,0.06648451,0.8802656,0.9822591,0.6181913
4e43bb2e49434f1096d2e47dd6e0f679.jpg,0,52.795608,29.407099,0,52.797969,29.406642,0.2643235,0.2643235,0.8779854,0.050369024,0.85889935,0.95432955,0.2643235
4e4ce1d55f2040d79b08961385c6d8b8.jpg,7,41.075191,14.926437,2,41.537821,-5.953375,1740.5713,25.69976,0.68089616,0.023196638,0.6698321,0.75235206,1831.6678
4e75769a7cc44e50a856228996bc86a9.jpg,11,39.292443,29.972252,11,39.287131,29.972519,0.59111506,0.59111506,0.7488648,0.0035281181,0.72796184,0.8338007,3425.9575
4e8a872169f948b4b3c3caedaa6e464d.jpg,6,63.676546,-18.389269,6,63.684204,-18.359394,1.7013192,1.5942434,0.9177371,0.00068306923,0.91374654,0.96055114,2.9963536
4e91b8acb02541b4b40c6e24f532eda6.jpg,7,41.966591,14.917197,11,39.34618,26.780973,1041.3353,48.958168,0.65820897,0.0004068017,0.63390994,0.8350892,1721.3281
4e9248046476424d892b18d901004434.jpg,1,49.523044,10.094488,1,49.562134,10.324151,17.131355,15.215563,0.6909867,0.019435108,0.6702877,0.7879925,32.547276
4ea2e3482fc3410b89c26a267c74cca4.jpg,8,62.559321,6.127328,8,62.539636,6.126605,2.189189,0.11853471,0.72803855,0.100114524,0.7053616,0.8187464,2.189189
4eb49ec263bd4bd0a41e357f9dd42206.jpg,10,59.866173,18.137683,7,45.640032,10.832711,1654.1196,34.334553,0.6996214,0.015945613,0.6589088,0.8624717,1654.1196
4eb527c27a8c4154ba5f5859622f851b.jpg,6,65.911059,-19.396349,6,65.907205,-19.396411,0.4285551,0.4285551,0.9062668,0.023409605,0.8919202,0.98021495,18.15332
4ebb4f89b2844499846aae516e1d0393.jpg,6,65.856794,-23.439946,6,65.779176,-23.235214,12.706437,2.2674925,0.9192462,0.00112468,0.90123713,0.99128246,12.706437
4ed01f85342d4c73987773142b530fb7.jpg,1,52.356261,7.303027,1,53.462868,11.628761,315.0322,16.764803,0.7738594,0.00748235,0.7661292,0.8509001,468.64774
4ed0a0b6ef9a4277ae5bcfa7c817e604.jpg,1,54.434914,9.336521,1,50.891208,8.276213,400.4657,20.406767,0.629265,0.024961293,0.6267474,0.68803823,538.8563
4ed4713e101d468f852882d7f11669be.jpg,9,53.288425,15.765717,1,49.022165,7.870251,726.0729,251.71996,0.6536669,0.041811883,0.6579751,0.7626891,809.0743
4edc9f30ca4c4362b34880931b480d1c.jpg,1,51.793185,10.603517,0,53.287655,23.939854,915.68744,82.93557,0.6152437,0.0021130443,0.6001993,0.73343694,1270.2871
4f165c407a5b4c6a8549c4697fe424c6.jpg,1,51.847743,6.165924,4,50.043414,1.392481,389.8753,4.177209,0.72260386,0.0058820248,0.71088743,0.77985215,348.45502
4f39f1e9239a400eb41bd30700102fdc.jpg,10,60.198102,16.593615,10,59.865138,16.822127,39.13911,0.14844872,0.79162264,0.050403714,0.77008986,0.87775373,39.13911
4f9ea5f3fb644ea5893db789704e30a7.jpg,5,51.110941,-1.673939,5,50.440984,-4.719669,226.72585,50.245216,0.70204896,0.0025591254,0.71093893,0.796924,1458.708
4faa6b5169234448a05a9db2086ada6d.jpg,10,57.560415,12.015431,11,38.621487,36.439849,2748.7817,67.9208,0.6638205,0.03018421,0.6583425,0.6857327,2748.7817
4fb99e061ba84d32b2f541e772caa901.jpg,9,51.349538,15.610458,9,51.478109,15.268282,27.704102,4.9330926,0.7926773,0.09013271,0.7736789,0.8686705,27.704102
4fbfd7ab4a48463ab93e4b0ba9ea8574.jpg,2,39.383733,2.998294,2,39.384622,2.996997,0.14898694,0.14898694,0.8906287,0.13265568,0.88041335,0.93149,0.14898694
4fe37557a9c843ff857ca1852571d457.jpg,7,41.071664,9.210277,7,40.97467,9.118454,13.253644,8.065785,0.69524825,0.052684903,0.6619764,0.8283355,13.253644
50263e59b5bc4393af46bee3b41d97c0.jpg,8,67.251914,15.429909,8,66.755091,15.834581,57.97353,0.54952866,0.7546628,0.027980626,0.7593,0.8505747,16.695843
50460414b229415fb940de88c0a8cf22.jpg,6,65.03562,-14.109742,6,65.248194,-14.356785,26.307058,2.4921193,0.7843266,0.014108837,0.7572384,0.89951634,26.479874
5050a007c9834521be70c3694bdcb60a.jpg,6,65.760098,-23.883282,6,64.912407,-23.800747,94.336815,0.5347483,0.79491615,0.0014253855,0.76561385,0.91212523,94.336815
50537e6c4bac4ae786426f3de267dd5f.jpg,2,39.66495,3.267195,10,61.723387,17.301878,2631.3115,1.7187595,0.6947355,0.011853814,0.6737031,0.7788652,2631.3115
509786f6488f4eab8928695e42b8c4aa.jpg,1,54.199539,13.070523,9,49.777361,22.067226,787.2262,126.692345,0.7038912,0.009969652,0.7106079,0.77355397,1004.40094
50cb3a8c2f2348fcbf5e2873a087c9d3.jpg,5,56.126394,-5.130044,5,56.046013,-5.178459,9.429186,9.429186,0.82722706,0.011588931,0.8007885,0.93849605,422.40854
50d9b30ee83c4059b95b3fe0f7d4e76c.jpg,10,59.134639,16.45956,10,59.902445,16.751614,86.950745,79.55659,0.75230217,0.026427925,0.72395587,0.8899927,1093.3506
511a6e08641445c582cfc3e3dff00c49.jpg,3,62.040821,23.663412,3,61.916374,23.693425,13.926432,2.8282347,0.876625,0.045808494,0.8520243,0.9750277,13.926432
516df726f2334468be3e2d4e3817895c.jpg,0,53.471437,30.369359,0,53.596944,30.343356,14.061169,1.4012461,0.83718735,0.03889841,0.8205174,0.90386677,14.061169
51935f90d70a4d08a6866629619942d4.jpg,8,69.297262,15.993282,7,44.095861,8.127171,2837.806,0.42106628,0.7058057,0.050670266,0.71013916,0.7949945,1194.4965
519ef0c852624d22a2d38de6ff021a61.jpg,10,66.59737,19.499125,10,66.579899,20.477323,43.261093,11.978015,0.8883179,0.012576044,0.8710896,0.9572308,43.261093
51be8744ff5b4b68b638ba337d4bca2c.jpg,10,67.739085,20.668919,10,67.844798,20.396218,16.417463,4.336195,0.77470005,0.027584553,0.75003797,0.90762246,262.58203
51c6bcc43c114f5bb7b09270e196a23b.jpg,4,44.69824,3.023086,1,53.291893,9.237803,1056.725,50.117043,0.65992427,0.0011745095,0.63969934,0.77614105,1067.22
51d734d5d4724d05a5263c637e99c04b.jpg,2,37.29686,-5.712545,2,37.420785,-5.912494,22.409603,22.401735,0.7176337,0.0031548738,0.71564496,0.8496889,393.06204
51feea5a715948a18559e5a6ff3aadd6.jpg,11,38.671327,41.198874,11,38.671617,41.199049,0.0356462,0.0356462,0.9327025,0.068461776,0.91980004,0.9843123,0.0356462
5202c54f6762468d99831ec3e3803ed9.jpg,8,60.24325,5.367878,8,60.242275,5.367856,0.10842195,0.10842195,0.78416526,0.053106308,0.77617586,0.86549556,1166.6389
52093e3ebe424a848c835092ee8491f1.jpg,10,59.577443,16.845407,10,59.220796,16.615308,41.74139,41.74139,0.8019884,0.055397153,0.7808741,0.8864455,41.74139
5240c79a2c654397a3813fad4d8e1c15.jpg,3,65.25382,26.500389,3,65.238803,26.453585,2.7453692,2.7453692,0.85116196,0.10109156,0.8309177,0.9321389,2.7453692
5250d40ddca548f0b496fbabf58ceb42.jpg,11,40.910299,35.638072,11,40.915877,35.640699,0.65835786,0.65835786,0.90565914,0.064629555,0.88936794,0.97082365,0.65835786
528e2b28e1e142cb92100540f6367ce3.jpg,1,51.384251,8.585794,1,53.356219,7.915865,223.93767,21.301765,0.64899427,0.018864691,0.63510627,0.84929,277.41873
5298142342f340d398af5499bef83dfc.jpg,11,40.681634,36.551816,7,45.682616,8.479904,2330.016,1559.7489,0.6089264,0.007576227,0.5650853,0.81696755,2104.5369
529a87ec52774692a1cca23415104d73.jpg,0,53.005676,27.456991,0,52.980358,26.912436,36.555374,4.6767654,0.89339983,0.01951158,0.8772513,0.957994,36.555374
52a08b3330d543d7b3d4341ff8b3954e.jpg,7,39.323828,9.146098,7,46.159143,12.836418,817.37683,0.22725749,0.72231144,0.04082817,0.6937868,0.8364098,817.37683
52b003f372a94a718d5c76e42de0c230.jpg,4,47.254909,1.935427,2,39.134058,-0.305732,920.98346,9.590049,0.7459421,0.0043640137,0.75144315,0.82563186,435.1942
52b06666b1d944c5a53f3d47f71882f7.jpg,6,65.480624,-22.129612,6,65.578864,-22.13482,10.926438,0.99487925,0.9268139,0.011474729,0.9115199,0.9879899,10.926438
52b5c5e7e7a846588d66b2bd1f87d02c.jpg,6,64.741541,-14.35551,6,64.708597,-14.317648,4.0804734,0.7426744,0.91409284,0.0038463473,0.89868045,0.9757423,4.0804734
52d21375d2a743d88119e4b7e7378497.jpg,0,53.616386,27.465608,0,53.615614,27.465529,0.0860006,0.0860006,0.9313059,0.014744163,0.9180436,0.9854353,106.479996
52f45cdc851c469c8d4e774532e0d67f.jpg,2,41.935253,-6.724018,7,43.754894,10.763988,1437.2844,91.40619,0.6835194,0.0011794567,0.65683043,0.79662025,3526.6868
52f5ef59154b44828aaf357f5c0ba586.jpg,0,52.570355,24.242677,0,54.559285,30.706093,480.48334,63.863503,0.5990755,0.0013357401,0.5817462,0.6937871,262.5773
5308da84d0e049d9a67d15aadb708e22.jpg,9,51.034292,22.532073,1,51.911262,13.542135,629.8289,501.95877,0.7311933,0.0134359,0.7282292,0.7761567,950.3875
533d57e1b72e477da584929cc55ade09.jpg,3,63.935415,23.440532,3,63.933639,23.436564,0.2767412,0.2767412,0.8730159,0.05423832,0.85888344,0.9402066,60.959435
5349b54ec0184195a2bd9f821be07eec.jpg,8,68.8293,18.225257,8,68.856004,17.984385,10.112832,2.248835,0.8003114,0.037972867,0.76422715,0.9446484,10.112832
535429ca67d643a3ba5968d1295f829c.jpg,7,45.194042,12.15422,1,52.152133,7.681115,840.1323,38.950096,0.73046774,0.01679629,0.7240344,0.7811699,294.4147
536bcf07d74c48c0b879d5b1da87baec.jpg,8,64.037841,10.057164,8,63.437116,11.726786,105.87336,0.47969237,0.7124073,0.05135733,0.71390736,0.7751755,3190.2756
537389b1f15549769493acdfde2ca8d0.jpg,3,62.961849,28.558986,3,62.929168,28.238683,16.602125,1.1088706,0.8836377,0.006020069,0.864481,0.9602648,16.602125
539235ce649e4bcb8a1161d755f9438c.jpg,3,65.487875,28.79542,3,65.579642,28.919944,11.705042,4.325858,0.90438986,0.013890505,0.8855635,0.97969544,11.705042
53c37fa6039b4d5bb5f7f48ebb40c780.jpg,8,61.539009,8.88646,5,53.392794,-0.772467,1071.8557,12.9623375,0.64141893,0.019208908,0.6166855,0.7529618,1073.0725
53ca1823a9944003b67f1862f13f7676.jpg,7,45.151314,7.805021,10,56.245551,16.466547,1373.744,17.09579,0.7213012,0.009313464,0.7141168,0.75851035,1118.4968
53fd539294774fb89a8196db140a7b85.jpg,11,39.609539,40.188321,11,39.604715,40.184767,0.6167899,0.6167899,0.9147145,0.036512613,0.9023212,0.9674909,14.564529
540d4c7529ea49e8840fb13840435196.jpg,11,36.817293,34.565584,11,36.81714,34.566285,0.064678766,0.064678766,0.7771978,0.052731156,0.75997245,0.90234673,641.8651
5431ba3da64240b8b7061c25c0df9ad2.jpg,3,61.865383,29.741291,3,61.898763,29.807378,5.076512,3.1749294,0.88219595,0.044533372,0.8672871,0.94946986,3.791066
547310d1029e4009b09804e1665c124c.jpg,6,65.2768,-14.415082,5,58.491875,-6.248598,865.80414,1.2778754,0.6756816,0.0034638643,0.67087734,0.79089975,899.54694
5485715bdc9a480db0b5ce125255016c.jpg,11,40.391804,29.456193,7,40.825782,9.322049,1696.5908,15.992271,0.77407223,0.004599333,0.75294924,0.89583766,1733.1896
549272161d7a4487bc4545a7882d4e10.jpg,4,47.958474,7.392711,4,49.696319,0.53088,537.9475,27.07651,0.74716806,0.006667733,0.73871064,0.8621373,178.11243
54a3cc1a6cf74ec988cdc4b9b3bae2ac.jpg,11,37.305125,30.44581,11,37.305121,30.448507,0.23854119,0.23854119,0.84300476,0.097328186,0.82548285,0.9130924,0.23854119
54ae7e83db814f70837a4fa64044b8bb.jpg,10,55.967693,13.755658,1,49.883692,6.618844,827.6523,49.314533,0.7178376,0.0118891,0.72377753,0.7456498,395.59134
54b176fa57b54d2fa06227bc26e3fd84.jpg,0,52.467516,29.278039,0,52.469873,29.280301,0.30359167,0.30359167,0.79531544,0.0074911714,0.78408146,0.87558466,37.755795
54b729bf5133456bb314f3b010ad2612.jpg,7,40.972457,9.235749,7,41.030527,8.970655,23.164331,2.949675,0.8482971,0.025935829,0.82628703,0.9434217,7.796014
54ffa6086649492f86ffe2ecebb33d36.jpg,2,36.323847,-5.954856,1,52.044924,11.878366,2240.7854,681.92236,0.7104628,0.039935768,0.70993066,0.74831665,1854.33
5525c989c7a740f0b7d8ca4ca97e3a7b.jpg,4,48.450049,-4.487558,4,48.464208,-4.51439,2.528606,2.1982608,0.8384737,0.025814354,0.8184609,0.9185248,2.528606
55344917bc2e4657a6be6166975f7bbc.jpg,9,52.4992,20.909518,9,52.496954,20.877391,2.1891055,2.1891055,0.8228695,0.031802833,0.806741,0.8873832,2.1891055
5534605638dd4a27bea6dc2e291a5255.jpg,5,52.833242,1.073067,5,56.521364,-3.221892,494.1876,1.3792788,0.7688248,0.005569637,0.76367116,0.88020796,387.94894
554b7be5beec4694a2476d914e0a0241.jpg,8,62.535577,6.126951,8,62.539636,6.126605,0.45168945,0.45168945,0.7938714,0.040128887,0.7960124,0.78530717,0.45168945
558d3fe8dc7c49d6b6fdbb608790f395.jpg,5,56.453916,-5.690768,5,57.156151,-3.879499,135.10774,7.058785,0.7508551,0.002871871,0.71053815,0.91212285,135.10774
55e88598998641e0914d59486f6627e6.jpg,11,38.946792,36.044773,3,62.267809,25.682837,2686.5845,840.2277,0.60144955,0.0046917796,0.5703163,0.78596336,2574.3765
56024755a6e54192b5a4f604fc11d38e.jpg,4,42.954593,0.377998,4,47.650713,1.122088,525.4109,35.720535,0.6898675,0.0068368316,0.6846397,0.7530736,981.40936
561e9649a4304384960bbb45425badf4.jpg,7,39.010606,8.384201,7,39.063531,8.433737,7.2758455,0.040862616,0.7447919,0.03198856,0.73374367,0.80734897,2227.253
56464811d78449a3be29e7a82578f552.jpg,8,59.500557,6.53722,8,59.475373,6.293143,14.061245,14.061245,0.6600408,0.06427038,0.66757995,0.6830156,2521.7795
5660547f6e6c41e49ba3cba2c4d974be.jpg,5,58.52457,-4.683909,5,58.516323,-4.693038,1.0592074,0.38558167,0.8840555,0.014192998,0.86141306,0.9746251,1.0592074
56673d86abd3420e9b0349745b7c8541.jpg,2,41.807341,-0.708855,4,46.609599,2.032052,576.85175,8.382337,0.68644303,0.011044323,0.7007847,0.8055109,261.35425
566bfd3769b44842be7b66cb3a546f24.jpg,10,65.600354,18.594167,10,65.584316,18.574997,1.9890198,1.9890198,0.87530935,0.040081143,0.8532506,0.96354437,1.9890198
56920d8fc4d5418a8705498f10898e48.jpg,2,36.746373,-6.047217,2,40.056453,-3.612864,424.77402,2.962904,0.64094806,0.018959403,0.60189396,0.8066548,957.155
56c6edb8ad25483daa74982bbc63bc3c.jpg,4,46.554869,4.293959,3,64.309077,29.614764,2504.3274,76.434525,0.6446594,0.01920569,0.637257,0.76010644,2487.568
56e4de5325724d92a4e0dfeff2335d24.jpg,8,66.303742,13.562544,8,66.292976,13.767733,9.249236,7.847139,0.7319932,0.047857463,0.72782695,0.8640071,3254.0964
56fd4d4be13e489b98f6169fced3821b.jpg,3,64.16725,28.545896,3,66.244943,26.159261,256.3941,7.6512074,0.81713116,0.00019037724,0.78826714,0.94381356,134.79472
572d922c07f546bcab3f6903752c930c.jpg,4,41.587986,9.304393,7,41.000414,9.239631,65.558754,1.8000572,0.739348,0.028664947,0.7379353,0.786744,252.94891
575d8a9301c64a0fab0933c949f19dff.jpg,0,51.635535,29.082124,0,55.527125,28.822805,433.0633,0.17069,0.7851912,0.007927835,0.7646627,0.900113,9.487821
575fc48001e3420b9035e6bd2745e707.jpg,4,43.597519,6.857185,4,42.506531,2.651461,362.5746,1.3115255,0.67651725,0.018452942,0.64830697,0.7989063,683.008
5763df67196d49f78e2e8310dbd06bee.jpg,6,63.831076,-22.508856,6,63.831391,-22.504548,0.21414348,0.21414348,0.93778944,0.04219371,0.9286751,0.97424656,0.21414348
57872818da6344aeb3c685031a19c995.jpg,9,53.457381,19.72589,9,53.436462,19.843187,8.108689,8.108689,0.6845054,0.02456367,0.6848972,0.77947426,1391.1002
57875a8f3caa41a38a97368459728172.jpg,1,49.042671,10.836405,1,48.988377,10.88424,6.9726415,6.9726415,0.6721297,0.012855709,0.6902684,0.7306782,460.19843
57a8209c08d54c8a8dd298276e0125a3.jpg,1,54.87669,8.871594,1,54.885871,8.870235,1.0245767,1.0245767,0.7106988,0.0143434405,0.7219011,0.71493274,719.10443
57bdf2b5e4e54df4ae193a60e0bb74ba.jpg,4,45.702243,5.121857,9,49.477097,19.671189,1166.7213,89.75485,0.6989565,0.0041641593,0.7037846,0.7128428,2495.429
57c6b009a2274362bab34f13429b78bc.jpg,9,50.494027,22.356792,9,50.57829,21.275213,77.01156,12.245286,0.6132057,0.0013028383,0.5860565,0.835788,181.93073
5827971369aa4e7ab123678f478dd668.jpg,7,43.387667,11.82205,7,43.09844,11.91727,33.072548,24.082012,0.70200056,0.007674873,0.6756324,0.80747306,33.072548
585583be64f64fceb90abc156f5a82f1.jpg,9,50.634421,18.476624,10,59.146639,17.574425,948.25085,273.02292,0.67684734,0.014263928,0.6803324,0.75490665,1228.1362
586fb2f83a5a4ef98cbdde17aa49c71a.jpg,11,37.84027,27.245945,11,37.88537,27.271146,5.4811964,3.6508558,0.7534841,0.028751194,0.7216819,0.8982,68.579094
588033d809064273aaa8fb8c7966b97e.jpg,2,39.563084,3.237049,2,39.562354,3.239057,0.19031179,0.19031179,0.83101237,0.038939,0.8085203,0.950032,39.537582
589d88448bc74539bae710570c2cb468.jpg,0,55.912787,28.64226,0,55.824072,28.609025,10.080249,0.60172206,0.85316086,0.005588174,0.8272323,0.97092617,15.551084
589f027bbc5e42fb8759a55d80167fa4.jpg,9,52.21186,17.238567,1,52.764029,12.059239,355.94348,32.19456,0.76409185,0.014343619,0.75048053,0.8185371,355.94348
58cadc07049a40f7ae0f419e0a68bc0a.jpg,9,54.185701,16.090026,7,45.039501,8.428196,1155.6172,103.93163,0.7461221,0.04062444,0.731412,0.8049624,1155.6172
58f8a43c264c4ac18388a4d1a2b07a72.jpg,0,51.920299,26.672082,0,51.923326,26.666495,0.50999177,0.50999177,0.9141266,0.04463148,0.8978833,0.97909945,0.50999177
593440894f634002b1d00921186befcb.jpg,5,58.513928,-4.806959,5,58.522621,-4.797917,1.1000183,0.6989295,0.8533422,0.0061030984,0.83721596,0.94448674,0.6989295
5944fd3257924f6aa48fc4e0b859147d.jpg,2,43.363381,-8.308468,4,45.144669,-0.479978,653.8787,406.92706,0.63025963,0.007155955,0.6347736,0.71925014,1176.7426
59920ace1a94468195650a10f2f98bd8.jpg,4,47.980674,-1.791415,1,50.807634,7.169985,720.0703,27.913706,0.6932782,0.028381228,0.67499155,0.776294,474.95892
59990c4dbdf44a4995b4575dcd726a74.jpg,5,50.180973,-5.503108,5,55.690665,-2.171167,651.88544,0.7795125,0.66676116,0.0051903725,0.62392306,0.83811367,651.88544
59c65cc9be1e4e45a402bbc11fa9fa83.jpg,9,53.02475,14.663969,5,51.802147,-2.011716,1136.5363,1.4786289,0.6973238,0.019001901,0.68092203,0.7711251,62.15095
59dba2f3c7cc49e08ebcb5167349993c.jpg,0,51.644104,29.102623,0,51.640983,29.098483,0.44949684,0.12470729,0.9012656,0.022931337,0.8810181,0.9822556,0.44949684
59fdc5f34a554c549a7b5fb7f83a32b8.jpg,4,47.908792,3.510844,7,46.044427,11.531352,642.4802,212.56993,0.6238492,0.011513233,0.61751866,0.69121003,509.62338
5a05dfcbd2e340f5a7a33274f081624f.jpg,1,50.873691,10.969218,7,45.786857,12.550729,577.55005,131.76468,0.64690304,0.0044104457,0.6197885,0.7854153,562.9879
5a09ebf88f484e968b9698af0a315fd4.jpg,5,53.385987,-0.768089,5,53.386774,-0.76904,0.10786929,0.10786929,0.7507572,0.025003195,0.71492875,0.9134624,55.99222
5a1b3bf6b5594dbc90968f23c3fae13c.jpg,2,42.501227,-8.779464,2,29.063582,-13.58522,1555.0934,4.7394037,0.7569004,0.057015657,0.7633842,0.80064976,270.80734
5a5947b5db0644428811ac6251e18c71.jpg,8,59.914491,5.295024,8,58.33808,6.255782,183.65654,0.46063864,0.7688078,0.003871739,0.7355517,0.9065951,172.13687
5a6a1875431142eaa8682c72009ec2b0.jpg,2,39.424602,3.150363,2,39.561229,3.249621,17.416904,1.6818074,0.78339124,0.0048003197,0.7395569,0.95872843,17.416904
5a7706c79f0647b984ecd0cbaad95645.jpg,9,53.488128,19.349458,9,53.360994,19.775542,31.573427,1.738192,0.7472709,0.037522078,0.74900043,0.77929157,1297.3513
5aa619b0e691400386b2f7774a46ba0d.jpg,7,44.686585,7.20671,5,50.424598,-4.668645,1093.921,89.75765,0.7094448,0.029313982,0.7050077,0.7457914,1326.0376
5aaf972d9f1945fea6f3c754c2e7bf91.jpg,11,37.619433,39.161097,2,41.183955,1.423057,3241.0776,14.736025,0.7808749,0.050801933,0.7611462,0.87019145,974.88934
5aaf9b55ee404f3e98714326710f57c1.jpg,10,60.469698,18.410898,1,50.183277,10.110673,1256.2839,68.804634,0.6644056,0.010309517,0.67054135,0.72565484,2242.322
5ab91dbdd3e346a3865b9b0be2f7d228.jpg,0,53.734126,30.452856,0,53.790706,30.93654,32.40962,32.40962,0.72766006,0.039218783,0.7190157,0.84506047,555.00696
5b0226e61f9e4c158cd4863b9bc40440.jpg,10,63.587738,19.364633,10,65.303074,16.726778,228.84662,10.745099,0.840908,0.00887984,0.819485,0.9265998,228.84662
5b218b93cf4949eb93d321accf57df0a.jpg,7,38.49917,16.528403,2,42.437567,-3.07748,1711.0454,241.65456,0.6557277,0.00581491,0.64672446,0.75246817,778.46375
5b25a8ac59d94a768c268841461963bd.jpg,8,64.427028,14.330503,8,64.40376,14.346004,2.692229,2.692229,0.8588199,0.0020697713,0.8339654,0.96232325,26.016016
5b63035daad54543a90ce1e6a92e57da.jpg,6,65.944783,-19.412038,6,65.950373,-19.411712,0.6217561,0.6217561,0.9214927,0.009178281,0.9098992,0.9892322,8.107767
5b6bfad21f2f4b0ba6745b6531ed375c.jpg,8,60.220276,6.43698,8,60.2219,6.436061,0.18757728,0.18757728,0.8775678,0.19654274,0.854601,0.9694349,0.18757728
5b89d5c323da44c788da3f713e1cab05.jpg,0,52.238617,27.52356,0,52.2402,27.498884,1.6894282,1.6894282,0.84127456,0.009653032,0.8197339,0.95440173,317.38693
5ba3a8802bee451bab31d0d8b3c5b752.jpg,1,53.548036,12.712733,1,53.579789,12.725136,3.6245465,3.6245465,0.83872193,0.04276979,0.81741,0.9239697,3.6245465
5bc02efdebba4d70a57e327d28423a42.jpg,1,51.826717,14.072883,5,57.423217,-4.664788,1351.1332,33.682144,0.66623145,0.017383993,0.659649,0.73364776,2040.9708
5bea3f26d5dc49a3b09273535a8c3603.jpg,5,57.680219,-4.037137,4,49.150955,0.770498,999.8768,84.08809,0.5962261,0.0029978752,0.58169496,0.67351174,1794.5485
5bed37cfeb3b4ceaab1f1178def064d4.jpg,1,50.38936,7.682787,4,48.146609,-1.118458,685.0333,34.854183,0.69767857,0.032621324,0.67901385,0.7723372,685.0333
5c1c7782ce754751965e4147126831b4.jpg,4,47.909911,2.734171,9,52.000945,20.672922,1357.3412,11.787963,0.7859541,0.0009217262,0.761371,0.8842865,1357.3412
5c22383f65e6475f9b69bb549868eeaf.jpg,10,61.410477,16.597688,1,48.063777,12.095955,1511.0758,1.3970078,0.72456795,0.024650693,0.71225584,0.80611134,94.7055
5c2af6dd0f8b4737af567efbc01b29bb.jpg,6,66.007638,-14.847518,6,66.008338,-14.846748,0.0852675,0.0852675,0.9624125,0.11248779,0.95673597,0.98511827,0.0852675
5c2e27ccce0d4afbba07cca14e141fa2.jpg,1,54.023799,9.282638,7,41.848715,12.78907,1378.3379,271.84158,0.59776056,0.0020036697,0.60675704,0.6922139,1697.3387
5c558fb089804628bd324ce4df4f89c8.jpg,1,50.184997,11.309542,1,50.613346,10.327426,84.346245,16.519989,0.676735,0.030849755,0.6403574,0.8222455,84.346245
5c7d00586f724153baada62e26090bc9.jpg,3,65.903662,24.10041,3,65.869549,24.118966,3.885735,0.61685556,0.87943864,0.031252623,0.8746365,0.8986472,3.885735
5c954278a957441899ac4a8d7e92ad8c.jpg,3,62.672043,21.571735,3,62.847344,21.699506,20.548767,4.9237685,0.8861552,0.043519914,0.8731142,0.93831897,20.548767
5cb9f10f32ad4aebad4a46a6e11b2547.jpg,11,39.985511,29.963758,4,42.010395,8.747433,1790.0334,108.11984,0.7017276,0.061843812,0.70248014,0.7879518,1939.6122
5cd93a021a4741a98ee86f166b98ef56.jpg,7,44.456408,10.653324,7,45.143276,10.627674,76.40315,16.050867,0.66752696,0.004339099,0.6590273,0.82399917,2460.0784
5d5a2b7d4d474b009c0b2df4cb9f2332.jpg,10,57.625799,18.527501,10,63.964249,14.073303,744.64624,10.038757,0.8184353,0.02984953,0.79272056,0.92724836,391.8302
5d6bc5b61a414677b501d7f66d4a1013.jpg,3,61.693866,29.687774,3,61.693186,29.689476,0.11734941,0.11734941,0.76077425,0.110557675,0.7455596,0.821633,0.11734941
5d8af69de52d416aa8a8a2f2233ab751.jpg,9,53.186024,19.20996,1,50.158089,6.643577,928.1315,4.5391994,0.711938,0.004709542,0.72088635,0.8002571,391.1492
5db8a5dc91614eff9da0932f202e50ba.jpg,9,53.476695,16.56726,1,50.239939,7.449507,721.4508,13.334989,0.72753817,0.004354179,0.7320578,0.76543266,85.23842
5de4b43e66864ffdb6fef16e2edb4e84.jpg,10,66.231511,19.932041,10,66.161791,19.955699,7.8248863,5.8148637,0.9135048,0.0127878785,0.8963851,0.9836241,26.445124
5df0bfe5f0e346d9b2df6c6e7ab698a9.jpg,10,56.34633,13.828332,1,52.286476,14.281298,452.3881,99.754234,0.7120582,0.012877166,0.68691593,0.81383014,293.8242
5e178412320347879435494d64d9fc2b.jpg,6,65.780336,-18.235269,6,66.044008,-19.345947,58.311207,4.2502537,0.77412283,0.007182002,0.7644543,0.8550996,58.378056
5e32f9e4955a4380bbf24e0ef7270bcb.jpg,8,58.259107,7.971425,8,58.258576,7.971341,0.059248682,0.059248682,0.78479385,0.023888588,0.78820264,0.87096804,3775.8625
5e5d2a9d45f3472cac372faf2f2888ae.jpg,9,51.458535,22.453649,7,45.147205,11.042821,1095.4961,75.545204,0.67263293,0.012299001,0.65243685,0.7695306,870.99396
5e8200ceb0b94ecb83210adeefa64db1.jpg,3,63.071916,29.852636,3,63.14407,29.79341,8.558283,0.70846444,0.71503586,0.00303936,0.702777,0.76407105,8.558283
5ea87c62bac1472f891726829e219a75.jpg,4,44.375603,-0.841857,4,43.847305,-1.172178,64.39194,0.2234301,0.8554512,0.014779091,0.83970046,0.9184542,64.39194
5ec398a34fc843c4aa1966e94d5d280c.jpg,8,61.810566,6.151639,8,61.7496,6.361047,12.930131,4.2060566,0.81452775,0.017893434,0.782925,0.9444896,8.33331
5ee2bcfc065e4582a6fab283b139acf8.jpg,9,53.752754,17.775208,3,61.306473,22.813527,891.5221,148.19733,0.673656,0.025084436,0.6654229,0.73186576,1266.0093
5ef14357b2d140829a0157e9cc0293a9.jpg,6,65.768288,-16.399688,6,65.442743,-20.580636,195.35558,3.57533,0.8540903,0.005695224,0.8350512,0.97202784,180.12817
5f0acaef615b45e1abcbab8395dcd28e.jpg,2,37.908469,-4.053255,11,38.20203,41.478458,3945.3982,23.123562,0.69330573,0.0057957172,0.6718101,0.82774854,236.04294
5f1dee056b384792a9905483085187a2.jpg,6,65.944858,-18.432526,6,65.943144,-18.426575,0.3302758,0.3302758,0.9372472,0.02377969,0.9336895,0.95147824,0.3302758
5f3e42ee8c68479786bf56c281dfe8ab.jpg,0,51.676078,29.12862,0,51.675431,29.128281,0.07564537,0.07564537,0.9515556,0.044002652,0.9434005,0.98417604,0.07564537
5f3f25114f084be58bc7f47bd2cb1d6e.jpg,3,62.906381,21.452183,3,61.746607,24.34826,197.45036,11.266173,0.8594647,0.0029622912,0.83358604,0.9629791,197.45036
5f505492cffd442a9284a80a87b08ba1.jpg,6,66.282507,-16.408364,6,66.009183,-14.87878,75.195755,54.436012,0.85493857,0.00048607588,0.8403296,0.9490825,92.581665
5f565518449b438b8902d26d29e136d8.jpg,4,43.567578,-0.817382,1,53.405743,11.598151,1422.0448,430.61346,0.75746983,0.008872986,0.7656378,0.83583724,1403.0646
5f57b50598804c59bdfef8d48b7ffa37.jpg,7,42.348313,12.675463,6,64.79304,-14.004019,3006.0532,431.3671,0.6527065,0.013547301,0.6070806,0.84448415,1849.4432
5f5c5868f9fe4343a2f9c97e4ee58507.jpg,1,50.099567,11.145681,11,40.546478,37.234002,2283.1438,130.50414,0.7300235,0.010121584,0.7234121,0.83136857,2471.129
5f5d72a1773e425085062ddd5c5d883e.jpg,0,53.024953,25.699509,0,53.051938,25.544566,10.785184,3.0671587,0.75963724,0.073197186,0.7512815,0.7930599,10.785184
5f6f4d17cab5435c9abcc2951f7f73e6.jpg,1,52.151155,11.429363,9,52.315758,20.87587,643.11945,54.512775,0.6876154,0.006842613,0.68810254,0.847165,465.33017
5f7f46d6eb534026870aed501fc48923.jpg,4,44.133625,6.13159,4,48.01381,4.36943,452.33008,83.228935,0.6920612,0.00036269426,0.6965263,0.75505364,325.26147
5fdeb49503d34ac0b862c2f4b8777baf.jpg,4,43.570236,6.126872,4,43.941183,5.05781,95.254974,46.17793,0.7779866,0.052998662,0.7579688,0.8580578,95.254974
60071972bf5446d6bf2d2534bdec0aa1.jpg,10,64.111643,20.723022,10,64.114084,20.717213,0.39141354,0.39141354,0.80349034,0.10344213,0.7826122,0.8870028,0.39141354
60093cb6c3f1452fa5c7f42e0678ce4d.jpg,1,51.206794,13.650132,1,51.459403,14.229138,49.06191,23.406372,0.772101,0.011717677,0.7754677,0.8146835,477.95572
6019c7f244914bc794df193d376dfcbf.jpg,3,63.122292,22.573384,3,63.103346,22.189698,19.408802,7.467777,0.90156007,0.028047323,0.8855834,0.9654668,19.408802
6028a87cc456480caa7ec2565c60abbe.jpg,7,40.987765,9.134418,7,40.991622,9.138444,0.5460073,0.5460073,0.8657108,0.038874924,0.8437353,0.9536129,0.5460073
60772e0f36ec40aab4b337f88af6cc83.jpg,0,52.275684,31.100535,0,52.278918,31.085183,1.1046252,1.1046252,0.8614864,0.06786096,0.8525199,0.90997326,253.3998
60aace7fc748438a9f17f628b7a516a3.jpg,5,50.331318,-5.127511,5,53.098157,-1.532503,394.86047,0.7954393,0.71078944,0.01738739,0.6970196,0.79986715,357.22223
60d2eeb197854bbbb65a1fecedf6a17e.jpg,11,37.953586,34.088633,3,68.54409,26.155781,3435.9106,29.906572,0.6206533,0.012864053,0.5926764,0.84224784,658.61896
60d93382db2a4387959fdc15bff0f289.jpg,10,67.854182,20.635371,10,67.83499,20.705882,3.6464872,0.5852594,0.905556,0.016884625,0.8922155,0.9589181,3.6464872
60e1c19d0efa4bc183e3792e965a450e.jpg,10,62.623657,17.406909,10,63.014939,17.099603,46.223766,46.223766,0.8679906,0.0014852881,0.84535366,0.9617856,586.3685
60e23adb910c44b89dd09c265610497a.jpg,2,36.836365,-2.631628,2,36.861112,-2.552078,7.594475,1.5321368,0.7753757,0.029954612,0.75657743,0.85056865,7.594475
60fadedc0a1042e3aac310ef3a9d1c54.jpg,4,44.089259,2.294419,4,46.234088,-1.018614,352.5792,19.211956,0.79292136,0.001172781,0.7789127,0.8700922,19.211956
60fb11bc0acf4e95afa13fe5d09a8e0f.jpg,6,64.951997,-14.139647,6,64.936256,-14.072839,3.600198,1.2520794,0.89351183,0.00093764067,0.87064135,0.9849936,3.600198
613d488eb0374086b8e18024f7175602.jpg,1,49.525404,10.866349,11,39.554468,43.90872,2815.1763,1022.9894,0.68066996,0.010095298,0.6556614,0.85030127,2822.6365
6143be922f6a4aa28a3cc0defaab7849.jpg,7,37.948598,12.562969,7,37.924644,12.739338,15.694976,6.1766953,0.7057527,0.012595952,0.7157833,0.74641025,2340.6084
614c470a111844d1ae2febbfe77b1e21.jpg,3,67.889171,23.996242,3,67.886607,24.00856,0.5891606,0.5891606,0.92127776,0.0028324723,0.91011804,0.96591634,0.5891606
616969d3267b4bd3ad4e369b7124dbfc.jpg,2,28.556135,-17.868935,2,42.154682,2.073288,2346.7744,1413.2926,0.65603447,0.02860105,0.6689194,0.7626669,2819.1606
617ae0c2ebfd41529ee30fa2cf4906ca.jpg,1,49.605606,9.639243,9,49.034874,22.353636,922.62024,34.385513,0.68967223,0.028203726,0.6733526,0.7549505,922.62024
6199efe016b544c08a7a5282f1b5f226.jpg,3,66.662138,25.463644,3,66.657346,25.485262,1.0912988,0.9687388,0.9392986,0.000798285,0.92676175,0.9894461,1.0912988
61a525f522524e04ad5d08b462192897.jpg,0,54.472637,26.397905,2,28.080808,-14.479183,4401.075,297.13428,0.77058935,0.006248951,0.7506894,0.8691814,4395.2754
61c33b7314224820974e08f9cee4ca35.jpg,1,50.701858,8.645782,1,52.216753,14.042077,409.92984,18.394331,0.68769884,0.020157814,0.66439027,0.871439,247.65758
61d437b88e1448ccb2294c8789e712a9.jpg,5,55.488146,-2.997062,5,55.044597,-2.049236,77.706085,9.329024,0.7041144,0.006419599,0.7046466,0.779752,20.964003
6228fbc8d28247dcb719feb07f36733c.jpg,9,53.926638,21.468402,0,53.524904,31.236663,643.6776,28.08022,0.765227,0.011236846,0.7672012,0.86282873,335.67307
6242c39d23754da5b52d27b1c2321e29.jpg,8,58.254256,7.517902,8,64.562131,12.496298,749.22,8.244503,0.68720233,0.0024991035,0.6723811,0.8762723,191.94382
624f4a5b61f04e2db9e2958c8efa9fdf.jpg,4,43.665106,0.566328,4,43.613065,0.944861,31.00606,2.4891987,0.69939077,0.009988129,0.6951556,0.8152901,141.0875
625d4b3c4c254479bab3aa80e98b5793.jpg,9,54.19818,17.391315,9,54.187498,17.434092,3.0257719,0.44673356,0.74436975,0.005375147,0.7041187,0.9053737,3.0257719
62627e5d49a7453c8f307656b79b18a4.jpg,2,43.064829,-4.784311,2,42.771244,-5.038867,38.67028,5.960157,0.7107274,0.019516706,0.6738963,0.88144267,42.770557
62657a9ba5b24370b85feb1b170aa44d.jpg,3,62.239693,25.829931,10,65.041866,19.086426,455.55923,33.802235,0.5929305,0.0016813874,0.57439935,0.7266016,521.3731
62a11eb1996a41a1b41d478c5612b991.jpg,7,45.622212,8.860589,2,40.625846,-4.1109,1188.3475,75.428276,0.69044566,0.03399563,0.6911297,0.76045996,75.428276
62a73fd37614483d9dea37c478073805.jpg,2,37.655278,-0.808124,7,40.466633,18.155843,1663.5157,2.0859358,0.77502304,0.038264275,0.7931901,0.77959454,322.84784
62bd49e391ee4fd0a5be597fc752d754.jpg,4,47.304451,2.469252,9,49.511956,22.093264,1464.8197,203.7933,0.6534078,0.0018866062,0.63753474,0.77025855,1464.3535
62c1960bc7ef4c8db6667433a54f6f50.jpg,0,55.111064,27.621802,0,54.584442,25.889414,125.41335,8.0195,0.80982506,0.020705342,0.79000366,0.88911057,125.41335
62ee5aa89fd84a5eb3401b17ae2fb70b.jpg,10,68.248846,19.516152,6,65.654378,-17.855839,1625.8575,39.027527,0.68992066,0.0039682984,0.68561524,0.7617805,631.6071
63165a1d0ae84dd1a45cc7e73ecbfae7.jpg,5,58.503022,-4.618968,5,50.949396,-0.275751,884.55817,2.7730086,0.67507607,0.009949744,0.6733974,0.7431916,243.13396
635770ffb73c4e369a11221eb39012d5.jpg,4,46.849925,5.914687,4,43.647487,-0.906509,641.4706,39.016506,0.7350769,0.016647339,0.77159196,0.80756515,257.16376
6373ac7b42ef423d97de5027bfeb016d.jpg,1,51.764687,9.501507,1,51.02413,11.217547,144.75664,37.69505,0.7657384,0.021005332,0.74079216,0.86552346,144.75664
638c389d095f46deb7d7148d3a0ce120.jpg,3,64.594594,29.682092,3,64.59372,29.681802,0.098164245,0.098164245,0.88789785,0.047926843,0.8670341,0.9713529,0.098164245
6410c53275cf44899404bd5c2c891497.jpg,2,39.29448,-2.202388,7,40.90256,16.428411,1591.6863,40.06843,0.70723516,0.006258607,0.6775259,0.8335883,2696.632
642ef270098e4cecacc5acb43fd56e7b.jpg,6,65.746852,-19.643904,6,65.746989,-19.644512,0.03167459,0.03167459,0.86587197,0.19190198,0.86047786,0.88744813,0.03167459
642f37f17b714353a819956e40fcc93b.jpg,2,41.809055,-0.713363,7,40.450208,17.333467,1516.221,7.9632444,0.6811094,0.020137846,0.65337384,0.8530354,195.81583
643d6dc3252944e3a40edb28a7c56a2c.jpg,5,55.29954,-2.939599,5,55.298853,-2.940177,0.084701344,0.084701344,0.8746192,0.11635661,0.857243,0.94412374,0.084701344
64449580db8546339c7816a692375449.jpg,2,28.050793,-14.356028,2,28.049492,-14.331906,2.3715975,0.24309367,0.8078859,0.014610052,0.7925705,0.8908841,2.3933744
645b432a3eed49d193fa6d7c890a954c.jpg,7,36.870597,14.451284,2,41.547165,-3.20571,1604.2424,3.0981169,0.71200675,0.033483088,0.6860695,0.8429298,1808.4104
648651894e0d4f2e94fb0292f60f432b.jpg,10,59.174011,16.574551,0,52.992978,27.272908,953.33264,600.5897,0.69960713,0.026555836,0.7162446,0.7181022,853.35004
64c88f1d56644cbb883c62e40428802f.jpg,5,51.910685,-2.937326,5,57.258481,-3.572591,596.0488,9.380971,0.73297054,0.037380576,0.7053642,0.85725474,201.27548
64d8de0d778b4997ae7a03a9f78326d3.jpg,9,51.444503,23.271385,9,50.260003,21.853498,165.08408,28.71255,0.6828571,0.014999509,0.66967434,0.7838905,311.1324
64eb428b397b48feb560ceadd558e9b6.jpg,2,41.906628,3.146519,7,37.990032,13.869172,1011.5021,35.825188,0.65157056,0.015505016,0.63076496,0.7665825,1024.9285
64fe7ff2713e482aa43eef9c78439723.jpg,3,64.723583,28.411671,3,64.748403,28.330205,4.750133,2.7245884,0.83874357,0.017201185,0.84579647,0.83962286,26.389017
650a0ecbc3a3412a881b295058d7d2e5.jpg,8,64.226292,12.079898,8,62.717222,11.34993,171.66978,8.81089,0.7047221,0.006331861,0.67035127,0.9167365,286.56168
652f8e8bf8404c83bcd1c7a1d3277f9d.jpg,11,38.946104,36.04104,7,37.040093,14.390464,1904.5336,201.3051,0.6452393,0.01422739,0.63058305,0.81339425,2049.5725
654d691b84574eaf8f09a95ad80d6fef.jpg,7,45.514572,8.822987,9,49.96007,23.0958,1173.7585,65.69914,0.7137111,0.033168733,0.7035513,0.7543501,1173.7585
6566f95729b44f29832120b47dd82c32.jpg,10,57.577203,18.382213,10,57.576635,18.383688,0.10826893,0.10826893,0.90661746,0.04297954,0.89770347,0.9422734,0.10826893
65706a7f1e8a455382647dded0ed5cbb.jpg,0,52.971379,30.606732,0,52.941395,30.629448,3.664902,3.664902,0.8028264,0.0031972528,0.7645927,0.9557612,3.664902
657350dd333f415cbab579c4397fbad3.jpg,10,55.755608,13.536118,5,56.50321,-6.957209,1267.9733,14.391892,0.7219938,0.03401482,0.6994324,0.81223917,1267.9733
65752065ac0f4e30ba1550b0425e2fee.jpg,5,58.564902,-4.741442,5,58.565857,-4.740571,0.11759197,0.11759197,0.83255184,0.01550287,0.8278692,0.9309944,0.32255217
657816fef51645d2a3de75d11e14ae0f.jpg,11,38.487752,28.059024,11,38.492373,28.04968,0.96197456,0.96197456,0.6539815,0.017796397,0.63847995,0.7615738,2366.772
659e862bfe5d4643b4847810309cd934.jpg,0,53.353437,29.594617,0,53.211421,29.39387,20.675552,1.649396,0.85172844,0.010759473,0.8410958,0.9282852,169.14888
65c19c790a7a4400ac7c1defb847b069.jpg,11,39.553775,43.913275,11,39.554468,43.90872,0.3980485,0.3980485,0.9228786,0.054575384,0.9064492,0.9885962,0.3980485
6602f55d2452410384da69ffe2da157c.jpg,9,53.94893,22.440389,9,53.931246,22.399695,3.3107498,3.3107498,0.78937054,0.028291285,0.77575856,0.8438183,3.3107498
6617592503a6408281d459bda83dc300.jpg,0,55.277448,29.674207,0,55.267098,29.738412,4.226782,1.7378756,0.8755626,0.028481424,0.8540236,0.9651376,6.008901
66264b32cd284064a4cd1273f1757bd3.jpg,7,37.924338,12.749419,7,37.924644,12.739338,0.8848898,0.8848898,0.79957706,0.007015407,0.7687074,0.92305577,0.8848898
66488f1e79ff4650ada7b407e378c777.jpg,0,55.264923,30.112058,0,55.260661,30.112753,0.4759549,0.25338826,0.8858685,0.11222035,0.8786548,0.91472316,0.4759549
66495737445b402eafc4a4ccba8512a1.jpg,4,50.293993,3.14714,9,51.03647,17.120138,986.79065,46.323734,0.6692862,0.02591294,0.6515991,0.79699934,494.51108
66521b84dc52451d9cca8b3421b324b8.jpg,5,52.016609,-0.499286,4,44.487337,4.674636,920.1188,61.195713,0.68125963,0.008074462,0.64876056,0.8192278,875.3922
665e9c2a13df42bda0550b2c8689aa92.jpg,8,60.439508,7.789686,8,60.367575,7.507791,17.425297,5.4472213,0.73343056,0.077190936,0.6868655,0.9196907,17.425297
665f381ff4274a58b325383bdc2309c3.jpg,0,52.633636,25.503006,0,52.629367,25.510171,0.67761254,0.67761254,0.86807,0.016444266,0.8597883,0.9310622,39.98
66aef91fffe54af69db7c5e79eac8790.jpg,5,52.248985,1.493489,5,52.330688,1.340647,13.805872,10.895993,0.81401825,0.037082136,0.7945039,0.89207566,13.805872
66b8f17fce6a4cabbe9f58b067e16314.jpg,11,38.732503,34.052343,11,40.613595,31.281982,316.15005,111.29753,0.6695061,0.004352033,0.63215554,0.81890804,316.15005
6704a4d03dcb41e7970cf2048a43f4d8.jpg,9,52.310723,15.356755,11,40.163973,29.367501,1721.5707,358.10815,0.69989616,0.034217298,0.6619919,0.8515131,1721.5707
6744c32f29444076b8bb2808b1766e4a.jpg,4,47.388925,6.193236,4,47.531332,6.418765,23.199594,5.770414,0.7005885,0.015476763,0.66474277,0.8491976,70.486755
6755d665854d4cd1a1cc9ab56649c04f.jpg,9,54.456285,17.402512,10,63.748231,19.31819,1038.8737,60.399952,0.6719352,0.0019350052,0.6677116,0.78923595,612.161
6780d64a34084cfa98d5da91441b2266.jpg,6,63.948635,-16.822398,6,63.945431,-16.807802,0.7968994,0.7968994,0.84252834,0.058536053,0.81931365,0.9353871,0.7968994
6795adf263544ad68ec222ec0bd3a630.jpg,4,46.741738,3.594093,4,43.730084,4.062347,336.88046,31.458273,0.74822927,0.019659162,0.74406093,0.8284849,403.6012
67b14323708447649d5729c07cec5c30.jpg,9,51.704639,21.234442,10,59.146031,15.167312,910.84216,14.30171,0.71008736,0.004989505,0.7274968,0.7380856,865.4459
67cfaa470704417fbd16e6619ff45319.jpg,9,50.082249,22.375839,9,50.078093,22.372012,0.5367798,0.5367798,0.79680514,0.029259682,0.7915735,0.9060285,1144.06
67da2b4be0f04fca8ce14c88e161ad71.jpg,9,53.87098,15.568784,10,58.226254,15.540547,484.2882,11.269321,0.6974642,0.0009934306,0.7073939,0.81791663,95.04573
67f6724d474c4806badc7e3e22372495.jpg,10,62.007692,17.015771,10,61.760309,16.928792,27.882809,8.968933,0.75065535,0.048055947,0.7485013,0.80848324,195.77396
685e1b287bde4ab081efcc35aa959748.jpg,11,38.51122,35.181491,3,64.403874,24.094132,2969.8633,4.4035516,0.6528727,0.0011069179,0.65763813,0.7307287,1661.4417
68684822146842789352f8ab1c099f2d.jpg,1,49.779885,8.410665,1,49.782965,8.409053,0.36150926,0.36150926,0.7939297,0.06479019,0.79771924,0.8657256,190.06438
689329e58a004e8793b73667dc69b52c.jpg,8,63.976028,10.208195,8,62.721692,11.339061,150.4437,73.45191,0.68527836,0.00024801493,0.6698161,0.7771201,1607.0071
689f14568fce447ea3b35608342bd542.jpg,0,53.947913,30.46807,0,53.924427,30.469325,2.6128194,0.39615342,0.78158045,0.0074623227,0.75142497,0.93211997,102.679184
68af6204eac542438226bc9fecb358d2.jpg,6,64.500585,-14.480743,6,64.499487,-14.478084,0.17637675,0.17637675,0.9195875,0.02810198,0.90645427,0.9721203,0.17637675
68c1da180d9d4940afd95a83fe87f07d.jpg,1,49.533903,9.851958,1,49.562775,9.892691,4.352293,4.352293,0.68689406,0.06055212,0.6542871,0.81732184,4.352293
68df4c91085e46eb86a5e0e4118653b9.jpg,10,55.758064,13.728554,7,45.04196,11.542332,1201.4534,4.433284,0.7154478,0.06913614,0.7288989,0.76940024,513.6997
68ed61642bbc4bbca17551a95cce8dee.jpg,6,65.377373,-14.761636,6,65.362214,-14.866272,5.1336274,5.1336274,0.9474845,0.027895212,0.9361044,0.99300456,5.1336274
68fd991ac9a4495e9b7395cd6bc8dd88.jpg,11,36.941184,31.219339,11,36.923698,31.247381,3.1611538,3.1611538,0.66694635,0.0003939271,0.6635399,0.82013667,1573.9554
692c581e2fde446199eb070aa14fc9ee.jpg,7,45.328528,11.002406,7,45.24649,11.006934,9.129097,9.129097,0.75465024,0.017283916,0.7650387,0.86019003,1483.7511
692d52b0073842948772250fb276cb8a.jpg,11,40.215919,43.58449,11,40.471631,43.327216,35.83152,22.924059,0.76233083,0.011103451,0.7613101,0.8029562,3764.6943
694eb4ab22c344c187d2a54335b16aa8.jpg,8,63.444777,11.690101,3,63.17401,28.478785,836.65906,2.0130181,0.6724608,0.00070518255,0.6565224,0.7437635,1744.1443
69508d0a34d54f53979784abe09ca18f.jpg,10,67.051946,20.112081,10,67.098068,20.4468,15.378147,11.199871,0.8311391,0.038624227,0.8121797,0.9229817,67.10916
695a487530c74d43bf29b4760c6aebf4.jpg,6,65.762919,-19.658481,6,65.943144,-18.426575,59.51083,1.8826783,0.8160436,0.013522804,0.7949364,0.92003626,213.69258
6961779065224675a4d6b49c8c8fc8a0.jpg,5,53.864711,-2.820451,7,44.369709,8.031063,1315.3748,136.91014,0.6639716,0.007950485,0.6594517,0.73657477,1470.1552
6978ff9f560b4179a34b00f2bdbcf038.jpg,7,38.999769,8.419701,7,41.22437,9.207108,256.26416,0.2948302,0.71398324,0.0006273389,0.67755127,0.87089133,7.579205
697d46b2696043bab147007526db48f0.jpg,4,45.966774,0.204876,4,46.262355,-0.092799,40.084183,21.76297,0.7230731,0.014244854,0.7286989,0.75206876,2242.869
69bb0e4c46d546e5a0f73f109004d2e5.jpg,1,49.279339,10.928837,1,52.505012,7.081913,448.70016,135.2306,0.6027961,0.0010509491,0.6165135,0.71807027,380.72574
69cbbda085e34d31a6d8d83e5833bea3.jpg,9,50.182643,20.083175,9,50.188165,20.063231,1.547058,1.547058,0.6899061,0.043462873,0.6804321,0.7278023,1.547058
69db23b27b8248cda15d29443c694dec.jpg,5,50.999546,0.768253,1,53.405743,11.598151,784.08856,206.1346,0.6714944,0.0070290565,0.6642674,0.70296705,724.0868
69f00ac93bf44a5983cf6120122400e7.jpg,2,40.643455,0.307422,2,40.683782,0.338429,5.1911216,5.1911216,0.74974865,0.08165425,0.7131381,0.89619064,5.1911216
69fd961873844b4897c4cffdcb63cd81.jpg,8,60.169705,9.687661,8,61.756879,6.262234,255.52693,0.32860878,0.76785266,0.0014808178,0.7229053,0.94764185,255.52693
6a0044af9b64415bb35a037fea97984e.jpg,9,53.611816,14.8481,9,53.20664,14.969101,45.761864,15.59299,0.73095655,0.02522713,0.69178426,0.88764584,45.761864
6a1e0156c0634931ab02c6db242581da.jpg,11,39.195469,37.284151,11,39.196203,37.27616,0.69344527,0.31448442,0.91921484,0.0031969547,0.9052832,0.9749414,0.69344527
6a2c5d35a7d84dd9bac5215236d4b1c7.jpg,9,50.232401,20.707802,9,51.460447,16.121583,349.67212,52.704018,0.6998111,0.033635616,0.6754691,0.797179,349.67212
6a382095ec5248bfba883e002322b850.jpg,5,51.185739,-0.116534,5,53.490757,-0.553824,258.0214,5.9876432,0.71667147,0.0073279142,0.6968225,0.8280163,527.85376
6a40f6bcd61c4bf091af3cfa380751c9.jpg,8,69.60293,18.052288,8,69.631311,18.027557,3.2979708,3.2979708,0.72750807,0.043158054,0.71724534,0.80277693,4.0621123
6a555120a2b0458bb2645204ae026095.jpg,2,43.729278,-7.687743,4,48.504838,-4.755796,576.9938,1.7973951,0.63139874,0.008603752,0.64202476,0.7200493,3596.0706
6a870e5ba8994ac7b7b1d8a4333b8737.jpg,4,47.899736,3.636365,4,45.22711,-0.57373,437.96423,142.15442,0.64342606,0.006389439,0.63192225,0.8033931,912.2859
6aaf66d11db94d67999ad43eff5100b9.jpg,3,62.289691,27.019037,3,62.326128,26.948462,5.45121,1.7380946,0.8384693,0.008559465,0.8123143,0.9633695,248.11934
6b221411b3d64704ad92995abd060b18.jpg,3,60.524505,24.57356,3,60.520931,24.361798,11.593726,11.593726,0.7784839,0.12502402,0.7631391,0.83986306,11.593726
6b54708d9cf64960a4b4f3700240a012.jpg,3,66.106675,24.810967,3,66.11567,24.834209,1.4476674,0.054036275,0.9465698,0.004625261,0.9368577,0.9906833,0.054036275
6b5a937fbd4c493da8cb5e40a6362135.jpg,11,38.392576,30.222073,11,38.408084,30.227403,1.7858703,1.7858703,0.8583094,0.030625224,0.83065885,0.9689112,1.7858703
6bd1b81e99ca4c03b13dcbb217380a6a.jpg,4,48.356407,5.639006,7,44.369709,8.031063,479.73584,17.26813,0.64043665,0.026180625,0.63398755,0.6885445,375.1632
6c179649773f4fadb3db1513cbd6ddc1.jpg,8,58.217519,6.962505,2,42.795317,-8.12744,2009.5493,53.795902,0.66753286,0.022630155,0.6383334,0.7843306,2009.5493
6c212a76c42b47b08901f5f1cf1694cc.jpg,11,40.415788,39.548064,7,46.007368,11.267012,2360.9358,663.6505,0.6150021,0.0134628415,0.61456084,0.80712664,2561.8503
6c2f2418c5c443aea76e1c427b6a9954.jpg,0,52.233854,30.133002,0,52.129349,29.42728,49.49955,12.580139,0.8769824,0.00036621094,0.8535149,0.9770021,80.109566
6c30cdf55ea4426989060576cf899ea2.jpg,10,67.102348,20.45276,10,67.100624,20.450622,0.21285152,0.21285152,0.9439162,0.035175443,0.93471634,0.9807154,0.21285152
6c3103649ff044e2998cb79602ca5ef5.jpg,8,64.949425,14.196345,8,64.948799,14.197176,0.07985046,0.07985046,0.85841215,0.058206737,0.8432443,0.9190835,0.07985046
6c3c02a91c584b74a2e760896b11752f.jpg,3,66.263948,29.362918,3,66.251281,29.245805,5.4290333,1.8648267,0.8818056,0.019504488,0.86394286,0.9532565,5.4290333
6c4966681833452cadaf503f14b7d872.jpg,10,64.499535,20.736885,10,66.106757,17.477635,234.17914,70.061676,0.6544928,0.029103875,0.6513677,0.7541378,960.7722
6c66ed2a408a4cfdb83c05cf0ab5918b.jpg,9,52.514,19.825603,10,57.834935,14.084359,694.4181,40.659588,0.68261033,0.018022656,0.64226353,0.8439975,694.4181
6c70a72445554d609655e79d038ad384.jpg,9,51.615178,21.660435,9,51.89062,21.342192,37.655685,8.66336,0.75598735,0.013566673,0.75658786,0.8134455,1077.2686
6cb5d4e4808b400abfee10b0e9ceac39.jpg,2,39.56841,2.770324,2,39.569032,2.775868,0.48021606,0.48021606,0.9051922,0.049867034,0.8868856,0.9784186,0.48021606
6cc4cca0bb354241a6b636c7eb83a559.jpg,2,37.248216,-5.396022,2,39.612311,2.646076,747.8745,56.690002,0.73332775,0.0064840317,0.7360952,0.7885591,116.02946
6d04f362c09a4ece956f81293003eed6.jpg,7,41.062413,15.714447,7,40.98271,15.927166,19.924822,19.924822,0.86815083,0.04804945,0.8517514,0.9394444,42.673172
6d0743d582fd479e9e4c4337ccedd2c2.jpg,2,42.83402,-8.739643,2,42.70811,-9.01727,26.63744,20.749386,0.7029935,0.000218153,0.71461505,0.7072613,2892.1204
6d1c140e0b3d4eb8bf881ae93df8c15f.jpg,1,51.963929,8.263869,1,52.448097,12.508369,294.1553,24.231241,0.67005765,0.018063307,0.653458,0.7445702,225.8736
6d2e75b69a4c403ca3ce65f8c919be70.jpg,4,43.828315,6.196318,4,43.770575,6.160239,7.0431542,7.0431542,0.6664953,0.014402986,0.673516,0.67923266,1225.7072
6d34ad30b3d44092b75ccfe227d58124.jpg,10,65.66192,15.445209,10,65.326798,16.651808,66.972755,4.0961704,0.86926115,0.019441307,0.84816754,0.95363545,66.972755
6d60d6562a904a85892a7043c71ad77f.jpg,2,39.64826,2.698728,9,50.431655,18.610298,1725.4525,46.921494,0.68773854,0.010632932,0.67662287,0.7322009,1725.4525
6d6ad81ffe554afcaf8da869de6583a7.jpg,10,64.381075,21.381786,3,63.298492,28.371361,362.96057,0.3064835,0.75263536,0.033735156,0.71220756,0.9257593,401.95883
6daf69bce7ca45429737a1e7f076c95b.jpg,10,61.165365,14.703564,10,58.864158,17.828195,309.16373,126.29816,0.75116944,0.03902924,0.7380581,0.86042786,1019.1582
6def02a7dc414ef6a5862ebc17c197cf.jpg,1,47.665195,10.185483,1,47.618087,9.785285,30.436697,16.561031,0.75595117,0.07179725,0.7337562,0.8447311,30.436697
6e08b7fa69b54da99e72120a37c343c3.jpg,6,66.135107,-18.929184,6,65.900993,-18.061126,47.082596,3.9744103,0.8091562,0.003515005,0.77726203,0.93673265,47.082596
6e23488d1d8744f38beafa8a06c098e4.jpg,2,39.275893,-2.205168,2,38.87021,-1.778505,58.236397,1.7983444,0.85497624,0.002753675,0.8456161,0.91191393,63.37877
6e294f941b49472b9af9e9d566a4e263.jpg,3,62.900644,30.212119,3,62.927222,30.290089,4.931321,0.5472357,0.85750693,0.006691754,0.83170736,0.96070534,4.931321
6e329eef4df342848206d04788d665be.jpg,3,67.411314,24.924669,3,67.333708,24.907615,8.6601925,8.410482,0.95151484,0.00067323446,0.94307095,0.9886216,8.410482
6e3d4aa6db2544b1ac6da7214ba92cfa.jpg,7,42.653642,12.491208,8,62.234511,7.150276,2205.3997,132.47495,0.62150025,0.004857242,0.5994462,0.76005626,2085.968
6e5871d626634e77955a12952013b9e2.jpg,8,69.439946,25.012518,8,69.4412,25.023601,0.45469224,0.45469224,0.9201293,0.06158203,0.9087249,0.9743697,11.2769785
6e5caeac647441ec9ee17625096324e0.jpg,8,59.619452,8.837766,3,62.954788,27.771278,1072.4874,0.8675086,0.69327855,0.007004738,0.6623703,0.8170016,987.46814
6e8ef7def46c4d7fa4e76358e44778ef.jpg,3,63.815708,29.193987,3,66.269103,29.402569,272.98053,102.57504,0.7611631,0.03943938,0.7678145,0.8046801,1427.1146
6e95a1069f53417ea42690f018545cb7.jpg,0,55.590397,28.572301,0,53.416355,30.389823,268.6977,5.555076,0.87562644,0.049224257,0.85187095,0.97064805,268.6977
6e9c4b333d49483194e63759019b689e.jpg,2,39.625231,2.648001,2,39.612311,2.646076,1.4460714,1.4460714,0.8645995,0.12748384,0.84543777,0.9412465,1.4460714
6eb3da96a0c648429dd408135813d3b7.jpg,1,50.8769,10.971264,11,40.716686,31.576032,1945.7533,469.55612,0.5966645,0.007883668,0.57753074,0.80111676,2343.1714
6ed89e6169c64492bae5566ff02ca5d6.jpg,8,66.318457,13.07483,8,66.31855,13.073391,0.0650949,0.0650949,0.8967384,0.13263023,0.88210726,0.95526314,0.0650949
6ef79d5a08e54d3ca3c20b17de232cd6.jpg,0,55.461979,29.119113,0,55.515581,28.88616,15.84006,0.5955457,0.8430705,0.0036828518,0.81783485,0.94401306,15.84006
6f0f7f1195e8414d9fe56cd53786d03f.jpg,2,40.968212,0.638726,7,36.730816,15.030871,1330.4321,81.962776,0.65966326,0.0042791367,0.6282276,0.7863648,2168.6274
6f32fc5ded664f108c8d53478f83b438.jpg,4,43.136877,2.729555,4,43.1426,2.727564,0.6565538,0.6565538,0.7738577,0.09240502,0.75108707,0.86494035,0.6565538
6f63e2bcebc34bd4a94c2a91c1451dbe.jpg,10,67.964217,19.978608,10,67.964824,19.976606,0.10738343,0.10738343,0.8875536,0.2174862,0.8804905,0.91580606,0.10738343
6f687b7b823e4865a986d00d3b243482.jpg,0,55.203145,30.363007,0,53.688484,25.606208,350.5503,3.61851,0.8370165,0.0062711835,0.81076205,0.9486705,66.10364
6faa39ed51c349e9bd49167f807959d9.jpg,10,57.177718,14.078164,10,57.17925,14.078959,0.17696121,0.17696121,0.9228398,0.18493563,0.9108203,0.9709179,0.17696121
6fadbec641594298b792ea80649117a8.jpg,7,42.411393,13.625525,11,38.324498,42.923129,2510.3792,163.31627,0.7152821,0.014850199,0.68596226,0.8325614,2510.3792
6fc1b4701065479e8fc5b71091043679.jpg,1,51.552957,12.337423,9,49.809902,22.387182,733.45215,40.131947,0.74454653,0.008937538,0.72314733,0.8689268,453.3768
6fc87b751570426ab43da4b33e1487ca.jpg,11,36.567351,36.397881,11,36.204634,36.197183,44.15273,15.362112,0.7996907,0.0390262,0.7655279,0.936342,44.15273
6fe2b6ef20684531b219124abf1a2f4c.jpg,4,48.28086,4.127953,11,40.568817,36.033407,2652.3918,50.692425,0.6522669,0.0008044243,0.63529867,0.768715,1047.5752
6fe32289ead548849b92ddeffe7008fd.jpg,2,39.073245,1.536917,5,51.779881,-1.995413,1439.1067,2.024631,0.6505142,0.027201474,0.6010388,0.84841573,1439.1067
6ff9604b2c6f4c279189bf95e00f7d5b.jpg,4,43.600697,-0.800645,4,43.644337,-0.894385,8.9711895,8.9711895,0.82002586,0.0074652433,0.79221576,0.9312662,8.9711895
700c381a5ef64db888b3de8a02740cef.jpg,11,38.123976,41.691591,11,38.123827,41.68768,0.3425144,0.3425144,0.8399417,0.05051452,0.81232435,0.95041084,0.3425144
70129fa37a0a42318c7d3d25dda30d45.jpg,8,67.261597,15.425236,8,67.260499,15.433198,0.3633389,0.3633389,0.8244136,0.07225186,0.79993653,0.92232174,0.3633389
701b81067e6740e88d4aca962e5e3ca5.jpg,7,40.694746,16.944658,2,40.514723,0.251152,1407.3064,11.047965,0.72143066,0.0149258375,0.7329375,0.7914227,968.05225
702e1adcc1ac43a497aef0fcbc0e10c1.jpg,9,52.673718,15.121732,1,52.376536,12.855789,156.81094,13.03173,0.7217364,0.0008558631,0.7253653,0.79083866,140.19925
705767761e4a4146a5e91569fa85f9a2.jpg,4,45.964968,0.809058,9,54.595764,17.256314,1505.8257,41.16774,0.6856592,0.013888061,0.6720953,0.7971493,1500.8164
707505a48d7340e3b3059b285b8d9fc6.jpg,2,42.892322,-2.135828,2,42.8591,-2.355799,18.301527,18.301527,0.74973494,0.07757515,0.7291672,0.83200574,18.301527
708e243f35df46cd9491edd630aad5ed.jpg,0,54.72232,26.048922,0,54.702159,26.105111,4.2488766,4.2488766,0.8020151,0.07408798,0.8005631,0.8078233,4.2488766
70938211f5a240ce9ba5a2435a677c6b.jpg,8,58.245868,7.952879,8,58.306187,6.422033,89.7567,1.7786413,0.6913465,0.006245494,0.6523622,0.84728366,89.7567
70a539edddd2424ba1b8ffce40edd8c9.jpg,2,36.593456,-6.085507,4,48.544304,-4.504034,1335.0906,45.47412,0.6994182,0.027872324,0.700853,0.8314315,996.7458
70b8ece536244cefa0ae8799c32a72c7.jpg,1,52.857153,7.809499,1,50.807634,7.169985,232.09186,17.588507,0.7858734,0.01645571,0.76164365,0.8827925,232.09186
70e87f9cf1704de4aba2ff22873ca260.jpg,11,38.283809,41.098755,11,38.271186,41.09903,1.4038208,0.2475996,0.8826164,0.0026530027,0.8636463,0.96994835,43.997242
7119f5e9911744d6bdc1914c5aaf9771.jpg,1,53.743864,9.527332,1,49.423292,11.185826,493.86652,10.068547,0.7428542,0.013538897,0.7301302,0.8617909,471.7772
711aee5b71f6475898db2b5ef23af815.jpg,9,52.51427,21.678668,9,52.513536,21.678572,0.0818753,0.0818753,0.9168305,0.13907981,0.9073656,0.95469,0.0818753
711e3fa5e7b74203a1e94a43554b7b44.jpg,3,64.787787,25.542515,3,64.80352,25.510789,2.30595,2.0794284,0.926978,0.001511097,0.91581225,0.97962725,83.12042
712b7c007c16464fa0cce9207e1194d7.jpg,6,65.104617,-14.328541,6,65.102027,-14.328395,0.28807634,0.28807634,0.9521808,0.047496796,0.9441761,0.98419964,0.28807634
714eee4604e14464b8ba0a8d11a5885b.jpg,8,62.544315,6.124137,8,62.543071,6.124773,0.14211786,0.14211786,0.7385418,0.08130783,0.7239687,0.79683423,0.14211786
7171538378354344a330370f91f46184.jpg,7,45.728512,7.225204,4,48.148855,-4.235381,909.76495,21.432646,0.6754849,0.0026840568,0.6732302,0.8039418,136.4682
7186328d14ff48bbb5e82d457cde662e.jpg,10,60.642675,15.948403,8,60.242275,5.367856,581.4371,7.056403,0.73437726,0.012108564,0.7352516,0.8166555,595.5597
720d16a8bcb14311b952481ea597b58a.jpg,7,37.028256,14.406679,7,37.021027,14.409258,0.83579934,0.83579934,0.77137476,0.05799097,0.78204095,0.76679474,25.443373
7230791434d741099d52789bb1e00aad.jpg,6,65.943556,-16.568617,6,65.945211,-16.567453,0.19144134,0.19144134,0.886479,0.012028873,0.86452967,0.97427636,0.19144134
7234b11de106401b8518eedb957def05.jpg,0,54.014512,26.387756,0,54.048763,26.800842,27.245754,15.253184,0.68635535,0.0037380457,0.6761749,0.7469115,84.129974
7248419bcb03431e9f0cdd14ee03df86.jpg,11,39.194277,37.298279,11,39.201744,37.242913,4.8427324,1.5391335,0.7883384,0.034391344,0.8041641,0.72952425,3381.7737
7254a226930e43a5907854b56c57f529.jpg,1,48.705149,10.244091,9,54.077492,15.635424,704.3781,7.391888,0.7285428,0.0026595592,0.71813333,0.85266507,537.7753
726ea475701e4a2aa30079bc950132fb.jpg,11,41.219019,28.466169,11,40.738613,31.696477,276.36826,17.345528,0.69175005,0.009759724,0.6770406,0.76755595,1000.95575
7275a941d1974855b1605bcf4d055dfb.jpg,1,48.288451,12.527007,3,62.52898,22.73356,1704.7352,77.79486,0.65207046,0.00040596724,0.6571474,0.7895355,554.19904
728a19b9f3f04ca29385872a359e36cb.jpg,0,52.278699,31.08658,0,52.612886,30.85318,40.386707,0.09810992,0.8771519,0.007992446,0.85272324,0.9748664,40.386707
72b6a452560c4ee19f21ef6d709051c5.jpg,7,38.650059,15.846778,11,38.036642,30.166932,1249.4669,31.674019,0.6443434,0.019071102,0.6520331,0.72206366,281.94662
72fe6789b03548538382848e09f6aa67.jpg,6,65.926344,-16.578731,6,66.084803,-15.145187,67.17128,2.1593385,0.82627255,0.011248112,0.8010509,0.9496461,66.46275
73020128ddd24201b514f92f421edee9.jpg,0,53.187543,28.730799,0,53.187424,28.73116,0.027452102,0.027452102,0.9062157,0.045794666,0.8915088,0.9650432,0.027452102
730897faa42449dea28c55c5fa8e6f60.jpg,5,53.204829,-3.022187,5,53.187429,-3.066231,3.5144844,3.5144844,0.7075293,0.03207451,0.6640172,0.8867996,237.01651
730dba8e747c419a929791e043ff289d.jpg,10,68.032885,19.835579,10,67.964824,19.976606,9.5805645,9.5805645,0.7213562,0.06230569,0.7135353,0.90217257,1929.9254
73121d35268f42c19030aefe0382b580.jpg,5,55.276007,-1.6739,5,55.951012,-2.497866,91.16399,8.659479,0.71317816,0.062781334,0.7007942,0.77554655,220.41248
731adfb06eae43dba208e4d5474c43ec.jpg,7,41.252841,16.014068,5,55.910305,-4.510753,2204.9321,61.64009,0.6396727,0.014301181,0.6379558,0.6967386,106.91981
7338db5403a94f28aded124908e11960.jpg,2,41.006985,-6.4127,2,40.96348,-5.756353,55.304817,6.649568,0.7755767,0.0372051,0.76517284,0.8552519,239.1205
7352c45198cf42e0a892145ffc7fe6c1.jpg,1,49.49781,7.45484,8,58.321753,6.285106,984.12665,210.30898,0.6746983,0.023402274,0.6474153,0.7890835,1211.2285
735c82a8ba924fa985aa9ec20ff0834c.jpg,11,38.155943,41.774301,11,38.123827,41.68768,8.375023,8.375023,0.71008,0.000300467,0.68941116,0.7927553,8.375023
7361f14ef6864488bc699385bcbb8185.jpg,4,47.212696,5.270874,4,47.210922,5.274055,0.3108738,0.3108738,0.8948469,0.16311753,0.8820684,0.945961,0.3108738
7363cd30185c4322993e7199fa99f0df.jpg,7,37.731755,14.059568,6,65.0365,-22.753404,3859.8462,2.388273,0.67200524,0.025590122,0.6798355,0.7949191,1875.6794
73990d89e2684d3b9a680d5798a5c1b6.jpg,9,51.707041,19.483812,9,53.50781,22.569973,288.95465,42.101795,0.7110727,0.007364869,0.6764722,0.87515974,180.06923
73e846ee54784a078f8c6f804a569d3b.jpg,6,65.811202,-22.518352,6,65.800975,-22.538915,1.4735347,1.4339164,0.94739974,0.005127549,0.93723226,0.9923774,3.1348817
73ffbfb212d541fca0dfedffdd6e4808.jpg,11,36.971969,28.698466,11,36.961641,28.726219,2.7199938,0.45175007,0.8957807,0.0365206,0.87753546,0.96876144,2.7199938
749c6a7670104332a5636ed4b59d9298.jpg,4,43.85156,5.032602,2,39.281877,-0.403333,679.9122,10.181189,0.7249155,0.010440588,0.71837544,0.77910584,698.15686
749f2c62088340c299f29c041dce8fb8.jpg,1,52.934502,10.33105,1,52.93412,10.331489,0.051671218,0.051671218,0.9569943,0.039200842,0.94962394,0.9864757,0.051671218
74b216ffdc584ca58e75595b206caca5.jpg,2,41.133848,-4.088747,2,40.795479,-4.455789,48.635567,12.770714,0.79754966,0.01180768,0.77597064,0.8855188,27.490831
74c325c8b2bb448d9b7b2a0f4dd25a3d.jpg,8,68.129661,13.385885,8,68.128985,13.385203,0.08030101,0.08030101,0.8611727,0.10488886,0.836868,0.9583913,0.08030101
74df0616e51e452c88773f4b9b9d9acc.jpg,11,41.008015,31.78908,5,55.62613,-5.135443,3123.9236,465.0793,0.6487852,0.015223324,0.63260645,0.727543,2527.1401
74e0cba696cc4da1b6a9203037608c01.jpg,3,63.019146,29.711215,3,63.02861,29.701861,1.1532793,1.1532793,0.8937648,0.027213275,0.8760112,0.96896493,4.362785
74eb6065d5d144cd9748b5dff212dd8c.jpg,11,36.972111,28.698142,11,36.961641,28.726219,2.7527528,0.4845615,0.8886341,0.043751538,0.8694006,0.9655677,2.7527528
750518da4371449e9a6a98ccfeba6d4a.jpg,6,64.522963,-21.556729,6,64.532691,-21.609992,2.767312,2.767312,0.8100911,0.02775067,0.79103845,0.8863013,2.767312
75120b6c6c154a74b42e4ad805d3439f.jpg,4,48.930283,0.806903,9,53.931246,22.399695,1589.2372,1240.8519,0.6789236,0.019990563,0.6691723,0.79360795,1579.8058
7516df3eff874dbda1c1c83717067dff.jpg,6,63.950486,-16.831054,6,63.945431,-16.807802,1.267027,0.6026507,0.8021404,0.020974278,0.7750162,0.9106374,1.267027
752d2019ebd043b4890a03f0d76b268b.jpg,3,63.613282,27.684746,3,63.614558,27.677383,0.3905429,0.3905429,0.8198974,0.030683696,0.8203572,0.85239315,32.090103
752e7d0e381940bcbed2441724d0db56.jpg,6,64.209619,-15.720971,6,64.201828,-15.736508,1.1470242,1.1470242,0.8918444,0.022057056,0.8706553,0.9769275,141.5973
7540e184f7a7400c944b08499064f4ce.jpg,2,38.904918,-3.390347,2,38.935922,-3.386831,3.460885,3.460885,0.94383806,0.050799727,0.93484163,0.9798238,3.460885
7555659ee07d43e6883516f723888903.jpg,8,60.253391,12.052348,4,44.639475,-1.116209,1943.8641,38.14307,0.672995,0.028217435,0.6819592,0.7169443,2146.9255
75581733acd4400a967b50423aedffbd.jpg,8,62.050426,7.25137,8,62.053501,7.248536,0.37245828,0.37245828,0.7357371,0.017893732,0.7084752,0.8693121,61.529953
756302dd6cda418c8d4cd2ddc94bef77.jpg,8,61.857906,6.203139,8,61.848349,6.147823,3.0900512,3.0900512,0.77832067,0.0034580827,0.7525121,0.92853606,12.157802
756f7774bc884ff78c6cabb92da0c941.jpg,3,67.510162,27.954773,3,67.536336,27.925598,3.1636643,0.12450867,0.83727795,0.04423505,0.8111999,0.94158995,3.1636643
75711b9de35147f795f253d5aebeae0e.jpg,0,54.341532,26.20063,0,54.41224,26.048687,12.595878,10.751247,0.77357554,0.022997677,0.75339687,0.85429,12.595878
7590e13e3b9043f4b0d901c70047b6fa.jpg,8,61.446748,6.004196,8,61.630944,5.333329,41.02796,15.199252,0.74151695,0.021710992,0.7353761,0.80728173,1742.4293
7597a8cfc4f64258afc967d124243861.jpg,10,60.222838,13.471974,3,61.938738,23.963101,594.7258,0.07084302,0.68752533,0.007264018,0.6908208,0.7692164,432.93823
75dd6651fb624d82984f3edff37e3178.jpg,8,59.953252,6.58044,8,59.962699,6.574869,1.095283,0.718096,0.75580853,0.05704385,0.7398381,0.89402664,1573.5408
7608a542a37a4deb929da308188d985a.jpg,5,53.284193,-1.533457,5,52.030172,0.795777,210.04144,6.7335377,0.7516318,0.008780837,0.717669,0.9182094,208.70811
762db6177cff4e418149f0e946b11b58.jpg,9,49.76887,21.718858,4,48.585429,6.44637,1115.9679,16.129848,0.6672931,0.0044988394,0.64860797,0.7420333,1115.9679
7639066895734cc38cd50264ee1a1f1c.jpg,4,43.422411,4.995993,2,40.625846,-4.1109,813.42755,46.03506,0.6579387,0.022991478,0.6469127,0.7913053,224.26286
7687d57cd4744ee7a26813d78ebb0f04.jpg,8,60.734686,12.668758,10,63.616549,15.043235,343.2727,151.28806,0.8544987,0.014398396,0.83061475,0.9564243,742.6157
769681295eb04c599faf575c3bb0d36e.jpg,4,43.730772,6.453559,1,49.923649,8.890635,713.0366,19.02389,0.638056,0.031089962,0.649836,0.73931515,2092.2175
76a6a5cfd9624afdadd5e53083d720e1.jpg,2,28.279178,-16.816588,2,28.472232,-16.424577,43.951336,10.455349,0.7687484,0.027192235,0.7558744,0.8202442,43.951336
76b75b163dd44fc38a65ccec97b4ec39.jpg,6,65.606701,-20.310419,6,65.611615,-20.306864,0.570276,0.56397444,0.9801093,0.032584965,0.9765749,0.9942465,0.570276
76ba6cc7f6f64b779e7afdd13ee32832.jpg,6,65.355285,-14.919775,6,65.352373,-14.956168,1.7183214,1.7183214,0.94345367,0.0069710016,0.932728,0.98749053,6.0450997
76c1919fa9494635a2cc0f80a9d7b1c6.jpg,6,65.590633,-17.16039,6,65.586593,-17.149567,0.6702142,0.6702142,0.8910128,0.0124332905,0.8709497,0.97126496,0.6702142
76e8593d7c1d479ab8a3ac7e588d43e0.jpg,9,53.335505,22.458968,9,53.338786,22.460341,0.3760478,0.3760478,0.84964275,0.038976848,0.82859683,0.9338261,0.3760478
770214392f4b4762bcb6fa9a4614e2f2.jpg,10,66.353383,19.760689,10,66.330461,19.824736,3.829279,3.829279,0.9133709,0.002507329,0.89686275,0.9837841,5.576285
771cd699a30a4ef2b9095f3b5eebdaee.jpg,4,48.767461,4.583603,9,51.307027,22.118108,1280.4111,83.84956,0.71681845,0.020703197,0.7328763,0.757694,490.05127
7752ea1410fe4f36b2e4985a973ed0fe.jpg,9,50.868982,15.800364,2,42.024263,2.986053,1385.9203,288.72327,0.70020664,0.01369679,0.68417174,0.82157665,1365.2202
7765dd6681d148889c59212ddc374fff.jpg,4,46.438084,1.08089,4,43.64486,1.217469,310.77795,28.859055,0.7136582,0.00018686056,0.7072971,0.7391027,310.77795
776a06a1f2bd42eaaf109bf778defec2.jpg,4,47.444971,0.47852,4,44.649895,6.62544,566.8753,39.985283,0.6698791,0.0040670037,0.6359409,0.80563164,566.8753
777bbd9abdec4ade92cc640c985e854d.jpg,3,64.70118,24.817844,10,61.43173,14.855809,618.5124,2.5772502,0.8267505,0.011745036,0.80228895,0.9245967,618.5124
7796b53af3754bba9a13fa8890ed8681.jpg,5,53.183287,-0.607813,5,50.343967,-5.106281,442.01172,1.4875748,0.7693697,0.00020712614,0.73286474,0.92642736,85.18057
77d0ea02e4dc46f3a349c6e83679c898.jpg,3,62.312674,29.862577,3,62.296603,29.843026,2.052884,2.052884,0.84100413,0.003237784,0.8355063,0.8922686,24.199741
78120bfc2b474ec8b9a4d2f27aba81ba.jpg,10,66.228021,19.933874,10,66.330461,19.824736,12.392892,5.4197464,0.90897423,0.0031533837,0.8899343,0.9851339,12.392892
781421ec4fcc4ca3b7840540adaad011.jpg,7,40.892369,16.132297,7,40.926921,16.072173,6.3473597,6.3473597,0.8635035,0.07294142,0.8530113,0.90547234,6.3473597
78174b5e1b1c4fe7a516ceb88de46a3a.jpg,5,56.516485,-5.936348,5,56.496207,-5.776487,10.065265,0.31057552,0.792266,0.0508461,0.7621311,0.9128056,10.065265
787a9b7a9468405783e1d815313fa683.jpg,10,65.081254,21.465107,10,65.039462,21.351213,7.0789986,7.0789986,0.8644009,0.04285842,0.8437788,0.95865273,122.57981
78a10aa2930b4c23bc06a1bd03cf3327.jpg,0,51.638285,29.094991,0,51.659761,29.120256,2.9565485,0.2977766,0.87044436,0.017894328,0.85019094,0.9535754,1.0523003
78a41041092143dba884d4dd7ed374f0.jpg,4,43.397685,6.311381,4,43.402961,6.281749,2.4648368,2.4648368,0.7535314,0.10426533,0.7480805,0.77533484,2.4648368
78ad1702db5a4211b96b8b06a9f099bf.jpg,8,70.633317,23.672297,8,70.611289,23.653194,2.548785,2.548785,0.75214493,0.013564765,0.7434336,0.85180724,3.1953022
78bdeca3aa5f452c9cf4ff42c0123ba1.jpg,9,50.008248,21.076695,2,42.112021,2.774026,1656.2239,69.83492,0.72830683,0.011650443,0.7130554,0.7893128,1656.2239
78c653eb152e460881594d2ac8b922f5.jpg,7,43.811763,11.230281,5,56.147549,-4.007098,1743.6659,0.717962,0.6340631,0.0034875274,0.6311949,0.73790956,40.81234
78ca6cc2a52745089be89065e302f44e.jpg,5,54.548857,-5.485655,5,56.345831,-3.469585,236.8141,5.4037557,0.6724287,0.0019466877,0.6427752,0.8368995,374.14688
78f09b52389b4334bef78d76df0b1429.jpg,9,51.657181,14.814421,7,40.936322,9.471971,1259.9246,37.15569,0.7012983,0.001063168,0.6891525,0.83643556,1434.48
7911e62574494b91871dd307498bfa7c.jpg,3,61.842109,29.733893,3,61.898763,29.807378,7.3842263,0.5623555,0.85738784,0.004499793,0.8432872,0.9538255,127.32958
79131afb6e0a4a0f907795b1b0dbfa83.jpg,6,63.932493,-16.454364,6,63.917892,-16.511339,3.223397,0.35443443,0.8976144,0.009973347,0.8754697,0.98619336,3.223397
7959f970dead408ca817e3b0288de270.jpg,10,59.663743,16.92875,10,60.34533,18.127956,100.93266,13.585558,0.718531,0.020677209,0.67372143,0.8977692,100.93266
79629a8dc43342f9ad13b70125470aa6.jpg,8,58.074479,6.685535,1,53.089773,11.289851,624.93304,198.86398,0.707714,0.0016694665,0.66737306,0.8690778,624.93304
7981e3c386e749aa8a2ad5323176f1cc.jpg,5,55.956675,-3.928757,5,55.813308,-3.502197,31.013031,31.013031,0.7222328,0.017142475,0.7146508,0.8098456,589.06616
7983d23bbae64014abd2bb53c0a4b427.jpg,5,50.544678,-4.828781,9,50.319569,18.945857,1676.9272,895.80206,0.6681648,0.0025362372,0.6757935,0.7516201,1428.6434
798ec7b26c7b432e9fdc7f850ea1ccea.jpg,6,64.419587,-14.595558,6,64.418293,-14.592235,0.2148447,0.2148447,0.9090431,0.036533773,0.8921458,0.97663176,0.2148447
7998dd0eec87475c9caff95a8776806b.jpg,9,53.296035,22.455261,9,53.32512,22.456766,3.235654,0.19645299,0.845356,0.028146386,0.8369857,0.9072964,4.7656627
79993bc4169048b38e19518750a9da16.jpg,11,36.815814,34.573226,11,36.81714,34.566285,0.63522446,0.63522446,0.7342659,0.019141793,0.70577496,0.85928774,1640.7917
79a814dc8eb048e6b34b6cc19a837b5f.jpg,3,63.911557,26.729255,3,63.357878,25.596325,83.185745,6.9172544,0.8871954,0.0016070604,0.86307335,0.98368347,83.185745
79a93643fa74492fadd44e7045000554.jpg,5,51.937124,-2.169361,5,57.687397,-5.595695,675.8273,71.783615,0.6749783,0.00023823977,0.6683227,0.788254,1939.1951
79b2593ef62b4e64bb08aefaf2140ecd.jpg,10,56.958665,18.303057,10,56.955931,18.302545,0.3055882,0.09612464,0.81176895,0.053480864,0.8201711,0.821015,1128.6348
79d89d2b4ce74b89bdb49ed595d4d6d2.jpg,3,62.10994,28.585284,3,68.346501,27.399579,695.63904,3.626023,0.7555788,0.0063334107,0.7472475,0.84051055,646.4541
79fba7c9c88c41859e57cc65b306d111.jpg,2,28.107236,-14.387761,2,28.070307,-14.420452,5.2102137,5.1395316,0.8784381,0.024089575,0.8521888,0.98343503,5.2102137
7a1a0e217d864009bcbc9c5897955194.jpg,10,65.856702,21.80825,10,67.246537,23.155209,165.62738,8.087364,0.8095692,0.0009112954,0.7906021,0.9309284,229.8308
7a424a8f40824394b83c6016e81f58e0.jpg,5,57.963725,-4.020917,5,55.984923,-2.896377,230.33711,5.905641,0.7318231,0.011280954,0.7297369,0.816203,55.0448
7a5b74ecf1514c37a744c9660c6c555c.jpg,1,53.07669,11.270557,1,53.078352,11.242991,1.8506224,1.8506224,0.85942036,0.107545555,0.854102,0.8806938,1.8506224
7a5fe3e520914c23932c958d5740f048.jpg,10,55.610175,13.959864,1,48.635866,9.046002,844.44226,14.3718405,0.6721634,0.0021496415,0.6553423,0.76210153,1602.716
7a65e4b4e48d45a7af123a8f90d0a8b8.jpg,11,40.912506,40.137344,11,36.135199,33.193346,803.9371,19.01881,0.7073781,0.016178489,0.71285164,0.80552286,19.01881
7aab24a806a7465a84dd72f2ad9178d3.jpg,11,37.010926,28.340427,11,36.922274,28.280009,11.224356,3.2039618,0.73204553,0.055140734,0.70260996,0.8497878,11.224356
7ac37e4e85854c52b8716764a2cc8ed8.jpg,7,39.292201,9.589428,7,39.291724,9.587711,0.15699135,0.15699135,0.75136983,0.016206384,0.7272809,0.85525465,200.31612
7ac405080ee74015beadfc23398dbc9a.jpg,8,67.260253,15.43316,8,67.260499,15.433198,0.027402647,0.027402647,0.8021115,0.106886744,0.7975919,0.8201896,0.027402647
7ac48f0d17bd4b50b16c8e3d0bcf0920.jpg,7,44.736543,10.149462,2,40.099926,-5.961746,1416.4534,112.71949,0.6725721,0.014046192,0.6556517,0.8125608,1124.585
7ac66eabd0ab48bbb084c88596032035.jpg,5,52.331536,-3.042645,5,52.260196,-3.08199,8.371751,8.371751,0.7471671,0.015046954,0.7295471,0.9103456,76.47272
7ae2fbcd015243b4b93ec0857c80d451.jpg,6,63.549462,-18.448875,6,63.523604,-18.473202,3.1177452,0.24431086,0.8946792,0.007860959,0.8760674,0.97946036,7.613652
7ae3ecf8e50342b3b0bc6b0d75852bd2.jpg,1,47.727865,11.184079,10,60.458932,14.736934,1433.943,58.50651,0.66586554,0.00057828426,0.66899395,0.7553191,1190.5453
7afdce6279594ef4baf8777ab84294cd.jpg,2,42.173015,-1.553286,2,42.197233,-1.429862,10.519814,2.918914,0.7368119,0.015189946,0.71334505,0.8306793,10.519814
7b0bed38a3cb4e929b88b9e9cfc59b07.jpg,3,62.636716,25.685094,3,62.867315,25.810783,26.427813,26.427813,0.8487187,0.0029141307,0.82411444,0.9573239,37.661903
7b1d2f33c98a41f19485719165678dfe.jpg,11,36.915397,31.133254,11,36.910706,31.173239,3.592963,0.7637992,0.8276148,0.12699836,0.8012061,0.93324935,3.592963
7b5008c0d7ee434aa4a9cbd1856e3b37.jpg,9,50.821065,22.736292,9,52.165458,23.394654,156.28214,21.777145,0.69543463,0.008044958,0.68329847,0.7985095,601.1589
7b5b5a33a293415f902d1fe63147be1d.jpg,4,45.93007,0.198103,7,41.857191,12.376878,1074.3473,25.772833,0.7471194,0.000834465,0.74474823,0.8286154,770.63904
7b5dda4dc4aa46069a9a4debd7e7c4f9.jpg,1,53.440619,9.945042,1,52.643084,13.756178,269.74127,23.593876,0.79911095,0.030786395,0.78634924,0.8501576,269.74127
7b5f1688e2d045a58198840523faee8c.jpg,3,67.105949,28.825053,3,67.276266,28.23593,31.678617,5.962312,0.8881558,0.009546936,0.86905295,0.9645674,31.678617
7b7cb0f84c884b0f9caa87e9d60216ae.jpg,9,51.195742,16.018528,5,52.743821,0.433933,1079.1971,407.17548,0.7540076,0.011441052,0.744525,0.7995141,1441.1473
7b7f9cd849c44fcf9f84d51d1e42aea4.jpg,6,65.760779,-16.385328,6,65.377849,-14.530702,95.32589,4.6318846,0.86302114,0.003991246,0.84071815,0.973314,40.006584
7bb2581efdc448048aa42de7056cd1e4.jpg,2,39.520292,3.28774,2,39.512541,3.281414,1.0184753,0.019888462,0.73122966,0.0006721616,0.7317499,0.7998524,584.0317
7bb43e7e64bd44eaaa4701318398316a.jpg,8,61.108933,9.107127,8,60.947073,9.350303,22.259314,0.24738829,0.82691705,0.010789275,0.7996722,0.96125185,1.1015664
7bb617f7830a4c31a16171939156a9f9.jpg,6,66.106256,-18.819939,6,65.900993,-18.061126,41.21122,7.935233,0.7409809,0.0044239163,0.6956817,0.9221778,41.21122
7bd69406470447c4a53ce066496dceef.jpg,5,51.092875,-3.136217,5,52.408436,-3.837765,154.04765,84.765045,0.6321071,0.0066853166,0.59869206,0.83396924,210.91737
7bda276aa829494e8af682bec72fbb24.jpg,11,36.844217,28.755908,7,41.437702,15.607738,1241.9231,3.145271,0.71002054,0.014528036,0.67772514,0.8392022,1241.9231
7bfa3892e10b4159a9b5ab66bd48ca73.jpg,9,52.481525,21.639197,9,52.513536,21.678572,4.44687,4.44687,0.82328266,0.062051594,0.82588756,0.81286305,4.44687
7bfcd733dbb64321b3fc71db665a1d86.jpg,4,45.591976,5.082627,4,48.128184,-2.178469,619.5903,7.20643,0.68532205,0.014940381,0.67230314,0.73739773,619.5903
7c3f93a70a984ca38d03605f1111eb42.jpg,11,39.745047,42.870755,11,39.771982,42.776448,8.599833,5.538241,0.7737993,0.02231431,0.7598346,0.91727924,106.326805
7c5b527464b14fb9ae60654072f3c159.jpg,1,52.511421,10.350112,2,42.441843,-7.706388,1750.8053,400.08868,0.5924936,0.00250417,0.5948373,0.6938672,1413.3483
7c6198e1046d43c79f20e6bacf13f12c.jpg,0,55.966783,28.646306,0,55.997854,28.645426,3.455376,0.7730295,0.88266236,0.005896747,0.86289495,0.9695169,42.111507
7c853c12028d48f089b599793d139f0e.jpg,7,41.442617,13.944146,7,37.553554,14.289008,433.45468,77.4775,0.72553843,0.005033314,0.71297044,0.81933737,596.66724
7cac02d3b5754543b6ac360d6350342e.jpg,1,53.234732,9.999449,1,53.097555,9.929222,15.955625,8.170305,0.7153827,0.0045767426,0.69398075,0.80099034,15.955625
7cb39d5e29a049879bc64164b031df22.jpg,3,67.485693,27.982756,3,67.536336,27.925598,6.133611,2.8542893,0.7574434,0.03674698,0.7361866,0.87870514,695.966
7ccdcfd5a1cc468aa1aef28331f4d598.jpg,5,51.565305,-0.556271,7,38.835582,16.608243,1943.0037,35.301468,0.6884334,0.008037865,0.66316307,0.7935163,1387.1713
7d0269af77604f7894f1f46c90f9c1ec.jpg,10,62.862276,15.080281,10,62.480571,14.770064,45.301693,13.596286,0.8689473,0.0047264695,0.8523123,0.9354872,45.301693
7d0ad1cf62a747c09b6a6183b2563ba4.jpg,4,44.112291,1.308214,1,47.968789,11.407,888.6511,74.15696,0.6507004,0.00079745054,0.6690116,0.7518758,1952.5092
7d4d8491d45a41c994675c9c39bcdc95.jpg,6,63.541667,-18.454466,6,63.541887,-18.454265,0.02641202,0.02641202,0.988379,0.011653066,0.9859594,0.99805737,0.02641202
7d54c4ef016640ca924f388a4cc98596.jpg,8,60.422335,7.723457,8,60.367575,7.507791,13.320245,13.320245,0.7696115,0.11004293,0.7298489,0.9305258,243.1355
7d73aa077bc2476087485628cefd8344.jpg,4,48.521396,6.23012,4,48.201847,5.578815,59.815926,0.43702805,0.6598369,0.02066183,0.6527305,0.75592864,858.5085
7d7cb9db19734430a737d12500608113.jpg,11,40.726396,39.638332,11,37.046134,27.439955,1131.1113,0.40808347,0.69860435,0.03461063,0.68763256,0.74249136,1131.1113
7dab8497c6e44c4fae3fbaeb02310c86.jpg,6,65.680993,-23.198784,6,65.669936,-23.239478,2.2328444,0.9968717,0.9552928,0.019514501,0.9458078,0.99323267,2.2328444
7dc6d6d4c37547ef9daa432342855c0c.jpg,5,57.223565,-2.633292,5,56.992464,-2.279252,33.4275,7.25065,0.78947145,0.059818566,0.75744355,0.917583,33.4275
7de5a046c20247b8ad627060f704f8a8.jpg,6,65.491433,-23.213946,6,65.497602,-23.200692,0.9188176,0.9188176,0.94859624,0.017928243,0.9389918,0.98701394,0.9188176
7de8a74147d249aca1a18fd157963e6d.jpg,4,43.427985,0.047997,9,52.691226,22.540962,1951.0737,346.75082,0.72934544,0.0122715235,0.71310276,0.79675806,2068.517
7df88c66e4194044a757f51e7e9d2722.jpg,10,58.680935,14.646972,10,65.593912,21.122561,838.10535,16.633673,0.77832294,0.00600487,0.7551486,0.91122246,747.14825
7e0f270f68b14c10bed3a4dd8fc88acd.jpg,1,51.846054,6.158205,1,49.782965,8.409053,278.5989,21.2401,0.757199,0.070145965,0.740906,0.82237095,278.5989
7e1bed0e5dc04ac6b8889f51c929c4c0.jpg,8,60.523134,5.302453,8,60.52858,5.163211,7.6421533,7.6421533,0.7347937,0.04367721,0.74004805,0.76385057,1077.1809
7e7a9f23ede04e20ad74186d68e88b3e.jpg,5,53.60807,-0.23531,5,53.82578,-0.627495,35.383923,3.9333172,0.78866786,0.10144013,0.775003,0.8490518,3140.413
7e8387b9d53b4043b94bc3f241c26d79.jpg,4,44.025512,-1.327789,4,43.811529,-1.370474,24.038233,6.6904163,0.771739,0.014932036,0.73496485,0.9225236,10.845715
7e8c67738c594d7d81562d17620b310d.jpg,5,56.001638,-4.390912,0,53.049825,28.063994,2099.8284,54.923058,0.70850575,0.0011678338,0.6945376,0.794461,2227.98
7e9e98d67b6d4b5098c0421a479ea460.jpg,5,55.282998,-2.94676,5,55.298853,-2.940177,1.8115985,1.4349586,0.7687334,0.068047404,0.7425693,0.89890957,52.66034
7eb0dd3189f847eca81c4bb91b93ca57.jpg,2,39.371857,3.011853,2,39.384622,2.996997,1.9092284,1.9092284,0.7124318,0.024069726,0.70014364,0.7615843,1.9092284
7ec6b02c37fc46338cb0775eadaad9e4.jpg,11,40.999268,31.992333,10,66.0568,22.707409,2846.0408,1745.5831,0.7644619,0.021860719,0.74294186,0.85054195,2846.0408
7ee7829619534b14847bce82caea67b4.jpg,7,40.694913,17.071808,1,53.173157,7.725568,1555.4287,24.110394,0.65067935,0.035258055,0.6558888,0.7144034,1133.2666
7eeec8e67b2940c3b3d1e7df0c105471.jpg,8,70.083503,22.009552,1,54.566019,8.54932,1850.2625,126.89696,0.64590114,0.007283032,0.6440549,0.73284924,1034.556
7f3bf706335f4937bf26a164effdd841.jpg,10,64.290747,15.76457,10,64.324468,15.720818,4.302113,4.302113,0.8260332,0.0048668385,0.8077823,0.8990366,4.302113
7f48d99ed974432db3ec337194b7436a.jpg,4,46.34976,6.105462,4,44.55499,5.872598,200.39424,33.10459,0.6910538,0.014990389,0.66980886,0.8130675,354.016
7f5df1ddd86a49498c9b36ada9397b83.jpg,10,60.02624,16.218432,10,59.143595,15.166211,114.63178,17.006638,0.79383147,0.037819862,0.7728603,0.87771606,114.63178
7f5f3a25e81e4091ab39b523789d556c.jpg,4,45.184278,2.600101,2,42.150664,2.611594,337.32422,33.21768,0.6421369,0.0012011528,0.63109106,0.77261716,221.96053
7f6fe0a6a5a54eeb9e4555b696318202.jpg,1,50.250311,7.588082,7,44.095861,8.127171,685.55145,82.30912,0.7300641,0.054328203,0.7016756,0.8436178,685.55145
7f9b4eac0ff34da78c1e8fcfa0864592.jpg,5,51.036543,-0.27444,1,50.158089,6.643577,497.76892,20.585173,0.7008451,0.024463713,0.67441404,0.8065696,497.76892
7fa776454db24996a48a4d346388c363.jpg,9,50.099361,18.16786,4,49.263229,1.544308,1197.1385,165.37392,0.6693787,0.0035549998,0.6637471,0.7881855,1551.45
7fca2c2e1e6d4450a72f61ae13e685d2.jpg,2,41.888753,1.067805,7,46.04915,12.030811,990.6326,60.40071,0.73388153,0.016397059,0.7025796,0.85908914,990.6326
7ff09852d5ac4ba7ad2a0bbfc44e77ab.jpg,2,43.238659,-8.570288,1,49.702115,8.963045,1517.847,945.64526,0.6702769,0.0016884208,0.6653887,0.813866,1973.0529
7ff3145f775d461bae5754c1e350a92a.jpg,5,57.170089,-3.774653,10,57.34134,17.118944,1251.8342,5.2979317,0.73326135,0.026738286,0.73175997,0.7873256,718.3128
801bf3afc490402bbd2dcd4a5fa1e9cc.jpg,8,69.693535,29.371015,8,69.730751,29.663183,12.000721,0.35410765,0.74864995,0.020758867,0.724192,0.8702718,44.114487
803f3fd4b256450d94dc32a1f6c725ae.jpg,6,64.835335,-23.944931,6,64.833042,-23.949241,0.32640892,0.32640892,0.9449136,0.008805931,0.9343692,0.9870915,0.32640892
80654f9f8cc0488d93b7319bc308e8a2.jpg,1,49.251349,8.613812,7,45.756207,12.49561,485.7249,24.939878,0.7423544,0.032379866,0.75049317,0.81524146,745.16425
80693b9cc4bc46a4b371705a6813e63a.jpg,3,61.902054,23.706904,3,62.015428,23.660301,12.839849,1.7417033,0.8565326,0.024088144,0.8308617,0.95921594,12.839849
8088a3a2c6c74be3abf072142f241a80.jpg,8,70.961083,25.694829,8,70.820849,25.766476,15.80993,3.506924,0.860569,0.012961686,0.8331553,0.9702239,15.80993
808bba9c5c0d4a908da236dacadfb6d8.jpg,9,51.470775,23.541651,9,51.494168,23.545667,2.6160102,0.1992459,0.7433017,0.019646525,0.7173741,0.847012,2.6160102
80e2e368b7cf496182d41fb53d1b5ac1.jpg,1,51.380188,10.379012,7,45.184477,11.00811,690.49615,171.02327,0.61345166,0.03157848,0.5893303,0.7782922,2075.4927
80f36a102ff54b018e717f5636bcfde2.jpg,0,53.613238,27.465405,0,53.615614,27.465529,0.2643261,0.2643261,0.91354173,0.005933881,0.8974583,0.97787535,0.2643261
80fb8e25220540bbb7955f3ef79d3c8f.jpg,6,65.278768,-14.418585,6,65.820387,-17.356904,148.01993,9.134307,0.8262851,0.008321941,0.8061107,0.9272511,56.820553
810a23d7fe504041a62aa87cb4da2b97.jpg,9,54.832648,18.287463,9,52.964016,20.474304,252.36597,10.081208,0.7176825,0.037935436,0.7063721,0.7629241,252.36597
81172d1922b54890975f95cca006d21d.jpg,1,50.374468,7.799888,2,43.63922,-7.60211,1383.2535,359.08633,0.72719157,0.004799843,0.6997597,0.83691895,1383.2535
81220f3eb76a46b283a0f94d811e68fb.jpg,5,50.905289,0.629369,5,51.005936,0.773272,15.061418,15.061418,0.77070093,0.06476694,0.7496129,0.8550528,15.061418
8125d4269d1848e3b0c4a3639f1fa952.jpg,8,71.115056,25.700177,8,71.115155,25.700046,0.011975419,0.011975419,0.9816375,0.05041772,0.9778559,0.9967637,0.011975419
81443e1a0ba948d98c68bcabe41ce98f.jpg,7,44.686069,7.20804,8,60.814143,5.803621,1795.7495,89.641815,0.67962724,0.016968846,0.65735215,0.7941683,1742.7426
816f43106e244564ab1c5dc986c9d099.jpg,10,66.107855,22.848107,10,66.119462,22.864653,1.4902242,1.4902242,0.79854536,0.04014659,0.76527256,0.93163645,1.4902242
8180cc89aa1c43a9959f354ffb18c993.jpg,8,62.471293,6.12387,8,62.4711,6.124141,0.025583997,0.025583997,0.7101485,0.011189878,0.6554986,0.9287479,0.025583997
818d12c7f2c842a6a240547db45c769a.jpg,2,42.248432,-0.648802,7,40.221418,18.098324,1580.4668,3.2209435,0.81094635,0.043287933,0.7922236,0.8859106,886.3652
819cda1b59d449558c253cf0a1334302.jpg,3,65.532945,28.87916,3,65.533409,28.87899,0.052185133,0.052185133,0.96842915,0.063542664,0.9641324,0.98561585,0.052185133
81ce4a88bff14fef8420bca42019b12b.jpg,4,47.585855,-2.971004,4,47.591357,-2.980008,0.9111905,0.9111905,0.80091536,0.12198883,0.78106,0.88033676,0.9111905
81f6f4c375f8415fb89211f0d925325c.jpg,9,50.797647,21.165974,9,50.427603,22.746244,118.85064,8.622336,0.7815275,0.023872614,0.7743114,0.8277499,41.715538
82059b7d30ae4f23b881549dba87e70a.jpg,10,56.03989,13.06349,1,52.850521,13.989279,359.64957,35.906036,0.69589055,0.011937559,0.6984352,0.7302152,492.8309
820b3b1dcbc841949cfd6489968db8bf.jpg,7,45.159782,9.986557,4,49.584025,0.246717,882.083,46.44971,0.75596565,0.028930843,0.7226562,0.8892034,882.083
8223d70ec9c949558ea1a65f2c58ef75.jpg,11,38.337797,26.863291,11,38.34327,26.863905,0.6109221,0.6109221,0.7810177,0.112858,0.78669226,0.7943871,92.85383
8269bdebf4bf4bcebda1ce8441a9fd05.jpg,4,48.012617,3.848722,1,51.476377,13.138438,769.8252,281.8546,0.7549677,0.0081035495,0.73327994,0.86305887,834.7628
826c26d42671428786912e8f586ffe0f.jpg,4,43.710767,5.597279,11,40.223727,25.960006,1722.8403,243.16946,0.65975636,0.006614089,0.63346636,0.7649162,1722.8403
8272ca093f9d4e328053e6ede03db1a2.jpg,10,62.913665,14.157175,10,63.488399,12.488396,105.27271,26.9944,0.8909695,0.0087733865,0.8744186,0.97127604,64.1543
828f311d89dc45ecb8faf702d4afb4a3.jpg,0,52.132036,25.538637,0,53.5122,27.475016,201.18568,5.9053288,0.8650489,0.018170178,0.8395433,0.9670713,201.18568
82a44b84ec0a44ad83899d13d95afa4f.jpg,10,56.264797,13.563927,10,56.223308,13.58875,4.861636,4.861636,0.8259684,0.02323234,0.8025032,0.91982913,4.861636
82b098309aa047f7b792af2794cd2b9c.jpg,7,38.902416,16.336121,7,38.910003,16.43089,8.243571,8.243571,0.66426766,0.020572126,0.6786585,0.7341514,3168.8342
82b3cade8f774c65beeab8b6541e7086.jpg,10,65.834228,23.757475,10,67.118082,20.472978,203.98308,23.54939,0.8076883,0.0029111505,0.7814467,0.91265476,203.98308
82ccd280427745298c93fff2705e676d.jpg,8,68.562618,17.57135,8,68.775596,17.801596,25.447397,17.504686,0.7316568,0.016804338,0.71371305,0.8121552,17.504686
82e5f750cb474d52ad1f6fa12f9d9d44.jpg,7,40.967831,9.071465,7,40.677043,17.463929,706.6571,12.176992,0.6438132,0.0053158402,0.6557497,0.73874426,1380.8138
82e9f20547cf45dab501709998810bd1.jpg,10,62.258956,17.468233,10,62.216222,17.470384,4.7531166,4.7531166,0.7618755,0.009861767,0.73583686,0.88532054,7.279459
83239aa3412a44b8acfd1e7411e1b12b.jpg,1,52.569998,7.786979,1,53.676365,13.932896,427.999,17.44966,0.7175991,0.026189506,0.6985892,0.8046683,271.46857
83451e4711b84135979873c84820edbe.jpg,8,69.436642,19.251199,8,69.438057,19.246305,0.24756664,0.24756664,0.9357577,0.08056182,0.92281973,0.98750937,0.24756664
835ebaa823174d508c33f00d0d29f067.jpg,9,52.669271,16.906546,9,52.670344,16.90103,0.39060944,0.39060944,0.8039489,0.020533085,0.7835923,0.88537514,0.39060944
8372bf9902234faaa66c1ba71ed5208f.jpg,0,53.795493,30.991835,0,52.316614,31.368534,166.35936,12.916044,0.7961094,0.0002784729,0.7800797,0.8874303,36.955517
838796ecbeea4d5aa30d45a655b5c2de.jpg,2,28.651457,-13.832023,11,38.20203,41.478458,5164.8477,28.51642,0.67081034,0.0019007325,0.644473,0.83654034,4797.697
839988ee46954e358859690468b23b27.jpg,8,59.600829,11.189035,8,58.086695,7.295165,280.15506,32.303726,0.66535133,0.0038059354,0.6411994,0.8183938,1128.4517
83b6bbe4209a4ee88b5c0fd9d078893f.jpg,1,50.662183,7.077611,1,53.282323,9.423656,332.68692,20.064371,0.738879,0.006729603,0.7297954,0.8306297,90.82081
83d2ce7196a74cb383c069fa7ef2a2c9.jpg,3,62.554176,22.838149,3,63.015746,21.531076,83.97506,5.0469823,0.8416866,0.0023869276,0.8199819,0.96279913,40.79723
83e21009e7ed41c7810cc3d36097e40c.jpg,5,53.649885,-1.461616,9,51.276147,22.951713,1666.3677,8.94606,0.7465445,0.026417911,0.7256391,0.83016604,1666.3677
83fd9bf617e847d8900e14a73a7057a2.jpg,8,69.255771,15.957097,8,69.082657,15.563348,24.7578,0.13013238,0.64767593,0.0113579035,0.62115604,0.80922616,1152.4838
8412b488e58a4bcfa2aa9aa278730668.jpg,11,37.828839,41.082187,2,39.49673,-0.495994,3582.6118,7.417288,0.68375564,0.0029592514,0.6666069,0.7832706,3503.6018
845b9c2359c94ad4b1ace2d4bae72b4c.jpg,11,38.706055,27.029157,2,28.974354,-13.748667,3883.675,42.89331,0.67121,0.033315122,0.6333043,0.8228325,3883.675
8463b172529246c4ba12718d6275c3bd.jpg,5,50.820415,0.301238,1,53.405743,11.598151,822.1441,122.53641,0.71049786,0.004715681,0.73188335,0.7317444,552.18585
847e9f9f48dc44d8ab392198a64e0162.jpg,7,42.904045,12.014887,4,49.514203,3.765998,969.9957,10.678369,0.6422122,0.0030204058,0.66241264,0.68716455,850.7485
848043c6ff124bfa9e4079466922ea81.jpg,11,39.474433,31.326347,11,39.451542,31.437491,9.875009,9.875009,0.7848855,0.00013774633,0.7490108,0.9283845,9.875009
8495fdf56a504d42a0db33fd4c397e69.jpg,6,64.613823,-22.048521,6,64.743611,-23.807534,84.88698,0.7432868,0.8098561,0.008011162,0.8297972,0.80346555,35.445328
849be1ba525248d48b9263a227f89c76.jpg,6,64.710209,-14.319509,6,64.716348,-14.324656,0.72508115,0.19986142,0.9323971,0.00064879656,0.9212817,0.9806591,0.19986142
84b676c05f3f489a9aac87a92c82671c.jpg,7,45.120061,11.729516,7,45.117925,11.669355,4.726404,4.726404,0.8369512,0.01120168,0.84585655,0.814433,982.9536
84fc1d0588464fa5b3dcddb5bac4e7a1.jpg,10,63.096906,15.191861,3,63.20799,30.949348,789.4134,12.390954,0.80660254,0.013494313,0.80234563,0.9130524,102.08492
8520613a904742648ce3801b2f5ddb78.jpg,11,39.552825,40.072827,11,39.556003,40.040502,2.7937791,2.432077,0.85200787,0.003450513,0.8247151,0.96261835,11.195091
8521c34b8ef743eab81102813d725846.jpg,8,69.250589,17.954936,8,69.234997,19.336997,54.49138,0.8160904,0.7023609,0.041769087,0.6670041,0.8496538,55.173565
853fd1ddac47451e802c18da126365ec.jpg,3,62.448502,29.96097,3,63.143249,30.638638,84.58405,4.1733923,0.75560915,0.037118614,0.7379776,0.88884175,239.60463
8554ad9265254eb184368b41459f7891.jpg,1,48.623417,8.200689,10,61.58414,14.824924,1499.6537,134.18681,0.6927712,0.042934,0.70672584,0.78407913,1443.5499
855deee512564501b269ddd347c850fd.jpg,4,50.198954,3.252086,5,52.030172,0.795777,266.16586,30.674164,0.64462304,0.034894228,0.65413445,0.7662765,468.81714
856899c038074f8cbc839afd12144781.jpg,4,46.443021,4.146284,5,55.63851,-4.595552,1189.1693,119.82437,0.7032243,0.001606226,0.6956591,0.7700515,855.7816
856bcbb660c14e08a5c5ee781d777f71.jpg,3,61.23754,27.987011,4,47.327247,-0.709276,2387.2617,208.63638,0.69919413,0.0074762106,0.70498455,0.8256432,211.70229
8575c8b667464578a22c77e2db25ab13.jpg,2,28.774627,-17.962095,2,28.780737,-17.936621,2.5740242,0.30440158,0.64621615,0.005911708,0.61420405,0.79164696,147.52753
85775e1b87e84ef7bfad965306cec7d9.jpg,5,51.926585,-1.162863,5,52.12557,-1.414392,28.030762,2.4358597,0.76831627,0.005273938,0.72993344,0.9465377,404.22195
85c3e06775d04ace9eda9ae2077a944e.jpg,7,40.710317,8.803033,7,40.87557,9.039777,27.10811,0.56500906,0.79336643,0.007520318,0.765037,0.9066841,27.10811
85cd2d80deaf43bf9978a7c75cd5651d.jpg,7,45.234371,11.011128,4,47.785803,5.592106,502.27298,1.3870051,0.7494048,0.0034228563,0.74440557,0.7777988,526.786
86237b3ba1e94b32a501914e1e6df196.jpg,4,46.921401,4.192012,4,46.780895,4.141128,16.095629,16.095629,0.8275203,0.06319803,0.81148416,0.891665,16.095629
862f25e94ac14da985b20ac874189894.jpg,1,48.07729,9.447945,2,41.924559,2.850483,857.8822,15.856499,0.7284691,0.023808897,0.73564374,0.75356215,296.3788
869244e4d311432ca7a5e94e2495ac3b.jpg,2,41.776543,-2.851568,10,59.381709,15.136423,2316.9358,229.70984,0.67459345,0.004409492,0.66526437,0.79364836,1044.893
869964c0e02b4cfca9ac72c9ad8c7ecb.jpg,11,37.40133,34.86127,2,42.177951,3.033926,2754.0964,0.22378632,0.66033745,0.004483819,0.63120157,0.8089574,772.90015
86ba2d7f32254b7ba13a8cc3040b4fbd.jpg,4,47.498053,1.298743,7,45.356371,10.750228,761.95776,75.77656,0.62706876,0.0015599132,0.6099367,0.77228194,1507.3157
86d23418300c4408893022893b0e751f.jpg,5,51.617069,0.25248,7,37.270902,14.949212,1968.3903,46.92673,0.7384167,0.011200726,0.7072671,0.8926494,1967.7925
86e87d8bb9914d788237d0dd3b16f82a.jpg,10,58.780373,17.333735,2,42.154682,2.073288,2129.7256,216.95418,0.6679359,0.029899955,0.6519552,0.76045364,2064.0833
87114556f920458e9e17041b290ecd94.jpg,2,39.488821,2.809053,2,39.488512,2.814789,0.4934317,0.4934317,0.8672185,0.08629727,0.8485348,0.9419531,0.4934317
8743baa8183d4bd7a65e1fe14db88d6a.jpg,10,65.420037,21.25187,10,61.655272,15.003275,520.1721,42.570393,0.7685292,0.033151567,0.7502063,0.8418206,520.1721
875c70b54f9a45bb80e96a20f3534eac.jpg,2,43.346965,-5.019349,0,54.500964,25.875252,2546.22,493.38632,0.64305025,0.009527683,0.6260885,0.75613034,2827.2405
876017092fa240b59fb8287922a37f9f.jpg,1,48.108602,12.334797,1,49.000609,8.881824,272.7791,1.2477642,0.68976307,0.013465226,0.683444,0.715039,272.7791
878abb493f1e43cc845ca70d2508851b.jpg,3,62.83153,29.84284,3,62.98714,29.761209,17.78997,4.664607,0.86718386,0.024846852,0.8416683,0.9692459,17.78997
87be0b1c49c7474089b2e332bf1da87b.jpg,9,50.226132,19.729764,1,52.867198,8.070968,856.8355,1.6778047,0.68490714,0.014397204,0.7002666,0.77651536,1053.0353
87e0f862bb4d4bbda443ea27beab015a.jpg,4,45.69699,5.178455,1,51.64054,12.589013,855.216,214.14018,0.75295246,0.0024302006,0.7174584,0.89492846,855.216
87e2dddf05f545c48e679e1d6e7d471e.jpg,3,62.026523,29.486027,8,62.368762,6.008613,1211.5294,21.02495,0.7754807,0.015295565,0.7507081,0.9498949,1029.5887
87eec7c81fea44ae81989862a55771d5.jpg,8,59.908537,5.367889,0,53.10895,29.66455,1658.4929,61.60774,0.67564,0.003300786,0.68717885,0.6996802,941.1929
880f9380f8084fcd8228ac87764eb1d3.jpg,7,42.66305,12.513669,9,52.234214,17.385475,1124.8989,64.21456,0.6666584,0.0027071834,0.6725476,0.7166115,1296.4244
88175f5300f6402aac91f6f70e48c169.jpg,7,40.986442,9.133019,7,40.930937,9.36785,20.66265,0.73423505,0.7607717,0.005639434,0.74054766,0.86727226,0.73423505
8826cfdbd1884338a42829c890b05c36.jpg,5,52.087129,-3.678146,5,52.417762,-3.560485,37.62708,23.977274,0.77507424,0.023145676,0.7541896,0.9031347,112.31021
884bcf20edf84edd8762c83a4a26c52f.jpg,8,60.000546,6.565308,8,59.973889,6.572586,2.9916399,0.7416466,0.7673882,0.013059437,0.7247876,0.9377905,2.9916399
889d2dbe636948369c5e441f017fd36a.jpg,6,64.903414,-23.925787,6,64.857774,-23.909782,5.130868,0.37901056,0.89605635,0.013552725,0.8794562,0.9743966,18.628958
88d828bc736149e39cf116bf3a7a9606.jpg,0,55.196303,30.364669,0,54.998211,30.923392,41.81922,4.318914,0.81764376,0.022274792,0.7883396,0.95626163,19.910475
88ddc90d29ad4d38a0d6474a16c64b0f.jpg,6,63.912215,-21.36446,6,63.923894,-21.359713,1.31922,0.6143035,0.8043659,0.001930356,0.7946044,0.8522316,51.61227
88f0b94ffd4d47f0a7eb76e3fe3bf7bd.jpg,8,58.68264,8.99526,8,58.907531,9.298824,30.515213,9.209669,0.829714,0.03842306,0.80249786,0.9604317,25.457138
88fbb93246294516af2cbd1a2482b002.jpg,3,66.261907,29.33451,3,67.427241,24.937528,231.7677,1.3583286,0.89420307,0.016216159,0.8774854,0.9635481,9.673585
8908ac201a1e4738b95087217815deb5.jpg,10,56.957938,18.302935,10,56.975206,18.314161,2.0371275,0.17729872,0.8489394,0.07663,0.8290389,0.9285413,2.0371275
8978ab194b5f47d9983755d91ddaeb89.jpg,3,67.084424,25.081534,3,66.994231,25.249841,12.404869,1.0443194,0.89874494,0.020913243,0.8866894,0.9526593,207.16139
89e11dc10b34435999f1960d4450f3f6.jpg,11,37.093204,38.102587,11,40.748854,40.244176,446.6809,212.28284,0.61719894,0.0019637346,0.6180067,0.74074423,2420.5776
89f0ffe176f84329bdd45f887256765f.jpg,7,46.90366,11.09188,7,46.04915,12.030811,119.15204,119.15204,0.7065286,0.07249504,0.67515886,0.8320074,119.15204
8a0ad43660694cc688cad2079953e16c.jpg,3,62.278329,25.727957,3,62.281361,25.726093,0.35065776,0.35065776,0.92228144,0.0522843,0.9059033,0.987794,0.35065776
8a373b64602e42d6a7c40ba04a5f028d.jpg,9,50.138131,19.0465,9,50.561307,20.209516,94.991844,38.486095,0.70324266,0.05453664,0.7000601,0.7640369,836.1839
8a492541af424d68b10a08d51a64e58f.jpg,9,51.975139,16.539871,9,54.632306,17.50353,302.3149,45.35157,0.7477115,0.010395646,0.74476445,0.8048213,56.05064
8a6f74e3bc1e4fd992247cd228549bec.jpg,5,55.183346,-2.812824,3,63.165724,28.086182,1945.6041,74.765236,0.6889305,0.004499793,0.7020175,0.79805714,2075.4856
8a865242db4b4d85997dc74558cfbc6f.jpg,5,58.282545,-4.443699,5,58.234758,-4.480909,5.742236,0.53241986,0.69527483,0.0012202263,0.703206,0.8099969,1345.7347
8a9903d416324c85bcbdc72bc00d173a.jpg,2,28.940975,-13.802124,2,28.943769,-13.797922,0.5135266,0.5135266,0.906152,0.14224827,0.89337635,0.9572545,0.5135266
8ad58501a64a41ceacdd241259639206.jpg,7,37.251512,14.480395,7,37.43956,14.959847,47.260468,2.2701085,0.71695185,0.00079739094,0.6864757,0.8658463,81.83845
8adf3afeb94c4faba37ceebd84bf49a3.jpg,10,62.993485,17.672266,7,43.8111,10.727295,2179.126,357.45715,0.67301285,0.007833004,0.68012863,0.71166295,2273.4321
8b1f1b559e674d98a3fca14741e18542.jpg,1,51.752342,13.888441,4,44.185302,-1.292811,1404.4772,37.91214,0.7609417,0.012369931,0.73525095,0.8673222,1303.2673
8b2c9baa9d644e4cbe64f9c16ed538d2.jpg,3,66.599134,25.922703,3,66.599493,25.964024,1.8252592,1.8252592,0.89687926,0.07466477,0.8832875,0.9576875,235.14088
8b53283b91cf4d45ae5cc0dd0bef76cd.jpg,10,68.230622,19.655803,10,67.664305,21.300287,93.15569,0.31996307,0.8798635,0.04725361,0.8675244,0.9348993,55.943794
8b5c4cf7c9bf4d85b965952e9efd7680.jpg,2,41.028628,-1.658791,2,42.062302,-3.427818,186.76857,31.678816,0.69267404,0.03104651,0.6661732,0.8142061,140.98561
8b85419ea95a4177a698379256581184.jpg,2,42.19852,-1.436046,2,42.197233,-1.429862,0.52913654,0.52913654,0.8551223,0.11515623,0.84216124,0.90696657,0.52913654
8bc9aa58fa464f4daafd67533cd9d6a9.jpg,0,55.271661,30.330927,0,55.289707,30.322642,2.0740936,0.62851995,0.8765229,0.017666817,0.8502979,0.98142254,2.0740936
8bcc678546154bb39c8fb936b5b8d46a.jpg,9,53.620308,15.154359,1,50.583676,11.648885,413.82385,28.602518,0.70206356,0.014161825,0.6996293,0.8073161,533.8807
8be940fac098467d8f0fcad9e80a5836.jpg,6,63.472723,-18.580568,6,63.474913,-18.571192,0.52545166,0.2891279,0.9460944,0.0071359277,0.93576014,0.9874313,0.52545166
8c2165e6fd884965b28baae76df74cb6.jpg,9,52.987858,17.37358,7,45.021444,8.256988,1105.8181,150.53076,0.71241665,0.026498914,0.69630444,0.7768654,1105.8181
8c47ca9bfe4243978fb2ff50aff7a01d.jpg,1,52.658756,8.443347,1,52.743155,7.207171,83.82129,23.218363,0.6691114,0.009136379,0.6679198,0.762333,494.01157
8c6e28fe6552479998c1cec14a52f802.jpg,3,63.676005,26.500564,3,63.67815,26.21818,13.9256,3.6319613,0.84802955,0.0031478405,0.8226092,0.9572857,46.164288
8c74c7757429486c8d4c9a58d5695b3f.jpg,5,50.465477,-4.698527,5,50.458489,-4.673857,1.9113559,1.2761153,0.8289246,0.02668935,0.79483485,0.96528345,1.9113559
8c75546426c548dca5f2d2d4844a3708.jpg,8,60.824691,12.672547,3,60.571336,23.774094,604.08234,24.91132,0.65307784,0.019949675,0.63500804,0.7253568,604.08234
8c840681c3aa4754bb48817884126593.jpg,0,53.926451,25.246678,10,61.37987,14.787376,1033.7799,269.32117,0.66440046,0.0024886131,0.6761153,0.73086864,1276.8958
8ca33d79f556490885114ac4e292a944.jpg,5,55.788918,-3.019993,5,56.724715,-2.55703,107.912926,10.317543,0.7410141,0.029476225,0.70061034,0.90262914,107.912926
8cb7147624eb4a5fa2e0503cde6db741.jpg,0,54.747235,25.901959,0,55.157076,27.763945,127.32659,4.713981,0.7538465,0.010704935,0.70644844,0.9434387,127.32659
8cd6baf3a49741c39b8b093bb5e010c0.jpg,0,53.786645,27.717729,0,53.860604,27.902789,14.668649,14.668649,0.7206675,0.061519265,0.6852648,0.8622781,14.668649
8cde5ac94a464be487d41deeda12913e.jpg,6,65.813049,-19.328448,6,65.807262,-19.323321,0.6845764,0.6845764,0.92328936,0.030648649,0.91199565,0.98461306,14.232509
8ce23dfa1e5d4edbb5dda177e0f05d79.jpg,3,64.735134,29.593855,3,64.575716,29.699802,18.429848,5.3321276,0.78129923,0.015720963,0.74985635,0.90707064,18.429848
8cedf59b490e49de9fc1c8270055db8d.jpg,2,40.121653,-0.741161,2,40.17504,-0.869698,12.433673,12.433673,0.814598,0.04136914,0.82557786,0.7706786,12.433673
8cf76f800ad74eeb86c316b0b6b59b53.jpg,10,63.495025,12.47252,10,63.49659,12.470929,0.19109164,0.19109164,0.9087503,0.029422522,0.8914873,0.97780234,0.19109164
8d0d9d823dcb462da8a730c5e95f07c2.jpg,3,62.926919,25.810572,3,63.357878,25.596325,49.11421,2.6470907,0.87612164,0.0024226904,0.86369526,0.94161355,6.0541425
8d38d5d42db348009d50dc835bcf47b6.jpg,2,42.309565,3.056967,2,43.662095,-7.602835,879.38715,12.582013,0.7361368,0.003971219,0.71703607,0.8324505,39.767612
8d4442593bd14838b8604a3a98b6373f.jpg,10,64.316607,17.52838,10,64.517321,20.810443,159.14598,24.170855,0.88478625,0.017272115,0.8713417,0.96359265,159.5012
8d514b3a30b349ff90b3b133f793092c.jpg,0,51.674397,30.364853,0,51.674486,30.364488,0.027044436,0.027044436,0.8795136,0.038332164,0.8550233,0.9774748,0.027044436
8d677a822b4047f49dfd05fbeaa3c2ef.jpg,10,65.081853,19.438652,10,67.267094,22.704391,283.7486,5.752398,0.88364995,0.0068321824,0.8646376,0.9596993,283.7486
8d75a1dc007d4d4fb8e6d7c4240a223f.jpg,2,28.053565,-16.596215,7,37.257603,14.504876,3069.5972,316.24377,0.7825257,0.015174329,0.7840074,0.84151196,1463.0096
8d80f928c7fa447fbffe7cd42af515d9.jpg,4,44.066333,3.385927,7,38.020595,14.05986,1117.9504,318.3018,0.69218457,0.04371822,0.6730547,0.78088623,1127.7552
8d884f5f6ee24ee68dcbe7e13881e1fe.jpg,6,63.430275,-18.768956,6,63.427581,-18.768528,0.300315,0.033149596,0.84436435,0.0068714023,0.8230955,0.9332057,10.7733555
8d9e5516e64d4c6fbc16cd70fb43b609.jpg,2,38.28622,-1.458351,2,38.916251,-1.823491,76.90702,3.7010002,0.8347786,0.107869506,0.8275715,0.87210083,387.36246
8de657bd0f9a47d7ab58be87a5c842d9.jpg,8,68.471802,15.18284,8,68.661968,15.499171,24.745426,0.13444728,0.7946409,0.0011758208,0.7560072,0.9558905,25.155575
8e1f8aaf77bf4e0c8c42df739b5172ad.jpg,6,65.644809,-18.455455,6,65.468234,-18.725244,23.229256,0.3073805,0.88567823,0.033054292,0.8672731,0.9592986,23.229256
8e5c1cf9d3964e6eb6baf3bab07f277e.jpg,2,37.622647,-0.78506,2,38.29099,-6.302999,489.37967,0.18456796,0.7025499,0.002757132,0.7056143,0.829695,325.3388
8e71d5e1ccf040a88f5fcb9441161b67.jpg,5,54.338769,-6.342118,5,50.508131,-4.746179,439.4499,6.695963,0.7325028,0.003939271,0.7142491,0.89234865,244.14796
8e8e380310c24794994adbfb301a7dd0.jpg,2,41.084325,0.625073,2,42.027822,2.977389,222.06342,50.639393,0.743201,0.034302175,0.7291611,0.8388206,535.38403
8ea0e871ebd641ff96f23615b0d5bc5d.jpg,1,51.028986,7.263377,2,42.742614,-8.961322,1533.6837,195.23247,0.704366,0.021976948,0.7149631,0.7089771,1134.3674
8eca24df6bee45ee956626d367ce88b7.jpg,3,62.307525,27.241755,3,64.380888,29.053629,247.60829,3.5037053,0.8184103,0.018205285,0.80195916,0.8875525,12.598797
8f2945bf29c64450a6d11b58578f9796.jpg,0,53.232172,30.586757,0,53.043558,30.550454,21.112288,10.61584,0.7622297,0.040898085,0.76132834,0.81162804,91.99072
8f39b2fcba0e47baa90c3c89325046e8.jpg,1,48.432969,9.711427,1,52.83536,11.051674,498.54248,130.86649,0.69635355,0.00070649385,0.6793986,0.76417315,498.54248
8f4ea52c02d4495eb88f73687f8baf4a.jpg,2,37.169503,-2.875597,2,37.955624,-3.791662,118.99736,39.87051,0.82816917,0.047216713,0.8116379,0.89429426,118.99736
8f5654ec1b7442df8dfed6f8ef9656cc.jpg,2,40.607515,0.280419,2,38.199715,-0.679126,280.13605,7.0227933,0.6713914,0.04153669,0.644936,0.8489559,315.07486
8f59660f2c164deabdc66d894ac23789.jpg,9,51.550652,20.045998,9,51.548366,20.067223,1.4894605,1.4894605,0.696362,0.0058273077,0.68445086,0.80479497,139.66338
8f5ab1725c1c45c6aa15cf46cb140387.jpg,5,51.803385,-1.063299,11,40.361351,39.887415,3351.2231,4.865741,0.62482524,0.0010297894,0.5978253,0.75250196,1355.1707
8f5b11e9a9e443aba5733027dda79f36.jpg,7,40.118105,8.865895,7,40.014238,8.505446,32.775703,13.134316,0.6530864,0.010803938,0.6680652,0.6746845,1488.763
8f69e95b3e4245018353908fa395e8b6.jpg,8,68.192065,16.020364,8,68.560191,16.438189,44.36988,13.450489,0.666966,0.010070443,0.6062069,0.91072756,51.120796
8f88445e1e3b4b18b60fa4311e81df37.jpg,8,58.083771,8.067255,8,60.182566,11.413751,301.43866,61.14984,0.58567667,0.0012895465,0.5536741,0.7136868,301.43866
8f8e94534c5c45718dc3dfa51b41e906.jpg,3,64.294019,28.211137,3,66.992849,25.256661,329.17838,9.513159,0.7767346,0.0014262795,0.7510259,0.88210654,320.9581
8fa4d3bc67074fea8652917dd8749491.jpg,2,39.939438,3.909834,2,43.332439,-4.691646,807.7094,7.1333575,0.57079625,0.0031832457,0.53427637,0.7652935,2413.9595
8ff53ab35fbc4c279cef11058178551e.jpg,2,38.208125,-0.682584,7,40.283859,9.144591,876.62964,11.40731,0.7259857,0.0033089519,0.726383,0.7371711,66.48641
9013c7cf9bdc4111b44f4c8f7a96afc7.jpg,1,53.190469,13.998941,1,53.092389,13.668023,24.619404,24.133759,0.7595853,0.07455182,0.7720691,0.7470986,187.80835
9014b509d8b94a6a8482b4b172daad42.jpg,6,65.596679,-19.352075,6,65.609615,-19.353769,1.4405223,1.2818403,0.8799147,0.0009625554,0.85959077,0.9612104,1.4405223
9027855d58bf45c49c9351be0bb0bafd.jpg,4,44.492942,5.373397,1,52.216753,14.042077,1069.8087,111.66796,0.6896007,0.035802484,0.6978494,0.77734804,708.48425
903137938dc5415589f45447bde1c500.jpg,10,64.121547,15.288088,10,64.317758,14.93895,27.588072,22.838562,0.8729943,0.024698257,0.8480834,0.9726378,27.588072
903e778da5884793a56bc637a08f2626.jpg,2,39.53824,3.246388,2,39.561229,3.249621,2.571249,0.77571255,0.7144483,0.006684959,0.6767819,0.8659197,2.6476247
9072639c294a4ffa8c2cb1e82d4f4f77.jpg,4,44.460269,-1.09402,4,44.474473,-1.235359,11.326518,3.380178,0.7458236,0.010192394,0.7189021,0.8783058,12.541994
90764cd16b304bb89a300f0cb5694dc2.jpg,3,68.000301,25.182385,3,67.427241,24.937528,64.55246,29.262735,0.8403568,0.020939946,0.81203365,0.9536494,64.55246
907b408aaeaa4a18933cf4b8173129ee.jpg,5,52.427237,-3.792601,5,52.380967,-0.046549,254.15141,29.453625,0.6819521,0.006669998,0.67867005,0.77117556,292.5855
908583be03104bb78fe0b4faf873c024.jpg,6,65.831871,-17.290068,6,65.555067,-22.363214,234.16264,3.3004317,0.8311383,0.008205056,0.81235874,0.9365593,36.266212
90a1352dd7e74be7b5a1863ebad64b6d.jpg,1,47.673277,9.811938,3,60.984228,22.089863,1674.3475,29.056654,0.6961091,0.014671385,0.6865358,0.7344026,1674.3475
90a58fb31dc1443085294191ed66ca13.jpg,5,54.132918,-2.619347,5,52.8382,-1.343884,166.87042,16.022371,0.7121784,0.01878184,0.7030401,0.7806057,329.77792
90bbb9b1036540b88ba14dc788c99b1e.jpg,11,39.615923,43.7202,11,39.615259,43.722583,0.21706587,0.21706587,0.92164624,0.18183452,0.90851885,0.9741555,0.21706587
90d0ad739f9f45a2b94db63aa6ca7cb1.jpg,7,36.868314,14.657917,4,44.632143,-0.846068,1561.433,6.50428,0.7167028,0.016125679,0.7063651,0.7868407,1829.1863
90ddc53715fc46ba80dde03c0d96593e.jpg,0,54.085518,26.669591,0,54.266668,26.305497,31.100403,6.0949774,0.8183385,0.07500917,0.8171591,0.823056,31.100403
9139d83ed12a47f9872c94fb12a1c8a1.jpg,6,65.848367,-17.492047,6,64.002237,-20.978885,262.86578,1.4937326,0.7901225,0.011173427,0.7704574,0.8863046,214.05356
915a592ca6734faab8c7cc5fcc67b79a.jpg,4,46.128702,1.434443,4,47.521393,2.034491,161.44815,50.019463,0.8027698,0.101630926,0.78431237,0.8765993,161.44815
91ac382332d146bb86aa513d8dbe056e.jpg,11,37.928251,41.632534,11,38.20074,41.09863,55.70246,15.913874,0.6925011,0.011102498,0.6652092,0.8153508,90.18713
91d5bec970c64637a1bf0d5b00d2e328.jpg,9,51.790897,21.726338,9,51.646708,21.904922,20.20904,5.468532,0.80483985,0.005531788,0.7878823,0.89212394,77.53113
91fd6276d06d4f33afc48a8e404a0a0f.jpg,8,62.873298,11.186421,7,40.94695,17.183093,2470.0562,179.71524,0.6220984,0.042595804,0.57950604,0.79246783,2470.0562
92036c7e75c24f5b8e29a270007d6476.jpg,2,39.373791,-0.566865,9,50.024387,18.58598,1912.4775,21.757904,0.6892742,0.004322171,0.6855314,0.7042451,1912.4775
9216acfc1f8841c6afe9f214e85cb4e5.jpg,6,63.958325,-20.67126,6,63.962427,-20.648708,1.1916025,1.1916025,0.8835589,0.037109733,0.8608231,0.97450215,1.1916025
9231f14564e3438880a318bc6f5260ab.jpg,10,65.321013,16.675509,10,65.462118,16.822604,17.104702,3.1062262,0.9030486,0.02837795,0.8885647,0.960984,17.104702
9264dc1e93cd441f8fa39cae80d3e158.jpg,0,51.922898,30.420236,0,51.978862,30.45619,6.693006,5.534303,0.8634739,0.02875191,0.8414848,0.9596945,180.52782
92d6511432274428ad9c8be3ffb74a5e.jpg,6,65.079903,-21.096759,6,65.094961,-21.09051,1.6997664,1.5911136,0.770508,0.015572965,0.7451992,0.89700913,126.09174
92da5af2d43c4ffc9d416efc2f113d15.jpg,4,48.50272,3.771698,2,37.824225,-0.8189,1243.7999,237.50047,0.7079788,0.014658451,0.73035234,0.74192953,1190.4985
92f2491f4d2744bf983e7cbc8dc1de7a.jpg,9,52.094312,20.56517,9,52.232031,17.99012,176.29771,30.677748,0.70476484,0.01443398,0.7289745,0.7343305,296.00525
92fe8db89c54424c9657095a432ff42c.jpg,4,48.598309,-2.824497,1,50.495732,12.974145,1156.8477,112.56211,0.7175266,0.010119915,0.7220001,0.8000707,725.0305
9330caf2f5594befafbb6caa52287ae0.jpg,1,50.254917,8.989502,10,63.252289,18.518978,1553.7325,281.32318,0.6819932,0.031675756,0.6643009,0.7527622,1553.7325
9339adea2765410fabe936c2a29371d1.jpg,0,53.065991,27.86868,0,52.179945,29.901519,168.91661,3.2642794,0.86976296,0.006311834,0.84867865,0.9564456,3.2642794
93562d5dca934a69815728e1c34b3425.jpg,5,56.196136,-5.506862,5,56.199409,-5.509458,0.39779752,0.39779752,0.7555081,0.003488183,0.73299396,0.8741081,498.12772
935c7e6852c54a3580a7e0aa50de2f29.jpg,3,63.496378,25.682223,3,63.445952,25.643092,5.9343743,1.0712682,0.8930616,0.008915126,0.8736023,0.979719,1.0712682
939454fdd325456898fb86b0172cd552.jpg,7,42.261523,14.442519,11,38.34327,26.863905,1138.5082,133.06279,0.72784114,0.0060558915,0.69797915,0.92500365,1189.789
939991de4e9a4700a3d9a00be167fffb.jpg,1,52.643522,13.66012,9,54.081659,15.948296,220.4903,2.0091965,0.7393236,0.0018968582,0.72297436,0.8264084,83.06165
93c71275ddf2481a87015edc431caef2.jpg,9,50.063179,19.236026,6,63.826339,-22.646448,2888.8713,894.0405,0.67690974,0.0016795993,0.6509194,0.80926573,2850.8635
943276fe209b4806875b040a8fa401af.jpg,8,68.399291,16.809055,8,68.400193,16.806699,0.13914202,0.13914202,0.81346846,0.006611109,0.7782656,0.95428,0.13914202
94638b0158614b37a4902882bbc6399a.jpg,10,65.65043,21.483787,10,65.660232,19.860624,74.40743,17.729963,0.8119823,0.0014150143,0.7852192,0.9435431,71.68309
9463d1e21eee4bc1a6c04208da3f257a.jpg,11,37.702494,27.189776,2,41.980902,2.868287,2122.5522,21.555256,0.6674656,0.02644223,0.6499784,0.79930127,2407.0166
94bf936aa36e4f2ba22a75f20cc9b1a9.jpg,11,41.443647,31.83006,11,41.41228,31.905386,7.1836796,0.27199242,0.76541847,0.021820128,0.75105715,0.8578601,0.27199242
94bfcbcef22040469bcfc73ed27213c7.jpg,1,51.077885,13.833644,9,54.039116,19.90708,525.98615,210.6617,0.71951663,0.034287214,0.68678045,0.85046154,525.98615
94db9e490c2c4d7f93016a3334199308.jpg,10,67.113761,20.629835,10,66.991871,19.83667,36.9605,6.022605,0.80944645,0.008232951,0.78538287,0.9464028,82.37096
94e07104fe014baab069191ee058fc89.jpg,11,39.472752,33.604247,11,39.550074,33.220289,34.042126,34.042126,0.7580585,0.036591828,0.7447674,0.8255732,665.23083
94ee0370cce54b8e94b092a7df9a14ca.jpg,7,44.469665,8.026556,7,44.531273,7.518321,40.88569,0.997709,0.728833,0.0021067262,0.71715975,0.872146,178.26405
9503f1cd02e347edb4490d2416e361f1.jpg,2,41.887766,-2.790526,2,42.062302,-3.427818,56.14354,19.17177,0.6280242,0.00094401836,0.5761112,0.8602803,50.1025
95178d5592104347bb97605b43d67c11.jpg,5,56.206378,-5.513599,5,56.184237,-5.473365,3.5009682,0.44834948,0.80453444,0.017100692,0.78327525,0.88957083,3.5009682
951874f379e54813a5f837d02e584c3c.jpg,2,36.709956,-2.804122,7,41.111653,9.441256,1165.6792,2.0075104,0.73327506,0.00013166666,0.7195448,0.7881961,1165.6792
957103e3f38746359c79551ae7a9a39b.jpg,5,53.12849,0.302474,5,53.147811,0.172069,8.959987,0.41574967,0.72698796,0.004106343,0.73063785,0.87275076,3039.2817
95715c8324bb46a1a239a4751aa6b0cb.jpg,6,65.728739,-20.2123,6,65.948285,-18.151452,96.9158,0.23057173,0.778726,3.5703182e-05,0.7509487,0.9264231,76.72396
95922ff2ca2045459d0d8300d26d7c6c.jpg,2,38.822757,-0.511819,7,38.013963,12.870509,1168.2903,46.351105,0.69222504,0.00840652,0.69963723,0.78192663,1213.623
95eeed993f5f41afadfbc612ebb97428.jpg,0,51.677604,29.129361,0,51.668967,29.12494,1.0076169,0.252842,0.9060192,0.008926988,0.8886464,0.9776516,2.0810454
9607374ea9434cba8e251b38420e5c12.jpg,10,58.347411,11.509414,10,60.0019,17.515881,388.35425,27.754171,0.7171432,0.0050183535,0.6822519,0.8567083,388.35425
963c8bb568644d89a556603bfe947f37.jpg,2,37.133307,-4.74244,2,40.807184,0.163785,588.69525,68.85196,0.6965092,0.004881859,0.6911566,0.7328867,1240.3956
964e4567ed49467880dd19f021ecd233.jpg,11,38.236855,35.095871,11,38.239731,35.098602,0.3989502,0.3989502,0.8381463,0.012682974,0.81421745,0.93386185,0.3989502
9664cd04a2b148ad94f8b4f617ba3243.jpg,4,50.177156,2.795795,6,64.420061,-21.5914,2130.8064,62.769855,0.7252865,0.07100195,0.73880893,0.6917833,312.41525
968fa70daca14d9cb65e04796351d024.jpg,11,38.509456,42.278967,1,50.891988,9.993804,2867.2273,1797.8163,0.5587059,0.015225768,0.54711074,0.69683903,2890.8333
9695936f866c47fba8af03b5fd4bcb47.jpg,8,61.105746,9.109536,8,61.106855,9.108772,0.12996778,0.12996778,0.8303062,0.050252557,0.8065162,0.9254662,0.12996778
96d9d19920f24158a4f9061b64eab858.jpg,10,65.719496,18.695764,10,65.483369,16.92365,85.52437,14.527534,0.8676636,0.005689442,0.8506431,0.9410541,91.87959
970f814d7155463b80464e74280c260a.jpg,7,37.629457,14.118755,6,64.979012,-22.845335,3872.4126,12.17597,0.68892914,0.02115935,0.69169563,0.7906189,3786.8164
9715c934db4a4683ac8551eb0d18f253.jpg,11,37.544872,27.348618,11,37.5436,27.348292,0.14433083,0.14433083,0.8667261,0.14614064,0.8492909,0.9364667,0.14433083
9752f45e76dc41cd8f5de50cf07d7976.jpg,10,58.755091,12.131446,10,65.600684,18.125367,821.43805,12.548038,0.8184174,0.0068957806,0.80765426,0.9124503,694.3012
975d652cfd5a4bf28b4bedee21cf8bcd.jpg,3,61.205301,27.970565,3,61.201091,27.981701,0.75824475,0.75824475,0.7444485,0.0025187135,0.7272854,0.86949587,237.66446
976ffb53200a4aeaaa0e21a3d31f7a7a.jpg,0,54.542515,30.194909,0,54.525636,30.160792,2.8926868,2.8926868,0.8892539,0.014102459,0.86867243,0.97276926,325.3804
97812b37fb654c578d6b2248bd81cb65.jpg,8,68.651236,17.690189,8,68.775596,17.801596,14.541131,13.229787,0.80252695,0.0018788576,0.77783424,0.93505484,25.997177
979d4974a0474b32aedecdcdd3b95144.jpg,11,38.95388,35.593001,11,38.953184,35.586203,0.5929061,0.5929061,0.72829884,0.035749137,0.76256573,0.7845669,2103.7383
97b61fba8d474771bc781c3d32c709e6.jpg,6,65.23467,-21.769265,6,65.290541,-21.746769,6.3001466,0.8582776,0.727615,0.039919853,0.7137084,0.8102394,29.341139
97e0eb1ab62541d6aec1141b0cd77723.jpg,8,62.54223,6.125243,8,62.539636,6.126605,0.29677358,0.29677358,0.8083206,0.07473272,0.8049216,0.82191646,0.29677358
97e61c13694140f9bef9442ede597a11.jpg,8,69.442884,19.2374,8,69.442513,19.237662,0.04250288,0.04250288,0.95712644,0.010112762,0.94915175,0.9890252,0.04250288
98031a7e21e74108ab00ded4957f40bd.jpg,4,44.140161,5.461328,2,38.370117,-5.961787,1148.7528,76.29494,0.6594468,0.023926735,0.65527177,0.70599145,762.6919
980a9332abee4ba6a2ab5ad028ac2957.jpg,2,35.881251,-5.506237,11,37.533725,36.917944,3754.1377,49.147297,0.6986075,0.006689608,0.67643744,0.8259722,3283.2397
980bed1107ae48a7ac1c92c1f80e3eaa.jpg,8,62.480583,6.455667,8,62.485978,6.485301,1.636318,1.636318,0.8166497,0.047778726,0.78725916,0.9342116,1.636318
9812ca576d3c4be0a22a4a0950ca0112.jpg,11,39.707814,30.692361,11,39.52427,31.13215,42.84446,42.84446,0.8194363,0.00022631884,0.7998272,0.905913,42.97694
98181bcb19fa4c3b995a221a2305c187.jpg,2,42.072375,-8.74651,11,40.206379,39.431122,3985.963,1829.299,0.61621886,0.00969249,0.5964329,0.80610764,3274.6646
98198146c0df4f7abdb36736a664e2cd.jpg,9,53.178506,16.535285,9,53.092148,14.501921,135.9784,7.6190667,0.72806835,0.0029898882,0.71271944,0.84472513,40.43383
98269bf591cb4fae902ba757d5e61039.jpg,7,40.634666,8.898934,7,40.5915,8.375922,44.407906,2.4643245,0.84111845,0.013414621,0.8107743,0.9624949,44.407906
98368d7582434f9e97ad090bad6853dd.jpg,7,39.723141,16.390583,2,36.469184,-5.861424,1975.2034,85.097565,0.60858876,0.00019687414,0.577185,0.7342038,1975.2034
984494e0ed6d444f8a71221865867f2d.jpg,9,53.323399,22.455967,9,53.32512,22.456766,0.19858801,0.19858801,0.8204655,0.032833457,0.80289626,0.8907425,0.19858801
98a6c79a220e40d895408b91f20b4799.jpg,1,52.416288,8.614494,9,51.164924,18.605441,700.50134,15.50455,0.77143234,0.020763695,0.7624448,0.85673547,714.70776
98cce45934b94f738b0be72b470a12e8.jpg,0,56.027359,28.354016,0,56.028425,28.326887,1.6898124,0.40083998,0.81184995,0.04949063,0.81533056,0.79792744,1.6898124
98ed1aaa3f07497f9629d240adbe9a11.jpg,0,55.205567,28.756769,0,55.314532,29.494894,48.31482,0.8621858,0.88845533,0.013691723,0.866729,0.9774294,51.863792
99ae2c52568d4a968bb64a158f9128d3.jpg,8,69.462859,19.239782,8,69.457138,19.235632,0.65642774,0.65642774,0.86893433,0.0054343343,0.8398419,0.985304,0.65642774
99cbf90cedef4b259c11b598e8877be6.jpg,3,60.569793,22.8602,3,60.646219,23.011552,11.85079,11.85079,0.8365509,0.016659081,0.8368304,0.8354329,11.85079
99ebe7a1c7634e7a966d24420b0ec864.jpg,10,61.9296,17.24552,10,61.931782,17.263672,0.9802445,0.9802445,0.8352865,0.15223426,0.8284055,0.8628102,0.9802445
9a353bfec89046a4b6addad2e126e13a.jpg,9,53.561039,21.217042,1,48.657661,13.362701,772.4167,28.719992,0.6713633,0.027697504,0.6348342,0.8174797,772.4167
9a414f3666ef44179556e7d2394099e9.jpg,3,67.117813,25.071383,3,67.124174,25.056933,0.94367766,0.35166204,0.92665696,0.003630519,0.9174919,0.9695806,0.35166204
9a58093c5bc44da7a829d4d7364f96bb.jpg,5,54.123416,-6.235751,7,41.712179,12.692136,1961.5796,1218.0231,0.5594574,0.007752657,0.5479404,0.7197908,2859.6316
9aa3f49d3c734246920eb4e91798d21c.jpg,6,65.841204,-18.252043,6,65.818557,-18.236313,2.6180904,2.0546556,0.83175147,0.001552105,0.81648254,0.9182887,12.810812
9ab5e34adfde4576a03d00914134c82a.jpg,8,68.370627,22.222291,8,68.443138,22.742898,22.778519,12.744475,0.9038094,0.0067236423,0.8890761,0.96274257,22.778519
9ab920ce9e95414bbc4cbcfff98676bd.jpg,5,51.918519,-5.116318,5,51.905591,-5.063963,3.8682153,3.8682153,0.71720284,0.009061515,0.6952111,0.8353658,275.6896
9ac5ad30c7714219961f7079ce3cdad1.jpg,11,39.561484,44.064047,11,39.562467,44.063764,0.111964576,0.111964576,0.9594729,0.04411757,0.954412,0.9797164,0.111964576
9accef3801ba424c81d6c69b6cb4b794.jpg,6,64.328927,-14.935126,6,64.326507,-14.937856,0.2995088,0.2995088,0.93775463,0.096547484,0.9258769,0.98526543,0.2995088
9b019120ab624f06a8b9ba2358188824.jpg,5,58.510915,-4.80936,5,58.50786,-4.810098,0.34239486,0.34239486,0.92659444,0.04156381,0.91203225,0.984843,0.34239486
9b0c3014fd5e450a9b7ddf442492681d.jpg,4,45.374621,-1.08086,4,45.37206,-1.078116,0.35642192,0.124868855,0.8037564,0.078547776,0.7958274,0.8354722,0.35642192
9b2b9f0a58c74d6ba53d9069189d1ae3.jpg,7,42.869567,12.397525,11,37.058975,35.77008,2086.0906,116.30928,0.6834412,0.012785077,0.6379725,0.86531603,2086.0906
9b2ca5b6bbaa4d8ca5501fba09a764bd.jpg,0,53.278618,30.417545,0,53.181685,30.451467,11.012429,1.5550781,0.8213337,0.01874721,0.79181683,0.9525702,42.39032
9b4d7192e83f4524a219e81cee40ab56.jpg,4,48.445178,6.61971,7,40.696279,9.711771,895.57227,415.1468,0.65205646,0.0044677258,0.6562124,0.7230708,2671.8057
9b83929fd0be417182a8454cd754026d.jpg,10,58.900948,12.332365,10,61.443729,17.123278,387.30917,119.8933,0.7435159,0.023702443,0.7258593,0.8761658,924.4551
9b95f0dde9b84614978c7fda5de449bf.jpg,3,63.637319,29.198484,3,63.484984,28.823582,25.128292,2.6359017,0.84908295,0.028015018,0.83126247,0.92036474,25.128292
9b97df214be345c59be5a2f22e77091c.jpg,7,37.596236,14.131831,7,37.596612,14.131395,0.056776468,0.056776468,0.7882801,0.06941545,0.7778349,0.8494246,0.16942024
9bb393d6a4b547699c260b17f31d699a.jpg,2,42.683589,-9.022729,2,43.376913,-4.516835,374.22717,2.762872,0.69165903,0.014138281,0.7100262,0.70499,262.6112
9bf80380f1764083a7844d1fa30d3aa4.jpg,8,65.085325,13.325799,8,65.024836,13.264094,7.322144,0.72679657,0.8615472,0.0036729574,0.83365786,0.97310424,7.322144
9c0a48447ae84e4b997875fd0bfe7ca3.jpg,2,41.332482,0.810697,2,41.363281,0.913832,9.265402,9.265402,0.75551003,0.008695602,0.7420858,0.8453953,37.50906
9c16f9b710104635a7f261edeb0e70a8.jpg,11,37.185685,34.868055,11,37.186668,34.867857,0.11070314,0.11070314,0.91805786,0.21419758,0.91399866,0.93429446,0.11070314
9c3137556d2c4915a847c9f992acf148.jpg,5,55.259696,-1.892847,5,55.364795,-3.498452,102.2727,10.646184,0.8099973,0.011562228,0.78310823,0.9328671,162.93349
9c623c71f50845638166ada34f9e414d.jpg,0,52.774372,30.753937,0,52.769769,30.757316,0.5600367,0.23399697,0.76673794,0.008118868,0.75298256,0.8875673,135.75117
9c741496697c4ca5b9a98d9fd9fe3c3f.jpg,7,45.36597,7.901622,7,45.357325,7.931644,2.5349243,2.5349243,0.7828042,0.1048879,0.7859818,0.7781819,679.37775
9c7861d1b77e46f7bd8eb20e477e1adf.jpg,2,28.079542,-14.485114,2,28.080808,-14.479183,0.598655,0.23904029,0.9407145,0.13209873,0.93026674,0.9825052,0.598655
9c85e205e6784bf2a34c2abaed5a54ef.jpg,5,52.63502,-1.343146,5,53.846102,-0.636091,142.64749,4.77955,0.61895293,0.010542512,0.61201066,0.71951365,140.8381
9cae9643229843f4a2ebc16d4905d89c.jpg,4,46.885916,6.236643,4,44.716824,-0.564098,579.4793,56.10362,0.71763676,0.024717093,0.7004379,0.786432,579.4793
9ce43f9c53e7487a96e858cbd7bb538c.jpg,1,53.991302,10.141287,1,53.405743,11.598151,115.917305,4.646568,0.7880433,0.022411883,0.78743804,0.8122601,1347.4446
9d25d13304a64f3cb40532d850aad049.jpg,2,42.535643,-0.386954,2,42.038953,-1.601847,114.18106,50.968193,0.7552331,0.03746742,0.73821014,0.8233249,114.18106
9d51ded13738405295a14d3a6c4a7c18.jpg,10,64.915074,18.238231,10,65.414853,16.527094,97.33306,29.15515,0.8761367,0.03518349,0.86492217,0.9451312,153.99603
9d53713867194cd1bc4868a7b92f3fad.jpg,11,37.692463,30.350293,11,37.688848,30.348155,0.44381434,0.44381434,0.87569857,0.141047,0.8606281,0.93598026,0.44381434
9d6ade7f35d34ebd86b630b549670392.jpg,5,51.694809,-4.929564,5,53.878598,-2.77546,282.7229,201.70364,0.6445083,0.008544266,0.6653562,0.7267026,1021.0988
9d7363ca4d57497ab203e13c0e09ab18.jpg,3,60.97258,22.904695,3,61.025435,22.96541,6.727198,6.727198,0.86013424,0.07794738,0.83282965,0.96935225,6.727198
9d8c44e51e7f48949a0d07e35cdcbb0a.jpg,8,62.667618,8.583245,8,62.664018,8.616142,1.7267135,1.4297843,0.7627383,0.036024988,0.7309921,0.91428185,1.4297843
9ddd5deb03c646499b83af29baba8437.jpg,2,37.009124,-4.488741,11,40.991257,39.797712,3811.48,17.777771,0.6442585,0.014868557,0.63660705,0.7560628,3184.5742
9df38e759f96457b869c1b98abc93681.jpg,11,37.138386,44.34417,11,37.138737,44.336239,0.70410424,0.70410424,0.73936796,0.08747542,0.737682,0.746112,0.70410424
9df84ea264c14811a70b5b22a26092d8.jpg,11,37.839923,27.24608,11,41.619874,35.574191,826.40546,3.6147716,0.7376629,0.019665718,0.71552116,0.8448905,68.61653
9dffa4d51b7a4a4bbf962077c45bcdeb.jpg,7,43.884048,10.318876,7,39.280831,9.134693,521.2282,24.646034,0.7935933,0.020017087,0.7845899,0.8321488,519.7734
9e13395ab1184ef39f63200bc71ca26d.jpg,1,52.054843,14.231174,0,53.201203,29.138262,1012.2976,1.652929,0.73325694,0.0023306608,0.73120415,0.87490684,96.34113
9e41b0d5eb6d42e4abbcfd16da19d3b5.jpg,11,40.242425,37.956072,11,40.266378,37.88446,6.63519,6.2701144,0.8342332,0.01907605,0.8033964,0.9575804,6.63519
9e4251d0aa404fa99a4aa28084b7bf78.jpg,6,64.17888,-15.852489,6,64.178474,-15.867354,0.7213678,0.7213678,0.73190594,0.0030981302,0.72686565,0.7788915,34.83815
9e4508b519664970b02142a992cc8024.jpg,11,40.989609,38.779097,11,40.981471,38.768047,1.2958187,1.2958187,0.7713805,0.06732541,0.778591,0.87135667,1627.8322
9e4647a93c5e4c6e8d57514b327e77f2.jpg,1,53.603695,7.180543,1,48.082727,12.569816,720.68677,27.894732,0.7157033,0.010926187,0.7129728,0.8014287,595.7899
9e4c9641c8444e2faa11bbdb6208543e.jpg,2,38.679685,-3.062568,7,43.233988,13.758248,1497.3586,9.010311,0.66725147,0.0104987025,0.66605407,0.74994034,22.95912
9e5e0cbc3b894a3690f538ce07bed268.jpg,9,53.645694,16.594057,1,49.883692,6.618844,802.8143,46.424225,0.71879774,0.022072494,0.72787356,0.7752898,165.04977
9e62727071fe4b519511046bc2a8af3a.jpg,11,41.637294,32.325089,8,59.342693,10.431067,2480.699,1138.7035,0.54449844,0.000995636,0.5365232,0.70643467,1964.1759
9e6cdc3863e84fa886948551463829e9.jpg,10,59.693365,17.1813,10,60.021985,17.88389,53.611504,11.22413,0.7302595,0.014833868,0.7192077,0.8261088,392.3002
9e74792d024c48fdb11b00309e28d860.jpg,4,42.732686,9.461247,11,39.550074,33.220289,2013.8446,203.28656,0.651154,0.016808331,0.66422176,0.6826619,2094.945
9e7e239edb894aff8c2456c9264d1ce9.jpg,5,57.346107,-6.383926,5,57.559171,-6.154662,27.37515,1.0886434,0.74127704,0.006790817,0.7327825,0.8149158,26.737738
9eaed50a3d6a4cc98794da471be027ad.jpg,11,36.836481,28.769788,11,36.82829,28.785115,1.6402196,1.6402196,0.6448962,0.010204971,0.62997407,0.7837609,1252.7834
9eb73c5b43bf4fc4855c80430b2e804f.jpg,0,52.112949,27.848882,0,52.083983,27.563951,19.727715,0.0077055763,0.86273056,0.008265197,0.8368726,0.9661623,19.727715
9eb98fc158c64f2d9f2bb7ebeba09ed0.jpg,6,64.965791,-22.895596,6,64.973129,-22.933374,1.9556807,1.9556807,0.88506436,0.054419756,0.86491954,0.9656434,1.9556807
9ef7504123074ac2909d5fde40ce5ee9.jpg,2,43.363021,-2.667998,2,42.789596,-4.904219,192.48926,33.391342,0.7446468,0.006491244,0.71142685,0.94359237,192.54498
9f0bf1e95f0a4fb8a7bd16b2a2a85545.jpg,7,38.743118,16.475035,7,40.032532,15.804202,154.53154,0.5918771,0.68584144,0.018720984,0.64322215,0.8563186,154.53154
9f51ea453aa247bb9c5dece9f2291320.jpg,5,50.350393,-4.023402,5,52.064439,-4.314682,191.67018,102.93301,0.65874666,0.019861996,0.67103666,0.7533603,864.71405
9f625b743bb04565a45b28743ba1295c.jpg,3,65.422309,25.387218,3,65.454064,25.380149,3.5460846,0.80828243,0.91959006,0.033884466,0.905731,0.97502625,3.5460846
9f87ae68d4eb474b91d700b411578e20.jpg,8,62.337888,5.87296,8,62.337188,5.877566,0.2501942,0.2501942,0.7917557,0.028761864,0.77143013,0.9158186,17.752024
9f9f9f2b640643bf9efb7d48c1beaac8.jpg,11,37.045993,30.621952,11,37.059845,30.617627,1.5873739,1.5873739,0.84984636,0.042711616,0.8406657,0.886569,1.5873739
9fb44ec17dd04116bf242c4b543ab88e.jpg,4,49.523653,-1.872275,4,48.341266,-1.720121,131.94452,8.532768,0.8006156,0.051833093,0.78790593,0.8514542,131.94452
9fe9d70f2bd14ec1b9d8355eca9c95f4.jpg,10,58.396003,15.297691,10,58.394315,15.299058,0.20390141,0.20390141,0.92085016,0.18753546,0.9211189,0.9197751,0.20390141
9feb85a0fd58464a9c6221c8d91fb226.jpg,5,54.359416,-3.294828,6,66.564855,-18.018815,1570.108,236.69827,0.7777203,0.0056869984,0.7574271,0.935658,1666.6371
a03c684323614940b986897150697de7.jpg,11,38.690588,35.61452,11,38.694272,35.611705,0.47696465,0.47696465,0.8191346,0.15520221,0.82086146,0.8122272,0.47696465
a0528c71ce87443383db865598ab91d2.jpg,2,38.144099,-1.127657,2,38.409107,-1.565166,48.237576,33.605442,0.665505,0.014628172,0.67536795,0.75049555,1606.1001
a06b6b916eec49fabe0769717d7506d4.jpg,0,53.479446,31.09432,0,53.48928,31.125004,2.3059835,2.3059835,0.8476321,0.0049919486,0.82046944,0.9562826,2.3059835
a09573984fc7435bb60a767e211af81d.jpg,0,55.364771,29.336371,0,55.332986,29.38598,4.7253294,4.7253294,0.88457376,0.05876732,0.870208,0.9420364,4.7253294
a0aab6e61fa247cf94214492f73d754c.jpg,11,41.0752,42.828503,11,41.036756,42.860677,5.0548606,2.3154666,0.79071414,0.02516365,0.7754925,0.8562399,58.61305
a0d27dc8a8004ba6b65d90355f06ecac.jpg,1,49.5408,7.088954,1,49.177403,8.20596,90.42627,75.703575,0.6617622,0.002301395,0.6678334,0.80485326,712.9851
a0dd4a79f720481b8231287fc6db3da3.jpg,1,53.34965,8.126459,9,51.657159,17.780654,679.4078,382.07584,0.64421964,0.020825863,0.6480457,0.7481355,985.0884
a10a810208f841bea9a698703c44dd92.jpg,3,63.349379,30.012586,3,63.330447,29.994058,2.2991693,2.1061375,0.87313163,0.031080008,0.85183454,0.9583199,2.2991693
a12258d05bdb4d419e74beb23fb802ca.jpg,6,66.044177,-18.521407,6,66.067794,-18.531692,2.6667953,2.6667953,0.8361639,0.041364074,0.8151513,0.92477083,43.00704
a1633111b6074000ba47b70cda600a19.jpg,9,49.982251,22.019829,9,50.079363,22.039848,10.892642,0.8046974,0.7699512,0.010182083,0.7494676,0.8612876,22.099741
a1cb905331fd4717b0d4f2ff003a73ad.jpg,10,65.057496,17.222034,10,65.451277,19.377702,109.4668,6.218467,0.81873757,0.0052881837,0.7894198,0.9459418,341.36496
a24402e0a2304df89bf63c766e639f6d.jpg,2,28.789493,-17.802436,1,50.202678,7.017817,3164.536,3.454499,0.6987284,0.008282244,0.66363114,0.8435705,3111.331
a262e7630e5f4afd9a5fa7b419fe918f.jpg,3,64.918752,27.614709,3,66.383732,25.871219,181.43547,3.516745,0.8358438,0.0190593,0.8094852,0.9510896,168.70844
a2a50d9cbe3a4d9cb243165050b5c702.jpg,5,57.578866,-4.106744,5,52.328031,-0.710231,622.65027,49.50702,0.72102904,0.03139925,0.73527133,0.82148254,1176.1062
a2c5952382394192bcadb84c2d37b523.jpg,1,48.81384,8.749654,4,47.633338,-2.989563,878.59357,158.55139,0.6702238,0.010659277,0.6815411,0.7911375,916.5672
a2ca0cccfa9046df945b1f3793b190fb.jpg,7,38.649459,8.279764,7,38.650466,8.342764,5.4721103,1.5127727,0.7793716,0.025372624,0.75990105,0.9172019,1.5127727
a2dce87789f84933b54d17504420651c.jpg,8,60.779111,5.867994,10,58.861992,17.82772,700.5419,5.0208592,0.6739323,0.0035492778,0.6798575,0.76486784,746.5816
a3190f50c5a04b079ebd02a45cc7b4c7.jpg,7,40.46751,18.178468,1,55.006625,8.397612,1770.4751,1.9164422,0.72949225,0.0030400157,0.7246519,0.7825386,1162.3856
a3195b185fef4896b7bf8798142079e1.jpg,1,52.782624,11.104961,1,52.023061,13.612706,189.92441,34.648106,0.6865289,0.008759797,0.7231394,0.6680401,1291.1852
a31a8ec59d184ae98b289c50bf30ead2.jpg,0,53.800393,25.368167,0,53.793169,25.37485,0.91536933,0.91536933,0.7221523,0.010459363,0.7051732,0.8531859,279.92557
a3278a0c476f4a3da78d3139075690c3.jpg,2,39.873513,-4.017265,11,40.990047,39.802249,3671.552,0.9634716,0.75316644,0.004917681,0.7221487,0.87723744,3671.552
a33358cdb6b54e9b8e3c4804bd947006.jpg,4,42.177576,9.529494,4,42.172352,9.528403,0.58779943,0.58779943,0.8069259,0.10608947,0.7961466,0.85004306,0.58779943
a34d32c4fab0463ca1869885c04a31da.jpg,6,64.313924,-20.266064,3,64.80352,25.510789,2139.5955,1293.7322,0.8375044,0.0223732,0.8117992,0.940325,2139.5955
a34d38810c59485a891a36534da20643.jpg,2,42.18495,1.797577,2,41.933008,2.843993,90.8175,42.366043,0.68504465,0.007029772,0.688188,0.7562258,685.26404
a350ca2c967144b1bd1fad96770818ea.jpg,5,59.087334,-3.32284,5,59.060786,-3.334604,3.0275886,0.43886644,0.89482594,0.010889232,0.8851335,0.95629036,2.561582
a37c24442f2d4ab1969b32f8d0b4828f.jpg,3,61.09127,22.957754,8,59.608639,7.41652,868.46277,47.862843,0.747403,0.005431831,0.718731,0.8620912,868.46277
a388deb2d1ba491b91e07ac0ed6771c4.jpg,0,52.93188,30.636684,0,52.636384,30.840298,35.596935,1.1638604,0.8346373,0.048909605,0.8143875,0.9156363,35.596935
a3928a161b1c4e1f8beec90d6bfcc972.jpg,2,42.116313,-0.068642,1,49.72925,8.417897,1069.7827,680.76807,0.70246965,0.051112592,0.6791338,0.9035207,1071.1697
a395c56373d4454498c054d81d0e8f65.jpg,5,57.556987,-6.153906,5,57.556098,-6.1535,0.101776004,0.101776004,0.88855875,0.025357187,0.8758553,0.93937254,0.101776004
a3d79999090d4cb1a636874d993a14f4.jpg,3,67.432208,23.819598,3,66.267209,23.710344,129.63013,27.380323,0.8643452,0.031198502,0.84689045,0.9546281,377.43488
a3db55b4329f42d391992ed1f1c45e89.jpg,5,54.030452,-0.960102,5,53.846102,-0.636091,29.49564,3.0574493,0.7501083,0.00011008978,0.7416786,0.87062144,124.63183
a3f5718b0a8846bf803d75f25f12d4f0.jpg,8,64.090425,11.522838,8,64.188751,11.919524,22.129215,0.5120978,0.8494552,0.0069517493,0.8191996,0.97047734,22.129215
a418fca7577244f39f5cbf7d5923788f.jpg,3,60.689596,24.168208,3,60.694126,24.168639,0.5042597,0.5042597,0.7950382,0.035083592,0.7795718,0.8770704,16.723694
a4190073422141a1a9e62bb15d30c04e.jpg,7,44.602761,10.501339,11,38.671617,41.199049,2617.991,413.32382,0.6811178,0.013341308,0.68691194,0.8269329,2273.896
a45e67d9ac814ec29f0c1141d39f324a.jpg,9,53.049617,19.737671,2,41.924559,2.850483,1763.7885,39.11828,0.6459229,0.0028204918,0.61935127,0.7522094,1763.7885
a466e5fc77fe456ba1eab7c0f0bf530b.jpg,3,66.094553,28.406416,3,66.093071,28.414964,0.41894996,0.41894996,0.83744013,0.04644823,0.8145775,0.92889035,0.41894996
a4715860f7334782a7e2d894d561818d.jpg,6,63.517242,-18.480205,6,63.513897,-18.484581,0.43061888,0.03588886,0.9131749,0.015604079,0.90446323,0.9795469,0.76242644
a475e2d5a5144ee78ef3e792078d33ec.jpg,8,68.634636,16.569265,8,68.694383,16.559588,6.6550975,5.6844497,0.6843892,0.00886327,0.65354896,0.85706484,25.441486
a49637cbbced4dffb8b7f237b5dd3e63.jpg,7,37.333999,14.119502,7,37.185865,14.147442,16.656334,16.656334,0.76656646,0.040291846,0.7766309,0.8603287,1556.3217
a4bbae39be364a1dbd43e8ebd8b76976.jpg,2,41.420853,-2.358681,2,41.491975,-2.85175,41.844563,41.844563,0.8047453,0.10049647,0.81452066,0.76564395,41.844563
a4c398e27d3e4b3ebe4950e60e1c40b3.jpg,6,65.794127,-19.93966,6,65.797196,-19.938254,0.34722528,0.34722528,0.91508436,0.07503545,0.899628,0.9769097,0.34722528
a4ca45a908394321ba2d9613e354aa31.jpg,10,62.170708,17.158308,10,62.17306,17.157395,0.26579013,0.26579013,0.799771,0.025669754,0.76736623,0.9293902,0.26579013
a5195f103d0c458a910ebbafee8d98c7.jpg,0,52.69189,24.354945,9,49.775246,22.072855,361.1013,111.862495,0.6828841,0.032297254,0.66609085,0.7500569,361.1013
a51ed661e10b43fb9b3055a9db3fc616.jpg,5,55.924131,-3.896857,5,55.693739,-3.563796,33.006554,24.18535,0.7011446,0.008842528,0.6679067,0.8685254,27.53448
a55896edfafc40d7842814ccf6310447.jpg,3,65.985036,25.061583,3,65.98544,25.06029,0.07376831,0.07376831,0.9304561,0.10198206,0.91718256,0.9835502,0.07376831
a56409649eee47fdb7deb7bb2f06339a.jpg,6,63.54086,-18.455383,6,63.539264,-18.457464,0.20524399,0.033616528,0.9369112,0.025168657,0.92334473,0.9911772,0.20524399
a5e2ce03071c433592928772fc1f8ad1.jpg,5,54.478649,-6.497841,8,61.580103,10.062454,1248.5376,24.382332,0.661177,0.013640165,0.66582,0.7470373,1709.8577
a63113c80dae494faf37141a64e62e1c.jpg,2,37.891619,-4.723106,2,39.513313,2.76595,674.1962,48.02477,0.6942054,0.006151855,0.6647173,0.8455685,1668.985
a63501b41de04ec0ab8e71ca7ff491a1.jpg,5,52.63891,-1.254396,5,52.12557,-1.414392,58.10462,10.746892,0.65443194,0.0057683587,0.63022363,0.8294724,357.52768
a643279f490f440d901d976c6efac3fb.jpg,4,43.457623,5.007839,4,44.420501,4.868979,107.64299,53.9342,0.721972,0.038161874,0.7068249,0.8023187,501.8266
a64653e43e084fc8a52488564111958b.jpg,8,70.627782,25.360843,8,70.135219,23.649386,84.15255,7.6638865,0.87460697,0.0031791925,0.8494812,0.9773805,35.201477
a6550ca9887b482b9d73ffba72fb9183.jpg,8,69.081363,17.978113,8,68.842188,18.268426,29.010212,0.2571498,0.83137536,0.038788795,0.81193554,0.9091343,29.010212
a683c8ed9c064b29a214c072bbfb63d1.jpg,1,51.039147,13.520706,4,46.172395,5.288663,811.03644,305.44754,0.65718406,0.031546712,0.6696255,0.6508497,391.69373
a6a1b8c67dfa4c2b9caf5f0cccfbb809.jpg,9,54.785546,18.407208,11,40.394115,26.870243,1718.5635,21.6724,0.6734255,0.021767378,0.65868926,0.74489427,1115.1827
a6da2706c3e14f11b0410bc1ac6259aa.jpg,7,40.823885,14.38893,1,49.093376,7.882327,1051.5114,618.83276,0.66042376,0.0044772625,0.6216364,0.8155731,1051.5114
a70d56ce34ba4c8da539a318190bd066.jpg,1,50.037722,12.037186,7,40.963253,14.836677,1032.1552,66.675934,0.7389871,0.06601477,0.74364656,0.81129956,488.57043
a70fb62461d4468080097b072defc914.jpg,2,42.205774,2.756201,9,53.463153,16.367078,1606.5195,458.16196,0.7592079,0.03233123,0.74511254,0.8155894,1606.5195
a7132e50c04a42d193bd3972bb06ab85.jpg,5,51.430748,-0.556247,5,51.408987,-0.592503,3.4893522,3.4893522,0.7174001,0.069601,0.70759135,0.7566347,3.4893522
a771dce46a4b4408afb9acf064ae2793.jpg,6,65.626167,-14.995762,6,66.015164,-14.8935,43.504566,0.8253525,0.8483316,0.003683567,0.83678687,0.9470882,0.8253525
a77646971d654fcdb5a204cfe8c65c77.jpg,8,68.693948,17.993501,8,68.694606,17.994821,0.09053993,0.09053993,0.87716556,0.17785388,0.8617601,0.9387874,0.09053993
a780e4a6b82f45b5a55cac97846eadd0.jpg,8,66.659162,16.158711,8,66.658311,16.162488,0.19142462,0.19142462,0.8507238,0.05094564,0.8336767,0.91891223,0.19142462
a786644b129b4b35b7537968dfd2600e.jpg,8,62.339427,5.871033,8,69.082657,15.563348,868.7886,0.41919038,0.71371734,0.024727404,0.6891741,0.8118899,868.7886
a795732bace84989951cff791fe8046b.jpg,9,53.658057,19.037787,10,59.154464,15.448828,649.60474,27.240826,0.62802494,0.014067709,0.62704897,0.6985091,399.41403
a7c4256781774e8b91afe1639b83feb9.jpg,9,53.442279,15.482306,1,50.327647,8.910874,568.276,28.76272,0.6541855,0.001937151,0.65805745,0.7419067,1512.933
a7d502541a0f44279ea06e4c5fb67c9e.jpg,6,63.832103,-22.492297,6,63.832662,-22.48974,0.13994858,0.13994858,0.900924,0.018381178,0.8814913,0.98625135,3.4545476
a81e087b629a4294a3379be41c99c822.jpg,7,40.647544,17.316788,5,53.137395,0.321755,1886.9856,441.58786,0.6972488,0.01513207,0.6943891,0.7914961,2589.4326
a821b52ad7cf45039c1f18941875f2b2.jpg,3,60.751928,23.429168,3,60.769946,23.428067,2.0044053,2.0044053,0.6727459,0.02331394,0.66542655,0.73069584,70.13618
a8303ee8513d4d618b080759fca2dbe6.jpg,10,64.147495,15.245379,10,64.742749,15.802441,71.37868,9.189109,0.8279679,0.010462284,0.812639,0.88928324,71.37868
a8314f79c4d34222aafbf6656220c5a4.jpg,3,63.642007,26.598409,3,64.138889,28.008733,88.40338,1.6223156,0.7426975,0.019919872,0.7285883,0.83586866,1088.5538
a8332aebded845e4b930b3abd869ac7a.jpg,10,62.252036,14.129205,10,61.771532,14.14664,53.437428,7.8301754,0.8978286,0.015238881,0.87961197,0.97069484,53.437428
a85cfa2321a84933b1cdc66b7ed42df4.jpg,10,61.707296,15.690005,10,61.710133,15.693805,0.37365955,0.37365955,0.88439894,0.09065366,0.86344814,0.968202,0.37365955
a86e55596a034708bdce58b98b213f6a.jpg,10,63.843369,14.375885,10,63.517014,14.850669,43.183273,19.992664,0.8641844,0.005130887,0.84976435,0.9218646,43.183273
a895718e705c4b01912ffd32fe06747e.jpg,5,50.647209,-4.738397,5,50.647955,-4.739322,0.10552029,0.10552029,0.77787435,0.003545761,0.73028034,0.9682504,0.10552029
a8d703a30e8b49efa91d44456fba6fad.jpg,11,36.103111,32.995598,11,36.145029,33.322853,29.760313,18.117058,0.73161876,0.0031357408,0.7113669,0.82266796,89.95241
a8d88f893e4447d08ceba60ec035d042.jpg,0,52.927886,30.010687,4,46.629455,3.709805,2000.4049,67.70926,0.64367044,0.004147291,0.62706375,0.8149578,898.2259
a9024ddb6b6d474fa70cd95b1c04f7f2.jpg,7,42.558856,12.517622,2,42.386986,-2.166759,1203.013,75.64089,0.632964,0.0011793375,0.6189102,0.8104054,1331.0173
a91362da8e244fd5b5a01b98925fb3eb.jpg,10,58.358672,15.930729,10,58.278021,15.379167,33.43598,3.0310001,0.7985556,0.016202748,0.77039874,0.9111831,33.43598
a915159c75ae45a5ba2ed142379bef7c.jpg,8,69.620631,23.463896,8,69.621868,23.463642,0.13789949,0.13789949,0.9127959,0.19076914,0.900818,0.9607073,0.13789949
a93181c6eaf44302a11e96ab96367b87.jpg,7,41.317631,15.406956,2,37.824225,-0.8189,1441.5419,20.310324,0.6940024,0.00027883053,0.6940088,0.8134575,509.05106
a96e5bd0a4794be2ac1643da1c42392f.jpg,3,64.013968,29.486737,10,65.018048,20.193125,457.97104,2.9370213,0.7957462,0.0106211305,0.7692382,0.90177834,457.97104
a9b18d9de1ff44769893f7b88d207ab1.jpg,1,53.673713,9.05853,1,52.324838,10.827175,191.05038,6.5743074,0.77114797,0.0021996498,0.75880855,0.8605857,171.32654
a9ca233b654248ce8700d14917c28ec0.jpg,4,48.630405,-4.518757,4,48.613797,-4.542128,2.5221674,0.25044358,0.7336091,0.012501657,0.7216121,0.7815969,2.5221674
a9eb905e6de443bcbb9edb3022dfafba.jpg,4,45.454263,2.071068,4,45.534759,2.353654,23.775417,23.775417,0.7158524,0.038119137,0.69010365,0.818847,23.775417
a9f1eaded87e4e0cb4fbf0eceaab6a79.jpg,0,52.612203,30.853534,0,52.612886,30.85318,0.07961857,0.07961857,0.9523105,0.06504285,0.94216406,0.99289614,0.07961857
a9f5961f2a5744adb9423b5ac62ca621.jpg,5,55.372114,-4.752378,5,55.841474,-3.156091,113.03023,5.97336,0.7436374,0.015689671,0.71068156,0.91821027,107.17297
aa15271766fe4aa6a23752dffad5c5f1.jpg,3,67.537401,27.924043,3,67.546986,27.918034,1.0959421,0.13560502,0.9016458,0.015149951,0.8822577,0.9813544,1.4971094
aa17fa1741c2431d8785440356c76a0b.jpg,1,51.135594,7.940862,4,48.01381,4.36943,432.1068,170.81592,0.69778067,0.0038489103,0.69846916,0.81852674,1035.2324
aa27af38ec804d4baf605854252eeb5c.jpg,7,42.40682,12.108696,11,38.648827,28.980457,1483.0571,12.474511,0.67572665,0.035345197,0.67724997,0.76636386,1094.0559
aa282360a6564d6fab6842c74a27a11b.jpg,6,65.878922,-16.535227,6,65.652981,-16.791869,27.719965,7.430572,0.71388817,0.0075306296,0.6758584,0.8660072,27.719965
aa2c108494274dfabd8322d31094c1e2.jpg,1,53.477083,8.386283,1,53.45502,8.344848,3.6798651,0.5133186,0.78223586,0.009346664,0.7761899,0.8748548,191.49416
aa2e37bd8af744b09440b1f896107a68.jpg,6,64.617261,-22.050875,6,65.669936,-23.239478,129.56189,11.346205,0.9274117,0.0005501509,0.91387635,0.9887583,107.26443
aa3513c6499b4834a37ae99a0299fa3d.jpg,11,40.581937,35.651773,11,40.929043,35.15657,56.82862,22.862524,0.8217025,0.022090673,0.8104044,0.8767839,42.04565
aa5108eaed0c4ae29f2783486a917aa1.jpg,1,52.733323,12.065867,1,52.764029,12.059239,3.4433773,3.4433773,0.75605845,0.014885604,0.75899917,0.79347795,595.59686
aa53472c4144442b8e4765eba4fede9c.jpg,4,44.55179,-0.934463,1,54.021061,9.004831,1273.4349,183.96909,0.7666724,0.043606043,0.77534354,0.74143994,1580.4849
aa691e929ba4436aa828ec60ab5ea880.jpg,8,59.460237,6.327041,8,59.475373,6.293143,2.549399,2.549399,0.6628113,0.0048859715,0.6240748,0.86287963,160.71451
aa6c42b0ea9d4e5d92a957fb91d0466b.jpg,7,38.091016,12.7497,7,38.151481,12.737976,6.8011827,6.8011827,0.7306067,0.05111122,0.7003846,0.8514949,6.8011827
aa73da2bedea4b4abe0c9e1d7f535958.jpg,11,40.270365,36.544936,11,40.272108,36.544098,0.2064419,0.2064419,0.6451106,0.0066996813,0.6285581,0.73892176,271.56168
aa793d890fc04ddfb88f19834b4c6920.jpg,8,64.093354,11.524856,8,64.103934,11.54029,1.3949997,0.17894143,0.8161644,0.012230039,0.7866976,0.93403137,1.3949997
aaa6ab9fb8594600986f73bbef29fdd8.jpg,4,44.146276,-0.873696,4,44.10611,-0.284358,47.25048,2.7403836,0.76712817,0.0019090772,0.72747344,0.92574704,47.25048
aabd27d762b54ff69fd449575511e5bc.jpg,4,42.621449,1.822425,7,44.095861,8.127171,535.2704,45.214577,0.6787129,0.00044173002,0.6698209,0.7918073,687.22406
ab27273934414b7ca0bb4b3fda369fa1.jpg,4,47.544324,-0.607768,4,47.633338,-2.989563,178.88992,23.746069,0.7224129,0.019141138,0.70998317,0.79475975,117.72068
ab38177370de4e82b62ab432b997c3aa.jpg,5,55.648971,-2.787743,5,56.380135,-5.042364,162.00307,10.714387,0.6746434,0.020699263,0.671142,0.77542055,135.12302
ab4e227946a840cebc2300fcf1dc43fe.jpg,11,38.73468,35.57489,11,40.546478,37.234002,246.50368,4.5181336,0.6707313,0.030179262,0.63875246,0.7986465,246.50368
ab8c574ab43c4894b529bc2740b03ceb.jpg,9,52.389206,20.430847,1,54.474197,8.850906,800.3451,9.180659,0.7449675,0.010667622,0.71958905,0.8464812,800.3451
abbfca449fd94a16a7492a39a5d117be.jpg,8,61.339571,5.755509,8,61.289071,5.832616,6.962014,6.962014,0.73545164,0.046281397,0.70229906,0.8680618,6.962014
abdd4002d5d4493eb7d0903ecf249782.jpg,10,64.948201,15.470625,10,63.821629,14.39159,135.57938,3.7857764,0.84135175,0.0041110516,0.81066686,0.9640912,135.57938
abe9c1f9e27a45d6b695499813175b8b.jpg,11,40.896537,30.356028,11,40.81573,30.431976,11.024328,11.024328,0.6557148,0.008969128,0.6475804,0.76482534,1525.9382
abf11b5d89dc4aae89e28fed977ad0ab.jpg,10,59.846324,16.639218,10,59.202594,15.069845,113.82241,8.848079,0.71223056,0.022513926,0.7013155,0.7558905,113.82241
ac06fffae6b24cd8be3c79714e54a1b2.jpg,7,46.69318,11.891429,1,48.780567,9.649726,286.2879,26.768705,0.6896564,8.046627e-06,0.66627,0.8092898,396.22977
ac0af944223c41779d50ffa53754035e.jpg,0,53.919431,25.841653,0,53.917087,25.845466,0.3609503,0.3609503,0.89130735,0.077685595,0.8710912,0.97217184,0.3609503
ac44de46343a42bb9bb96ffbc7512e16.jpg,4,44.169215,5.83925,9,51.483719,22.260235,1466.0026,4.976102,0.65310377,0.01013571,0.6484282,0.7431629,139.2055
ac4fa88f9a3d469594b03a43f18bb954.jpg,1,53.612949,7.85119,1,53.014535,11.179931,230.90263,15.570727,0.7352382,0.004646778,0.7250776,0.80019045,383.83292
ac6e515fa1db448cb4852f0a038f622b.jpg,2,37.94765,-0.711221,7,37.855,14.943735,1371.9956,99.72324,0.6356759,0.00381428,0.629045,0.7729518,859.84924
ac74b84b88e9429aac6d3dbbc2455622.jpg,10,68.229028,19.672056,10,67.974271,19.954008,30.646053,0.3738295,0.76012796,0.012067616,0.75185937,0.7932022,30.646053
ac875daf2fd442598999c6d9bcd39d28.jpg,0,52.078902,27.700558,0,52.064618,27.75813,4.2434354,0.1365431,0.88772106,0.007691145,0.86688316,0.9755342,146.4117
acd471c785064fa582839da872c4fadd.jpg,5,55.888942,-5.420166,5,57.685429,-5.643552,200.22302,17.79427,0.71268743,0.0035116076,0.6917316,0.8775724,214.77444
acfcd587876c41f3a7c2b1d024bea4c3.jpg,1,53.663451,7.664009,9,53.402382,15.550994,521.7898,426.38535,0.7199565,0.028788447,0.7166372,0.7956939,1089.8939
ad61e1fa76ff48e398da828f45ae1834.jpg,8,65.212879,13.377714,8,65.212997,13.37772,0.013124115,0.013124115,0.70591694,0.09800118,0.724613,0.73898613,3400.634
ad6b86a23a59416c99ece27962549dd4.jpg,7,39.913019,15.784227,7,40.068997,9.610283,526.1484,42.755066,0.6984737,0.00053441525,0.6887051,0.8631198,901.0839
ad8a6dfe2f3e4c2d9401497e28484341.jpg,5,55.68122,-4.30114,5,55.681212,-4.30107,0.004477089,0.004477089,0.9160317,0.15978026,0.9040517,0.96395147,0.004477089
ada5e03aa03c4bbeb5990db8f4c3faf5.jpg,8,64.479814,14.169416,8,64.926022,14.208947,49.651672,10.895536,0.824407,0.004017055,0.79951465,0.92805874,80.00486
adaa6a86ec7344a28fd2f35cafd82e91.jpg,10,60.492783,17.424146,9,54.31331,22.651942,754.5688,317.3047,0.7157419,0.024994254,0.7078959,0.80705917,911.93445
adcee0b97acd477b99244fb182b133e2.jpg,11,37.232682,30.501363,11,37.228447,30.503555,0.50933236,0.50933236,0.9383402,0.19424742,0.9302691,0.9706245,0.50933236
ade316c1119e4ec59e7a44df02f8b0d3.jpg,7,41.003445,16.833794,10,57.322247,18.607789,1818.9933,373.2012,0.6406117,0.006844282,0.62197435,0.7421601,3321.3098
ae1bb27d91ac40f38e1503c65112ab10.jpg,6,65.311367,-21.743107,6,64.292675,-21.424226,114.27467,0.34792125,0.7296767,0.021756709,0.71462995,0.8550943,199.30847
ae1d385034d54842a461b8efafc89791.jpg,2,41.897388,1.320002,7,40.912462,9.37969,680.79346,20.54653,0.653181,0.0026406646,0.62483996,0.812313,673.615
aeb1549f09314de58341bf41bb9f16dd.jpg,3,60.527296,27.547288,3,60.527143,27.549274,0.10997621,0.10997621,0.759537,0.02714312,0.72673655,0.8907386,0.10997621
aec27abc623e4d95806f3036b68c3752.jpg,8,67.251469,15.429435,8,67.260499,15.433198,1.0170395,0.59764886,0.7153303,0.0071199536,0.7028759,0.84276026,958.5458
aec8a01e07bf4bc58514ecf41bc23c8f.jpg,3,67.431367,23.81852,3,66.267209,23.710344,129.53494,27.46428,0.8493115,0.023285031,0.8290725,0.94587624,377.37595
aee3ce54d15b416e8d1c6aeb39e0094f.jpg,8,68.33124,16.7333,8,68.33597,16.741079,0.61531585,0.565053,0.8047635,0.03153938,0.77406955,0.93018067,61.385998
aef4770194bc487dbbfc75784b58ab6d.jpg,1,49.269064,9.011042,2,42.422668,-8.715862,1564.5323,118.06129,0.66286045,0.025786996,0.6658284,0.7408258,247.29088
af21df7daca94ef3a42bbc7eaa75f375.jpg,4,48.218659,6.268391,6,63.839884,-22.427676,2449.6938,588.0688,0.71827745,0.01207149,0.7305782,0.78378683,2450.393
af8242d4578f4e128b1981d03521421a.jpg,2,43.188915,-6.076391,9,52.366013,16.249205,1943.5609,156.76735,0.7203912,0.0038460493,0.7090832,0.78069764,1355.4703
afab1a6dd2054f469827c6a0f139e6bc.jpg,9,50.408685,23.429446,9,50.410322,23.428899,0.18610787,0.18610787,0.7989788,0.045769155,0.7841767,0.8581872,0.18610787
afad62f8dfa04607929757626a606e66.jpg,11,40.395684,26.839398,11,40.395273,26.886917,4.024406,0.7551766,0.8483156,0.006633103,0.83522666,0.96070176,20.157768
afe7515323034c38b589c7ffa4014085.jpg,11,41.310642,42.834028,11,40.883534,43.009098,49.706448,24.012352,0.7484596,0.0050104856,0.75164497,0.7756899,74.23775
afe9a62078b34b02a3214d8dff3ce366.jpg,8,66.346094,13.480634,8,66.339523,13.411082,3.1881638,3.1881638,0.7651061,0.01600337,0.74766934,0.86874455,25.380877
b0088b5f19b240e79a01c932fd8872d0.jpg,3,62.293657,26.476005,3,62.502772,26.883848,31.339584,11.843364,0.7721425,0.012101412,0.7523328,0.8582701,153.7617
b00e81cc213a4c1380c90fa14fdda894.jpg,11,39.59408,39.868964,11,39.593058,39.871287,0.22920291,0.22920291,0.86139095,0.041383624,0.83782977,0.9556355,0.22920291
b02606bd42314275945595cc62904c64.jpg,4,48.553453,-1.79099,4,47.220166,-1.833826,148.28935,24.166214,0.7097163,0.003356576,0.6840237,0.81248665,148.28935
b03674f595a04fd48932b9e741d40af3.jpg,8,58.613764,5.688058,8,58.625675,5.746338,3.6250818,0.17579228,0.7601763,0.010780096,0.764889,0.8161348,904.81244
b03fc50ef675462c9cc24e0a1d4aa8fe.jpg,6,63.530374,-18.467368,6,63.529056,-18.468604,0.15884343,0.048606478,0.9366667,0.02424401,0.92650986,0.99049747,0.6094324
b0708d30e9df46d2bcffe717ac83a3f4.jpg,10,67.700508,20.771144,10,67.844798,20.396218,22.497303,1.7467642,0.7460511,0.0039904714,0.707168,0.90944034,1.7467642
b09c19609f254624a7f326f302fcaf19.jpg,0,52.355726,25.023144,0,52.358937,25.024378,0.36675003,0.36675003,0.82017946,0.10314244,0.8168938,0.8526975,222.70578
b0bc50e536314eb9a31aae2012b6071e.jpg,3,62.027099,24.531285,3,62.026453,24.529548,0.115618415,0.115618415,0.8933476,0.04937941,0.8766406,0.96017575,0.115618415
b0ce98920b654dfeb6ada19b74cffdc6.jpg,0,54.025024,28.292726,0,52.979181,26.881763,149.09875,8.44354,0.8708327,0.011880636,0.84914064,0.96210665,164.53108
b0fed7a35109409496a9a9c1c319edda.jpg,5,50.508885,-4.697502,5,50.530964,-4.697898,2.4552357,0.7627296,0.8185396,0.047303617,0.7906045,0.93028,2.4552357
b1389892f6a64429842ff765d77e1677.jpg,1,50.920036,7.926111,8,66.805512,15.426712,1815.1799,56.264088,0.6369367,0.025487602,0.6291981,0.67614865,1493.0181
b15adbf73a474e528bf613cc34ab3d54.jpg,6,64.934786,-13.740428,6,64.929349,-13.698526,2.0646086,2.0646086,0.84141433,0.037745416,0.81359327,0.95269847,2.0646086
b15d9145bfd0458c81f4b911025da733.jpg,9,50.627179,19.834788,0,55.226738,27.949491,745.75244,53.913208,0.6977545,0.0019488335,0.66435087,0.8313687,745.75244
b180577062ba4405ae3eb921956d4802.jpg,1,52.55149,7.847805,7,40.664551,8.32778,1322.2697,494.74542,0.7686026,0.002121091,0.7718574,0.7940726,1283.9863
b1da0471edfd40b195438ce0e0fc050c.jpg,9,52.828788,21.225611,9,52.806897,21.16421,4.7906904,4.7906904,0.8504149,0.09554058,0.8350354,0.91193277,4.7906904
b1f312cb657b41fb800825944f14f9f9.jpg,8,58.282534,6.454373,8,58.336997,6.262142,12.757902,1.3140045,0.8372736,0.0029976368,0.8048473,0.9815413,30.295021
b21efdeba37d49c2a239f9ecf27f997c.jpg,4,44.638568,-0.840848,8,69.631311,18.027557,2973.422,127.30528,0.69525886,0.030549765,0.6992975,0.7879285,2483.0742
b22456c81fe747dea97b3933b8b280a0.jpg,2,43.633118,-7.600987,2,43.628609,-7.603044,0.5280043,0.04663794,0.7523508,0.023177981,0.72113967,0.87719524,0.5280043
b25282d9a5464f99b33a197fdf660977.jpg,5,57.162041,-2.718103,5,57.172904,-2.709073,1.3249253,1.3249253,0.7819826,0.0066871047,0.7626268,0.8887508,157.50589
b258d616631d4eb38255f746355adbda.jpg,11,37.483791,30.564502,11,37.912698,30.488287,48.161438,3.3608656,0.79655206,0.028494656,0.7722071,0.893932,48.161438
b29b4e607c97487d91e718cdb773ce5e.jpg,7,43.722043,11.450498,11,40.674106,36.375058,2072.8733,9.288292,0.7005531,0.0060102344,0.7213612,0.8206081,76.98338
b2cc6a05050f4edea34c0b7a7e32aa90.jpg,5,55.688253,-5.330261,5,55.576085,-5.196192,15.046086,14.038092,0.81049013,0.09266263,0.7933695,0.87897253,15.046086
b30740a2f1464d78ab2be1872870be89.jpg,10,56.211379,13.736622,10,56.201712,13.744897,1.1905377,1.1905377,0.8548018,0.040113628,0.82861376,0.95955384,1.1905377
b3274e2930f8421a9f244465992d5dab.jpg,9,51.04334,20.41802,9,51.078533,20.378458,4.791448,4.791448,0.66713816,0.041373134,0.7021437,0.6963942,649.317
b369e265d5c74e719eabf42e4a318d66.jpg,1,53.339464,10.014342,1,51.985655,13.926189,303.6843,146.91296,0.7326111,0.0014939308,0.751103,0.74330854,388.79343
b39b40c25c9b411a988972cee7c02235.jpg,1,48.783557,9.514531,10,57.251732,17.013225,1065.4274,358.9424,0.73743135,0.05359471,0.7006313,0.88463116,1065.4274
b39c5baee13742cfb4a11ef31fdf66fb.jpg,5,54.534103,-7.65869,5,54.709994,-7.596016,19.970068,11.370559,0.76668966,0.07923323,0.74953717,0.86380947,11.370559
b3aa49c83425400b945652af54a354e2.jpg,7,41.051774,8.940136,7,40.655248,8.32896,67.7228,2.5659497,0.82599926,0.0041068792,0.8044177,0.9214131,67.346756
b3bbb03d6fab46ffb70f468c427f79fc.jpg,10,62.556967,14.456749,10,64.199549,20.790814,364.4119,18.18308,0.67333204,0.0039325356,0.6507987,0.8448719,221.8018
b3fd1fd8880d4b34bda71fee9d13a0a3.jpg,6,64.932154,-14.05935,6,65.223531,-14.349583,35.137894,0.45663384,0.81059283,0.0090966225,0.7757321,0.9536273,15.824301
b41b4b3087234b43b2c8b2204d7b8c22.jpg,5,54.364968,-1.361226,5,55.340282,-1.596644,109.49196,15.224772,0.69156116,0.024401903,0.63899624,0.9071175,185.90843
b441c8c666944978b6dfb333a75ae5d2.jpg,6,65.251402,-21.769062,6,65.290541,-21.746769,4.473901,4.473901,0.8003389,0.07726121,0.77241313,0.912042,4.473901
b4782030bb9b489fa8893240513474e7.jpg,7,40.912198,9.416038,7,41.177412,9.278804,31.656624,2.9343235,0.77474165,0.013988733,0.7457339,0.90092283,30.393793
b47bfe7743e1453c89bac8d4443c427b.jpg,8,69.276446,15.971742,8,69.27776,15.975718,0.21406052,0.08947915,0.9331411,0.018639922,0.9219905,0.9777435,0.21406052
b4aa0152f760473eac35a7d7af62e38f.jpg,1,48.632513,11.588454,2,42.827971,-2.169901,1245.0421,241.7881,0.65860724,0.014728427,0.6489483,0.69724274,1245.0421
b4ca5edc13054302abedcc1c2c2e6bca.jpg,4,48.999284,2.136712,7,44.581672,10.910893,828.29535,40.519833,0.7012128,0.021327615,0.7087409,0.7667583,462.10873
b4d83995f9e24801a8fb18abbc129f73.jpg,9,53.737002,21.607902,9,54.330621,22.66959,95.72805,11.375392,0.7848571,0.029251575,0.75855726,0.8900564,95.72805
b4e58e6d0a5a4f7fbcf9de787391ffff.jpg,10,61.440045,17.128616,3,61.389104,23.325375,329.61295,0.4983189,0.74235064,0.010662377,0.7129452,0.8908951,259.10623
b510218ef76744569f68e3d14cb926e1.jpg,4,47.245993,1.990044,2,39.134058,-0.305732,920.89343,9.816702,0.73790926,0.0017380118,0.7530338,0.8264214,346.2432
b5262413d75e407c9ee9651c418cce37.jpg,1,53.385144,9.442847,4,49.924965,4.646958,507.20966,1.6757987,0.7350037,0.005109787,0.7115248,0.82891923,507.20966
b53436edd5e54d06b1cbdd5d30142e78.jpg,8,58.424621,6.017502,8,58.424308,6.018055,0.04741338,0.04741338,0.89797866,0.021133244,0.8747221,0.9910048,0.04741338
b536feff6a454562a045219f78407b15.jpg,3,64.870536,27.679736,3,66.383732,25.871219,187.5944,3.017015,0.8486804,0.0067121387,0.82177377,0.9634853,166.83571
b549f50a168f4eb3aa8ba6d68e580674.jpg,4,44.993358,2.544055,1,53.759318,9.07934,1082.4062,553.25555,0.68769485,0.00019484758,0.6567952,0.8112935,1082.4062
b54a8ab627b74330bf7e8a8e3ad114cb.jpg,6,66.013048,-16.417667,6,65.914164,-16.396201,11.038314,10.142303,0.80232114,0.05066806,0.7723342,0.92226857,11.038314
b560644961294d0c8e2bcc640e9e5859.jpg,10,66.382257,16.968025,10,66.243222,17.219657,19.114613,1.7695119,0.77151674,0.0025026202,0.7467331,0.901243,50.904865
b5ad1f3d02434b5386e6cea10019f7db.jpg,3,63.103757,29.815951,3,60.979188,23.63445,399.2994,3.821053,0.7023126,0.01631844,0.6823026,0.8168357,481.7866
b5bb8afbe6034f1d98eba8a62bb62cc6.jpg,7,42.236429,14.475685,9,51.959381,20.573478,1174.5328,35.312057,0.6730026,0.018204391,0.69004375,0.78694016,432.88428
b5c48e895d534dfbb94825cd49d52863.jpg,9,54.075742,15.637246,1,52.905559,13.597154,187.45892,0.22802319,0.6859275,0.008008242,0.69339925,0.75865954,126.60675
b5ee14b3c17a4c96b39267972461d78d.jpg,3,62.555979,25.675531,3,63.33134,25.607443,86.285065,32.045296,0.8276902,0.0022197366,0.80615616,0.9270277,46.594543
b607128792d447bdab5d0839e1c4dbb6.jpg,5,56.218678,-5.541628,5,56.184237,-5.473365,5.700446,2.588851,0.84743834,0.004447639,0.82438564,0.939649,5.700446
b61043876f9e48909c57a480ee7e6c14.jpg,0,53.669267,31.654703,0,53.98308,30.46612,85.4558,0.5293191,0.7558285,0.004978001,0.7209365,0.9184145,85.06919
b6a7ea44af5143f3bc3cfee85d58efd2.jpg,0,52.311227,29.335801,0,51.699058,29.142993,69.337746,15.158498,0.88616157,0.00079602003,0.86665845,0.9641738,69.337746
b6b30a5b78e84ff3afbc7a0a8b7c8a12.jpg,2,28.500504,-16.197217,2,28.498568,-16.206482,0.93062216,0.93062216,0.7280439,0.024903238,0.7057927,0.81704855,0.93062216
b6be25de2f9945d6ad25f7ec0e0870f8.jpg,2,39.354319,3.132359,2,39.358262,3.131218,0.44928315,0.44928315,0.77329314,0.04652846,0.76200897,0.81843,0.44928315
b6ff936157e345ce98c6e099b90bc1f2.jpg,0,52.207007,27.865883,0,52.175239,27.881594,3.691221,0.65767425,0.9063388,0.035156965,0.88819706,0.9789059,3.691221
b703b3ab9abd4f4b9ec8a03479f1ea6e.jpg,7,44.047583,12.4139,11,38.185242,26.835566,1370.0244,54.222965,0.69334567,0.053601623,0.68608,0.75426465,383.25327
b7497eaf79614a8e982cd80201536306.jpg,7,45.525719,8.241066,0,54.511927,30.501918,1866.0159,218.20967,0.72737616,0.00028538704,0.7293968,0.7931565,1840.6025
b74df949dfc8464d92b4bd422905e8ef.jpg,11,36.674129,29.13136,5,50.424598,-4.668645,3085.8098,263.9952,0.67589897,0.033700526,0.6854636,0.7515942,1734.984
b7a65b2c6a79485fa719f156a3753be7.jpg,2,28.64289,-13.899496,2,28.985871,-13.584265,48.96656,3.4903247,0.6882839,0.006709099,0.6562971,0.8162309,48.96656
b7d6fd5bf9904999b604d82533d3dbf8.jpg,3,65.00938,28.858275,3,67.427241,24.937528,321.099,0.9214321,0.88261247,0.0037184954,0.8607372,0.98346126,0.9214321
b7e07f17c0864496a64a5f8af7af9baf.jpg,3,62.30716,27.96757,3,64.380888,29.053629,236.85887,10.89083,0.7651296,0.012913048,0.7743764,0.8528482,335.03915
b820c00ef5e548fc804b36df0334957f.jpg,4,44.919628,-0.782757,4,44.88852,-0.742298,4.703057,4.703057,0.70311344,0.012412429,0.69993675,0.81710744,1288.85
b8582680f37440b691698a44004542df.jpg,10,60.414853,14.779892,8,61.936309,13.012515,193.8878,18.573895,0.79818165,0.01520431,0.8132877,0.82174754,196.93607
b88c1d8201024156bba8bb3c49cad1fa.jpg,2,28.778991,-17.962548,4,48.772813,0.966726,2746.7896,2687.3003,0.6738168,0.00073331594,0.6864623,0.6773093,3121.8145
b89543db7f4a444584c4219f1d628191.jpg,1,51.042588,8.651111,1,49.702115,8.963045,150.68633,3.9996045,0.713711,0.0064825416,0.7206857,0.73077315,132.30823
b8987f47ad094dff8c0ad60c9668e8e1.jpg,10,64.911822,15.513048,10,63.821629,14.39159,132.68088,0.7271702,0.80414784,0.00053036213,0.7774336,0.91101676,115.784325
b8b344a9b8f54cb58289d555ca3c9817.jpg,11,38.798155,35.594043,2,28.67346,-13.907615,4655.266,10.352725,0.7118996,0.011378765,0.7196822,0.82266146,3577.0127
b8c8c49972ae4beba6cc0419a56ebb52.jpg,5,55.369446,-2.513646,5,55.188557,-2.177198,29.302435,9.182162,0.82368463,0.013472021,0.7953434,0.93704945,29.302435
b8d514cc331940a08cfef76519e80aeb.jpg,6,65.584005,-23.149637,6,65.689603,-23.192717,11.907096,1.6824498,0.9447192,0.0009518862,0.9341631,0.99441254,2.9170184
b91076bde2d34ebdae7461ea73bb6f83.jpg,5,58.497341,-4.456095,5,58.574835,-4.767275,20.01103,1.554365,0.86215305,0.017569661,0.8371058,0.96234214,20.01103
b914123b602e44b09d53668bffe72e5f.jpg,7,41.040805,14.734124,9,52.873533,15.784907,1318.1176,326.1693,0.6235421,0.0056812763,0.63478494,0.7304245,1493.8146
b93617aa28864348b68a570591a64d5c.jpg,11,40.392365,43.408347,11,40.471631,43.327216,11.173183,4.0126805,0.75896114,0.04962498,0.76590925,0.7311686,11.173183
b94712069ff94b989f38a670a53d5304.jpg,2,36.519239,-5.045007,2,36.806134,-4.124499,88.085495,30.82279,0.65473366,0.00677675,0.62225735,0.7846387,88.085495
b95d632bc79c46acb1d58930968ee6e2.jpg,10,65.301724,17.663541,3,63.778483,29.406286,585.31494,38.454895,0.734405,0.000390172,0.7122883,0.8676669,613.8901
b965c5e29c9e4fd682b47b285764a4ec.jpg,8,58.085241,7.808552,8,58.220259,7.93342,16.705555,2.953859,0.7549308,0.0042622685,0.7170513,0.91496104,288.99084
b972ccfeccb341eea12b14e35eb2af12.jpg,8,69.466425,25.477901,8,69.465926,25.47615,0.08799311,0.08799311,0.9132492,0.016622126,0.89659464,0.9798672,0.08799311
b9ac1621dad443579ba6464596ad373e.jpg,6,65.518832,-18.599921,6,65.508431,-18.609608,1.2397195,1.2397195,0.8935455,0.025961995,0.8788155,0.96783924,31.532085
b9c15299a8e440469836303fa43489f8.jpg,8,60.517393,5.212953,3,65.699168,25.161729,1149.7367,2.9924924,0.7347042,0.017095268,0.7230177,0.7998308,1103.1882
b9c46b9603cd4edd8c2ca5bf8409dd30.jpg,5,53.294328,-4.607099,5,54.902655,-6.313013,210.59361,70.295525,0.6893509,0.003938794,0.64327145,0.8838036,145.35869
b9dd266db1574c84ac58643b7349ba58.jpg,9,51.828378,19.426653,7,42.593051,12.237133,1160.3448,788.64703,0.66633475,0.049676,0.6707769,0.7487645,1086.0806
b9e53452a17f4e4080c468c544300100.jpg,7,45.411804,12.159605,7,45.401837,12.14855,1.4046711,1.4046711,0.80945736,0.12960619,0.8040141,0.83123016,1.4046711
b9e7bc55f4d048379c2ffdccaf621d9a.jpg,8,70.421992,25.157465,8,70.297101,24.175768,39.230125,8.170779,0.8141657,0.0016964078,0.78547305,0.94068086,64.950485
ba0ffc95452545a49e980e7ea9fcafca.jpg,5,51.129947,-1.156045,1,49.97477,7.704498,638.62177,66.186386,0.6598558,0.0072440505,0.6378241,0.8549509,949.15466
ba18210c629949c3ba3292f397efa8bf.jpg,7,40.840505,9.401918,7,40.60985,8.377353,90.06726,5.974528,0.81819963,0.0034365654,0.8136022,0.88202834,2028.9734
ba1f92ff871a4c6b87f8de80909216a9.jpg,0,52.926781,29.985242,0,52.986032,29.816624,13.076192,2.9186723,0.9408922,0.0068187118,0.93685186,0.966939,37.850452
ba3a376d6d4742c8af17ecd7310f8a9f.jpg,3,61.713536,29.414476,3,63.02861,29.701861,146.97836,1.7462901,0.8085637,0.00059849024,0.7864115,0.9503529,182.23306
ba3f3842065947fc845e01ff50d764be.jpg,1,52.052615,8.702091,7,43.648219,12.585211,978.0491,113.08584,0.66449875,0.022263467,0.6610662,0.8138512,448.36578
ba60762cfa7c4ab7853277140858031b.jpg,6,63.888817,-16.624079,6,65.632065,-20.295927,260.46417,1.3819056,0.8748169,0.0060144067,0.85929793,0.98067796,190.42241
ba80b796e7b84fcf9b19ca6e6249fd42.jpg,11,40.952462,27.477399,11,40.864768,26.758173,61.2224,43.626827,0.78256077,0.12829494,0.7658715,0.84931767,61.2224
ba9ea63c8d8a4c199d3a4dd84af4ef8b.jpg,8,68.401461,17.474448,8,68.661656,15.519513,84.651375,17.212101,0.8250392,0.01982534,0.7997714,0.9372857,84.17272
baa9feaa212142f09ef32dc12ac9a420.jpg,5,57.913326,-4.058455,5,58.234758,-4.480909,43.526344,0.17954195,0.79697824,0.012735903,0.7640387,0.9408566,294.25137
bacf1f20a2f64bb5bc90755749e562c7.jpg,9,53.262339,18.173125,9,54.632306,17.50353,158.50877,20.91426,0.7457978,0.016395986,0.731079,0.83278453,134.47061
bafeb197c67142539c304ec449859337.jpg,0,54.121223,26.590901,0,54.246893,26.328196,22.078861,1.5353411,0.8943479,0.008859873,0.87632036,0.9692016,46.9912
bb075d20b329471bb4e183a2ef4226f2.jpg,11,37.473438,30.56402,11,37.912698,30.488287,49.296,4.424276,0.7533148,0.025245845,0.75237656,0.85698676,2580.7375
bb088e72cece4d71b6696c9d1f9da65c.jpg,5,58.554127,-4.696808,5,58.544871,-4.673834,1.6840112,0.54683155,0.82168794,0.005797863,0.79480886,0.93707466,1.5708982
bb11441d9db741c1ae22a179f83b6fbd.jpg,0,51.930592,29.25956,0,51.666827,29.123838,30.778513,0.5807053,0.9374895,0.018431664,0.9291464,0.97478914,20.744915
bb2252f5b3874160bb53d4b534e32194.jpg,6,64.058995,-21.530906,6,63.842171,-21.51297,24.125664,1.4152166,0.81096065,0.004903853,0.7773689,0.95284843,36.600403
bb5a7dcfb33e4d1b8bbc1d0bf699fa1c.jpg,1,48.349236,8.777997,9,52.404748,20.329306,933.5347,87.67454,0.70605415,0.018494487,0.68174183,0.8033034,933.5347
bb61b916b9fc4add81db514d490420ac.jpg,11,37.898967,39.839328,11,37.78384,39.490982,33.15967,33.15967,0.8605947,0.01652354,0.83699954,0.9549751,33.15967
bb6f2a78ac6c4015ac4328dbc85799eb.jpg,2,29.003776,-13.7654,7,45.763535,9.25114,2739.7598,1234.8811,0.61868966,0.029101908,0.59661347,0.8253063,3098.5059
bb9571c6312648f6b124546f34042369.jpg,8,66.690785,15.429968,8,66.689591,15.426246,0.21082519,0.21082519,0.9072346,0.0867309,0.8911741,0.97236013,51.67627
bb9a5b4323ac4a1eb8c56fdfc25ec5eb.jpg,10,64.530242,20.836752,10,64.496185,20.67606,8.570737,1.909885,0.87902534,0.0376603,0.86352813,0.94101405,8.570737
bba3567e552e437597885cfa24bcf112.jpg,7,39.216198,16.06249,7,39.243458,16.062756,3.0312645,1.6748859,0.74020106,0.02142948,0.70858157,0.8776441,2.1471226
bbb30f9400024b4585a77b352a05fc65.jpg,2,43.353219,-5.478176,4,47.228351,2.482549,756.67847,259.35092,0.68058544,0.013580799,0.65637004,0.83837175,674.4044
bbb65dec6dfc4a28879e90e76fad07da.jpg,2,36.480552,-5.038261,7,37.045877,14.385193,1728.3802,31.473322,0.7120541,0.0012375712,0.6752215,0.86144364,1752.0161
bbdc92976d7b49ff942e2a42d278ee44.jpg,3,61.414292,26.3755,3,62.301981,26.998262,103.96879,50.462715,0.78318256,0.012233138,0.7774166,0.88278556,436.47885
bbde42aa3251468d979b638a1866ca30.jpg,9,54.146887,22.931552,9,54.163186,22.93154,1.8123688,1.8123688,0.66957486,0.020949244,0.66422415,0.69579196,1.9827414
bbf4078296c04376ad16295f603ffa6f.jpg,2,38.311814,-0.516901,11,40.148921,25.929809,2278.625,1.0291438,0.6554399,0.0048056245,0.6459857,0.8482103,1388.2117
bc55b69e81fe436d98a0d29f25cd688c.jpg,1,51.032173,8.668183,9,50.533499,23.761766,1060.7307,282.13528,0.70470655,0.006835699,0.6933346,0.8266473,965.5416
bc581ce6f5f145a89a8bbd6eb5d64d71.jpg,10,61.362866,13.531905,10,61.361226,13.53489,0.24199446,0.24199446,0.93068755,0.022944212,0.918917,0.97776973,0.24199446
bc5e62f2e5f74a929ce6bebee31de457.jpg,10,66.686073,19.830746,10,66.716755,19.83423,3.4151266,0.18702336,0.937754,0.04669988,0.9280169,0.97670233,3.4151266
bc6905b188134246afce7fbd0259332e.jpg,7,38.907204,16.329004,7,38.910003,16.43089,8.821313,8.821313,0.66979223,0.021234691,0.6650961,0.69829077,1870.5007
bc72941f14fb40adb91d7412ab7ba39e.jpg,4,44.14806,-0.986995,4,44.175908,-1.112129,10.451012,2.0838115,0.86914617,0.09315699,0.84627765,0.96062005,10.451012
bc876a8de7a6492f9340a97c24f37412.jpg,4,47.774509,-1.35045,0,53.088784,29.240259,2226.9663,255.5795,0.63244265,0.009522438,0.6388936,0.7709371,2785.037
bc9154f88eab4159b53c864e41885481.jpg,11,40.012733,41.980479,11,40.005743,42.21293,19.81283,19.618328,0.83676213,0.011997163,0.80912375,0.9473157,19.81283
bc931e20dc894109b4d11da2732663a9.jpg,7,37.906705,14.963405,7,38.111306,14.97837,22.788372,14.842705,0.7394693,0.01848036,0.7490889,0.7554898,1414.4045
bc9bc8de69cd4db2a47b246a9745d03d.jpg,6,64.617349,-21.77484,6,64.609046,-21.719617,2.7898078,1.3512199,0.91004634,0.07146144,0.89379823,0.9750385,2.7898078
bca547e2ff9344ac9d8379511d23d3ce.jpg,2,39.795769,3.071751,8,62.235066,11.772583,2563.0166,2.6005428,0.6858443,0.006838739,0.6753139,0.7279657,2563.0166
bcd00511789d4fe3ae21ec589175d11b.jpg,6,65.534,-19.895781,6,65.541558,-19.914065,1.1895672,1.1895672,0.88505995,0.0043959618,0.8623774,0.9757899,1.1895672
bcdc5580f1614b94b4de0fcbafc4fbdb.jpg,3,64.599409,29.686101,3,64.59372,29.681802,0.6649976,0.6649976,0.8079596,0.014012158,0.7820587,0.93416125,8.677805
bd0f52a5e285432a936bd92aead5d185.jpg,11,37.521559,36.997576,11,37.506547,37.00308,1.738418,1.738418,0.6917547,0.019052923,0.6564818,0.832846,1.738418
bd15b78817ff4024b113088fe7e54ad2.jpg,2,37.845897,-0.788254,7,38.74428,16.481695,1508.1993,673.8292,0.7607019,0.03993237,0.7657232,0.8447863,1423.7517
bd328c8874fa403baf2594b3ab6a896b.jpg,7,41.131092,14.195698,7,40.912551,14.544998,38.068577,24.191692,0.69627345,0.0015928149,0.6708473,0.79797804,38.068577
bd472654755d468a988c571d8d0a8c5f.jpg,11,37.207007,33.067103,11,37.088518,33.255519,21.271267,21.271267,0.7606537,0.02452463,0.74057275,0.89305085,82.28891
bd662ec478234b14adb1369aec93b9ba.jpg,0,53.044577,29.567911,0,53.021574,29.710862,9.895093,7.143677,0.9679123,0.017593741,0.9671848,0.9719788,17.865929
bd8035051ca344b589305680c266e6a0.jpg,7,42.282346,12.522205,7,42.698332,13.117884,67.26887,55.912075,0.68333596,0.02695471,0.69583344,0.6768787,1785.234
bd8150879a9c4ce4967e2ef8d16a4ec5.jpg,0,52.016769,29.288228,0,52.831895,29.388148,90.890854,10.359596,0.87746817,0.021262288,0.8622947,0.9384004,36.433544
bdb886fab9bd4904a14ea5ae830f830a.jpg,4,47.413781,0.438106,5,50.141467,-5.395962,523.91565,94.25585,0.63264024,0.05306405,0.634666,0.6779882,734.6244
bdcc755616ef405a8782ef680ae44df0.jpg,8,65.833744,15.022905,10,65.31097,16.196515,79.31682,9.518723,0.80925035,0.02207905,0.7931702,0.8948331,152.04408
bdd85b3d0f7d4bf8989a8d515cca7915.jpg,2,29.001911,-13.549113,11,38.73891,35.35651,4587.115,0.23533975,0.70991385,0.025568843,0.6903871,0.78802073,4587.115
bde6bbbad25b418989de964557c97914.jpg,5,50.28046,-4.990212,5,50.227643,-5.078651,8.603902,0.09128751,0.7806483,0.030251682,0.7467078,0.91641,8.603902
bdeafc4686374642b577babe00f947e8.jpg,8,59.148515,6.204145,8,58.086695,7.295165,133.90402,6.457923,0.69790924,0.008587956,0.6715159,0.8215784,1049.6168
be0982f4653344c7b2f8f33ff8c00c9b.jpg,0,54.597116,27.896206,0,54.632202,27.931331,4.50956,0.2800021,0.8360647,0.007788837,0.8147653,0.935397,1.1878471
be79959af52f4bd0ba23a9d8a6b5aa09.jpg,8,63.17954,8.668043,8,63.331146,9.916129,64.68758,2.5749578,0.6697846,0.0045588017,0.6296462,0.83033824,64.68758
beb9def5756647d4b373f4272913c37f.jpg,6,65.813487,-19.328868,6,65.807262,-19.323321,0.7368872,0.7368872,0.9109825,0.03007245,0.89798534,0.97553694,14.180514
bef2c08b68874a95935eaec815355f84.jpg,9,49.982188,20.912998,11,37.533725,36.917944,1881.14,62.56381,0.7364078,0.043113887,0.73034483,0.78943646,1380.8011
bf28cc7e2c5044a9ad3f23bb82492390.jpg,3,61.6769,26.988157,3,61.625174,28.221773,65.38729,2.5929177,0.7211664,0.019807398,0.71116817,0.8378912,42.990715
bf44012d64d54958a59928c7be9fe011.jpg,6,63.843061,-22.405268,6,63.843292,-22.407004,0.08888755,0.08888755,0.89651996,0.0050024986,0.87694085,0.9786718,0.1334892
bf76c303bf504d149d83a2a9a4e76ee0.jpg,6,63.437073,-18.770742,6,63.435155,-18.770042,0.21609403,0.21609403,0.8530968,0.024260104,0.8257157,0.9815335,17.743692
bf987cdcb08448a1a23b675de6ab3981.jpg,9,50.679042,18.650596,9,50.726613,18.631957,5.450096,0.5179854,0.81193453,0.038031697,0.8126463,0.8330469,12.77471
bfacdd87c44e43da8e8d3a101e94452e.jpg,7,37.75543,15.130626,7,37.631142,15.143033,13.863263,1.7086519,0.775615,0.0065148473,0.74897504,0.92655003,552.27734
bfb1491be3d8459ab638bc6df3d7e280.jpg,11,41.917706,34.582727,11,39.869188,37.76076,351.0165,22.094116,0.68087316,0.017629802,0.645712,0.857046,289.17032
bfe64f355c5f499aaf088a6f2084f97f.jpg,9,51.462011,14.939367,3,61.728771,29.699428,1448.9113,108.71528,0.65780044,0.0009736419,0.6539795,0.8156067,595.59283
c002293daea64dd286c709983a3fa745.jpg,1,47.839285,10.278374,1,47.830898,10.29488,1.545198,0.545667,0.79614747,0.038679123,0.7681496,0.9081386,1.545198
c010a9559bae481485f85986a4d42351.jpg,1,53.924532,11.486047,1,51.59881,13.039168,278.90915,17.794247,0.6811959,0.0118050575,0.6516974,0.79918975,278.90915
c01888e40f2c47f09c76bc7ebc4c6687.jpg,11,38.468944,42.465505,11,38.469104,42.471028,0.48115912,0.48115912,0.8540778,0.105467975,0.83954304,0.912217,0.48115912
c0215e96cc6f49b99240117b4fb9a992.jpg,2,38.781029,-0.440526,7,40.546533,16.485082,1459.7327,435.82306,0.69216985,0.018600166,0.6690837,0.8259591,1280.6147
c023291da9d044a796f377edd822c1fa.jpg,7,40.606045,17.300756,4,44.751957,4.868869,1114.3838,5.950528,0.6925298,0.026415288,0.69607437,0.77707654,1925.2854
c02436a2a37b40ae8b0bb89c3beaf836.jpg,8,65.213835,13.378222,8,64.752732,12.860303,56.761925,0.09607517,0.8142229,0.00772804,0.78123033,0.946193,56.761925
c05644dbf52e4c4da0fb82207a4b4b76.jpg,6,64.988235,-22.655239,6,65.029038,-22.236636,20.18165,3.5609503,0.84903854,0.023943126,0.8299503,0.9521817,357.4378
c06ae66a655c41aa960d916507b21590.jpg,4,45.007202,1.533217,2,39.758108,3.061792,596.99115,48.261734,0.6284266,0.008881569,0.600659,0.77616537,1030.6528
c08a3837c090473ea355005cc1f225ec.jpg,7,37.808312,12.444685,3,65.008989,25.585496,3144.223,67.88559,0.6527152,0.014474452,0.613224,0.8106801,3144.223
c0afda8114094f58b0db52fdd5c6207f.jpg,4,49.645013,0.294231,0,54.628375,29.088931,2025.7899,7.596576,0.73794127,0.0072836876,0.70342296,0.90860784,2024.0896
c0b9d2d017d743d08a134d4c6e8e4b12.jpg,4,45.358459,0.098982,4,45.552667,0.175833,22.411482,22.411482,0.754804,0.00057280064,0.76427877,0.79489994,2423.0237
c0c49d15801840bf98373fad1fd80c02.jpg,6,66.565946,-18.020466,6,66.565602,-18.019812,0.047953952,0.047953952,0.739701,0.050260365,0.7436093,0.79933274,4881.996
c0c77ed313024921ae360658bf47bf9c.jpg,9,51.613886,17.733664,9,51.593643,17.674859,4.64331,2.6136982,0.76958525,0.041353166,0.7653796,0.7915333,500.61877
c0d693614952436ea74d3c2b26e91f95.jpg,4,46.312042,4.961355,4,47.55493,3.407495,181.70657,11.86114,0.79380983,0.032954335,0.7714985,0.8866331,288.44138
c0dda294a8364d6d886087b852cef6c9.jpg,0,52.213974,31.486914,0,52.215032,31.517818,2.108774,0.21201731,0.8750733,0.0014794469,0.85360944,0.96496737,1.6746122
c0fb71a5df894890bcc03052b6f3ec96.jpg,2,43.13162,-6.073977,4,48.632429,-4.517262,623.3817,62.57955,0.6396017,0.002508819,0.6545962,0.6889381,76.7635
c1064cd9e3aa4000ae37156bf648e738.jpg,3,61.814422,24.460896,3,61.832782,24.481911,2.320639,1.5561953,0.7795129,0.032015145,0.76596475,0.84404814,539.92194
c1290e401e984551a4bc064b0817a93f.jpg,9,53.363876,16.263603,9,53.297362,15.434612,55.543705,12.236863,0.77557474,0.088643014,0.7807559,0.75485027,55.543705
c16183b47e204476aa75430f950d4525.jpg,11,38.424483,42.126262,11,40.929574,40.071086,329.411,0.38038895,0.61481416,0.0039016008,0.60261357,0.76338685,844.41266
c16dc873635742ec8540906652976958.jpg,4,48.616235,-1.364078,3,60.512926,23.312515,2047.4431,198.33414,0.6185161,0.023206115,0.62742233,0.71255285,1329.6747
c17be10f2cc2446186e48b8b8fedd771.jpg,1,53.254191,7.795426,1,53.192195,7.7251,8.33315,0.15221699,0.7785701,0.05128956,0.77127194,0.8162325,153.10965
c193f5b488004bf894f1bffb516688f4.jpg,2,28.713276,-17.749737,5,56.269644,-3.318502,3269.4458,1977.1892,0.69032335,0.018973053,0.6733452,0.8124948,3234.305
c1b0b7b1e1cc427f9cfe8786fe8780cd.jpg,0,54.429813,25.985527,0,54.266668,26.305497,27.552414,4.529379,0.80639774,0.061059892,0.7804661,0.91012406,27.552414
c1ce4e9a080d48ed8317b08151e5cf3b.jpg,3,67.326915,24.907221,3,67.336016,24.906071,1.0131857,0.1954225,0.94561636,0.011765838,0.9352695,0.9870036,1.0131857
c1f84afa05d24d8e96f4d0bc2e4281a2.jpg,3,61.91961,28.575552,8,59.475373,6.293143,1236.0942,24.3462,0.73716277,0.003979206,0.7137035,0.8465051,537.7522
c21de4cfc10248b1bc3f860dee8a8dbf.jpg,3,60.746034,26.129088,3,62.485458,29.946798,279.44193,37.214222,0.6963502,0.0056226254,0.65513575,0.8612082,279.44193
c225e45622f24723bcee0c8f227a3c15.jpg,11,40.990886,39.798832,11,40.990047,39.802249,0.30158833,0.102656856,0.8366932,0.07957679,0.83223605,0.8545219,0.30158833
c23e6b05dc474cebb4b21294bf7d8bdb.jpg,4,43.758281,-1.394736,1,51.038639,10.443183,1201.192,1.290369,0.67566425,0.0082476735,0.6866795,0.77202463,1330.6073
c24594ee96174debbd764bf65e02059d.jpg,8,58.330126,6.265267,8,58.324959,6.286022,1.3410753,0.62906903,0.8059611,0.004856169,0.78492385,0.97177786,18.180422
c2645711c5804e7e8693125703eef092.jpg,7,44.219594,9.731962,2,42.771091,-7.574953,1402.6652,24.323065,0.68042123,0.011402786,0.67295396,0.7556952,186.18736
c274370f183c4540aecdb6aa30bb3385.jpg,5,57.985951,-4.483702,5,57.996643,-4.448606,2.385839,2.385839,0.733921,0.0117256045,0.7147927,0.826639,59.056606
c279b3619ce34b5b8c699e68d7c79ee6.jpg,9,50.120978,20.399961,1,53.369239,8.470098,895.82776,7.1363993,0.76644516,0.010812819,0.75976825,0.87909645,756.7406
c29b2ce01d484ffbb03ef1227ca6e42e.jpg,11,41.285975,33.78047,3,61.549304,24.068956,2345.7341,40.747986,0.7231775,0.012959003,0.70762116,0.82223713,2727.239
c2a8eafce592417d9f2f598d1c266bb9.jpg,10,62.618604,15.658652,10,62.617578,15.661317,0.17773761,0.17773761,0.9141779,0.030844867,0.9007239,0.9679941,0.17773761
c2ada03e95e24889b2fe5e5ea9e0694c.jpg,6,64.607301,-14.40961,6,64.626301,-21.467498,336.2544,2.6920624,0.87270814,0.0022177696,0.8460182,0.9805255,301.6548
c2c8cc65e88b424cbdc5c5267cb60cfc.jpg,9,54.769101,18.337994,0,55.453307,28.6804,661.5573,3.4105532,0.6954222,0.017756402,0.68871295,0.7904617,3.4105532
c2d6d69addb74e698380d8852d800199.jpg,7,40.599087,16.174433,7,40.59346,16.157511,1.5597568,1.5597568,0.8538187,0.09408909,0.8300555,0.94887155,1.5597568
c2e2fb53eb2441858d6cdf18d8562bee.jpg,4,47.679242,2.739832,4,47.842127,2.686006,18.55351,18.55351,0.7575268,0.03929776,0.76917684,0.7920821,342.46933
c2ef1316d5c345d489b6751d5177ceb2.jpg,11,40.362512,29.047688,7,40.825782,9.322049,1662.8062,20.14296,0.7457612,0.01711142,0.71656114,0.8968357,271.78998
c2fcc26361144948b6b1f06f96285a75.jpg,4,46.008803,6.001821,1,49.306413,11.120816,530.2865,3.9050434,0.67346233,0.017760217,0.6528476,0.7799343,1102.347
c30a4950b3e54d22a323ff87874bb824.jpg,3,66.138562,28.489213,3,66.191625,28.611127,8.051318,0.5634195,0.8267443,0.0016768575,0.7994872,0.9357731,8.051318
c31d6f9393914f9288d5823382700f09.jpg,3,64.558399,25.681527,3,64.048022,25.791236,56.99737,3.7200391,0.9400604,0.0035000443,0.9345179,0.9885256,3.7200391
c32e133c77a646648dd7ebf61d5b8fc5.jpg,7,39.08097,8.415868,7,39.090338,8.387709,2.6442318,2.477851,0.8532076,0.013098955,0.82840985,0.9523986,2.6442318
c365a47d03bc479fb514c08ee0ae6920.jpg,0,54.885285,26.889033,2,43.728035,-7.716684,2760.9421,156.65302,0.66530436,0.009900749,0.67475766,0.766009,2289.383
c37b5ea64af04b4ebd6838cce9d52c87.jpg,0,54.335391,28.57044,7,40.66102,8.32831,2135.6655,1428.7808,0.7269411,0.0041263103,0.73187685,0.78849864,2073.7114
c38866c3e0104f9e98cee2cc139027b6.jpg,10,59.938709,13.55337,2,40.330093,-3.448117,2477.8286,163.34537,0.560108,0.009235799,0.5407019,0.7051059,2400.4253
c3957269d1ec49ba8becd42904758250.jpg,5,55.791351,-3.292422,5,56.588056,-6.177545,199.26555,4.9174566,0.721824,0.014302313,0.71239245,0.77802783,31.975557
c3b3f364a2594a02b99014745660189e.jpg,5,56.569212,-3.311706,5,56.184237,-5.473365,139.80522,7.656258,0.7700373,0.008453846,0.7421677,0.89026415,160.7248
c3f5065e1ece4416b0e6fbd5e7b052c0.jpg,9,52.44037,22.918828,9,52.513536,21.678572,84.390526,19.070024,0.78367496,0.014966011,0.80677587,0.83044004,262.6914
c4144c118e084bd9a14c5dd7e8589394.jpg,3,65.395837,27.157416,3,65.393088,27.180634,1.1175668,1.1175668,0.9440938,0.056316376,0.93278164,0.98934245,1.1175668
c43cb25ff0c242fa9b7a880a16a3f760.jpg,5,53.574519,-1.650933,5,53.649641,-1.597352,9.07022,9.07022,0.6801538,0.0115786195,0.6534097,0.81006527,63.30273
c43f516640dd4096ac547daa2fc48ef3.jpg,7,38.095805,13.19241,7,38.095673,13.193202,0.07084378,0.07084378,0.86813974,0.17530811,0.8602563,0.89967334,0.07084378
c480f7afd29a48598c9b4c4d18904bac.jpg,10,61.75767,16.866385,10,61.760309,16.928792,3.2966583,3.2966583,0.7324545,0.03480196,0.7317067,0.8122251,501.1063
c483ab8236984984b7ac60d5f9b86d3c.jpg,6,65.559466,-15.373686,6,65.568282,-15.35923,1.184548,1.184548,0.82967436,0.032618284,0.8071863,0.91962665,1.184548
c4914ec607814d37973ebdc9e45bf96c.jpg,7,40.665576,17.485722,7,40.662733,17.496178,0.9368701,0.9368701,0.80888647,0.11622298,0.7806462,0.92184746,0.9368701
c4966afb7679489597a3b58a7ce5b6ce.jpg,2,39.564654,-3.684938,2,39.026099,-3.374009,65.59008,14.289349,0.82531947,0.0519827,0.827861,0.8444735,327.98486
c4a298f7bb7649638c977cb121d2cc56.jpg,10,62.069346,15.837376,0,53.917087,25.845466,1078.8405,42.360157,0.64062214,0.021672368,0.6378594,0.7264614,919.2766
c4a7878c1474484b880c22e3da54657d.jpg,5,51.942482,-5.096291,5,56.221671,-2.91415,496.59363,8.754441,0.7591669,0.006865442,0.7321507,0.8789854,287.8597
c4cb71fb92764073be2433274d6634bd.jpg,9,52.492906,23.117211,0,52.446246,24.283131,79.14659,33.56369,0.8411037,0.11048043,0.8476961,0.8262403,375.8328
c4d84d2520714c3fa5669617b24b0559.jpg,4,41.634377,9.231767,7,40.930937,9.36785,79.04123,1.9865028,0.81207573,0.029500842,0.780504,0.93836284,79.04123
c4d985a9b35345e08bee4403b60692f4.jpg,5,51.331009,0.027118,9,52.010138,15.211582,1047.9377,124.61672,0.6403853,0.0071801543,0.6515665,0.72273135,2931.7473
c4d989f7f6c948ca9d782d43e60529a4.jpg,2,39.44487,-0.402713,0,52.928469,30.028694,2749.6018,5.5569096,0.8081603,0.046498716,0.7896097,0.8823626,2749.6018
c4ead54185d14471bb5486850d9f50e8.jpg,10,56.809463,13.356455,10,56.808036,14.415889,64.489555,10.041863,0.7356911,0.013965726,0.7255436,0.7935561,412.4315
c5371eee8d4b4277b398bb9d3b1e448f.jpg,10,64.951986,17.755101,10,66.473153,20.319885,205.80551,19.325571,0.79970455,0.016013026,0.77982014,0.927036,91.57827
c5756a5a50b14357b28b0599bb276fc3.jpg,3,61.266256,24.087743,3,62.172736,29.957261,325.10242,34.816547,0.8228768,0.0084142685,0.79339033,0.9484036,343.368
c57c35d067f648789e6a6e375612db63.jpg,11,39.55974,44.064522,11,39.562467,44.063764,0.31011316,0.053936023,0.9442695,0.003807187,0.9341211,0.99006045,0.053936023
c58dbd005d164fb5857a6e08dc7d4ef0.jpg,4,45.769138,5.911194,4,45.363684,6.519744,65.39696,14.092855,0.60600305,0.008929372,0.5573726,0.8005246,65.39696
c5945afb8f214f55b39848350c77f58a.jpg,7,36.921314,14.439324,7,37.270902,14.949212,59.633575,0.9065248,0.73630553,0.002028048,0.69597673,0.9020847,14.6615925
c5d66a467f7b41e29670dc0cbada33b0.jpg,4,46.853475,4.639222,1,53.782348,9.30698,838.2637,62.924114,0.74481195,0.016463757,0.7116253,0.8775586,838.2637
c5d7c3b50db14f7db46759ad35c6400d.jpg,3,61.8653,27.776802,8,60.165344,9.711928,988.154,35.518322,0.6847326,0.03774357,0.6821362,0.78803605,571.5221
c5d8f69d4c434a20a34355f0d7d2157d.jpg,6,65.300048,-15.286266,6,65.362214,-14.866272,20.681253,12.041265,0.90409476,0.004132688,0.88652426,0.9743768,20.681253
c5f672da62a44c0d82399430d99da01e.jpg,1,52.967924,12.439271,1,52.370253,11.774952,80.14476,13.39254,0.70230156,0.024166942,0.707643,0.7633203,439.09146
c63f424278da40ceaa136f5991e24923.jpg,6,65.575295,-19.343319,6,65.576362,-19.344951,0.1403818,0.1403818,0.9218161,0.019549847,0.90713084,0.9805572,0.1403818
c65415c2ea4a4b4d825a8a1832162bc9.jpg,9,53.681477,14.631165,9,53.797447,14.643786,12.92198,12.92198,0.7716615,0.0914374,0.7440177,0.8822365,12.92198
c6546f6b76a6425ca9b37ae5c0f6c603.jpg,7,41.754373,12.913302,3,62.542048,25.89788,2464.5476,133.10379,0.6243754,0.0006027818,0.60765606,0.7432213,3047.5261
c6666f8af6fc4494ac76a4f1151ba4c0.jpg,1,50.824073,11.423585,1,48.119155,12.329083,307.80118,97.50854,0.6955409,0.026085258,0.6834987,0.766303,781.5626
c6765193c03b47caa7e9cdcd1fbbed79.jpg,0,55.61922,28.264955,0,55.607787,28.311598,3.1931589,0.4154529,0.89396656,0.041725278,0.87936056,0.9600558,25.519772
c679384554594fddaa0fb43f82a2aa6a.jpg,9,49.683824,18.974864,7,43.183755,13.394224,839.27594,70.56894,0.696638,0.02036947,0.6876596,0.77398175,1615.2855
c681e2b5ce46438ab03fa022d99d4842.jpg,4,47.936168,-3.478184,5,50.095049,-5.559013,283.97253,34.44133,0.66540897,0.004411578,0.6573065,0.7259122,332.16238
c6896bcf462f4e24a657fffe4458c4ff.jpg,4,43.31846,6.354939,8,68.470124,15.177412,2843.7275,457.66452,0.6250466,0.02312094,0.6158112,0.7367112,2248.3564
c6a40eed2fd643248c321fd923694a6d.jpg,1,52.668866,14.44616,9,53.577163,19.022798,321.5893,6.65742,0.71700215,0.031507492,0.73365366,0.84383285,90.82716
c6bdf7b7903e40ccbcfcaaf1eef68ede.jpg,0,51.638658,29.095422,0,51.654212,29.115745,2.2265577,0.33385116,0.88016486,0.002565086,0.8634982,0.9796169,2.1210248
c6e9bcb94a1243e6884d1a193d18b0f7.jpg,9,51.284343,22.524664,9,51.383318,22.457828,11.944945,11.944945,0.66800934,0.030460656,0.68279034,0.77553415,473.79944
c6f1b725e00c42f9b1a79bf8b33b1015.jpg,10,57.552011,11.966775,9,51.349824,22.590907,971.23914,284.95773,0.6957646,0.0037664175,0.6749739,0.81867146,964.2597
c703357b7964466ab7e6ac0c404656ad.jpg,8,62.543455,6.124644,8,62.539636,6.126605,0.43639484,0.43639484,0.6930975,0.022140205,0.6914405,0.70923996,1238.2579
c731d8a2c1944e05b8243bae7590d3b7.jpg,2,41.94892,3.106373,0,53.032695,25.655488,2080.4468,0.049963012,0.72862166,0.006403744,0.7354493,0.7836612,1402.4513
c73822d5c7c747cc906ba303188fbb82.jpg,3,66.690956,25.411277,3,64.815853,27.812411,235.5352,4.3517203,0.7629988,0.004694462,0.7233004,0.9348588,198.74776
c73d1489c45c45c3919b933b136f3370.jpg,9,50.370395,19.72776,9,52.513536,21.678572,273.9673,38.314632,0.71138924,0.006483674,0.6759857,0.85300326,273.9673
c73e87a9f6b3457b9d3c19e886bd9ea2.jpg,1,49.724888,8.030464,4,47.033685,5.825506,340.65222,74.39136,0.7177901,0.021107972,0.71074265,0.76620746,731.13165
c7588eea1d86408da77804be95032651.jpg,11,40.854263,38.866651,11,40.9274,38.856106,8.180638,8.180638,0.7585377,0.06489307,0.7283056,0.8794662,8.180638
c780829d8d154297a0db5573f5dfdab5.jpg,6,65.047983,-22.761526,6,65.0365,-22.753404,1.3325057,0.32379383,0.8452468,0.046869576,0.8258451,0.92285335,1.3325057
c7a00cf6acf543b9b0949e89758efbc4.jpg,6,63.943358,-18.652809,6,63.979769,-18.779054,7.373285,0.31694052,0.80933654,0.015704036,0.7815707,0.9265201,7.6247115
c7bfe55de38a47f1b5094e8090a765d3.jpg,10,61.715459,15.701026,10,59.568743,17.637801,260.98474,0.70392865,0.7396438,0.009654164,0.7279458,0.87735915,679.65436
c7c0003f13ff44e689c57f3a314d6d11.jpg,1,51.5737,12.42988,1,52.475422,13.828399,138.59392,39.24576,0.66272396,0.0062658787,0.668089,0.7655864,360.3536
c7ddf4ae47be4a038f11aca2c55fa417.jpg,0,54.75235,25.93075,0,53.721031,32.014413,411.50052,2.0827935,0.77257556,0.0046802163,0.7616367,0.8974268,125.39969
c7fb76e947a74568853153ffdc4f1034.jpg,6,65.028916,-14.264416,6,65.0262,-14.256776,0.4688733,0.4688733,0.876619,0.06898451,0.8576933,0.95433563,30.426758
c804ae929c204fc68669136bf3af4e99.jpg,10,66.678486,19.831315,10,66.716755,19.83423,4.257256,0.6574634,0.91196597,0.022458315,0.89800817,0.9677969,4.257256
c83de7581f8649f7bce3a88030556740.jpg,7,45.861445,13.532614,9,52.695279,21.122538,937.28735,178.35028,0.6718217,0.02154243,0.6579265,0.77192247,1379.2402
c884c1f15ec841a8bb4041d71de23c86.jpg,10,60.557113,16.034246,3,62.631924,21.53094,370.9598,49.68872,0.58017826,0.00020766258,0.5847108,0.65702665,374.79733
c89675b3ee114f8e92e298de61e77f0d.jpg,1,47.836155,12.336856,9,53.172059,14.614218,614.7138,413.2429,0.7435148,0.009059727,0.7374579,0.8643603,797.9378
c8a0e1b38d4d4df5807bd7995091fa37.jpg,5,58.557815,-4.70673,5,58.556486,-4.706181,0.15117039,0.15117039,0.7728348,0.0050908923,0.77605414,0.81293887,0.22193073
c8b9bb093afb480e8ad7fcde2fb3d044.jpg,8,62.247509,11.760032,8,62.229945,11.777898,2.1611533,0.95151216,0.8296097,0.021246314,0.8143824,0.890519,2.1611533
c8beb4643028447090006cfe8f8db2ef.jpg,2,28.049279,-14.345004,2,28.049872,-14.330039,1.4700582,0.9402129,0.73625743,0.0067932606,0.71845555,0.819214,1.3044279
c8d64dd3be644a5f8da44aff52c2e12e.jpg,2,36.849494,-2.621772,2,36.859071,-2.635936,1.6499174,0.2900892,0.84147257,0.038398445,0.82978857,0.90071714,0.2900892
c907c80e603c49feaf4fa0f9ddcab2e9.jpg,1,52.21886,7.087109,5,50.789009,-2.739889,697.9106,70.541695,0.6873162,0.010472178,0.67900014,0.84565663,1130.8904
c91dbc8fa2434037adb243b9477f4a77.jpg,9,54.209287,15.927798,4,46.809702,-1.337613,1466.1802,52.538326,0.6812304,0.002522707,0.6528269,0.7948443,1466.1802
c92cbb469b7344369d7acda8fb9271ed.jpg,2,41.172185,0.928257,7,38.111306,14.97837,1248.6617,281.26926,0.7205133,0.035464406,0.7083479,0.8340928,3155.3013
c93472d8977c4bc5bd87b49732293c16.jpg,4,45.793745,3.300974,4,45.807773,3.319766,2.1343074,2.1343074,0.67931503,0.008419156,0.6711329,0.7120433,2.1343074
c93632b57ff14db5a64b2f959b10f8e2.jpg,1,49.400693,10.071153,1,53.782348,9.30698,490.062,19.10734,0.7299312,0.0094307065,0.7285105,0.7662555,420.7206
c937058a4e8c402fb0b4313cf15ec6f1.jpg,1,53.551028,10.468131,1,47.930142,8.378795,641.9988,26.796446,0.61563426,0.00029575825,0.6288943,0.70072,737.83356
c93f8a2b7a32462ea36b514fd2604a9f.jpg,10,64.425723,15.137022,10,63.627392,14.751056,90.73811,1.2614057,0.70213795,0.023444057,0.6704998,0.84496444,54.187996
c93fd583252a40028b87d403a5a8fb64.jpg,3,62.262973,24.653811,3,61.802653,24.444865,52.3321,5.3131785,0.883847,0.022183895,0.8640694,0.9800642,199.40181
c984731a42b142a1acc5a2fbfe0d6c3d.jpg,10,66.201122,19.953642,10,66.330461,19.824736,15.495864,2.4054296,0.8740767,0.005942285,0.8510536,0.96616936,15.495864
c9974fdc2f5b4ee5bd7638128b6f9f32.jpg,5,58.495459,-6.234026,5,58.507605,-6.259072,1.9852817,0.4249541,0.8124515,0.021562457,0.79469705,0.9210509,1.9277707
c9dacc394a4b4e0bb094375abc4f2dc1.jpg,8,62.839373,7.233919,8,62.94322,7.20125,11.665318,5.160014,0.78261095,0.054736316,0.74851,0.9190147,11.665318
ca0a368b65194080bb8af327f9ff2a0a.jpg,10,57.077371,12.379498,4,45.037538,-0.546996,1609.2175,7.877085,0.6094977,0.0069172382,0.60767806,0.73031473,1871.8485
ca7997cad3dc444b857e530efb5965f4.jpg,9,52.903416,19.472434,9,52.205789,23.17661,262.13287,23.676115,0.6990442,0.0057382584,0.71904796,0.8225192,452.63242
ca90044ef2464edbbbb06cacd0aaed75.jpg,5,50.181113,-5.59602,5,50.199016,-5.525764,5.383265,4.8312,0.7311581,0.015694857,0.7388949,0.81404376,2926.9636
ca92d015467046afaf7c03e006521d95.jpg,3,61.928424,29.823781,3,61.831539,29.732559,11.7862835,1.6204597,0.8845424,0.017273188,0.8666376,0.9719308,27.741753
caa5f203cb764a5186e073251aa0c92b.jpg,9,53.261,19.447744,9,54.219154,23.127467,264.37457,21.150818,0.72615206,0.030187964,0.71627045,0.7770396,311.37466
cabf3663ea674f8e82d7dabd89fc1ba1.jpg,2,39.701123,3.262162,2,39.655976,3.250847,5.1126633,5.1126633,0.6990211,0.0309757,0.6899451,0.7504628,1025.6572
cacc2db4927a4a8bba8a9ad65484991b.jpg,11,41.111887,30.534268,11,41.093368,30.55773,2.8469293,2.8469293,0.6543293,0.024440825,0.6378107,0.82587755,2807.8975
cb050e1343e1457bb9550160e9092023.jpg,8,70.163093,28.57018,8,70.163125,28.570106,0.0045231525,0.0045231525,0.9517682,0.04245627,0.94206023,0.99059993,0.0045231525
cb605c1d13f944cc912621530ffdfe1d.jpg,3,62.256311,23.498542,3,62.347669,26.673625,164.40079,25.3973,0.8456663,0.010710835,0.8213346,0.9429927,164.40079
cb793a84341349829564b9856f835291.jpg,7,37.72838,14.056392,6,65.0365,-22.753404,3860.0583,1.9406977,0.7310832,0.05672419,0.7353734,0.7836813,1788.4863
cbad05dfb9b74b168e8753fe561eb86d.jpg,8,67.321139,14.622719,8,66.755091,15.834581,82.004585,3.616344,0.72560745,0.029580295,0.70168376,0.83489156,4.3920574
cbcaa6ca914a44028aadf065888ad0a2.jpg,0,55.228763,29.98036,0,55.226249,29.985494,0.42912504,0.42912504,0.96471035,0.011701047,0.95743394,0.99381596,0.42912504
cbcd5e7c55e9471d9ee768bec5b51ea9.jpg,0,53.4829,26.400855,0,52.223114,28.797792,213.34865,1.6075394,0.79282343,0.018183649,0.81234,0.8449911,2550.1587
cbf56fee8c8d42279f4e0772373b93df.jpg,10,57.537906,18.517124,10,57.500771,18.563602,4.9752545,4.7309937,0.68297166,0.008248448,0.6635343,0.7865919,759.1176
cc01e860af94488fa8ee55ed03de734e.jpg,10,59.807539,17.982223,10,60.030158,17.533171,35.201256,2.7092452,0.69239295,0.031984687,0.6691154,0.78550315,35.201256
cc0292bd4ffc423bb38fa74b338780af.jpg,8,69.435636,19.254638,8,69.438057,19.246305,0.4223637,0.4223637,0.89732385,0.06913155,0.8802593,0.96558195,0.4223637
cc1797239d914e6692690fc7d407ff6d.jpg,0,52.306639,29.334034,0,52.270312,29.320298,4.146021,1.5979052,0.7772945,0.033581376,0.765717,0.8718757,55.422318
cc4a13036047465da5749c6da4934e59.jpg,10,59.32518,15.793403,10,59.343457,15.833518,3.050579,3.050579,0.8406829,0.07718068,0.824422,0.90572655,3.050579
cc4a40188a1f4ce3bdddba97cab4c137.jpg,11,39.614541,30.850101,11,39.52427,31.13215,26.176836,24.89308,0.8101783,0.005622804,0.80259013,0.84548426,53.81723
cc4aaf907ea440fa9747e5c66f70517f.jpg,5,50.508381,-4.719895,5,50.500133,-4.719893,0.917137,0.917137,0.807245,0.005272746,0.7739049,0.9514045,2.0134945
cc5ba81578c74f6d81883334be939568.jpg,4,42.518416,9.397703,4,43.991427,7.546897,222.00981,2.9432473,0.7529572,0.016242146,0.71516466,0.90412736,222.00981
cc90d9b456f0499da0767c803723b86e.jpg,7,42.689154,12.347071,3,62.63958,22.766858,2320.1733,1511.5453,0.69942075,0.0018734336,0.68136704,0.84495765,1931.4352
cc927ac023544af79f7a492fb1ecd45c.jpg,7,37.724971,14.043879,2,37.486248,-5.626076,1729.7769,0.8763657,0.6882499,0.0303244,0.6635696,0.78697073,1729.7769
ccf236830b434612b08d6f24fc8b919d.jpg,10,63.464579,19.660201,10,66.671413,20.166142,357.36884,2.7288904,0.8700232,0.00012367964,0.8541897,0.9469919,332.99136
cd04716cb64e4116966c3bd62743ef70.jpg,10,67.945904,20.046309,10,68.122348,19.817573,21.804678,1.5014988,0.8005723,0.047751844,0.76683474,0.93552244,21.804678
cd65644423234323bb048c9852f83b79.jpg,6,66.079514,-16.757216,6,65.943144,-18.426575,76.97265,3.6034293,0.8378652,0.008805335,0.81091297,0.9456739,76.97265
cd7591c12072459491066072190b6203.jpg,10,65.713944,19.332117,10,65.74167,19.389552,4.049332,4.049332,0.8546279,0.03133005,0.84168243,0.94956756,38.550217
cd800fd376724e9982f384a4e5e02d5d.jpg,6,65.631008,-23.291513,6,65.632626,-23.267904,1.0979962,1.0979962,0.84561795,0.021267354,0.82215023,0.93948877,1.0979962
cd97cae59fcd47ab8e41fc0008d556a5.jpg,1,47.58059,11.381919,1,47.590863,11.399976,1.7716955,1.7716955,0.6990596,0.026596129,0.6711925,0.8216354,1046.9888
cdb538201b954ffc90417213bab1c3a5.jpg,1,50.685391,11.480519,1,48.687349,10.341128,236.80301,40.53351,0.7573365,0.03862351,0.75312316,0.8503243,224.21481
cdbf1ab0d66d46669127f083e1af2a58.jpg,3,67.553512,27.904687,3,67.536336,27.925598,2.1062868,0.18901642,0.83031684,0.049062252,0.80228806,0.94243205,2.1062868
cde6c97555744a6fba71bc0f1ae7c84d.jpg,1,52.460993,11.092875,5,55.59005,-3.608228,1018.9733,165.08313,0.7937658,0.023614466,0.7598429,0.92945707,1018.9733
ce3daa3d88504f98880aa9fb6592a341.jpg,5,56.671428,-3.405326,5,56.777113,-3.407191,11.752203,11.752203,0.743521,0.019866884,0.72318673,0.82485807,11.752203
ce526ae1f9694498b74677760fd87aac.jpg,4,48.36631,7.41699,7,43.917429,7.648722,495.01505,17.720768,0.67901266,0.012170672,0.6560663,0.79009783,558.8485
ce64b8549cf74df28e6764169cbf9148.jpg,9,51.521863,23.076633,9,51.307329,22.695685,35.595154,21.674608,0.76196086,0.0022845268,0.7603804,0.81391656,70.63559
ce68f7e6f21647b392eeab74a5cec2b8.jpg,11,39.175755,27.85073,7,37.137432,14.312501,1204.0146,25.05437,0.65047854,0.01931417,0.60253966,0.84223413,1204.0146
ce7041b3282948e482f02130789f608f.jpg,9,53.307398,15.500943,9,53.230998,15.531438,8.733999,4.5467243,0.6851015,0.012798309,0.6473549,0.85069907,37.82714
ce70bd6af09949c6bd1e0829130d4553.jpg,5,53.864739,-0.365382,5,53.864766,-0.36626,0.057649497,0.057649497,0.8371138,0.12376118,0.82021296,0.90471715,0.057649497
ce7b8cf6c58343b292db9d5baf5415cf.jpg,3,68.372554,27.412926,3,68.371108,27.415558,0.19362071,0.09002132,0.851943,0.002808988,0.83846694,0.93443197,2.7880983
cee1daab84b44bb19fc6a6a3d356efdc.jpg,6,65.741336,-22.008326,6,65.738799,-22.016716,0.4759351,0.4759351,0.8914744,0.03592056,0.8865475,0.93747747,3.4787972
cef4aaef02c94435bec5c8b7a329fc22.jpg,2,43.253107,-8.435583,10,61.760309,16.928792,2644.8096,25.004034,0.65169585,0.0037195086,0.6596635,0.75130665,1781.6781
cf0271799a29476a832fdb66950a8f28.jpg,2,40.217411,-3.591323,7,45.04196,11.542332,1346.6226,258.95233,0.67880887,0.027200997,0.6896993,0.729227,1347.6903
cf39b8ddc4614b599d31dae58b3a4eab.jpg,2,39.469883,3.144428,2,39.359798,3.129493,12.307964,2.3181324,0.694187,0.015281737,0.6896001,0.7675624,12.463478
cf3d481ab45143f0ac1e2d2da2b4d59f.jpg,5,58.497978,-4.484153,5,58.504294,-4.501795,1.2424845,0.13187402,0.7851394,0.0037907958,0.7592646,0.931842,8.4143915
cf4274c4fb704cd7a57015d230520c8f.jpg,4,48.128611,-2.181528,4,47.89032,-1.581947,51.879562,0.23194659,0.66736317,0.0017656684,0.63554865,0.7946212,51.879562
cf76a352cb2f4de0b7184da8c06133ee.jpg,9,54.147412,23.398492,4,48.128184,-2.178469,1893.089,158.8563,0.66328686,0.00032925606,0.6560972,0.73936224,1906.5364
cf88cc90008141a28fdea5d0dad9244f.jpg,4,49.320661,1.411134,1,51.475156,12.10533,794.12476,20.574503,0.68776286,0.028125584,0.6933571,0.7717413,1020.6664
cfa23435cc7b47eb930b41668736127c.jpg,9,53.177938,23.147298,7,41.090202,15.232416,1469.2769,175.95882,0.70425737,0.004519701,0.6685587,0.847052,1469.2769
cfc2c672c99c45ee955b963d4e835b78.jpg,5,52.950925,-2.296401,5,55.841474,-3.156091,326.1903,109.456436,0.75787175,0.0031698942,0.7236165,0.9307332,295.66183
cfe9b91aafae4b079839f7c64239003d.jpg,11,41.642205,26.7513,11,41.664153,26.614502,11.624645,11.624645,0.883812,0.11060101,0.8782471,0.90607166,11.624645
d00bb0f9feaf49a8bea97057da601b0f.jpg,0,52.304732,30.914933,0,52.293504,30.937077,1.9560592,0.80727327,0.7940099,0.019126832,0.7671037,0.90681887,3.6883957
d00e57b5c3d44f3baf5d64d84aec55e9.jpg,9,54.50764,18.317357,1,51.502605,14.47499,421.47412,227.15256,0.68681204,0.0036272407,0.65183544,0.82671833,421.47412
d037e264248b40c5bab80930cf27654d.jpg,7,45.733933,13.82301,7,45.952691,9.041908,371.091,128.06213,0.71332276,0.030467272,0.70138717,0.7831267,1523.8445
d03bedec6fde467ab8be806751a16b4c.jpg,6,64.533274,-21.613773,6,64.532691,-21.609992,0.19205251,0.19205251,0.8784192,0.01895231,0.8638283,0.9563166,9.824853
d04ad6c5200c49f484086ca65055cfa8.jpg,8,68.402442,17.471848,8,68.661656,15.519513,84.513084,17.30461,0.8195057,0.0027533174,0.7902429,0.9487339,85.30283
d0f34a91f51541fba71250320eae65cd.jpg,8,61.982009,12.979908,3,62.955271,28.575472,806.8109,2.7863278,0.7621844,0.0031833053,0.7399248,0.8553909,744.37787
d11e92233d7c4507b333099a17953787.jpg,11,37.787755,27.275905,11,38.457435,27.32656,74.59684,1.9015392,0.76565063,0.004085481,0.7622628,0.8815838,1201.9486
d17280b9dbaf4c329d629fe18a3f8662.jpg,2,39.317202,-0.407377,2,39.319087,-0.408522,0.23159288,0.23159288,0.9049037,0.020235896,0.88711345,0.97606486,0.23159288
d1cd6bd791284884be1d10cef7ba8eaa.jpg,9,49.867404,22.268105,9,53.476343,17.240533,530.0564,297.28305,0.7464863,0.04426956,0.73869294,0.79601544,662.2
d265fbdd96324eedbbf6243039e74e11.jpg,4,44.629129,-1.157099,4,44.628297,-1.15735,0.094622575,0.094622575,0.916759,0.2030955,0.9065554,0.95757335,0.094622575
d2aed15c1f244b20ac618d478eb499e9.jpg,8,62.08673,9.17387,10,64.095247,20.140189,594.39667,75.656006,0.6014695,0.022665441,0.58752936,0.7284722,1329.6288
d2b514e63e494d468ef6f800d635976b.jpg,3,65.261506,27.538558,3,66.383732,25.871219,146.06194,4.185001,0.88038313,0.021632433,0.85765976,0.9745724,129.35674
d2d5d8bc8d9b4cd9a95955add9b7c599.jpg,7,45.986305,11.979803,7,46.016867,11.987493,3.4498627,3.4498627,0.75724566,0.016674995,0.73745716,0.83639944,3.4498627
d2dd8120f30b4ac6a1cc6ab9ab09b610.jpg,7,46.72315,11.939884,3,61.200444,27.511671,1894.2306,248.29938,0.6289772,0.008333802,0.59598416,0.7725359,1133.4939
d2e4bbc972504639bf429d2ba5ef75a9.jpg,11,39.709868,39.592382,11,39.713962,39.583409,0.89238566,0.89238566,0.83633924,0.038752496,0.8185987,0.9429599,272.31946
d2e51041280b41f8b2136db29f8f7612.jpg,3,63.201793,22.814086,3,63.198933,22.811163,0.3501578,0.3501578,0.9594611,0.1518969,0.95214814,0.988713,0.3501578
d2ec969dadbf4c3b9a4380602a91e600.jpg,9,50.488328,19.321573,1,52.242936,10.826642,620.7527,25.092958,0.7209121,0.017413437,0.7314809,0.7788335,507.8066
d2f161f973ad429691f16ba61f476306.jpg,0,51.981033,23.929482,5,53.608758,-0.238837,1627.067,23.720829,0.6861509,0.015856385,0.6669563,0.7629292,1627.067
d35a5e602ef74a4da146d6ec01cae98c.jpg,6,66.075201,-19.195748,6,66.07504,-19.232384,1.6521567,1.6521567,0.8793589,0.006927192,0.85301626,0.9847293,1.6521567
d35d570bf593493cae797d8a4aae0ca7.jpg,2,36.701668,-2.717626,2,36.72425,-2.880668,14.748639,6.373455,0.81404024,0.03337115,0.7966868,0.88345367,14.748639
d3a51a9ae259448fb1bb92037c94502c.jpg,9,51.831564,21.682899,9,51.749842,21.770093,10.8875885,10.8875885,0.8147195,0.01113683,0.798707,0.89412606,48.92873
d3ae424fe5404599ac6599f7703fefed.jpg,9,52.45754,16.61844,0,53.201203,29.138262,844.0792,6.143818,0.6932877,0.015194058,0.70198476,0.77833855,420.67874
d3fca40ca97847728eaf477811090fac.jpg,3,63.681273,26.024487,3,63.67815,26.21818,9.555882,6.0077,0.8933245,0.017451525,0.8738471,0.97123396,9.555882
d40a3cd5dfe5424b9ebd9050abed927d.jpg,6,65.405404,-20.633793,6,65.442743,-20.580636,4.8250995,3.271403,0.94930303,0.016660094,0.941263,0.98569083,11.666654
d43900ab7d40481097766994b383ba89.jpg,7,40.79306,16.150118,7,40.778038,16.183277,3.253297,1.5029055,0.81627196,0.026211202,0.7967752,0.9022517,1.5029055
d457de03892e49998d69e0b728171f58.jpg,8,58.389774,6.046943,8,58.405315,6.030694,1.9704609,1.9704609,0.83680075,0.0124105215,0.80718845,0.9639295,7.0083017
d46f4099498546e6b5805cd68b909f79.jpg,6,64.183756,-15.81911,6,64.178474,-15.867354,2.4090793,0.19359201,0.8833331,0.11567515,0.8610884,0.9723117,2.4090793
d47c9c823cd34529b53bd60ced128745.jpg,2,42.790364,-8.1145,1,51.451203,7.824947,1537.6932,1419.9943,0.60613495,0.031821847,0.5704262,0.7719259,2040.5308
d487bbff58b54002a92d26503e5afeb1.jpg,5,50.386639,-4.927622,5,50.440984,-4.719669,15.926049,0.77752393,0.79477054,0.024327219,0.78145444,0.84803486,15.926049
d48c23d65d2e4e6194486d22612e58ca.jpg,3,68.097884,25.459827,3,68.097726,25.459562,0.020723993,0.020723993,0.96070164,0.007869482,0.95242465,0.9938096,0.020723993
d49110ce40f5440fab36502fc09cdeff.jpg,7,42.280911,12.601198,1,52.479247,9.679701,1154.8881,161.95123,0.7204114,0.02750945,0.71013755,0.79427034,1017.7381
d4fbddc3f3a54286a4b94ffd447e7ad5.jpg,4,47.829062,-4.206835,4,45.519761,2.603041,579.2727,207.60548,0.67246485,0.041608274,0.6651473,0.7434069,268.19614
d5024a253c0344359b198c83afde373b.jpg,0,55.782069,28.600845,0,55.774632,28.603931,0.8491775,0.03372547,0.8733994,0.008967042,0.850475,0.9650965,0.8491775
d52e6687aea24a6ea2a3b42dda80995d.jpg,1,52.649371,11.828318,1,53.100338,9.429948,168.58163,10.530147,0.7583442,0.062190056,0.739454,0.833905,168.58163
d53e4f6b6df0468a967af8212cf74b53.jpg,2,39.736992,2.910084,2,39.673322,2.957416,8.155903,8.155903,0.78942883,0.043085814,0.76105654,0.902918,8.155903
d5617f6a90a44fec8356d18aa6632f2e.jpg,11,39.950175,33.190235,11,36.961641,28.726219,511.2669,41.67128,0.67087984,0.0056473613,0.62608653,0.9012668,355.46213
d56ea9f3c94444ea90e895d6f4704582.jpg,1,48.371318,10.274082,2,28.723326,-17.789903,3242.2126,876.77527,0.7108648,0.032508492,0.69703877,0.8021703,2196.8357
d57f78483d8e4b8dbb03e2abaa8a1acc.jpg,1,48.411993,13.316801,1,53.762852,9.299304,657.57904,61.33386,0.73579067,0.014237165,0.7061164,0.8544877,657.57904
d59b93eadf3542eb9cd2e5a558af9aea.jpg,8,68.470405,15.178729,8,68.471011,15.180348,0.09436744,0.062165674,0.8402257,0.018052697,0.80910534,0.96470714,0.09436744
d5b298b91ef94878b64f192be42c0c93.jpg,4,41.82091,9.403181,4,41.819108,9.402401,0.2105408,0.2105408,0.68949056,0.02030921,0.6882186,0.81396455,653.10016
d5e1ea51ffa54e24b691f361d5e23fc6.jpg,4,51.01515,2.463513,8,60.155797,5.434047,1033.1295,704.2371,0.75181264,0.025936604,0.7190346,0.94776785,856.9757
d618fe649bb342dea23ac0529c53efd5.jpg,9,52.785263,14.495926,9,52.902897,14.330751,17.150906,0.5543161,0.57703084,0.004815042,0.5647371,0.7408446,0.5543161
d6381b42cc664583a5fe92be44feb14b.jpg,11,41.060967,42.845395,11,41.036756,42.860677,2.9815965,2.9815965,0.80045015,0.021221757,0.78885615,0.8468261,2.9815965
d63c3e8128624178ba3c37ef655a11d9.jpg,7,37.366602,15.08118,7,37.518268,14.129578,85.68769,85.68769,0.6830597,0.015026569,0.6644468,0.78507596,1541.7067
d66a9867b4914bdc9a6f78fa1ace2fab.jpg,0,51.97453,23.946428,0,53.051938,25.544566,161.38748,22.356201,0.68418396,0.008432269,0.6745718,0.7419396,1771.2799
d66cae0cdfd44aae8683ad77ae793033.jpg,4,44.448475,-1.244972,4,44.511916,-1.235432,7.0948143,2.9898233,0.666445,0.0056236982,0.6772754,0.7601786,1475.3683
d685d2635b7a40f2b6b5e5db13c19568.jpg,3,66.468158,29.000913,3,66.994231,25.249841,174.81642,5.874762,0.8566698,0.0041695833,0.8352458,0.97459555,127.612976
d69e583e26fa465b94fc7c799d5a537f.jpg,3,67.579998,24.492555,3,65.725181,29.154556,290.96588,13.346759,0.8383336,0.0065208077,0.84364414,0.94867176,127.33154
d6c0e40b2a8644efbf5da0ab0d888b7e.jpg,7,39.220807,9.187497,7,39.22141,9.188401,0.102762766,0.102762766,0.8762131,0.024042785,0.872734,0.8901291,0.102762766
d6c754020ea147ab9d475485bbf13407.jpg,1,51.870433,13.08876,8,60.56509,5.350247,1077.0358,4.9535227,0.6781913,0.023040175,0.66428983,0.77886724,72.086044
d6d9aa8e85614d21b117cd23668aefae.jpg,3,60.469394,25.179612,10,64.337785,20.51857,492.32288,55.810402,0.7585729,0.0056840777,0.73974156,0.90189815,515.61743
d6f3ec535e344e20be2cec7eac2465d9.jpg,2,29.104045,-13.469375,2,29.123607,-13.467053,2.1868632,2.1868632,0.783898,0.024051309,0.79889333,0.80756223,2792.2966
d6f9596d72824c699e730eab578f31cc.jpg,2,43.64486,-7.603017,2,43.63631,-7.601866,0.955219,0.21750635,0.7769174,0.010086596,0.75503075,0.88599646,1.8070326
d6ff0ef8f1a049a5a4b91f8891765a3e.jpg,2,43.08801,-9.219305,3,61.276248,23.472137,2953.7395,638.8408,0.6364081,0.0040484667,0.6205125,0.76072276,2147.208
d7073a2504be4655a897f29c3168eeb4.jpg,3,66.661498,25.438167,3,66.15668,26.256173,66.901985,3.1986263,0.834755,0.020289421,0.80600977,0.952824,57.531296
d7087192c0bf43b3bb77f142e5281a35.jpg,4,41.59227,9.326815,11,36.135199,33.193346,2145.723,0.27954525,0.73921055,0.022565126,0.7232785,0.8029386,2145.723
d72c8599b1854c2da7a4f924b2b7f752.jpg,10,56.096253,15.850349,7,40.963253,14.836677,1684.3231,160.13051,0.7006606,0.01196897,0.7132776,0.83688056,896.6005
d7579180096d47dba2894ca0042c697d.jpg,9,50.291373,22.248856,0,53.13244,26.063628,410.83206,15.967134,0.7379931,0.00021857023,0.7141442,0.8612729,115.33711
d763d96e10384cbf95c81b639764bac1.jpg,4,48.610277,-4.533113,4,48.613797,-4.542128,0.7697049,0.7697049,0.8696415,0.07013816,0.8611202,0.90372646,0.7697049
d7bd0734008d42958454e80b4c3d39da.jpg,11,39.677753,44.055049,11,39.872546,44.06372,21.672695,8.454793,0.77188647,0.0047753453,0.7511326,0.8939422,17.132055
d7e85ed9f6754abfab36844ac3014088.jpg,2,39.371854,3.147691,2,39.37136,3.147322,0.06343065,0.06343065,0.8723421,0.056936324,0.860613,0.9192585,0.06343065
d8113286669346ef8016b26f6cf095bf.jpg,0,51.711651,30.351019,0,51.712439,30.349922,0.11571542,0.11571542,0.9140562,0.028575718,0.9020158,0.96221787,0.11571542
d86038d206fe4e7baef8198ba32e6623.jpg,5,50.283408,-4.983344,5,50.279947,-4.991215,0.6788929,0.6788929,0.78436685,0.027751386,0.7670816,0.85350776,0.6788929
d87b693a9c59493bade17473d93b2a1c.jpg,1,53.746572,9.296206,1,53.78465,9.052645,16.558828,1.8216776,0.76936847,0.004508376,0.7593984,0.8271507,566.5911
d897fd1f91454061ab6836ae44ee5c64.jpg,9,49.979629,22.021666,9,49.97559,22.024228,0.48504603,0.48504603,0.8389371,0.082852304,0.8233835,0.90115124,0.48504603
d8a4e4bac9264be786e47cdb5ddf51b0.jpg,1,47.838156,12.335204,7,45.147205,11.042821,315.13953,15.661493,0.6659359,0.009311378,0.6772045,0.79476964,157.96468
d8e61c7669864f389e7c0657a33abf1a.jpg,3,62.928149,23.037427,3,62.929162,23.038082,0.11741625,0.11741625,0.934097,0.01594323,0.9250635,0.970231,0.11741625
d8f42205c90346c39fbc01e099de6446.jpg,2,40.824865,-4.65736,2,40.921562,-4.256722,35.36047,4.162195,0.7401097,0.004337847,0.712845,0.84916824,35.36047
d91407e392be421ababfcfcb3c95af40.jpg,9,53.091977,14.944766,7,40.90686,9.381842,1418.0007,15.224392,0.6168746,0.010545373,0.63333523,0.6961485,1480.1277
d949ff19616b4b5da0e0798841345465.jpg,1,50.367544,8.865467,1,50.327647,8.910874,5.4828873,5.4828873,0.74828005,0.051603615,0.7668815,0.699987,1002.9386
d96066ccdab94cffb263a6fb5662f450.jpg,4,45.037651,-0.739115,4,48.613797,-4.542128,491.63712,13.343329,0.67339486,0.015591681,0.665548,0.721467,621.9117
d96be400177943f0befae1023bd082c6.jpg,7,38.133823,12.734652,7,38.151481,12.737976,1.9848843,1.9848843,0.71877676,0.038773358,0.7171855,0.72514164,1.9848843
d975665caced44948b080ab62b57f57b.jpg,0,52.239405,27.511104,0,52.704815,27.450029,51.916378,0.83675706,0.84120613,0.0073494315,0.8194663,0.94115573,61.867016
d98d2373563a4597b07d865b8cef208b.jpg,11,40.620326,39.250049,10,60.34533,18.127956,2628.5122,13.633675,0.6844344,0.0018619895,0.6436035,0.851169,3073.2893
d990a7f05eb0433483cfa93e428e01f1.jpg,10,64.409291,15.626103,10,64.400648,15.64695,1.3879827,1.0935432,0.8710368,0.033432484,0.8452294,0.9742664,1.3879827
d9d7d77029804eeb91caae32ffe6bf05.jpg,1,53.549096,7.920105,9,52.670344,16.90103,606.95197,23.522545,0.6879197,0.0076244473,0.6395275,0.88148826,606.95197
d9e554220cef4d4fa79a33cff2bbc3a1.jpg,0,51.697883,30.346838,0,51.702531,30.34821,0.52541256,0.24713056,0.93296266,0.041871965,0.92446136,0.9669677,0.52541256
d9f429c9662b458ba5994675ef310159.jpg,8,70.976558,25.793858,8,70.9886,25.750461,2.0653033,0.4382074,0.93282807,0.020162225,0.91825426,0.99112344,2.0653033
da605cf0ebc5431baf6fb23930d7bc62.jpg,9,51.459902,14.943839,3,63.496358,30.032696,1605.1525,186.09856,0.71228015,0.014986277,0.6960853,0.82606983,1448.9436
daa34985728c4afa8b1d15dc1c5742f6.jpg,5,50.121122,-5.440189,5,50.227643,-5.078651,28.340805,0.21200009,0.7472961,0.010177672,0.72537947,0.874979,140.5468
daa9ee16549a45bb8c30feba46080dc4.jpg,10,66.592453,19.212588,10,66.590162,19.145342,2.9815872,2.9815872,0.7971246,0.003227055,0.7612656,0.9417174,171.36694
dac315e5720f453b95065c60bb87f369.jpg,10,57.475968,18.623502,10,57.500771,18.563602,4.519057,4.519057,0.8643681,0.0077442527,0.8501744,0.9211428,4.519057
dad44bce4f414940bbc85ff6348c0339.jpg,2,43.746086,-7.720213,2,43.745292,-7.717619,0.2263063,0.2263063,0.73048764,0.015606582,0.71655,0.7862383,0.2263063
dadb9ba799bc4f188ce63919707caa93.jpg,0,55.20902,30.147288,0,55.210578,30.143778,0.28214243,0.28214243,0.82692015,0.09258932,0.8357377,0.79209733,2212.3376
dae04dc70c844523aa241312417d2a76.jpg,0,55.115881,30.517368,0,55.166443,30.321166,13.678351,6.9155064,0.74152243,0.026804805,0.7207902,0.84355533,259.50687
daed0bbfe9af4a4c96868447e1fa82a4.jpg,0,53.530242,30.234568,0,53.652064,30.039781,18.675236,1.9219972,0.84110886,0.022179902,0.8440333,0.8684833,169.4391
daf61373ac8943fbbbfaa389a4e4bd34.jpg,1,50.173689,6.629151,2,39.564296,-4.236263,1454.4673,483.52698,0.707971,0.035628796,0.7180065,0.7729169,1520.4937
db05b2c24f8f4ce79940acfe802487b1.jpg,9,51.123472,23.344456,9,51.137637,23.395299,3.8817544,2.1231225,0.77878785,0.02699852,0.7568864,0.86639345,3.8817544
db1b281972dc48be92e75c210f4fe377.jpg,1,49.146364,8.841426,4,47.969539,2.282805,499.9277,30.979355,0.7257988,0.023013592,0.70605356,0.8052036,429.17584
db2d19c61e0e4ecba628fea3ce91b540.jpg,10,58.319156,12.790328,10,57.295633,15.923763,217.70773,16.811722,0.8103055,0.0071994066,0.7787847,0.93638873,217.70773
db310de6adeb4f4b8b296b0243c38f02.jpg,8,58.822524,6.023049,5,52.837641,-1.344528,808.0501,432.3683,0.710073,0.017616749,0.6961539,0.791512,642.9315
db326f49b1df49a5bcca6ee2659e9549.jpg,1,50.619016,12.641705,1,50.406239,10.725955,137.50897,1.6486872,0.71946025,0.017876387,0.71257204,0.8224127,438.41232
db3c0df57e0d4ed4b3e2be472c6baaf2.jpg,6,65.249567,-14.361441,6,65.249274,-14.359948,0.07676203,0.07676203,0.961549,0.023068368,0.9546834,0.9890113,0.07676203
db6b1e5aa8f24c13852cc8a1d1932bae.jpg,10,61.991905,14.578735,10,61.813616,14.676518,20.475542,20.475542,0.8817833,0.029752553,0.86135167,0.9635097,20.475542
db6d3a54857d4b94be08a229ce894239.jpg,6,63.887815,-16.624699,6,63.93396,-16.447924,10.052474,1.4883488,0.73384815,0.011639416,0.6948719,0.8912619,11.008247
dc169df7b0804c33b25763ab3959f128.jpg,10,58.679544,15.315409,9,51.216971,18.478096,853.7838,323.62012,0.75991887,0.012447119,0.75705403,0.8545262,728.3853
dc417e308ee048b9a50460ce3d96f560.jpg,9,54.493944,18.334285,9,54.493315,18.335167,0.090201795,0.090201795,0.83350337,0.13106763,0.8368204,0.820235,0.090201795
dc5bb19a64a74b5aba257d5f4926b4f4.jpg,11,39.549945,43.933988,11,39.551326,43.926909,0.62606615,0.62606615,0.930184,0.087879956,0.9204519,0.9691125,0.62606615
dc75a8ffe783470a82c58c24455dd9c1.jpg,5,50.510019,-4.696977,5,50.502509,-4.693525,0.87002677,0.87002677,0.7896204,0.011672795,0.74894744,0.9593421,1.9400936
dc8b4db7ada6417ca5177ae666cd3698.jpg,0,53.706774,31.742789,7,37.43956,14.959847,2219.1548,276.83545,0.7844548,0.0107803345,0.7714076,0.8665787,2201.9556
dcaa07669cfb4801a8040498e0e4d820.jpg,1,53.30387,12.56104,1,53.665707,12.784076,42.855392,20.986622,0.7713414,0.004490137,0.74599946,0.8727092,42.855392
dcad58841c9e4d16a52f76f56cdc08c7.jpg,6,65.427686,-14.613669,6,65.337445,-15.042888,22.26975,1.4595274,0.9100566,0.013040781,0.8931769,0.97757506,22.26975
dcb1538711e04e5188a07b851a8e1b75.jpg,9,52.963439,18.912273,9,53.120276,22.122432,215.30101,28.117506,0.731058,0.0020229816,0.7094606,0.8174477,215.30101
dcbedf545b754292992b28e9a0572f4f.jpg,11,36.167091,36.131945,11,36.171288,36.126764,0.6588547,0.3700699,0.8800415,0.023791134,0.86381745,0.9600666,0.3700699
dcd03c0df7c541e7a071793d0f160ec9.jpg,4,48.7689,2.862954,4,47.520819,4.324779,176.12784,14.729454,0.727913,0.018262863,0.7167686,0.7724906,176.12784
dcdf46e17b3e4a48a960e3763f212a8e.jpg,7,43.910386,7.764451,1,52.322202,14.20353,1049.4298,244.73257,0.75861263,0.0015972853,0.7549068,0.83863413,1013.43304
dce413dfa19646f6accb507d93b1f22e.jpg,5,56.501132,-6.960155,5,56.50321,-6.957209,0.2933881,0.2933881,0.9224993,0.1592843,0.91256505,0.9622363,0.2933881
dd3d527bf97b4e97ba0007aa98f1f8a7.jpg,7,40.99501,9.220094,7,41.000731,8.901784,26.720995,0.33926418,0.7802562,0.008354366,0.76381904,0.90169823,187.49883
dd6d49e4f25c412b9d492cb9dc77a08b.jpg,5,55.415787,-1.869922,5,55.690665,-2.171167,35.961315,5.8088884,0.7203739,0.010162711,0.6743586,0.95071054,35.672825
dd7a6ed0221e4ddbacb3c559be95a5a5.jpg,0,55.197378,30.364605,0,54.659489,30.436626,59.987354,4.26419,0.8739337,0.014730692,0.85284925,0.9599166,99.893745
dd9f900d99954ea1836400e0ea53bdd8.jpg,8,63.023488,8.596998,8,63.023762,8.595796,0.0678544,0.0678544,0.7557934,0.08733946,0.7719804,0.7882595,2350.905
ddc2e5c843794115bed98b69b3942403.jpg,0,52.749695,30.771588,0,53.692451,30.066095,114.86957,2.070284,0.81926256,0.025999606,0.78541803,0.9546405,114.86957
ddca58db4fac437eb3cdfe759d4cca8c.jpg,5,50.372257,-4.444762,5,50.374954,-4.44263,0.33585173,0.33585173,0.7515429,0.060892582,0.7478485,0.82001877,627.1764
ddd1aa3f222e42d7923580e79f1bca6b.jpg,6,64.968644,-13.856102,6,64.968431,-13.855779,0.028140789,0.028140789,0.96612763,0.17749351,0.95907724,0.9943292,0.028140789
dde14dc6a0a144738a6ff9a8cd20646a.jpg,9,51.589535,18.659561,11,38.73891,35.35651,1928.8063,113.59262,0.7490343,0.027694106,0.70730287,0.9159598,1928.8063
ded62de2d77f4e519bf8921daa3bb00b.jpg,3,66.895846,28.770135,3,66.896565,28.772585,0.13348985,0.13348985,0.87732726,0.016193867,0.8684819,0.93802285,95.71457
def7248f4b584f39abe8ce74ae903cd1.jpg,5,58.540955,-4.78118,5,58.522621,-4.797917,2.2583094,0.7007795,0.81337386,0.009302914,0.79594135,0.95053124,38.351887
df45cad434d64f4ab9bc8d971b072762.jpg,6,63.553166,-18.446691,6,63.547345,-18.450195,0.6701283,0.2678703,0.94284844,0.0058103204,0.9312139,0.9893864,0.6701283
df69458f0fc247c2b856e9e512d97b09.jpg,1,53.307476,12.35975,1,53.115205,12.088526,27.98724,14.695157,0.7935403,0.041486084,0.7810377,0.8926623,92.813934
df73a69d271b4024ae0877c32269554c.jpg,1,53.426505,13.818748,1,51.622136,14.08093,201.4191,28.78834,0.6924193,0.008915484,0.67819154,0.79643095,218.49628
dfc4fd9e5a344e1c8561b499225b877e.jpg,3,68.826955,26.675306,3,68.796682,26.574339,5.272304,5.272304,0.8949176,0.0011510253,0.8732912,0.9814232,5.272304
dfe0f169ae994eef840d9526d9e7df81.jpg,5,52.01146,-4.880304,5,52.407796,-3.614718,96.84074,12.468545,0.81012166,0.04303187,0.7859262,0.93538165,100.62869
dff805c4c2624e44aaa2f115eb142e48.jpg,1,51.28129,7.716669,2,27.935426,-15.593087,3245.5557,12.631785,0.65230644,0.0018341541,0.6506176,0.822021,335.077
e01be665c8fa4523973dadb76742181e.jpg,3,60.239856,24.046441,10,61.378246,15.899194,459.27155,27.651688,0.7058307,0.0076025724,0.66414905,0.8725573,459.27155
e0432326af3448fb8a24e40e1251b25c.jpg,1,53.091262,11.291951,1,51.671062,9.443881,201.66054,3.5711405,0.71320593,0.035520375,0.7046032,0.8318435,378.43985
e05c79a3a5014d4c86a27c538e3ae8d3.jpg,0,52.23129,29.306069,0,52.469873,29.280301,26.586924,1.6539011,0.6862546,0.004596412,0.6877234,0.6803794,26.586924
e0b5cb0b545b4eaf86fb642b52bd2ac1.jpg,2,43.651568,-7.600131,2,43.63631,-7.601866,1.7023487,0.3999443,0.773356,0.011253178,0.7440324,0.8906505,1.7023487
e0bc1db834c447829599723da04dbd9d.jpg,2,41.929049,2.729045,5,55.590178,-2.586019,1567.0688,10.0588455,0.64769906,0.0014891028,0.6428238,0.7789704,2014.3914
e0d23a2a355a4179a35b5823a79dd07e.jpg,7,40.895419,9.07123,7,40.706562,8.798517,31.11158,0.2685099,0.683466,0.019787371,0.6498355,0.8941927,39.856724
e0fdb8dc50d7405989478ff5e6dc16c2.jpg,6,63.547965,-20.086815,6,63.550959,-20.076156,0.6241354,0.6241354,0.86218935,0.0039433837,0.8375909,0.9660288,5.1390824
e101b6acda894b26a74a9cf61384f579.jpg,8,69.696694,18.974472,8,63.437116,11.726786,765.0683,1.1369241,0.6744518,0.0028982162,0.6544986,0.754265,765.0683
e106289e2f774d7987a217704271aa78.jpg,4,49.088934,5.178046,11,38.190828,34.047163,2598.041,284.82693,0.72648036,0.011866987,0.7178275,0.821343,2685.956
e1063277646f4f99b1f88a710442020f.jpg,6,65.747192,-17.131555,6,66.025335,-14.808961,109.94448,12.002175,0.7666879,0.012574017,0.72911346,0.91698575,109.94448
e1194bcbdea749e4979eaf451b811c69.jpg,6,65.275728,-14.444835,6,65.320718,-14.474249,5.1860228,0.62394434,0.8084503,0.0056477785,0.77679,0.9393163,59.09782
e128093b74e3458f87193df182897ef4.jpg,4,43.985798,5.928253,4,43.936445,5.913326,5.616359,4.965017,0.810799,0.042372048,0.79563963,0.8818519,4.965017
e13ec51da47e415a8ed485a354876af3.jpg,11,40.147015,25.932565,11,40.148921,25.929809,0.3158949,0.3158949,0.824346,0.09178311,0.8067421,0.8947617,0.3158949
e140fde5b846471d8d8ed542d13ddace.jpg,3,65.004635,28.822809,10,63.528253,14.736579,698.0032,0.82746774,0.7795652,0.024699092,0.7529615,0.9058442,281.85046
e17aaad0d1bb41259ee8d0d6ddacec5b.jpg,3,64.324033,28.137822,3,65.579642,28.919944,144.38835,17.713636,0.8209117,0.00689137,0.79448366,0.9376502,137.01663
e19d082a1270488f874cc654dac03afd.jpg,2,37.467041,-1.961532,7,40.580063,8.242867,946.31464,105.561646,0.7435622,0.012894154,0.7132174,0.8756335,1043.545
e19e51270d964951960a753582d32db7.jpg,0,53.815977,30.772536,0,53.813011,30.797391,1.6647209,1.6647209,0.84896684,0.002175331,0.82609105,0.9640522,150.50252
e1a7a13f8d5a46c8bbed6864cd3cffc3.jpg,7,40.841882,9.649482,7,37.257817,14.917591,604.5838,30.142668,0.6525805,0.008857429,0.6414077,0.81123364,1148.4044
e1a874c119b245299e20ad88e879280b.jpg,2,39.822238,2.81467,2,38.757073,0.104518,261.56897,261.56897,0.6494255,0.018246293,0.6236639,0.8007795,992.52136
e1ee8e1d2cde43f3b8e99b9fb0e84856.jpg,1,52.224396,12.591949,4,44.639717,1.538495,1170.6884,173.66664,0.6372013,0.0015579462,0.6269866,0.6954584,1057.4974
e1f239ec16224f43871bf7b485507b69.jpg,8,67.653363,12.596821,8,67.65252,12.595429,0.11068046,0.11068046,0.68668777,0.0067822337,0.659288,0.81400824,326.88995
e1f4120116004020acb85e4b4ce3318f.jpg,7,45.83152,12.600464,7,45.797534,13.049166,34.979595,11.6712,0.7720613,0.052000463,0.7625873,0.84282374,373.1831
e20b163804c244ba919755dd0248f4cf.jpg,6,63.424991,-18.768358,6,64.903747,-13.923183,286.51923,0.090477794,0.82704777,0.008789659,0.8034134,0.94477856,0.6211711
e2219dc2157545a3bf4e47f186c6fdbe.jpg,6,64.67435,-21.665322,6,64.6716,-21.625595,1.914295,1.914295,0.8697697,0.00845933,0.86041576,0.9071853,1.914295
e26aaae54da0488b89d3e32a433a0218.jpg,11,41.520366,31.922006,11,40.989824,31.202115,84.27122,10.502456,0.6860089,0.008208275,0.7031146,0.77835685,3021.8206
e294fb25c1484068b30e7063cc61a3a5.jpg,7,39.605324,16.67456,2,40.107538,-3.841539,1748.2435,1.4507256,0.7263694,0.0045130253,0.7152641,0.82114536,1729.3385
e2ce9771a8884626bf764174c4765bba.jpg,11,38.927739,30.884634,11,38.080832,30.26445,108.53833,9.908871,0.79400724,0.008145273,0.7644873,0.9429179,75.244965
e2d02e6aadc14a108cceb01f168cf897.jpg,1,49.916708,9.346977,1,52.644584,14.53638,471.26495,36.446976,0.68414426,0.0052446723,0.68243206,0.77408934,299.14554
e2e9eeb0a5944736ae614067782d0900.jpg,8,65.035963,13.276254,8,61.929216,11.766155,353.47037,1.3625811,0.79177934,0.0012457967,0.7603745,0.9498509,6.6862693
e2fb693e68de4ecaa25b5fb07e9fcb3f.jpg,8,61.782536,6.205788,8,61.7496,6.361047,8.9506855,0.008344063,0.7908186,0.005241275,0.7530395,0.94954795,0.008344063
e2ffa87f35024ffe8c40d3ece6ddf813.jpg,6,63.476729,-18.563733,6,63.474913,-18.571192,0.4218598,0.28693032,0.937451,0.004879236,0.92931587,0.9775327,10.033721
e30bc573eae64321ae13e8f193f134ac.jpg,9,51.15941,17.05631,1,54.796921,8.976985,674.74524,74.74822,0.65769047,0.0105353,0.6709472,0.727644,932.81586
e320bbf8a375421c832ccc5323608072.jpg,6,65.749459,-23.843698,6,65.73374,-23.785132,3.1958985,0.07012361,0.8888376,0.02644229,0.8686372,0.9744086,4.393276
e325c0fbbe6448449d31e8fbdf6f6f4a.jpg,11,39.281801,29.963307,11,39.287131,29.972519,0.9898774,0.9898774,0.77414894,0.06051582,0.7620406,0.82258236,0.9898774
e3645317ee4c40238a4b9612c724c164.jpg,6,64.498258,-14.476584,6,64.416504,-14.538021,9.5559635,0.15437669,0.8982276,0.0009524226,0.88569987,0.9603672,0.15437669
e39062e6555345ba8bd2c517126fe251.jpg,4,43.682663,5.095597,2,39.37136,3.147322,506.04492,19.295897,0.6561751,0.0060046315,0.65859103,0.76704264,709.48975
e3c32bf041be4dff8a022b390be68ea5.jpg,0,53.119865,30.489643,0,53.019013,30.5697,12.424488,3.3278558,0.8921445,0.0040405393,0.8812187,0.95849156,24.255651
e3c89cf1d91d4396977bf51ec7908626.jpg,2,36.761358,-4.061577,7,41.176966,9.27941,1251.7915,4.3913765,0.6812252,0.005578339,0.6638992,0.77904797,669.8483
e3c95814577c46b88ce9ab9f4703a026.jpg,5,58.539272,-4.782386,5,58.50786,-4.810098,3.8456264,0.89961255,0.8257473,0.031078517,0.8024616,0.9188899,3.8456264
e3d64e8c0de84f5598d3fecf5a592b47.jpg,5,52.63924,-3.717811,4,44.807269,3.680699,1024.9347,18.76224,0.7042712,0.0015552044,0.67138195,0.8358283,1024.9347
e443dca363254205bc249816c9df6b34.jpg,2,37.876593,-6.567868,4,47.842127,2.686006,1338.3317,371.7321,0.6855544,0.006807089,0.6870165,0.7563541,1261.9221
e44b133e006f4e78875ad5f242d7bc38.jpg,11,38.45382,42.395646,11,38.443244,42.320859,6.6180973,4.730024,0.72848606,0.04049349,0.72132236,0.8431003,6.779876
e47b3dac165f4ee2b209bd8c91627884.jpg,7,41.324397,15.398246,0,53.518493,30.268511,1750.6501,155.29997,0.70998,0.02622962,0.7006998,0.8360273,1501.9159
e4bd18e2368447ce8c90b382165a3619.jpg,10,56.936349,13.06866,2,41.719467,-2.840767,2036.5809,54.427357,0.6309689,0.021684766,0.6449349,0.7293608,1860.2708
e4fa0d4f05a4482c8433dcadc7302eda.jpg,6,63.814322,-20.113456,6,65.556807,-22.410746,222.38924,24.88888,0.84579545,0.0058642626,0.82808506,0.9477705,78.77327
e533c1825f7d44be99bdfbfded44ea5c.jpg,4,50.152868,2.486335,4,47.548604,-2.07733,441.8493,17.857214,0.7166143,0.011171162,0.70192826,0.7762695,198.51097
e5564907a969409f8c45b6c2b6356224.jpg,2,40.768182,0.555726,2,40.765362,0.561859,0.6042323,0.6042323,0.82881135,0.13036829,0.82259905,0.85366035,0.6042323
e583e278eb964ff7abd63968f412fdbd.jpg,5,53.761475,-0.526509,5,54.551251,-3.211184,195.60912,42.241837,0.7052576,0.0014702678,0.6874622,0.7764391,195.60912
e5998b4ffadb4191b67638472ffd5236.jpg,10,67.041202,19.79593,10,67.227809,19.244056,31.608788,2.188479,0.8990346,0.016230643,0.88445836,0.9649401,2.188479
e59be0e0e3d24a2ca8a176a45a20ac68.jpg,5,56.239355,-5.02462,5,51.983513,-0.973073,541.7164,30.302872,0.73252606,0.0196746,0.6997658,0.90936834,524.9248
e59cb70963c04a1c988204248ba50a88.jpg,3,61.468915,25.147718,2,36.853029,-4.445483,3421.0107,475.9828,0.6041989,0.0010634661,0.5965735,0.7353452,2433.519
e5b86f1b2a774c85a7539ced3f6a8a1b.jpg,11,41.072815,32.549707,1,51.139887,14.269294,1791.3022,1191.7743,0.6984583,0.02291894,0.69343215,0.71856284,1791.3022
e5f23f3ef9e14f1e8555e99dd9fe86de.jpg,1,51.279546,11.688601,0,54.400628,26.096383,1025.8403,121.42634,0.64068484,0.021118164,0.6329217,0.71342504,1405.7739
e633d3d1755f40a2bd6c17e2afa7492e.jpg,5,56.701833,-6.072339,5,56.709477,-6.067294,0.9040395,0.9040395,0.7869715,0.004493892,0.75414646,0.9182714,0.9040395
e65530dee7b2429fbba0615f12a29b25.jpg,1,48.62618,12.11965,1,48.082727,12.569816,68.979065,68.979065,0.6597158,0.008849084,0.6655148,0.7489991,1978.4207
e659a45335a742388a8f001ef952b801.jpg,3,67.233783,28.400773,3,67.276637,28.261558,7.650283,7.650283,0.82264376,0.009764314,0.793287,0.95286167,16.14417
e663250a7f8143fd991cacf879df92bc.jpg,7,45.116002,11.391798,2,39.436713,-0.338528,1151.5634,26.123999,0.6481884,0.0049952865,0.6078148,0.8246428,1169.929
e6abc0e3618e489b8a4dba143a2a4e43.jpg,8,69.295155,15.994477,8,69.29608,16.004599,0.41100052,0.39598453,0.6996887,0.0027574897,0.7012583,0.7533529,2833.9062
e6b33a9754464ce384ee1cd8ecb36b9a.jpg,3,64.076247,29.192025,3,68.018824,26.945526,449.8979,9.7297125,0.77327913,0.020743906,0.7503125,0.877255,450.2547
e6b4595d9e8d4525b8aa000d47904f8e.jpg,10,66.591643,19.260226,10,66.590162,19.145342,5.077912,5.077912,0.78245,0.0065843463,0.7496104,0.9202163,107.33812
e6b47c9a811f4e27aefa623bcd1026dd.jpg,4,43.783112,1.428261,1,50.923088,12.574041,1153.2433,392.68198,0.7215413,0.045500576,0.7014616,0.80185974,1153.2433
e6c2db495b404601970b1fb85c85002e.jpg,4,44.59625,-0.754132,4,46.465732,-1.299564,212.17293,8.299751,0.7502371,0.018836498,0.74347895,0.80386233,16.656374
e6c4ad8b0e784f419b5e6f47c755bb8f.jpg,9,52.331743,18.299378,7,38.016369,13.265437,1638.9628,248.46176,0.6241811,0.006634891,0.6313368,0.72775686,1853.5265
e6c78f35761d433eaefe4976a5d88da0.jpg,10,63.976214,15.264572,10,63.917194,15.240991,6.6630135,4.7165613,0.85956734,0.024139285,0.83408755,0.96148646,6.6630135
e6dc35d438644131bb0c437f37fabc14.jpg,3,67.936361,23.94645,3,67.980089,24.074784,7.2333794,0.6234995,0.8082445,0.013136864,0.7875046,0.93463504,471.47977
e6e15c62b0bf4246b925c06685c9e14b.jpg,4,48.231975,-4.500228,2,43.352743,-3.930528,544.3371,127.222595,0.7093035,0.040635288,0.70747787,0.81964207,1121.8252
e6e80965db0f479bb6d95cec6f93c3ac.jpg,3,63.147365,28.049237,3,63.146978,28.048931,0.04569482,0.04569482,0.79336804,0.06490481,0.777473,0.85694814,0.04569482
e747315375054d8fa52d7febc962cb5d.jpg,6,65.938823,-17.309862,6,65.876272,-16.500175,37.404556,6.1395783,0.6894773,0.009255707,0.6602768,0.875379,19.232504
e74a2f14814a4d10ba5fe5a1665b8ce4.jpg,1,53.190254,7.191864,4,43.730084,4.062347,1076.664,137.99805,0.7619169,0.008606553,0.75794756,0.7922788,954.36426
e75be9808672455c92c9aea75c5046cf.jpg,2,37.30302,-5.924733,11,38.036642,30.166932,3157.5625,102.5432,0.7062791,0.028737664,0.6852125,0.8271145,286.29456
e76993a291ca43c49cffbfd3a7927f43.jpg,0,52.41927,24.358441,0,52.169271,23.93522,40.014656,1.4899752,0.88553363,0.010871589,0.8770604,0.94104946,116.58679
e797a8fecc7a41088259a79c9879b707.jpg,5,52.667677,-2.85926,5,52.956789,-2.806585,32.34218,8.347887,0.7961244,0.008108854,0.77641,0.9117862,89.28692
e7a111058be54975b2c9e53122b1bd7c.jpg,3,61.322985,22.767447,3,61.677783,22.553686,41.0496,3.069197,0.82575494,0.003041625,0.79113823,0.96884215,28.933819
e7bb8fdc74104845a819698e88de5f4f.jpg,5,53.603625,-0.65156,5,53.650886,-1.736441,71.73201,5.3995047,0.6998514,0.0007234812,0.65957254,0.8743384,5.538184
e7c62f45938c4cbd99f35063b3a2e5f7.jpg,0,52.067379,27.738618,0,52.078378,27.702365,2.763192,1.3208089,0.86772794,0.027752101,0.85141325,0.9329868,2.763192
e7dccb5929c1495b8f459c74c64311c4.jpg,1,51.375299,7.231962,5,52.613468,-2.944851,709.6119,402.30814,0.6874084,0.018260181,0.6706762,0.8025346,706.71735
e805370ce59c45d4bcecb3ecabeb3f4c.jpg,6,66.009449,-22.641419,6,66.020685,-23.378411,33.33556,10.153246,0.9083651,0.0048477054,0.8886113,0.9880388,13.69489
e80fce4c25644fd581bb11f0ea884c33.jpg,11,38.299981,29.911377,7,41.193919,9.183134,1796.6578,4.473547,0.77680963,0.017386973,0.7728815,0.83106256,36.831406
e81c2a6164d5499bb0640083b0ae0327.jpg,7,44.864462,11.696724,7,40.356473,17.641353,698.147,44.83153,0.7748395,0.030508995,0.74602056,0.8901153,698.147
e83568f4c11a4832b6ba8446c602c3c9.jpg,3,62.963819,22.58867,3,61.742984,22.139353,137.7153,14.752858,0.73725593,0.012014627,0.69959515,0.9213884,212.69394
e841dc6907fd44e4a76c61f6d58f969c.jpg,11,37.273831,40.687948,11,37.223707,39.870056,72.60804,2.7815878,0.80539817,0.038814962,0.79590356,0.8486553,2.7815878
e844abc473e2409da237fa460b9f8dbf.jpg,11,38.977039,30.930378,11,38.584397,30.226801,75.003944,3.275452,0.85748583,0.007275641,0.83074135,0.965943,40.895554
e84c3ed3379842bcb20fc6c771365236.jpg,2,38.036032,-4.107785,11,39.446009,32.865233,3187.9915,140.06837,0.6918156,0.0107162595,0.66572493,0.8337095,3097.268
e881e437106d4f32b5c61883f9f49506.jpg,7,38.013572,14.985728,7,38.111306,14.97837,10.886616,2.7995715,0.72991514,0.022769094,0.71294975,0.79777646,10.886616
e89e3644569d4fd1a7661dfae27a26ca.jpg,1,52.076844,6.813723,4,45.276021,-0.875506,942.60583,42.960865,0.74663234,0.013617933,0.7604154,0.82503676,829.9104
e8a8a58c548040d6822e5fa37e0bee25.jpg,4,44.085089,-1.001165,4,43.847305,-1.172178,29.772768,21.544357,0.86609066,0.029812574,0.86584723,0.86706436,29.772768
e8f7c69c8edb483fb2d620f263afd2cb.jpg,2,42.417108,-3.284499,9,54.407548,16.515417,1965.6593,657.7375,0.67786855,0.0085401535,0.6629272,0.7609689,1496.2402
e90a2190b7ea41079b641dc0e1d4525f.jpg,10,59.994644,17.713114,10,59.972889,17.697901,2.562789,2.562789,0.9019634,0.035232782,0.88291323,0.97816396,2.562789
e90c6bc168c44fc59cbed2bc23499c22.jpg,3,65.531516,28.519207,3,65.531504,28.520274,0.049160056,0.049160056,0.95624036,0.031358182,0.9485545,0.98698366,0.049160056
e92dc91311b64bd5ac9ddcf70e227092.jpg,5,53.465614,-0.552037,5,53.490757,-0.553824,2.7982779,2.7982779,0.7488003,0.10665363,0.75597656,0.7506467,283.432
e9319fac826a43a18eb5d79ab87e2dc5.jpg,4,48.60556,2.651132,11,38.692755,35.472794,2834.0571,569.85565,0.6551071,0.037733495,0.62808824,0.8251767,1369.9374
e946310a6a75408aae992c3b42e8f04b.jpg,3,62.469414,22.050425,3,62.552665,22.034549,9.292894,1.0419447,0.89722574,0.022402346,0.8765949,0.97974896,9.292894
e957cfe939564393ae97132d6a5e56c3.jpg,11,39.564344,33.326767,11,39.537159,33.131806,16.986721,9.265263,0.78668606,0.0040724874,0.7732937,0.8406382,9.265263
e95e5907d216495b9d1a2d4def7d052e.jpg,0,53.733242,23.818957,5,54.861918,-6.249656,1940.1531,4.2348485,0.7683013,0.052129924,0.7567668,0.8144393,1940.1531
e96126ca4e3b4ed79a26fe37140f4446.jpg,10,59.370079,18.415837,10,59.371172,18.413817,0.16693375,0.16693375,0.8091052,0.11382371,0.7784515,0.9317201,0.16693375
e9859206c69346279f6c6e43bbfd6295.jpg,7,40.647155,14.700341,7,40.647206,14.700332,0.005721386,0.005721386,0.8611664,0.1319114,0.8465077,0.92105913,1.2824563
e98782822c9949029ffd50553514749a.jpg,9,50.549568,20.725968,3,60.322894,23.876627,1104.4503,19.31099,0.66549575,0.008928001,0.66601616,0.79536235,529.79706
e9a8a530831843e08758b8b72ba84e83.jpg,2,39.986563,4.004188,2,40.006393,3.882051,10.635301,10.635301,0.7369231,0.055764437,0.7234654,0.8605668,13.158932
e9ad3df7aea644bba091942b9e5e25f6.jpg,8,61.407093,9.965637,5,50.240408,-3.704632,1500.3922,87.23039,0.69983006,0.017364025,0.6829876,0.8253349,985.10034
e9d5369bf9824216b3e3dce602ccb759.jpg,8,68.992673,17.720836,8,68.993804,17.72014,0.12878543,0.12878543,0.92099154,0.109528065,0.9101107,0.9645148,0.12878543
e9ea44c4a29c442496aa6b1be2714d1c.jpg,5,53.606422,-0.67208,5,53.646299,-0.747264,6.6515136,4.1909432,0.6607647,0.029215217,0.6481794,0.7437134,201.1113
ea0bae1b48254c758dc60855b2f1297d.jpg,0,54.160862,26.455054,0,53.769295,23.839714,176.52103,1.878564,0.8601448,0.021405458,0.83290505,0.96910346,176.52103
ea1a755afc9c4ae49b887925c8f3c797.jpg,8,59.81384,7.214647,8,59.830416,7.173284,2.9568195,2.9568195,0.9130722,0.12805879,0.89652485,0.97926164,2.9568195
ea30355a301d44f182453b35538a83ea.jpg,6,66.02771,-22.988935,6,65.881348,-22.300504,35.181557,3.1231754,0.94465864,0.004625082,0.93301487,0.99250245,62.983135
ea486062d56946bc81cee4220ab0c543.jpg,11,39.558188,40.035545,11,39.557206,40.037589,0.20646852,0.20646852,0.85354656,0.020460248,0.8362652,0.9226718,0.20646852
ea6adebe351e48d4b22deefa4ad07956.jpg,5,56.873261,-5.061956,5,56.900806,-5.02005,3.9826028,1.3145906,0.73264617,0.004991472,0.7222834,0.82324874,6.779082
ea9afb2f248547df827ccc2fd5d17c58.jpg,3,64.770137,25.548143,3,64.769238,25.548094,0.099991344,0.099991344,0.9373729,0.017261803,0.9286539,0.9900421,18.338491
eaa4eb4c0d9f48d9af1c4a94a2d4118f.jpg,6,66.034041,-19.361062,6,66.030732,-19.364741,0.403731,0.403731,0.8898237,0.037786007,0.8812641,0.96874624,3.2732234
eab206c42f554b36b8ba47d04ed37f48.jpg,5,56.334732,-4.720706,1,51.815334,6.921769,908.9404,2.5770864,0.6774009,0.014733851,0.6834315,0.7572168,541.68823
eacca64f5dcb4bc49c8b2b6024357934.jpg,6,63.48638,-18.537891,6,63.474913,-18.571192,2.0879116,0.029036742,0.9303019,0.0036953092,0.92047435,0.9720668,5.2373595
eaf7f1c4526a41768e5a2aebb045aba3.jpg,11,40.928778,35.15705,11,40.929043,35.15657,0.049943976,0.049943976,0.95907325,0.17505765,0.95669377,0.96859086,0.049943976
eb1e19d0c9674c019786fbb84b646159.jpg,5,58.95567,-3.008018,7,39.22141,9.188401,2358.612,201.33797,0.6754009,0.0014337301,0.6695952,0.7953215,535.9705
eb38317b5ad140aeb06b8e01b42ebb9a.jpg,6,63.847514,-22.420016,6,63.847865,-22.42704,0.34645322,0.34645322,0.8656052,0.12023777,0.8537759,0.912922,0.34645322
eb3bf4e5875a4de591016605b3d8daca.jpg,9,52.397456,20.844057,9,52.415285,20.754915,6.363665,6.363665,0.7815355,0.07504964,0.77150124,0.845248,130.97113
eb6b1b5591384d55862782695187855d.jpg,10,64.646519,15.733068,10,64.742749,15.802441,11.196803,4.9813995,0.8964004,0.07140559,0.87765914,0.9713652,11.196803
eb7fba610651475c9c8c2d7eb3e80658.jpg,1,48.426187,9.325146,8,59.686383,5.186006,1280.2687,80.21413,0.69831,0.0137143135,0.68047595,0.7696462,1280.2687
eb88890592344db39a0bea7b28d6f783.jpg,7,45.064135,10.87783,1,52.851071,9.176553,874.6655,21.515314,0.74462366,0.017285526,0.71762466,0.85261977,874.6655
eb964975d37f4595847af5776a234d5a.jpg,8,62.536714,6.127765,8,62.558255,6.127336,2.3953543,0.72332406,0.77244496,0.0067296624,0.75249445,0.8522468,2.3953543
ebc06b5a8d0e4ad196cda42bc13fa3d3.jpg,7,40.832784,17.167955,7,36.730816,15.030871,492.2549,44.7741,0.7117662,0.0066437125,0.6795366,0.8406844,492.2549
ebe983680aec4465b2356c64c0066fa1.jpg,11,38.509879,42.278809,7,40.966933,17.114876,2161.3499,309.0422,0.6895975,0.03925538,0.6715625,0.81933165,2817.664
ebf3681d51c64322935cd18942e70a7b.jpg,10,65.44812,19.405075,10,65.371018,19.200598,12.767983,0.21146794,0.89055485,0.06619698,0.8731122,0.96032536,12.767983
ec8c730567b242ffae8a05d9738b602a.jpg,1,52.47004,8.365829,1,52.510465,8.39983,5.0502625,5.0502625,0.7530249,0.006112039,0.7301988,0.844329,5.0502625
ec9cc7d7770642fba736f62953186b9b.jpg,1,52.589458,7.395857,1,53.463519,7.556725,97.78485,24.425718,0.7158165,0.013791442,0.7177018,0.8610816,520.7924
ecaf28775e58419e99a5e08c82a0bbdc.jpg,5,57.263073,-3.666012,10,65.052901,17.089881,1399.5471,19.734596,0.6504133,0.010670483,0.65403664,0.793614,1040.7761
ecb473356d34404d91bb504e300714af.jpg,0,54.515672,26.915273,9,52.105639,23.540185,349.33795,1.001474,0.6946167,0.007142842,0.67977405,0.796877,839.99
ecb48274790244dcbb18f7f46a94f7c4.jpg,3,66.23329,28.855293,3,66.296821,28.869785,7.0940485,1.4414579,0.8871653,0.0033079982,0.86358416,0.98148966,7.0940485
ecbe36d5a5ef46619b6202671f63c752.jpg,11,40.887482,27.095766,11,40.864768,26.758173,28.496113,28.496113,0.88492274,0.16744334,0.8763502,0.9192127,28.496113
ecd4accc5e81420fa3b5f32e388a9f17.jpg,11,37.361268,40.852115,11,37.420548,40.978068,12.9332485,5.771513,0.7218789,0.0026729107,0.6854,0.8677945,12.9332485
ece0eabfc26d4ca4855f04b2ca14075f.jpg,4,47.755922,1.108391,0,53.420691,27.122306,1928.6881,127.0249,0.65893555,0.008195996,0.62155396,0.8084619,1928.6881
ece7e93ecf314c56b2e8f2de3f755881.jpg,10,67.193841,19.412002,10,67.197316,19.404921,0.49238098,0.49238098,0.92266977,0.023715377,0.9143038,0.9561337,0.49238098
ed09e9c043ca4d7dbfee45fc3f93571e.jpg,6,65.028859,-14.277185,6,65.586593,-17.149567,147.11653,1.0026774,0.86864936,0.019187212,0.8424222,0.97470844,13.261037
ed1969ec59a441598b7915b05641f3a8.jpg,1,48.786504,9.687913,7,36.729164,14.837922,1404.2513,345.17947,0.6470599,0.003637135,0.6305214,0.8246969,1247.905
ed2e23301a3e4390a8fa1d7d7850f1bd.jpg,1,54.543482,13.533462,1,54.535707,13.249757,18.321848,18.321848,0.72481054,0.020075321,0.706285,0.81770784,257.32248
ed51e6633d3a4fd68533dd8637e38743.jpg,9,54.496962,17.060184,0,54.558931,30.45421,862.9985,247.32307,0.7630731,0.011799097,0.73868084,0.8703861,452.8023
edb257cdea174bd28acc6f57d9a5d73f.jpg,4,44.656498,-0.927089,4,44.685847,-0.86745,5.7351027,4.3122625,0.8225628,0.021864593,0.8011313,0.9082887,5.7351027
edbf1d76d1764b75817ed333e2449271.jpg,7,45.74436,12.218655,7,45.746048,12.202128,1.2961172,1.2961172,0.70892376,0.044712365,0.6914579,0.7787871,1.2961172
edddf2385052488f8b19b24dfbffd104.jpg,9,49.970286,20.305502,9,51.560992,22.015205,213.8665,11.415372,0.6622627,0.004274249,0.63258743,0.82521707,215.32063
edef6fa09354448ba8af8d19df7e890d.jpg,8,70.877155,25.732566,8,70.9886,25.750461,12.409173,2.1145282,0.90182555,0.0048977733,0.8895018,0.95112044,12.409173
ee31962dc8854a95aa55edda497f223c.jpg,8,67.158153,15.470315,8,67.155284,15.467767,0.3374474,0.3374474,0.77772284,0.0017476082,0.74522156,0.9377768,1.3080056
ee86fd243d844d02a53bdbc494be42cd.jpg,6,64.276197,-15.032096,6,64.769152,-14.467177,61.111694,0.27197805,0.79735345,0.000543952,0.7667712,0.9246092,26.419474
ee9d2773566048ecb5fc9ab875297910.jpg,9,51.283682,18.192478,9,51.039568,15.907589,161.62148,141.19572,0.67405516,0.0063785315,0.6816363,0.69706005,1276.8347
eeb97c6ff8d641aa95b1fbcb95b6fecc.jpg,1,53.510688,11.173436,1,49.280711,10.775211,471.1613,33.775894,0.7452674,0.027985632,0.7475921,0.7458185,629.9508
eebdfe5201824fc8a8a45f740ee0dffe.jpg,9,50.242799,18.643505,9,49.990135,19.213565,49.410683,27.146734,0.7435882,0.013307273,0.7391955,0.7611588,49.410683
eed85940681b4a5b9302b111c5c26cb7.jpg,3,61.702628,23.151498,3,62.314962,22.883705,69.50785,10.665202,0.87693006,0.07800597,0.863747,0.9296622,69.50785
eefb228d74a047a7ba4998050108756c.jpg,4,42.90757,1.39537,1,50.818615,11.396173,1160.6499,654.57947,0.6056008,0.008607507,0.6290504,0.64777726,1080.8065
ef08a8b6ee61477397cf4abeb6060a64.jpg,1,53.346478,10.635902,1,53.271739,10.105549,36.202713,20.197756,0.76551104,0.00019586086,0.74492884,0.8478396,36.202713
ef57497d73ef421387fcaf3a0abc1d00.jpg,4,44.530403,-1.014092,4,44.500189,-1.053215,4.5727253,4.5727253,0.8572496,0.08648443,0.85105723,0.8820189,4.5727253
ef6325ba65d340749b8b70b3e9d88976.jpg,0,53.706641,31.740746,0,53.951475,30.467951,87.85275,7.5533347,0.7914347,0.0012149215,0.7822111,0.9065328,111.29267
ef7c14a4016748fa9044396a3e3134f9.jpg,9,54.701546,18.358303,9,54.702913,18.356784,0.18063903,0.18063903,0.75295866,0.057706833,0.76910233,0.80116695,1124.0564
efeb98dc4d564ac4b9109959ed070f75.jpg,3,62.568713,24.466897,3,63.600648,28.018747,212.39297,21.742163,0.84202397,0.009328127,0.82989794,0.94827425,82.71508
efedf0f6e8a342e7a841461d75f40b8f.jpg,8,68.38382,14.590561,8,68.383406,14.590031,0.050897434,0.050897434,0.753804,0.08074123,0.72618026,0.86429894,0.050897434
f002685eb00a4146b7a01283f5f08e2e.jpg,1,52.655824,7.274623,1,54.864727,8.871304,267.08676,10.721833,0.6597431,0.013928175,0.63662755,0.78768885,21.23114
f02d65c6f9b543d795fb59b4b6f09e8a.jpg,5,58.524185,-4.683864,5,58.504898,-4.70655,2.516979,0.34433085,0.7862411,0.020617366,0.75374496,0.9162257,2.516979
f03bced455e749dba45b8135f92ecd98.jpg,8,69.513817,19.252509,8,69.512747,19.252462,0.118992805,0.118992805,0.90880126,0.032279253,0.8917018,0.9771991,0.118992805
f08a271baf0d43b2a865e9c5570e4c65.jpg,2,39.391765,3.189861,2,39.413151,3.137122,5.117471,3.3689935,0.71702087,0.019958973,0.733479,0.79333705,605.66
f08d34517b894676b9e18a82cc750f97.jpg,10,65.054595,17.275649,10,65.038537,17.018265,12.205485,8.714276,0.9132874,0.02728206,0.90011156,0.9806248,172.66058
f0abbedd3a264fa3aeef15e739bc56c4.jpg,0,54.177744,28.471877,9,49.340849,21.723146,710.0134,0.41555697,0.7172843,0.004960656,0.6882318,0.8334943,710.0134
f0d818546816412f80dbd140e7400da9.jpg,3,61.841421,29.86528,3,61.728771,29.699428,15.261848,6.9564157,0.7013,0.009529412,0.7000253,0.8272627,1046.2599
f0eaa80e50d34166ad99e7aaf0b89deb.jpg,3,66.160254,25.101915,3,66.241134,25.341481,14.015531,13.040419,0.9468871,0.018146098,0.9403608,0.97634983,54.819706
f1090e0a750346938bc81576699371a6.jpg,3,67.491003,27.976054,3,67.546986,27.918034,6.696024,1.778391,0.8438413,0.0010322928,0.81772316,0.9582892,5.4785175
f1220d394c2f44b8ad9e4632b5b0abb2.jpg,4,43.157206,6.455058,4,49.696319,0.53088,856.6238,3.4413545,0.69802797,0.0012828708,0.68990415,0.77111876,331.18185
f124a967e73448dda21f2fc9612ad29d.jpg,8,68.320556,16.617355,8,68.416129,14.678166,80.19265,5.311816,0.84649706,0.00011086464,0.8207481,0.9494928,80.19265
f15fbc6f19f742d4af4047264becdf60.jpg,2,42.423542,-8.718336,2,42.422668,-8.715862,0.22512875,0.22512875,0.75762236,0.11303002,0.74798626,0.7961665,0.22512875
f18f5c88b5394ba7962d6455f5ea4c6a.jpg,11,37.088642,34.944621,11,37.112709,34.91065,4.0297003,3.4862752,0.7987985,0.061441123,0.78618157,0.8782309,12.849628
f1916fc655494aeeba9f808623edac19.jpg,8,68.335733,22.928728,8,68.335551,22.93107,0.098245464,0.098245464,0.96345764,0.005038202,0.9560684,0.99301445,0.098245464
f1a19dea415c41c59769979b2d1ae2f5.jpg,11,40.92845,40.07226,11,40.929574,40.071086,0.15921156,0.15921156,0.67723674,0.0045190454,0.68621504,0.83264047,5267.567
f1c6cf2deaed48089d05eb7a208c2590.jpg,0,55.317235,30.322307,0,53.043558,30.550454,253.25687,0.414754,0.6790292,0.021396995,0.6666595,0.825158,160.07007
f1dacb1de0f74cbd9898b6e45a84bdbb.jpg,4,46.829666,-0.247771,5,53.608758,-0.238837,753.80194,59.777645,0.6088657,0.0059096217,0.5935035,0.7532249,1064.6216
f1e81334fc34416bb745adfd9d31c9f5.jpg,3,65.480987,26.797656,3,65.555956,28.184113,64.427086,3.931134,0.8741088,0.0014294386,0.8603551,0.9722111,6.3141265
f1f5651ca4f44474b24a71b9ff3e6ad5.jpg,3,62.560859,29.889508,4,44.732792,-1.079183,2794.812,280.43384,0.67196465,0.004206598,0.698383,0.68968403,2742.0469
f2143fba6b1e41cebc8878d691f6c980.jpg,7,40.954166,8.872973,7,40.860294,9.335879,40.277676,0.3423302,0.819312,0.008570969,0.7867969,0.9686228,0.3423302
f2153ddbc7eb4f2faf7960db1b6bac5b.jpg,8,67.312948,14.534319,3,62.147318,30.047574,929.60614,0.5309142,0.7348257,0.020117462,0.7229108,0.86198455,268.5643
f21a38ee383f4b3ca26cd0e9de4f21f6.jpg,9,51.49432,22.559617,9,51.350279,22.732794,20.01801,6.277666,0.7160859,0.010540485,0.68225163,0.8626222,68.26305
f249c3bf570d496db1fca951b1d087aa.jpg,7,42.204487,11.735947,1,48.400943,12.504778,691.62384,434.90417,0.6649221,0.0072703958,0.66581416,0.77452946,929.67596
f25cc5b258db4ca5a70e9a9c399e18a7.jpg,6,63.52851,-18.468825,6,63.523604,-18.473202,0.587086,0.061692692,0.8947295,0.008440375,0.87578917,0.9704909,0.587086
f286e0fb8dee40ccac3a6a8030b02163.jpg,5,53.054758,-1.42123,7,40.466633,18.155843,2032.791,45.85954,0.70300704,0.03254491,0.68344176,0.7812681,2032.791
f293520df78b447f9a257758085f6c7f.jpg,4,45.693571,2.10451,4,45.003865,2.025047,76.942894,27.024826,0.7185292,0.04962647,0.6916711,0.8259617,76.942894
f2a6375d32e04080a9f4140b8739f609.jpg,2,43.748229,-7.723766,4,43.019473,1.963161,786.55566,0.59200287,0.69096583,0.042185247,0.6804891,0.78531957,2123.2952
f2aa4074e0d14a59b9bf906af4b4e0e7.jpg,8,67.068108,15.382515,8,67.071903,15.381277,0.42537996,0.14314078,0.85661685,0.028577328,0.8331593,0.95044696,0.42537996
f2abe5a8daa246c399fe87ff62c3e671.jpg,3,62.629163,25.686006,6,63.933916,-22.680937,2364.1697,39.495472,0.71919954,0.0038447976,0.7565164,0.79203343,2419.4778
f2c1ec729ca94a57ba532527959bf746.jpg,1,51.99864,9.856611,1,53.052646,9.152852,126.50005,11.401277,0.704083,0.015556872,0.68845963,0.76788014,43.45696
f2e2f9e00c8648f8b484653f6220e09d.jpg,1,50.629752,10.915142,1,50.025091,6.27671,336.0021,27.142872,0.6844017,0.014617205,0.6688121,0.78522074,160.2833
f2f313d9002f41ee9bc64dcb0be0be49.jpg,11,36.226584,36.132054,11,36.187582,36.192725,6.959883,6.166939,0.64679074,0.025926948,0.6378206,0.739466,792.8599
f304bef6daaf4480b328bdd0e0c90504.jpg,7,37.715341,14.038502,7,37.718488,14.038213,0.35085303,0.35085303,0.6688167,0.004033208,0.6978688,0.6771077,2463.4153
f31a4cf740b344509f1f09d32b35b060.jpg,2,37.674876,-0.889448,2,38.762131,-3.36504,247.75473,2.8160737,0.7972731,0.028740823,0.77366006,0.89172506,247.75473
f328355d305744128d1b6ad0091d837a.jpg,10,66.25552,19.92362,10,66.330461,19.824736,9.433112,7.601,0.9139352,0.04857135,0.8985377,0.9755249,9.433112
f32aa772d7cc4eebb68d0320bfd201a4.jpg,10,66.259218,22.278281,10,66.308424,22.478271,10.485035,3.0789785,0.8741303,0.0014754534,0.8549384,0.96122825,3.0789785
f32ab2440f944733945701073cafd5a6.jpg,3,67.981043,24.075276,3,67.980089,24.074784,0.1080449,0.1080449,0.9377616,0.15434718,0.9308866,0.96526146,0.1080449
f384e505e0ad49d4a7a0d0ad1a79d8bb.jpg,8,64.038381,10.047166,5,55.173078,-4.930934,1290.3707,192.34729,0.6329171,9.3877316e-05,0.62216526,0.7523017,1208.0409
f38dd826c88c458bbe427964395be82b.jpg,4,48.555877,-3.355627,2,43.273342,-5.597113,612.3783,461.06912,0.6866486,0.00021505356,0.6889191,0.80117005,1636.0168
f3ba63a23fa74eee83a624b0337b9d75.jpg,8,64.43191,14.315848,8,64.403577,14.346337,3.4739969,3.4488087,0.8516097,0.0095671415,0.82301545,0.9713311,3.4488087
f3d4254fc5d843c58f388ff7364cb213.jpg,2,37.335646,-5.949848,2,38.791971,-7.048533,188.34431,10.025912,0.75932944,0.030208826,0.73976314,0.88104296,105.25375
f423cf6b2d1c4b4c9b17e65c90ade089.jpg,11,37.841007,27.246711,7,42.187856,11.745818,1403.3022,3.6653953,0.670398,0.023260653,0.653057,0.79791296,34.438343
f42c28eecb1b44089d84abc483444f66.jpg,9,49.724352,22.049223,9,50.078093,22.372012,45.62506,3.698953,0.79681516,0.0012833476,0.77490604,0.89089644,26.951235
f44c6110a00a40c082e0d04cf9a90e7a.jpg,2,28.963853,-13.568601,2,28.985871,-13.584265,2.8837383,0.6368808,0.79336154,0.028287888,0.78789365,0.81894714,4.1564183
f473b2c975ac4a948d5ad3b5910750e1.jpg,3,62.414786,29.889803,3,62.172736,29.957261,27.139772,8.387273,0.8010582,0.0023565292,0.78540486,0.91652966,64.981735
f48ea79b78574b708ca4a75a9345d46a.jpg,6,64.744438,-23.809086,6,64.815584,-23.955016,10.506671,0.117804505,0.9141866,0.0028287768,0.9028975,0.961131,47.90777
f49af5821a2142ee9a7fb3cce961b57b.jpg,6,63.939296,-18.648882,6,63.946051,-18.654935,0.80721647,0.80721647,0.76294565,0.025887847,0.752327,0.8741231,14.585425
f49d414e432b4017a36e78edd9b6f2eb.jpg,4,43.541191,0.465658,1,49.748021,10.194909,1012.3705,15.289388,0.7025168,0.010055423,0.7027243,0.78795135,377.58682
f4b7c9e6f6334b269e9d5dd2f460c6de.jpg,0,55.661182,28.366563,8,60.708576,11.301606,1142.2207,572.00287,0.6886238,0.020950615,0.6600375,0.8029688,1142.2207
f4bc5341fa2849ffabdae5982aa4e7bb.jpg,0,51.928438,29.576374,0,51.674486,30.364488,61.107468,1.4047787,0.83430004,0.0113245845,0.8178804,0.9017242,16.268158
f4be259322c04f5880d1ec65c12bc5bc.jpg,11,40.230732,36.53245,4,41.594061,9.324456,2281.8699,234.71292,0.6481656,0.009939015,0.6350535,0.7354289,2793.7615
f50a9ae34a3e49cda79286dac33fc09f.jpg,5,57.262022,-3.697377,5,57.258481,-3.572591,7.514573,7.3358483,0.7041429,0.01177299,0.70105445,0.81421053,173.58167
f51a23b12df24211823c5f17b46f5e2f.jpg,9,52.322636,21.565853,9,52.415844,21.623862,11.087329,10.511316,0.8402897,0.011912227,0.8253815,0.8999224,11.087329
f5669dbb758f486ba193a9e756647928.jpg,8,60.779146,5.873446,8,60.814143,5.803621,5.430879,5.1751523,0.69397265,0.011806369,0.66370463,0.83789563,61.142807
f59268e4436341218b5736ab2f5dc416.jpg,8,61.797294,10.22406,8,61.580103,10.062454,25.610157,0.47321334,0.7502415,0.034370244,0.73702204,0.84311885,605.9968
f5a8718081cd4b6b9b797ad3fe1d1ef8.jpg,9,51.53143,17.850981,9,51.531879,17.850895,0.05027976,0.05027976,0.9067598,0.18091923,0.9027054,0.9229773,0.05027976
f5b39c2d2b23463cac44de386d4bef07.jpg,4,41.787916,9.397172,4,41.832903,9.403586,5.0304995,3.4953732,0.81218916,0.013570845,0.77961457,0.94248736,5.0304995
f5e8ed85171343679b570ebfb352e5b8.jpg,0,51.710682,29.154923,0,51.708689,29.152945,0.26016542,0.26016542,0.8885085,0.00031477213,0.8713752,0.9589015,3.554416
f5f1f89b04da43c49016541209ddbc80.jpg,9,52.602289,21.496234,9,52.610269,21.494867,0.89212537,0.10597031,0.8722076,0.09221321,0.86857903,0.8867216,0.89212537
f6001f1ffdd84b23bb37fcae6093a7b9.jpg,9,51.57047,17.83131,9,51.687807,17.921345,14.451751,4.4997272,0.798597,0.031621456,0.77630496,0.8877648,14.451751
f60581b8c1a5481a8a1cde5923745bcb.jpg,9,52.835021,15.060811,0,52.358937,25.024378,674.49115,318.2233,0.6878544,0.007983804,0.692824,0.7341753,1226.9532
f6618891611e41e794e8c0fa85ade943.jpg,9,52.452773,14.719045,9,52.360964,14.779414,10.999436,10.999436,0.6707189,0.08144617,0.6767447,0.6976051,347.0175
f696ab43513c46e29ef64da2cab56ec8.jpg,10,64.417272,21.22581,10,64.512091,21.062322,13.13668,7.0705853,0.8071464,0.025035322,0.79197145,0.8882477,25.640772
f72ca373207d412abda5fe4da70eb840.jpg,0,52.368024,25.59693,0,52.37157,25.591842,0.5242082,0.5242082,0.81085956,0.0026988387,0.8027742,0.8717814,12.215731
f74f4dc3e18c4fc082d71c5ee4e4a93f.jpg,6,63.982617,-16.871888,6,63.958355,-16.859442,2.7653282,0.2622192,0.87775594,0.0066851974,0.85843676,0.97431934,3.6283376
f75ff49c27ae4b7792f16dfa1ef4f18f.jpg,11,38.732664,34.052067,2,41.256836,-2.19453,3078.045,115.78789,0.6558935,0.0171687,0.65442204,0.80646145,2854.6877
f788b23ab61d4a6ba196897077b13080.jpg,11,40.970559,38.751946,11,40.981471,38.768047,1.8163984,1.8163984,0.90036404,0.20314479,0.8865266,0.95571375,1.8163984
f791354e5bbe40cfb16d222fb2a24374.jpg,1,54.377429,8.729493,1,53.867233,12.190548,232.5439,4.050115,0.8131993,0.020203948,0.79854137,0.9259322,27.332241
f794ca7012494b6fa68aec7601a94ef2.jpg,3,65.413605,25.397876,3,65.699168,25.161729,33.560757,33.560757,0.7258159,0.023077667,0.7103772,0.837729,417.97675
f7c0ccdc2efd4790a1a2d03d3b388c70.jpg,8,70.29884,24.179638,8,70.180935,23.849721,18.047363,0.24173951,0.92795765,0.002847612,0.91269976,0.9889892,18.047363
f7c4ba97cfa84e4599a46ac30616d331.jpg,0,52.022771,30.495758,0,52.278918,31.085183,49.279472,5.5835123,0.7245063,0.0066760182,0.7265508,0.859885,3096.6157
f7de1c89c1e84dc2933a49c6c3527ab1.jpg,1,50.118843,8.853504,11,37.947871,32.533801,2310.64,575.4592,0.7385124,0.05201006,0.7133461,0.86370444,2311.1345
f82546ead7e344c28a53dd27056e6cd2.jpg,1,51.292822,13.390976,1,53.369239,8.470098,406.20386,16.405424,0.7226417,0.014477193,0.69301856,0.841134,406.20386
f82b8f0db4894e3894accf09d2b42989.jpg,10,59.364462,16.071754,10,59.95768,17.29381,95.193344,3.3973925,0.76433116,0.033904135,0.747802,0.83044755,95.193344
f83f5ffe3e9a474d82ce4bc0dde67870.jpg,4,44.614416,-1.090318,4,44.63269,-1.160036,5.879868,1.0231789,0.72664624,0.081448734,0.70732975,0.8039123,5.879868
f849452997f6448c9c2960010ea5b9e4.jpg,7,44.586404,7.752267,7,45.401837,12.14855,357.342,10.729278,0.7059921,0.0023995638,0.69684047,0.8485752,73.35693
f84986dcdbb44e079ec8059c60b2659a.jpg,9,54.453439,17.239374,3,66.040597,29.130346,1440.3107,70.53294,0.7080774,0.02453518,0.6902514,0.79060006,336.73724
f84a915b88714d6aaccdc80a33716719.jpg,9,52.095703,21.152452,9,49.872003,22.176226,257.4336,9.795712,0.70305806,0.011246622,0.7126782,0.7664505,1351.817
f84dc98ad944488ba6411ecb06d4bad8.jpg,10,63.717556,17.745612,10,63.431467,18.194187,38.7907,38.7907,0.8098579,0.0319283,0.8008872,0.8619453,688.8426
f88740772b5646249eb73153e0c3bf21.jpg,11,38.199255,30.054815,11,38.203519,30.05099,0.58010167,0.58010167,0.7526792,0.059871674,0.7494402,0.76563543,0.58010167
f890f4571d064f029d171e16c0b9fc08.jpg,4,41.593333,9.315243,7,40.893911,9.068735,80.45679,0.77041394,0.7818129,0.005006194,0.76099646,0.8788165,69.35224
f8954a1729c348629df307918c8a3fcb.jpg,0,53.032466,25.656718,0,53.051938,25.544566,7.804117,0.08609963,0.807421,0.061123848,0.7831099,0.90466547,7.804117
f8b27286fe2a407c93617669f93b7f17.jpg,9,51.777759,23.654926,9,52.740526,20.298494,252.25117,18.444609,0.6248511,0.005382955,0.6064719,0.7311642,1792.5721
f90c590242584a65b12f0bb428d7f49f.jpg,10,58.420005,13.77128,8,67.315696,14.539568,989.90485,17.823536,0.7201305,0.03913355,0.68631035,0.8583722,127.12513
f9435f572cdd40a796871b231c8666e3.jpg,1,50.000302,9.334376,4,47.834133,6.434561,320.756,4.744928,0.7223569,0.06541562,0.7122978,0.7625933,320.756
f95cf57d2ece43f8b2c9f5b7006d5c6b.jpg,11,39.010222,35.928438,7,37.021027,14.409258,1893.628,9.876731,0.66619843,0.023651898,0.65015465,0.7303735,1893.628
f96f08b13e42475db2ce9a0c6393b7ad.jpg,3,63.133474,29.745083,3,60.979188,23.63445,398.18152,2.207028,0.7125413,0.021373391,0.704389,0.7629999,101.15544
f97dae741bcd45ed936295e56274bf90.jpg,4,43.761831,1.233119,1,52.367481,8.828526,1109.573,828.644,0.68513215,0.0015071034,0.6480167,0.833594,1109.573
f9ac874273344ef8980853e9b4f0717c.jpg,10,57.51573,18.373488,10,57.576635,18.383688,6.79963,0.5157688,0.7885414,0.018645465,0.761622,0.9129282,25.519423
f9dd17d2725d49828d7288bd2b105382.jpg,8,64.032948,10.082914,9,52.010138,15.211582,1369.487,0.29226318,0.66874784,0.00064110756,0.67962825,0.76913595,0.29226318
f9f5136047f14960b7bc59bb029b7fe0.jpg,1,47.705085,10.03544,1,52.83536,11.051674,574.99915,43.966778,0.75286734,0.021644711,0.7296529,0.84572506,574.99915
fa34a89cd5934cbe9d563666ae5994ca.jpg,9,49.819205,21.424565,9,49.944497,21.327826,15.5608635,13.692751,0.82599306,0.10167825,0.81749845,0.85997117,15.5608635
fa4197eb881246c5924d4f313f41ff85.jpg,7,45.707242,11.420835,1,51.794413,11.596427,676.9853,27.063326,0.73653704,0.049010098,0.7312813,0.8098111,641.75684
fa4a47f005594e09ace3b094d05aa1db.jpg,6,65.787779,-19.946876,6,65.797196,-19.938254,1.1184857,1.1184857,0.85765266,0.010088861,0.84265363,0.932092,36.541313
fa622f38a0d54e5785f3d045ae8ca6b8.jpg,8,59.929833,8.929209,8,68.391602,16.641245,1010.60645,25.96118,0.772391,0.03512013,0.7535624,0.88311595,1000.135
fa6d854151c84d849e6030794bbb3b1b.jpg,8,64.042543,10.006046,1,53.100622,9.219176,1217.5193,873.7646,0.67507964,0.019822419,0.65315115,0.83923006,1185.7147
fa7292766f374708ae4cbcbeb3c43560.jpg,10,60.008483,16.642894,9,53.367215,20.7613,779.756,13.253697,0.691718,0.01912713,0.6797643,0.81441975,534.6075
fa794147576b4d719bdc338e49b40a6c.jpg,7,38.023083,13.361467,7,38.048346,13.376082,3.0869927,0.17764644,0.7291982,0.0018770099,0.6971427,0.86244965,0.17764644
fa7f7e3c490a44ef8f81f2823071db55.jpg,3,68.35944,27.416946,3,68.363119,27.411966,0.45721823,0.098778434,0.849895,0.0074163675,0.82407445,0.9531771,0.45721823
fa81bf692e0947948c672ec77ab5c3eb.jpg,9,54.171599,21.927083,1,52.113971,9.415716,863.9738,31.634464,0.73768973,0.03008163,0.7201675,0.8088424,786.9437
fa9e1fcf84b74868ae9d314e5da9f4ab.jpg,8,58.44504,6.005733,8,58.449026,6.005917,0.44335288,0.33180836,0.8454268,0.0092971325,0.8168421,0.95995504,0.33180836
faa09292333b405ebcaf88be924ad0b2.jpg,10,63.716977,16.189461,10,64.377302,15.644258,78.07044,1.525172,0.82212114,2.3782253e-05,0.7958591,0.94290066,89.18661
fab9aeb3dd7f467da89cc4987b66fb40.jpg,5,56.068367,-5.462571,5,56.184237,-5.473365,12.901529,3.9280872,0.8460239,0.029004335,0.81522703,0.9692114,12.901529
fae278a31f7647bc881cff8d15a2842f.jpg,5,58.528227,-4.21013,5,58.526457,-4.217065,0.44813696,0.44813696,0.77871054,0.03843105,0.76364225,0.8714547,28.412626
faf0679e051549cbab8430ccc8dd1e71.jpg,3,64.875534,28.950064,3,66.261623,29.304173,154.98366,10.373208,0.8005867,0.0006225109,0.7838254,0.90229166,153.57956
fafd56c0588c494ea5e3301c96071d1a.jpg,4,46.198038,3.446635,1,50.613346,10.327426,705.8594,57.07303,0.6448405,0.010567069,0.6533967,0.75499356,1922.5757
fb24029dbc064c18a69cd7f748057990.jpg,10,65.279578,16.339667,10,65.273261,16.052077,13.393177,1.3503922,0.9490425,0.019860685,0.9430828,0.98094696,15.088067
fb3ca8147f134ae39647bd18f58d0998.jpg,4,48.896736,5.43926,1,49.178872,7.524534,155.20456,113.35039,0.58649945,0.02253592,0.5948752,0.7194624,685.1633
fb42f24215844aa2a59929b6e3e25073.jpg,2,28.958852,-13.567067,2,28.985871,-13.584265,3.4387882,0.3114123,0.8029222,0.029242933,0.7852839,0.87347513,3.4387882
fb5c9c8b3e1b414d869a4369ad8c93e5.jpg,1,53.470851,10.729593,5,53.932996,-2.775358,889.108,48.172363,0.75770956,0.017196119,0.7395221,0.83045924,889.108
fb690ee86298461eaefa632774658342.jpg,7,44.7331,8.365771,7,45.143276,10.627674,183.78017,17.401655,0.6499561,0.0046362877,0.6409569,0.70598906,215.43587
fb6ff9d3da324568ac1d490b92658b04.jpg,0,52.707747,30.798691,0,52.612886,30.85318,11.169927,3.6405115,0.94362825,0.038860023,0.93604106,0.97397673,11.169927
fba5f90c8ab04bf4a346521da7d8494d.jpg,11,36.50259,32.080001,11,38.825602,35.640365,406.06485,13.655376,0.6524637,0.0028477907,0.6491778,0.7418929,359.46188
fbc970640c0c47dab9b757459b6abfb9.jpg,8,64.246367,12.183871,8,62.717222,11.34993,174.9976,4.5402727,0.82269293,0.011544466,0.78851235,0.9617532,29.511978
fbd08c78333446a39a7d27e12951bcac.jpg,10,61.09386,15.173316,10,61.159412,15.129742,7.655343,7.655343,0.8405353,0.0654335,0.8099984,0.9626825,7.655343
fbdc71dac7de4fb6bfcf3e83f746e141.jpg,8,68.412237,16.690519,8,68.416129,14.678166,82.31891,1.5632471,0.81758636,0.014901519,0.78941566,0.94644725,8.729959
fbe4d6c4f69d4fb1ba0e5b13d1813308.jpg,2,36.775086,-4.109316,7,40.221418,18.098324,1964.7634,0.39032748,0.7708576,0.053791344,0.75246036,0.87844235,1191.9446
fc0328af3c534f599c721073c1fce5e9.jpg,3,64.062716,29.462577,3,64.309639,29.119438,32.09217,4.4942374,0.8018283,0.034572124,0.76623124,0.9442165,32.09217
fc0f19e55922436eb6fd1f4580944536.jpg,8,58.683971,5.593687,8,58.689663,5.597417,0.66862184,0.66862184,0.85265225,0.08194369,0.8361281,0.91874874,0.66862184
fc3470ab25d244689eedb244973f5cdb.jpg,3,66.303521,28.861826,3,66.296821,28.869785,0.82557476,0.82557476,0.86993396,0.045942307,0.8508303,0.9463487,0.82557476
fc48f26351e749e3b840ab8a03439022.jpg,7,37.741958,15.146813,7,37.779621,15.126684,4.546424,0.2565024,0.6580862,0.004419565,0.61750776,0.8451077,21.825962
fc6edcc352f5413ca5c9e5ee869988b2.jpg,4,43.79423,0.824933,1,50.633125,12.64889,1170.5042,50.032837,0.6238706,0.004004121,0.59963197,0.7556395,1151.476
fc7ed0bbd573470d937f363cd71d6927.jpg,0,53.268626,30.658973,0,51.978862,30.45619,144.06697,15.734129,0.8485333,0.013975263,0.8211388,0.97001386,55.099323
fc93fe942cc247969334c3d0ceefcc51.jpg,4,48.3861,-4.761849,4,48.387623,-4.761936,0.16947195,0.16947195,0.7085331,0.024953783,0.71767336,0.7114584,159.34721
fc9984bbdaad43278071baeddad472e6.jpg,1,49.920955,7.902567,1,51.830832,6.669022,229.31987,15.383806,0.72078687,0.008302033,0.7183118,0.76686174,769.76324
fcc82a502a9a432eba84a8523cef8137.jpg,4,43.445493,0.31345,4,43.280181,0.109793,24.676933,24.676933,0.70338976,0.034692407,0.69715345,0.8358779,303.56592
fcfd731625aa45b4876e36b3633b56f5.jpg,9,51.597294,18.654489,11,39.084139,35.858293,1925.5531,39.563377,0.71357954,0.0092122555,0.69019437,0.80712014,1925.5531
fd19b6ab15f74b6cba75b48fea82250a.jpg,1,53.14762,7.780379,1,47.622436,11.726609,674.8278,50.535297,0.64506847,0.0034294724,0.608316,0.79207826,674.8278
fd2f08d9da914961bc00f4ed68d3f710.jpg,0,54.454921,25.890965,0,55.441259,28.657214,207.91052,2.5654466,0.6777477,0.007981002,0.657727,0.76269054,178.62158
fd39b35e73eb4df0819b42127d1d08b1.jpg,4,49.54541,1.512449,4,47.190351,5.598359,399.49606,84.40916,0.7297148,0.037670135,0.7138903,0.7930126,399.49606
fd9531545b36418097708c4ddb93edfd.jpg,8,70.04132,18.818739,1,54.129983,9.065803,1835.2416,429.22244,0.6849101,0.02821362,0.70394796,0.7101061,2032.7977
fd9c3dc73ccf4164a9440460de022fd4.jpg,2,43.728484,-7.687987,2,43.728971,-7.690226,0.18788098,0.18788098,0.7289753,0.035162747,0.7211384,0.8188632,2292.4558
fdfcb1fecb694957ae6cba61070b9420.jpg,3,63.299987,28.374453,3,63.298492,28.371361,0.22693786,0.22693786,0.88530064,0.050390482,0.86421204,0.969655,0.22693786
fe6a874f91404b70a6599076db6b1b17.jpg,1,52.763532,11.756891,1,53.100338,9.429948,160.38733,20.34337,0.7352257,0.054407537,0.7353746,0.84332913,393.30194
fe79f2675ba348efbb3680524dc34316.jpg,7,40.589654,16.250055,7,40.554271,16.271436,4.3290744,0.2838071,0.91130954,0.017358959,0.89461195,0.9847484,3.5747554
fe9e63942a3f48a191e28f11aea5adc8.jpg,11,37.354932,41.349491,11,40.182597,39.434952,355.52032,0.2575813,0.7188735,0.0069777966,0.6888636,0.8467104,0.2575813
feaf767c38b84a6aacaa4ad7c58a4591.jpg,1,48.520989,10.350077,1,53.782348,9.30698,589.5259,10.684665,0.77689344,0.045182526,0.76837903,0.8213165,168.14748
fec27ce768b24f3a922ec988fa89276a.jpg,5,51.614129,-2.591593,5,51.640981,-2.483109,8.061607,8.061607,0.802696,0.021077514,0.79430974,0.8362408,8.061607
fed9fcf60156498d8c43ee2f86d501e4.jpg,4,47.774731,-1.162269,2,42.771244,-5.038867,633.48663,308.75385,0.6470175,0.02369082,0.65600145,0.7507497,1339.209
fee65c946d2f4692810b0256eb835887.jpg,10,57.778879,13.292995,10,57.778784,13.293008,0.010591152,0.010591152,0.9012159,0.19694197,0.89194983,0.9382803,0.010591152
feee493a910b4bb1a8bae25dc196ff50.jpg,4,43.464629,3.40176,0,55.576146,28.678711,2246.8147,4.786098,0.8059862,0.0312922,0.79720175,0.8418345,2252.3933
fef0b35c8efd48a99a5b82febdeaad5f.jpg,3,61.109459,21.510456,3,62.807034,22.926899,202.75284,24.0258,0.8648815,0.011790633,0.84342563,0.952159,36.64977
ff0554dba41646a380f808378f4e14b5.jpg,0,55.148837,30.34275,0,53.605371,25.764625,342.49472,2.390136,0.8147951,0.012103975,0.7910681,0.94740283,346.71582
ff118951725a459b99cc1acaf77cc8db.jpg,2,39.700225,3.101041,7,37.518268,14.129578,987.7843,1.2673694,0.674738,0.011802971,0.6392439,0.81671405,987.7843
ff17918215de4a378dbde8f4c8991567.jpg,4,43.992367,4.336861,4,48.341386,5.406431,490.53964,21.048422,0.62230337,0.0063260794,0.61231875,0.72052467,549.60297
ff6de30f70f34cd6b304202d94ccb10a.jpg,10,60.948433,15.232091,10,61.220499,15.415525,31.819353,24.097765,0.8201345,0.011426032,0.7840544,0.9644551,31.819353
ff6e885764dc498295f885afe8c9af6c.jpg,1,51.565856,8.197228,1,51.794413,11.596427,235.71533,37.405064,0.6931323,0.016884863,0.71600956,0.7572385,615.9642
ff6eead17d6f4cfb952ac4a0cafd2e22.jpg,3,60.560735,22.447208,3,61.638746,24.337906,157.12454,29.027033,0.6903162,0.009922266,0.66505516,0.79136044,157.12454
ff78a75ce57e4f83b236f6990da710c2.jpg,8,65.100592,14.602914,8,65.082534,14.630677,2.392157,2.392157,0.8051261,0.068160236,0.778417,0.9119624,2.392157
ffa54cf2f8c546b4a8d7bf0ab0939722.jpg,5,57.961191,-4.049945,5,54.850177,-4.315069,346.31308,5.19293,0.7050929,0.002703607,0.67209613,0.8599037,67.32514
ffb4df833cd948d781af9e7859aed07c.jpg,1,51.996815,11.557226,0,52.467558,25.84126,972.5999,720.5419,0.791464,0.0013927817,0.7583405,0.92395794,972.5999
ffbaab002cce4339b6cf0886e1f7494d.jpg,5,55.822208,-3.996808,2,39.048829,-0.243978,1885.6599,38.835693,0.7031169,0.014336586,0.7074677,0.88167685,3042.9133
ffc49647426b48e480478e725a4ef0c7.jpg,4,48.095967,-2.801507,9,51.149424,23.576359,1919.4078,9.27235,0.662131,0.0064388514,0.6559441,0.81961226,2353.2458
ffcdbf8199b642439253e80a5eda0b38.jpg,3,64.746363,29.495029,3,64.746486,29.483094,0.5663451,0.5182315,0.8770361,0.011689544,0.8743242,0.9281091,21.331087
