filename,true_country,true_lat,true_lng,predicted_country,predicted_lat,predicted_lng,distance_km,top200_oracle_km,top1_similarity,score_margin,top1_local_similarity,global_top1_similarity,global_top1_distance_km
000f2b81d53847fa840df9bd0d59f9cf.jpg,9,51.659431,17.800406,11,38.73891,35.35651,1978.973,4.4106417,0.7079884,0.003602922,0.7086035,0.8139269,1444.4652
000f306e85ea4f5ca0ba89e76b6d698b.jpg,3,67.673233,24.221374,3,67.628428,24.204299,5.0341344,5.0003805,0.76608056,0.013522446,0.7918222,0.7119665,356.663
003e7647a298476f9a6d86b43aa613f3.jpg,5,52.771584,-2.733232,5,52.064439,-4.314682,132.98134,64.06341,0.6178015,0.004371941,0.62261575,0.7190918,3507.6726
0041ded3d11848a29e1b5f3e2a795dbb.jpg,9,51.776288,21.16491,7,40.014238,8.505446,1629.1659,12.522484,0.6920191,0.00833261,0.68074167,0.7371289,1629.1659
00440e61758940c089a060199d0820d0.jpg,5,50.37843,-4.942082,5,50.337254,-4.643967,21.63863,0.61901873,0.79006135,0.035186768,0.766458,0.8844749,21.63863
004d6a54456c4568accb522ab7ef6736.jpg,0,53.483668,26.399052,0,53.473673,26.419556,1.7539173,1.7539173,0.77043843,0.0066042542,0.75137347,0.8767714,68.159134
004e2663dd664c728eee9b671633815d.jpg,7,39.079642,8.418951,7,39.090338,8.387709,2.9471657,2.199689,0.8034221,0.022168398,0.76668775,0.95035946,2.9471657
0050602ff67c4226940f39601ead69fd.jpg,1,51.058411,14.616768,9,52.116149,21.240248,472.28787,19.576351,0.6209961,0.0040283203,0.6100881,0.752534,516.88684
005658d1ba634559a38d1c7ebdbf7f21.jpg,11,39.125923,30.16177,11,39.16591,30.142768,4.7387037,4.7387037,0.87281364,0.06508714,0.85331756,0.9507978,4.7387037
007111be52084672b8eed21fa7298449.jpg,9,50.379338,19.758415,9,51.623804,17.772306,196.10727,50.973835,0.68680394,0.008243084,0.67443347,0.79065657,86.14413
0087f52cd0b9428b9b8f1576f3bf91f0.jpg,2,39.351556,3.132722,2,39.37136,3.147322,2.5347126,0.7568038,0.67067426,0.017010868,0.6446321,0.79427695,25.14392
00937a4d0d6b4653b84e010a74a70afb.jpg,10,55.735412,13.860623,4,44.224642,2.772608,1501.5206,1.0420785,0.7502026,0.020563126,0.7270929,0.84264123,1501.5206
00bf755ac0f84c9d90fc5a4f7ee74ba5.jpg,10,58.281304,12.745366,10,57.692491,18.53034,347.1145,13.818569,0.70481414,0.011264801,0.6729274,0.83236086,347.1145
00d4d532911b4b98a169f0ea1b7a2c3d.jpg,7,46.826268,11.935988,8,61.388137,8.810814,1631.5099,381.72665,0.65296376,0.03281927,0.63989115,0.7052542,1631.5099
00e55fccb2f94dd5aa2e35eb423543da.jpg,5,58.538793,-4.297489,5,55.355527,-1.854006,383.6698,3.804484,0.771039,0.00013637543,0.74105704,0.8909669,383.6698
01204bb1cc974cebb6b59957b76bc699.jpg,1,51.46135,14.74825,1,51.495669,14.680962,6.0230722,6.0230722,0.7909227,0.076286614,0.7789094,0.83897585,6.0230722
013dab95aed1425185b471f4ec69f0ca.jpg,10,57.972152,16.238288,3,64.005952,27.423579,899.71454,13.075087,0.6202698,0.0019772053,0.61845803,0.7897903,125.75407
01615a38a6d54005a77a7aef896b5b9c.jpg,7,40.534118,17.482498,7,40.780925,17.583224,28.728931,6.371397,0.7481228,0.038691103,0.7323473,0.8134775,64.33251
018a7fe033084603bd87c0a255fcd5a4.jpg,5,57.5645,-4.440971,1,49.802499,7.254314,1153.6222,75.77007,0.78181094,0.042502344,0.7529256,0.89735234,1153.6222
01b8c8b205c6494d998861669217921a.jpg,10,56.885884,14.229187,10,59.772994,16.115573,339.36227,47.945286,0.7328679,0.028927505,0.7126796,0.84710866,374.95563
01e3915d80cb4799942e0d86839d45b5.jpg,8,70.176525,23.895657,8,70.179302,23.9321,1.4083989,1.4083989,0.9826811,0.0020895004,0.9789372,0.99765646,1.4083989
01eab2f6b6bc415b96db6aa460c5b7bf.jpg,3,63.123632,22.698514,3,62.552665,22.034549,71.87925,1.1984222,0.87908775,0.00974071,0.85759556,0.9650564,71.87925
022f1af55c6443ac9bd4462ec77c28c5.jpg,8,65.832434,14.891018,8,65.841438,14.814617,3.618729,3.618729,0.856469,0.014562428,0.8402903,0.9476465,157.40915
024f8bbb735344c2a20ba35ebbd04a04.jpg,6,65.364323,-14.850339,6,65.362214,-14.866272,0.77488333,0.77488333,0.9598572,0.009795666,0.9535918,0.9874713,5.0831785
0286769eb75846c3b56da0fd12ea2c0a.jpg,10,61.664889,16.058077,10,61.66414,16.058122,0.08331897,0.08331897,0.81932014,0.025701106,0.80090916,0.9255599,82.31245
029301fc439f441b8ae3069a8cde8bd8.jpg,5,52.122193,1.350357,5,52.151115,1.501395,10.79826,5.020893,0.7177667,0.0072861314,0.7010414,0.8730624,95.43753
029e81ada9364b89aa7de702cf506c14.jpg,1,51.044009,11.542572,9,53.517441,19.013004,577.44434,0.4623855,0.6625422,0.0142802,0.6678357,0.7649549,250.6702
02bd464c45204d89b79820055f487f68.jpg,1,49.734777,11.693424,1,51.759107,11.671638,225.10075,12.226595,0.7519024,0.0077142715,0.73307574,0.8272091,225.10075
02c6013afbed4707a6b0c5bfd58bba2c.jpg,3,67.674354,24.220713,3,67.628428,24.204299,5.153686,5.1199713,0.8486105,0.009495974,0.8395196,0.88497394,5.153686
02c6972865ba4b38911fad8198854591.jpg,7,39.046161,8.424981,7,39.040277,8.424858,0.6543581,0.6543581,0.77305186,0.018632472,0.73716545,0.9165976,0.6543581
02cd0122233b4402b3fcfd4894ef09e9.jpg,6,64.845934,-13.78368,6,64.846705,-13.78282,0.09487883,0.09487883,0.94567263,0.0256778,0.93542546,0.9866612,0.09487883
02e0c2065d3449feacb4b0b81eb6e89e.jpg,8,58.999442,6.087284,8,59.194105,6.133937,21.80892,21.80892,0.74223906,0.05122596,0.7171337,0.8426604,21.80892
031de3dea94b44bd99a7730837ad0bc0.jpg,1,52.249845,7.641704,11,40.989824,31.202115,2176.1729,41.10285,0.6765391,0.032588184,0.6837076,0.7254284,621.3827
034522568c2b4a1aa0ee9d3cfcd16ceb.jpg,10,55.617004,14.199052,8,68.342967,19.086247,1436.814,3.7109861,0.72342336,0.01361388,0.71534365,0.76635027,1304.3715
034a22002d0d414e9147a873a065d059.jpg,9,51.29785,22.142687,9,51.307027,22.118108,1.9902451,1.9902451,0.7353511,0.04060203,0.7050673,0.8564862,1.9902451
038210b687c94694ac5bccdc77a48f61.jpg,9,54.729503,18.23875,9,54.777025,18.237397,5.284926,5.284926,0.6260421,0.026549399,0.6161002,0.7404574,295.15103
03873c399ab0473898be6b7749405297.jpg,5,58.062623,-5.016091,5,58.065262,-4.982217,2.0139327,2.0139327,0.74336773,0.024917662,0.72755194,0.8646233,58.779667
039af00417e34a63a272eef398da30ea.jpg,7,44.415407,12.030543,7,44.43695,12.004107,3.1851726,3.1851726,0.8029051,0.009475887,0.7806074,0.9163127,350.52664
03afa1a25f3740b28637e64ffd368af2.jpg,1,53.454319,8.344698,1,53.45502,8.344848,0.07857792,0.07857792,0.81784976,0.08172059,0.82991767,0.82413036,350.67847
03f24504e5654a91bb92a7d4fe8845cb.jpg,1,53.439991,8.340358,1,51.606446,14.078887,438.34055,54.259148,0.66150165,0.0106855035,0.6667675,0.79190993,588.8816
041706580b224db6866e3b762fc2bf72.jpg,3,62.530215,28.540799,3,64.25866,29.170698,194.73502,11.877064,0.8529792,0.011021256,0.829451,0.9470918,194.73502
04267539a7b64e52bb6bc5eb0180fdbf.jpg,2,39.485393,3.158413,2,39.560402,3.244096,11.116548,3.915002,0.8047615,0.00049072504,0.7802274,0.94883394,34.10246
042ebf6ccf084d6eb0d8dc69c49cd455.jpg,2,40.05615,-3.071862,2,40.381443,-3.478168,49.984497,44.1501,0.72544813,0.095448494,0.7267369,0.720293,49.984497
044d2f201efe46409ea542a3f80be7a3.jpg,7,46.640468,11.686222,4,44.420501,4.868979,585.33344,120.15755,0.659878,0.0013685226,0.6199875,0.81944,585.33344
0457cf63deb04551bdae61b497339dad.jpg,11,36.901781,28.273484,11,36.922274,28.280009,2.351405,2.351405,0.7213305,0.054496944,0.7562033,0.6999396,1658.8584
045cf067c8d54f42800e777f015cba32.jpg,9,49.3573,19.036121,9,50.524787,21.191122,201.56856,46.413345,0.7233385,0.023268104,0.71640265,0.80473685,339.87952
047473be4af246d6b0657e021857c584.jpg,7,44.559117,7.160927,5,49.998709,-5.21269,1110.1251,895.0901,0.72473735,0.008723021,0.6914276,0.89730215,1113.7664
04d131ec538b46ba8d68de0af396242e.jpg,0,55.16685,30.316846,0,55.167441,30.312024,0.31323043,0.31323043,0.8990063,0.2500075,0.88432336,0.95773804,0.31323043
051ed89945584dbc845e74defa7874cc.jpg,3,63.536019,25.748219,3,63.33134,25.607443,23.811684,6.5479493,0.92329717,0.0062493086,0.90783894,0.9851302,23.811684
0552a2f3597b41e4acb8c7dc460ce711.jpg,8,64.702727,14.059561,10,64.742749,15.802441,82.869225,13.189577,0.7759528,0.02870971,0.78611463,0.7506496,90.598625
0562251be34d4897bb2713ade1341d3e.jpg,0,55.015351,29.406464,0,55.527597,28.815137,68.172,2.537256,0.88050056,0.0077183247,0.8573348,0.9731636,68.172
057da527503d45cfb5bab9d39611fa09.jpg,9,51.654388,21.585578,9,51.581611,21.773624,15.298486,15.298486,0.7617908,0.03427273,0.7988178,0.7650274,870.32605
05b366f380de4e16af0834b45f54d98f.jpg,6,65.074921,-21.107756,6,65.094961,-21.09051,2.3702714,2.274257,0.81227624,0.0025333166,0.7940725,0.9031703,2.274257
05b6baac717a46eb9a409a5cb5d3e7f3.jpg,7,36.82738,14.532361,7,36.843245,14.457916,6.856172,2.8033764,0.8370629,0.05416006,0.83336586,0.85185117,6.856172
05c63dc4e02f49548153607818e61714.jpg,1,47.517677,10.287084,8,58.097743,7.001151,1196.6409,8.194722,0.6363884,0.020188808,0.63670254,0.7486931,1074.4172
05f96720d56a426e98f1731fa86088fb.jpg,7,40.170046,18.465592,11,38.58438,27.35098,783.43555,25.871946,0.6111115,0.012345433,0.59816873,0.7871796,557.95306
061c47e7b5f8422a9eabd8bce82ce7e8.jpg,3,65.875342,25.589188,3,65.889458,25.672381,4.09286,4.09286,0.91147524,0.050867498,0.8945596,0.97913766,4.09286
06213ba7082d4e4c9bfe58075df5ecdb.jpg,9,54.327182,17.281965,9,54.233978,17.47706,16.364988,13.365096,0.7166728,0.016928256,0.7013484,0.8085744,271.299
062ba9f2d82841ec93fc441df69677e2.jpg,4,44.650906,2.271396,9,49.97559,22.024228,1596.5579,104.372536,0.66757095,0.019711971,0.65043986,0.7360952,1596.5579
0660a5f1d0ab4494b248f4266126f7e9.jpg,1,52.429465,7.036078,1,53.231996,10.225927,232.10849,8.955908,0.711985,0.0030291677,0.7036029,0.7910466,292.1251
067095dd704b4b368d3e489913525b8a.jpg,6,65.204165,-13.814302,6,65.191485,-14.013813,9.412358,3.194345,0.7234395,0.020204067,0.7375408,0.7826782,1300.8314
0676cc142ee94ff4a8fe5e890db0a351.jpg,11,39.904398,42.342804,11,40.012655,42.210837,16.474777,15.796722,0.7673304,0.005836129,0.72336125,0.94320667,16.474777
067ae679d02f4287bda87f93198b1cd6.jpg,9,51.503922,23.561949,9,54.227283,16.347459,570.75775,3.9209929,0.7015175,0.009119153,0.6636131,0.866699,435.2801
068510bd864f4ff2b465cb110c24e44e.jpg,6,65.771567,-17.177925,6,65.555067,-22.363214,238.75403,8.501404,0.86238873,0.00017666817,0.8569705,0.9241012,222.51578
0693de559a1f4e60a4c7e7ea619de42f.jpg,6,65.99501,-17.378977,6,65.841824,-17.295279,17.45171,13.919938,0.8835236,0.025239944,0.86868304,0.9428855,17.45171
06b275171c56453aba2b0f0db055965b.jpg,11,40.101248,31.548031,5,53.126262,0.29747,2759.1775,43.584904,0.7805766,0.03319335,0.75761855,0.8724086,2759.1775
07407d6170c842ff8633e059613ed804.jpg,0,53.399106,27.105411,0,53.397301,27.10569,0.20155771,0.20155771,0.83106095,0.15283298,0.8174399,0.8992424,165.99512
07458b25a7044a7fb0d6c07f14d72810.jpg,6,64.909716,-23.795982,6,64.912407,-23.800747,0.3741811,0.3741811,0.93234724,0.099714816,0.91953665,0.98358953,0.3741811
078236cc48044df7923c03df10a0cabe.jpg,1,51.960149,9.088797,1,49.702115,8.963045,251.23744,122.74692,0.68776834,0.017756104,0.6647569,0.7798141,251.23744
07df25b84a9548328ffb16c096efdb55.jpg,4,43.630315,-0.931072,9,53.002843,15.012551,1567.2473,1505.0605,0.7699143,0.034681857,0.78414416,0.8581331,1988.0408
07e09c7c49ce481f8e49b217f1d20617.jpg,5,54.630499,-5.784231,5,54.622706,-5.764378,1.5440463,1.5440463,0.6360491,0.03152412,0.62996256,0.7348017,454.6308
07eb572d9b384b6cbe4cee9fe9b1dd00.jpg,7,36.815249,15.069422,7,36.816285,15.049098,1.8128871,1.6725924,0.7912858,0.042946458,0.791604,0.8126808,3.7356842
07fdc0a3ad394e6e92290c39c9278332.jpg,4,43.697254,6.851151,4,48.201847,5.578815,510.43558,40.440533,0.6544176,0.00042927265,0.64520085,0.754604,785.02
081a65cc23014d8b877041aa86ef88a2.jpg,0,54.654211,25.991482,0,54.584442,25.889414,10.167076,9.043834,0.8196045,0.01579982,0.7995991,0.89962596,10.167076
0851331bf1014e9c9f758a4be29563bc.jpg,2,39.636156,2.650821,2,39.512192,2.767183,17.013826,6.532667,0.8107123,0.045520127,0.8035569,0.8553026,16.85085
085bf54b476d454b988952c0ce641fc2.jpg,5,53.547693,-0.01455,2,28.049492,-14.331906,3067.4863,46.15815,0.7217126,0.028461158,0.7270108,0.76146317,3117.4478
0873d00a658c4c1298f52456effdfeeb.jpg,7,45.186569,11.238827,7,45.24649,11.006934,19.347452,11.863962,0.6773398,0.014041185,0.62473667,0.8877524,19.347452
0888345ae8664ac9b29d053585a8fa68.jpg,8,64.743564,12.846071,8,64.743823,12.846214,0.029587887,0.029587887,0.94192433,0.049580097,0.9293849,0.992082,0.029587887
08a1453036f94a9887a0a8ce62a226e8.jpg,5,56.98482,-4.873062,5,56.85582,-5.030483,17.234669,6.3161197,0.7571602,0.017502367,0.74601305,0.8017486,17.234669
08b0bcc485d345e6b1a464052512d97a.jpg,7,44.630656,12.240758,7,43.485511,13.633364,169.10275,71.10624,0.6753672,0.0073460937,0.6797741,0.7691923,168.35883
08be0ea1af9143899029ca76a7328c36.jpg,9,53.036349,17.428155,1,51.794413,11.596427,418.78653,16.906532,0.74742097,0.04856044,0.73583424,0.8196367,135.59084
08c327273339458e99658b64b96ee7d6.jpg,7,37.338032,15.041791,7,37.021027,14.409258,66.20295,1.9599293,0.7431282,0.02893281,0.7351179,0.8029381,74.170944
08f81d5b8ef944f0a6fd6b0dd85fde4e.jpg,11,36.838576,35.627548,11,37.511912,30.543635,456.55093,3.2842155,0.6951695,0.037063897,0.68241423,0.78544784,510.98987
091b9952f1714d638b537fa2ff6d1153.jpg,6,65.429899,-20.592736,6,65.42946,-20.593079,0.05132619,0.05132619,0.9733331,0.052833676,0.9679004,0.995064,0.05132619
0921848fae494c73b87e661567872aa9.jpg,4,48.358327,3.984238,4,50.045754,3.229318,195.48288,63.838593,0.7116972,0.03763938,0.73727536,0.6571476,308.1554
0933fe88fc53443489a88c553c0a69d7.jpg,11,37.110762,30.616313,11,37.228447,30.503555,16.464008,5.1485147,0.7924559,0.03466773,0.76696104,0.8944353,16.464008
096c28b6bfd24895b1e7b5a798359304.jpg,0,55.316826,29.447743,0,55.316556,29.450466,0.1748925,0.1748925,0.85508955,0.0014812946,0.84754765,0.95003945,25.699383
097943d29b294cd0bc4dab8afb128c04.jpg,11,39.227694,33.030882,11,39.446009,32.865233,28.147005,4.1436214,0.80527765,0.05645871,0.7899225,0.86669827,28.147005
0989cb2a60184aeb9a3553303a95fc9a.jpg,10,60.080713,16.013748,10,59.980547,17.157321,64.4892,7.1349216,0.8121037,0.0036099553,0.77763844,0.9534582,61.490936
09a1b6fd80274a3898648e5384f56075.jpg,1,51.788599,12.82498,1,51.64054,12.589013,23.137104,15.61215,0.7755542,0.024005234,0.75805247,0.8539008,76.13479
09ae5e5717b3459f8e36bda782ba6032.jpg,1,50.497641,12.974836,2,39.704267,3.105209,1425.6902,11.989154,0.5922229,0.0044303536,0.59311,0.6743592,174.56143
09c2b2161fb1443d9e1e37d46066dd9d.jpg,6,64.369062,-15.312567,6,64.368309,-15.315474,0.16298069,0.16298069,0.78275627,0.033122182,0.77319837,0.8236891,81.71059
09e592829b1d4b7d951cecbfc69ef90b.jpg,5,50.59528,-4.745895,5,50.199853,-5.340589,60.911076,2.5565476,0.69498783,0.0039194226,0.6795861,0.75659454,60.911076
0a8fc2744333480ba277d7172bd16f03.jpg,11,38.416976,43.233638,11,38.307038,43.01549,22.609753,4.897404,0.70983356,0.0059353113,0.69595075,0.8833153,1152.3018
0a9e4bfb45c74d69afa1595cb75794b4.jpg,5,58.514496,-6.259057,5,58.513234,-6.255527,0.24843685,0.24843685,0.8710958,0.015421689,0.85173476,0.9485395,0.24843685
0aa1c10cee0449919576a351ab492229.jpg,8,64.643619,13.837867,10,64.929175,15.675046,92.63201,0.7895035,0.73098326,0.007493317,0.759268,0.6661247,257.14658
0aa4ffe4e3f844d596c65d3336536344.jpg,5,50.466304,-4.700678,5,50.58229,-4.703927,12.899117,1.2786806,0.84387374,0.0026370287,0.8132856,0.966226,12.899117
0ab06fd094e4402e9e9332dbcaee7d96.jpg,6,63.456382,-18.634777,6,63.463021,-18.61233,1.3374684,0.37261337,0.9281447,0.023642898,0.922553,0.9505114,1.3374684
0ab351d2784b4c0a8600d942274821b3.jpg,0,52.887352,30.670181,0,53.092916,30.511326,25.209738,4.2819157,0.71937144,0.008599043,0.6889889,0.8409013,25.209738
0ad3f7b27f734671b94f5685342683be.jpg,5,56.189525,-3.204667,5,56.626356,-2.525955,64.05324,18.320066,0.74666786,0.033590198,0.7214975,0.8473495,64.05324
0ad57f08cbdd480a898fa35bbb967b36.jpg,3,65.81924,26.549113,3,67.333708,24.907615,183.35294,8.0935,0.80826783,0.0071259737,0.80052173,0.909207,8.0935
0aec1cd7de6744e0ad957b6a199dbc84.jpg,1,51.734504,9.775652,1,50.486272,9.963309,139.414,5.1871347,0.63603735,0.0022326708,0.6344265,0.6964707,604.8353
0aeefa2e3da14ecc91c0476bf92eb341.jpg,0,51.694168,29.13805,0,51.701238,29.145248,0.9295866,0.028827248,0.95103145,0.002539754,0.9424137,0.98884326,3.1941903
0af6e0b5482745168dc2fa8f5725edbc.jpg,3,67.077335,26.562892,3,67.198057,26.67986,14.343286,14.343286,0.86653066,0.023116648,0.8655923,0.87028426,14.343286
0afc823f538844a1a3ccf522b0ec62a2.jpg,5,53.782007,-2.711086,5,53.781129,-2.710831,0.09905638,0.09905638,0.7479117,0.07997334,0.7378036,0.80031884,302.7485
0b047691aaa54880bf4aa851d2e6eca2.jpg,5,52.434806,1.466523,5,52.809217,0.04103,104.843254,13.965463,0.7866731,0.00022292137,0.7510477,0.93112445,174.6154
0b3fbc45dead4f8a9942b65b5929235e.jpg,11,39.113367,35.665832,7,40.559835,16.411502,1648.5449,1488.1459,0.60848325,0.007858455,0.59781694,0.85109186,1793.7537
0b526a2aff29442ab50b46210a9a8cb5.jpg,5,59.025661,-3.272149,5,59.093421,-3.321005,8.035635,5.2930083,0.9345151,0.019717574,0.92435026,0.97517467,8.035635
0b7afd8b5db04ae68eb5410a8899b85b.jpg,7,45.411884,7.687384,7,40.787341,16.555149,883.91113,412.9446,0.6477106,0.022750616,0.6248754,0.73905134,883.91113
0b89b2882bf7436e8eca0440582e0a49.jpg,5,60.776725,-0.826717,5,60.777798,-0.826542,0.11968997,0.08981042,0.893033,0.047362804,0.8862525,0.92015505,0.11968997
0ba5031a0621437f9f35df96b2f63764.jpg,4,50.377558,2.089803,5,54.954579,-1.845654,573.76404,116.11125,0.69240606,0.01257205,0.7035291,0.80130047,759.6618
0beed69c7baa43af836c3e9550a57e89.jpg,10,65.635883,19.671551,10,65.641953,19.68753,0.99634534,0.99634534,0.8994342,0.0137706995,0.88358057,0.96284854,0.99634534
0bf728691c3e408e934b2f2c1efddb78.jpg,7,39.605362,16.679942,7,39.604502,16.69146,0.9913835,0.9913835,0.72141683,0.02233702,0.73470217,0.8040323,541.6947
0c0be5e4b92146a58350ea47671587d4.jpg,8,68.227348,17.441107,8,68.661656,15.519513,92.16241,2.5215967,0.81723183,0.0086686015,0.783533,0.9631626,63.70648
0c4d978580384ea397396cf93c9c9fc9.jpg,1,49.205723,7.076011,1,53.038133,10.694608,495.21375,54.225075,0.6485575,0.018303156,0.64016074,0.76041865,837.8697
0c67ae13e314430aa3fba65cd6a9834f.jpg,10,65.6474,19.698702,10,65.641953,19.68753,0.7932873,0.7932873,0.9049031,0.01307565,0.8876014,0.9741101,0.7932873
0c72149df74043318248fe18bf1b8f07.jpg,7,41.090086,9.234108,7,40.948755,9.038381,22.728958,9.840474,0.7876065,0.008261561,0.7656286,0.9029356,20.759834
0c8cb221476145e99cd2214b58892ebb.jpg,3,61.473663,24.321437,3,61.457804,24.746751,22.65972,7.8642015,0.7836867,0.042315304,0.74954057,0.9256556,18.560968
0cab38b04be143e3b68e1e00185ff1d1.jpg,3,62.924687,21.745879,3,62.590906,22.753056,63.288883,3.96703,0.7068087,0.014961481,0.6907025,0.81723773,216.51682
0cd592f90b2347c7881e892b18d071d0.jpg,4,43.699774,4.537026,4,43.695075,4.540955,0.6105607,0.6105607,0.8996988,0.11354041,0.8879203,0.9468126,0.6105607
0d3cf4a38f3a45008a4ac6d8ccdc10fa.jpg,5,54.419356,-3.080131,1,53.089773,11.289851,954.50055,31.593483,0.69272465,0.023803294,0.6643599,0.8421108,1063.3505
0d3d4026bde849df9389669d216d446e.jpg,11,38.607953,41.150279,11,38.277508,41.09839,37.02071,4.5005493,0.8028348,0.0019626617,0.8041396,0.80662864,7.915907
0d63848f9a6341d381bdcee6e75004ef.jpg,10,67.423026,22.42199,10,67.730799,20.684616,81.245415,4.8426948,0.8514129,0.022782147,0.83702415,0.9456787,120.826836
0d92a782a296458aa3523db4508a3250.jpg,9,50.638338,18.479008,8,61.927368,6.841633,1441.3663,59.572098,0.63299763,0.0012564063,0.6134558,0.73670197,781.93976
0d9ed343104c4f58be80b1b9c4182c89.jpg,11,39.559239,40.033464,11,39.561066,40.029479,0.39746162,0.23065789,0.91467476,0.005818963,0.897197,0.98823065,1.0330113
0d9fe9dddb434f9c80de31877b94a9b2.jpg,7,43.80519,10.722652,7,43.8111,10.727295,0.7554323,0.7554323,0.80061346,0.04595834,0.7883037,0.84985244,0.7554323
0dbf5964fd334ed7af85de2e3434cd78.jpg,6,65.89799,-18.067247,6,65.640458,-20.780221,127.06658,0.17902993,0.75520337,0.018544495,0.7206951,0.91070414,122.911064
0dc35990126c49408a55bdd131aa7c1c.jpg,3,64.224445,29.361985,10,65.314309,15.858111,650.1037,61.847214,0.7888311,0.04512906,0.80895513,0.86719924,858.2867
0dc41582c308419d9c2247fa71e2ffd1.jpg,11,40.993334,37.875734,1,49.750467,8.528452,2470.4597,2114.6052,0.6880475,0.024611473,0.6640508,0.8081819,2456.1455
0dd289bf834a456797b665980a7915f7.jpg,4,47.969257,2.169446,1,51.713992,6.388821,514.52997,438.71832,0.6694468,0.009251773,0.6472583,0.84771174,735.19415
0ddae775a65a47e5ae08e3d88bcd724a.jpg,10,63.809388,14.385587,10,63.821629,14.39159,1.3926436,1.3926436,0.8822503,0.042343557,0.8633713,0.96199167,90.467415
0ddb618eb4ee47e48ccd6563369a0eba.jpg,0,51.992676,30.469642,0,52.283926,30.310338,34.161728,6.010697,0.7970362,0.0031272173,0.7738854,0.93178916,200.75507
0de387c61ad942608c9e043aba0eb2e8.jpg,0,52.740559,30.777972,0,52.766799,30.759434,3.1733015,3.1733015,0.85628474,0.021186173,0.8417324,0.9507627,4.326941
0dfdabdcf0cf4487881f5c67963c44fb.jpg,0,54.090335,28.270595,9,51.480548,22.084133,506.96646,5.550295,0.6609729,0.022405028,0.65406984,0.766785,537.5945
0e22c3256a7f4ecfa30298161e339fda.jpg,1,50.402256,8.233741,5,50.095049,-5.559013,979.91345,584.52795,0.6657668,0.0106422305,0.6662129,0.7651651,2214.6372
0e24931aaa6a4fb9b95dedead3095361.jpg,10,67.844216,20.40036,10,67.711093,20.740547,20.586044,0.18535534,0.799682,0.01805693,0.778841,0.88304603,20.586044
0e32d091580140c5bd99315d84ecbfde.jpg,5,50.128064,-5.566661,1,53.192195,7.7251,976.3083,294.40802,0.68615574,0.0018930435,0.6501069,0.8345376,973.3678
0e39957bedb745a6baa2eba6675edcc4.jpg,4,44.415,5.676949,4,44.173996,5.901285,32.201626,21.98191,0.6427034,0.0020241737,0.6119571,0.7751936,157.19942
0e4c3f605f5847949a5a548530eef768.jpg,3,63.017775,29.71258,3,62.98714,29.761209,4.198729,1.320559,0.86945,0.004138708,0.8460458,0.9685179,137.57681
0e51f7adc09f4118a7f328ecd0f4dd0e.jpg,7,40.977626,14.846478,7,40.997245,14.835634,2.3638036,1.7976034,0.7323022,0.03283477,0.7338366,0.76231444,2.5331545
0e7251646da247888031f56b22277969.jpg,7,45.709286,9.873363,7,36.841353,14.460171,1057.4766,224.99876,0.7701787,0.04965973,0.75661206,0.83912635,1048.2809
0e7589d51d8444c4a1ec3fd448bfe233.jpg,9,51.448208,22.497414,9,51.429984,22.494215,2.0385141,2.0385141,0.74425113,0.015350223,0.72126466,0.8361968,2.0385141
0e9cfb53411c4cbbbca8d17f78910a51.jpg,6,65.723605,-14.778215,6,64.532691,-21.609992,345.6376,4.2461205,0.72505677,0.030483663,0.71114194,0.83091664,121.806046
0edfdadbbeea48b6ab4cb7ca42f2dc1b.jpg,10,58.994291,16.608067,10,58.964634,16.605987,3.2998657,3.2998657,0.7511065,0.040762186,0.7405211,0.7934481,3.2998657
0ef93e2fe50b4be2b7112a87d0aae833.jpg,8,58.902235,6.855525,3,66.992849,25.256661,1285.1107,0.10693148,0.74927497,0.0046896935,0.75069153,0.7996479,1369.4126
0f0586f2917c4623a38803e4d4cd584d.jpg,4,44.684883,-0.533954,4,50.366908,2.7965,679.32135,4.276751,0.73126733,0.039934754,0.71932936,0.7790192,679.32135
0f5f53aeaa3a4647a85873d42874ced8.jpg,2,39.489617,2.805731,2,39.394493,2.941892,15.766842,0.78695774,0.7911214,0.009622037,0.76128817,0.9104544,15.766842
0facfce8cded4ffeb9a5c0a1d5394d21.jpg,6,64.794654,-14.007301,6,64.788093,-14.005102,0.73694676,0.2374122,0.7772233,0.033596456,0.7580495,0.85391855,0.73694676
0fcf8fc120ce422e8a62cf4ee74cda37.jpg,0,54.185632,28.473198,10,57.778784,13.293008,1022.54395,22.603298,0.64002764,0.0050858855,0.6148771,0.7581575,1018.0699
0fdfea930cfb4a079c530c39e6d79b81.jpg,5,55.528783,-3.77206,6,66.084803,-15.145187,1321.309,1153.6284,0.6744649,0.008549869,0.66783196,0.7990954,1324.1334
0ff0c158d00b4c1cb0da72c3ec70d8ff.jpg,0,52.470551,23.641035,2,36.328017,-5.928258,2922.0076,1393.9904,0.718534,0.009023726,0.6891105,0.87973017,2923.7874
0ff486f5c76c4ae0abd47f8992983fd1.jpg,3,61.420121,22.915087,3,61.115098,23.199209,37.16202,12.248281,0.7630442,0.03633052,0.7584476,0.8001329,54.944817
100f9fdb11654a258be51ab803f32890.jpg,4,46.070583,6.52562,9,54.659429,17.629052,1234.8977,283.36197,0.63024575,0.0039456487,0.63177884,0.69150317,915.851
1036e28d562f4e70ba1bac8d972c5a95.jpg,4,48.431734,-4.535243,4,48.464208,-4.51439,3.9248543,3.9248543,0.7246941,0.026328504,0.7167806,0.7996119,12.726789
10458cea54e84b62905d630b4b199cda.jpg,6,64.122871,-16.072287,6,64.118252,-16.080174,0.64056504,0.07098434,0.8916366,0.024431407,0.87145275,0.97237194,0.64056504
1050ad2a9c30407cb005d78ff61462c7.jpg,4,41.673453,9.31374,10,60.813004,13.428568,2146.3948,1441.0145,0.67275167,0.023921251,0.62516606,0.86309385,2146.3948
105acb0b22434bb5b5faef91b9c748a3.jpg,10,65.375874,16.126388,10,66.652856,21.273242,272.4336,2.5131254,0.85156953,0.0012781024,0.83443356,0.9398205,357.79813
107e989adaf747e2a63af0379537ff12.jpg,5,54.47734,-5.980135,5,56.221671,-2.91415,274.16568,1.5763445,0.8106706,0.04169053,0.7871972,0.92182386,1.5763445
1086e7de868e432b90b0da06c0936385.jpg,9,50.482034,23.445203,9,50.485841,23.449191,0.5087387,0.12602165,0.8398561,0.0047470927,0.8221806,0.92778283,1.0260152
10e471a767734de3958f515f679239dd.jpg,11,37.664691,39.233626,11,37.251083,38.703596,65.60411,6.711305,0.77730083,0.028326213,0.75282264,0.9142506,122.58068
10fa8f97a0df4ff987b96c94aa6957b4.jpg,5,58.034006,-5.23537,5,57.544358,-6.608867,97.93462,1.0129989,0.8407654,0.02292633,0.8146659,0.94516337,97.93462
110296090d874356b7934e53a13592b7.jpg,1,49.26116,9.024749,9,53.604248,16.195481,692.42377,68.846,0.63774174,0.009638846,0.6394397,0.74931604,664.27045
1143ddc7ebad4839a50caaac1f40cb26.jpg,6,66.128325,-18.895811,6,66.076868,-18.633666,13.12157,0.26676694,0.7630904,0.0020194054,0.7304196,0.9251799,45.38918
114c855f17554beeb102c2bceffb1bdf.jpg,7,43.594344,10.734146,7,38.020595,14.05986,679.8955,32.325546,0.74328667,0.026707351,0.7210847,0.83209455,679.8955
117e56030fea49088898c6fd8b8d19b7.jpg,7,41.914684,15.138913,7,41.923093,15.092242,3.9731195,3.9731195,0.8045966,0.07076192,0.80689853,0.7953888,3.9731195
11ad23a90a974866bb533580e1c559b9.jpg,10,57.082063,12.527574,10,57.057636,12.499418,3.2053392,1.7588396,0.66310537,0.018323243,0.6708505,0.77227724,293.35846
11b20522096f4f43b89e2f8abdc7ba47.jpg,10,55.732714,13.55481,9,54.702913,18.356784,325.32825,14.32835,0.6482533,0.004634261,0.6147252,0.8000972,307.69742
11c9d87cb56b4552b99b5e9718e98561.jpg,9,53.879468,14.577397,1,51.846408,12.319028,272.1648,10.107153,0.7102781,0.005160272,0.709658,0.74213064,387.06458
11fbedb70d9041cea838f05db34cb8e3.jpg,1,49.889983,6.468276,10,57.37232,13.478941,950.6566,145.06871,0.66944647,0.056631207,0.6645488,0.7771185,1393.524
121f90ce52734780904d2b871e33c6ce.jpg,11,36.716015,30.56104,11,38.185375,30.063727,169.1798,16.731724,0.7059956,0.004605472,0.7075984,0.7756561,1931.3295
12300aa85851487ab61580acf2aff771.jpg,4,44.483317,-1.075284,7,45.268766,12.299719,1056.2963,369.42856,0.7331328,0.026009023,0.73026305,0.7954237,943.1814
12885c39917d451981d1f3edbdd7f7c2.jpg,2,38.89953,-7.061542,8,69.151995,19.050857,3705.8503,1561.488,0.6412039,0.0032094717,0.6410035,0.7418828,3417.9553
1290ca17007c4973af2751b257d696d9.jpg,8,64.736661,12.827589,8,65.67418,14.159172,121.333115,1.1896334,0.8268513,0.0069625378,0.80079985,0.9466921,29.091122
12d10d7687ce45f0ba4a003cee199566.jpg,3,67.511624,27.950769,3,67.536336,27.925598,2.948832,0.3599188,0.7912745,0.03631407,0.774897,0.8661492,790.7036
12d2f21e29ca44119b849d04f5918f54.jpg,3,63.918834,26.879408,3,63.941637,26.853145,2.841871,2.841871,0.8194694,0.05664891,0.80181515,0.8900863,2.841871
12e0994de06943b3aad08914ccca56c0.jpg,10,57.486195,15.026928,10,57.487277,15.025628,0.14322022,0.14322022,0.7610945,0.01238358,0.756409,0.82427144,0.42602584
12e92672d8174b269b32e82bf492aee8.jpg,11,40.521518,36.14152,11,40.511476,36.146334,1.1884623,1.1884623,0.730442,0.058097064,0.7147884,0.79305637,1.1884623
131ad35c918b4b2cb5aeab4626e03dea.jpg,1,50.590824,6.516806,2,42.154682,2.073288,997.6152,32.06483,0.67045784,0.0044624805,0.67625034,0.72059155,778.96564
132e86f90f9b4e658d9b983b91d30543.jpg,5,50.370888,-4.96314,5,50.500133,-4.719893,22.435282,2.3317242,0.8244726,0.008810699,0.7963902,0.95772415,4.6812935
135b43703f38485b904833b52a0e5d54.jpg,6,66.008617,-22.933184,6,66.008824,-22.933042,0.023896022,0.023896022,0.99129194,0.01668781,0.99043596,0.99471563,0.023896022
1366557290e94d16b2cb1c11849ac392.jpg,4,44.648167,0.591893,1,48.769861,13.732103,1099.829,481.24927,0.73684907,0.03744304,0.72478765,0.7850947,1099.829
1368adb8117744ba9ebeca9bfc35dd97.jpg,1,53.860053,10.328226,2,38.93908,-1.759518,1894.5319,14.240225,0.73064464,0.027501762,0.71741647,0.81173337,2472.8335
13a9fbf52dc948829f9fff2f299123e0.jpg,0,54.660839,27.972902,0,54.632202,27.931331,4.1585503,1.0026746,0.86651504,0.085407734,0.8538621,0.9171268,4.1585503
13afc2f382414855947204a0761dc171.jpg,1,50.457342,6.793115,1,50.239939,7.449507,52.47416,9.05962,0.723505,0.04536444,0.72671425,0.7827622,443.3102
13b5b66390494401929817d5521f4db1.jpg,5,54.90549,-7.421203,5,50.135649,-5.307914,549.2512,87.907135,0.7919997,0.005403757,0.78704536,0.8648071,551.0881
13b9714998bd4002aeba81dfc96f67e5.jpg,9,53.993526,17.961104,9,54.299092,22.482157,296.3529,18.643337,0.7083511,0.0062123537,0.68916774,0.85081947,138.662
13c3424698cb4653ae456d4665370a25.jpg,11,37.177751,34.862019,11,40.325496,32.491929,405.85443,24.672443,0.6970104,0.02571237,0.6891593,0.7658131,430.18713
13c4030cbab54e919d5b4b999ec5e8c1.jpg,9,52.864569,14.793641,9,52.880253,14.812698,2.1627338,2.1627338,0.7661716,0.011015177,0.7528988,0.8363881,78.2871
13d220ec7c2245969c547a84e7117c99.jpg,10,56.946506,18.154203,10,56.947266,18.157056,0.19256221,0.19256221,0.81782925,0.092438996,0.79906046,0.8929044,0.19256221
13e954455ec84769976cc1c522bfdc24.jpg,8,58.785985,9.04434,8,58.874145,9.162002,11.914437,1.4510922,0.867345,0.0041739345,0.84439385,0.9591494,11.914437
145a88dacdab46ff96e8c1e5de011961.jpg,10,65.412038,19.402669,10,65.378445,19.451469,4.365477,4.168598,0.8547101,0.0357579,0.84570324,0.91016155,183.67465
146a223c4eb84c7cb4067693886d6cb2.jpg,9,54.613234,17.37637,9,54.641596,17.728339,22.874607,7.972619,0.739585,0.0021299124,0.7073416,0.86855817,22.874607
147e994d334047428673e3e3fa8c8740.jpg,0,52.372673,27.460245,0,52.504842,27.474795,14.7296,0.26702097,0.8797351,0.091367126,0.86773694,0.9277278,14.7296
1494b44b14a649f3a355d43c4212f8f8.jpg,2,28.779701,-17.963034,4,49.211842,2.369643,2852.8188,2513.1543,0.6276479,0.00016397238,0.61870915,0.7551125,2832.0447
14a63a05f1704e8090b4466db771a220.jpg,11,38.654627,29.007126,2,39.971872,-0.58087,2538.0222,240.22765,0.62527627,0.0020111203,0.6423104,0.6991919,2711.974
14ba830dacfb42ec8e0ecce239a733d8.jpg,2,39.519581,3.287335,2,39.512541,3.281414,0.93314993,0.06648436,0.79616606,0.0069310665,0.76443577,0.9372773,22.27721
14e45668207e4eacb9bc5994e213dec8.jpg,11,39.594631,39.867247,11,39.554776,40.044032,15.786781,0.38784668,0.82858735,0.004508555,0.7970122,0.95509005,27.227463
14ea88c026994f128bb65ebd890d53c0.jpg,9,53.528839,20.726184,9,53.28925,20.263466,40.62526,3.2223108,0.7083429,0.059343755,0.69007045,0.78143275,40.62526
15053bb906a948d8a1ee6b9d8dbeb130.jpg,3,63.220594,28.257878,3,63.835635,29.464602,90.85224,10.356903,0.8439881,0.0076370835,0.8263322,0.93191946,40.745358
151826bedb124e5f9b06d540f8eb8cc9.jpg,8,60.345641,5.245126,8,60.347274,5.244383,0.18612546,0.18612546,0.78440577,0.08702397,0.7822332,0.7930962,0.18612546
1532ea97b99d432ba09b2058366be38f.jpg,7,40.516722,17.325095,9,49.573315,21.508974,1058.899,60.212738,0.64854324,0.00020521879,0.63268393,0.7133681,2029.8264
15780478756c45d2a93f1121a9a7da49.jpg,4,48.469003,6.925506,1,48.448695,11.522224,338.91803,55.497868,0.69997454,0.01993823,0.68276584,0.7688092,338.91803
15a11fb3d97f4b6ca1644f50f849408e.jpg,10,60.419515,14.777305,8,61.936309,13.012515,193.36447,30.537903,0.8076383,0.028077602,0.8031618,0.82554436,193.36447
15a6f89a41fb46a4adc7109ea20459b3.jpg,8,58.908369,9.299821,8,58.907531,9.298824,0.10936364,0.10936364,0.8549527,0.102032006,0.831866,0.9472991,0.10936364
15ae0f1a290d4d7295ff57c5f8f20660.jpg,0,52.219565,28.526037,0,52.223114,28.797792,18.516016,1.9885304,0.8782882,0.06714058,0.8743602,0.8940002,18.516016
15c7be2c77264c8f8873098658dcd02f.jpg,0,51.649546,30.440048,0,51.712439,30.349922,9.355126,0.11673445,0.9022067,0.005882263,0.88716483,0.9623741,9.355126
15e21b9c70c44e48a2146354f1609f60.jpg,8,59.982818,6.565605,8,59.973889,6.572586,1.06612,0.16130823,0.84919566,0.058503985,0.8208858,0.96243507,1.06612
15fd31d2aa5e4460bf11f8f1b603289d.jpg,9,52.399153,20.160652,5,52.8382,-1.343884,1447.1367,44.274353,0.72633755,0.009564221,0.74013114,0.7197286,1203.6311
16416931b1cd4f37a2af64b7b80fe286.jpg,4,44.591233,1.959399,9,53.312511,18.594576,1547.8853,159.18782,0.7339019,0.02666992,0.7638202,0.7205211,1250.3473
1653f793a6964b2095846cd87714867d.jpg,8,70.407415,24.492517,8,70.405211,24.488382,0.2895442,0.2895442,0.965624,0.017558932,0.95885617,0.9926952,0.2895442
16bd673a39e14138a9a80358dff79028.jpg,2,38.315256,-0.662891,11,37.511398,30.548993,2726.5034,863.1281,0.69029576,0.015439928,0.68046325,0.7768306,2718.419
16c5722d6d254c35907c3959363fbd7a.jpg,8,61.516928,10.189771,1,49.340651,12.207289,1359.748,228.93747,0.6747849,0.013568878,0.68196774,0.7446553,1119.2684
16ce42a32615444b84ab498963a49e27.jpg,9,53.702436,20.417915,1,51.820576,7.440758,896.5403,65.699554,0.62827337,0.0026577115,0.63403714,0.73609996,1125.7412
16ef83dfb5304587b79f6266c619c627.jpg,3,61.113465,23.177325,3,62.314962,22.883705,134.49303,1.1894271,0.7138921,0.008306086,0.7089659,0.8154105,65.70122
17ad32a9078242e3960f0db6d6a5277c.jpg,11,40.995947,34.647819,11,40.750908,36.348152,145.53635,3.9076154,0.8528079,0.0030488968,0.8231866,0.97673863,136.21661
17b68c2d97e14cafb5be6db15df1d4b4.jpg,8,58.244105,6.851828,8,58.292464,6.442186,24.552803,17.978832,0.6623639,0.0018320084,0.66447043,0.7195257,580.4345
17c0673a827143429d381e216f3e6bd6.jpg,11,41.105806,30.533168,11,41.093368,30.55773,2.4796555,2.4796555,0.65381885,0.05008614,0.66129136,0.73602045,2599.6628
180037e5904545158a714dabc833029d.jpg,11,40.191378,29.106164,1,48.00025,11.096244,1673.9078,255.15996,0.5801951,0.008095443,0.57403153,0.7333571,1884.4156
1809aa7059e04f77a86ae9a1430c43a7.jpg,3,61.021183,23.171153,8,68.548556,17.216017,882.2917,1.000617,0.74575233,0.011592627,0.71364874,0.8741669,882.2917
1812b172a150450488e5a12acf576cf4.jpg,0,53.200885,28.69736,0,53.200141,28.697516,0.08337914,0.08337914,0.8838735,0.066340625,0.86242986,0.969648,0.08337914
18259e2d52c640a5af5bd03847d31d70.jpg,4,47.135262,-1.581232,4,46.379075,-0.868508,100.0892,16.50783,0.7143822,0.03847432,0.72685647,0.8014877,272.25247
1830540b7da44bbf94161bd85fdb6643.jpg,1,48.790758,11.354066,9,53.746728,16.614275,661.1236,233.6995,0.7303812,0.015321314,0.73061836,0.79333746,936.4721
184737b688a2440d8b77299c8fe1f995.jpg,7,46.815696,11.729931,7,43.234149,13.528038,422.54852,16.500013,0.6401315,0.031158328,0.61286056,0.7636403,417.23523
1863f05e9ba24f8f986b914bf6739e2c.jpg,5,52.327509,1.494786,5,51.965122,1.209108,44.76285,15.3824,0.8105234,0.019195795,0.7905607,0.8945619,539.52985
18bbc04577124333b21fd7f446f7463d.jpg,5,56.798628,-5.803022,5,57.488961,-5.28596,82.85672,18.02392,0.72472185,0.002037704,0.7003437,0.8715441,144.32654
18bea262518c4d31923af173066355f7.jpg,4,49.302571,-1.263666,4,49.303244,-1.46278,14.43712,14.137004,0.66241324,0.0020874739,0.680259,0.6958944,316.19916
18d5d71c8a024263b1e77a1ef47e524b.jpg,9,54.449775,17.316472,9,54.451978,17.244233,4.676592,0.36036906,0.7856146,0.053950727,0.76018953,0.88731503,4.676592
18e0800882064bc698f11858293cf119.jpg,11,40.746184,30.367363,11,40.716686,31.576032,101.895676,5.832181,0.6894211,0.007489562,0.66491413,0.7874488,101.895676
193b36805df748c394f61dfede85a735.jpg,10,59.086278,15.035517,8,58.939517,5.574043,541.4448,68.96215,0.67910933,0.021293998,0.6750211,0.74171233,1118.6946
197d231507f9448f89c1469d0422e133.jpg,3,62.586774,27.051338,3,62.583639,27.03097,1.0995133,1.0995133,0.80091286,0.0351035,0.81488466,0.7450255,1.0995133
19a1eb53b48549698ba29db113655d3b.jpg,2,41.762404,-1.119712,2,42.075879,-1.640609,55.42977,2.9541306,0.77485627,0.002240181,0.73450685,0.9362539,55.42977
19dad164f8c44cd7a55b9afc258289ff.jpg,3,63.921099,26.877818,3,63.941637,26.853145,2.58243,2.58243,0.83137,0.050065696,0.8243845,0.85931194,2.58243
19f752c77c584f77b2ba6d999b3cbb8c.jpg,5,57.465333,-4.520768,5,55.994247,-5.205006,168.81633,7.902625,0.7930323,0.012154341,0.76053417,0.9301802,80.58198
1a0abdfd981b46338093a1cefc1b32a6.jpg,7,45.255009,11.304303,7,45.325146,11.543744,20.289646,13.526629,0.68991506,0.015280902,0.6893046,0.7674736,13.526629
1a1ce7b5facf4db39f51a052afb86d46.jpg,2,42.949435,-5.020833,7,40.532443,16.458766,1797.2551,238.61507,0.6912429,0.0063075423,0.7016098,0.7979659,2916.5408
1a62516cd3c24fe6963d75d1883b47c3.jpg,7,40.215792,9.009714,7,40.23505,9.038557,3.2529738,0.723516,0.81923234,0.048084617,0.8352466,0.8142852,1575.0784
1a72b3faaf0044e58fbd1f8b0b0a3ffd.jpg,5,55.761881,-2.764451,5,58.234758,-4.480909,293.9422,6.8313584,0.7590594,0.0058235526,0.7327982,0.92104685,59.53243
1a80cc1b924e47bd84923408ee2420a4.jpg,11,36.535977,33.454614,11,36.536438,33.454857,0.055668842,0.055668842,0.92703784,0.023783505,0.9136767,0.98048234,0.055668842
1a9f78d5e941420a86aea2f95d4feaf9.jpg,9,53.829135,16.141221,1,49.883692,6.618844,786.4831,2.7408667,0.7529175,0.006247878,0.7401742,0.80389094,786.4831
1aaa07ee406a42b2a6ad6c518bb25d1d.jpg,0,53.142493,25.946456,4,49.840568,3.078557,1617.7141,22.948862,0.62723446,0.0030031204,0.6204307,0.69888407,117.56796
1aefe08adafe461a9b1048da67936ce1.jpg,6,65.804252,-17.566427,6,65.807319,-17.563097,0.3732744,0.26785532,0.95804137,0.051281154,0.9513582,0.9847739,0.3732744
1afc891a42de4ece87248e812e486334.jpg,9,53.057406,19.086073,9,53.518461,18.9922,51.64538,12.093258,0.6630711,0.00010937452,0.65055263,0.7722117,15.001134
1afcfd1da36b4b54bfa43fbf41407cf6.jpg,9,51.216945,18.478352,9,51.216971,18.478096,0.018063197,0.018063197,0.912235,0.116286814,0.90780616,0.9299504,0.018063197
1b108fbd198f4490b0d9803de55a1026.jpg,6,64.154045,-21.782347,2,39.612311,2.646076,3158.6792,255.59488,0.58690065,0.0017611384,0.5823221,0.71369135,3315.449
1b15f16bea0d4a38a149b286da48bae6.jpg,4,48.997651,2.283905,4,43.941326,5.057642,600.9204,90.68158,0.71688753,0.0085988045,0.7141083,0.77779377,533.51306
1b1f46f7d36f44ccb6c3f58f93903975.jpg,4,48.570357,6.70657,7,45.947614,12.734162,540.095,35.658237,0.6784404,0.01633209,0.6533763,0.79494345,561.186
1b35ce19b2d2413596c221d3dfdd726a.jpg,1,51.711139,6.681668,9,52.381076,21.122096,988.7007,607.5081,0.802329,0.03211516,0.792397,0.87975466,866.1401
1b6c9f70ed2b4e78b135c1fd3aa24d46.jpg,2,42.558481,-8.791144,2,41.627697,1.028547,816.3631,51.255077,0.674194,0.0008277297,0.64111084,0.80652666,816.3631
1b8af057636f458b8a4fddb7a9a6ba91.jpg,8,59.311433,10.883806,7,45.582628,8.338742,1536.0055,12.44467,0.6707057,0.04467243,0.6807957,0.67735225,296.62555
1b8b5d169082433ebf77864ec7a68846.jpg,3,66.895091,25.386463,3,66.89668,25.382701,0.24117157,0.24117157,0.8436698,0.023688078,0.82768625,0.9106196,16.097626
1b9b5c2d52a14e1ba57d45d088b4a32e.jpg,10,64.46754,21.088204,10,64.512091,21.062322,5.1065536,1.594975,0.84103584,0.0007841587,0.83184063,0.9200964,250.39882
1b9b9a08ca9242409a9d8daa64a6ddef.jpg,4,45.218003,4.133522,11,37.605583,34.741028,2670.3975,45.794262,0.7681175,0.0004733801,0.75727886,0.81147194,2670.3975
1beb6e3e973b43b3b4cc09e9e80dcdae.jpg,0,52.218979,27.866041,0,52.256911,27.858082,4.252528,0.12115156,0.86513203,0.016674876,0.851428,0.9326838,39.433735
1c0d3bd4076c42debb89c11a8a2183ed.jpg,10,65.442824,19.37279,10,65.410185,19.684866,14.880255,0.96694535,0.7878161,0.025367618,0.7821466,0.87058765,259.34912
1c4ba0da46654553b30a078691683afc.jpg,11,38.249584,41.022659,11,38.248852,41.02359,0.115041845,0.115041845,0.8557439,0.0320459,0.83330506,0.94549936,0.115041845
1c57297f019b4f49af175bca51635724.jpg,5,53.569661,-0.703453,1,51.536783,13.971422,1015.6026,798.05035,0.5948884,0.015166163,0.5946454,0.725842,1257.3054
1c773941c35248d6a5ebd8345ac0294e.jpg,8,64.335762,12.338559,8,65.024836,13.264094,88.36115,6.8150754,0.85728246,0.010695338,0.83183736,0.9590628,88.36115
1c7bd8b432614d6180b53b6da3a747f7.jpg,6,65.40495,-14.648295,6,65.405577,-14.647046,0.09056442,0.09056442,0.95738125,0.026071787,0.9491842,0.9901694,0.09056442
1c974bf2f9cf46b8ab6a6b394386569e.jpg,4,47.748205,3.569187,11,41.084565,27.827458,2053.6704,598.3237,0.6688677,0.051255703,0.6523304,0.7628504,2053.302
1cab2bcc4dfd4e02a2c2948ec0f09b23.jpg,0,52.359167,30.632976,0,52.831895,29.388148,99.157646,15.12826,0.8806014,0.020346403,0.86090565,0.95938444,99.157646
1ce88b9aa9b84831b9d42fecc6123b6e.jpg,6,63.544487,-18.452315,6,63.541887,-18.454265,0.3048198,0.11185223,0.9563252,0.009298682,0.94699025,0.993665,0.3048198
1cf6521376c944bb8a70b99f463b0f12.jpg,3,67.629286,24.270961,3,68.352694,27.392649,152.91846,0.27399322,0.7983632,0.003717184,0.76484644,0.9388839,154.18813
1d07585c3abf4331b772268d3997ed72.jpg,2,28.782205,-17.764522,2,39.971872,-0.58087,2002.5085,376.19214,0.66224456,0.009491026,0.65157044,0.82178354,1731.5046
1d1e872c3d24497b8c2ab349f44d318a.jpg,10,63.996555,15.276591,10,64.317758,14.93895,39.287006,8.994072,0.9017957,0.04545909,0.89407754,0.9326681,39.287006
1d21bf6d85ba464697ce22758e9cb91d.jpg,0,53.666497,31.646924,9,53.799178,20.078828,760.22235,0.0687282,0.7175915,0.008838654,0.7128701,0.7364771,760.22235
1d2b10ce194440b0b73a6c0c2ddedde6.jpg,1,49.087048,12.401995,7,45.401273,9.600237,461.11377,31.547174,0.6538996,0.009346545,0.6199402,0.8097424,379.30237
1d4c37e2338d4d4aa66457590797eb71.jpg,9,52.225771,17.352686,9,52.232031,17.99012,43.419746,2.422453,0.7118187,0.00026607513,0.7217804,0.76198304,165.35742
1d60e58ff6ce494892f19b38dd4fd7d7.jpg,8,60.817826,5.821557,8,60.81791,5.820652,0.049947765,0.049947765,0.7849649,0.06142819,0.76251423,0.9182053,55.97991
1d746a2d34a9414a9f443e27db0ac999.jpg,1,52.989853,12.135383,1,53.463519,7.556725,309.24814,11.238986,0.7861551,0.024757981,0.77038175,0.9000447,168.59999
1d75678432a24119969c308f8560be05.jpg,10,64.10472,20.746451,10,64.07138,20.786963,4.1974673,0.56133527,0.81865835,0.06443012,0.8043704,0.8826363,1.7605313
1d8641511ae24dc7b36194f8703356be.jpg,0,51.990212,23.905724,0,53.032695,25.655488,165.69786,8.476112,0.71243787,0.0071431994,0.68675077,0.8691852,510.14066
1d89727a3a74485699b5b58c8627e69c.jpg,2,28.078552,-14.490019,2,28.08008,-14.482755,0.7326239,0.61516154,0.95117337,0.026317775,0.9415889,0.9895113,0.7326239
1db0d2ebba654419a77bb8d97b0b7367.jpg,11,39.794864,42.554342,11,39.598656,40.185145,203.86707,17.281433,0.7346891,0.003795147,0.6867882,0.9262928,203.86707
1dba87f3350b48fc8f9be194ba77eaf7.jpg,9,53.870583,14.615887,9,53.879826,14.621169,1.0845364,1.0845364,0.8221827,0.05072552,0.80647135,0.8865362,34.559692
1df38751a4074de9bfc98d16122f8c6f.jpg,1,53.771216,8.988784,1,53.782348,9.30698,20.944868,1.6456571,0.7197862,0.018357754,0.7195408,0.720768,20.944868
1e05018096f64f4d8a121176569b1f4e.jpg,3,63.189667,30.520425,3,63.220144,30.400445,6.903291,0.18970646,0.8436303,0.033568263,0.8162552,0.9531308,6.903291
1e10fa10a7064203ba733351ae554abb.jpg,2,41.518674,2.125268,11,39.142632,26.838121,2104.1294,97.62869,0.5967738,0.006433964,0.5536128,0.76941764,2104.1294
1e110a49a9b54fb4aaefe70e2d50af1e.jpg,6,63.486053,-19.339861,6,64.610841,-21.813335,173.55406,29.02389,0.8713929,0.015276313,0.85027766,0.97147024,221.41113
1e12ae57e3e04008a2afd408b4d28ef6.jpg,2,41.188478,-4.449763,2,40.806906,-4.539404,43.090694,32.855465,0.73056674,0.007694781,0.7055719,0.8732635,84.18552
1e29784c2af042e48a65fd7ec74b9566.jpg,7,37.804739,15.132168,7,37.808161,15.130501,0.40772018,0.40772018,0.7142982,0.004285097,0.68885416,0.8160744,0.40772018
1e2d3ce2259e46e0a03b1bb46356189b.jpg,9,51.732649,19.625978,1,53.115205,12.088526,533.42834,77.859436,0.7164161,0.019695401,0.70103675,0.8128867,382.7076
1e546cd54a884802940d272705e35dae.jpg,11,38.781083,35.457113,11,38.784368,35.455759,0.38366753,0.38366753,0.7800659,0.07329017,0.76460874,0.8418943,0.38366753
1e6434e49445414cb0e4e87700768f5b.jpg,5,58.216315,-4.999203,5,57.488961,-5.28596,82.63842,16.82591,0.8099924,0.01854521,0.78006864,0.93410015,120.987366
1e806095c728496596d8f2619344b1e9.jpg,5,50.127402,-5.308162,5,50.135649,-5.307914,0.9171962,0.7059065,0.7725023,0.0032012463,0.74964863,0.867242,40.318604
1e86614717af4d51ab60a153137e59aa.jpg,6,66.099395,-16.883186,6,66.091412,-16.831575,2.489143,2.489143,0.87950987,0.033678353,0.8575311,0.9674251,2.489143
1e8df7fb644843b3bb87fd858df59e42.jpg,6,64.836218,-22.847459,6,64.835899,-22.80558,1.9804084,0.8008583,0.89449507,0.015717268,0.87904495,0.9754522,52.43597
1e98cea4e6d647608a81cca8005b0965.jpg,0,52.523961,24.853925,0,52.169271,23.93522,73.82249,13.227414,0.84924877,0.021823227,0.82648945,0.9402858,73.82249
1ea219378a264ddb95a9a4de7e212d2a.jpg,2,41.947661,-2.942214,2,40.099926,-5.961746,326.11896,14.309874,0.6435951,0.006113529,0.5939554,0.9004951,29.929043
1ea4e291609e4142ba943053312b21af.jpg,10,67.246662,22.877631,10,67.257289,22.747307,5.7267566,5.7267566,0.82779443,0.06387061,0.7986196,0.9444937,5.7267566
1ebd42d4b4a443c9a9394bcbb80e88d9.jpg,2,40.815562,-5.83758,7,40.87557,9.039777,1249.937,58.351852,0.6618294,0.0069373846,0.62250096,0.8191433,1249.937
1ee802b93da6455e87f25816e84387fc.jpg,7,46.670729,11.20936,5,50.422755,-4.665018,1237.8549,26.454365,0.6493397,0.01967132,0.6494788,0.69059205,1255.7523
1f27bf5ecf6246879f379df68b573d02.jpg,7,44.750111,10.916461,9,50.562511,18.547283,861.8666,92.89509,0.6686746,0.013457537,0.6778027,0.69796455,998.9194
1f387df6029d4767aaa307150f83cec5.jpg,7,36.851197,14.637094,4,44.360411,0.716375,1438.4152,460.67667,0.7091157,0.025119543,0.7056835,0.8003025,1440.0598
1f4c2f00e4f34d83989ce75320c19bc4.jpg,11,37.832534,39.669233,11,37.78384,39.490982,16.569288,16.569288,0.89015627,0.04500079,0.8709037,0.96716654,16.569288
1f6cc3115e804c5eb2e0735d212eb61e.jpg,7,37.956651,14.954485,7,38.038435,14.990761,9.633518,9.633518,0.68837786,0.040269792,0.6771718,0.7972559,382.0631
1f6d477439f04d47af39522411e84c35.jpg,10,59.979023,14.61904,1,53.037142,13.040981,777.8943,25.69061,0.72918385,0.0063489676,0.72134095,0.868916,665.65454
1f8c3c79465245299140077597121835.jpg,9,54.721762,18.31907,4,45.883507,5.989569,1312.5433,9.177487,0.66586125,0.0036307573,0.6732326,0.71462023,1298.8529
1fae1d5dc1a349eabd5f25809431c4f1.jpg,3,63.125484,22.46882,3,63.103346,22.189698,14.249475,12.711119,0.84372115,0.0050967336,0.8163511,0.9593781,178.74127
1fb03553d15549d98122a2a3b8172cb6.jpg,0,54.725033,30.433098,0,54.659489,30.436626,7.2916965,2.9946537,0.87935823,0.04744482,0.8683552,0.9402121,10.025847
1fb46dbb61654ab99dc6deb75f180721.jpg,11,40.157735,25.818914,11,40.148921,25.929809,9.475653,9.475653,0.80699277,0.0588001,0.8050173,0.86264265,220.91081
1fb59fc6c4ee44b9bbe3a5db8ceab7b8.jpg,6,65.988457,-22.943558,6,65.916609,-22.965922,8.053153,0.091759846,0.9186033,0.042523265,0.9047886,0.97386205,8.053153
1fc2cb4d5846440aa291c55a14b1d78c.jpg,0,52.351118,27.455812,0,52.665017,27.459763,34.90505,0.24195606,0.8209864,0.008045971,0.78905076,0.94872904,34.90505
1fd682ff04da4dba81cca31268661f17.jpg,11,37.434354,30.554588,11,37.912698,30.488287,53.50862,8.581131,0.8157511,0.011798024,0.80081004,0.92490053,130.58716
2024c5b3ad014d25a59eae2ef7a4872e.jpg,7,43.476839,13.638583,8,58.405315,6.030694,1740.8148,1.0522149,0.73250896,0.006032765,0.7403368,0.75102377,1738.1857
2053eaf0a64141c9b0db0a9e8a99c1aa.jpg,5,50.640768,-4.26931,5,50.579607,-4.7194,32.4799,11.543078,0.68994665,0.0027446747,0.6439124,0.90323067,260.60822
207692800fc14a8fb1825ad2f07e1b87.jpg,0,54.58316,30.447457,0,54.614456,30.438109,3.5316734,1.4730414,0.91727936,0.043212295,0.9004257,0.9846939,3.5316734
20769741711f4702ad1ce8ca997b6235.jpg,2,28.067931,-14.415897,2,28.070307,-14.420452,0.5191714,0.22022362,0.91020167,0.01870364,0.8922569,0.98198044,0.5191714
207beb5072f243fd996c32af758d8297.jpg,5,56.796887,-3.430021,5,56.8077,-3.446426,1.5630774,1.5630774,0.8189007,0.02122593,0.80045784,0.9018879,2.6015637
207e5dd876cf4189b0120a09dda56a56.jpg,9,52.560982,21.082013,9,52.723981,21.322033,24.30569,1.9625169,0.69796276,0.009382844,0.654384,0.8976344,261.27252
209b7df6f079498295857654e0702cc4.jpg,0,52.018814,26.3394,0,51.951409,26.516594,14.262605,0.73769754,0.83218014,0.04270494,0.81037104,0.9194166,14.262605
20b7071ffc9a42f787c39b898eceeb45.jpg,0,52.691053,24.356228,5,52.053704,-2.904181,1840.9288,1216.3671,0.6657016,0.027858317,0.64802146,0.8236343,1723.3607
20c1e9fae6b941b5a20b84ee27481505.jpg,2,39.395902,-3.503788,2,39.057861,-3.375256,39.185062,26.671452,0.8277914,0.0058330297,0.81096756,0.90356296,84.275925
211478e6f3634f38b6fd5829cdf88256.jpg,11,38.263719,40.958063,11,38.271251,40.949277,1.1356893,0.3603209,0.863691,0.019385159,0.84687394,0.94377804,5.9555798
21177040b2c8461fbcf39484c253ffda.jpg,5,56.07602,-4.826197,11,38.443244,42.320859,3957.5261,447.31152,0.7634182,0.009448767,0.76527286,0.7830579,4184.9736
213795ca7d334f42a5af9cb925e002b6.jpg,1,50.748791,7.392092,4,48.378409,6.14214,278.55392,13.683449,0.6090094,0.038372636,0.56695,0.77724683,278.55392
2145a302fc124d459434bec351823b0d.jpg,9,51.235949,22.498242,9,53.672103,21.289722,282.9849,40.40939,0.6102598,0.030672908,0.59815854,0.72494555,2542.9407
2148477040e348bfabaf893e98b16f63.jpg,6,63.569645,-19.864772,6,63.569448,-19.863883,0.04915162,0.04915162,0.97369754,0.19248235,0.9695802,0.990167,0.04915162
216796a5d5314babbb60b042717c7ac1.jpg,10,57.264275,16.142632,3,60.593473,27.977427,771.9559,60.3571,0.6614486,0.0031479597,0.662633,0.75438315,925.07886
219fed205109418aa416b72f8898be80.jpg,2,28.108701,-14.388042,2,28.055768,-14.36334,6.3652525,5.237101,0.80586565,0.005288422,0.78996193,0.86948025,6.3652525
21c17419bcd5433c932d1c94331134c7.jpg,5,52.09825,-0.927417,1,52.352998,13.95276,1012.14105,143.67355,0.69217235,0.02035302,0.6647142,0.80200493,1012.14105
21da9f65b80242feb060a74892c3cd6a.jpg,2,39.122062,-4.133688,2,39.564296,-4.236263,49.95911,6.851916,0.78499603,0.011140585,0.7703481,0.84358764,49.95911
21dbe9982ba54bad8603ae669580c1ae.jpg,6,65.451073,-20.564271,6,65.442743,-20.580636,1.1957082,1.1957082,0.93790895,0.022460341,0.92810345,0.98105425,17.308916
21dda74df71b4f1ebc3cc5eaa4025eea.jpg,1,50.963286,14.933365,8,66.730596,16.011548,1754.2799,693.4143,0.58650434,0.011672914,0.576355,0.70769024,1211.5094
221772e0153541aca76aaebcf875a2d8.jpg,8,59.990617,9.923499,8,59.990304,9.924418,0.061833944,0.061833944,0.9022608,0.14571881,0.8959084,0.9276703,0.061833944
221c6eb2154d4460b0308bab42d8dab7.jpg,10,65.24459,18.853285,10,65.239386,18.82696,1.3555887,1.3555887,0.6967033,0.023380816,0.6890053,0.768458,92.11865
221d29c737c64dfdab8156ceaf938498.jpg,5,55.613174,-2.110475,5,57.139504,-2.795045,174.87386,9.059832,0.78962517,0.01222837,0.7539577,0.93229485,174.87386
224a92c429164ebe89b20268a42571f3.jpg,4,47.943763,4.513505,11,41.324741,27.961821,1986.2852,185.53026,0.6692023,0.030540943,0.6687615,0.75454384,1153.8853
227a0cf02b5d488ea1720948735d8017.jpg,1,51.04486,13.864086,9,50.62943,16.827918,213.17682,22.482948,0.726764,0.008007467,0.6930835,0.86148584,213.17682
228071e72f1b4cf38e40c4bec7968eb1.jpg,11,39.568996,43.841361,11,39.558199,43.8849,3.9206076,3.4157436,0.8559815,0.007682681,0.82708716,0.97155887,3.9206076
228b50c73ae6443989a2ec217d0fc643.jpg,5,58.546754,-4.674359,5,58.546354,-4.674198,0.045448396,0.045448396,0.8931817,0.029879093,0.8750782,0.96559536,0.045448396
231346db3e724dcfb1510a856a078402.jpg,9,53.643215,16.190676,9,53.604248,16.195481,4.3445106,4.3445106,0.7719542,0.08479726,0.7579907,0.827808,4.3445106
2344ae7b5e1944d2b2b999bd112d2e9c.jpg,5,58.538626,-4.675619,5,58.521172,-4.685233,2.0194468,0.33134264,0.8635995,0.011217773,0.8434407,0.9559256,6.669061
2397ccc98feb456088928ccf0065cb15.jpg,5,54.843115,-6.271757,5,54.905183,-6.313975,7.4113803,7.4113803,0.65373033,0.0123003125,0.6432813,0.754853,1118.6187
23a0386827424c97b10d6ec501e8dbdc.jpg,9,53.808104,22.966898,9,53.802028,22.970308,0.71176016,0.71176016,0.68704766,0.046200633,0.67187023,0.77678424,966.2662
23c8987d414944e69f74a9e3ddab3f0e.jpg,6,65.543556,-15.990341,6,65.227033,-14.571014,74.562096,26.246124,0.8677571,0.0017288923,0.8532448,0.9431704,53.534348
23d8bf2490324c63a822872b53083e7b.jpg,11,39.01191,36.078934,11,39.111223,31.173357,423.6378,9.133026,0.65371865,0.0062137246,0.645099,0.7241807,202.83698
243e930349ed4c7696cbf47d5fd54d43.jpg,11,38.513018,33.415993,11,38.754891,33.083116,39.488544,15.341039,0.8007888,0.013469696,0.7689818,0.9336003,46.302322
2487ffa29d014ca18d11f7069eb8e5a3.jpg,9,53.39409,23.471246,9,53.387679,23.45866,1.097605,1.097605,0.6771095,0.03519386,0.690271,0.6762999,311.5924
248a3c69324744ab81e27e9a2b2b6edc.jpg,5,55.990318,-4.377836,5,56.381316,-3.8231,55.394657,13.523375,0.6771587,0.0027813911,0.6650133,0.7844286,69.77578
24b2398439a04a7da134f4b0d5763bc9.jpg,7,38.998617,8.417562,7,39.066043,8.440207,7.748381,0.5084245,0.72476447,0.033130944,0.72841054,0.7381277,7.3520904
253a274552b244ea905200e96a062671.jpg,2,41.472738,1.810738,2,43.646794,-7.602612,807.4602,3.293502,0.6863271,0.0066930056,0.65255886,0.82139987,807.4602
254814c86826427793fa94d7e98c7582.jpg,6,66.056718,-19.329587,6,66.059815,-19.326035,0.3798435,0.3798435,0.881197,0.005273342,0.8611462,0.96309054,16.897963
258070bb9b3f43b5a0964fcc7d2fe3e0.jpg,9,53.988527,17.05107,1,53.000128,13.868698,237.44695,1.4562017,0.7180306,0.009266973,0.7164659,0.80415356,207.52498
25e476bf28674c90a83ee5b6eec7211f.jpg,8,70.486196,25.055682,8,70.486972,25.054913,0.09089184,0.09089184,0.94158065,0.059891343,0.93553406,0.9657668,0.09089184
25ebd48114cc48c2be765fe3a068b4bd.jpg,9,51.129701,17.098093,3,63.004689,22.310788,1356.4318,63.09878,0.633002,0.0059891343,0.6252987,0.7085748,1781.7858
25f57d335ba945578ec5ea2fdd675c0c.jpg,2,36.751616,-4.038974,2,29.030033,-13.555363,1234.3004,6.637701,0.78362346,0.032823086,0.8095485,0.7699778,649.5599
2607c22d913e40e1a5b3281b3363802e.jpg,5,51.078988,-0.110678,5,54.250208,-2.044291,375.92508,11.581307,0.7579103,0.059052944,0.75479364,0.8831289,722.9008
262e533ea96a4830ad070867b8d9788c.jpg,8,61.887407,6.664085,8,60.165479,9.711237,252.13649,7.933537,0.79875267,0.0072796345,0.764354,0.95825744,263.8602
26321a3985bf42b5845efa8eb9eb58d9.jpg,6,65.487117,-23.26191,6,65.485469,-23.251026,0.53453696,0.13844746,0.97412986,0.017163932,0.96894777,0.9948581,0.53453696
265848a62e8a4028a535c1640642a9f6.jpg,0,54.8711,28.711919,0,52.981241,26.936207,240.14285,14.992781,0.83730793,0.00045019388,0.81035507,0.951736,240.98595
266541d519f34c0bbe72a1e0993e3f56.jpg,11,37.859038,41.105254,11,37.863667,41.154232,4.3303957,4.3303957,0.6890317,0.012241244,0.69282025,0.7820442,645.15314
2668769d64a944febc24bc26fb60be1c.jpg,9,51.138468,20.857708,9,51.312087,20.988604,21.349285,4.843007,0.7179443,0.02249074,0.7053349,0.7869284,29.57822
2674c430b8824f1e8c534a30cd3d72f5.jpg,6,63.628521,-18.438774,6,63.630728,-18.436014,0.28072554,0.099832945,0.9675903,0.012590766,0.9625839,0.98761547,0.28072554
267c77590cdb437abb546c0de839d6d9.jpg,4,43.941698,5.105108,4,44.99362,2.14673,262.262,78.54076,0.57858133,0.007484019,0.564289,0.6970372,1666.9235
268879dd3842476f8e49ad95b063b657.jpg,3,64.160183,25.799596,3,64.154122,25.799014,0.6745435,0.16925421,0.9587921,0.0022057295,0.95009595,0.99357665,0.6745435
26a10a933cb144688388465e839858a3.jpg,9,51.736012,20.807461,7,45.117925,11.669355,996.598,498.9441,0.7902112,0.058613837,0.79491395,0.8039249,841.4098
26b1365ee11d4e44b0aa0985d0f2d544.jpg,9,54.028042,17.784184,1,49.649627,9.166706,765.6108,305.24985,0.7317691,0.03054893,0.7170534,0.79063183,765.6108
26c2bd20916e4691a050d7b6807140ae.jpg,6,66.035971,-18.523542,6,66.067794,-18.531692,3.5576296,3.5576296,0.8818995,0.012305379,0.8558126,0.9862466,3.5576296
26c7a03a0209452e972bb1da9fcb0865.jpg,7,40.983568,8.926632,7,40.991622,9.138444,17.801144,2.8123057,0.8077784,0.014513075,0.7966348,0.852353,17.801144
26c9373ab2124227848be8d85d7ed507.jpg,4,45.927315,4.14926,4,43.770575,6.160239,287.4592,18.379843,0.6432351,0.0102005005,0.63408697,0.763188,99.47215
26f6e453ab1448368dfedc6f32c79adb.jpg,3,62.24952,23.451442,3,61.959233,22.8661,44.375496,10.540292,0.8499367,0.0035339594,0.82705873,0.94144833,44.375496
26f7c90e09254deeb6b5e1f7c8923015.jpg,3,61.191026,25.082632,3,62.100731,29.968609,277.05725,8.067362,0.80982006,0.0007919073,0.77888,0.94122005,279.45087
271f4acce1aa4782a6617bd8d847d437.jpg,7,45.866401,11.550691,4,48.279094,-4.500337,1242.3427,520.72095,0.70712006,0.022962034,0.7145871,0.7134581,1221.2424
27460fd465b54124af98d41cf1e32abd.jpg,2,29.00024,-13.544474,2,28.9583,-13.570205,5.2927394,0.14064722,0.7931645,0.013427377,0.78954303,0.81649756,0.14064722
275b19a7417746ff8a56695f7154d942.jpg,11,36.898373,28.272613,11,40.148921,25.929809,414.90475,4.7628694,0.721841,0.000602901,0.71300066,0.85768706,39.00504
275fe8d17f20439582e0419fd73f9255.jpg,10,61.98461,14.580846,10,61.60086,13.253221,81.78798,21.488436,0.71081245,0.05014801,0.70268655,0.75725186,83.04273
27aa2a7b609b4f3bae8d6819411c3281.jpg,8,61.309932,10.173958,0,54.736175,25.831063,1171.5302,240.45158,0.6131305,0.035586655,0.6224232,0.69551826,2675.1143
27ac69a0982249fcaf9fe59c088066c9.jpg,11,40.568607,36.038915,11,40.929043,35.15657,84.44422,0.46582842,0.7940719,0.030083537,0.7781979,0.8598696,3.9094236
27eca6a974a2450c9ce4c56a7743b154.jpg,8,64.26603,12.273134,8,64.264426,12.268181,0.29832605,0.29832605,0.8517385,0.034479916,0.8224764,0.96878695,0.29832605
27f7595eb98e49189361480a341e5030.jpg,5,58.532714,-4.286441,5,54.850177,-4.315069,409.4837,4.086954,0.7361051,0.012609422,0.7349158,0.7906047,60.358284
27f81a724d4e44868cfb2f8738cc71b8.jpg,0,55.905667,28.631758,0,55.588243,28.666912,35.36449,0.6968502,0.8225604,0.00086921453,0.7935148,0.94986033,10.359572
27fb5b360a0c48b7840ea1f7c144537b.jpg,2,39.666768,3.234908,2,39.655976,3.250847,1.8170379,1.0580939,0.62853795,0.0010117292,0.62173367,0.7388871,1057.5243
27fffcad2e634435a748cf263305001a.jpg,9,50.027773,19.307024,1,48.747978,12.880488,486.25748,19.415197,0.65835387,0.0018647313,0.6334728,0.83404523,452.1217
2830c8285ae84b1aaf6d15ea26794ab4.jpg,5,58.631813,-3.228085,5,58.628744,-3.2404,0.79031116,0.79031116,0.8201611,0.023306012,0.80375546,0.91849697,3.0634575
2840ef6054404162b75fc2cdbfcb76d2.jpg,4,44.079734,-1.00317,4,44.377523,-0.841028,35.543674,0.83025247,0.8468919,0.03278327,0.8229791,0.9425427,35.543674
28554f757259421b96b0844f188a9af7.jpg,11,37.952784,41.808914,11,38.20074,41.09863,68.011055,7.8113885,0.74568504,0.012089968,0.7338276,0.83142376,417.16455
28683d3bed084c1885a120b37a06e2fa.jpg,3,62.210596,24.763815,3,61.800039,24.439971,48.680412,23.825474,0.7299157,0.007490635,0.7065303,0.8798382,57.888477
287770fd564d4473b9ec6ef111d4c578.jpg,8,61.631247,12.734489,10,64.55731,20.881952,522.73126,23.588512,0.7162056,0.0018153191,0.6898742,0.8592545,364.0592
28961e764c6248e598e6df4e0ada0eda.jpg,1,53.221308,13.389592,9,53.35988,14.698634,88.36139,18.406652,0.7430563,0.008042455,0.7144643,0.85742414,88.36139
28c721e4bd4346eba333124555e4956b.jpg,11,41.049121,39.542383,1,48.820933,9.936475,2466.5493,1814.574,0.6857413,0.01463145,0.6811458,0.71227235,2663.9016
28cf282e1d5d46319dd2d50f9fb7ca59.jpg,7,36.86963,14.454573,2,41.547165,-3.20571,1604.5533,2.9489202,0.6810605,0.006957829,0.66556,0.80490756,1684.952
290cd07219074978a938dbe087a5a0d1.jpg,3,66.241346,26.162633,3,66.272711,26.136948,3.672323,0.42754102,0.8763757,0.016295195,0.85547686,0.9619578,79.3485
292388f2c8164fe181f786d8a8c377d3.jpg,3,64.777926,29.348593,3,64.575716,29.699802,28.01027,4.4138937,0.88017696,0.009829402,0.8639095,0.94524676,28.01027
2930ec2a75354f7a98d4438acdc0f61a.jpg,7,45.8722,11.651129,7,44.421204,10.457259,186.5374,3.410751,0.6625489,0.0004978776,0.6573105,0.7235534,879.0287
2938e0d0765f49f89a53a321c3bde31f.jpg,6,65.620858,-19.363502,6,65.620466,-19.363188,0.045909304,0.045909304,0.948395,0.04080975,0.93952644,0.98386925,0.045909304
295190f42ca449399dc2bab5f2327979.jpg,1,47.659986,10.740767,1,47.658689,10.740538,0.14523625,0.14523625,0.93984467,0.27056342,0.93403834,0.96306986,0.14523625
299409f7bdac4c92ae82331e3c71cac0.jpg,4,43.961609,6.494882,7,45.640032,10.832711,389.75372,42.44609,0.68445665,0.0018848181,0.66663635,0.7920038,319.98804
29b9ea2cf7114b288bc40f146c6c4650.jpg,4,49.538693,-1.708243,4,47.962593,0.291386,228.47037,0.8496465,0.7129784,0.009376287,0.69597965,0.82393694,372.29468
29c0c46bb21d4047aa3d07148f375e54.jpg,1,50.521537,7.691759,4,49.450707,5.882982,175.77834,8.424876,0.7227862,0.03625971,0.69986606,0.8144666,175.77834
29ce23391b5d498fa38ca80404ac4f8f.jpg,3,61.197958,22.886557,3,61.180659,23.002175,6.487338,6.487338,0.78861845,0.07143748,0.7536996,0.9282936,6.487338
29d269f9435442158c0fe6be09e50b50.jpg,2,39.514966,3.284247,2,39.512541,3.281414,0.36300355,0.12810719,0.7896507,0.06045115,0.7667086,0.88141894,0.36300355
29eafed2c19543a6bb37add7fbf78af1.jpg,6,66.133473,-18.930135,6,66.076868,-18.633666,14.7622,4.1606317,0.80918103,0.011895716,0.78263843,0.9203532,15.084969
2a05aca8aed64b4f8095d7f9dc61e69c.jpg,0,53.707494,31.762454,0,52.493733,26.31525,387.78442,1.7602537,0.7857665,0.020642042,0.7574418,0.899065,387.78442
2a1355a76fa341d891ae61fe66f4e9aa.jpg,2,39.595876,-3.713291,2,39.026099,-3.374009,69.75707,12.171769,0.86418825,0.025182664,0.85171014,0.91410065,69.75707
2a1dcb7afeca49f5a4830eabda96a11d.jpg,11,40.270893,37.877089,11,40.266378,37.88446,0.80197227,0.80197227,0.8361342,0.11814231,0.8270863,0.87232554,0.80197227
2a3c7e338de5463c84b0f15bfe9eef87.jpg,6,65.590491,-22.962882,6,65.593974,-22.956308,0.4911625,0.4911625,0.9399606,0.0021097064,0.9291147,0.98373604,20.778461
2a4db8adbb174f2e88f43b59bc02e2ee.jpg,3,67.088727,26.615216,3,66.698726,26.251123,46.18481,12.473455,0.8864717,0.03764558,0.87404704,0.9361703,46.18481
2a590083953e4310aeff0bf63e732b93.jpg,0,52.586723,29.367822,0,52.891529,29.312066,34.100147,2.2328176,0.8361793,0.06957781,0.8046212,0.96241176,34.100147
2a8a11d496904531bf999fc4ba192a8c.jpg,7,40.600154,8.323913,7,40.66102,8.32831,6.778164,1.0349468,0.83459115,0.01014173,0.8031118,0.96050847,6.778164
2abe55272f8b4a229dda5886834bb1e1.jpg,4,44.521995,1.29165,10,57.37232,13.478941,1658.925,28.329494,0.6506511,0.007502973,0.62402415,0.7571589,1658.925
2acdaf5a47264c8e9289286537a6f758.jpg,0,55.279425,30.326543,0,55.289707,30.322642,1.1696916,1.1696916,0.8575576,0.04531157,0.8376209,0.9484507,29.324654
2b31073ac3444ed3abb24f28b8fdd3a1.jpg,1,51.216348,9.893292,1,54.409451,13.46609,428.50894,21.161459,0.74827164,0.030610502,0.727145,0.8456819,131.0035
2b36f98118f54b4d9d0b740176d4bcb1.jpg,9,52.737514,18.097224,1,50.725329,10.000431,600.40845,86.11424,0.6658126,0.054385483,0.6457306,0.7510917,585.1181
2b4580997d6e416ab796bb89697a73d9.jpg,6,63.970189,-18.739441,6,63.946051,-18.654935,4.921673,0.21642931,0.84398997,0.047667086,0.8210672,0.93568087,4.921673
2b477d77932748078bbf495546272144.jpg,6,63.855659,-22.430085,6,63.857511,-22.428911,0.21381545,0.07790515,0.91650885,0.109695256,0.90686315,0.9550916,0.21381545
2b4b56a6392e45b38031f72b6d0961e5.jpg,4,48.62322,-4.54218,7,40.450208,17.333467,1947.8796,925.78033,0.6521893,0.01673001,0.6380581,0.7850525,1180.2384
2b5c2b102d0a43e482e1f4cc15a1a08c.jpg,8,68.337369,16.349202,8,68.342705,16.328299,1.0430897,0.87828404,0.84721994,0.041686416,0.8258828,0.941948,13.405998
2b6642765d8a4535a95fee964e1d7e02.jpg,10,61.252572,15.448635,10,61.220499,15.415525,3.982146,3.5040843,0.88217163,0.037119627,0.8592703,0.9737767,3.982146
2b848a4bccd7451e8627773f355e0b1b.jpg,7,40.570908,9.682688,7,40.556778,9.676255,1.6625059,1.6625059,0.8098169,0.010420263,0.7751843,0.94834745,1.6625059
2bc59026debf408aad8e0b6a4978d076.jpg,2,40.092081,-3.855985,2,39.882023,-4.019389,27.19145,2.1127746,0.7713542,0.061907172,0.74877024,0.86169004,27.19145
2bdacb90307f496c9e0c6feaee8c950e.jpg,1,51.443089,11.900586,1,51.033131,10.436047,111.68168,85.20522,0.6563127,0.020542026,0.6877738,0.6606642,961.89624
2be7703ad1764fccb4485daabf0263e9.jpg,7,40.612809,8.328854,7,40.90686,9.381842,94.52248,0.433551,0.6633621,0.00051164627,0.6254376,0.8379819,136.4752
2c1519c14dc644aba8e91b1670234ed6.jpg,8,62.434281,7.898411,8,62.331679,7.51906,22.638727,13.305118,0.75179756,0.06783253,0.72480065,0.85978514,22.638727
2c230395102640d3ad7fcfb616a71c89.jpg,5,58.556016,-3.087444,5,58.531851,-3.12821,3.5799112,2.0263453,0.7755391,0.007132709,0.7608918,0.8341282,3.5799112
2c4bb779391d471ea196c230d81e5c3c.jpg,4,46.612769,0.600643,4,46.605511,0.606093,0.9081042,0.63927203,0.8079294,0.027909815,0.78218496,0.9109069,0.9081042
2caf6ca78b6244cd93b4f571b963b644.jpg,0,54.472024,30.503969,0,54.525192,30.48863,5.9944186,0.116465226,0.8793194,0.05011952,0.86232096,0.95967054,246.88922
2cd808922e1b4c0fa3f4ceaafbe05eeb.jpg,2,43.420778,-3.508698,9,53.338786,22.460341,2194.3809,1710.6782,0.73453176,0.0027962327,0.71780956,0.8251654,2049.0444
2d0bd30867d245c385d1be41bc24523c.jpg,0,53.638394,31.569048,0,53.644553,31.586142,1.318635,1.318635,0.83997405,0.009386957,0.8148625,0.9605521,79.26395
2d2db86032224b4fa5e741c6fd993d5f.jpg,11,36.986896,34.968208,11,39.851612,34.078153,327.83868,6.3111825,0.6367426,0.0074373484,0.59737414,0.84920216,808.73126
2d39c42173fa487d8453739d6d2456c0.jpg,2,40.419082,-6.125988,4,42.193651,8.628155,1246.4604,341.37228,0.823102,0.011356652,0.80741394,0.8858539,1246.4604
2d3b74df61eb4c5f8e54d33d37a806e1.jpg,7,38.625583,16.330254,7,38.637448,16.371711,3.835156,1.9215951,0.7543994,0.009194255,0.7484449,0.8006743,172.6555
2d69db2de3e640d8b7bdf79d38ea14da.jpg,8,68.563295,16.432742,8,68.560191,16.438189,0.41004273,0.41004273,0.835546,0.075054884,0.79958236,0.9794005,0.41004273
2d71475aa9784d14be8ed7d884e3c48e.jpg,1,48.660665,13.356467,9,51.478109,15.268282,341.6806,30.115355,0.6372411,0.045015335,0.6187749,0.7692623,517.1044
2d7c34adf47c4b3a80da041900a79097.jpg,9,52.045783,20.412294,9,52.072733,20.369645,4.18118,4.18118,0.80281216,0.0023326278,0.7895943,0.87578315,14.630372
2db091fe3c0741a5a8032175f1f6cfea.jpg,11,36.288478,33.490106,11,36.327722,33.431529,6.825879,0.98448724,0.76523125,0.026917338,0.7443993,0.9136404,3.891776
2dc7a0f80b404589927b2797200bcbcd.jpg,2,37.630485,-0.799938,2,37.622885,-0.782986,1.7155044,1.7155044,0.8762177,0.12239301,0.8685724,0.90679884,1.7155044
2dd0f6b891544de1b6ba445213a5cac1.jpg,10,65.877953,19.462926,10,65.878319,19.462936,0.04069996,0.04069996,0.9138436,0.029433727,0.9005089,0.9671822,0.04069996
2de65a2ddcbd492cb2d71419cb6f516b.jpg,3,64.22297,28.487326,3,64.212071,28.953605,22.584045,6.4364586,0.8415641,0.03875631,0.8210734,0.93456477,21.581068
2df072207f5d4756b55948bbe442e4f3.jpg,8,71.116361,25.700246,8,71.115155,25.700046,0.13429427,0.13429427,0.9454609,0.009656668,0.93453705,0.98915637,0.13429427
2df1872e8dff4f6081fed79f022205cb.jpg,11,37.85877,32.508617,11,38.032097,32.642387,22.56205,1.5835351,0.74659127,0.00025892258,0.69907725,0.9366473,22.56205
2e053b1119364817803a410fedad8577.jpg,3,64.83527,27.790714,3,64.709324,27.758713,14.086457,0.83796906,0.73462105,0.013193071,0.73292696,0.8157823,1134.754
2e2170a626794044a782250bdf90ad67.jpg,7,40.124379,17.998499,7,36.777772,14.685586,470.77438,11.401222,0.6695362,0.01241523,0.674844,0.76868165,13.7246685
2e27371b1fff407db51ff172cecb70e6.jpg,1,51.57148,13.903785,1,51.928671,13.935553,39.77804,6.062431,0.78248966,0.0136291385,0.75545055,0.90995497,149.80482
2e519f606f2e4fcc8ba03731c1e5c67f.jpg,3,62.256307,23.748561,3,61.940198,22.786027,61.18733,5.6207957,0.8364565,0.0073132515,0.80839634,0.95523274,151.50906
2e98b5a3c1b54cb7b2cb0f3af8508004.jpg,10,65.045315,16.986365,10,65.038537,17.018265,1.6757754,1.6757754,0.93589526,0.048200965,0.92762876,0.968961,1.6757754
2ead49714b6c46298f5f16d2fce8cdfc.jpg,10,58.84308,11.258969,11,38.304445,29.758373,2638.5916,143.83932,0.6773251,0.0024339557,0.67007875,0.8193877,2241.5066
2ec1c2ea474146da98058c4d39b675f2.jpg,10,66.121516,17.411756,10,66.085372,17.539422,7.0157924,3.389915,0.7788328,0.03507626,0.76272386,0.8460413,20.83094
2ed7d3c714da461c93c4340601255fdc.jpg,3,67.538957,27.921249,3,67.525319,27.939589,1.7050229,0.30930668,0.904614,0.013146043,0.89130676,0.9701396,0.9031688
2f1d670716c246e79e2806c7689e0946.jpg,4,46.827573,6.091404,4,43.362421,4.872172,397.00156,140.20866,0.6776417,0.037810683,0.67081743,0.7422395,870.14996
2f1e1ade5653491090b7ac16d421c0bd.jpg,10,61.978986,14.209266,10,61.933335,14.1845,5.2386794,5.2386794,0.9039956,0.0068621635,0.8907185,0.97361743,10.152803
2f48d5ff0bff442dbfdc9fc334b16f1c.jpg,3,62.294843,29.664285,3,62.296603,29.843026,9.242174,8.888014,0.79172117,0.0034003258,0.7924149,0.85256195,51.260864
2f5534a9e7bb4fd7bcf53fa8a167b530.jpg,7,42.745015,12.071349,7,40.930937,9.36785,301.3856,0.76658064,0.688191,0.004015982,0.65810657,0.80852854,301.3856
2f9a594736f4471cac05ce7e5a42ae16.jpg,8,69.693444,29.370987,8,69.730751,29.663183,12.00525,0.3622361,0.7323966,0.027546942,0.7355992,0.7393722,44.123524
2f9fe0e77efd49408c23b5e550c53017.jpg,2,28.180057,-17.246246,4,44.732792,-1.079183,2331.2883,1402.3308,0.64598024,0.0018063188,0.63532317,0.70462894,2303.9888
2fb873a7096243b3a8ebe89ae11bc447.jpg,3,64.778826,28.301374,3,64.748403,28.330205,3.6485837,3.6485837,0.8835154,0.018884838,0.87014234,0.9512342,33.959293
2fbe520fd6ca4d45b9198abff4a557cc.jpg,4,43.78482,1.323272,7,40.68621,8.3798,675.0815,181.82304,0.6343881,0.016663074,0.61782455,0.7921677,1828.7762
2fed79d0b6f64bc5a9b68c088d4a4b7e.jpg,1,50.526521,8.142195,5,57.398188,-3.408784,1071.9176,503.38626,0.6320797,0.018977046,0.60308975,0.799766,1025.9027
303b668ac0ef4608a4d2c655317fbfe4.jpg,1,48.020281,8.080641,1,47.988627,10.476559,178.27814,5.1117,0.7207765,0.002004981,0.69604206,0.8238897,241.28134
306ac2671397411f96f30008533975dd.jpg,10,63.810096,14.38629,10,63.821629,14.39159,1.3085135,1.3085135,0.89195275,0.027745843,0.882445,0.9453506,90.40481
306c3c9ef4f44b0da2440734d40d94e3.jpg,5,50.12468,-5.441154,5,50.636119,-4.504568,87.43208,0.34573087,0.7747667,0.0027806163,0.7531899,0.8872442,86.953224
306ffaffc247415c8fb74dc82d951240.jpg,3,68.355338,27.399412,3,68.357795,27.400849,0.27949047,0.21322899,0.9097401,0.007577181,0.8902001,0.9879002,0.27949047
3086421c8c544800a5ce93dc0a74c21e.jpg,10,60.905875,15.729654,10,60.221507,13.473628,144.86908,2.3283088,0.68825245,0.0018507242,0.6827316,0.77455115,172.63
3088526247c44cd4b2e92ff75c3dffbd.jpg,9,50.428953,22.467613,9,50.913585,23.17104,73.22066,3.984644,0.7685411,0.02120769,0.76137197,0.86092895,178.25986
30d890459cb549dc83e4018af9ea6b31.jpg,7,40.812202,16.948355,4,44.325544,-1.097516,1525.0575,651.9621,0.70880204,0.021246195,0.7219547,0.72297245,1526.0991
30de04267e524f52bb58b46063ec8cd5.jpg,0,52.294388,31.224907,0,52.278918,31.085183,9.658346,9.658346,0.8590023,0.10992956,0.8570484,0.86681783,9.658346
310d56e5c5f34542935d3cd0e61b763a.jpg,1,51.794381,11.823231,1,51.794413,11.596427,15.597876,15.597876,0.8075918,0.101717174,0.8058189,0.81468296,15.597876
3121f124e7514ae38bb387367c69884b.jpg,5,56.418167,-4.844522,5,56.424635,-4.834722,0.9383538,0.9383538,0.8555678,0.12965447,0.8390876,0.92148876,0.9383538
313f13d4fb184c7db0cabbe3d60937ba.jpg,5,51.598952,-1.604346,4,45.602265,2.727763,738.6646,26.987888,0.61072147,0.002669096,0.60385936,0.67272735,905.8492
31461abae3ee43aca139e8c1d68e6481.jpg,7,40.979115,8.930611,2,41.449719,1.785866,599.7457,440.67197,0.70461535,0.017020404,0.682852,0.8106512,985.2673
315f854510b0408b980dea8963cd6355.jpg,8,59.368081,9.843168,1,54.864727,8.871304,504.16202,367.694,0.5956175,0.008504868,0.55099773,0.7808963,530.54004
3163ee09d526434daa9ab5a5e5da74f4.jpg,0,55.189069,30.098317,6,63.474913,-18.571192,2829.5898,14.371936,0.75115454,0.0021041036,0.7470758,0.78665054,291.258
317416b6c26f4adaaf3e182e59d26986.jpg,7,43.470744,13.569322,1,48.293478,11.681075,555.7781,482.39294,0.68583995,0.030124903,0.69241023,0.7269519,533.7369
319943dcac094d0da1a1efaa5b4297ef.jpg,5,50.466347,-4.434402,5,57.476405,-3.31996,782.8561,10.179157,0.80462384,0.007894635,0.791487,0.9115514,641.45135
31a18281806c4ac189a7cd54ca02a514.jpg,9,52.039385,20.549024,9,52.045399,20.544355,0.7410586,0.7410586,0.7649646,0.048641562,0.7423552,0.855402,0.7410586
31beda404ff24ebe9424cbc6e2ba65ec.jpg,2,29.044595,-13.679358,2,29.008471,-13.531969,14.882713,8.393934,0.84356415,0.042383432,0.8415836,0.86748683,8.873474
32044b0f25f140eea8b825e6232283c7.jpg,0,52.544515,25.668468,0,51.936005,26.906404,108.08717,0.4415357,0.8157487,0.004146576,0.79527014,0.9287743,147.731
326e13df8ad24ce4a501475634a32117.jpg,10,65.250431,16.855883,10,66.540744,22.366148,288.30463,0.22655155,0.89556795,0.016309202,0.8901092,0.9191282,291.18695
327d630328854bfabba5542c8fa50cda.jpg,6,65.674532,-23.208376,6,65.669936,-23.239478,1.5135907,1.5135907,0.96498656,0.015418708,0.95728505,0.9957924,1.5135907
328cfdf1428740b193194cedfdd2e8cc.jpg,8,63.461498,11.184321,7,38.010212,13.926412,2836.0276,1627.8121,0.59649676,0.01817,0.5791482,0.78094095,3347.2617
328ec09561bb49d1ac73966ab4fe3564.jpg,4,44.504556,1.04975,8,69.604287,18.303148,2954.4807,1570.6224,0.7178513,0.044715106,0.7023835,0.80803823,1868.1316
329774374c3847649e5d6efdac341fdb.jpg,7,44.236522,9.711035,4,42.193651,8.628155,243.512,26.658571,0.7120876,0.02385813,0.71095175,0.7466663,261.58447
32b3a1975c824b8e81b8517e269735f0.jpg,7,43.904521,12.241276,3,63.266013,21.177775,2227.2769,381.13602,0.63850236,0.011831641,0.60751855,0.7624377,2227.2769
32f04227f47c4d4ca735d6afe9c171dd.jpg,6,64.790832,-14.013726,6,65.047173,-13.916627,28.868956,0.5072587,0.80896515,0.005549133,0.7848779,0.9344284,21.108711
33635b82b5474d6ab01eadfaef56c573.jpg,5,54.263262,-0.392985,5,54.269885,-0.400979,0.9010239,0.07028069,0.7987872,0.018594265,0.7686694,0.9371516,0.07028069
339a244550cf4b70ab4ab7c69fd31550.jpg,7,37.255172,14.497794,7,37.257603,14.504876,0.6825908,0.6825908,0.80137897,0.051321268,0.7993981,0.8719572,6.0336404
33b6d4dc811147d0b7f6778577815a4f.jpg,0,55.391099,29.244449,0,55.459073,29.127048,10.583469,1.024318,0.83542097,0.00050872564,0.8112404,0.9556986,31.031725
33f2ae42d18d459c8b01049993eb6005.jpg,6,65.640513,-22.537809,6,65.774139,-22.207743,21.183825,1.6193385,0.92647487,0.00033724308,0.9133628,0.9863947,57.022247
33fc26d6804742aa80a577bbb9d02e3f.jpg,4,43.364337,3.178118,4,43.36477,3.17846,0.05552059,0.05552059,0.82540655,0.19617593,0.84791887,0.73535717,0.05552059
34132346e7464b15ba0da2ca6ac453bf.jpg,7,37.830765,15.137227,1,48.119155,12.329083,1166.3877,365.114,0.7563219,0.058872104,0.7620196,0.750192,943.74457
341486f262c34f0b86d060d6c6cb445a.jpg,8,69.802808,25.175129,8,69.795503,25.176992,0.8154238,0.08238667,0.9075355,0.02972418,0.89005166,0.9774709,0.8154238
3439e2c9237c4e89b9165c517b42c06d.jpg,2,41.485077,1.660827,2,43.294698,-5.136941,593.2124,11.13567,0.63000995,0.0005373359,0.6287818,0.7309361,330.93262
34c41309da004e53b069cb0f742e1e9d.jpg,3,62.553793,22.643517,3,62.314962,22.883705,29.291924,5.3783894,0.7728115,0.0114840865,0.76317924,0.8655452,125.3536
35312193cef54d7fa2da10db15e0087c.jpg,1,51.755362,12.984194,4,48.504377,1.974034,862.9191,46.468666,0.65784186,0.0060234666,0.67085093,0.74847156,1554.9299
3551a3630d2b4660a377634ab864b3c4.jpg,8,61.186353,12.879138,8,61.182745,12.943767,3.486942,3.486942,0.7647161,0.04788637,0.727191,0.9148166,3.486942
35763494ee904739827e528d833ed4b3.jpg,7,38.65265,8.266919,7,38.650966,8.355067,7.656927,0.43975914,0.7974934,0.04560417,0.7855722,0.84517825,7.656927
35d40b9a92e941d3821190d9e40207e6.jpg,5,53.794496,-0.071866,5,53.660672,0.051541,16.951107,10.104032,0.78387773,0.039085746,0.7622173,0.8705194,16.951107
35f0fd4b5f5f4ecb935614b8ad440abe.jpg,11,40.124544,43.629412,11,39.872546,44.06372,46.409225,12.799759,0.79036576,0.003864646,0.7813177,0.9147217,53.20992
36297a55e86045a1b733825881d6f6c2.jpg,7,38.271566,15.804718,2,36.85139,-4.132186,1760.9763,1012.13257,0.6519195,0.025034547,0.61338913,0.80604094,1760.9763
366423c73bb2402e9deaa8bfaba0931a.jpg,11,38.54303,36.454291,9,52.360964,14.779414,2268.2742,8.813888,0.61280274,0.017743468,0.6106598,0.7017915,2466.6145
367b57ff3a8240c2ba513919564c2b2f.jpg,11,39.008833,34.753717,11,39.149782,33.291651,127.17043,56.269203,0.7457888,0.055643737,0.720955,0.87569636,134.92528
36858a27a64f47629f6df066a43398bb.jpg,9,51.855839,20.928795,1,54.601501,8.903466,855.3625,631.5916,0.66892534,0.00225991,0.68210095,0.72621083,1151.9192
36b69ae75cd642cbb236816b6b86fc08.jpg,3,62.459559,29.95843,3,62.927222,30.290089,54.68452,2.94123,0.82095796,0.010501146,0.7999798,0.93806815,326.4397
36b9c3f0beaa4f41beec380c31d98be7.jpg,2,29.134745,-13.46356,2,29.008471,-13.531969,15.535512,1.2841226,0.71978474,0.0029903054,0.68936104,0.84182596,27.084396
36d9efdaba9f44168b2baed4f94613d5.jpg,11,37.217957,40.618973,9,50.475649,22.737598,2046.1647,66.31633,0.7162449,0.036236584,0.70559925,0.84170246,1065.2433
36e537452b7f46d28201be252d53ba9b.jpg,7,44.722391,12.15424,9,50.342451,18.939051,805.52716,719.1332,0.72472817,0.07133925,0.7211443,0.775814,757.46674
36fb64c70951410994ef8af02cd0c906.jpg,4,46.45796,-0.873574,4,46.278553,0.173905,82.807976,8.780216,0.6860456,0.0054937005,0.67055357,0.81491745,2074.7175
3734a947ec334713986c07e43464244b.jpg,6,65.45001,-19.217427,6,65.480876,-19.281157,4.520897,1.5019437,0.906901,0.03914863,0.89489436,0.95492756,4.520897
373cd9fea1434fd78b23676e3e2b7666.jpg,10,67.915536,20.094808,10,67.969163,19.963645,8.09672,1.6092305,0.8794082,0.0014129281,0.87180156,0.9098344,8.09672
3741782bb9304a68901ae139ea322dbe.jpg,4,47.578246,6.126839,4,44.237495,-1.128811,672.7158,102.534966,0.6776597,0.0024337769,0.6485728,0.79881775,701.93506
3757891503614569b5b6e83a1aa919e9.jpg,3,65.883535,25.627005,3,65.889458,25.672381,2.16401,2.16401,0.8841884,0.0451113,0.8701049,0.94052225,2.16401
3760bb719f214c7eb93d0f3b5017b708.jpg,8,61.718288,9.532794,11,39.429913,35.115984,3024.6401,129.54727,0.66765904,0.031568825,0.6424836,0.8380662,2999.05
376dce1f90994717aa0ae1516ffcc784.jpg,11,40.727107,35.78075,11,40.786514,35.678883,10.828433,10.828433,0.87932897,0.027631044,0.8553096,0.9754063,10.828433
376fb561a9fc481f8093d9c020593675.jpg,9,51.637279,22.765666,9,51.788596,23.387368,46.019238,5.3206134,0.7675328,0.041823924,0.7334653,0.9038029,46.019238
37a3580f78af4ee0b1f2f2c1f98c5d19.jpg,2,36.804632,-2.132193,2,36.83652,-2.155481,4.1072764,4.1072764,0.7895405,0.062181532,0.82316965,0.7209699,2896.316
37a79e0a0f044c52bc71581ebf665c1a.jpg,11,37.403926,34.868201,11,37.399629,34.859916,0.8740051,0.8740051,0.70296204,0.07439625,0.657796,0.88362604,0.8740051
37de9fca7ba240c0aeb95c95f24cd666.jpg,3,64.366725,29.060829,3,64.380888,29.053629,1.6124723,1.6124723,0.83391,0.0045443773,0.8052137,0.9486953,1.6124723
37fb963795b948618004113caede852f.jpg,1,52.536405,9.555615,9,50.62943,16.827918,545.0722,10.531945,0.7413795,0.014558792,0.72656196,0.8006494,545.0722
37fbeb6d58b64db389da90e3406d2118.jpg,10,61.153993,16.880788,10,61.153046,16.882433,0.13739213,0.13739213,0.8255638,0.08347964,0.80429316,0.9106463,0.13739213
38181ac9eb4742a3b255f5f55068940d.jpg,11,39.430894,31.015917,2,42.386986,-2.166759,2789.9468,22.273048,0.7757379,0.0024974346,0.7890468,0.88205665,3260.2385
38421bfe18d24d78b0c4c40df2003a52.jpg,11,38.251625,40.977917,11,36.456401,34.128786,637.26044,1.7026229,0.7409028,0.0026122332,0.7199296,0.8732597,663.03076
384b2e5145aa498690ce377fa13f348c.jpg,3,66.664456,25.45503,3,66.657978,25.482965,1.4259068,0.7434695,0.9256044,0.021829307,0.91289055,0.97645974,1.4259068
385d192460d54bfe969375ddf2c0f44c.jpg,2,38.653473,-3.469571,2,39.057861,-3.375256,45.70157,1.7331554,0.8774899,0.008874893,0.8545252,0.97531617,45.792625
3886ed956e0243d0a2676b6bf3f8bad8.jpg,3,68.00127,24.086555,3,68.004887,24.086051,0.40274,0.40274,0.8775769,0.042738676,0.8615449,0.96405685,2.405759
38ee552026fe46be90ed4d611030edbf.jpg,2,38.437479,-6.377121,2,38.916251,-1.823491,398.8171,0.65488243,0.65160996,0.008076727,0.6226206,0.77096224,373.61316
38fbc5893b5b40d9a7c1cfa5d7698c6d.jpg,4,46.374316,4.188939,2,42.421361,0.013808,550.4919,38.109814,0.65560097,0.00795114,0.6399579,0.77195895,557.26685
390cfc0a9d994eb1902d9071306cdcd0.jpg,2,43.329453,-4.553621,2,42.034048,2.45752,590.73376,6.057764,0.6491629,0.0063098073,0.6490944,0.74444735,114.9898
3918719408fa4cda80dd970863738177.jpg,5,56.084625,-4.824797,11,36.858162,34.471225,3615.2017,335.34192,0.62249863,0.014694929,0.62732315,0.74289775,1694.9705
39360b399e004ffea55fa7b6ab200388.jpg,11,37.344653,41.349896,11,37.78384,39.490982,170.96597,0.8908179,0.71760666,0.023274422,0.6754073,0.88640404,170.96597
3936d6eff50e4b4bb8b486cdfedc050f.jpg,7,41.54833,14.755716,7,41.551019,14.748481,0.6722285,0.6722285,0.70262086,0.081230104,0.65915823,0.87647146,0.6722285
394a037d4e8d48c0b46def7e7440574b.jpg,11,38.882632,35.130271,11,38.637717,35.866037,69.365326,25.29147,0.678119,0.0148181915,0.656785,0.82780516,152.34567
395bb0a00c5c462bbeb5933e216ccb1f.jpg,4,42.539268,2.254169,7,38.74428,16.481695,1270.5449,98.047806,0.62962294,0.003668487,0.6311239,0.70710313,684.6852
3962200b48df4041940da0c61143b68c.jpg,4,42.985131,2.973048,6,64.844912,-22.75492,2913.1184,1952.1333,0.67149293,0.0034749508,0.6606302,0.85191715,2480.0422
397fdfdaae78469db47d6156f03ca292.jpg,2,38.63579,-3.471639,2,38.638337,-3.474335,0.36748224,0.36748224,0.8681444,0.039082885,0.8481765,0.948016,0.36748224
398dab1f7f93447aa956478f9cd016fe.jpg,8,66.343592,13.471508,8,66.315559,13.292764,8.56673,2.7339525,0.8107897,0.055822134,0.81137216,0.84067005,2.7339525
3992feb1d0be42748b8560f5e0ef8bdc.jpg,11,39.084027,29.46473,11,39.082056,29.463706,0.23631631,0.23631631,0.71701455,0.07820243,0.7291504,0.6912135,2188.4524
3a0599f797ce4d8dac0cbc96aae4f3b0.jpg,8,70.452888,24.694739,8,70.440607,24.594686,3.965997,1.9917287,0.9478526,0.010291696,0.9384745,0.98536503,3.965997
3a2e150b7627459197349a8c56ecf871.jpg,5,50.918699,-2.758079,5,54.451617,-5.530446,434.94247,73.68977,0.66424346,0.0063692927,0.64703107,0.79010445,596.14166
3a362023c0c64c65863fb65b00d067c1.jpg,6,65.752881,-23.8606,6,65.749061,-23.842507,0.92906153,0.21124217,0.88340783,0.027501523,0.8623798,0.96752,0.92906153
3a459ad6dd264e94935627a6a705529c.jpg,11,41.224597,36.452698,11,41.290533,36.218134,20.933416,5.01641,0.7994936,0.022188902,0.781265,0.8780865,5.01641
3a51900beb064df8868381195855dd38.jpg,0,55.740606,28.592215,0,55.107721,28.758977,71.15607,2.6012616,0.81482726,0.014931619,0.79404914,0.94770336,11.727841
3a6f7991743441ae859e067897494fb6.jpg,8,64.589067,12.562835,8,64.607245,12.586425,2.31339,0.9761242,0.8869151,0.022041082,0.86351764,0.9805048,2.31339
3a99c15303f54304be478221496c0f20.jpg,0,53.481031,28.098315,9,53.517441,19.013004,600.5322,0.021521257,0.7075207,0.0020173788,0.70245814,0.7817936,578.6743
3abda05db53c4f148449dc26a1ace530.jpg,4,45.318228,4.508899,11,37.605583,34.741028,2642.8394,23.506903,0.7635544,0.011689007,0.75922763,0.7808614,2642.8394
3ac95fdbbd4442cfaca5f1b7e0d9e4a2.jpg,10,56.877637,13.814168,10,56.879623,13.806792,0.49961048,0.49961048,0.7272534,0.010974586,0.7379159,0.8117579,854.38055
3b80a8eccaa54266bf45ed96aa240b43.jpg,9,51.518615,22.055374,9,51.515595,22.057653,0.37099236,0.37099236,0.8142123,0.052410543,0.80760163,0.89419997,9.569017
3bab09815fab45c5b42c95216a7d4f21.jpg,4,47.852602,3.597091,4,45.672626,0.006687,365.37726,27.051517,0.672987,0.011710465,0.67025965,0.72720206,464.35645
3bc3b451a1c64fba8ac6219588122c0c.jpg,5,50.373914,-4.958151,9,49.96007,23.0958,1986.8223,1149.8339,0.69656146,0.030468166,0.69121027,0.7179662,1986.8223
3be034518749417c8d3589a01114ee81.jpg,8,62.34094,5.870138,8,62.462811,6.31569,26.65369,0.35010007,0.7263032,0.018057227,0.715952,0.8315601,25.997076
3be21986e27c4a2a9afef1ac6d40ff3c.jpg,1,47.801872,7.839574,11,40.927092,40.542772,2687.1565,19.811113,0.67973614,0.005949855,0.6969626,0.7728785,237.5259
3beb89169f704d7caf8d7fc7b9d8b8fc.jpg,6,64.882839,-13.810714,6,64.883816,-13.818665,0.3906812,0.3906812,0.9082704,0.011408508,0.88977593,0.9822482,0.3906812
3bf172b5f555481b88ab894027bbd0db.jpg,3,62.455777,22.234715,3,61.746607,24.34826,135.30733,8.650035,0.7872922,0.0011022687,0.7569815,0.90863776,17.256313
3c455834fe0740f5b4a471a265983ca0.jpg,6,65.007627,-21.919515,6,65.029038,-22.236636,15.081353,3.8316848,0.89703345,0.004123509,0.8857542,0.94437253,331.98727
3c46aafeb6bf47b6b1c0660cb1e25ae9.jpg,0,53.041046,26.254608,7,38.128502,15.006234,1869.9457,15.649721,0.6961932,0.00922972,0.67700124,0.77296096,1869.9457
3c625f1c3a4742dd8bc1718dd245cee9.jpg,6,65.73354,-19.646346,6,65.751023,-19.178236,21.473066,0.16786753,0.8380906,0.0009844899,0.81712466,0.9283977,26.369226
3c8d862a2a5c481c88a032f8c25a9b4b.jpg,10,64.357295,15.698628,10,64.345682,15.702938,1.3078648,1.3078648,0.8081238,0.010940552,0.7906854,0.8778773,1.3078648
3cb2ba9514714406b0f8e852e1da4bb3.jpg,5,55.951783,-5.432024,5,55.994247,-5.205006,14.893992,12.384311,0.8146373,0.008985102,0.79698354,0.9252631,96.61371
3cb395ffaa8246178e0cd9b0d4b57243.jpg,7,40.735743,8.820233,7,40.772062,8.85737,5.1082993,0.5509089,0.8233094,0.0050249696,0.79242325,0.946854,5.1082993
3d58b895f9af4e9fb4febc4602bf102a.jpg,9,51.547684,22.477425,9,51.435748,22.381817,14.097356,13.139188,0.68239653,0.036020815,0.6867354,0.71283394,642.01294
3da708a8916e4fa9b615d6b7cde00c0a.jpg,10,61.37949,14.786972,10,61.37987,14.787376,0.047417656,0.047417656,0.92265356,0.07760286,0.9086038,0.9788526,0.047417656
3db2180216664f748930db2e93168b92.jpg,9,53.463383,15.645853,1,49.883692,6.618844,738.02893,9.246528,0.71684265,0.017956555,0.6884052,0.8305923,738.02893
3e3867fde4e74b9286bb5cf70c1b2a65.jpg,6,63.893207,-16.61787,6,63.895745,-16.612111,0.39880374,0.39880374,0.8122647,0.088736534,0.8017608,0.8542801,0.39880374
3e5e0418bb3a433ea27b34bf768f1a42.jpg,7,40.563778,16.399935,7,40.564258,16.398659,0.12027805,0.12027805,0.93521816,0.100008786,0.9222225,0.9872006,0.12027805
3e715bf437174d1b9a42df9b1570a5e9.jpg,11,36.085495,36.152501,7,40.655965,9.722518,2349.9917,4.832361,0.73701096,0.034131527,0.7115821,0.84554476,2351.206
3eba44b5e7584f49ad951121ddd05b99.jpg,6,66.049215,-16.605186,6,65.568282,-15.35923,77.99113,29.167252,0.8488647,0.016729414,0.82030034,0.963122,77.99113
3ed62907ca514fcfb0000f5344006281.jpg,11,41.146768,37.132505,11,41.290533,36.218134,78.131355,39.93452,0.8245405,0.0028465986,0.81605524,0.8771587,120.38449
3f0a0373a5824424852864160aa95e66.jpg,7,45.568071,12.763666,3,60.909591,26.289136,1920.1248,1225.0142,0.6382017,0.003058672,0.62155545,0.7910053,2101.816
3f1fc9a0d14a4dbc888f71ff7b9e610e.jpg,7,37.381944,14.364597,7,37.136291,14.659518,37.78064,18.575254,0.76434374,0.015547037,0.7372758,0.87261564,37.78064
3f259c4276f445e0b046d72774245e97.jpg,2,42.455701,-6.13377,2,42.546068,-6.545819,35.242767,0.84709835,0.7650523,0.084059715,0.74766517,0.8575165,836.46246
3f3f352fb4714748a17179ba4745ab0b.jpg,11,40.504622,29.393939,1,55.006625,8.397612,2233.3062,6.1291685,0.68522096,0.032042325,0.6641859,0.76936114,2233.3062
3f43791b34b3425e9f658b2c3fd6b3ed.jpg,0,53.747626,30.13845,0,53.211421,29.39387,77.346436,7.7656684,0.7989235,0.0025238395,0.7764815,0.92949224,25.777294
3f54cffc3bb2454aa03909140cbd03c2.jpg,1,51.258564,9.945034,1,52.972402,13.841704,327.20438,108.57193,0.6909655,0.023638546,0.67817295,0.8815764,666.31537
3f584c319a1c46fc837569ae5546a433.jpg,1,50.820256,11.390461,1,49.38639,7.842707,299.0235,0.44080448,0.74691135,0.022741377,0.7068645,0.9070987,299.0235
3f6fd0f151e945a88aad8cbe93353dcb.jpg,6,63.918342,-16.510427,6,63.917892,-16.511339,0.06701971,0.06701971,0.9575669,0.09539634,0.9496865,0.98908836,0.06701971
3fa23c58766b465eaaeabaa9a1e65528.jpg,2,28.084991,-14.434785,2,28.055768,-14.36334,7.726373,0.71663105,0.81606865,0.00045108795,0.79079854,0.9192909,1.5243826
3ff426ab94f44c059c54f1b6a09cbb19.jpg,5,52.433795,-3.776592,5,54.74716,-1.699927,291.44,14.761291,0.7098663,0.0008929372,0.68105054,0.8653846,225.07822
40139f4eeefc45a48e2178a9ccdc5196.jpg,5,57.533021,-5.153866,5,57.537704,-5.136571,1.1561913,1.1561913,0.89707273,0.020297706,0.8818771,0.95785487,1.1561913
404185f49ba7464bb41a9fbd1f4e96a5.jpg,10,59.082749,16.852421,10,67.026274,19.828802,895.6661,86.479744,0.7968285,0.0037258267,0.79695004,0.9113555,574.2356
4087cea3264b413584c1ac36679d2cfb.jpg,5,58.529518,-4.316293,5,58.01386,-4.28483,57.36814,2.3492606,0.7916564,0.00010353327,0.76332533,0.91164637,24.880018
409f968c5fc642ae8d37478a956e4079.jpg,6,65.492461,-21.893478,6,65.493457,-21.892925,0.11364956,0.11364956,0.91986835,0.18552053,0.90979844,0.96014786,0.11364956
40a1502d513a44b3b477ade0f0f9518a.jpg,0,53.889962,27.337632,0,53.893714,27.338725,0.42330715,0.42330715,0.75991786,0.048864484,0.73711354,0.8511349,0.42330715
40d816161bd448cda014d4d8597f43c4.jpg,1,51.026717,10.35973,1,49.423292,11.185826,187.72548,22.000357,0.69067013,0.012238026,0.71128625,0.75037825,136.56694
40da82d5f8624c0dbb39d125efaadfd2.jpg,4,47.712332,-3.472722,7,43.233988,13.758248,1429.1547,546.099,0.6372635,0.025665462,0.64038485,0.7698563,1394.9088
40dd1594f4aa4431ade11174347ba3cc.jpg,11,38.669266,29.189341,0,53.456701,23.890183,1693.1764,51.680977,0.66040033,0.006797135,0.64922565,0.7384877,139.28392
41117ac72f2d487996a27a5d6425b14a.jpg,2,39.440593,-0.39641,2,39.510918,-0.386116,7.8695507,4.9485106,0.7223773,0.044281006,0.72006226,0.7782037,69.30568
412e8b90271d4485af77f1327339df7a.jpg,5,54.870427,-1.641578,1,52.479247,9.679701,790.621,589.0973,0.66302776,0.009644747,0.6169015,0.859113,664.52014
413a982877f545e5babf5640d6e49c1c.jpg,11,40.474542,43.326374,11,40.471631,43.327216,0.33143196,0.33143196,0.86323303,0.04051292,0.85990524,0.9101752,131.70592
4150faf6f8794d37b9078af2f3ac7429.jpg,2,39.680307,3.322305,5,55.782219,-2.215803,1836.2881,6.687958,0.68136907,0.012988031,0.6939662,0.72559524,694.46765
415b613eb9b641a6adbf1a849541b4e4.jpg,4,43.408601,6.02898,4,49.257578,0.053076,795.36804,28.901752,0.65465695,0.013154089,0.6576835,0.78574485,805.8622
4168a19762e0404f831a12df091371ca.jpg,0,52.041552,26.320185,0,51.924728,26.664051,26.894608,2.117062,0.879202,0.019768298,0.8588772,0.9605012,26.894608
416bb5495e91455d8d10a94c20fd6325.jpg,3,62.436761,30.030559,3,62.405718,30.088962,4.577617,4.3760524,0.8609054,0.006062925,0.84453666,0.9263803,4.577617
4171cae3f6a948748b5b1363568f96e8.jpg,2,41.639021,-3.604182,7,46.171858,13.020062,1420.6862,19.898876,0.68963665,0.00032359362,0.7052296,0.7818366,417.13742
4199f5f7cc1c4a919f5083af9d0894a4.jpg,5,58.494548,-6.233358,5,58.4826,-6.263755,2.2104316,0.31683347,0.81811345,0.022740543,0.81768453,0.87149185,1004.0918
41c9fc2b9ca241efa95be54bb674d274.jpg,10,59.971379,16.987996,4,50.161145,4.042746,1362.1884,25.189232,0.6522833,0.0018224716,0.62803835,0.749263,1362.1884
41f6485dd88040b8b3b5b3ccb0c0082e.jpg,8,67.322475,14.617682,8,69.633589,17.995253,291.4919,0.08761136,0.70511985,0.0010694265,0.6823831,0.86620283,741.8086
4245f572722b4f3791090e2e6825d3a3.jpg,9,52.251102,20.400186,9,52.357226,20.306168,13.420697,13.420697,0.72614926,0.034046233,0.7261043,0.8284149,302.99976
424a75e1f02a4f72ba24bb154e7c6b69.jpg,8,69.699748,19.003698,5,58.556486,-4.706181,1669.281,7.904813,0.64038897,0.00773561,0.6488791,0.7278256,1319.4229
4255102bd93c4ac3bf2fa4573348d69f.jpg,10,60.065633,16.139518,10,59.820785,15.614007,39.972546,13.7935915,0.8258533,0.0029392838,0.8043395,0.932505,56.901535
4257940f54884ebcb4398c016596f22f.jpg,4,48.371873,2.388112,4,46.096651,4.085326,283.5769,33.914165,0.68469983,0.0061917305,0.70691365,0.7543253,398.5723
426c16e8d54a49fea89913da96b05f3d.jpg,10,56.168295,14.47139,9,53.577163,19.022798,409.48944,33.458538,0.65149266,0.0055553913,0.6530738,0.7055209,410.69296
429b97941bc74088a0ecb9969a4ec7fb.jpg,1,53.601067,12.015274,1,53.405743,11.598151,35.11049,16.56719,0.776742,0.024625957,0.7790431,0.82374316,91.857216
42ddd2bf3e71428ebf9152124c324b4c.jpg,8,59.013299,6.895682,8,58.991888,6.927006,2.9809139,2.9809139,0.80071265,0.04767388,0.7784931,0.9288533,74.59436
4305f50ad6fb465cb80a51e8974aa4b4.jpg,6,64.848768,-21.496379,6,65.242388,-21.769507,45.60548,5.8093796,0.7945458,0.013493776,0.77622247,0.8809741,53.068577
4331136eca844984bae96db2158791c6.jpg,6,65.86159,-22.305459,6,65.574691,-22.909997,42.21187,2.208507,0.94834816,0.008444607,0.9424931,0.97832596,27.047066
4339adbe84e143c8bbc37cfc349d4b9e.jpg,6,65.801715,-20.262154,6,65.797523,-20.259985,0.4764995,0.4764995,0.9090957,0.03018564,0.89544386,0.969064,1.6087167
436789acb7714cf8a6d86f1f0724b209.jpg,2,42.662281,-4.792326,2,42.789596,-4.904219,16.850924,14.369587,0.8186437,0.021142244,0.78739876,0.9600125,89.791145
43815479692449feb153440b62762baa.jpg,5,58.540129,-4.11342,5,58.54212,-3.897708,12.5199795,1.7165688,0.7347201,0.0037518144,0.7218571,0.84666663,32.547924
438b37c59fb9477a82600a1ff19f2156.jpg,9,52.65476,21.56889,0,54.508769,30.127898,600.9771,7.0306864,0.7214005,0.0258255,0.68984973,0.8476034,600.9771
43d6daf806044dd6a0a4ab470043455d.jpg,6,65.872224,-22.393571,6,66.005804,-22.935248,28.699562,2.555062,0.9445919,0.0018031597,0.93496174,0.9874881,3.6833296
44019ed2f04c4e9ea6d2ebc9f7909349.jpg,7,38.004936,14.97563,7,38.111306,14.97837,11.830254,3.95371,0.8153469,0.029543042,0.78975224,0.91772544,11.830254
4413feee4ae54eadae0308298722134c.jpg,11,38.490793,28.055144,11,38.492373,28.04968,0.5069607,0.5069607,0.7803391,0.014388084,0.75143397,0.8959598,0.5069607
441e2dc1ab82457ea3574951a2908896.jpg,0,54.542672,30.719123,9,52.666524,21.186827,661.9997,2.02943,0.6837042,0.0012331009,0.6551333,0.800677,684.1544
4423ca07772d415b925eeb7438712312.jpg,2,37.051734,-5.929738,2,36.772698,-6.04207,32.59513,32.59513,0.8196928,0.09505218,0.8441341,0.7659446,1367.9088
443115031c82428f855d65575feb1fb5.jpg,6,65.354701,-14.937294,6,65.362214,-14.866272,3.3970237,0.9126741,0.9381569,0.004065335,0.93091476,0.97723186,5.260263
444368c69c6541e3b29ba0834b2fcae1.jpg,2,29.184797,-13.5011,4,41.995491,8.730614,2451.5671,434.33307,0.6813181,0.030547976,0.6565865,0.78024447,2451.5671
4465d9367d7a4ff2b4d49073fc3ff380.jpg,3,63.237145,25.664446,3,65.911734,24.59023,301.77896,7.748357,0.858945,0.01333636,0.8487567,0.92147017,333.30597
44685de197d7447ca217bcde7a037c7b.jpg,10,63.429312,14.061881,10,64.344933,14.714131,106.69824,31.679487,0.7768487,0.005153954,0.76595914,0.87683105,173.729
4472b3143bed40a2a1eefff884ae8fee.jpg,8,58.416207,6.021846,8,58.411325,6.02607,0.59599805,0.4785354,0.86073583,0.007589221,0.83395547,0.96785724,0.59599805
447b4781bdbb4d9d96918b2cb15d4403.jpg,6,64.464907,-21.524962,6,64.470019,-21.518989,0.63644606,0.63644606,0.85163164,0.08553141,0.8307374,0.93520844,0.63644606
447ba47892b142a8844e8eb09cb8447e.jpg,8,63.991095,10.17947,8,63.992221,10.182607,0.19766778,0.16867138,0.7715584,0.011816502,0.76409686,0.8560985,327.87955
448b1819cdc64cdca675a8502baa2c4a.jpg,7,44.485454,11.257014,7,44.220399,12.373445,93.53114,12.060905,0.6761712,0.015629888,0.6666949,0.7319227,852.97565
449461bb72704ee2b85b2f8ca32faf76.jpg,4,48.818064,5.022291,1,53.089773,11.289851,646.3334,397.47162,0.740947,0.0089633465,0.7151148,0.84427583,646.3334
44c1a84201f149b8b512884d4ac4a613.jpg,10,59.919194,18.925024,10,59.939451,18.600144,18.240698,2.3861554,0.7678047,0.0097052455,0.77039826,0.8101392,264.67917
452913b228314431a1a817b331793bc0.jpg,4,46.204175,1.202072,4,46.198041,1.223771,1.8039038,1.8039038,0.870528,0.14007735,0.87044215,0.87087137,1.8039038
452ee71b21ba492e8c824e4e008d0e1b.jpg,6,64.513113,-21.541816,6,64.470019,-21.518989,4.9149327,3.9208019,0.7994998,0.025761604,0.779832,0.8974515,365.4801
454e950162f0424d89949fcc183498f7.jpg,1,49.486827,11.373957,1,49.591092,11.622326,21.344904,15.324109,0.8004577,0.052394927,0.77727425,0.8931915,21.344904
45678d3b693540d0acc9691eadeba0a0.jpg,6,65.491837,-23.458891,6,65.519996,-23.418932,3.6328537,0.6675434,0.9358032,0.0042086244,0.9252355,0.97828233,0.9635567
4584bbd67f7d41bf879b11ef3a8fd639.jpg,2,41.80035,2.830866,4,48.238161,-3.375142,865.60345,8.509601,0.680054,0.0013615489,0.69764996,0.810143,2612.5295
45abc2d04a394041bc839db35a20d29e.jpg,8,66.316632,13.297645,8,66.315559,13.292764,0.24852742,0.16391167,0.86970496,0.028612137,0.85733855,0.9191705,0.24852742
45c1955e2643424a8cc54c4cd646798f.jpg,3,62.920974,21.183411,3,62.890771,21.22455,3.952188,2.2039413,0.86817676,0.014012992,0.8436987,0.96608895,3.952188
45d0c781be7c4d8eaf91e8662c935927.jpg,3,62.292163,23.704413,3,63.600648,28.018747,262.17218,8.599808,0.7842655,0.0062767863,0.76137185,0.8833534,339.7344
45f86f1d6b974ba59f729caf9e3c064c.jpg,3,67.50209,26.06033,3,67.544841,25.77623,12.979076,12.979076,0.8612324,0.03421724,0.8371805,0.9574398,12.979076
462d6afbba474cb0a318dd907d7c54c2.jpg,0,53.324103,27.09584,0,53.248953,27.152179,9.157155,8.165461,0.7176976,0.013447762,0.7230816,0.806429,643.3607
4641e1d3f7dd4f5982c3403cddaa7d44.jpg,2,38.797892,-2.337173,8,58.0523,7.657863,2258.8074,25.886305,0.71768177,0.014330149,0.719448,0.79370147,2263.413
46521ebb8b934ccd835104b0e228e611.jpg,2,28.66924,-17.772322,2,39.971872,-0.58087,2011.6375,124.246635,0.6975727,0.033304036,0.6836886,0.76887584,1864.1007
46576bba1efc41e8809a40417cdc3382.jpg,7,40.58037,16.577038,7,40.486163,16.302527,25.454683,1.1238196,0.75027525,0.026648045,0.73839414,0.8425958,26.147438
4670e793d62b4d0e98d9269d51c3c1d4.jpg,7,36.773755,14.908386,7,37.257603,14.504876,64.63812,1.0331424,0.7111345,0.014062583,0.7193815,0.760071,40.841778
468430c32f8a4843bd17e998e71add20.jpg,7,44.509457,9.793595,5,50.375563,-5.041491,1288.9712,313.39206,0.6436769,4.6253204e-05,0.65192413,0.7074615,1274.7185
468ed84a2a304845b6d8ebb1eab63169.jpg,1,50.492264,10.208583,5,56.867098,-4.703095,1207.0327,688.1167,0.67213726,0.038585305,0.66046107,0.7188417,1207.0327
46bbf9147d3245488669ac55d381cbe4.jpg,10,66.65806,19.946702,10,66.657957,19.94757,0.039920095,0.039920095,0.9469632,0.06738508,0.93904805,0.97862375,0.039920095
470a1bb810c74f84ab3a5e59fda7f917.jpg,8,61.865239,6.269287,8,61.166661,7.444682,99.5919,0.20937638,0.78976834,0.013277352,0.75247395,0.9472546,0.20937638
472ad7bc8c1f40059b2cf408f809eb04.jpg,0,53.246339,29.443691,0,53.596495,29.935068,50.75576,0.106788136,0.7843153,0.009052932,0.7712509,0.86497015,142.97148
474258f1525d4fc98d5587c0e6924af6.jpg,9,54.201122,17.516614,1,53.997436,11.540971,390.16962,2.6116407,0.7415861,0.027065158,0.7149627,0.8480796,390.16962
474cb50379184cc6bb882b2e91748ab6.jpg,6,65.414802,-14.569327,6,65.668297,-19.596623,233.09511,15.672935,0.8648162,0.00853771,0.84787357,0.9560996,40.23413
4766caf29fc04401bf9d415fb970c8eb.jpg,9,49.872828,19.04911,9,51.687807,17.921345,216.82724,22.699505,0.64961,0.008177757,0.61601424,0.78399295,216.82724
477a27cef95f4125bc7e344a133beb98.jpg,11,40.544976,43.201066,11,40.471631,43.327216,13.426019,7.7924666,0.8616071,0.059994936,0.8432927,0.93486464,13.426019
477d34023ae445af9c519da29409b62b.jpg,6,65.98815,-16.408818,6,64.982884,-21.592246,263.88013,8.625906,0.7410278,0.021211863,0.7526339,0.7542479,272.32245
47a1a0687840443185aae557746b06af.jpg,2,39.350222,3.184964,11,38.20203,41.478458,3297.0298,104.72117,0.69422925,0.018199563,0.6912404,0.7856878,925.48724
47a894a8f3b64f899448df92ca5f0685.jpg,8,62.049625,7.25159,8,62.053501,7.248536,0.45944035,0.45944035,0.7608868,0.011619151,0.7285427,0.897413,67.038506
47c37afe42d44b3497b68d7ad36ea12d.jpg,5,57.439806,-6.753871,5,53.386774,-0.76904,587.61584,270.18655,0.6701929,0.011936843,0.646314,0.8095417,1616.1031
47dcc3c436b945c7b8f9122fb4406194.jpg,5,56.340248,-3.548863,5,58.506131,-6.261553,290.4295,4.9249063,0.7762188,0.01812017,0.76106095,0.8368499,290.4295
47fb85a3973f4324b9430359171b8bae.jpg,3,64.921002,27.613078,3,66.383732,25.871219,181.17645,3.7776117,0.8864812,0.022347808,0.87106633,0.9747021,160.432
4810882d3f84479b863f7778f3e8d02d.jpg,10,67.64128,20.943796,10,67.64169,20.943695,0.04578979,0.04578979,0.77821445,0.058347166,0.756105,0.8666521,0.04578979
48165b1480584c638703e1febf0bdc24.jpg,8,69.494306,25.481535,8,69.465926,25.47615,3.162689,0.99673724,0.8784565,0.016607046,0.8536005,0.9778805,3.162689
48328b91043343429411f11f3413b691.jpg,9,53.42637,17.16252,1,51.928671,13.935553,273.93414,3.509462,0.75742,0.019403458,0.7559503,0.84016347,442.29422
484eb66f9ff64a5f8948907557d04726.jpg,2,42.494222,-3.07377,3,68.370478,27.415897,3384.8303,558.0054,0.66550183,0.008447528,0.6662813,0.71450114,3462.886
484f10dd91d94b40b38ab0548090d651.jpg,6,63.986584,-16.398343,6,63.985706,-16.399769,0.1198662,0.1198662,0.94493604,0.087085545,0.9393312,0.96735525,0.1198662
485fc301ff544e349d552510f9c59c7e.jpg,7,40.485485,16.303157,7,40.486163,16.302527,0.092317075,0.092317075,0.9476422,0.08158833,0.94248813,0.96825826,0.092317075
486ae374e5bc4d8ba33c23b44b9eedeb.jpg,5,55.81367,-3.298209,6,64.936459,-22.901872,1468.476,28.12611,0.6869407,0.0002847314,0.6931994,0.75451994,2781.9917
4888245708e24cab8529b98640a70b44.jpg,6,66.065286,-18.531284,6,66.067794,-18.531692,0.2794839,0.2794839,0.92439914,0.10085827,0.9107793,0.9788784,0.2794839
48dd3c6be81e4b14b0bde9d205cbd9c9.jpg,11,39.175179,27.850352,7,41.109578,16.500248,987.69226,78.63943,0.62391293,0.011108637,0.5743303,0.8222436,987.69226
48e7cec559e84b6399a60f72e00b995e.jpg,7,42.57131,14.099177,7,42.55573,14.112832,2.0620182,2.0620182,0.7872188,0.08540946,0.790587,0.7808856,1968.6794
48ff48bcd32e4b80b92c826714ce083e.jpg,6,64.964155,-22.890035,6,65.045783,-22.757004,11.020539,2.1492028,0.85023594,0.025549471,0.82009524,0.97079873,11.020539
490c9d5d6bba47e6a0832eb06adf0015.jpg,10,58.103369,13.835063,10,58.555319,15.597105,114.48481,24.406357,0.63483894,0.0024943352,0.6317703,0.7138179,295.41733
490ca2f59c004b768250607c8ec16222.jpg,1,50.134696,9.403593,1,50.12901,9.39222,1.0280577,1.0280577,0.72924584,0.067335784,0.7263924,0.7406595,1.0280577
4914cd9b6a7c4b41991cb33f29657e21.jpg,3,65.068917,28.899168,3,67.139356,28.717167,230.36829,7.418956,0.90026796,0.0075491667,0.8844627,0.9634887,230.36829
496b604f6e27476f85854596e76e2feb.jpg,6,65.288631,-21.748123,6,65.31446,-21.744239,2.8777215,0.22151202,0.9003372,0.06441975,0.882243,0.9727141,2.8777215
499d4c55384d4df6aaa207a178c2fe10.jpg,1,52.823001,13.940233,1,53.45502,8.344848,379.68387,15.292275,0.7401331,0.013991237,0.72865826,0.80035603,377.06818
49aad7c10de9414e9ed30554109341f8.jpg,0,53.129083,29.487088,0,53.069735,29.987999,34.08797,11.064861,0.8556833,0.05167359,0.83314073,0.9458536,34.08797
49bb9f5239b24b868dcc593f63903e96.jpg,1,54.244428,10.590835,9,51.307329,22.695685,875.89233,285.90298,0.7164513,0.0042722225,0.68469113,0.8434919,875.89233
49ef156911ba439aa0c3ff8b252148c2.jpg,1,48.648046,13.410859,3,61.549304,24.068956,1582.0587,664.62994,0.74743485,0.007961631,0.7379362,0.9023646,1240.7391
4a057608112e41f289448e742d20af01.jpg,0,53.032974,25.65375,0,53.051938,25.544566,7.5977726,0.12028607,0.7797497,0.08012205,0.75182533,0.89144695,7.5977726
4a14781e28494a2c978d686aebd1ed3c.jpg,0,54.73364,25.983014,0,54.266668,26.305497,55.944504,2.6010501,0.8405162,0.00019878149,0.81345403,0.94876486,55.944504
4a98b99c0367435fafdc78604f99c3b2.jpg,11,37.045075,37.380866,9,54.757293,18.515729,2434.8396,1052.1426,0.62448734,0.0054060817,0.62098193,0.79621226,2187.145
4a9ef0215b3c4fd0a5f76616d1ea810f.jpg,7,44.69207,11.305349,7,43.470124,13.571794,226.34023,110.87409,0.6311414,0.006810665,0.6386023,0.7728518,1935.3246
4aa0d89ab1c24e9980fd316cb28661c0.jpg,8,68.504077,16.912181,8,68.502395,16.894419,0.74752873,0.74752873,0.87590414,0.0053613186,0.85805184,0.9568832,0.9673871
4ad45eb66e8a4ed0883ff94cb7175f92.jpg,9,54.244746,16.563825,9,51.429984,22.494215,506.31427,450.2416,0.7401826,0.007591903,0.7274478,0.8760604,1460.0117
4af2b71be53e4eb58433acedbb01e3d3.jpg,7,39.097798,8.365427,7,39.062047,8.433358,7.08415,2.0061765,0.75965375,0.035577,0.721684,0.91284513,8.137789
4b3300fc8f264dc882f088c97ee999be.jpg,10,62.106702,13.385703,10,65.451277,19.377702,473.89932,8.941649,0.8442141,0.006314814,0.8334736,0.8886733,413.5587
4b5267f5f0c24d7392d29a74f61ba9a9.jpg,5,50.330334,-4.813976,5,50.279947,-4.991215,13.778147,1.4657446,0.8468512,0.020188093,0.82741076,0.9246131,13.778147
4b62c2b463b047bca751f1a527d12e99.jpg,0,52.345096,25.017779,4,43.490688,5.662337,1737.7064,17.087118,0.6626349,0.010793388,0.68203926,0.67857367,2046.976
4b6369b167d244a4b8ee1a7605c39b32.jpg,10,57.693462,18.559936,10,57.692491,18.53034,1.7621678,1.7621678,0.71911,0.008716404,0.7004869,0.84870815,83.61806
4b7c752148134669b42dd1c7456166fc.jpg,4,45.74292,-0.853386,4,45.845665,-1.156624,26.138765,18.784378,0.85721564,0.080350995,0.86331034,0.83283687,26.138765
4bb1417857d24acb8118bb72c4e5d4e5.jpg,0,52.927488,30.068844,0,52.831895,29.388148,46.898487,2.6934822,0.79811877,0.009686351,0.78066415,0.89312816,27.846155
4bc02f2a1a21419d9f5f623773664300.jpg,10,65.882163,19.462928,10,65.878319,19.462936,0.42743403,0.42743403,0.9196669,0.01365757,0.90932953,0.96101606,0.42743403
4bf0daf20520463baa16b8bd0925ea73.jpg,8,68.354185,18.808385,8,68.421026,18.683145,9.030525,8.854057,0.8313468,0.01985681,0.8097404,0.9177723,9.030525
4c0473fc8e0d4d938c9d189c5f3c52d0.jpg,2,39.035976,-1.904517,2,37.084424,-4.375483,306.39142,306.39142,0.63803977,0.004760325,0.6355618,0.75392556,976.9827
4c0afa34f1eb428599c00dae7d5fe47d.jpg,9,53.70956,17.000648,9,53.158329,19.180374,156.85698,30.62137,0.5955729,0.007351637,0.5666444,0.71128696,156.85698
4c10f418ac90479aa37ddfd9467aec8f.jpg,11,38.632394,27.666155,11,38.615044,27.668099,1.9366122,1.9366122,0.91719115,0.055946648,0.9053086,0.96472096,1.9366122
4c30a79e247a444bb87a5ac9a30ba168.jpg,7,42.82017,11.760386,2,28.348655,-16.514013,2998.797,1090.8466,0.7146719,0.048476577,0.6948228,0.81020254,1726.7771
4c4183dfd7d843dca607ec531c3abeb6.jpg,5,57.842798,-5.076834,5,58.040677,-5.24709,24.18909,2.3927252,0.81122863,0.0071184635,0.79396784,0.93028474,129.18985
4c64a17894694222bd328d5652b44b46.jpg,11,39.791325,34.196772,6,63.843724,-22.409829,4498.747,12.1475525,0.6898061,0.03187418,0.651186,0.862741,4432.011
4c8d9d83b6924894ab78a8ada8fdee3d.jpg,3,62.158051,30.057539,3,62.147318,30.047574,1.300862,0.4209935,0.87220854,0.019233823,0.8539432,0.96056986,6.5568795
4cd85665cf3b40cf95c6aca77d092095.jpg,4,49.116224,-0.508314,4,46.185313,-0.979341,327.8053,151.33235,0.6707364,0.011245251,0.6672429,0.8375305,541.175
4ce4e1c4979043f780de0e169f8b9b95.jpg,8,58.143277,7.863374,8,58.143655,7.864008,0.05613486,0.05613486,0.74034846,0.075698495,0.7301856,0.7809996,0.05613486
4d0a6c08843d4b3b8f5fa38615a8b285.jpg,9,51.585864,20.067955,9,54.352818,22.711807,354.91763,0.48338223,0.6898843,0.017850041,0.6811355,0.82006013,239.88713
4d0d728dbbbf444690dae17745f28d7f.jpg,1,53.543606,8.13631,1,51.357571,7.346681,248.89235,23.59271,0.67968976,0.025419235,0.666394,0.7665975,535.5688
4d12011b22b54a8aa160e8cc49c0fe58.jpg,4,42.905072,1.429729,11,35.967913,36.033367,3046.8552,43.189327,0.5906878,0.0040317774,0.58266544,0.6564249,3172.6372
4d1bcfe366d64aacb324ca4e0b8882b5.jpg,4,49.362097,-1.192688,5,55.590178,-2.586019,698.89343,352.9341,0.6835386,0.011858046,0.68422824,0.7534629,1141.4843
4d1d5addcc7843ab984932e4f51739a2.jpg,7,44.304192,7.153658,7,44.313225,7.211355,4.6995254,4.6995254,0.79080945,0.093504846,0.7705212,0.87196237,4.6995254
4d2e9f438c46486bbd4f606bb4da3816.jpg,1,50.356695,7.75832,2,41.968908,2.867241,1005.31665,17.026634,0.6461683,0.01674205,0.66009426,0.84990275,776.4565
4d36d6f05d5641debbd178f35760cc26.jpg,0,53.998808,28.631085,9,53.664052,14.32877,937.7034,100.61658,0.70372015,0.0005392432,0.69697326,0.8135767,386.1392
4d51735b36d144259796cbb18fb7c2f1.jpg,4,49.186167,5.809514,4,44.615424,-1.061537,728.02155,60.45511,0.7967526,0.033327103,0.7876861,0.8330183,728.02155
4d61da32ba30469fa3e66c6346075184.jpg,6,63.490982,-19.362252,6,63.831391,-22.504548,159.56079,13.205433,0.7704088,0.019711554,0.7453579,0.8706126,159.56079
4d9561af2cfb48e0bf9c43f7c0d98acd.jpg,4,42.961222,9.400118,4,42.962556,9.403071,0.28239155,0.28239155,0.7114708,0.04985273,0.6877857,0.8062111,0.28239155
4db991d80a7a411f867f3eda01ae3d1b.jpg,3,68.378519,27.409217,3,68.385087,27.409191,0.73033005,0.057775132,0.9250709,0.011138797,0.9100797,0.9872141,1.8255411
4dba768ddb2741709bfb2e78ef1f24ec.jpg,2,42.432153,-7.703815,2,42.436649,-7.705097,0.51088387,0.51088387,0.7065147,0.04082036,0.69958544,0.7762703,778.8458
4dc8f2c2d0ea44fe8a91054dc5e400da.jpg,1,50.778816,10.200671,1,50.488534,12.973709,198.2112,11.970964,0.73760664,0.03136623,0.7353751,0.7888975,192.38545
4df03b39bb664823abe30822995fda94.jpg,6,65.829422,-14.838817,6,65.570134,-19.349029,208.33931,7.255893,0.8120331,0.006603658,0.79681814,0.93094957,20.070602
4e028f78b18148beaf09f22aa501c6f8.jpg,11,38.115543,27.348554,11,38.120623,27.345683,0.6181913,0.6181913,0.8866653,0.06664473,0.8670466,0.96513975,0.6181913
4e43bb2e49434f1096d2e47dd6e0f679.jpg,0,52.795608,29.407099,0,52.797969,29.406642,0.2643235,0.2643235,0.84414834,0.04262376,0.8192152,0.94388103,0.2643235
4e4ce1d55f2040d79b08961385c6d8b8.jpg,7,41.075191,14.926437,2,41.537821,-5.953375,1740.5713,17.791075,0.6739829,0.0049183965,0.6500158,0.7698515,1740.5713
4e75769a7cc44e50a856228996bc86a9.jpg,11,39.292443,29.972252,11,39.352844,30.038543,8.810502,0.59111506,0.7352829,0.0032938719,0.7168045,0.80919653,8.810502
4e8a872169f948b4b3c3caedaa6e464d.jpg,6,63.676546,-18.389269,6,63.687219,-18.348212,2.3463354,1.5942434,0.93038654,0.0038186312,0.92149603,0.9825152,17.505365
4e91b8acb02541b4b40c6e24f532eda6.jpg,7,41.966591,14.917197,11,36.330829,33.661533,1729.0916,48.958168,0.6924948,0.0075493455,0.67914546,0.79679656,1721.3281
4e9248046476424d892b18d901004434.jpg,1,49.523044,10.094488,4,48.387093,2.125488,595.1122,17.131355,0.6764369,0.012666941,0.67439747,0.7328439,456.7073
4ea2e3482fc3410b89c26a267c74cca4.jpg,8,62.559321,6.127328,8,62.539636,6.126605,2.189189,0.11853471,0.7257194,0.12506098,0.6987926,0.83342665,2.189189
4eb49ec263bd4bd0a41e357f9dd42206.jpg,10,59.866173,18.137683,7,45.640032,10.832711,1654.1196,1139.217,0.71768045,0.036263585,0.6897742,0.82930535,1654.1196
4eb527c27a8c4154ba5f5859622f851b.jpg,6,65.911059,-19.396349,6,65.907205,-19.396411,0.4285551,0.4285551,0.91908365,0.014564633,0.9014881,0.9894658,0.4285551
4ebb4f89b2844499846aae516e1d0393.jpg,6,65.856794,-23.439946,6,65.779176,-23.235214,12.706437,2.2674925,0.9350782,0.018553078,0.92322624,0.982486,12.706437
4ed01f85342d4c73987773142b530fb7.jpg,1,52.356261,7.303027,1,53.462868,11.628761,315.0322,16.764803,0.75978595,0.019942045,0.76186264,0.83373964,160.27458
4ed0a0b6ef9a4277ae5bcfa7c817e604.jpg,1,54.434914,9.336521,2,43.371682,-5.375104,1627.3337,50.818424,0.61583734,0.005365193,0.6053122,0.7222315,1360.3403
4ed4713e101d468f852882d7f11669be.jpg,9,53.288425,15.765717,1,49.022165,7.870251,726.0729,267.82825,0.6763578,0.060768366,0.66776216,0.7715788,2110.808
4edc9f30ca4c4362b34880931b480d1c.jpg,1,51.793185,10.603517,2,39.817117,4.246226,1418.582,570.2387,0.65235037,0.030449688,0.6260853,0.7574105,1418.582
4f165c407a5b4c6a8549c4697fe424c6.jpg,1,51.847743,6.165924,1,50.468647,6.581185,156.05849,4.177209,0.72340274,0.0033587813,0.71235687,0.78280413,238.87074
4f39f1e9239a400eb41bd30700102fdc.jpg,10,60.198102,16.593615,10,60.058099,17.000642,27.395065,0.14844872,0.75181764,0.0024810433,0.7284202,0.84540725,27.395065
4f9ea5f3fb644ea5893db789704e30a7.jpg,5,51.110941,-1.673939,9,51.794583,19.422899,1458.708,1078.0188,0.6937891,0.060759842,0.67185295,0.803533,1561.3049
4faa6b5169234448a05a9db2086ada6d.jpg,10,57.560415,12.015431,3,63.597622,22.762011,889.4533,62.08228,0.6585912,0.013681531,0.65050954,0.72094095,243.09747
4fb99e061ba84d32b2f541e772caa901.jpg,9,51.349538,15.610458,9,51.478109,15.268282,27.704102,4.9330926,0.78997326,0.09890175,0.77594537,0.84608465,27.704102
4fbfd7ab4a48463ab93e4b0ba9ea8574.jpg,2,39.383733,2.998294,2,39.384622,2.996997,0.14898694,0.14898694,0.89545333,0.10486865,0.88839155,0.9237004,0.14898694
4fe37557a9c843ff857ca1852571d457.jpg,7,41.071664,9.210277,7,40.97467,9.118454,13.253644,8.065785,0.7248353,0.02794367,0.69862217,0.86955315,22.398977
50263e59b5bc4393af46bee3b41d97c0.jpg,8,67.251914,15.429909,8,66.755091,15.834581,57.97353,0.54952866,0.7738984,0.028353214,0.7621813,0.8745537,0.96502405
50460414b229415fb940de88c0a8cf22.jpg,6,65.03562,-14.109742,6,65.248194,-14.356785,26.307058,2.4921193,0.7705719,0.01331979,0.75238883,0.8447435,193.70305
5050a007c9834521be70c3694bdcb60a.jpg,6,65.760098,-23.883282,6,65.710698,-23.701045,9.975965,0.5347483,0.82116675,0.0022204518,0.7929474,0.93404406,9.975965
50537e6c4bac4ae786426f3de267dd5f.jpg,2,39.66495,3.267195,2,39.655976,3.250847,1.7187595,1.7187595,0.66571426,0.009021819,0.67877024,0.7044709,2264.7288
509786f6488f4eab8928695e42b8c4aa.jpg,1,54.199539,13.070523,1,47.847501,8.754111,767.7735,335.47815,0.6887389,0.0070376396,0.6884514,0.71237344,578.5084
50cb3a8c2f2348fcbf5e2873a087c9d3.jpg,5,56.126394,-5.130044,5,56.046013,-5.178459,9.429186,9.429186,0.8061451,6.937981e-05,0.78007764,0.9486568,363.97183
50d9b30ee83c4059b95b3fe0f7d4e76c.jpg,10,59.134639,16.45956,10,59.902445,16.751614,86.950745,77.11363,0.73458856,0.008624911,0.7367824,0.8753866,585.2538
511a6e08641445c582cfc3e3dff00c49.jpg,3,62.040821,23.663412,3,61.916374,23.693425,13.926432,2.8282347,0.86293924,0.019048631,0.8464868,0.9427361,89.221016
516df726f2334468be3e2d4e3817895c.jpg,0,53.471437,30.369359,0,53.596944,30.343356,14.061169,6.273007,0.8063446,0.065963864,0.794587,0.85723627,50.041656
51935f90d70a4d08a6866629619942d4.jpg,8,69.297262,15.993282,8,69.29608,16.004599,0.46388802,0.273334,0.6386645,0.0017874837,0.61180115,0.7461178,0.46388802
519ef0c852624d22a2d38de6ff021a61.jpg,10,66.59737,19.499125,10,66.579899,20.477323,43.261093,12.639038,0.8751633,0.0052641034,0.86300623,0.9436088,106.57553
51be8744ff5b4b68b638ba337d4bca2c.jpg,10,67.739085,20.668919,10,67.844798,20.396218,16.417463,4.336195,0.7308635,0.006161213,0.698755,0.8592975,16.417463
51c6bcc43c114f5bb7b09270e196a23b.jpg,4,44.69824,3.023086,1,53.45502,8.344848,1047.3033,37.92578,0.6842482,0.007486999,0.6836238,0.76838535,1330.4417
51d734d5d4724d05a5263c637e99c04b.jpg,2,37.29686,-5.712545,11,37.939751,41.90283,4147.5527,22.401735,0.7356123,8.6307526e-05,0.73229975,0.8403287,2900.2659
51feea5a715948a18559e5a6ff3aadd6.jpg,11,38.671327,41.198874,11,38.671617,41.199049,0.0356462,0.0356462,0.93670523,0.04817009,0.92467517,0.9848255,0.0356462
5202c54f6762468d99831ec3e3803ed9.jpg,8,60.24325,5.367878,8,60.242275,5.367856,0.10842195,0.10842195,0.7770735,0.100427985,0.76515394,0.8247514,0.10842195
52093e3ebe424a848c835092ee8491f1.jpg,10,59.577443,16.845407,10,59.220796,16.615308,41.74139,41.74139,0.76323736,0.052955747,0.7641135,0.7962706,338.1276
5240c79a2c654397a3813fad4d8e1c15.jpg,3,65.25382,26.500389,3,65.238803,26.453585,2.7453692,2.7453692,0.8485128,0.10063416,0.8416413,0.87599874,2.7453692
5250d40ddca548f0b496fbabf58ceb42.jpg,11,40.910299,35.638072,11,40.915877,35.640699,0.65835786,0.65835786,0.89468956,0.06744337,0.88385093,0.93804395,0.65835786
528e2b28e1e142cb92100540f6367ce3.jpg,1,51.384251,8.585794,1,50.891208,8.276213,58.92519,21.301765,0.6262493,0.0032876134,0.6102339,0.7077842,325.0087
5298142342f340d398af5499bef83dfc.jpg,11,40.681634,36.551816,7,43.25145,13.748886,1900.7404,14.191802,0.5765177,0.0010028481,0.5163251,0.8172879,1900.7404
529a87ec52774692a1cca23415104d73.jpg,0,53.005676,27.456991,0,52.980358,26.912436,36.555374,4.6767654,0.8765317,0.018194139,0.85779476,0.96135736,34.961216
52a08b3330d543d7b3d4341ff8b3954e.jpg,7,39.323828,9.146098,7,46.159143,12.836418,817.37683,0.22725749,0.72851837,0.014705181,0.7194365,0.85278124,556.35126
52b003f372a94a718d5c76e42de0c230.jpg,4,47.254909,1.935427,2,39.134058,-0.305732,920.98346,271.82608,0.75969076,0.008529544,0.739545,0.844378,889.20514
52b06666b1d944c5a53f3d47f71882f7.jpg,6,65.480624,-22.129612,6,65.578864,-22.13482,10.926438,0.99487925,0.92496914,0.005988598,0.9108273,0.9815365,10.926438
52b5c5e7e7a846588d66b2bd1f87d02c.jpg,6,64.741541,-14.35551,6,64.716348,-14.324656,3.161107,0.7426744,0.914188,0.00053954124,0.90548134,0.9590707,301.891
52d21375d2a743d88119e4b7e7378497.jpg,0,53.616386,27.465608,0,53.615614,27.465529,0.0860006,0.0860006,0.92207396,0.017147899,0.9096285,0.97930443,223.2487
52f45cdc851c469c8d4e774532e0d67f.jpg,2,41.935253,-6.724018,7,43.754894,10.763988,1437.2844,301.7954,0.66147447,0.012127101,0.6423609,0.7379284,1437.2844
52f5ef59154b44828aaf357f5c0ba586.jpg,0,52.570355,24.242677,1,50.451678,9.139756,1069.2559,41.945206,0.5790582,0.004361987,0.58997524,0.658204,1259.58
5308da84d0e049d9a67d15aadb708e22.jpg,9,51.034292,22.532073,1,51.911262,13.542135,629.8289,138.9871,0.7137167,0.012927234,0.7225994,0.79391634,548.98315
533d57e1b72e477da584929cc55ade09.jpg,3,63.935415,23.440532,3,63.933639,23.436564,0.2767412,0.2767412,0.8577645,0.062303126,0.8496481,0.8993007,60.959435
5349b54ec0184195a2bd9f821be07eec.jpg,8,68.8293,18.225257,8,68.856004,17.984385,10.112832,2.248835,0.80916095,0.016659439,0.77920294,0.95150447,2.248835
535429ca67d643a3ba5968d1295f829c.jpg,7,45.194042,12.15422,1,52.152133,7.681115,840.1323,272.716,0.7396401,0.044430256,0.7346618,0.7697785,1229.0289
536bcf07d74c48c0b879d5b1da87baec.jpg,8,64.037841,10.057164,8,63.437116,11.726786,105.87336,1.5960109,0.73859584,0.061573446,0.74145055,0.7388952,1393.1752
537389b1f15549769493acdfde2ca8d0.jpg,3,62.961849,28.558986,3,62.929168,28.238683,16.602125,1.1088706,0.86545503,0.004674971,0.84266543,0.9566133,16.602125
539235ce649e4bcb8a1161d755f9438c.jpg,3,65.487875,28.79542,3,65.579642,28.919944,11.705042,4.325858,0.90153813,0.005236745,0.88968,0.96801436,6.361872
53c37fa6039b4d5bb5f7f48ebb40c780.jpg,8,61.539009,8.88646,7,40.561074,17.33895,2401.652,15.904137,0.61400497,0.019334674,0.5974606,0.7076122,911.6789
53ca1823a9944003b67f1862f13f7676.jpg,7,45.151314,7.805021,7,40.486163,16.302527,864.92365,61.455265,0.69582725,0.033245683,0.66478544,0.81999445,864.92365
53fd539294774fb89a8196db140a7b85.jpg,11,39.609539,40.188321,11,39.604715,40.184767,0.6167899,0.6167899,0.91528314,0.045459747,0.9094162,0.94972867,21.6246
540d4c7529ea49e8840fb13840435196.jpg,11,36.817293,34.565584,11,36.81714,34.566285,0.064678766,0.064678766,0.7638437,0.040739596,0.76327366,0.81270957,129.2182
5431ba3da64240b8b7061c25c0df9ad2.jpg,3,61.865383,29.741291,3,61.898763,29.807378,5.076512,3.1749294,0.875131,0.033171296,0.8569486,0.97295046,3.1749294
547310d1029e4009b09804e1665c124c.jpg,6,65.2768,-14.415082,5,58.513234,-6.255527,863.4934,845.55804,0.69961846,0.00016862154,0.66626924,0.84741795,864.0494
5485715bdc9a480db0b5ce125255016c.jpg,11,40.391804,29.456193,7,40.5915,8.375922,1778.4965,406.23297,0.77945316,0.010404587,0.7546333,0.88633466,1733.1896
549272161d7a4487bc4545a7882d4e10.jpg,4,47.958474,7.392711,4,49.696319,0.53088,537.9475,84.69758,0.73293716,0.04035151,0.7157861,0.8015411,537.9475
54a3cc1a6cf74ec988cdc4b9b3bae2ac.jpg,11,37.305125,30.44581,11,37.305121,30.448507,0.23854119,0.23854119,0.8377818,0.104156435,0.8267801,0.88178855,0.23854119
54ae7e83db814f70837a4fa64044b8bb.jpg,10,55.967693,13.755658,1,51.787159,13.665057,464.89264,162.42468,0.7057639,0.011717737,0.6894518,0.8100553,291.72812
54b176fa57b54d2fa06227bc26e3fd84.jpg,0,52.467516,29.278039,0,52.469873,29.280301,0.30359167,0.30359167,0.7896087,0.004907131,0.7563207,0.94176954,40.26619
54b729bf5133456bb314f3b010ad2612.jpg,7,40.972457,9.235749,7,41.030527,8.970655,23.164331,2.949675,0.8643784,0.026864469,0.8402407,0.96092916,23.164331
54ffa6086649492f86ffe2ecebb33d36.jpg,2,36.323847,-5.954856,1,52.044924,11.878366,2240.7854,1696.5564,0.68856746,0.029983878,0.6716574,0.76372695,2627.7402
5525c989c7a740f0b7d8ca4ca97e3a7b.jpg,4,48.450049,-4.487558,4,48.530023,-4.619672,13.186039,2.1982608,0.8538716,0.0060800314,0.8382316,0.9479615,2.528606
55344917bc2e4657a6be6166975f7bbc.jpg,9,52.4992,20.909518,9,52.496954,20.877391,2.1891055,2.1891055,0.8011503,0.01791799,0.7738107,0.9105088,2.1891055
5534605638dd4a27bea6dc2e291a5255.jpg,5,52.833242,1.073067,5,52.844367,1.063985,1.3792788,1.3792788,0.7804457,0.0011718869,0.76004815,0.8665483,479.9976
554b7be5beec4694a2476d914e0a0241.jpg,8,62.535577,6.126951,1,50.704711,9.929686,1335.3701,769.06226,0.73550963,0.034413874,0.752931,0.7271764,1570.8958
558d3fe8dc7c49d6b6fdbb608790f395.jpg,5,56.453916,-5.690768,5,50.61909,-4.491216,653.6016,7.058785,0.76275873,0.0026128292,0.75128794,0.9036536,183.32542
55e88598998641e0914d59486f6627e6.jpg,11,38.946792,36.044773,5,55.994247,-5.205006,3557.352,2819.1719,0.6096227,0.0042199492,0.57870996,0.77200466,3515.357
56024755a6e54192b5a4f604fc11d38e.jpg,4,42.954593,0.377998,4,43.142729,0.424442,21.257486,19.649984,0.68178165,0.014088988,0.691629,0.7556509,578.8281
561e9649a4304384960bbb45425badf4.jpg,7,39.010606,8.384201,7,39.063531,8.433737,7.2758455,0.040862616,0.7670689,0.019676208,0.7463896,0.88979703,3.5491183
56464811d78449a3be29e7a82578f552.jpg,8,59.500557,6.53722,8,59.475373,6.293143,14.061245,14.061245,0.68280077,0.04864812,0.68918014,0.7680323,3070.18
5660547f6e6c41e49ba3cba2c4d974be.jpg,5,58.52457,-4.683909,5,58.516323,-4.693038,1.0592074,0.38558167,0.87673724,0.0072817206,0.85708475,0.96838033,2.331884
56673d86abd3420e9b0349745b7c8541.jpg,2,41.807341,-0.708855,2,41.762114,-3.893498,264.08112,8.382337,0.6726097,0.00016433,0.6180883,0.9106612,338.707
566bfd3769b44842be7b66cb3a546f24.jpg,10,65.600354,18.594167,10,65.584316,18.574997,1.9890198,1.9890198,0.8835923,0.017417848,0.8670838,0.9502646,31.936268
56920d8fc4d5418a8705498f10898e48.jpg,2,36.746373,-6.047217,2,42.766292,-8.451231,700.1332,2.962904,0.6001757,0.0034849644,0.58522,0.8073395,825.68585
56c6edb8ad25483daa74982bbc63bc3c.jpg,4,46.554869,4.293959,4,46.388097,3.885522,36.362736,36.362736,0.65857077,0.03014636,0.66795254,0.77806807,720.35175
56e4de5325724d92a4e0dfeff2335d24.jpg,8,66.303742,13.562544,8,66.292976,13.767733,9.249236,7.847139,0.7160176,0.06381321,0.6852711,0.8390036,9.249236
56fd4d4be13e489b98f6169fced3821b.jpg,3,64.16725,28.545896,3,66.244943,26.159261,256.3941,7.6512074,0.8146914,0.007857919,0.7904508,0.9454566,12.732085
572d922c07f546bcab3f6903752c930c.jpg,4,41.587986,9.304393,4,41.594061,9.324456,1.8000572,1.8000572,0.7384324,0.0020089746,0.72090167,0.8826575,74.80831
575d8a9301c64a0fab0933c949f19dff.jpg,0,51.635535,29.082124,0,51.654212,29.115745,3.1136482,0.17069,0.73031634,0.0008019805,0.7370181,0.7836085,3.0098155
575fc48001e3420b9035e6bd2745e707.jpg,4,43.597519,6.857185,4,42.506531,2.651461,362.5746,5.026313,0.68021154,0.0234887,0.6688182,0.753125,395.163
5763df67196d49f78e2e8310dbd06bee.jpg,6,63.831076,-22.508856,6,63.831391,-22.504548,0.21414348,0.21414348,0.92591226,0.03250718,0.917199,0.9607653,0.21414348
57872818da6344aeb3c685031a19c995.jpg,9,53.457381,19.72589,10,56.75834,14.918567,477.49933,8.108689,0.6501301,0.009012401,0.6193308,0.7733271,477.49933
57875a8f3caa41a38a97368459728172.jpg,1,49.042671,10.836405,1,53.439128,12.340412,499.91946,35.418697,0.6120759,0.018185675,0.61626124,0.69165087,724.5525
57a8209c08d54c8a8dd298276e0125a3.jpg,1,54.87669,8.871594,1,54.885871,8.870235,1.0245767,1.0245767,0.68281126,0.020719409,0.68942434,0.6762925,719.10443
57bdf2b5e4e54df4ae193a60e0bb74ba.jpg,4,45.702243,5.121857,4,48.378409,6.14214,307.44818,163.44107,0.6813137,0.0071905255,0.688111,0.739499,1036.1315
57c6b009a2274362bab34f13429b78bc.jpg,9,50.494027,22.356792,9,50.755842,20.886815,107.7015,10.199203,0.62660694,0.00307858,0.60064954,0.85776174,120.839035
5827971369aa4e7ab123678f478dd668.jpg,7,43.387667,11.82205,7,40.609056,17.985908,595.4996,24.082012,0.7338497,0.011161387,0.7115808,0.8564632,27.358307
585583be64f64fceb90abc156f5a82f1.jpg,9,50.634421,18.476624,1,50.743487,13.334097,362.39737,59.482662,0.62854695,0.030811965,0.60985106,0.77598083,593.4518
586fb2f83a5a4ef98cbdde17aa49c71a.jpg,11,37.84027,27.245945,11,37.88537,27.271146,5.4811964,3.6508558,0.7417724,0.025556445,0.7557441,0.794683,818.6898
588033d809064273aaa8fb8c7966b97e.jpg,2,39.563084,3.237049,2,39.562354,3.239057,0.19031179,0.19031179,0.8343812,0.03599763,0.8246876,0.9463606,39.537582
589d88448bc74539bae710570c2cb468.jpg,0,55.912787,28.64226,0,55.933738,28.650292,2.3827877,0.60172206,0.8362599,0.005897522,0.8097828,0.94644475,16.158154
589f027bbc5e42fb8759a55d80167fa4.jpg,9,52.21186,17.238567,1,53.131801,7.807611,643.58057,10.311008,0.6918853,0.004608035,0.7162878,0.7038063,104.96129
58cadc07049a40f7ae0f419e0a68bc0a.jpg,9,54.185701,16.090026,7,45.039501,8.428196,1155.6172,42.775803,0.7005102,0.036235332,0.71658635,0.7066189,1263.9832
58f8a43c264c4ac18388a4d1a2b07a72.jpg,0,51.920299,26.672082,0,51.923326,26.666495,0.50999177,0.50999177,0.91228753,0.045826733,0.89691335,0.9737844,0.50999177
593440894f634002b1d00921186befcb.jpg,5,58.513928,-4.806959,5,58.50786,-4.810098,0.6989295,0.6989295,0.8620981,0.0028960705,0.835612,0.96804225,0.6989295
5944fd3257924f6aa48fc4e0b859147d.jpg,2,43.363381,-8.308468,4,48.257256,-4.538719,617.4657,457.176,0.61490464,0.0039575696,0.6355458,0.6621442,788.9189
59920ace1a94468195650a10f2f98bd8.jpg,4,47.980674,-1.791415,4,47.189441,0.105315,167.257,18.559315,0.6608283,0.008494198,0.66791,0.71948135,337.8308
59990c4dbdf44a4995b4575dcd726a74.jpg,5,50.180973,-5.503108,5,51.650422,-2.371041,273.6566,0.7795125,0.67640984,0.0041128993,0.666994,0.77165085,111.494934
59c65cc9be1e4e45a402bbc11fa9fa83.jpg,9,53.02475,14.663969,5,51.802147,-2.011716,1136.5363,15.701844,0.6895554,0.013142705,0.6706052,0.7653562,1136.5363
59dba2f3c7cc49e08ebcb5167349993c.jpg,0,51.644104,29.102623,0,51.640983,29.098483,0.44949684,0.12470729,0.9027384,0.031110287,0.88611054,0.96924967,0.44949684
59fdc5f34a554c549a7b5fb7f83a32b8.jpg,4,47.908792,3.510844,7,36.833029,14.727737,1534.7256,575.7737,0.61024684,0.027581334,0.6089378,0.74253577,2234.1892
5a05dfcbd2e340f5a7a33274f081624f.jpg,1,50.873691,10.969218,7,45.698114,11.76909,578.524,24.761244,0.6973542,0.03905046,0.6593081,0.8495387,578.524
5a09ebf88f484e968b9698af0a315fd4.jpg,5,53.385987,-0.768089,5,53.386774,-0.76904,0.10786929,0.10786929,0.77345836,0.0084555745,0.75698113,0.87803835,26.72098
5a1b3bf6b5594dbc90968f23c3fae13c.jpg,2,42.501227,-8.779464,2,42.554245,-2.946299,477.94202,41.89703,0.7340159,0.036855757,0.704203,0.85326725,477.94202
5a5947b5db0644428811ac6251e18c71.jpg,8,59.914491,5.295024,8,58.427187,6.014318,170.38205,0.46063864,0.77168375,0.011448443,0.73425734,0.96131194,168.01286
5a6a1875431142eaa8682c72009ec2b0.jpg,2,39.424602,3.150363,2,39.357139,3.19963,8.613837,1.6818074,0.79870296,0.007116854,0.75636715,0.9706652,17.416904
5a7706c79f0647b984ecd0cbaad95645.jpg,9,53.488128,19.349458,9,53.360994,19.775542,31.573427,1.738192,0.7685908,0.05313182,0.7745632,0.8379165,1297.3513
5aa619b0e691400386b2f7774a46ba0d.jpg,7,44.686585,7.20671,5,50.424598,-4.668645,1093.921,44.901535,0.7395455,0.04019475,0.7171369,0.82917976,1093.921
5aaf972d9f1945fea6f3c754c2e7bf91.jpg,11,37.619433,39.161097,11,40.197575,35.666437,416.6062,14.736025,0.73614246,0.006560743,0.71256244,0.85209656,129.77084
5aaf9b55ee404f3e98714326710f57c1.jpg,10,60.469698,18.410898,7,40.304398,18.216747,2242.322,133.65332,0.608137,0.012288034,0.59949505,0.6978567,2752.969
5ab91dbdd3e346a3865b9b0be2f7d228.jpg,0,53.734126,30.452856,1,53.483962,11.860258,1223.3873,358.57462,0.6890518,0.015968382,0.7052588,0.7569609,865.9997
5b0226e61f9e4c158cd4863b9bc40440.jpg,10,63.587738,19.364633,10,65.303074,16.726778,228.84662,17.992447,0.8391472,0.0122382045,0.8320094,0.8948462,408.51538
5b218b93cf4949eb93d321accf57df0a.jpg,7,38.49917,16.528403,2,42.437567,-3.07748,1711.0454,241.65456,0.6912882,0.041446745,0.6963709,0.81399584,241.65456
5b25a8ac59d94a768c268841461963bd.jpg,8,64.427028,14.330503,8,64.40376,14.346004,2.692229,2.692229,0.8692942,0.002350688,0.8487694,0.96882856,39.8753
5b63035daad54543a90ce1e6a92e57da.jpg,6,65.944783,-19.412038,6,65.950373,-19.411712,0.6217561,0.6217561,0.92095846,0.005307257,0.9071869,0.9857241,12.2447195
5b6bfad21f2f4b0ba6745b6531ed375c.jpg,8,60.220276,6.43698,8,60.2219,6.436061,0.18757728,0.18757728,0.88908464,0.217493,0.8740959,0.94903934,0.18757728
5b89d5c323da44c788da3f713e1cab05.jpg,0,52.238617,27.52356,0,52.2402,27.498884,1.6894282,1.6894282,0.8326616,0.014060557,0.8177681,0.9074007,26.224186
5ba3a8802bee451bab31d0d8b3c5b752.jpg,1,53.548036,12.712733,1,53.579789,12.725136,3.6245465,3.6245465,0.8310191,0.03534144,0.8206506,0.9018172,295.00302
5bc02efdebba4d70a57e327d28423a42.jpg,1,51.826717,14.072883,1,48.862527,8.364491,521.96423,27.871885,0.6971003,0.009670794,0.6816055,0.8298358,406.08508
5bea3f26d5dc49a3b09273535a8c3603.jpg,5,57.680219,-4.037137,8,60.354723,5.242916,608.0136,575.3699,0.653638,0.014167666,0.6302297,0.7654219,959.1842
5bed37cfeb3b4ceaab1f1178def064d4.jpg,1,50.38936,7.682787,4,48.146609,-1.118458,685.0333,12.265756,0.68216807,0.026435971,0.6684167,0.73717356,685.0333
5c1c7782ce754751965e4147126831b4.jpg,4,47.909911,2.734171,9,51.270098,23.158438,1513.4537,474.77063,0.7555469,0.009356856,0.7497164,0.83776724,1357.367
5c22383f65e6475f9b69bb549868eeaf.jpg,10,61.410477,16.597688,10,61.413824,16.572381,1.3970078,1.3970078,0.6723614,0.01622051,0.66669273,0.7675953,542.68427
5c2af6dd0f8b4737af567efbc01b29bb.jpg,6,66.007638,-14.847518,6,66.008338,-14.846748,0.0852675,0.0852675,0.9683112,0.096025884,0.96368265,0.98682535,0.0852675
5c2e27ccce0d4afbba07cca14e141fa2.jpg,1,54.023799,9.282638,9,53.283219,18.8963,638.3785,563.05646,0.6193183,0.025919735,0.63620615,0.7520837,1140.8245
5c558fb089804628bd324ce4df4f89c8.jpg,1,50.184997,11.309542,7,45.520621,9.687131,532.56024,25.587027,0.66698605,0.033920407,0.68138105,0.64257973,136.73021
5c7d00586f724153baada62e26090bc9.jpg,3,65.903662,24.10041,3,65.869549,24.118966,3.885735,0.61685556,0.87349975,0.017507792,0.8587144,0.93264097,3.885735
5c954278a957441899ac4a8d7e92ad8c.jpg,3,62.672043,21.571735,3,62.847344,21.699506,20.548767,4.9237685,0.8504505,0.006202996,0.8292456,0.9412621,8.735198
5cb9f10f32ad4aebad4a46a6e11b2547.jpg,11,39.985511,29.963758,4,42.010395,8.747433,1790.0334,114.68094,0.7014109,0.0809983,0.6889285,0.7996479,1849.4438
5cd93a021a4741a98ee86f166b98ef56.jpg,7,44.456408,10.653324,7,43.522332,10.378599,106.164375,24.91161,0.68174887,0.025222778,0.6648203,0.8218179,403.34976
5d5a2b7d4d474b009c0b2df4cb9f2332.jpg,10,57.625799,18.527501,10,63.964249,14.073303,744.64624,7.417745,0.8095544,0.010164142,0.78664774,0.90118104,744.64624
5d6bc5b61a414677b501d7f66d4a1013.jpg,3,61.693866,29.687774,3,61.693186,29.689476,0.11734941,0.11734941,0.7643888,0.13079053,0.738834,0.8666077,0.11734941
5d8af69de52d416aa8a8a2f2233ab751.jpg,9,53.186024,19.20996,4,47.491178,1.217014,1420.0265,958.68585,0.70352787,0.031474948,0.6991686,0.7589451,1326.0922
5db8a5dc91614eff9da0932f202e50ba.jpg,9,53.476695,16.56726,4,47.969539,2.282805,1174.1804,13.334989,0.6938319,0.018716812,0.70742446,0.7306206,46.08882
5de4b43e66864ffdb6fef16e2edb4e84.jpg,10,66.231511,19.932041,10,66.161791,19.955699,7.8248863,5.8148637,0.9270739,0.011428356,0.9185225,0.97295964,26.445124
5df0bfe5f0e346d9b2df6c6e7ab698a9.jpg,10,56.34633,13.828332,1,52.286476,14.281298,452.3881,57.318645,0.7284825,0.013908863,0.69709164,0.86181176,448.12207
5e178412320347879435494d64d9fc2b.jpg,6,65.780336,-18.235269,6,66.044008,-19.345947,58.311207,4.2502537,0.8195492,0.005975485,0.7994715,0.92747784,48.25528
5e32f9e4955a4380bbf24e0ef7270bcb.jpg,8,58.259107,7.971425,8,58.258576,7.971341,0.059248682,0.059248682,0.74764496,0.047430575,0.75127643,0.77086174,1685.1637
5e5d2a9d45f3472cac372faf2f2888ae.jpg,9,51.458535,22.453649,7,39.150201,9.403848,1701.8099,748.3894,0.65326595,0.037278414,0.6380739,0.72127426,1301.7606
5e8200ceb0b94ecb83210adeefa64db1.jpg,3,63.071916,29.852636,3,63.136376,29.792042,7.788776,0.70846444,0.7019788,0.0047104955,0.69430935,0.8145734,1251.5033
5ea87c62bac1472f891726829e219a75.jpg,4,44.375603,-0.841857,4,43.847305,-1.172178,64.39194,0.2234301,0.8554379,0.025194466,0.8584432,0.84341645,64.39194
5ec398a34fc843c4aa1966e94d5d280c.jpg,8,61.810566,6.151639,8,61.7496,6.361047,12.930131,4.2060566,0.810928,0.015525937,0.77572167,0.96764493,7.346358
5ee2bcfc065e4582a6fab283b139acf8.jpg,9,53.752754,17.775208,3,61.272505,28.944147,1066.6595,346.29407,0.6699769,0.018541157,0.6659435,0.7585325,623.12317
5ef14357b2d140829a0157e9cc0293a9.jpg,6,65.768288,-16.399688,6,65.442743,-20.580636,195.35558,3.57533,0.874644,0.016260207,0.85910237,0.95449656,178.7652
5f0acaef615b45e1abcbab8395dcd28e.jpg,2,37.908469,-4.053255,11,38.20203,41.478458,3945.3982,2644.955,0.7326495,0.038918138,0.71694875,0.8836789,3627.1387
5f1dee056b384792a9905483085187a2.jpg,6,65.944858,-18.432526,6,65.943144,-18.426575,0.3302758,0.3302758,0.94544935,0.0292086,0.94399893,0.9538882,1.4819287
5f3e42ee8c68479786bf56c281dfe8ab.jpg,0,51.676078,29.12862,0,51.675431,29.128281,0.07564537,0.07564537,0.94685906,0.042279065,0.9382489,0.9812998,0.07564537
5f3f25114f084be58bc7f47bd2cb1d6e.jpg,3,62.906381,21.452183,3,61.746607,24.34826,197.45036,11.266173,0.8527202,0.0093382,0.8280914,0.9512353,197.45036
5f505492cffd442a9284a80a87b08ba1.jpg,6,66.282507,-16.408364,6,66.009183,-14.87878,75.195755,54.16201,0.8651791,0.0058300495,0.84884495,0.9305159,75.195755
5f565518449b438b8902d26d29e136d8.jpg,4,43.567578,-0.817382,1,53.405743,11.598151,1422.0448,176.16727,0.7657517,0.024257898,0.7805451,0.7809688,1144.4548
5f57b50598804c59bdfef8d48b7ffa37.jpg,7,42.348313,12.675463,8,58.33415,6.248148,1833.115,1610.2522,0.6404836,0.013625383,0.5881708,0.84973454,1833.115
5f5c5868f9fe4343a2f9c97e4ee58507.jpg,1,50.099567,11.145681,6,66.564181,-18.018397,2455.3086,12.960077,0.72211343,0.0036420822,0.7187307,0.76459897,2471.129
5f5d72a1773e425085062ddd5c5d883e.jpg,0,53.024953,25.699509,0,53.051938,25.544566,10.785184,3.0671587,0.7198925,0.076511204,0.7121495,0.8123205,5.024699
5f6f4d17cab5435c9abcc2951f7f73e6.jpg,1,52.151155,11.429363,1,49.423292,11.185826,303.8072,32.866707,0.63173807,0.0015183091,0.6300856,0.70706433,489.95477
5f7f46d6eb534026870aed501fc48923.jpg,4,44.133625,6.13159,1,53.462868,11.628761,1111.9426,143.26152,0.65879804,0.0018069148,0.67332935,0.71611553,707.58936
5fdeb49503d34ac0b862c2f4b8777baf.jpg,4,43.570236,6.126872,4,43.941183,5.05781,95.254974,46.17793,0.7182496,0.005744815,0.73651975,0.7211114,2028.0927
60071972bf5446d6bf2d2534bdec0aa1.jpg,10,64.111643,20.723022,10,64.114084,20.717213,0.39141354,0.39141354,0.7791746,0.09873766,0.76373833,0.8409195,0.39141354
60093cb6c3f1452fa5c7f42e0678ce4d.jpg,1,51.206794,13.650132,9,50.976933,22.312752,605.17456,44.636326,0.7521771,0.0077804923,0.735772,0.8623145,492.7805
6019c7f244914bc794df193d376dfcbf.jpg,3,63.122292,22.573384,3,63.103346,22.189698,19.408802,7.467777,0.91356343,0.02200526,0.90074015,0.97255737,175.45013
6028a87cc456480caa7ec2565c60abbe.jpg,7,40.987765,9.134418,7,40.991622,9.138444,0.5460073,0.5460073,0.87882787,0.03137368,0.856856,0.9667152,0.5460073
60772e0f36ec40aab4b337f88af6cc83.jpg,0,52.275684,31.100535,0,52.278918,31.085183,1.1046252,1.1046252,0.8540664,0.06677669,0.8411303,0.93468994,60.43935
60aace7fc748438a9f17f628b7a516a3.jpg,5,50.331318,-5.127511,5,53.098157,-1.532503,394.86047,0.7954393,0.7170691,0.027043283,0.689391,0.84716415,333.63354
60d2eeb197854bbbb65a1fecedf6a17e.jpg,11,37.953586,34.088633,3,68.54409,26.155781,3435.9106,122.572235,0.6413907,0.044820726,0.6602924,0.7724253,1848.8207
60d93382db2a4387959fdc15bff0f289.jpg,10,67.854182,20.635371,10,67.83499,20.705882,3.6464872,0.5852594,0.9268552,0.015547395,0.9153318,0.97294885,3.6464872
60e1c19d0efa4bc183e3792e965a450e.jpg,10,62.623657,17.406909,10,67.267094,22.704391,572.95996,46.223766,0.88531345,0.0029305816,0.8660991,0.9621706,572.95996
60e23adb910c44b89dd09c265610497a.jpg,2,36.836365,-2.631628,2,36.861112,-2.552078,7.594475,1.5321368,0.7895751,0.03260535,0.7641033,0.89146215,7.594475
60fadedc0a1042e3aac310ef3a9d1c54.jpg,4,44.089259,2.294419,4,46.234088,-1.018614,352.5792,19.211956,0.8166258,0.009028792,0.7972287,0.9611287,333.32666
60fb11bc0acf4e95afa13fe5d09a8e0f.jpg,6,64.951997,-14.139647,6,64.936256,-14.072839,3.600198,1.2520794,0.91512,0.007089913,0.8986454,0.98101807,3.600198
613d488eb0374086b8e18024f7175602.jpg,1,49.525404,10.866349,11,39.554468,43.90872,2815.1763,1781.8596,0.6587764,0.015386701,0.62817323,0.82378924,2323.9507
6143be922f6a4aa28a3cc0defaab7849.jpg,7,37.948598,12.562969,0,53.5122,27.475016,2072.7678,1298.6628,0.6539382,0.00955534,0.64919484,0.69122577,1985.5282
614c470a111844d1ae2febbfe77b1e21.jpg,3,67.889171,23.996242,3,67.898402,23.954186,2.0373178,0.5891606,0.9264434,0.0066534877,0.9154426,0.9704464,2.0373178
616969d3267b4bd3ad4e369b7124dbfc.jpg,2,28.556135,-17.868935,9,54.151466,22.841456,4334.126,1706.2295,0.60344136,0.014458537,0.58413863,0.693133,3929.0833
617ae0c2ebfd41529ee30fa2cf4906ca.jpg,1,49.605606,9.639243,1,49.649627,9.166706,34.385513,34.385513,0.6862396,0.03791082,0.7040384,0.74936223,649.61975
6199efe016b544c08a7a5282f1b5f226.jpg,3,66.662138,25.463644,3,66.657978,25.482965,0.9687388,0.9687388,0.93051517,0.0021218657,0.9172139,0.9837202,0.9687388
61a525f522524e04ad5d08b462192897.jpg,0,54.472637,26.397905,2,29.098322,-13.555655,4256.4624,1349.701,0.7762722,0.0013225079,0.78297764,0.7640605,4312.3164
61c33b7314224820974e08f9cee4ca35.jpg,1,50.701858,8.645782,1,52.216753,14.042077,409.92984,18.394331,0.6557064,0.04521668,0.6535555,0.73323226,127.7227
61d437b88e1448ccb2294c8789e712a9.jpg,5,55.488146,-2.997062,5,55.360912,-1.826084,75.232605,9.329024,0.7112804,0.0020730495,0.68145883,0.88766253,58.200302
6228fbc8d28247dcb719feb07f36733c.jpg,9,53.926638,21.468402,1,51.606446,14.078887,559.7412,35.721397,0.7541363,0.0031076074,0.74045205,0.83007693,506.31818
6242c39d23754da5b52d27b1c2321e29.jpg,8,58.254256,7.517902,8,64.562131,12.496298,749.22,8.244503,0.6668868,0.001608491,0.66386545,0.82156277,472.2753
624f4a5b61f04e2db9e2958c8efa9fdf.jpg,4,43.665106,0.566328,4,43.613065,0.944861,31.00606,2.4891987,0.7428732,0.04512143,0.71490955,0.85472745,31.00606
625d4b3c4c254479bab3aa80e98b5793.jpg,9,54.19818,17.391315,9,54.199624,17.384906,0.44673356,0.44673356,0.7606343,0.021169364,0.7316457,0.8765886,0.44673356
62627e5d49a7453c8f307656b79b18a4.jpg,2,43.064829,-4.784311,2,42.767198,-5.071515,40.525146,5.960157,0.75805056,0.010290861,0.7329961,0.9143735,42.770557
62657a9ba5b24370b85feb1b170aa44d.jpg,3,62.239693,25.829931,7,44.459939,8.378712,2274.696,33.802235,0.6437508,0.062131703,0.64590585,0.69242716,931.7357
62a11eb1996a41a1b41d478c5612b991.jpg,7,45.622212,8.860589,2,40.625846,-4.1109,1188.3475,159.26335,0.68927616,0.05703473,0.67836213,0.7329321,1188.3475
62a73fd37614483d9dea37c478073805.jpg,2,37.655278,-0.808124,7,40.466633,18.155843,1663.5157,2.0859358,0.7277583,0.017314017,0.7367448,0.7646116,2791.0566
62bd49e391ee4fd0a5be597fc752d754.jpg,4,47.304451,2.469252,9,49.908786,21.51994,1426.1792,280.70636,0.67877626,0.007663667,0.66632116,0.79201937,1472.91
62c1960bc7ef4c8db6667433a54f6f50.jpg,0,55.111064,27.621802,0,54.266668,26.305497,126.38145,8.0195,0.8053979,0.003375113,0.7840043,0.8909726,126.38145
62ee5aa89fd84a5eb3401b17ae2fb70b.jpg,10,68.248846,19.516152,6,65.164719,-14.190469,1500.6959,39.027527,0.68711585,0.009392083,0.68759745,0.7589428,924.379
63165a1d0ae84dd1a45cc7e73ecbfae7.jpg,5,58.503022,-4.618968,5,54.850177,-4.315069,406.60126,1.4988227,0.70719457,0.03825313,0.66789067,0.8644099,406.60126
635770ffb73c4e369a11221eb39012d5.jpg,4,46.849925,5.914687,4,43.647487,-0.906509,641.4706,39.116913,0.7252813,0.026056528,0.7439115,0.7480655,403.6084
6373ac7b42ef423d97de5027bfeb016d.jpg,1,51.764687,9.501507,1,51.02413,11.217547,144.75664,11.141847,0.74131495,0.025771916,0.7347641,0.81587994,305.8392
638c389d095f46deb7d7148d3a0ce120.jpg,3,64.594594,29.682092,3,64.59372,29.681802,0.098164245,0.098164245,0.91052675,0.04373622,0.89308196,0.980306,0.098164245
6410c53275cf44899404bd5c2c891497.jpg,2,39.29448,-2.202388,2,38.409107,-1.565166,112.85803,0.28634065,0.732645,0.0108811855,0.72505784,0.7967954,2696.632
642ef270098e4cecacc5acb43fd56e7b.jpg,6,65.746852,-19.643904,6,65.746989,-19.644512,0.03167459,0.03167459,0.87560856,0.15389109,0.86612344,0.91354907,0.03167459
642f37f17b714353a819956e40fcc93b.jpg,2,41.809055,-0.713363,7,40.450208,17.333467,1516.221,8.907146,0.6852066,0.04879278,0.6902632,0.786266,2295.7415
643d6dc3252944e3a40edb28a7c56a2c.jpg,5,55.29954,-2.939599,5,55.298853,-2.940177,0.084701344,0.084701344,0.8925319,0.11064446,0.86988086,0.9831359,0.084701344
64449580db8546339c7816a692375449.jpg,2,28.050793,-14.356028,2,28.049492,-14.331906,2.3715975,0.24309367,0.810931,0.040559947,0.7905192,0.89257824,2.3715975
645b432a3eed49d193fa6d7c890a954c.jpg,7,36.870597,14.451284,2,41.547165,-3.20571,1604.2424,3.0981169,0.6900909,0.007075429,0.68194157,0.8266179,1684.6487
648651894e0d4f2e94fb0292f60f432b.jpg,10,59.174011,16.574551,0,52.256911,27.858082,1041.8615,5.6964355,0.64125127,0.003524959,0.64911747,0.7476728,1034.3616
64c88f1d56644cbb883c62e40428802f.jpg,5,51.910685,-2.937326,5,52.053704,-2.904181,16.064196,9.380971,0.73903996,0.0026353598,0.7046201,0.87671924,16.064196
64d8de0d778b4997ae7a03a9f78326d3.jpg,9,51.444503,23.271385,1,51.713992,6.388821,1164.3695,115.46541,0.6996932,0.022113025,0.69671714,0.80716693,437.67514
64eb428b397b48feb560ceadd558e9b6.jpg,2,41.906628,3.146519,7,37.990032,13.869172,1011.5021,547.5195,0.6327818,0.05244261,0.5903864,0.8239825,1024.9285
64fe7ff2713e482aa43eef9c78439723.jpg,3,64.723583,28.411671,3,64.748403,28.330205,4.750133,2.7245884,0.8676132,0.028030574,0.86149234,0.8920964,4.750133
650a0ecbc3a3412a881b295058d7d2e5.jpg,8,64.226292,12.079898,8,62.717222,11.34993,171.66978,8.81089,0.72481704,0.004252553,0.69825906,0.8732635,286.56168
652f8e8bf8404c83bcd1c7a1d3277f9d.jpg,11,38.946104,36.04104,7,37.040093,14.390464,1904.5336,462.33228,0.6482358,0.02570343,0.6343682,0.72190344,3078.8308
654d691b84574eaf8f09a95ad80d6fef.jpg,7,45.514572,8.822987,9,49.96007,23.0958,1173.7585,8.327952,0.7065257,0.008812189,0.7079719,0.75890017,253.51286
6566f95729b44f29832120b47dd82c32.jpg,10,57.577203,18.382213,10,57.576635,18.383688,0.10826893,0.10826893,0.9104299,0.031217158,0.8970531,0.9639369,0.10826893
65706a7f1e8a455382647dded0ed5cbb.jpg,0,52.971379,30.606732,0,53.181685,30.451467,25.581827,3.664902,0.77358377,0.00627774,0.7383816,0.9143921,25.581827
657350dd333f415cbab579c4397fbad3.jpg,10,55.755608,13.536118,5,56.50321,-6.957209,1267.9733,29.68604,0.73164797,0.008205414,0.735301,0.8135024,1117.2311
65752065ac0f4e30ba1550b0425e2fee.jpg,5,58.564902,-4.741442,5,58.565857,-4.740571,0.11759197,0.11759197,0.8028885,0.030675828,0.8080124,0.7889319,0.32255217
657816fef51645d2a3de75d11e14ae0f.jpg,11,38.487752,28.059024,5,52.407796,-3.614718,2880.6577,0.96197456,0.6705636,0.016982555,0.68059635,0.7039316,3207.2896
659e862bfe5d4643b4847810309cd934.jpg,0,53.353437,29.594617,0,53.211421,29.39387,20.675552,1.649396,0.8514365,0.011496723,0.8356107,0.9331421,169.14888
65c19c790a7a4400ac7c1defb847b069.jpg,11,39.553775,43.913275,11,39.554468,43.90872,0.3980485,0.3980485,0.9309731,0.06567681,0.9169302,0.9871446,0.3980485
6602f55d2452410384da69ffe2da157c.jpg,9,53.94893,22.440389,9,53.892177,22.346202,8.824102,3.3107498,0.7435487,0.003579557,0.7192821,0.8483108,275.30273
6617592503a6408281d459bda83dc300.jpg,0,55.277448,29.674207,0,55.267098,29.738412,4.226782,1.7378756,0.8473978,0.024470747,0.8185711,0.9627048,4.226782
66264b32cd284064a4cd1273f1757bd3.jpg,7,37.924338,12.749419,7,37.913331,12.508558,21.163696,0.8848898,0.79208785,0.0047089458,0.7627892,0.9092826,21.163696
66488f1e79ff4650ada7b407e378c777.jpg,0,55.264923,30.112058,0,55.260661,30.112753,0.4759549,0.25338826,0.8713659,0.092727065,0.86991847,0.87715554,0.4759549
66495737445b402eafc4a4ccba8512a1.jpg,4,50.293993,3.14714,1,48.244285,12.845721,739.03595,11.822228,0.6187235,0.015846074,0.6091599,0.67895305,344.34344
66521b84dc52451d9cca8b3421b324b8.jpg,5,52.016609,-0.499286,4,44.487337,4.674636,920.1188,448.27808,0.70718855,0.0072771907,0.6737575,0.8770149,809.12756
665e9c2a13df42bda0550b2c8689aa92.jpg,8,60.439508,7.789686,8,60.367575,7.507791,17.425297,5.4472213,0.73043954,0.084525526,0.69700235,0.87615365,93.69909
665f381ff4274a58b325383bdc2309c3.jpg,0,52.633636,25.503006,0,52.629367,25.510171,0.67761254,0.67761254,0.863847,0.031369448,0.83904517,0.9630542,0.67761254
66aef91fffe54af69db7c5e79eac8790.jpg,5,52.248985,1.493489,5,52.330688,1.340647,13.805872,10.895993,0.8204005,0.03426206,0.8279993,0.8331033,105.70691
66b8f17fce6a4cabbe9f58b067e16314.jpg,11,38.732503,34.052343,3,65.454064,25.380149,3023.378,155.97037,0.64446485,0.016062975,0.6498641,0.7193918,3023.7542
6704a4d03dcb41e7970cf2048a43f4d8.jpg,9,52.310723,15.356755,11,40.163973,29.367501,1721.5707,1456.0514,0.6966004,0.017487705,0.65799016,0.85104114,1721.5707
6744c32f29444076b8bb2808b1766e4a.jpg,4,47.388925,6.193236,4,47.435252,4.092785,158.13387,5.770414,0.6632642,0.019637406,0.6570134,0.78067917,70.486755
6755d665854d4cd1a1cc9ab56649c04f.jpg,9,54.456285,17.402512,10,57.618745,15.515687,370.6319,25.187256,0.6508279,0.0038986802,0.6175799,0.812785,326.16394
6780d64a34084cfa98d5da91441b2266.jpg,6,63.948635,-16.822398,6,63.945431,-16.807802,0.7968994,0.7968994,0.85656357,0.051389396,0.82960117,0.964413,0.7968994
6795adf263544ad68ec222ec0bd3a630.jpg,4,46.741738,3.594093,4,48.878142,2.97675,241.98726,15.290201,0.7361194,0.009398937,0.7246086,0.78413105,287.43356
67b14323708447649d5729c07cec5c30.jpg,9,51.704639,21.234442,10,59.146031,15.167312,910.84216,14.30171,0.6618363,0.0039253235,0.6742128,0.72785205,70.524
67cfaa470704417fbd16e6619ff45319.jpg,9,50.082249,22.375839,10,59.595855,17.129667,1109.0767,844.6293,0.75567204,0.0005031228,0.72221315,0.9178099,1182.593
67da2b4be0f04fca8ce14c88e161ad71.jpg,9,53.87098,15.568784,1,54.130028,8.930127,434.68365,11.269321,0.70912206,0.003958404,0.6915293,0.82773024,410.82242
67f6724d474c4806badc7e3e22372495.jpg,10,62.007692,17.015771,10,61.760309,16.928792,27.882809,8.968933,0.7621114,0.034230053,0.75042677,0.8088498,27.882809
685e1b287bde4ab081efcc35aa959748.jpg,11,38.51122,35.181491,2,37.669856,-0.925546,3140.8477,4.4035516,0.63267326,0.0005170703,0.641012,0.6618402,3055.0183
68684822146842789352f8ab1c099f2d.jpg,1,49.779885,8.410665,1,49.782965,8.409053,0.36150926,0.36150926,0.7844788,0.058514953,0.7706095,0.8399556,0.36150926
689329e58a004e8793b73667dc69b52c.jpg,8,63.976028,10.208195,8,62.721692,11.339061,150.4437,75.143326,0.7078211,0.032627642,0.69508135,0.75878,150.4437
689f14568fce447ea3b35608342bd542.jpg,0,53.947913,30.46807,0,53.069735,29.987999,102.679184,0.39615342,0.7535315,0.010129631,0.7422474,0.8135872,49.520714
68af6204eac542438226bc9fecb358d2.jpg,6,64.500585,-14.480743,6,64.499487,-14.478084,0.17637675,0.17637675,0.92089236,0.025366426,0.9051446,0.98388326,0.17637675
68c1da180d9d4940afd95a83fe87f07d.jpg,1,49.533903,9.851958,1,49.562775,9.892691,4.352293,4.352293,0.6685327,0.024684906,0.67132413,0.6959729,1178.1815
68df4c91085e46eb86a5e0e4118653b9.jpg,10,55.758064,13.728554,7,45.04196,11.542332,1201.4534,4.433284,0.66048014,0.04536283,0.64995944,0.7479662,600.26355
68ed61642bbc4bbca17551a95cce8dee.jpg,6,65.377373,-14.761636,6,65.362214,-14.866272,5.1336274,5.1336274,0.9532627,0.028034389,0.94364357,0.991739,5.1336274
68fd991ac9a4495e9b7395cd6bc8dd88.jpg,11,36.941184,31.219339,11,36.923698,31.247381,3.1611538,3.1611538,0.6764288,0.010303497,0.661392,0.75981593,4.223397
692c581e2fde446199eb070aa14fc9ee.jpg,7,45.328528,11.002406,7,45.24649,11.006934,9.129097,9.129097,0.749881,0.03998655,0.7333543,0.8475525,20.409048
692d52b0073842948772250fb276cb8a.jpg,11,40.215919,43.58449,11,40.471631,43.327216,35.83152,22.924059,0.77078414,0.00223732,0.7595357,0.8157779,35.83152
694eb4ab22c344c187d2a54335b16aa8.jpg,8,63.444777,11.690101,5,50.424598,-4.668645,1744.1443,561.2124,0.7482079,0.03125751,0.7382523,0.78803027,1744.1443
69508d0a34d54f53979784abe09ca18f.jpg,10,67.051946,20.112081,10,67.098068,20.4468,15.378147,11.199871,0.8422332,0.046569705,0.82101226,0.9415119,13.694783
695a487530c74d43bf29b4760c6aebf4.jpg,6,65.762919,-19.658481,6,65.568282,-15.35923,198.13402,1.8826783,0.8292341,0.0088733435,0.79682195,0.9588829,198.13402
6961779065224675a4d6b49c8c8fc8a0.jpg,5,53.864711,-2.820451,7,44.369709,8.031063,1315.3748,1143.6288,0.6946553,0.029125333,0.68815196,0.827116,1453.001
6978ff9f560b4179a34b00f2bdbcf038.jpg,7,38.999769,8.419701,7,39.066043,8.440207,7.579205,0.2948302,0.73826766,0.024947762,0.70547795,0.86942625,7.579205
697d46b2696043bab147007526db48f0.jpg,4,45.966774,0.204876,4,46.161105,0.171344,21.76297,21.76297,0.7446255,0.034662068,0.74531895,0.74185157,21.76297
69bb0e4c46d546e5a0f73f109004d2e5.jpg,1,49.279339,10.928837,9,53.434827,19.342615,744.0486,61.708694,0.5981757,0.016339123,0.60780656,0.6890393,933.53357
69cbbda085e34d31a6d8d83e5833bea3.jpg,9,50.182643,20.083175,9,50.188165,20.063231,1.547058,1.547058,0.6759465,0.06378955,0.65225947,0.7838556,26.401323
69db23b27b8248cda15d29443c694dec.jpg,5,50.999546,0.768253,1,48.085524,8.341286,634.8064,44.149326,0.71430284,0.05986631,0.71932995,0.7241522,634.822
69f00ac93bf44a5983cf6120122400e7.jpg,2,40.643455,0.307422,2,40.683782,0.338429,5.1911216,5.1911216,0.72534543,0.082850635,0.7078991,0.8042976,401.73138
69fd961873844b4897c4cffdcb63cd81.jpg,8,60.169705,9.687661,8,61.756879,6.262234,255.52693,0.32860878,0.79179615,0.008325696,0.7496871,0.96023226,255.52693
6a0044af9b64415bb35a037fea97984e.jpg,9,53.611816,14.8481,1,54.535707,13.249757,146.37724,15.59299,0.71919805,0.022252023,0.6883647,0.8425313,146.37724
6a1e0156c0634931ab02c6db242581da.jpg,11,39.195469,37.284151,11,39.196203,37.27616,0.69344527,0.31448442,0.9240757,0.0062707067,0.91278434,0.9692411,0.69344527
6a2c5d35a7d84dd9bac5215236d4b1c7.jpg,9,50.232401,20.707802,9,53.058895,15.165917,494.72845,54.27627,0.6780788,9.3758106e-05,0.6421318,0.8341187,492.99307
6a382095ec5248bfba883e002322b850.jpg,5,51.185739,-0.116534,5,53.490757,-0.553824,258.0214,5.9876432,0.7602344,0.036271036,0.7243323,0.9038429,258.0214
6a40f6bcd61c4bf091af3cfa380751c9.jpg,8,69.60293,18.052288,8,69.631311,18.027557,3.2979708,3.2979708,0.72224456,0.008067429,0.7061693,0.8209133,9.821693
6a555120a2b0458bb2645204ae026095.jpg,2,43.729278,-7.687743,4,48.504838,-4.755796,576.9938,1.7973951,0.65450674,0.009665608,0.6705839,0.7238176,348.37582
6a870e5ba8994ac7b7b1d8a4333b8737.jpg,4,47.899736,3.636365,2,37.196295,-4.795081,1374.1405,711.84235,0.61323935,0.0087352395,0.57654977,0.7987875,924.9244
6aaf66d11db94d67999ad43eff5100b9.jpg,3,62.289691,27.019037,3,62.326128,26.948462,5.45121,1.7380946,0.851094,0.014299333,0.83251154,0.9254239,5.45121
6b221411b3d64704ad92995abd060b18.jpg,3,60.524505,24.57356,3,60.520931,24.361798,11.593726,11.593726,0.7367939,0.10678947,0.75856686,0.71289086,1206.0406
6b54708d9cf64960a4b4f3700240a012.jpg,3,66.106675,24.810967,3,66.11567,24.834209,1.4476674,0.054036275,0.9562071,0.0032064319,0.94675124,0.9940306,1.4476674
6b5a937fbd4c493da8cb5e40a6362135.jpg,11,38.392576,30.222073,11,38.408084,30.227403,1.7858703,1.7858703,0.86246943,0.029352546,0.8451775,0.9316371,1.7858703
6bd1b81e99ca4c03b13dcbb217380a6a.jpg,4,48.356407,5.639006,7,46.007368,11.267012,498.95047,17.26813,0.6436693,0.046089053,0.65440726,0.68052506,517.00116
6c179649773f4fadb3db1513cbd6ddc1.jpg,8,58.217519,6.962505,8,58.542181,6.278354,53.795902,36.262405,0.62437856,0.0038689375,0.6090935,0.7527603,983.30804
6c212a76c42b47b08901f5f1cf1694cc.jpg,11,40.415788,39.548064,11,36.858162,34.471225,592.20123,47.478664,0.6056433,0.00023126602,0.60683334,0.6847172,2592.8528
6c2f2418c5c443aea76e1c427b6a9954.jpg,0,52.233854,30.133002,0,52.129349,29.42728,49.49955,12.580139,0.87608534,0.008877695,0.86230165,0.9527682,12.580139
6c30cdf55ea4426989060576cf899ea2.jpg,10,67.102348,20.45276,10,67.100624,20.450622,0.21285152,0.21285152,0.95523995,0.03711778,0.9467422,0.98923075,0.21285152
6c3103649ff044e2998cb79602ca5ef5.jpg,8,64.949425,14.196345,8,64.948799,14.197176,0.07985046,0.07985046,0.8456686,0.035570323,0.8288677,0.9264443,21.998648
6c3c02a91c584b74a2e760896b11752f.jpg,3,66.263948,29.362918,3,66.251281,29.245805,5.4290333,1.8648267,0.8691174,0.0046444535,0.8510447,0.9653994,37.61317
6c4966681833452cadaf503f14b7d872.jpg,10,64.499535,20.736885,10,66.106757,17.477635,234.17914,70.061676,0.6646585,0.01525718,0.68663037,0.8048235,2989.453
6c66ed2a408a4cfdb83c05cf0ab5918b.jpg,9,52.514,19.825603,4,46.417708,4.9402,1267.8042,0.49359718,0.61542493,0.0013486743,0.6232345,0.7022375,247.23894
6c70a72445554d609655e79d038ad384.jpg,9,51.615178,21.660435,1,53.331896,10.013984,810.60004,8.66336,0.7594343,0.0014830232,0.7392771,0.88057494,828.94556
6cb5d4e4808b400abfee10b0e9ceac39.jpg,2,39.56841,2.770324,2,39.569032,2.775868,0.48021606,0.48021606,0.8987594,0.03975314,0.8779972,0.9818082,0.48021606
6cc4cca0bb354241a6b636c7eb83a559.jpg,2,37.248216,-5.396022,11,36.705779,30.563851,3175.48,33.31097,0.77334255,0.031579435,0.75322837,0.85379934,3175.48
6d04f362c09a4ece956f81293003eed6.jpg,7,41.062413,15.714447,7,40.98271,15.927166,19.924822,19.924822,0.84368455,0.003037691,0.84198517,0.9089701,41.90538
6d0743d582fd479e9e4c4337ccedd2c2.jpg,2,42.83402,-8.739643,0,53.201203,29.138262,3000.5305,20.749386,0.69737315,0.021034837,0.6874442,0.76673245,969.5034
6d1c140e0b3d4eb8bf881ae93df8c15f.jpg,1,51.963929,8.263869,5,50.887392,-0.281515,604.0744,15.128748,0.65179056,0.0018441081,0.66045344,0.71841305,519.24384
6d2e75b69a4c403ca3ce65f8c919be70.jpg,4,43.828315,6.196318,4,43.770575,6.160239,7.0431542,7.0431542,0.6868213,0.027336359,0.68446493,0.71514916,214.96979
6d34ad30b3d44092b75ccfe227d58124.jpg,10,65.66192,15.445209,10,65.326798,16.651808,66.972755,4.0961704,0.86407167,0.013284922,0.8571767,0.9237144,70.95318
6d60d6562a904a85892a7043c71ad77f.jpg,2,39.64826,2.698728,7,38.088568,12.753031,887.0534,46.921494,0.6828013,0.010196209,0.6817775,0.74107003,2492.9763
6d6ad81ffe554afcaf8da869de6583a7.jpg,10,64.381075,21.381786,3,63.298492,28.371361,362.96057,0.3064835,0.7154425,0.0023684502,0.6672802,0.90809155,362.96057
6daf69bce7ca45429737a1e7f076c95b.jpg,10,61.165365,14.703564,10,58.864158,17.828195,309.16373,124.47958,0.7375941,0.036834896,0.72837317,0.7942577,397.02985
6def02a7dc414ef6a5862ebc17c197cf.jpg,1,47.665195,10.185483,1,47.618087,9.785285,30.436697,30.436697,0.67968076,0.012069166,0.6977591,0.74227107,930.759
6e08b7fa69b54da99e72120a37c343c3.jpg,6,66.135107,-18.929184,6,65.941434,-18.130607,42.00345,1.934191,0.82090724,0.006745994,0.79640174,0.92360175,10.688024
6e23488d1d8744f38beafa8a06c098e4.jpg,2,39.275893,-2.205168,2,38.828085,-1.751089,63.37877,1.7983444,0.82566863,0.009357929,0.84004045,0.7819966,123.9887
6e294f941b49472b9af9e9d566a4e263.jpg,3,62.900644,30.212119,3,62.927222,30.290089,4.931321,0.5472357,0.87744004,0.0069978833,0.85859436,0.9623754,5.757678
6e329eef4df342848206d04788d665be.jpg,3,67.411314,24.924669,3,67.336016,24.906071,8.410482,1.8541585,0.94923115,0.0011422634,0.9392462,0.989171,8.410482
6e3d4aa6db2544b1ac6da7214ba92cfa.jpg,7,42.653642,12.491208,8,62.234511,7.150276,2205.3997,1440.9655,0.6002483,0.0039003491,0.5678151,0.76920986,1935.6265
6e5871d626634e77955a12952013b9e2.jpg,8,69.439946,25.012518,8,69.4412,25.023601,0.45469224,0.45469224,0.91822386,0.070278525,0.9110193,0.94704175,0.45469224
6e5caeac647441ec9ee17625096324e0.jpg,8,59.619452,8.837766,8,59.631123,9.996629,65.17048,0.8675086,0.70172024,0.0051989555,0.6744132,0.8397606,908.9456
6e8ef7def46c4d7fa4e76358e44778ef.jpg,3,63.815708,29.193987,3,66.269103,29.402569,272.98053,5.302527,0.72320694,0.038888454,0.72901595,0.780791,842.3501
6e95a1069f53417ea42690f018545cb7.jpg,0,55.590397,28.572301,0,53.416355,30.389823,268.6977,5.555076,0.83555615,0.022660673,0.8120759,0.94584155,272.62238
6e9c4b333d49483194e63759019b689e.jpg,2,39.625231,2.648001,2,39.612311,2.646076,1.4460714,1.4460714,0.8591403,0.12400687,0.86065644,0.8530758,1.4460714
6eb3da96a0c648429dd408135813d3b7.jpg,1,50.8769,10.971264,11,40.716686,31.576032,1945.7533,333.2436,0.5758848,0.010976493,0.5757383,0.67711806,1491.1332
6ed89e6169c64492bae5566ff02ca5d6.jpg,8,66.318457,13.07483,8,66.31855,13.073391,0.0650949,0.0650949,0.86879426,0.1355074,0.8610376,0.8998209,0.0650949
6ef79d5a08e54d3ca3c20b17de232cd6.jpg,0,55.461979,29.119113,0,55.491046,29.045592,5.6491895,0.5955457,0.82768583,0.02501452,0.79788756,0.9468788,5.6491895
6f0f7f1195e8414d9fe56cd53786d03f.jpg,2,40.968212,0.638726,4,45.144669,-0.479978,473.19852,103.817894,0.67965585,0.0011640191,0.6966543,0.7304387,2167.202
6f32fc5ded664f108c8d53478f83b438.jpg,4,43.136877,2.729555,4,43.1426,2.727564,0.6565538,0.6565538,0.761909,0.034974337,0.75740576,0.88709086,1611.1525
6f63e2bcebc34bd4a94c2a91c1451dbe.jpg,10,67.964217,19.978608,10,67.964824,19.976606,0.10738343,0.10738343,0.87897646,0.1952771,0.87603414,0.89074576,0.10738343
6f687b7b823e4865a986d00d3b243482.jpg,0,55.203145,30.363007,0,53.445583,26.508028,317.23746,3.61851,0.8175132,0.008515239,0.79778045,0.95369923,15.98009
6faa39ed51c349e9bd49167f807959d9.jpg,10,57.177718,14.078164,10,57.17925,14.078959,0.17696121,0.17696121,0.90282166,0.17012936,0.8899596,0.95427,0.17696121
6fadbec641594298b792ea80649117a8.jpg,7,42.411393,13.625525,11,38.324498,42.923129,2510.3792,1321.2391,0.7300621,0.029012263,0.72653294,0.7777295,2409.766
6fc1b4701065479e8fc5b71091043679.jpg,1,51.552957,12.337423,9,52.000945,20.672922,575.31476,19.920986,0.724118,0.003643155,0.7169987,0.80280614,124.760376
6fc87b751570426ab43da4b33e1487ca.jpg,11,36.567351,36.397881,11,36.204634,36.197183,44.15273,2.8747206,0.7672818,0.019865036,0.7407023,0.88445306,49.84268
6fe2b6ef20684531b219124abf1a2f4c.jpg,4,48.28086,4.127953,11,36.222032,29.696394,2477.1482,733.10187,0.63211787,0.0046452284,0.6170339,0.73165476,2492.5098
6fe32289ead548849b92ddeffe7008fd.jpg,2,39.073245,1.536917,5,51.779881,-1.995413,1439.1067,891.33923,0.6638117,0.011628389,0.6297563,0.82815963,1309.395
6ff9604b2c6f4c279189bf95e00f7d5b.jpg,4,43.600697,-0.800645,4,43.707494,-1.020366,21.295485,8.9711895,0.81539947,0.001879394,0.79053587,0.9284295,8.9711895
700c381a5ef64db888b3de8a02740cef.jpg,11,38.123976,41.691591,11,38.123827,41.68768,0.3425144,0.3425144,0.8443638,0.026396513,0.83783805,0.8831775,13.828483
70129fa37a0a42318c7d3d25dda30d45.jpg,8,67.261597,15.425236,8,67.260499,15.433198,0.3633389,0.3633389,0.82025385,0.06554943,0.7996439,0.9026936,0.3633389
701b81067e6740e88d4aca962e5e3ca5.jpg,7,40.694746,16.944658,2,40.514723,0.251152,1407.3064,11.047965,0.72998554,0.0030164719,0.7244643,0.8004873,1535.7664
702e1adcc1ac43a497aef0fcbc0e10c1.jpg,9,52.673718,15.121732,1,53.131801,7.807611,492.97278,13.03173,0.74724877,0.021251142,0.7461995,0.76123416,43.452984
705767761e4a4146a5e91569fa85f9a2.jpg,4,45.964968,0.809058,1,48.468236,9.716554,727.5051,180.84569,0.67011774,0.008127809,0.67762184,0.75601625,632.9628
707505a48d7340e3b3059b285b8d9fc6.jpg,2,42.892322,-2.135828,11,41.144326,29.168462,2578.4182,295.93506,0.7158871,0.00070011616,0.68910533,0.83854026,2453.1929
708e243f35df46cd9491edd630aad5ed.jpg,0,54.72232,26.048922,0,54.702159,26.105111,4.2488766,4.2488766,0.78943145,0.079090476,0.7844043,0.80954015,4.2488766
70938211f5a240ce9ba5a2435a677c6b.jpg,8,58.245868,7.952879,8,58.313554,6.369985,92.84468,1.7786413,0.6939243,0.0024551153,0.651564,0.86336565,92.84468
70a539edddd2424ba1b8ffce40edd8c9.jpg,2,36.593456,-6.085507,4,48.544304,-4.504034,1335.0906,45.92883,0.7053734,0.00989157,0.7120625,0.7806438,1195.7332
70b8ece536244cefa0ae8799c32a72c7.jpg,1,52.857153,7.809499,1,51.713992,6.388821,159.66924,9.520448,0.76657915,0.0068367124,0.74241006,0.8679065,232.09186
70e87f9cf1704de4aba2ff22873ca260.jpg,11,38.283809,41.098755,11,38.290799,41.104076,0.9054275,0.2475996,0.9083246,0.009022653,0.89037514,0.9801223,0.9054275
7119f5e9911744d6bdc1914c5aaf9771.jpg,1,53.743864,9.527332,1,48.974176,8.081471,539.7528,10.283518,0.70494634,0.015536487,0.70364547,0.74705935,677.92114
711aee5b71f6475898db2b5ef23af815.jpg,9,52.51427,21.678668,9,52.513536,21.678572,0.0818753,0.0818753,0.8904567,0.13382119,0.8865833,0.9059502,0.0818753
711e3fa5e7b74203a1e94a43554b7b44.jpg,3,64.787787,25.542515,3,64.80352,25.510789,2.30595,2.0794284,0.94066834,0.008785665,0.9310443,0.9808307,43.9644
712b7c007c16464fa0cce9207e1194d7.jpg,6,65.104617,-14.328541,6,65.102027,-14.328395,0.28807634,0.28807634,0.9549093,0.03931713,0.9454231,0.99285376,0.28807634
714eee4604e14464b8ba0a8d11a5885b.jpg,8,62.544315,6.124137,8,62.543071,6.124773,0.14211786,0.14211786,0.7431257,0.05932647,0.768386,0.7598228,1412.4471
7171538378354344a330370f91f46184.jpg,7,45.728512,7.225204,7,45.899152,11.630091,341.8711,101.073746,0.65014863,0.00475049,0.6508831,0.6809808,486.2192
7186328d14ff48bbb5e82d457cde662e.jpg,10,60.642675,15.948403,10,60.694606,17.015753,58.423946,7.056403,0.7313119,0.010361016,0.69394314,0.88078713,58.423946
720d16a8bcb14311b952481ea597b58a.jpg,7,37.028256,14.406679,7,37.021027,14.409258,0.83579934,0.83579934,0.7558409,0.042219043,0.7788534,0.76226693,27.747902
7230791434d741099d52789bb1e00aad.jpg,6,65.943556,-16.568617,6,65.945211,-16.567453,0.19144134,0.19144134,0.88948417,0.015216947,0.869135,0.97329545,270.04797
7234b11de106401b8518eedb957def05.jpg,0,54.014512,26.387756,0,54.048763,26.800842,27.245754,27.245754,0.6923197,0.0057460666,0.67429197,0.77354753,249.01926
7248419bcb03431e9f0cdd14ee03df86.jpg,11,39.194277,37.298279,11,39.201744,37.242913,4.8427324,1.5391335,0.8148584,0.034089923,0.8197779,0.82736987,139.99889
7254a226930e43a5907854b56c57f529.jpg,1,48.705149,10.244091,1,53.782348,9.30698,568.3017,157.84262,0.75520533,0.032484114,0.736428,0.8305304,583.1711
726ea475701e4a2aa30079bc950132fb.jpg,11,41.219019,28.466169,11,40.864768,26.758173,148.55835,17.345528,0.686249,0.017438412,0.67064977,0.83191943,445.10132
7275a941d1974855b1605bcf4d055dfb.jpg,1,48.288451,12.527007,9,50.385045,19.301235,543.1116,12.142222,0.6424577,0.001213789,0.6333803,0.7497424,403.49667
728a19b9f3f04ca29385872a359e36cb.jpg,0,52.278699,31.08658,0,52.214232,31.52437,30.655033,6.982857,0.8547794,0.00025206804,0.8352605,0.9555451,193.53378
72b6a452560c4ee19f21ef6d709051c5.jpg,7,38.650059,15.846778,7,40.281931,18.069181,263.27365,56.37789,0.68168736,0.027985811,0.68457973,0.7049221,1022.23846
72fe6789b03548538382848e09f6aa67.jpg,6,65.926344,-16.578731,6,66.084803,-15.145187,67.17128,2.1593385,0.80492055,0.007713318,0.7947979,0.8780598,31.912556
73020128ddd24201b514f92f421edee9.jpg,0,53.187543,28.730799,0,53.187424,28.73116,0.027452102,0.027452102,0.8960113,0.07431543,0.87838674,0.96650946,0.027452102
730897faa42449dea28c55c5fa8e6f60.jpg,5,53.204829,-3.022187,5,54.701701,-6.100977,261.2757,3.5144844,0.69798344,0.01249212,0.660441,0.906935,220.7629
730dba8e747c419a929791e043ff289d.jpg,10,68.032885,19.835579,10,67.964824,19.976606,9.5805645,9.5805645,0.73345304,0.061186314,0.7273706,0.91189283,1930.158
73121d35268f42c19030aefe0382b580.jpg,5,55.276007,-1.6739,5,50.539184,-4.70958,564.54895,91.51638,0.64446294,0.00024849176,0.63168526,0.78869003,429.94162
731adfb06eae43dba208e4d5474c43ec.jpg,7,41.252841,16.014068,7,41.923093,15.092242,106.91981,106.91981,0.62813014,0.0121276975,0.63082147,0.7617411,1143.5914
7338db5403a94f28aded124908e11960.jpg,2,41.006985,-6.4127,2,40.96348,-5.756353,55.304817,6.649568,0.80268914,0.060913622,0.78406024,0.87720454,55.304817
7352c45198cf42e0a892145ffc7fe6c1.jpg,1,49.49781,7.45484,8,58.321753,6.285106,984.12665,75.05939,0.60351497,0.005113542,0.62225723,0.6528871,985.7814
735c82a8ba924fa985aa9ec20ff0834c.jpg,11,38.155943,41.774301,11,38.017554,41.774404,15.388179,8.375023,0.7565703,0.0059906244,0.7376967,0.88302577,73.45985
7361f14ef6864488bc699385bcbb8185.jpg,4,47.212696,5.270874,4,47.210922,5.274055,0.3108738,0.3108738,0.8888314,0.19468093,0.8874861,0.89421237,0.3108738
7363cd30185c4322993e7199fa99f0df.jpg,7,37.731755,14.059568,11,38.598072,33.929874,1736.4514,93.944046,0.65928084,0.000531137,0.64570594,0.7560595,1708.4004
73990d89e2684d3b9a680d5798a5c1b6.jpg,9,51.707041,19.483812,9,53.246982,20.898107,196.1944,19.86151,0.64492726,0.011722267,0.6353871,0.7232945,223.37697
73e846ee54784a078f8c6f804a569d3b.jpg,6,65.811202,-22.518352,6,65.800975,-22.538915,1.4735347,1.4339164,0.9487382,0.009471059,0.9410672,0.98400676,28.933023
73ffbfb212d541fca0dfedffdd6e4808.jpg,11,36.971969,28.698466,11,36.961641,28.726219,2.7199938,0.45175007,0.88806856,0.02288419,0.87894446,0.92456484,2.7199938
749c6a7670104332a5636ed4b59d9298.jpg,4,43.85156,5.032602,0,52.928469,30.028694,2088.2559,485.8563,0.70642215,0.017806172,0.7092465,0.7468034,1942.5033
749f2c62088340c299f29c041dce8fb8.jpg,1,52.934502,10.33105,1,52.93412,10.331489,0.051671218,0.051671218,0.95128053,0.034493864,0.9417839,0.9892669,0.051671218
74b216ffdc584ca58e75595b206caca5.jpg,2,41.133848,-4.088747,2,40.921562,-4.256722,27.490831,12.770714,0.79551667,0.020068109,0.7823604,0.8613874,48.635567
74c325c8b2bb448d9b7b2a0f4dd25a3d.jpg,8,68.129661,13.385885,8,68.128985,13.385203,0.08030101,0.08030101,0.8681916,0.09106541,0.85076547,0.9378959,0.08030101
74df0616e51e452c88773f4b9b9d9acc.jpg,11,41.008015,31.78908,5,50.424598,-4.668645,2982.1216,1379.0758,0.61197263,0.0026507974,0.61396635,0.7312639,2805.4558
74e0cba696cc4da1b6a9203037608c01.jpg,3,63.019146,29.711215,3,63.02861,29.701861,1.1532793,1.1532793,0.8975288,0.025612354,0.88605416,0.96499085,4.362785
74eb6065d5d144cd9748b5dff212dd8c.jpg,11,36.972111,28.698142,11,36.961641,28.726219,2.7527528,0.4845615,0.88829446,0.028755784,0.8711146,0.9570138,2.7527528
750518da4371449e9a6a98ccfeba6d4a.jpg,6,64.522963,-21.556729,6,64.532691,-21.609992,2.767312,2.767312,0.82941103,0.005932212,0.8095721,0.9218062,6.1581554
75120b6c6c154a74b42e4ad805d3439f.jpg,4,48.930283,0.806903,9,53.87808,22.345465,1584.569,1395.8715,0.63899577,0.0043284297,0.6319808,0.8496249,1785.112
7516df3eff874dbda1c1c83717067dff.jpg,6,63.950486,-16.831054,6,63.945431,-16.807802,1.267027,0.6026507,0.79524314,0.02053672,0.77537644,0.8752059,4.3522344
752d2019ebd043b4890a03f0d76b268b.jpg,3,63.613282,27.684746,3,63.614558,27.677383,0.3905429,0.3905429,0.81878173,0.0010837317,0.8047011,0.8754167,12.249867
752e7d0e381940bcbed2441724d0db56.jpg,6,64.209619,-15.720971,6,64.201828,-15.736508,1.1470242,1.1470242,0.90572906,0.031725883,0.89127344,0.9635514,1.1470242
7540e184f7a7400c944b08499064f4ce.jpg,2,38.904918,-3.390347,2,38.935922,-3.386831,3.460885,3.460885,0.9440231,0.049250364,0.931955,0.9922954,3.460885
7555659ee07d43e6883516f723888903.jpg,8,60.253391,12.052348,3,64.804849,26.009087,873.7272,38.14307,0.64047825,0.0149130225,0.6465844,0.7675313,96.05721
75581733acd4400a967b50423aedffbd.jpg,8,62.050426,7.25137,8,62.053501,7.248536,0.37245828,0.37245828,0.75385034,0.017890513,0.72313595,0.8794991,6.822447
756302dd6cda418c8d4cd2ddc94bef77.jpg,8,61.857906,6.203139,8,61.848349,6.147823,3.0900512,3.0900512,0.7887769,0.008913994,0.74831456,0.9718256,14.01101
756f7774bc884ff78c6cabb92da0c941.jpg,3,67.510162,27.954773,3,67.536336,27.925598,3.1636643,0.12450867,0.8604708,0.03948325,0.8387748,0.94725454,3.1636643
75711b9de35147f795f253d5aebeae0e.jpg,0,54.341532,26.20063,0,54.41224,26.048687,12.595878,9.422197,0.7661682,0.0023884177,0.74844885,0.88274175,32.13292
7590e13e3b9043f4b0d901c70047b6fa.jpg,8,61.446748,6.004196,8,61.828854,5.503971,50.034054,15.199252,0.7125349,0.005020559,0.7366209,0.75411,2648.547
7597a8cfc4f64258afc967d124243861.jpg,10,60.222838,13.471974,3,61.938738,23.963101,594.7258,0.07084302,0.7046667,0.011374056,0.70230424,0.8344027,204.24718
75dd6651fb624d82984f3edff37e3178.jpg,8,59.953252,6.58044,8,59.962699,6.574869,1.095283,0.718096,0.7437544,0.040985107,0.7369726,0.8155111,1779.9991
7608a542a37a4deb929da308188d985a.jpg,5,53.284193,-1.533457,5,50.321913,-4.829861,399.74594,6.7335377,0.7843733,0.010832369,0.7693711,0.890364,208.54242
762db6177cff4e418149f0e946b11b58.jpg,9,49.76887,21.718858,10,59.146639,17.574425,1076.1001,16.129848,0.6357354,0.037182152,0.6090502,0.782851,1221.8369
7639066895734cc38cd50264ee1a1f1c.jpg,4,43.422411,4.995993,2,40.625846,-4.1109,813.42755,4.22131,0.62956774,0.0049640536,0.6334396,0.790691,259.5227
7687d57cd4744ee7a26813d78ebb0f04.jpg,8,60.734686,12.668758,10,63.616549,15.043235,343.2727,141.27995,0.8495523,0.014630735,0.8381729,0.93180513,479.0448
769681295eb04c599faf575c3bb0d36e.jpg,4,43.730772,6.453559,1,49.923649,8.890635,713.0366,17.573093,0.6681592,0.025043547,0.6768503,0.816046,307.84412
76a6a5cfd9624afdadd5e53083d720e1.jpg,2,28.279178,-16.816588,2,28.409751,-16.5097,33.358616,10.455349,0.7841545,0.008617818,0.75483,0.9057778,32.905968
76b75b163dd44fc38a65ccec97b4ec39.jpg,6,65.606701,-20.310419,6,65.611615,-20.306864,0.570276,0.56397444,0.97439045,0.027374625,0.9714788,0.9860369,0.570276
76ba6cc7f6f64b779e7afdd13ee32832.jpg,6,65.355285,-14.919775,6,65.352373,-14.956168,1.7183214,1.7183214,0.9533882,0.014659166,0.9441298,0.99042165,1.7183214
76c1919fa9494635a2cc0f80a9d7b1c6.jpg,6,65.590633,-17.16039,6,65.586593,-17.149567,0.6702142,0.6702142,0.9042641,0.01045543,0.88652915,0.9801134,4.3661695
76e8593d7c1d479ab8a3ac7e588d43e0.jpg,9,53.335505,22.458968,9,53.338786,22.460341,0.3760478,0.3760478,0.84289944,0.020775914,0.8262858,0.93487597,3.1218317
770214392f4b4762bcb6fa9a4614e2f2.jpg,10,66.353383,19.760689,10,66.330461,19.824736,3.829279,3.829279,0.9341174,0.0046518445,0.92476237,0.9766476,39.26448
771cd699a30a4ef2b9095f3b5eebdaee.jpg,4,48.767461,4.583603,9,51.483719,22.260235,1292.3418,71.607475,0.69257444,0.0027041435,0.68950677,0.7048452,1292.3418
7752ea1410fe4f36b2e4985a973ed0fe.jpg,9,50.868982,15.800364,2,42.024263,2.986053,1385.9203,142.96303,0.68809885,0.016952634,0.687722,0.7808647,1396.9751
7765dd6681d148889c59212ddc374fff.jpg,4,46.438084,1.08089,4,43.64486,1.217469,310.77795,28.859055,0.7038004,0.019437015,0.687025,0.7709017,310.77795
776a06a1f2bd42eaaf109bf778defec2.jpg,4,47.444971,0.47852,4,47.317085,1.399597,70.79255,39.985283,0.67641807,0.002015233,0.6645111,0.76912385,566.8753
777bbd9abdec4ade92cc640c985e854d.jpg,3,64.70118,24.817844,10,61.43173,14.855809,618.5124,2.5772502,0.81901056,0.021143377,0.80631876,0.8697777,618.5124
7796b53af3754bba9a13fa8890ed8681.jpg,5,53.183287,-0.607813,5,50.343967,-5.106281,442.01172,1.4875748,0.79399705,0.0012633204,0.7618693,0.9653538,7.521017
77d0ea02e4dc46f3a349c6e83679c898.jpg,3,62.312674,29.862577,3,62.296603,29.843026,2.052884,2.052884,0.8499177,0.017467976,0.82933044,0.9322667,2.052884
78120bfc2b474ec8b9a4d2f27aba81ba.jpg,10,66.228021,19.933874,10,66.161791,19.955699,7.4293075,5.4197464,0.92164874,0.0003427267,0.9126508,0.97694004,12.392892
781421ec4fcc4ca3b7840540adaad011.jpg,7,40.892369,16.132297,7,40.926921,16.072173,6.3473597,6.3473597,0.841473,0.044421315,0.8258426,0.90399444,6.3473597
78174b5e1b1c4fe7a516ceb88de46a3a.jpg,5,56.516485,-5.936348,5,56.496207,-5.776487,10.065265,0.31057552,0.8218775,0.01813531,0.79718494,0.92214966,0.31057552
787a9b7a9468405783e1d815313fa683.jpg,10,65.081254,21.465107,10,65.039462,21.351213,7.0789986,7.0789986,0.8618987,0.020630598,0.8379623,0.9576443,7.0789986
78a10aa2930b4c23bc06a1bd03cf3327.jpg,0,51.638285,29.094991,0,51.659761,29.120256,2.9565485,0.2977766,0.8511418,0.03209263,0.8535242,0.84161234,2.9565485
78a41041092143dba884d4dd7ed374f0.jpg,4,43.397685,6.311381,4,43.402961,6.281749,2.4648368,2.4648368,0.75079215,0.082028925,0.7517427,0.74772257,401.00452
78ad1702db5a4211b96b8b06a9f099bf.jpg,8,70.633317,23.672297,8,70.611289,23.653194,2.548785,2.548785,0.7601744,0.0047127604,0.7261019,0.90311277,2.860046
78bdeca3aa5f452c9cf4ff42c0123ba1.jpg,9,50.008248,21.076695,2,42.112021,2.774026,1656.2239,1063.3777,0.7246306,0.062863946,0.7267459,0.78926677,1634.8649
78c653eb152e460881594d2ac8b922f5.jpg,7,43.811763,11.230281,5,56.900806,-5.02005,1846.8865,40.81234,0.66825914,0.0074331164,0.6740448,0.7954785,1743.1681
78ca6cc2a52745089be89065e302f44e.jpg,5,54.548857,-5.485655,5,51.983513,-0.973073,413.89706,67.860344,0.68174404,0.002838254,0.65166837,0.8304895,342.90594
78f09b52389b4334bef78d76df0b1429.jpg,9,51.657181,14.814421,9,51.478109,15.268282,37.15569,37.15569,0.69436973,0.00084358454,0.7192249,0.7972601,1434.48
7911e62574494b91871dd307498bfa7c.jpg,3,61.842109,29.733893,3,61.898763,29.807378,7.3842263,0.5623555,0.86833537,0.022643805,0.8473895,0.9521185,7.3842263
79131afb6e0a4a0f907795b1b0dbfa83.jpg,6,63.932493,-16.454364,6,63.917892,-16.511339,3.223397,0.35443443,0.8890482,0.000702858,0.8655038,0.98322606,3.223397
7959f970dead408ca817e3b0288de270.jpg,10,59.663743,16.92875,10,60.34533,18.127956,100.93266,13.054118,0.7227303,0.02122271,0.69549084,0.8952714,13.585558
79629a8dc43342f9ad13b70125470aa6.jpg,8,58.074479,6.685535,1,47.681787,9.933334,1175.6401,381.27347,0.6911425,0.018659174,0.7025227,0.81861496,781.65845
7981e3c386e749aa8a2ad5323176f1cc.jpg,5,55.956675,-3.928757,5,54.32522,-6.461995,242.51752,31.013031,0.7115192,0.011546552,0.73523486,0.72734857,1185.7899
7983d23bbae64014abd2bb53c0a4b427.jpg,5,50.544678,-4.828781,11,41.062521,40.779305,3625.7698,17.917812,0.66835034,0.047899544,0.6598865,0.7190641,3423.521
798ec7b26c7b432e9fdc7f850ea1ccea.jpg,6,64.419587,-14.595558,6,64.418293,-14.592235,0.2148447,0.2148447,0.9109826,0.03571683,0.899908,0.9634605,34.769363
7998dd0eec87475c9caff95a8776806b.jpg,9,53.296035,22.455261,9,53.32512,22.456766,3.235654,0.19645299,0.82710576,0.016483188,0.8173003,0.90031093,7.127844
79993bc4169048b38e19518750a9da16.jpg,11,36.815814,34.573226,11,36.81714,34.566285,0.63522446,0.63522446,0.6916386,0.018240273,0.68831486,0.7451591,109.75496
79a814dc8eb048e6b34b6cc19a837b5f.jpg,3,63.911557,26.729255,3,62.47935,23.604645,223.35806,6.9172544,0.8720534,0.0034047365,0.8572171,0.9672991,83.185745
79a93643fa74492fadd44e7045000554.jpg,5,51.937124,-2.169361,5,55.841474,-3.156091,438.92133,34.76645,0.69116265,0.0010992885,0.658139,0.85244596,675.8273
79b2593ef62b4e64bb08aefaf2140ecd.jpg,10,56.958665,18.303057,10,56.955931,18.302545,0.3055882,0.09612464,0.8201325,0.04140079,0.7963251,0.915362,0.3055882
79d89d2b4ce74b89bdb49ed595d4d6d2.jpg,3,62.10994,28.585284,3,68.346501,27.399579,695.63904,38.032883,0.758916,0.0054489374,0.7293392,0.8890792,696.3503
79fba7c9c88c41859e57cc65b306d111.jpg,2,28.107236,-14.387761,2,28.070307,-14.420452,5.2102137,5.1395316,0.89750654,0.012807071,0.8788874,0.9796323,5.1395316
7a1a0e217d864009bcbc9c5897955194.jpg,10,65.856702,21.80825,10,67.246537,23.155209,165.62738,8.087364,0.7925985,0.0071890354,0.775173,0.8932283,50.198833
7a424a8f40824394b83c6016e81f58e0.jpg,5,57.963725,-4.020917,5,55.984923,-2.896377,230.33711,5.905641,0.76621693,0.024673045,0.74256957,0.8608063,230.33711
7a5b74ecf1514c37a744c9660c6c555c.jpg,1,53.07669,11.270557,1,53.078352,11.242991,1.8506224,1.4314193,0.85716414,0.11768782,0.85610485,0.8614013,1.8506224
7a5fe3e520914c23932c958d5740f048.jpg,10,55.610175,13.959864,1,49.923649,8.890635,717.9831,14.3718405,0.6721266,0.001977086,0.63754463,0.8381289,292.24115
7a65e4b4e48d45a7af123a8f90d0a8b8.jpg,11,40.912506,40.137344,11,36.135199,33.193346,803.9371,10.084957,0.7129595,0.029409707,0.7143096,0.7742684,5353.273
7aab24a806a7465a84dd72f2ad9178d3.jpg,11,37.010926,28.340427,11,36.922274,28.280009,11.224356,3.2039618,0.7219649,0.035707116,0.7112513,0.7785125,18.631033
7ac37e4e85854c52b8716764a2cc8ed8.jpg,7,39.292201,9.589428,7,39.254742,9.064711,45.35913,0.15699135,0.7752749,0.007955074,0.7559926,0.8798593,192.8156
7ac405080ee74015beadfc23398dbc9a.jpg,8,67.260253,15.43316,8,67.260499,15.433198,0.027402647,0.027402647,0.78406686,0.0976817,0.8107504,0.7411841,909.2668
7ac48f0d17bd4b50b16c8e3d0bcf0920.jpg,7,44.736543,10.149462,2,36.55719,-4.656322,1541.207,342.6925,0.66751784,0.009824038,0.6365913,0.7917751,1382.3375
7ac66eabd0ab48bbb084c88596032035.jpg,5,52.331536,-3.042645,5,52.260196,-3.08199,8.371751,8.371751,0.77002007,0.033894956,0.72826254,0.93705004,8.371751
7ae2fbcd015243b4b93ec0857c80d451.jpg,6,63.549462,-18.448875,6,63.523604,-18.473202,3.1177452,0.24431086,0.9134891,0.004270196,0.8969633,0.98064154,7.613652
7ae3ecf8e50342b3b0bc6b0d75852bd2.jpg,1,47.727865,11.184079,5,57.59418,-2.794363,1440.8535,159.66579,0.6514943,0.019595027,0.6506536,0.66918707,1469.8287
7afdce6279594ef4baf8777ab84294cd.jpg,2,42.173015,-1.553286,2,42.197233,-1.429862,10.519814,2.918914,0.749547,0.0047984123,0.71871114,0.8858714,128.72995
7b0bed38a3cb4e929b88b9e9cfc59b07.jpg,3,62.636716,25.685094,3,62.867315,25.810783,26.427813,4.4061546,0.85438716,0.0075294375,0.8334365,0.960528,80.31478
7b1d2f33c98a41f19485719165678dfe.jpg,11,36.915397,31.133254,11,36.910706,31.173239,3.592963,0.7532676,0.8374891,0.07142538,0.8122458,0.9384624,3.592963
7b5008c0d7ee434aa4a9cbd1856e3b37.jpg,9,50.821065,22.736292,9,52.165458,23.394654,156.28214,21.777145,0.6940081,0.023718417,0.6669797,0.80212176,156.28214
7b5b5a33a293415f902d1fe63147be1d.jpg,4,45.93007,0.198103,7,41.857191,12.376878,1074.3473,25.772833,0.72792137,0.003631711,0.74403805,0.74597025,854.2628
7b5dda4dc4aa46069a9a4debd7e7c4f9.jpg,1,53.440619,9.945042,1,52.643084,13.756178,269.74127,18.464312,0.81609946,0.04382354,0.8124368,0.84971964,166.6969
7b5f1688e2d045a58198840523faee8c.jpg,3,67.105949,28.825053,3,67.276266,28.23593,31.678617,5.962312,0.8941113,0.007093191,0.87183845,0.98320234,31.678617
7b7cb0f84c884b0f9caa87e9d60216ae.jpg,9,51.195742,16.018528,4,44.446846,2.699506,1242.6826,191.71529,0.75466144,0.016804695,0.7667413,0.7494806,1344.8302
7b7f9cd849c44fcf9f84d51d1e42aea4.jpg,6,65.760779,-16.385328,6,65.377849,-14.530702,95.32589,4.6318846,0.87419397,0.0007401109,0.85552436,0.9488722,95.32589
7bb2581efdc448048aa42de7056cd1e4.jpg,2,39.520292,3.28774,2,39.512541,3.281414,1.0184753,0.019888462,0.77229273,0.00836277,0.7435101,0.8874233,1.0184753
7bb43e7e64bd44eaaa4701318398316a.jpg,8,61.108933,9.107127,8,61.106855,9.108772,0.24738829,0.24738829,0.8010426,0.004722178,0.76396215,0.9610772,1.1015664
7bb617f7830a4c31a16171939156a9f9.jpg,6,66.106256,-18.819939,6,66.076868,-18.633666,9.007963,7.935233,0.8150334,0.024379194,0.78468674,0.93641996,9.007963
7bd69406470447c4a53ce066496dceef.jpg,5,51.092875,-3.136217,5,50.163039,-5.307379,184.7694,81.83468,0.6577083,0.0041657686,0.6762192,0.7306899,186.67436
7bda276aa829494e8af682bec72fbb24.jpg,11,36.844217,28.755908,7,38.048346,13.376082,1362.7487,4.4703927,0.7249409,0.010307074,0.7157365,0.78972197,1360.1376
7bfa3892e10b4159a9b5ab66bd48ca73.jpg,9,52.481525,21.639197,9,52.513536,21.678572,4.44687,4.44687,0.8175664,0.055539966,0.8116922,0.84507716,33.370476
7bfcd733dbb64321b3fc71db665a1d86.jpg,4,45.591976,5.082627,9,49.595965,20.583141,1241.8743,557.51044,0.66215235,0.016265213,0.6445642,0.79792535,1326.1802
7c3f93a70a984ca38d03605f1111eb42.jpg,11,39.745047,42.870755,11,39.771982,42.776448,8.599833,5.538241,0.7746744,0.037392378,0.7449019,0.917966,119.74151
7c5b527464b14fb9ae60654072f3c159.jpg,1,52.511421,10.350112,5,51.979619,-1.391142,800.66705,509.91794,0.59839356,0.018222094,0.6113375,0.7440523,836.60406
7c6198e1046d43c79f20e6bacf13f12c.jpg,0,55.966783,28.646306,0,55.997854,28.645426,3.455376,0.7730295,0.8734797,0.0014727116,0.8493457,0.97001565,3.455376
7c853c12028d48f089b599793d139f0e.jpg,7,41.442617,13.944146,7,37.553554,14.289008,433.45468,25.908709,0.72000694,0.017970562,0.7366457,0.81173867,516.41
7cac02d3b5754543b6ac360d6350342e.jpg,1,53.234732,9.999449,1,53.097555,9.929222,15.955625,8.170305,0.73987347,0.004205227,0.72154,0.8146899,51.266365
7cb39d5e29a049879bc64164b031df22.jpg,3,67.485693,27.982756,3,67.536336,27.925598,6.133611,1.3952396,0.78757644,0.025039494,0.7704742,0.8651114,3.5655167
7ccdcfd5a1cc468aa1aef28331f4d598.jpg,5,51.565305,-0.556271,7,38.835582,16.608243,1943.0037,1030.9271,0.6986925,0.035412252,0.68792796,0.80803,1416.4789
7d0269af77604f7894f1f46c90f9c1ec.jpg,10,62.862276,15.080281,10,64.31727,15.727648,164.92374,9.717053,0.8772243,0.005004227,0.86365956,0.9601742,45.301693
7d0ad1cf62a747c09b6a6183b2563ba4.jpg,4,44.112291,1.308214,10,55.595339,13.722277,1551.3787,118.39798,0.64508635,0.008622944,0.6349447,0.76979005,1952.5092
7d4d8491d45a41c994675c9c39bcdc95.jpg,6,63.541667,-18.454466,6,63.541887,-18.454265,0.02641202,0.02641202,0.9843681,0.006242156,0.9812372,0.9968915,0.02641202
7d54c4ef016640ca924f388a4cc98596.jpg,8,60.422335,7.723457,8,60.367575,7.507791,13.320245,9.169577,0.7516369,0.06396192,0.721981,0.8702606,13.320245
7d73aa077bc2476087485628cefd8344.jpg,4,48.521396,6.23012,4,48.201847,5.578815,59.815926,0.43702805,0.6882853,0.055438936,0.68527913,0.7645179,287.93307
7d7cb9db19734430a737d12500608113.jpg,11,40.726396,39.638332,11,38.316743,43.10147,399.97467,0.40808347,0.705109,0.0044807196,0.7152972,0.77677554,51.10523
7dab8497c6e44c4fae3fbaeb02310c86.jpg,6,65.680993,-23.198784,6,65.669936,-23.239478,2.2328444,0.9968717,0.95990425,0.010868788,0.9524426,0.989751,2.2328444
7dc6d6d4c37547ef9daa432342855c0c.jpg,5,57.223565,-2.633292,5,56.992464,-2.279252,33.4275,7.25065,0.78572345,0.037994504,0.75063443,0.9562787,85.88324
7de5a046c20247b8ad627060f704f8a8.jpg,6,65.491433,-23.213946,6,65.497602,-23.200692,0.9188176,0.9188176,0.9559179,0.021722376,0.9487645,0.98902005,7.9354935
7de8a74147d249aca1a18fd157963e6d.jpg,4,43.427985,0.047997,4,47.520222,3.541332,530.2002,200.09984,0.70432585,0.0006784797,0.69696045,0.75966454,537.083
7df88c66e4194044a757f51e7e9d2722.jpg,10,58.680935,14.646972,10,65.483369,16.92365,765.5007,16.633673,0.7742824,0.015241981,0.7504195,0.91004604,698.0161
7e0f270f68b14c10bed3a4dd8fc88acd.jpg,1,51.846054,6.158205,1,49.782965,8.409053,278.5989,21.2401,0.72674805,0.050922632,0.7226487,0.82891756,230.31792
7e1bed0e5dc04ac6b8889f51c929c4c0.jpg,8,60.523134,5.302453,8,60.52858,5.163211,7.6421533,7.6421533,0.71624976,0.083773196,0.7184666,0.76818323,582.1298
7e7a9f23ede04e20ad74186d68e88b3e.jpg,5,53.60807,-0.23531,5,53.82578,-0.627495,35.383923,0.24493727,0.78774625,0.041826963,0.7577637,0.9076766,35.383923
7e8387b9d53b4043b94bc3f241c26d79.jpg,4,44.025512,-1.327789,4,44.152966,-1.298368,14.365731,6.6904163,0.7719078,0.0047599673,0.7313863,0.9339937,14.365731
7e8c67738c594d7d81562d17620b310d.jpg,5,56.001638,-4.390912,5,56.517059,-3.763898,69.16837,12.041232,0.6778685,0.0002399087,0.6282908,0.87617946,69.16837
7e9e98d67b6d4b5098c0421a479ea460.jpg,5,55.282998,-2.94676,5,55.298853,-2.940177,1.8115985,1.4349586,0.7711082,0.046693206,0.7423394,0.88618326,1.8115985
7eb0dd3189f847eca81c4bb91b93ca57.jpg,2,39.371857,3.011853,2,39.384622,2.996997,1.9092284,1.9092284,0.75773084,0.019353807,0.7215457,0.9251889,4.540152
7ec6b02c37fc46338cb0775eadaad9e4.jpg,11,40.999268,31.992333,10,66.0568,22.707409,2846.0408,1271.2278,0.69878423,0.016707778,0.7105247,0.7677412,2534.2896
7ee7829619534b14847bce82caea67b4.jpg,7,40.694913,17.071808,1,53.173157,7.725568,1555.4287,473.86856,0.6456717,0.017303228,0.6285415,0.74640137,1611.8925
7eeec8e67b2940c3b3d1e7df0c105471.jpg,8,70.083503,22.009552,1,51.240002,14.931397,2127.1318,1717.7814,0.69038504,0.016884148,0.6927388,0.7520766,1977.0425
7f3bf706335f4937bf26a164effdd841.jpg,10,64.290747,15.76457,10,64.324468,15.720818,4.302113,4.302113,0.8160387,0.0057071447,0.7962618,0.90235364,25.09897
7f48d99ed974432db3ec337194b7436a.jpg,4,46.34976,6.105462,4,44.55499,5.872598,200.39424,10.641223,0.7071378,0.007464409,0.6678676,0.86421883,200.39424
7f5df1ddd86a49498c9b36ada9397b83.jpg,10,60.02624,16.218432,10,59.143595,15.166211,114.63178,17.006638,0.7775959,0.028753996,0.74408567,0.9116365,114.63178
7f5f3a25e81e4091ab39b523789d556c.jpg,4,45.184278,2.600101,1,51.632525,14.448222,1128.5088,189.57599,0.64283955,0.0012950897,0.6605805,0.68686235,1265.1293
7f6fe0a6a5a54eeb9e4555b696318202.jpg,1,50.250311,7.588082,7,44.095861,8.127171,685.55145,107.128105,0.6825579,0.00894016,0.7032026,0.74950725,463.12967
7f9b4eac0ff34da78c1e8fcfa0864592.jpg,5,51.036543,-0.27444,1,48.00025,11.096244,886.3762,345.4156,0.62567884,0.0017633438,0.6046729,0.7648512,840.4166
7fa776454db24996a48a4d346388c363.jpg,9,50.099361,18.16786,1,52.152133,7.681115,765.8125,310.86887,0.7076311,0.010376334,0.7013282,0.79368234,481.73413
7fca2c2e1e6d4450a72f61ae13e685d2.jpg,2,41.888753,1.067805,7,46.04915,12.030811,990.6326,0.35256824,0.7083659,0.00012516975,0.7405356,0.71995497,301.01865
7ff09852d5ac4ba7ad2a0bbfc44e77ab.jpg,2,43.238659,-8.570288,1,49.702115,8.963045,1517.847,46.242355,0.6943127,0.030659974,0.68766606,0.7569597,1563.074
7ff3145f775d461bae5754c1e350a92a.jpg,5,57.170089,-3.774653,10,57.34134,17.118944,1251.8342,5.2979317,0.7235458,0.0234195,0.7083833,0.8072312,60.40238
801bf3afc490402bbd2dcd4a5fa1e9cc.jpg,8,69.693535,29.371015,8,69.730751,29.663183,12.000721,0.35410765,0.7393101,0.02191168,0.7342493,0.7922195,640.7375
803f3fd4b256450d94dc32a1f6c725ae.jpg,6,64.835335,-23.944931,6,64.832545,-23.950144,0.39623958,0.32640892,0.93032205,0.00026869774,0.91896194,0.97576225,0.39623958
80654f9f8cc0488d93b7319bc308e8a2.jpg,1,49.251349,8.613812,9,50.092875,20.309997,845.97186,30.744617,0.7047689,0.010999024,0.7129128,0.76185924,185.29706
80693b9cc4bc46a4b371705a6813e63a.jpg,3,61.902054,23.706904,3,62.015428,23.660301,12.839849,1.7417033,0.8630914,0.014899373,0.8381411,0.96289265,12.839849
8088a3a2c6c74be3abf072142f241a80.jpg,8,70.961083,25.694829,8,70.820849,25.766476,15.80993,3.506924,0.8833562,0.015554309,0.8597726,0.9828044,9.02343
808bba9c5c0d4a908da236dacadfb6d8.jpg,9,51.470775,23.541651,9,51.494168,23.545667,2.6160102,0.1992459,0.73356295,0.003231585,0.7111262,0.8787819,12.36946
80e2e368b7cf496182d41fb53d1b5ac1.jpg,1,51.380188,10.379012,4,47.71508,7.403642,460.52374,35.947006,0.59309494,0.013308883,0.5590942,0.73589873,675.2756
80f36a102ff54b018e717f5636bcfde2.jpg,0,53.613238,27.465405,0,53.615614,27.465529,0.2643261,0.2643261,0.90111375,0.009920955,0.8861047,0.9801265,11.252845
80fb8e25220540bbb7955f3ef79d3c8f.jpg,6,65.278768,-14.418585,6,66.020685,-23.378411,418.60104,1.0052837,0.84712934,0.014577806,0.8301611,0.918859,148.01993
810a23d7fe504041a62aa87cb4da2b97.jpg,9,54.832648,18.287463,9,49.990135,19.213565,542.1019,9.083146,0.637467,0.01412642,0.6345284,0.71682197,257.12418
81172d1922b54890975f95cca006d21d.jpg,1,50.374468,7.799888,9,53.211752,20.848399,949.6097,329.6794,0.6786694,0.01438719,0.6907804,0.74088776,1830.4951
81220f3eb76a46b283a0f94d811e68fb.jpg,5,50.905289,0.629369,5,51.005936,0.773272,15.061418,15.061418,0.7527287,0.08167148,0.74618924,0.80987126,2705.9172
8125d4269d1848e3b0c4a3639f1fa952.jpg,8,71.115056,25.700177,8,71.115155,25.700046,0.011975419,0.011975419,0.97516054,0.04043269,0.97057605,0.99349856,0.011975419
81443e1a0ba948d98c68bcabe41ce98f.jpg,7,44.686069,7.20804,8,60.346999,6.184473,1742.7426,20.867695,0.7057664,0.051802933,0.69904757,0.73264146,1742.7426
816f43106e244564ab1c5dc986c9d099.jpg,10,66.107855,22.848107,10,66.119462,22.864653,1.4902242,1.4902242,0.7924125,0.04525006,0.7615621,0.91581416,1.4902242
8180cc89aa1c43a9959f354ffb18c993.jpg,8,62.471293,6.12387,8,62.4711,6.124141,0.025583997,0.025583997,0.6891873,0.010649443,0.631667,0.91926855,0.025583997
818d12c7f2c842a6a240547db45c769a.jpg,2,42.248432,-0.648802,7,40.221418,18.098324,1580.4668,3.2209435,0.7749368,0.026671052,0.7738687,0.8076569,1411.6846
819cda1b59d449558c253cf0a1334302.jpg,3,65.532945,28.87916,3,65.533409,28.87899,0.052185133,0.052185133,0.96920836,0.0606215,0.96421397,0.9891859,0.052185133
81ce4a88bff14fef8420bca42019b12b.jpg,4,47.585855,-2.971004,4,47.591357,-2.980008,0.9111905,0.9111905,0.81460965,0.10744774,0.8101026,0.8326377,0.9111905
81f6f4c375f8415fb89211f0d925325c.jpg,9,50.797647,21.165974,9,50.427603,22.746244,118.85064,8.622336,0.77746046,0.01234591,0.7630595,0.8376162,148.86674
82059b7d30ae4f23b881549dba87e70a.jpg,10,56.03989,13.06349,9,53.360994,19.775542,523.78876,50.991158,0.70032704,0.000585258,0.6888176,0.7573482,754.09705
820b3b1dcbc841949cfd6489968db8bf.jpg,7,45.159782,9.986557,4,49.584025,0.246717,882.083,90.474304,0.7377359,0.014662385,0.7075094,0.85864174,882.083
8223d70ec9c949558ea1a65f2c58ef75.jpg,11,38.337797,26.863291,11,38.34327,26.863905,0.6109221,0.6109221,0.7858895,0.065630555,0.78560114,0.80226636,558.2001
8269bdebf4bf4bcebda1ce8441a9fd05.jpg,4,48.012617,3.848722,1,52.006026,14.16109,859.2023,285.31796,0.7387856,0.0008918643,0.74293286,0.79660285,895.2237
826c26d42671428786912e8f586ffe0f.jpg,4,43.710767,5.597279,11,40.223727,25.960006,1722.8403,1066.6897,0.6537896,0.020535052,0.6458616,0.7013917,1667.1575
8272ca093f9d4e328053e6ede03db1a2.jpg,10,62.913665,14.157175,10,63.488399,12.488396,105.27271,26.9944,0.8929903,0.01371187,0.88533485,0.9687035,64.1543
828f311d89dc45ecb8faf702d4afb4a3.jpg,0,52.132036,25.538637,0,53.5122,27.475016,201.18568,5.9053288,0.85044324,0.009051442,0.83002096,0.9469387,6.178211
82a44b84ec0a44ad83899d13d95afa4f.jpg,10,56.264797,13.563927,10,56.223308,13.58875,4.861636,4.861636,0.8027413,0.01914829,0.7880391,0.8710964,27.0603
82b098309aa047f7b792af2794cd2b9c.jpg,7,38.902416,16.336121,7,38.910003,16.43089,8.243571,6.992718,0.6459302,0.0344851,0.6619454,0.6712899,1888.0743
82b3cade8f774c65beeab8b6541e7086.jpg,10,65.834228,23.757475,10,67.100624,20.450622,203.38142,7.49218,0.79023564,0.010680258,0.77459574,0.906942,50.968716
82ccd280427745298c93fff2705e676d.jpg,8,68.562618,17.57135,8,68.775596,17.801596,25.447397,17.504686,0.714983,0.023588598,0.7329417,0.73344815,3243.387
82e5f750cb474d52ad1f6fa12f9d9d44.jpg,7,40.967831,9.071465,9,53.158673,15.928122,1450.0173,719.07135,0.6885974,0.021541536,0.6646314,0.8110661,1410.4938
82e9f20547cf45dab501709998810bd1.jpg,10,62.258956,17.468233,10,62.195182,17.499965,7.279459,0.22180013,0.7846989,0.004985094,0.7571073,0.8990642,4.7531166
83239aa3412a44b8acfd1e7411e1b12b.jpg,1,52.569998,7.786979,1,53.676365,13.932896,427.999,17.44966,0.7600071,0.04858029,0.73722076,0.855481,643.2835
83451e4711b84135979873c84820edbe.jpg,8,69.436642,19.251199,8,69.438057,19.246305,0.24756664,0.24756664,0.93924284,0.05891621,0.9266375,0.9896642,0.24756664
835ebaa823174d508c33f00d0d29f067.jpg,9,52.669271,16.906546,9,52.670344,16.90103,0.39060944,0.39060944,0.70204896,0.01638925,0.7286563,0.6767903,1216.5719
8372bf9902234faaa66c1ba71ed5208f.jpg,0,53.795493,30.991835,0,53.518493,30.268511,56.749813,12.916044,0.7888292,0.016682982,0.76662844,0.89672005,178.87325
838796ecbeea4d5aa30d45a655b5c2de.jpg,2,28.651457,-13.832023,11,38.20203,41.478458,5164.8477,1978.6957,0.6700235,0.0041005015,0.66363955,0.78770685,4545.6562
839988ee46954e358859690468b23b27.jpg,8,59.600829,11.189035,3,61.290735,22.170811,630.06323,19.155437,0.65775716,0.009079337,0.63491577,0.8066473,19.155437
83b6bbe4209a4ee88b5c0fd9d078893f.jpg,1,50.662183,7.077611,1,50.036314,6.259586,90.619896,20.064371,0.73696405,0.0036033988,0.72701913,0.8591951,586.2017
83d2ce7196a74cb383c069fa7ef2a2c9.jpg,3,62.554176,22.838149,3,61.873685,24.507255,114.93366,5.0469823,0.85379165,0.000795424,0.8375752,0.96907306,63.87305
83e21009e7ed41c7810cc3d36097e40c.jpg,5,53.649885,-1.461616,9,51.276147,22.951713,1666.3677,8.94606,0.70757157,0.005241275,0.70152074,0.7632592,679.8157
83fd9bf617e847d8900e14a73a7057a2.jpg,8,69.255771,15.957097,8,62.468273,6.104138,875.3321,0.13013238,0.6286817,0.0049219728,0.65018797,0.68217975,0.13013238
8412b488e58a4bcfa2aa9aa278730668.jpg,11,37.828839,41.082187,11,37.577486,38.946254,189.97443,7.417288,0.70488876,0.007313311,0.6845151,0.797051,820.0392
845b9c2359c94ad4b1ace2d4bae72b4c.jpg,11,38.706055,27.029157,2,28.974354,-13.748667,3883.675,286.90143,0.71067154,0.023629606,0.6795669,0.8465744,3895.532
8463b172529246c4ba12718d6275c3bd.jpg,5,50.820415,0.301238,1,51.981521,8.044866,552.18585,202.02943,0.7129493,0.029546738,0.7123879,0.79564756,1215.1362
847e9f9f48dc44d8ab392198a64e0162.jpg,7,42.904045,12.014887,10,57.952818,12.567001,1673.7922,31.510715,0.65879595,0.015236855,0.6633818,0.6590475,1741.277
848043c6ff124bfa9e4079466922ea81.jpg,11,39.474433,31.326347,11,39.45114,31.440788,10.160073,9.875009,0.8010528,0.0037934184,0.766333,0.9399322,10.160073
8495fdf56a504d42a0db33fd4c397e69.jpg,6,64.613823,-22.048521,6,64.747057,-23.816201,85.353546,0.7432868,0.8269847,0.00177145,0.82142705,0.8730091,94.95555
849be1ba525248d48b9263a227f89c76.jpg,6,64.710209,-14.319509,6,64.716348,-14.324656,0.72508115,0.19986142,0.9350579,0.0038352013,0.9235413,0.98112404,0.72508115
84b676c05f3f489a9aac87a92c82671c.jpg,7,45.120061,11.729516,4,50.22624,3.316372,847.10236,4.726404,0.78333116,0.007113099,0.76235837,0.8672222,847.10236
84fc1d0588464fa5b3dcddb5bac4e7a1.jpg,10,63.096906,15.191861,3,63.20799,30.949348,789.4134,18.24266,0.8164446,0.035929084,0.8019163,0.89006174,765.1653
8520613a904742648ce3801b2f5ddb78.jpg,11,39.552825,40.072827,11,39.560536,40.030707,3.7113848,2.432077,0.86676943,0.00020712614,0.8463725,0.9637057,3.827558
8521c34b8ef743eab81102813d725846.jpg,8,69.250589,17.954936,8,69.103803,18.206969,19.121943,0.8160904,0.7112285,0.014349461,0.66631544,0.9304584,0.8160904
853fd1ddac47451e802c18da126365ec.jpg,3,62.448502,29.96097,3,63.143249,30.638638,84.58405,4.1733923,0.7144595,0.023485482,0.70063806,0.8838178,239.60463
8554ad9265254eb184368b41459f7891.jpg,1,48.623417,8.200689,10,61.58414,14.824924,1499.6537,554.56146,0.69345707,0.03161639,0.69704753,0.82464015,1178.2278
855deee512564501b269ddd347c850fd.jpg,4,50.198954,3.252086,5,52.030172,0.795777,266.16586,37.763706,0.6335567,0.004419863,0.6263535,0.69073546,1001.7205
856899c038074f8cbc839afd12144781.jpg,4,46.443021,4.146284,5,51.965122,1.209108,649.9118,348.02072,0.69169354,0.006711483,0.67756647,0.75777936,853.77625
856bcbb660c14e08a5c5ee781d777f71.jpg,3,61.23754,27.987011,1,52.209898,11.983055,1393.2007,151.84009,0.7123866,0.024666548,0.7087235,0.8069682,1757.061
8575c8b667464578a22c77e2db25ab13.jpg,2,28.774627,-17.962095,7,44.581672,10.910893,3091.2507,1.9682988,0.6352021,0.0015451312,0.6499349,0.7229705,2262.179
85775e1b87e84ef7bfad965306cec7d9.jpg,5,51.926585,-1.162863,5,52.12557,-1.414392,28.030762,2.4358597,0.8030633,0.020141304,0.774462,0.9174683,28.030762
85c3e06775d04ace9eda9ae2077a944e.jpg,7,40.710317,8.803033,7,40.87557,9.039777,27.10811,0.56500906,0.78073394,0.022715807,0.75472695,0.9028559,8.251958
85cd2d80deaf43bf9978a7c75cd5651d.jpg,7,45.234371,11.011128,7,45.24649,11.006934,1.3870051,1.3870051,0.73332155,0.020125926,0.73292905,0.7679255,760.0053
86237b3ba1e94b32a501914e1e6df196.jpg,4,46.921401,4.192012,4,46.780895,4.141128,16.095629,16.095629,0.8217973,0.051965415,0.8100289,0.8736805,309.98553
862f25e94ac14da985b20ac874189894.jpg,1,48.07729,9.447945,7,45.460907,8.134265,307.6398,45.253242,0.68272173,0.0046937466,0.66164994,0.767009,307.6398
869244e4d311432ca7a5e94e2495ac3b.jpg,2,41.776543,-2.851568,2,42.541244,-8.799373,497.47113,26.818714,0.6189027,0.010220349,0.59659475,0.7081344,497.47113
869964c0e02b4cfca9ac72c9ad8c7ecb.jpg,11,37.40133,34.86127,11,37.506547,37.00308,189.41805,50.537727,0.6629843,0.003600359,0.66269475,0.68005157,1891.3513
86ba2d7f32254b7ba13a8cc3040b4fbd.jpg,4,47.498053,1.298743,7,45.356371,10.750228,761.95776,4.14638,0.6417355,0.010885537,0.6259365,0.78381443,625.80273
86d23418300c4408893022893b0e751f.jpg,5,51.617069,0.25248,7,37.188444,14.763702,1967.7925,245.24484,0.7136936,0.01066035,0.6670505,0.900266,1967.7925
86e87d8bb9914d788237d0dd3b16f82a.jpg,10,58.780373,17.333735,4,45.184958,0.165026,1903.4299,130.66199,0.5860717,0.001791954,0.59026545,0.67197764,1129.4657
87114556f920458e9e17041b290ecd94.jpg,2,39.488821,2.809053,2,39.488512,2.814789,0.4934317,0.4934317,0.84066373,0.07929224,0.832716,0.8724547,0.4934317
8743baa8183d4bd7a65e1fe14db88d6a.jpg,10,65.420037,21.25187,10,61.655272,15.003275,520.1721,42.570393,0.79662764,0.019307792,0.7837055,0.87093973,221.81123
875c70b54f9a45bb80e96a20f3534eac.jpg,2,43.346965,-5.019349,5,57.162572,-3.687284,1539.0681,215.26955,0.6559318,0.0046025515,0.6875851,0.6972934,460.9955
876017092fa240b59fb8287922a37f9f.jpg,1,48.108602,12.334797,10,57.778784,13.293008,1077.1633,70.57426,0.6433967,0.0014928579,0.65597993,0.70954424,1160.9979
878abb493f1e43cc845ca70d2508851b.jpg,3,62.83153,29.84284,3,62.98714,29.761209,17.78997,4.664607,0.87152326,0.01735729,0.84637046,0.9721343,17.78997
87be0b1c49c7474089b2e332bf1da87b.jpg,9,50.226132,19.729764,1,52.867198,8.070968,856.8355,4.8652334,0.685717,0.00900048,0.6670639,0.83344984,680.0462
87e0f862bb4d4bbda443ea27beab015a.jpg,4,45.69699,5.178455,1,53.099712,7.673693,842.58,342.69785,0.7433766,0.026108563,0.73579705,0.78593516,960.3167
87e2dddf05f545c48e679e1d6e7d471e.jpg,3,62.026523,29.486027,8,62.337188,5.877566,1218.7471,28.488647,0.7851179,0.00022637844,0.7617887,0.90065527,908.7102
87eec7c81fea44ae81989862a55771d5.jpg,8,59.908537,5.367889,11,36.984381,35.81847,3338.9978,306.85577,0.7054966,0.041631997,0.67037696,0.84597516,3338.9978
880f9380f8084fcd8228ac87764eb1d3.jpg,7,42.66305,12.513669,9,52.234214,17.385475,1124.8989,922.3047,0.6457536,0.011654973,0.6343763,0.7163212,1296.4244
88175f5300f6402aac91f6f70e48c169.jpg,7,40.986442,9.133019,7,40.935194,9.314385,16.260504,0.73423505,0.7866474,0.0023354888,0.75927573,0.9293272,14.60639
8826cfdbd1884338a42829c890b05c36.jpg,5,52.087129,-3.678146,5,52.417762,-3.560485,37.62708,35.917107,0.77664655,0.003709972,0.75910395,0.8960928,113.26071
884bcf20edf84edd8762c83a4a26c52f.jpg,8,60.000546,6.565308,8,59.973889,6.572586,2.9916399,0.7416466,0.78317714,0.021670878,0.7529351,0.9308077,315.68497
889d2dbe636948369c5e441f017fd36a.jpg,6,64.903414,-23.925787,6,64.857774,-23.909782,5.130868,0.37901056,0.8908566,0.0031309128,0.87305015,0.9680148,0.52343315
88d828bc736149e39cf116bf3a7a9606.jpg,0,55.196303,30.364669,0,54.998211,30.923392,41.81922,4.318914,0.79996073,0.0232597,0.7702018,0.9338105,154.37447
88ddc90d29ad4d38a0d6474a16c64b0f.jpg,6,63.912215,-21.36446,6,63.917507,-21.360853,0.6143035,0.6143035,0.81531435,0.0051239133,0.8133066,0.8616029,322.46793
88f0b94ffd4d47f0a7eb76e3fe3bf7bd.jpg,8,58.68264,8.99526,8,58.907531,9.298824,30.515213,0.17020634,0.8308346,0.047385693,0.80018497,0.95343304,30.515213
88fbb93246294516af2cbd1a2482b002.jpg,3,66.261907,29.33451,3,67.427241,24.937528,231.7677,1.3583286,0.9072721,0.02900678,0.89133424,0.9747741,20.223824
8908ac201a1e4738b95087217815deb5.jpg,10,56.957938,18.302935,10,56.975206,18.314161,2.0371275,0.17729872,0.84074146,0.05263704,0.8165419,0.9375397,2.0371275
8978ab194b5f47d9983755d91ddaeb89.jpg,3,67.084424,25.081534,3,66.994231,25.249841,12.404869,1.0443194,0.87685263,0.006940186,0.86039776,0.971261,207.16139
89e11dc10b34435999f1960d4450f3f6.jpg,11,37.093204,38.102587,2,36.861112,-2.552078,3583.2346,244.60043,0.6310571,0.0009940267,0.62619007,0.76679415,3892.9622
89f0ffe176f84329bdd45f887256765f.jpg,7,46.90366,11.09188,7,46.04915,12.030811,119.15204,49.546974,0.7397849,0.08086282,0.7461149,0.72766376,1181.8673
8a0ad43660694cc688cad2079953e16c.jpg,3,62.278329,25.727957,3,62.281361,25.726093,0.35065776,0.35065776,0.9254002,0.07020283,0.9101145,0.98654276,0.35065776
8a373b64602e42d6a7c40ba04a5f028d.jpg,9,50.138131,19.0465,9,50.561307,20.209516,94.991844,32.005615,0.69763607,0.06390566,0.6990224,0.74345726,1207.9127
8a492541af424d68b10a08d51a64e58f.jpg,9,51.975139,16.539871,9,52.205789,23.17661,453.98798,51.58207,0.69158787,0.0115430355,0.7166556,0.6910159,1541.4956
8a6f74e3bc1e4fd992247cd228549bec.jpg,5,55.183346,-2.812824,1,49.796686,7.301667,908.2239,74.765236,0.64250404,0.0078546405,0.6044874,0.7945705,908.2239
8a865242db4b4d85997dc74558cfbc6f.jpg,5,58.282545,-4.443699,5,58.234758,-4.480909,5.742236,5.742236,0.69435126,0.015399098,0.7054364,0.7771766,1261.4905
8a9903d416324c85bcbdc72bc00d173a.jpg,2,28.940975,-13.802124,2,28.943769,-13.797922,0.5135266,0.5135266,0.9109069,0.09983587,0.8982969,0.96134675,0.5135266
8ad58501a64a41ceacdd241259639206.jpg,7,37.251512,14.480395,7,37.664873,14.859964,56.87803,2.2701085,0.7329225,0.015537322,0.7092614,0.85789955,47.260468
8adf3afeb94c4faba37ceebd84bf49a3.jpg,10,62.993485,17.672266,10,56.564804,15.897156,721.6376,721.6376,0.66417265,0.00025212765,0.6795902,0.829438,2437.3604
8b1f1b559e674d98a3fca14741e18542.jpg,1,51.752342,13.888441,4,44.185302,-1.292811,1404.4772,437.43765,0.77281106,0.01924783,0.74245787,0.8942237,1404.4772
8b2c9baa9d644e4cbe64f9c16ed538d2.jpg,3,66.599134,25.922703,3,66.599493,25.964024,1.8252592,1.8252592,0.86240816,0.056900322,0.87322366,0.8937413,231.60677
8b53283b91cf4d45ae5cc0dd0bef76cd.jpg,10,68.230622,19.655803,10,67.664305,21.300287,93.15569,0.31996307,0.88652545,0.025665164,0.8773295,0.94218755,186.86348
8b5c4cf7c9bf4d85b965952e9efd7680.jpg,2,41.028628,-1.658791,2,42.062302,-3.427818,186.76857,31.678816,0.72417706,0.028933108,0.69610304,0.88692605,148.74959
8b85419ea95a4177a698379256581184.jpg,2,42.19852,-1.436046,2,42.197233,-1.429862,0.52913654,0.52913654,0.853321,0.11428958,0.834973,0.92671305,0.52913654
8bc9aa58fa464f4daafd67533cd9d6a9.jpg,0,55.271661,30.330927,0,55.289707,30.322642,2.0740936,0.62851995,0.85143363,0.016423166,0.8250261,0.9570638,2.0740936
8bcc678546154bb39c8fb936b5b8d46a.jpg,9,53.620308,15.154359,9,52.410689,21.622174,452.89993,133.77077,0.6970586,0.014019251,0.66283345,0.8947995,457.75735
8be940fac098467d8f0fcad9e80a5836.jpg,6,63.472723,-18.580568,6,63.44198,-18.750103,9.091218,0.2891279,0.9429561,0.004438579,0.9344617,0.9857967,0.52545166
8c2165e6fd884965b28baae76df74cb6.jpg,9,52.987858,17.37358,7,45.021444,8.256988,1105.8181,380.53946,0.69826496,0.017565906,0.71289575,0.8263667,1235.8815
8c47ca9bfe4243978fb2ff50aff7a01d.jpg,1,52.658756,8.443347,1,52.743155,7.207171,83.82129,23.218363,0.6944128,0.030594945,0.6837768,0.81902206,96.37196
8c6e28fe6552479998c1cec14a52f802.jpg,3,63.676005,26.500564,3,63.67815,26.21818,13.9256,3.6319613,0.8555086,0.016071975,0.83594096,0.9544259,52.062996
8c74c7757429486c8d4c9a58d5695b3f.jpg,5,50.465477,-4.698527,5,50.458489,-4.673857,1.9113559,1.2761153,0.8476796,0.012737572,0.82226574,0.9616804,20.494295
8c75546426c548dca5f2d2d4844a3708.jpg,8,60.824691,12.672547,10,59.345193,16.025236,248.20335,41.00855,0.6011177,0.0005156398,0.5678097,0.752607,323.24698
8c840681c3aa4754bb48817884126593.jpg,0,53.926451,25.246678,9,53.796838,15.015389,670.49774,124.363785,0.6659429,0.0066655874,0.64633197,0.7443865,670.49774
8ca33d79f556490885114ac4e292a944.jpg,5,55.788918,-3.019993,5,56.724715,-2.55703,107.912926,10.317543,0.77696836,0.022722721,0.73986745,0.92537177,107.912926
8cb7147624eb4a5fa2e0503cde6db741.jpg,0,54.747235,25.901959,0,55.157076,27.763945,127.32659,4.713981,0.7390189,0.0030599833,0.7037494,0.88066316,304.37988
8cd6baf3a49741c39b8b093bb5e010c0.jpg,0,53.786645,27.717729,0,53.860604,27.902789,14.668649,5.151704,0.7538678,0.091427445,0.7072434,0.9403654,14.668649
8cde5ac94a464be487d41deeda12913e.jpg,6,65.813049,-19.328448,6,65.807262,-19.323321,0.6845764,0.6845764,0.926067,0.024933517,0.9122616,0.9855174,6.0507536
8ce23dfa1e5d4edbb5dda177e0f05d79.jpg,3,64.735134,29.593855,3,64.821072,29.339583,15.377671,5.3321276,0.8258697,0.008431077,0.80363053,0.9311254,12.486499
8cedf59b490e49de9fc1c8270055db8d.jpg,2,40.121653,-0.741161,2,40.17504,-0.869698,12.433673,12.433673,0.8218261,0.03111887,0.8132951,0.85594976,12.433673
8cf76f800ad74eeb86c316b0b6b59b53.jpg,10,63.495025,12.47252,10,63.49659,12.470929,0.19109164,0.19109164,0.9162549,0.038036764,0.9053922,0.95970535,0.19109164
8d0d9d823dcb462da8a730c5e95f07c2.jpg,3,62.926919,25.810572,3,63.357878,25.596325,49.11421,2.6470907,0.8504609,0.004985392,0.84091854,0.8957585,6.0541425
8d38d5d42db348009d50dc835bcf47b6.jpg,2,42.309565,3.056967,2,38.723606,0.028132,473.7864,10.373554,0.6905861,0.02035129,0.6903871,0.817856,45.4064
8d4442593bd14838b8604a3a98b6373f.jpg,10,64.316607,17.52838,10,64.517321,20.810443,159.14598,24.170855,0.8453281,0.003965318,0.85215497,0.94825137,86.811165
8d514b3a30b349ff90b3b133f793092c.jpg,0,51.674397,30.364853,0,51.674486,30.364488,0.027044436,0.027044436,0.8779671,0.045606673,0.853965,0.97397566,0.027044436
8d677a822b4047f49dfd05fbeaa3c2ef.jpg,10,65.081853,19.438652,10,67.267094,22.704391,283.7486,5.752398,0.8848462,0.008815825,0.8750402,0.931556,296.1753
8d75a1dc007d4d4fb8e6d7c4240a223f.jpg,2,28.053565,-16.596215,2,38.097347,-0.721066,1848.8704,1354.9047,0.76886034,0.0130293965,0.7480223,0.89135104,1657.6431
8d80f928c7fa447fbffe7cd42af515d9.jpg,4,44.066333,3.385927,7,40.586178,16.260367,1125.4369,317.36087,0.6402266,0.0065615177,0.62927496,0.7425622,352.94147
8d884f5f6ee24ee68dcbe7e13881e1fe.jpg,6,63.430275,-18.768956,6,63.427581,-18.768528,0.300315,0.033149596,0.869357,0.016195536,0.8468313,0.95945966,0.300315
8d9e5516e64d4c6fbc16cd70fb43b609.jpg,2,38.28622,-1.458351,2,38.916251,-1.823491,76.90702,3.7010002,0.8576936,0.061445355,0.8369741,0.9405718,76.90702
8de657bd0f9a47d7ab58be87a5c842d9.jpg,8,68.471802,15.18284,8,68.661656,15.519513,25.155575,0.13444728,0.81119055,0.01650381,0.77604413,0.95177615,25.155575
8e1f8aaf77bf4e0c8c42df739b5172ad.jpg,6,65.644809,-18.455455,6,65.468234,-18.725244,23.229256,0.3073805,0.87802863,0.0124595165,0.8671105,0.9403856,42.13017
8e5c1cf9d3964e6eb6baf3bab07f277e.jpg,2,37.622647,-0.78506,2,38.29099,-6.302999,489.37967,1.7153459,0.6888236,0.023447871,0.7074062,0.7257948,2807.6357
8e71d5e1ccf040a88f5fcb9441161b67.jpg,5,54.338769,-6.342118,5,50.508131,-4.746179,439.4499,6.695963,0.7770144,0.029906869,0.7697664,0.9095684,407.1986
8e8e380310c24794994adbfb301a7dd0.jpg,2,41.084325,0.625073,2,38.407039,-0.551021,314.21466,49.504414,0.71324825,0.0005632639,0.6895875,0.8662312,269.5354
8ea0e871ebd641ff96f23615b0d5bc5d.jpg,1,51.028986,7.263377,2,42.742614,-8.961322,1533.6837,578.85834,0.6754081,0.01397717,0.6863746,0.7161846,1151.2122
8eca24df6bee45ee956626d367ce88b7.jpg,3,62.307525,27.241755,3,64.380888,29.053629,247.60829,3.5037053,0.8288256,0.037284493,0.801396,0.9385439,247.60829
8f2945bf29c64450a6d11b58578f9796.jpg,0,53.232172,30.586757,0,53.043558,30.550454,21.112288,11.522269,0.7774766,0.07720393,0.7642192,0.830506,21.112288
8f39b2fcba0e47baa90c3c89325046e8.jpg,1,48.432969,9.711427,1,51.856473,12.039205,415.1916,47.411873,0.6571462,0.0010492206,0.6473104,0.76702195,727.5521
8f4ea52c02d4495eb88f73687f8baf4a.jpg,2,37.169503,-2.875597,2,37.955624,-3.791662,118.99736,25.391413,0.82771397,0.040472507,0.8036939,0.9237943,118.99736
8f5654ec1b7442df8dfed6f8ef9656cc.jpg,2,40.607515,0.280419,2,38.199715,-0.679126,280.13605,9.79148,0.6385053,0.022643447,0.63740975,0.78077805,2850.4194
8f59660f2c164deabdc66d894ac23789.jpg,9,51.550652,20.045998,9,51.548366,20.067223,1.4894605,1.4894605,0.73751664,0.024997413,0.7165289,0.8739952,139.66338
8f5ab1725c1c45c6aa15cf46cb140387.jpg,5,51.803385,-1.063299,11,40.361351,39.887415,3351.2231,4.865741,0.62935543,0.006735146,0.64116967,0.73521763,1459.494
8f5b11e9a9e443aba5733027dda79f36.jpg,7,40.118105,8.865895,7,40.054391,8.577498,25.537107,13.134316,0.6667864,0.028879225,0.63395524,0.79811096,25.537107
8f69e95b3e4245018353908fa395e8b6.jpg,8,68.192065,16.020364,8,62.94322,7.20125,709.30096,13.450489,0.68355846,0.015333056,0.6353176,0.8765217,709.30096
8f88445e1e3b4b18b60fa4311e81df37.jpg,8,58.083771,8.067255,6,65.979514,-22.85889,1809.7837,195.49872,0.6192162,0.007042885,0.58453596,0.7743562,1764.3132
8f8e94534c5c45718dc3dfa51b41e906.jpg,3,64.294019,28.211137,3,66.992849,25.256661,329.17838,9.513159,0.76032215,0.0076031685,0.7408657,0.8558623,34.752937
8fa4d3bc67074fea8652917dd8749491.jpg,2,39.939438,3.909834,9,53.367215,20.7613,1960.6581,1515.5264,0.54780143,7.903576e-05,0.5053874,0.7532657,2176.6084
8ff53ab35fbc4c279cef11058178551e.jpg,2,38.208125,-0.682584,7,40.283859,9.144591,876.62964,42.918316,0.7047431,0.022545695,0.6976502,0.74084055,1337.0696
9013c7cf9bdc4111b44f4c8f7a96afc7.jpg,1,53.190469,13.998941,1,53.092389,13.668023,24.619404,19.20859,0.7814901,0.058841944,0.7682514,0.8344449,24.619404
9014b509d8b94a6a8482b4b172daad42.jpg,6,65.596679,-19.352075,6,65.614705,-19.35467,2.0079422,1.2818403,0.8742107,0.013880789,0.85796475,0.94394064,2.2827525
9027855d58bf45c49c9351be0bb0bafd.jpg,4,44.492942,5.373397,2,36.853396,-4.13325,1166.4955,63.154346,0.63023895,0.018272221,0.6351438,0.68683445,1330.4202
903137938dc5415589f45447bde1c500.jpg,10,64.121547,15.288088,10,64.317758,14.93895,27.588072,22.838562,0.8787004,0.013401926,0.86359626,0.9493854,22.838562
903e778da5884793a56bc637a08f2626.jpg,2,39.53824,3.246388,2,39.561229,3.249621,2.571249,0.77571255,0.71281177,0.027662694,0.7036842,0.7493218,2.571249
9072639c294a4ffa8c2cb1e82d4f4f77.jpg,4,44.460269,-1.09402,4,44.614127,-1.103238,17.123846,3.380178,0.7227235,0.0074127316,0.7021334,0.8680217,190.55473
90764cd16b304bb89a300f0cb5694dc2.jpg,3,68.000301,25.182385,3,67.427241,24.937528,64.55246,0.32564777,0.8609721,0.019774854,0.83580023,0.96165955,64.55246
907b408aaeaa4a18933cf4b8173129ee.jpg,5,52.427237,-3.792601,5,52.809217,0.04103,262.23422,36.70954,0.6877503,0.0027246475,0.6883858,0.8118372,229.19756
908583be03104bb78fe0b4faf873c024.jpg,6,65.831871,-17.290068,6,65.555067,-22.363214,234.16264,3.3004317,0.85423535,0.012267888,0.83840835,0.9544898,35.16054
90a1352dd7e74be7b5a1863ebad64b6d.jpg,1,47.673277,9.811938,3,62.590906,22.753056,1843.5793,920.39886,0.6889876,0.020037591,0.6587404,0.84240365,1868.6674
90a58fb31dc1443085294191ed66ca13.jpg,5,54.132918,-2.619347,5,52.8382,-1.343884,166.87042,16.022371,0.68333304,0.01175952,0.6766051,0.78936386,218.42357
90bbb9b1036540b88ba14dc788c99b1e.jpg,11,39.615923,43.7202,11,39.615259,43.722583,0.21706587,0.21706587,0.9217787,0.17155439,0.91177416,0.96179676,0.21706587
90d0ad739f9f45a2b94db63aa6ca7cb1.jpg,7,36.868314,14.657917,4,44.360411,0.716375,1438.6226,6.50428,0.6919309,0.0073771477,0.68155974,0.76133704,1396.9998
90ddc53715fc46ba80dde03c0d96593e.jpg,0,54.085518,26.669591,0,54.266668,26.305497,31.100403,6.0949774,0.81531453,0.073214054,0.8112441,0.83159614,31.100403
9139d83ed12a47f9872c94fb12a1c8a1.jpg,6,65.848367,-17.492047,6,64.002237,-20.978885,262.86578,2.3224342,0.8069964,0.019280136,0.78888106,0.90247166,214.05356
915a592ca6734faab8c7cc5fcc67b79a.jpg,4,46.128702,1.434443,4,47.521393,2.034491,161.44815,50.019463,0.7740266,0.071192145,0.7581824,0.8374033,161.44815
91ac382332d146bb86aa513d8dbe056e.jpg,11,37.928251,41.632534,11,38.20074,41.09863,55.70246,16.415462,0.7056868,0.00020813942,0.7152635,0.7586949,93.98469
91d5bec970c64637a1bf0d5b00d2e328.jpg,9,51.790897,21.726338,9,51.646708,21.904922,20.20904,5.468532,0.79081476,0.021099567,0.7721015,0.8859135,43.529926
91fd6276d06d4f33afc48a8e404a0a0f.jpg,8,62.873298,11.186421,7,40.94695,17.183093,2470.0562,1813.9105,0.65617573,0.00095641613,0.6091702,0.8710364,2471.1746
92036c7e75c24f5b8e29a270007d6476.jpg,2,39.373791,-0.566865,7,41.549988,14.692774,1311.6416,21.757904,0.65957576,0.022164822,0.6886685,0.75977516,3105.169
9216acfc1f8841c6afe9f214e85cb4e5.jpg,6,63.958325,-20.67126,6,63.962427,-20.648708,1.1916025,1.1916025,0.90778,0.04202801,0.8900399,0.9787402,1.1916025
9231f14564e3438880a318bc6f5260ab.jpg,10,65.321013,16.675509,10,65.462118,16.822604,17.104702,1.2745057,0.91514593,0.027086198,0.8992941,0.9785533,17.104702
9264dc1e93cd441f8fa39cae80d3e158.jpg,0,51.922898,30.420236,0,51.978862,30.45619,6.693006,5.534303,0.8116753,0.02219212,0.7836503,0.9369188,180.52782
92d6511432274428ad9c8be3ffb74a5e.jpg,6,65.079903,-21.096759,6,65.817323,-17.552908,183.08466,1.5911136,0.7606929,0.0036857128,0.7461785,0.8273294,4.740545
92da5af2d43c4ffc9d416efc2f113d15.jpg,4,48.50272,3.771698,11,40.990047,39.802249,2935.117,62.98728,0.66853464,0.031425357,0.68044937,0.69858557,748.3423
92f2491f4d2744bf983e7cbc8dc1de7a.jpg,9,52.094312,20.56517,9,49.990135,19.213565,252.32411,5.621891,0.72309554,0.00865674,0.711679,0.8076614,332.02005
92fe8db89c54424c9657095a432ff42c.jpg,4,48.598309,-2.824497,11,36.373725,33.941007,3266.5906,503.9415,0.72556585,0.0006289482,0.7414427,0.75243056,725.0305
9330caf2f5594befafbb6caa52287ae0.jpg,1,50.254917,8.989502,9,50.524787,21.191122,864.56165,460.9785,0.6234966,0.0051115155,0.5959538,0.8086081,683.13336
9339adea2765410fabe936c2a29371d1.jpg,0,53.065991,27.86868,0,52.179945,29.901519,168.91661,3.2642794,0.8519939,0.019157648,0.8344246,0.9222709,168.91661
93562d5dca934a69815728e1c34b3425.jpg,5,56.196136,-5.506862,5,56.199409,-5.509458,0.39779752,0.39779752,0.78354186,0.02018863,0.764534,0.8680428,159.03474
935c7e6852c54a3580a7e0aa50de2f29.jpg,3,63.496378,25.682223,3,63.445952,25.643092,5.9343743,1.0712682,0.88840944,0.0028628707,0.867657,0.9780422,10.47979
939454fdd325456898fb86b0172cd552.jpg,7,42.261523,14.442519,11,38.334214,26.897962,1141.6163,188.27449,0.73442686,0.010528266,0.71193314,0.82569575,1193.4972
939991de4e9a4700a3d9a00be167fffb.jpg,1,52.643522,13.66012,1,52.007495,14.166675,78.65606,2.0091965,0.7670293,0.02895087,0.7668433,0.8040963,83.06165
93c71275ddf2481a87015edc431caef2.jpg,9,50.063179,19.236026,6,63.826339,-22.646448,2888.8713,1136.5327,0.6793742,0.013481021,0.6641382,0.82098424,2914.113
943276fe209b4806875b040a8fa401af.jpg,8,68.399291,16.809055,8,68.33597,16.741079,7.57231,0.13914202,0.8260799,0.0016996264,0.7940178,0.9619811,2.7351012
94638b0158614b37a4902882bbc6399a.jpg,10,65.65043,21.483787,10,65.660232,19.860624,74.40743,17.729963,0.8229659,0.011504471,0.79846454,0.9209714,74.40743
9463d1e21eee4bc1a6c04208da3f257a.jpg,11,37.702494,27.189776,7,40.935194,9.314385,1576.1184,561.3181,0.66323286,0.0028188229,0.6204101,0.8818582,1576.4241
94bf936aa36e4f2ba22a75f20cc9b1a9.jpg,11,41.443647,31.83006,11,41.41228,31.905386,7.1836796,0.27199242,0.7928278,0.060138404,0.77458256,0.87838507,4.683494
94bfcbcef22040469bcfc73ed27213c7.jpg,1,51.077885,13.833644,1,48.741984,8.210608,478.96234,31.185595,0.6930633,0.008168399,0.6703148,0.78405744,478.96234
94db9e490c2c4d7f93016a3334199308.jpg,10,67.113761,20.629835,10,66.684392,19.830604,59.11989,6.022605,0.80095506,0.00897938,0.77774614,0.8937908,59.11989
94e07104fe014baab069191ee058fc89.jpg,11,39.472752,33.604247,11,39.550074,33.220289,34.042126,34.042126,0.7669799,0.09327155,0.77149236,0.8013813,4595.8955
94ee0370cce54b8e94b092a7df9a14ca.jpg,7,44.469665,8.026556,7,44.456561,8.044564,2.0409596,0.997709,0.7576604,0.020800233,0.7240028,0.89229083,2.0409596
9503f1cd02e347edb4490d2416e361f1.jpg,2,41.887766,-2.790526,2,42.062302,-3.427818,56.14354,19.17177,0.65570205,0.008722365,0.6080617,0.8751841,63.05709
95178d5592104347bb97605b43d67c11.jpg,5,56.206378,-5.513599,5,56.184237,-5.473365,3.5009682,0.44834948,0.8275437,0.022421122,0.81285775,0.91556513,12.571544
951874f379e54813a5f837d02e584c3c.jpg,2,36.709956,-2.804122,2,36.847025,-2.620719,22.340757,2.0075104,0.7673162,0.010460854,0.7488183,0.8483249,2.0075104
957103e3f38746359c79551ae7a9a39b.jpg,5,53.12849,0.302474,5,52.29573,-4.169121,315.07516,0.41574967,0.7636776,0.0046650767,0.7489968,0.8951242,1.6232724
95715c8324bb46a1a239a4751aa6b0cb.jpg,6,65.728739,-20.2123,6,66.062749,-19.147115,60.984364,0.23057173,0.81414205,0.006471455,0.7845081,0.9326776,60.984364
95922ff2ca2045459d0d8300d26d7c6c.jpg,2,38.822757,-0.511819,2,28.943769,-13.797922,1643.1683,4.5025425,0.69943416,0.01799053,0.68090236,0.78037715,1843.8577
95eeed993f5f41afadfbc612ebb97428.jpg,0,51.677604,29.129361,0,51.668967,29.12494,1.0076169,0.252842,0.902934,0.024880886,0.8871813,0.9659449,1.0076169
9607374ea9434cba8e251b38420e5c12.jpg,10,58.347411,11.509414,8,59.685614,6.508011,322.53952,23.324442,0.710032,0.034628928,0.6990685,0.7538859,322.53952
963c8bb568644d89a556603bfe947f37.jpg,2,37.133307,-4.74244,2,28.052437,-14.363509,1351.909,134.00578,0.6772425,0.019824564,0.6951969,0.66539,1440.4451
964e4567ed49467880dd19f021ecd233.jpg,11,38.236855,35.095871,11,38.239731,35.098602,0.3989502,0.3989502,0.7727427,0.06662035,0.8135377,0.63310593,2444.1936
9664cd04a2b148ad94f8b4f617ba3243.jpg,4,50.177156,2.795795,6,64.420061,-21.5914,2130.8064,21.099548,0.7107996,0.042936444,0.7299185,0.7295045,1621.7545
968fa70daca14d9cb65e04796351d024.jpg,11,38.509456,42.278967,9,53.74462,22.747075,2251.0623,1780.7416,0.5298581,0.00019860268,0.5124669,0.6840396,2626.4739
9695936f866c47fba8af03b5fd4bcb47.jpg,8,61.105746,9.109536,8,61.106855,9.108772,0.12996778,0.12996778,0.8124336,0.038206458,0.7890657,0.9059049,0.12996778
96d9d19920f24158a4f9061b64eab858.jpg,10,65.719496,18.695764,10,66.106757,17.477635,70.07062,14.527534,0.8758198,0.022144735,0.86520135,0.9182936,70.07062
970f814d7155463b80464e74280c260a.jpg,7,37.629457,14.118755,7,36.799302,14.490966,98.01695,3.8181384,0.6735375,0.018552423,0.6508617,0.832205,132.55946
9715c934db4a4683ac8551eb0d18f253.jpg,11,37.544872,27.348618,11,37.5436,27.348292,0.14433083,0.14433083,0.8372018,0.13650578,0.82783926,0.87465155,0.14433083
9752f45e76dc41cd8f5de50cf07d7976.jpg,10,58.755091,12.131446,10,64.496185,20.67606,780.5059,12.548038,0.8155461,0.003251493,0.79072785,0.91756046,707.03894
975d652cfd5a4bf28b4bedee21cf8bcd.jpg,3,61.205301,27.970565,3,61.201091,27.981701,0.75824475,0.75824475,0.7510377,0.014110923,0.7335152,0.8211276,0.75824475
976ffb53200a4aeaaa0e21a3d31f7a7a.jpg,0,54.542515,30.194909,0,54.525636,30.160792,2.8926868,2.8926868,0.866614,0.010054529,0.8527353,0.944963,12.028891
97812b37fb654c578d6b2248bd81cb65.jpg,8,68.651236,17.690189,8,68.775022,17.801352,14.47741,13.229787,0.82864285,0.016984582,0.82112545,0.945367,49.61493
979d4974a0474b32aedecdcdd3b95144.jpg,11,38.95388,35.593001,9,54.788806,18.378749,2181.156,1849.8944,0.65226746,0.0020292997,0.65439427,0.7857561,2292.9348
97b61fba8d474771bc781c3d32c709e6.jpg,6,65.23467,-21.769265,6,65.290541,-21.746769,6.3001466,0.8582776,0.733191,0.04657501,0.7295035,0.77778625,38.459225
97e0eb1ab62541d6aec1141b0cd77723.jpg,8,62.54223,6.125243,8,62.539636,6.126605,0.29677358,0.096569866,0.76503646,0.06169945,0.7831334,0.74790853,1.8171498
97e61c13694140f9bef9442ede597a11.jpg,8,69.442884,19.2374,8,69.442513,19.237662,0.04250288,0.04250288,0.95516753,0.013755918,0.94561505,0.9933773,0.04250288
98031a7e21e74108ab00ded4957f40bd.jpg,4,44.140161,5.461328,7,38.013963,12.870509,921.03406,35.29859,0.6884495,0.013873696,0.69901407,0.7199966,105.161095
980a9332abee4ba6a2ab5ad028ac2957.jpg,2,35.881251,-5.506237,11,37.533725,36.917944,3754.1377,49.147297,0.7166942,0.030360043,0.6974202,0.8480927,3239.5247
980bed1107ae48a7ac1c92c1f80e3eaa.jpg,8,62.480583,6.455667,8,62.485978,6.485301,1.636318,1.636318,0.8191519,0.02966559,0.79518026,0.9416231,21.399832
9812ca576d3c4be0a22a4a0950ca0112.jpg,11,39.707814,30.692361,11,39.52427,31.13215,42.84446,39.675827,0.83341885,0.0060961843,0.81220883,0.9399503,80.59306
98181bcb19fa4c3b995a221a2305c187.jpg,2,42.072375,-8.74651,11,40.511476,36.146334,3711.2317,281.22098,0.60965514,0.002317965,0.6136511,0.7727449,1805.4736
98198146c0df4f7abdb36736a664e2cd.jpg,9,53.178506,16.535285,9,53.564135,17.297759,66.312546,7.6190667,0.71828514,0.009290516,0.6943865,0.88650984,117.12863
98269bf591cb4fae902ba757d5e61039.jpg,7,40.634666,8.898934,7,40.5915,8.375922,44.407906,2.4643245,0.8422277,0.023333132,0.81523657,0.9567008,26.665407
98368d7582434f9e97ad090bad6853dd.jpg,7,39.723141,16.390583,2,28.3558,-13.958432,3049.314,90.1276,0.6217187,0.002167046,0.6255053,0.67524326,1670.8821
984494e0ed6d444f8a71221865867f2d.jpg,9,53.323399,22.455967,9,53.32512,22.456766,0.19858801,0.19858801,0.81807077,0.03818971,0.8051917,0.8859167,98.4031
98a6c79a220e40d895408b91f20b4799.jpg,1,52.416288,8.614494,1,51.713992,6.388821,171.00511,28.078836,0.7387306,0.018946052,0.7289737,0.79134834,491.08636
98cce45934b94f738b0be72b470a12e8.jpg,0,56.027359,28.354016,0,56.028425,28.326887,1.6898124,0.40083998,0.81551653,0.021727145,0.8068804,0.8661798,0.40083998
98ed1aaa3f07497f9629d240adbe9a11.jpg,0,55.205567,28.756769,0,55.314532,29.494894,48.31482,0.8621858,0.85860544,0.012946427,0.8460499,0.9520831,113.92875
99ae2c52568d4a968bb64a158f9128d3.jpg,8,69.462859,19.239782,8,69.457138,19.235632,0.65642774,0.65642774,0.8769448,0.004321754,0.85600376,0.97251135,4.474525
99cbf90cedef4b259c11b598e8877be6.jpg,3,60.569793,22.8602,3,60.646219,23.011552,11.85079,9.819286,0.80424345,0.018720388,0.8029375,0.8094672,11.85079
99ebe7a1c7634e7a966d24420b0ec864.jpg,10,61.9296,17.24552,10,61.931782,17.263672,0.9802445,0.9802445,0.83820975,0.17848414,0.8187958,0.91586554,0.9802445
9a353bfec89046a4b6addad2e126e13a.jpg,9,53.561039,21.217042,5,50.129463,-5.62196,1870.9188,16.620333,0.6438265,0.0015956163,0.6944383,0.61992985,379.82562
9a414f3666ef44179556e7d2394099e9.jpg,3,67.117813,25.071383,3,67.124174,25.056933,0.94367766,0.35166204,0.9194083,0.008309841,0.9064861,0.971097,0.94367766
9a58093c5bc44da7a829d4d7364f96bb.jpg,5,54.123416,-6.235751,7,41.712179,12.692136,1961.5796,452.5919,0.6350329,0.022351623,0.63646287,0.62931293,1961.5796
9aa3f49d3c734246920eb4e91798d21c.jpg,6,65.841204,-18.252043,6,65.818557,-18.236313,2.6180904,2.0546556,0.84053916,0.005620897,0.8204671,0.92732334,52.032566
9ab5e34adfde4576a03d00914134c82a.jpg,8,68.370627,22.222291,8,68.443138,22.742898,22.778519,12.744475,0.9122158,0.0043791533,0.89632595,0.97577536,22.778519
9ab920ce9e95414bbc4cbcfff98676bd.jpg,5,51.918519,-5.116318,5,52.407796,-3.614718,115.97191,3.8682153,0.7341105,0.00051927567,0.72604626,0.8348347,482.92435
9ac5ad30c7714219961f7079ce3cdad1.jpg,11,39.561484,44.064047,11,39.562467,44.063764,0.111964576,0.111964576,0.95201087,0.057440102,0.94460857,0.9816198,0.111964576
9accef3801ba424c81d6c69b6cb4b794.jpg,6,64.328927,-14.935126,6,64.326507,-14.937856,0.2995088,0.2995088,0.93727714,0.06731516,0.92892015,0.97070515,0.2995088
9b019120ab624f06a8b9ba2358188824.jpg,5,58.510915,-4.80936,5,58.50786,-4.810098,0.34239486,0.34239486,0.9182927,0.057937384,0.9034084,0.97782964,0.34239486
9b0c3014fd5e450a9b7ddf442492681d.jpg,4,45.374621,-1.08086,4,45.37206,-1.078116,0.35642192,0.124868855,0.80387807,0.06515837,0.80451375,0.80133516,0.35642192
9b2b9f0a58c74d6ba53d9069189d1ae3.jpg,7,42.869567,12.397525,7,40.598043,16.993397,457.31198,116.30928,0.63828003,0.013691127,0.6499487,0.8192042,1515.4148
9b2ca5b6bbaa4d8ca5501fba09a764bd.jpg,0,53.278618,30.417545,0,53.181685,30.451467,11.012429,1.5550781,0.80467093,0.004402876,0.78076184,0.9165307,40.076412
9b4d7192e83f4524a219e81cee40ab56.jpg,4,48.445178,6.61971,6,65.622719,-16.884384,2351.0793,2178.7996,0.6988187,0.015190959,0.6765059,0.8640516,2187.8484
9b83929fd0be417182a8454cd754026d.jpg,10,58.900948,12.332365,10,61.443729,17.123278,387.30917,138.72067,0.7476752,0.014902294,0.7524242,0.8192915,868.78394
9b95f0dde9b84614978c7fda5de449bf.jpg,3,63.637319,29.198484,3,63.484984,28.823582,25.128292,2.6359017,0.8493369,0.017415345,0.83128893,0.92152894,25.128292
9b97df214be345c59be5a2f22e77091c.jpg,7,37.596236,14.131831,7,37.596612,14.131395,0.056776468,0.056776468,0.7691198,0.09280813,0.7718569,0.7581714,0.056776468
9bb393d6a4b547699c260b17f31d699a.jpg,2,42.683589,-9.022729,2,43.376913,-4.516835,374.22717,2.762872,0.7212735,0.036910653,0.73392904,0.73788846,132.05812
9bf80380f1764083a7844d1fa30d3aa4.jpg,8,65.085325,13.325799,8,65.091453,13.331197,0.72679657,0.72679657,0.87826943,0.0021483898,0.85715556,0.98320484,31.75165
9c0a48447ae84e4b997875fd0bfe7ca3.jpg,2,41.332482,0.810697,2,41.363281,0.913832,9.265402,9.265402,0.74496,0.017562687,0.7457503,0.84775716,3418.6711
9c16f9b710104635a7f261edeb0e70a8.jpg,11,37.185685,34.868055,11,37.186668,34.867857,0.11070314,0.11070314,0.9112311,0.23106611,0.9073796,0.92663705,0.11070314
9c3137556d2c4915a847c9f992acf148.jpg,5,55.259696,-1.892847,5,57.476405,-3.31996,261.67313,10.646184,0.83875024,0.014624834,0.8159976,0.9392904,255.53555
9c623c71f50845638166ada34f9e414d.jpg,0,52.774372,30.753937,0,52.769769,30.757316,0.5600367,0.23399697,0.75744456,0.021880507,0.73505306,0.90345615,82.20818
9c741496697c4ca5b9a98d9fd9fe3c3f.jpg,7,45.36597,7.901622,7,45.357325,7.931644,2.5349243,2.5349243,0.7655059,0.082624674,0.7859905,0.6835675,2.5349243
9c7861d1b77e46f7bd8eb20e477e1adf.jpg,2,28.079542,-14.485114,2,28.080808,-14.479183,0.598655,0.23904029,0.9304313,0.10153848,0.9229926,0.9601861,0.598655
9c85e205e6784bf2a34c2abaed5a54ef.jpg,5,52.63502,-1.343146,5,52.328031,-0.710231,54.792843,15.520128,0.62987417,0.0030266643,0.616365,0.70863247,1132.4799
9cae9643229843f4a2ebc16d4905d89c.jpg,4,46.885916,6.236643,7,45.117925,11.669355,463.25366,218.2016,0.6833288,0.02699554,0.6811,0.82393855,414.78845
9ce43f9c53e7487a96e858cbd7bb538c.jpg,1,53.991302,10.141287,1,53.405743,11.598151,115.917305,69.49396,0.7451081,0.0037418604,0.7755414,0.7607535,942.154
9d25d13304a64f3cb40532d850aad049.jpg,2,42.535643,-0.386954,2,42.038953,-1.601847,114.18106,114.18106,0.73812366,0.004029393,0.7365466,0.77747965,2789.269
9d51ded13738405295a14d3a6c4a7c18.jpg,10,64.915074,18.238231,10,65.414853,16.527094,97.33306,29.15515,0.88885826,0.045316815,0.8765922,0.9379222,97.33306
9d53713867194cd1bc4868a7b92f3fad.jpg,11,37.692463,30.350293,11,37.688848,30.348155,0.44381434,0.44381434,0.8757382,0.10042751,0.85686415,0.95123434,0.44381434
9d6ade7f35d34ebd86b630b549670392.jpg,5,51.694809,-4.929564,5,53.878598,-2.77546,282.7229,6.825935,0.70022434,0.026943564,0.6749402,0.8013606,282.7229
9d7363ca4d57497ab203e13c0e09ab18.jpg,3,60.97258,22.904695,3,61.025435,22.96541,6.727198,6.727198,0.8523506,0.076789916,0.8253559,0.96032935,6.727198
9d8c44e51e7f48949a0d07e35cdcbb0a.jpg,8,62.667618,8.583245,8,62.664018,8.616142,1.7267135,1.4297843,0.7762053,0.0501709,0.7500329,0.8808949,1.7267135
9ddd5deb03c646499b83af29baba8437.jpg,2,37.009124,-4.488741,6,65.986516,-17.378163,3328.2356,36.95555,0.653576,0.026789248,0.6763926,0.71309483,2931.9783
9df38e759f96457b869c1b98abc93681.jpg,11,37.138386,44.34417,5,54.551251,-3.211184,4058.6423,2880.79,0.63216734,0.018807948,0.61139536,0.74091315,4089.9802
9df84ea264c14811a70b5b22a26092d8.jpg,11,37.839923,27.24608,11,41.469507,36.106126,858.5797,3.6147716,0.7245133,0.020881653,0.69982046,0.82328475,858.5797
9dffa4d51b7a4a4bbf962077c45bcdeb.jpg,7,43.884048,10.318876,7,39.280831,9.134693,521.2282,33.741505,0.799087,0.007504642,0.80663794,0.7923124,313.2589
9e13395ab1184ef39f63200bc71ca26d.jpg,1,52.054843,14.231174,7,43.386873,11.308793,988.1,1.652929,0.7240411,0.0113046765,0.71278626,0.7690607,988.1
9e41b0d5eb6d42e4abbcfd16da19d3b5.jpg,11,40.242425,37.956072,11,40.227757,38.027394,6.2701144,6.2701144,0.82082075,0.0070865154,0.7899754,0.95131433,44.7074
9e4251d0aa404fa99a4aa28084b7bf78.jpg,6,64.17888,-15.852489,6,64.178474,-15.867354,0.7213678,0.7213678,0.7848135,0.01786089,0.7671899,0.8572934,39.757683
9e4508b519664970b02142a992cc8024.jpg,11,40.989609,38.779097,11,40.981471,38.768047,1.2958187,1.2958187,0.79627085,0.10854375,0.79117984,0.816635,1.2958187
9e4647a93c5e4c6e8d57514b327e77f2.jpg,1,53.603695,7.180543,1,48.301738,10.963977,646.1538,113.433624,0.7168169,0.016900659,0.6968223,0.7967951,646.1538
9e4c9641c8444e2faa11bbdb6208543e.jpg,2,38.679685,-3.062568,2,38.322666,-6.137035,270.45816,9.010311,0.70567524,0.01850319,0.693012,0.7694274,363.66446
9e5e0cbc3b894a3690f538ce07bed268.jpg,9,53.645694,16.594057,1,49.883692,6.618844,802.8143,11.31306,0.75484,0.055171967,0.74214256,0.8076445,814.13043
9e62727071fe4b519511046bc2a8af3a.jpg,11,41.637294,32.325089,8,69.698939,19.003221,3213.5388,1211.7954,0.51624155,0.034689665,0.50721264,0.70199966,1456.9772
9e6cdc3863e84fa886948551463829e9.jpg,10,59.693365,17.1813,9,52.234214,17.385475,829.5172,23.537827,0.72846794,0.028285503,0.7179042,0.7810631,129.16054
9e74792d024c48fdb11b00309e28d860.jpg,4,42.732686,9.461247,11,39.550074,33.220289,2013.8446,583.19025,0.6947483,0.017858326,0.70143247,0.7108884,1939.7397
9e7e239edb894aff8c2456c9264d1ce9.jpg,5,57.346107,-6.383926,5,57.559171,-6.154662,27.37515,1.0886434,0.7807641,0.008730948,0.77019095,0.8497274,26.737738
9eaed50a3d6a4cc98794da471be027ad.jpg,11,36.836481,28.769788,11,36.82829,28.785115,1.6402196,1.6402196,0.60186344,0.0031320453,0.5629921,0.80102605,245.31104
9eb73c5b43bf4fc4855c80430b2e804f.jpg,0,52.112949,27.848882,0,52.083983,27.563951,19.727715,0.0077055763,0.85827655,0.011602044,0.83512545,0.9522515,21.579546
9eb98fc158c64f2d9f2bb7ebeba09ed0.jpg,6,64.965791,-22.895596,6,64.973129,-22.933374,1.9556807,1.9556807,0.88634425,0.05144167,0.866796,0.96453714,1.9556807
9ef7504123074ac2909d5fde40ce5ee9.jpg,2,43.363021,-2.667998,2,43.484456,-5.490774,228.35555,33.1512,0.7690625,0.009622753,0.72666955,0.9418237,205.30548
9f0bf1e95f0a4fb8a7bd16b2a2a85545.jpg,7,38.743118,16.475035,7,40.080701,15.740663,161.55841,0.5918771,0.6807476,0.010214567,0.6733428,0.76763356,164.46123
9f51ea453aa247bb9c5dece9f2291320.jpg,5,50.350393,-4.023402,1,48.00025,11.096244,1127.5807,637.54266,0.65398484,0.011919498,0.648445,0.7772142,1208.9355
9f625b743bb04565a45b28743ba1295c.jpg,3,65.422309,25.387218,3,65.454064,25.380149,3.5460846,0.80828243,0.9023289,0.027005136,0.8885524,0.95743465,3.5460846
9f87ae68d4eb474b91d700b411578e20.jpg,8,62.337888,5.87296,8,62.337188,5.877566,0.2501942,0.2501942,0.7931453,0.02949506,0.7770283,0.91488403,0.47939578
9f9f9f2b640643bf9efb7d48c1beaac8.jpg,11,37.045993,30.621952,11,37.059845,30.617627,1.5873739,1.5873739,0.865864,0.03930527,0.8504569,0.9274924,1.5873739
9fb44ec17dd04116bf242c4b543ab88e.jpg,4,49.523653,-1.872275,4,48.341266,-1.720121,131.94452,6.3144274,0.809088,0.060203016,0.7907139,0.882584,131.94452
9fe9d70f2bd14ec1b9d8355eca9c95f4.jpg,10,58.396003,15.297691,10,58.394315,15.299058,0.20390141,0.20390141,0.891178,0.19098735,0.90462136,0.83740455,0.20390141
9feb85a0fd58464a9c6221c8d91fb226.jpg,5,54.359416,-3.294828,6,66.564855,-18.018815,1570.108,1293.6428,0.7866526,0.0069203973,0.7697551,0.9042239,1570.2057
a03c684323614940b986897150697de7.jpg,11,38.690588,35.61452,11,38.694272,35.611705,0.47696465,0.47696465,0.82716864,0.16500926,0.8122356,0.88690066,0.47696465
a0528c71ce87443383db865598ab91d2.jpg,2,38.144099,-1.127657,2,42.437567,-3.07748,505.2037,15.440795,0.71786886,0.049280345,0.7185294,0.8550323,237.74838
a06b6b916eec49fabe0769717d7506d4.jpg,0,53.479446,31.09432,0,53.48928,31.125004,2.3059835,1.1641355,0.8237752,0.019083977,0.7915387,0.9527208,2.3059835
a09573984fc7435bb60a767e211af81d.jpg,0,55.364771,29.336371,0,55.332986,29.38598,4.7253294,4.7253294,0.86701816,0.050778925,0.85230035,0.9258893,4.7253294
a0aab6e61fa247cf94214492f73d754c.jpg,11,41.0752,42.828503,11,41.036756,42.860677,5.0548606,2.3154666,0.78843015,0.02108574,0.7832246,0.87191164,58.61305
a0d27dc8a8004ba6b65d90355f06ecac.jpg,1,49.5408,7.088954,1,49.177403,8.20596,90.42627,28.089548,0.6562406,0.0010258555,0.6603898,0.6772303,1094.7988
a0dd4a79f720481b8231287fc6db3da3.jpg,1,53.34965,8.126459,9,50.342451,18.939051,813.47845,424.30627,0.65317,0.010864496,0.66249526,0.7674608,999.03345
a10a810208f841bea9a698703c44dd92.jpg,3,63.349379,30.012586,3,63.330447,29.994058,2.2991693,2.1061375,0.8854296,0.031391382,0.8657869,0.9737587,2.1061375
a12258d05bdb4d419e74beb23fb802ca.jpg,6,66.044177,-18.521407,6,66.067794,-18.531692,2.6667953,2.6667953,0.84508806,0.034163833,0.8151938,0.964665,2.6667953
a1633111b6074000ba47b70cda600a19.jpg,9,49.982251,22.019829,9,50.079363,22.039848,10.892642,0.8046974,0.77872914,0.011156261,0.7709699,0.8229091,0.8046974
a1cb905331fd4717b0d4f2ff003a73ad.jpg,10,65.057496,17.222034,10,67.903071,20.11436,341.36496,6.203458,0.8272868,0.004145086,0.80003226,0.9453809,334.74695
a24402e0a2304df89bf63c766e639f6d.jpg,2,28.789493,-17.802436,1,50.202678,7.017817,3164.536,1763.3876,0.68978024,0.011497557,0.6622105,0.8000591,3164.536
a262e7630e5f4afd9a5fa7b419fe918f.jpg,3,64.918752,27.614709,3,66.383732,25.871219,181.43547,3.516745,0.8480803,0.014867783,0.82990706,0.9658824,41.91827
a2a50d9cbe3a4d9cb243165050b5c702.jpg,5,57.578866,-4.106744,5,56.992464,-2.279252,127.71613,0.40485805,0.75539285,0.025765717,0.7519328,0.8179095,76.12761
a2c5952382394192bcadb84c2d37b523.jpg,1,48.81384,8.749654,9,51.664633,17.799788,716.78644,107.452644,0.6429095,0.0024567842,0.64005786,0.668089,878.59357
a2ca0cccfa9046df945b1f3793b190fb.jpg,7,38.649459,8.279764,7,38.650466,8.342764,5.4721103,1.5127727,0.76278853,0.015024722,0.7446285,0.8592702,5.7757206
a2dce87789f84933b54d17504420651c.jpg,8,60.779111,5.867994,10,58.864158,17.828195,700.47375,5.0208592,0.6473798,0.0056393147,0.65344375,0.70785934,746.5816
a3190f50c5a04b079ebd02a45cc7b4c7.jpg,7,40.46751,18.178468,7,40.60985,8.377353,827.96295,1.9164422,0.72448,0.003453195,0.7444562,0.84556174,1312.6942
a3195b185fef4896b7bf8798142079e1.jpg,1,52.782624,11.104961,1,52.781625,9.553131,104.368034,20.767817,0.6872102,0.008556604,0.6978117,0.67777365,1207.5615
a31a8ec59d184ae98b289c50bf30ead2.jpg,0,53.800393,25.368167,0,53.793169,25.37485,0.91536933,0.91536933,0.71990585,0.05266589,0.68687046,0.8923117,289.14545
a3278a0c476f4a3da78d3139075690c3.jpg,2,39.873513,-4.017265,11,40.991257,39.797712,3671.1506,48.046562,0.74113667,0.01583761,0.7276949,0.7949036,3671.1506
a33358cdb6b54e9b8e3c4804bd947006.jpg,4,42.177576,9.529494,4,42.172352,9.528403,0.58779943,0.58779943,0.7838444,0.117482066,0.7742969,0.8220345,0.58779943
a34d32c4fab0463ca1869885c04a31da.jpg,6,64.313924,-20.266064,3,64.80352,25.510789,2139.5955,1706.0016,0.7993048,0.0012218952,0.7838265,0.8890474,2100.439
a34d38810c59485a891a36534da20643.jpg,2,42.18495,1.797577,2,41.933008,2.843993,90.8175,74.598526,0.62812793,0.006399274,0.6341397,0.7351336,1357.4175
a350ca2c967144b1bd1fad96770818ea.jpg,5,59.087334,-3.32284,5,59.060786,-3.334604,3.0275886,0.43886644,0.91479313,0.014811873,0.90097094,0.97667897,0.5750582
a37c24442f2d4ab1969b32f8d0b4828f.jpg,3,61.09127,22.957754,3,61.549304,24.068956,78.166214,7.3321104,0.7179712,0.017832339,0.70654505,0.83363056,692.20935
a388deb2d1ba491b91e07ac0ed6771c4.jpg,0,52.93188,30.636684,0,52.636384,30.840298,35.596935,1.1550951,0.82734674,0.026371777,0.81179774,0.9476176,17.365005
a3928a161b1c4e1f8beec90d6bfcc972.jpg,2,42.116313,-0.068642,4,43.125825,0.318229,116.630264,69.352554,0.64370286,0.021837175,0.63004315,0.77694,484.3202
a395c56373d4454498c054d81d0e8f65.jpg,5,57.556987,-6.153906,5,57.556098,-6.1535,0.101776004,0.101776004,0.9023162,0.0312379,0.88832945,0.9582632,0.101776004
a3d79999090d4cb1a636874d993a14f4.jpg,3,67.432208,23.819598,3,66.267209,23.710344,129.63013,25.424055,0.85207176,0.03495574,0.8369248,0.9212644,305.66226
a3db55b4329f42d391992ed1f1c45e89.jpg,5,54.030452,-0.960102,5,54.054408,-0.937117,3.0574493,3.0574493,0.78591967,0.036472797,0.74974114,0.9306337,3.0574493
a3f5718b0a8846bf803d75f25f12d4f0.jpg,8,64.090425,11.522838,8,64.080088,11.514431,1.2198707,0.5120978,0.8510212,0.019944668,0.82556343,0.95285213,1.2198707
a418fca7577244f39f5cbf7d5923788f.jpg,3,60.689596,24.168208,3,60.694126,24.168639,0.5042597,0.5042597,0.81389034,0.026787102,0.79388523,0.9123537,16.723694
a4190073422141a1a9e62bb15d30c04e.jpg,7,44.602761,10.501339,11,38.671617,41.199049,2617.991,1203.7733,0.75237405,0.004294753,0.76824766,0.8356486,2032.9219
a45e67d9ac814ec29f0c1141d39f324a.jpg,9,53.049617,19.737671,4,44.599639,0.897113,1660.8744,180.51244,0.6416685,0.017488658,0.6468921,0.7458712,2134.8765
a466e5fc77fe456ba1eab7c0f0bf530b.jpg,3,66.094553,28.406416,3,66.093071,28.414964,0.41894996,0.41894996,0.81978047,0.046108842,0.79860914,0.9127889,494.5809
a4715860f7334782a7e2d894d561818d.jpg,6,63.517242,-18.480205,6,63.513897,-18.484581,0.43061888,0.03588886,0.92047226,0.011619806,0.90707505,0.98573637,0.7880349
a475e2d5a5144ee78ef3e792078d33ec.jpg,8,68.634636,16.569265,8,68.684487,16.538142,5.6844497,3.1387987,0.72307336,0.02348423,0.70908105,0.8534894,25.631166
a49637cbbced4dffb8b7f237b5dd3e63.jpg,7,37.333999,14.119502,2,41.539384,-3.203965,1556.3217,1000.7771,0.72019404,0.009002745,0.7170419,0.85782135,1430.7809
a4bbae39be364a1dbd43e8ebd8b76976.jpg,2,41.420853,-2.358681,2,41.491975,-2.85175,41.844563,26.70046,0.8212555,0.09912807,0.81776667,0.8352107,41.844563
a4c398e27d3e4b3ebe4950e60e1c40b3.jpg,6,65.794127,-19.93966,6,65.797196,-19.938254,0.34722528,0.34722528,0.91156673,0.067386806,0.89465797,0.9792017,0.34722528
a4ca45a908394321ba2d9613e354aa31.jpg,10,62.170708,17.158308,10,62.17306,17.157395,0.26579013,0.26579013,0.80793107,0.033737242,0.7810051,0.94330835,1.3212411
a5195f103d0c458a910ebbafee8d98c7.jpg,0,52.69189,24.354945,9,49.752054,22.020726,365.03595,54.826775,0.71047264,0.025068402,0.69387084,0.78993976,353.58414
a51ed661e10b43fb9b3055a9db3fc616.jpg,5,55.924131,-3.896857,5,56.709687,-2.733217,113.04328,21.254984,0.729611,0.005297005,0.6852983,0.9068614,113.04328
a55896edfafc40d7842814ccf6310447.jpg,3,65.985036,25.061583,3,65.98544,25.06029,0.07376831,0.07376831,0.92232513,0.112405,0.91102463,0.96752715,0.07376831
a56409649eee47fdb7deb7bb2f06339a.jpg,6,63.54086,-18.455383,6,63.539264,-18.457464,0.20524399,0.033616528,0.93820053,0.029628992,0.9265261,0.9848982,0.20524399
a5e2ce03071c433592928772fc1f8ad1.jpg,5,54.478649,-6.497841,1,51.110636,7.812556,1030.2164,18.24205,0.65373755,0.010748863,0.6553335,0.7058873,1400.786
a63113c80dae494faf37141a64e62e1c.jpg,2,37.891619,-4.723106,9,51.277312,22.526944,2597.3074,674.1962,0.6663802,0.003841877,0.67616963,0.7875073,1668.985
a63501b41de04ec0ab8e71ca7ff491a1.jpg,5,52.63891,-1.254396,5,52.12557,-1.414392,58.10462,10.746892,0.6524675,0.0016284585,0.6262113,0.8386593,410.18564
a643279f490f440d901d976c6efac3fb.jpg,4,43.457623,5.007839,4,44.420501,4.868979,107.64299,15.23684,0.70726323,0.04147756,0.70712423,0.78593016,559.095
a64653e43e084fc8a52488564111958b.jpg,8,70.627782,25.360843,8,70.440607,24.594686,35.201477,7.6638865,0.89905226,0.016009152,0.8819057,0.9682675,19.322748
a6550ca9887b482b9d73ffba72fb9183.jpg,8,69.081363,17.978113,8,68.842188,18.268426,29.010212,0.2571498,0.856626,0.03630668,0.8327445,0.9521519,29.010212
a683c8ed9c064b29a214c072bbfb63d1.jpg,1,51.039147,13.520706,9,50.786399,16.053235,179.75372,35.385677,0.60256326,0.0072476864,0.58417916,0.74178916,355.7092
a6a1b8c67dfa4c2b9caf5f0cccfbb809.jpg,9,54.785546,18.407208,9,54.770229,18.401537,1.7415727,0.9980252,0.7125434,0.07444167,0.7353808,0.69416714,667.0825
a6da2706c3e14f11b0410bc1ac6259aa.jpg,7,40.823885,14.38893,1,48.687349,10.341128,930.6126,677.9612,0.6708271,0.031445146,0.63680243,0.80692554,930.6126
a70d56ce34ba4c8da539a318190bd066.jpg,1,50.037722,12.037186,7,40.963253,14.836677,1032.1552,104.69355,0.6904969,0.027596235,0.68005997,0.75386786,678.70886
a70fb62461d4468080097b072defc914.jpg,2,42.205774,2.756201,9,53.463153,16.367078,1606.5195,346.74805,0.75513136,0.05832249,0.7463299,0.79033715,1606.5195
a7132e50c04a42d193bd3972bb06ab85.jpg,5,51.430748,-0.556247,5,51.408987,-0.592503,3.4893522,3.4893522,0.6967382,0.006774962,0.69812286,0.7708534,23.753826
a771dce46a4b4408afb9acf064ae2793.jpg,6,65.626167,-14.995762,6,65.633444,-14.992217,0.8253525,0.8253525,0.86167604,0.005946636,0.8400843,0.95399904,1.2841712
a77646971d654fcdb5a204cfe8c65c77.jpg,8,68.693948,17.993501,8,68.694606,17.994821,0.09053993,0.09053993,0.89464974,0.14774442,0.8761352,0.9687079,0.09053993
a780e4a6b82f45b5a55cac97846eadd0.jpg,8,66.659162,16.158711,8,66.658311,16.162488,0.19142462,0.19142462,0.86589503,0.036844134,0.84615874,0.9448401,0.19142462
a786644b129b4b35b7537968dfd2600e.jpg,8,62.339427,5.871033,8,62.468273,6.104138,18.693176,0.28151363,0.6974089,0.008717954,0.68013906,0.77828264,991.7145
a795732bace84989951cff791fe8046b.jpg,9,53.658057,19.037787,4,47.33744,1.702782,1407.9403,9.049182,0.6463071,0.00040274858,0.65223396,0.7637198,369.14575
a7c4256781774e8b91afe1639b83feb9.jpg,9,53.442279,15.482306,1,51.423993,7.853761,563.3964,6.3558455,0.6394018,0.0020449162,0.6414188,0.76648206,124.097855
a7d502541a0f44279ea06e4c5fb67c9e.jpg,6,63.832103,-22.492297,6,63.832662,-22.48974,0.13994858,0.13994858,0.89720273,0.0058528185,0.877449,0.98607147,8.518153
a81e087b629a4294a3379be41c99c822.jpg,7,40.647544,17.316788,8,63.524994,9.933647,2589.4326,1848.9261,0.6710443,0.02207619,0.66154504,0.75779516,2293.5776
a821b52ad7cf45039c1f18941875f2b2.jpg,3,60.751928,23.429168,3,60.769946,23.428067,2.0044053,2.0044053,0.65858525,0.0118563175,0.6889051,0.6978431,831.5466
a8303ee8513d4d618b080759fca2dbe6.jpg,10,64.147495,15.245379,10,64.742749,15.802441,71.37868,9.189109,0.82170457,0.0012847185,0.826779,0.87728643,31.407545
a8314f79c4d34222aafbf6656220c5a4.jpg,3,63.642007,26.598409,3,64.138889,28.008733,88.40338,88.40338,0.7167428,0.020974338,0.71840453,0.90323013,1097.8867
a8332aebded845e4b930b3abd869ac7a.jpg,10,62.252036,14.129205,10,61.771532,14.14664,53.437428,7.8301754,0.9112463,0.0111477375,0.89620507,0.9799031,18.769077
a85cfa2321a84933b1cdc66b7ed42df4.jpg,10,61.707296,15.690005,10,61.710133,15.693805,0.37365955,0.37365955,0.877277,0.08146936,0.86440015,0.92878443,0.37365955
a86e55596a034708bdce58b98b213f6a.jpg,10,63.843369,14.375885,10,62.229384,15.173057,183.90903,2.5370884,0.8507034,0.0031796694,0.82855195,0.94329673,43.183273
a895718e705c4b01912ffd32fe06747e.jpg,5,50.647209,-4.738397,5,50.58229,-4.703927,7.617369,0.10552029,0.80493003,0.0035052896,0.77200615,0.95592636,11.489812
a8d703a30e8b49efa91d44456fba6fad.jpg,11,36.103111,32.995598,11,36.363819,33.949463,90.33125,2.3317666,0.75772756,0.0017771125,0.74633837,0.83084846,49.813663
a8d88f893e4447d08ceba60ec035d042.jpg,0,52.927886,30.010687,4,43.942412,5.913589,2025.1714,1027.6279,0.6236615,0.013484716,0.6150518,0.78267145,1889.3547
a9024ddb6b6d474fa70cd95b1c04f7f2.jpg,7,42.558856,12.517622,2,39.758108,3.061792,850.0742,562.8492,0.64999324,0.002936542,0.63920474,0.807487,1658.4164
a91362da8e244fd5b5a01b98925fb3eb.jpg,10,58.358672,15.930729,10,58.278021,15.379167,33.43598,3.0310001,0.7837854,0.013451576,0.770423,0.8555174,29.236263
a915159c75ae45a5ba2ed142379bef7c.jpg,8,69.620631,23.463896,8,69.621868,23.463642,0.13789949,0.13789949,0.9217371,0.19604641,0.9112257,0.9637828,0.13789949
a93181c6eaf44302a11e96ab96367b87.jpg,7,41.317631,15.406956,0,53.518493,30.268511,1750.8635,19.798254,0.63748825,0.0019559264,0.6525139,0.7225707,940.557
a96e5bd0a4794be2ac1643da1c42392f.jpg,3,64.013968,29.486737,10,65.018048,20.193125,457.97104,2.9370213,0.79275054,0.0016870499,0.77182436,0.8819914,26.015936
a9b18d9de1ff44769893f7b88d207ab1.jpg,1,53.673713,9.05853,1,52.324838,10.827175,191.05038,6.5743074,0.7401087,0.004354,0.74172723,0.80357105,161.60222
a9ca233b654248ce8700d14917c28ec0.jpg,4,48.630405,-4.518757,4,48.613797,-4.542128,2.5221674,0.25044358,0.76492393,0.016144037,0.7481155,0.8321576,2.5221674
a9eb905e6de443bcbb9edb3022dfafba.jpg,4,45.454263,2.071068,4,45.534759,2.353654,23.775417,23.775417,0.6863252,0.09214914,0.68880147,0.72323394,850.8424
a9f1eaded87e4e0cb4fbf0eceaab6a79.jpg,0,52.612203,30.853534,0,52.612886,30.85318,0.07961857,0.07961857,0.9516868,0.06292027,0.94316816,0.9857613,0.07961857
a9f5961f2a5744adb9423b5ac62ca621.jpg,5,55.372114,-4.752378,5,55.841474,-3.156091,113.03023,5.97336,0.761901,7.891655e-05,0.72981167,0.8948719,107.17297
aa15271766fe4aa6a23752dffad5c5f1.jpg,3,67.537401,27.924043,3,67.546986,27.918034,1.0959421,0.13560502,0.9167931,0.020627558,0.90425676,0.96693826,1.0959421
aa17fa1741c2431d8785440356c76a0b.jpg,1,51.135594,7.940862,4,46.096651,4.085326,627.69666,92.45073,0.66229373,0.007099092,0.6535518,0.79472417,786.493
aa27af38ec804d4baf605854252eeb5c.jpg,7,42.40682,12.108696,11,38.648827,28.980457,1483.0571,32.080654,0.6861535,0.032693207,0.690904,0.7848067,280.7755
aa282360a6564d6fab6842c74a27a11b.jpg,6,65.878922,-16.535227,6,65.652981,-16.791869,27.719965,0.54881215,0.7396699,0.017110944,0.70828056,0.8652271,27.719965
aa2c108494274dfabd8322d31094c1e2.jpg,1,53.477083,8.386283,1,53.45502,8.344848,3.6798651,0.5133186,0.77693456,0.018086612,0.7744947,0.84259236,66.8326
aa2e37bd8af744b09440b1f896107a68.jpg,6,64.617261,-22.050875,6,65.669936,-23.239478,129.56189,11.346205,0.9356491,0.00070625544,0.925472,0.98320824,113.12648
aa3513c6499b4834a37ae99a0299fa3d.jpg,11,40.581937,35.651773,11,40.929043,35.15657,56.82862,22.862524,0.8300484,0.031251073,0.8097962,0.9246336,28.858696
aa5108eaed0c4ae29f2783486a917aa1.jpg,1,52.733323,12.065867,4,44.51101,-1.235219,1334.6627,14.919137,0.69500667,0.004045427,0.69770944,0.6841954,1334.6627
aa53472c4144442b8e4765eba4fede9c.jpg,4,44.55179,-0.934463,1,54.021061,9.004831,1273.4349,19.593079,0.7571144,0.08205187,0.77630156,0.7263874,1436.617
aa691e929ba4436aa828ec60ab5ea880.jpg,8,59.460237,6.327041,3,64.709324,27.758713,1250.5919,2.549399,0.6396452,0.01129055,0.6188222,0.81061995,246.97343
aa6c42b0ea9d4e5d92a957fb91d0466b.jpg,7,38.091016,12.7497,7,38.151481,12.737976,6.8011827,0.39884382,0.7359699,0.057389855,0.7028914,0.86828375,6.8011827
aa73da2bedea4b4abe0c9e1d7f535958.jpg,11,40.270365,36.544936,11,40.272108,36.544098,0.2064419,0.2064419,0.63181657,0.002341807,0.62059546,0.7660425,312.76212
aa793d890fc04ddfb88f19834b4c6920.jpg,8,64.093354,11.524856,8,64.188751,11.919524,21.883587,0.17894143,0.8069745,0.0071715117,0.7702908,0.9673866,1.5596764
aaa6ab9fb8594600986f73bbef29fdd8.jpg,4,44.146276,-0.873696,4,44.154292,-1.011627,11.040748,2.7403836,0.7493035,0.0013254881,0.70806146,0.9434412,2.7403836
aabd27d762b54ff69fd449575511e5bc.jpg,4,42.621449,1.822425,7,46.266624,13.329665,998.1612,71.43024,0.6747053,0.007542908,0.66071594,0.79925686,526.59216
ab27273934414b7ca0bb4b3fda369fa1.jpg,4,47.544324,-0.607768,4,47.633338,-2.989563,178.88992,23.746069,0.71007276,0.0134084225,0.69087416,0.8225202,61.344257
ab38177370de4e82b62ab432b997c3aa.jpg,5,55.648971,-2.787743,5,58.541589,-4.675013,341.2164,10.714387,0.67634636,0.00020354986,0.6597954,0.7819782,136.37752
ab4e227946a840cebc2300fcf1dc43fe.jpg,11,38.73468,35.57489,11,40.546478,37.234002,246.50368,4.5181336,0.6232092,0.010881126,0.58383876,0.7806908,246.50368
ab8c574ab43c4894b529bc2740b03ceb.jpg,9,52.389206,20.430847,7,45.264543,11.767353,1013.33484,7.102981,0.72540885,0.017044604,0.7455733,0.7427581,760.68506
abbfca449fd94a16a7492a39a5d117be.jpg,8,61.339571,5.755509,8,61.289071,5.832616,6.962014,6.962014,0.7181358,0.041057706,0.7043823,0.8463187,166.91962
abdd4002d5d4493eb7d0903ecf249782.jpg,10,64.948201,15.470625,8,64.134881,13.91503,117.07193,3.7857764,0.83711725,0.0023841262,0.81523883,0.9512478,74.0529
abe9c1f9e27a45d6b695499813175b8b.jpg,11,40.896537,30.356028,7,45.321351,11.377238,1612.8519,219.63359,0.67937434,0.034833968,0.65088606,0.79332733,1612.8519
abf11b5d89dc4aae89e28fed977ad0ab.jpg,10,59.846324,16.639218,10,59.202594,15.069845,113.82241,8.848079,0.72006863,0.032955706,0.7068375,0.78500223,71.989
ac06fffae6b24cd8be3c79714e54a1b2.jpg,7,46.69318,11.891429,2,41.982395,2.882943,886.5921,14.742236,0.68241864,0.029062808,0.6942459,0.777328,105.92181
ac0af944223c41779d50ffa53754035e.jpg,0,53.919431,25.841653,0,53.917087,25.845466,0.3609503,0.3609503,0.8732558,0.060298264,0.8515804,0.9599572,0.3609503
ac44de46343a42bb9bb96ffbc7512e16.jpg,4,44.169215,5.83925,4,44.173996,5.901285,4.976102,4.976102,0.6441971,0.008949459,0.62516314,0.7748337,371.96786
ac4fa88f9a3d469594b03a43f18bb954.jpg,1,53.612949,7.85119,1,53.014535,11.179931,230.90263,36.514576,0.7469261,0.059056938,0.7426331,0.7953173,390.27014
ac6e515fa1db448cb4852f0a038f622b.jpg,2,37.94765,-0.711221,2,42.8591,-2.355799,563.5695,17.270514,0.6514372,0.020468414,0.6291075,0.74243176,353.40482
ac74b84b88e9429aac6d3dbbc2455622.jpg,10,68.229028,19.672056,10,67.837657,20.495744,55.385555,0.3738295,0.77999055,0.0038839579,0.7640703,0.8436716,55.385555
ac875daf2fd442598999c6d9bcd39d28.jpg,0,52.078902,27.700558,0,51.942545,26.923705,55.288795,0.1365431,0.8704895,0.01520884,0.8489108,0.9568043,55.288795
acd471c785064fa582839da872c4fadd.jpg,5,55.888942,-5.420166,5,57.685429,-5.643552,200.22302,17.79427,0.7646414,0.0056685805,0.73719096,0.9303882,199.29492
acfcd587876c41f3a7c2b1d024bea4c3.jpg,1,53.663451,7.664009,9,50.427603,22.746244,1089.8939,478.01508,0.70623106,0.0015758872,0.6832273,0.798246,1089.8939
ad61e1fa76ff48e398da828f45ae1834.jpg,8,65.212879,13.377714,8,65.212997,13.37772,0.013124115,0.013124115,0.71834064,0.08873469,0.72494954,0.81412375,3400.597
ad6b86a23a59416c99ece27962549dd4.jpg,7,39.913019,15.784227,7,45.37178,8.910829,826.73376,13.397824,0.7083487,0.020537674,0.67870873,0.82690835,826.73376
ad8a6dfe2f3e4c2d9401497e28484341.jpg,5,55.68122,-4.30114,5,55.681212,-4.30107,0.004477089,0.004477089,0.9130086,0.13897651,0.90060866,0.96260816,0.004477089
ada5e03aa03c4bbeb5990db8f4c3faf5.jpg,8,64.479814,14.169416,8,64.926022,14.208947,49.651672,10.895536,0.83673084,0.016617,0.8107621,0.94894063,27.590734
adaa6a86ec7344a28fd2f35cafd82e91.jpg,10,60.492783,17.424146,9,54.31331,22.651942,754.5688,733.67755,0.7004043,0.031329215,0.67793673,0.87918,798.3671
adcee0b97acd477b99244fb182b133e2.jpg,11,37.232682,30.501363,11,37.228447,30.503555,0.50933236,0.50933236,0.9291435,0.20026714,0.91649806,0.979725,0.50933236
ade316c1119e4ec59e7a44df02f8b0d3.jpg,7,41.003445,16.833794,9,51.111214,20.875588,1165.9348,638.5614,0.66153836,0.03493738,0.6724838,0.68100476,1037.632
ae1bb27d91ac40f38e1503c65112ab10.jpg,6,65.311367,-21.743107,6,65.290541,-21.746769,2.321991,0.34792125,0.75551933,0.0056875944,0.7281738,0.89530516,213.62483
ae1d385034d54842a461b8efafc89791.jpg,2,41.897388,1.320002,7,40.91812,9.378273,680.5474,63.04787,0.6997002,0.031499147,0.66575855,0.83546674,680.5474
aeb1549f09314de58341bf41bb9f16dd.jpg,3,60.527296,27.547288,3,60.527143,27.549274,0.10997621,0.10997621,0.7234198,0.01856041,0.7330029,0.7676108,97.78752
aec27abc623e4d95806f3036b68c3752.jpg,8,67.251469,15.429435,8,67.260499,15.433198,1.0170395,0.59764886,0.7523203,0.008227825,0.7232659,0.86853755,1.0170395
aec8a01e07bf4bc58514ecf41bc23c8f.jpg,3,67.431367,23.81852,3,66.267209,23.710344,129.53494,25.505354,0.8335989,0.017217219,0.8218769,0.93073046,377.37595
aee3ce54d15b416e8d1c6aeb39e0094f.jpg,8,68.33124,16.7333,8,68.33597,16.741079,0.61531585,0.565053,0.8180449,0.03731394,0.7909173,0.9265553,0.61531585
aef4770194bc487dbbfc75784b58ab6d.jpg,1,49.269064,9.011042,9,50.02902,19.80091,780.709,59.348907,0.65919125,0.035115898,0.6800022,0.65930253,3140.4167
af21df7daca94ef3a42bbc7eaa75f375.jpg,4,48.218659,6.268391,6,63.839884,-22.427676,2449.6938,2128.0652,0.75858986,0.03460431,0.74447346,0.83384305,2450.393
af8242d4578f4e128b1981d03521421a.jpg,2,43.188915,-6.076391,1,50.818615,11.396173,1567.2812,1203.2432,0.7025571,0.017602563,0.69093347,0.79699,1257.6987
afab1a6dd2054f469827c6a0f139e6bc.jpg,9,50.408685,23.429446,9,50.410322,23.428899,0.18610787,0.18610787,0.80695903,0.061667085,0.78335536,0.9013736,0.18610787
afad62f8dfa04607929757626a606e66.jpg,11,40.395684,26.839398,11,40.394115,26.870243,2.6179512,0.7551766,0.86452556,0.028142452,0.84796846,0.9307538,2.6179512
afe7515323034c38b589c7ffa4014085.jpg,11,41.310642,42.834028,11,40.70159,43.161113,73.07371,24.012352,0.7370489,0.0062717795,0.72830427,0.83892834,74.23775
afe9a62078b34b02a3214d8dff3ce366.jpg,8,66.346094,13.480634,8,66.339523,13.411082,3.1881638,3.1881638,0.76728606,0.023618996,0.73401797,0.9003583,3.1881638
b0088b5f19b240e79a01c932fd8872d0.jpg,3,62.293657,26.476005,3,62.434618,26.761369,21.50143,11.843364,0.761969,0.012895048,0.7367245,0.863901,116.20983
b00e81cc213a4c1380c90fa14fdda894.jpg,11,39.59408,39.868964,11,39.593058,39.871287,0.22920291,0.22920291,0.84396553,0.021043539,0.8217375,0.93287724,0.22920291
b02606bd42314275945595cc62904c64.jpg,4,48.553453,-1.79099,4,47.220166,-1.833826,148.28935,30.5841,0.64773846,0.0014362931,0.636065,0.69443226,148.28935
b03674f595a04fd48932b9e741d40af3.jpg,8,58.613764,5.688058,1,47.681787,9.933334,1247.4875,3.6250818,0.7616935,0.02324915,0.7398882,0.84891474,1247.4875
b03fc50ef675462c9cc24e0a1d4aa8fe.jpg,6,63.530374,-18.467368,6,63.529056,-18.468604,0.15884343,0.048606478,0.94277793,0.018033624,0.93195593,0.98606575,0.15884343
b0708d30e9df46d2bcffe717ac83a3f4.jpg,10,67.700508,20.771144,10,67.773348,20.616517,10.393915,1.7467642,0.7451611,0.021782815,0.70438194,0.9276898,1.7467642
b09c19609f254624a7f326f302fcaf19.jpg,0,52.355726,25.023144,0,52.358937,25.024378,0.36675003,0.36675003,0.7824815,0.08267915,0.7717768,0.8253001,0.36675003
b0bc50e536314eb9a31aae2012b6071e.jpg,3,62.027099,24.531285,3,62.026453,24.529548,0.115618415,0.115618415,0.8828358,0.0278759,0.87564635,0.9366572,2.152994
b0ce98920b654dfeb6ada19b74cffdc6.jpg,0,54.025024,28.292726,0,54.493287,30.028954,124.206,8.44354,0.85097796,0.005023122,0.82696414,0.9470656,165.23468
b0fed7a35109409496a9a9c1c319edda.jpg,5,50.508885,-4.697502,5,50.530964,-4.697898,2.4552357,0.7627296,0.85523164,0.04493594,0.82932043,0.96749187,3.4756083
b1389892f6a64429842ff765d77e1677.jpg,1,50.920036,7.926111,4,45.109586,1.851809,787.81433,693.1422,0.6343432,0.0019834042,0.64391243,0.7046467,1292.7958
b15adbf73a474e528bf613cc34ab3d54.jpg,6,64.934786,-13.740428,6,64.929349,-13.698526,2.0646086,2.0646086,0.8443191,0.026539743,0.81811476,0.9612856,9.331332
b15d9145bfd0458c81f4b911025da733.jpg,9,50.627179,19.834788,9,51.924201,18.982082,155.94063,42.098186,0.6720063,0.0034073591,0.66519576,0.7697979,412.165
b180577062ba4405ae3eb921956d4802.jpg,1,52.55149,7.847805,7,40.655248,8.32896,1323.3062,745.70776,0.73641837,0.0050438643,0.7147319,0.8231644,1323.3062
b1da0471edfd40b195438ce0e0fc050c.jpg,9,52.828788,21.225611,9,52.806897,21.16421,4.7906904,4.7906904,0.81841683,0.0632025,0.8170396,0.83380497,268.00247
b1f312cb657b41fb800825944f14f9f9.jpg,8,58.282534,6.454373,8,58.336997,6.262142,12.757902,1.3140045,0.8289602,0.0058451295,0.7969643,0.97310144,24.698345
b21efdeba37d49c2a239f9ecf27f997c.jpg,4,44.638568,-0.840848,10,58.413225,14.819913,1866.2195,104.29964,0.66229826,0.006249547,0.63773733,0.82355475,2410.391
b22456c81fe747dea97b3933b8b280a0.jpg,2,43.633118,-7.600987,2,43.628609,-7.603044,0.5280043,0.04663794,0.7346658,0.011088848,0.72581697,0.8312767,72.82446
b25282d9a5464f99b33a197fdf660977.jpg,5,57.162041,-2.718103,5,55.813308,-3.502197,157.50589,1.3249253,0.8236818,0.01780057,0.79586035,0.9349674,157.50589
b258d616631d4eb38255f746355adbda.jpg,11,37.483791,30.564502,11,37.912698,30.488287,48.161438,3.3608656,0.8521607,0.022893548,0.82597893,0.95851827,3.3608656
b29b4e607c97487d91e718cdb773ce5e.jpg,7,43.722043,11.450498,7,41.72187,13.012273,256.3915,17.05645,0.65260947,0.0070562363,0.62621856,0.79305524,112.323265
b2cc6a05050f4edea34c0b7a7e32aa90.jpg,5,55.688253,-5.330261,5,55.576085,-5.196192,15.046086,14.038092,0.8091653,0.10633212,0.79904693,0.8496386,15.046086
b30740a2f1464d78ab2be1872870be89.jpg,10,56.211379,13.736622,10,56.201712,13.744897,1.1905377,1.1905377,0.84583056,0.053254962,0.8203945,0.94757456,1.1905377
b3274e2930f8421a9f244465992d5dab.jpg,9,51.04334,20.41802,5,53.762108,-0.616057,1452.9097,13.510681,0.64120805,0.0032866,0.63528985,0.6917938,1837.0707
b369e265d5c74e719eabf42e4a318d66.jpg,1,53.339464,10.014342,1,51.985655,13.926189,303.6843,50.564457,0.75384235,0.007763028,0.7344849,0.83359015,303.7034
b39b40c25c9b411a988972cee7c02235.jpg,1,48.783557,9.514531,10,57.251732,17.013225,1065.4274,323.27014,0.7060909,0.059793234,0.71236,0.70871925,1183.5537
b39c5baee13742cfb4a11ef31fdf66fb.jpg,5,54.534103,-7.65869,5,54.709994,-7.596016,19.970068,11.370559,0.81628275,0.08705336,0.7917925,0.91424364,19.970068
b3aa49c83425400b945652af54a354e2.jpg,7,41.051774,8.940136,7,40.655248,8.32896,67.7228,2.5659497,0.8145253,0.0004056096,0.79198813,0.90467393,67.7228
b3bbb03d6fab46ffb70f468c427f79fc.jpg,10,62.556967,14.456749,10,60.814739,13.429015,201.16057,18.18308,0.67006445,0.0032701492,0.66266596,0.80105746,592.9124
b3fd1fd8880d4b34bda71fee9d13a0a3.jpg,6,64.932154,-14.05935,6,65.102027,-14.328395,22.725344,0.45663384,0.8193402,0.0024458766,0.79788387,0.9258523,15.8706045
b41b4b3087234b43b2c8b2204d7b8c22.jpg,5,54.364968,-1.361226,5,55.340282,-1.596644,109.49196,29.531649,0.71790475,0.013036549,0.6816312,0.86300206,155.7651
b441c8c666944978b6dfb333a75ae5d2.jpg,6,65.251402,-21.769062,6,65.290541,-21.746769,4.473901,4.473901,0.8245312,0.09541178,0.80587715,0.8991474,4.473901
b4782030bb9b489fa8893240513474e7.jpg,7,40.912198,9.416038,7,41.177412,9.278804,31.656624,2.6234112,0.759985,0.0034201145,0.7629787,0.82008135,39.372463
b47bfe7743e1453c89bac8d4443c427b.jpg,8,69.276446,15.971742,8,69.27776,15.975718,0.21406052,0.08947915,0.92595994,0.018841267,0.9112805,0.9846778,0.21406052
b4aa0152f760473eac35a7d7af62e38f.jpg,1,48.632513,11.588454,4,43.627323,-0.928263,1111.6075,312.3879,0.6820445,0.034533918,0.68367827,0.7718328,1006.56775
b4ca5edc13054302abedcc1c2c2e6bca.jpg,4,48.999284,2.136712,1,48.137368,9.128601,523.1196,48.819057,0.65034777,0.0058849454,0.6408902,0.760988,365.86627
b4d83995f9e24801a8fb18abbc129f73.jpg,9,53.737002,21.607902,9,53.392691,22.582994,74.91592,11.375392,0.7705382,0.0027653575,0.7354572,0.91169673,84.682304
b4e58e6d0a5a4f7fbcf9de787391ffff.jpg,10,61.440045,17.128616,3,61.916374,23.693425,350.18723,0.4983189,0.74814254,0.0041853786,0.72662246,0.84988314,341.2059
b510218ef76744569f68e3d14cb926e1.jpg,4,47.245993,1.990044,2,39.430252,-0.340393,889.1585,15.40416,0.7442422,0.0014587045,0.73732305,0.77191865,889.1585
b5262413d75e407c9ee9651c418cce37.jpg,1,53.385144,9.442847,1,53.385422,9.417583,1.6757987,1.6757987,0.7150705,0.0028682947,0.71529806,0.80798805,507.20966
b53436edd5e54d06b1cbdd5d30142e78.jpg,8,58.424621,6.017502,8,58.424308,6.018055,0.04741338,0.04741338,0.8923568,0.03038627,0.8675546,0.99156564,0.04741338
b536feff6a454562a045219f78407b15.jpg,3,64.870536,27.679736,3,64.842564,27.786258,5.9162397,3.017015,0.8388487,0.015988708,0.8170492,0.9456506,213.17928
b549f50a168f4eb3aa8ba6d68e580674.jpg,4,44.993358,2.544055,10,59.317692,15.910244,1827.614,171.79082,0.67470086,0.019896388,0.6728116,0.7052963,1519.2056
b54a8ab627b74330bf7e8a8e3ad114cb.jpg,6,66.013048,-16.417667,6,65.914164,-16.396201,11.038314,11.038314,0.7887036,0.028555334,0.76345575,0.89276034,43.51073
b560644961294d0c8e2bcc640e9e5859.jpg,10,66.382257,16.968025,8,66.658311,16.162488,47.072056,1.7695119,0.764158,0.0023107529,0.72813165,0.91664386,57.363403
b5ad1f3d02434b5386e6cea10019f7db.jpg,3,63.103757,29.815951,3,60.979188,23.63445,399.2994,3.821053,0.69871163,0.01282829,0.66165465,0.85855293,210.55879
b5bb8afbe6034f1d98eba8a62bb62cc6.jpg,7,42.236429,14.475685,9,51.959381,20.573478,1174.5328,2.9645665,0.6664111,0.0006442666,0.66304916,0.7964103,1115.171
b5c48e895d534dfbb94825cd49d52863.jpg,9,54.075742,15.637246,9,53.025056,14.898744,126.60675,44.608368,0.66676164,0.020401359,0.67181575,0.7787522,894.3369
b5ee14b3c17a4c96b39267972461d78d.jpg,3,62.555979,25.675531,3,63.626288,25.784915,119.14028,12.731914,0.8317439,0.015443981,0.8078654,0.9272578,119.14028
b607128792d447bdab5d0839e1c4dbb6.jpg,5,56.218678,-5.541628,5,56.184237,-5.473365,5.700446,2.588851,0.8741448,0.009106159,0.8556167,0.94825697,5.700446
b61043876f9e48909c57a480ee7e6c14.jpg,0,53.669267,31.654703,0,53.721031,32.014413,24.371479,0.5293191,0.77130264,0.0020535588,0.73391294,0.9519098,85.4558
b6a7ea44af5143f3bc3cfee85d58efd2.jpg,0,52.311227,29.335801,0,51.697184,29.141048,69.567764,15.158498,0.85968995,0.0006197095,0.8431043,0.9344707,69.90787
b6b30a5b78e84ff3afbc7a0a8b7c8a12.jpg,2,28.500504,-16.197217,7,43.485511,13.633364,3132.9324,35.28205,0.70858663,0.024113238,0.7032032,0.78113997,1985.7081
b6be25de2f9945d6ad25f7ec0e0870f8.jpg,2,39.354319,3.132359,2,39.358262,3.131218,0.44928315,0.44928315,0.72530365,0.035280406,0.72717816,0.8329437,897.88904
b6ff936157e345ce98c6e099b90bc1f2.jpg,0,52.207007,27.865883,0,52.175239,27.881594,3.691221,0.65767425,0.9015279,0.045360148,0.88501596,0.96757543,3.691221
b703b3ab9abd4f4b9ec8a03479f1ea6e.jpg,7,44.047583,12.4139,10,55.423056,13.002909,1265.5927,55.36534,0.6370293,0.011615634,0.6461699,0.72348565,1533.0077
b7497eaf79614a8e982cd80201536306.jpg,7,45.525719,8.241066,0,54.511927,30.501918,1866.0159,254.53003,0.7245507,0.01287353,0.70648444,0.8442107,1866.4172
b74df949dfc8464d92b4bd422905e8ef.jpg,11,36.674129,29.13136,5,50.424598,-4.668645,3085.8098,229.13518,0.67118,0.0005006194,0.68297076,0.6848302,3279.9426
b7a65b2c6a79485fa719f156a3753be7.jpg,2,28.64289,-13.899496,2,41.241776,-3.779279,1674.6158,3.4903247,0.6687504,0.0023681521,0.648077,0.8080384,65.86267
b7d6fd5bf9904999b604d82533d3dbf8.jpg,3,65.00938,28.858275,3,66.932351,28.907266,213.83641,0.9214321,0.89011896,0.0041584373,0.86834,0.98282766,148.51234
b7e07f17c0864496a64a5f8af7af9baf.jpg,3,62.30716,27.96757,3,62.599463,29.239587,73.0412,9.191936,0.77245617,0.004658282,0.74803996,0.8845972,265.9781
b820c00ef5e548fc804b36df0334957f.jpg,4,44.919628,-0.782757,4,44.88852,-0.742298,4.703057,4.703057,0.7120058,0.02692157,0.70466554,0.75371873,107.03028
b8582680f37440b691698a44004542df.jpg,10,60.414853,14.779892,8,61.936309,13.012515,193.8878,30.130116,0.80433714,0.000364542,0.79831934,0.8399198,198.08156
b88c1d8201024156bba8bb3c49cad1fa.jpg,2,28.778991,-17.962548,4,48.772813,0.966726,2746.7896,2731.0723,0.6648166,0.026566803,0.6610387,0.7037711,3232.5818
b89543db7f4a444584c4219f1d628191.jpg,1,51.042588,8.651111,1,49.702115,8.963045,150.68633,3.9996045,0.7262713,0.05319631,0.6928916,0.85978967,150.68633
b8987f47ad094dff8c0ad60c9668e8e1.jpg,10,64.911822,15.513048,10,63.821629,14.39159,132.68088,0.7271702,0.81292546,0.004956007,0.7910334,0.9223847,92.563896
b8b344a9b8f54cb58289d555ca3c9817.jpg,11,38.798155,35.594043,2,40.684517,-4.620094,3414.7346,670.0333,0.71864635,0.0029751062,0.6977334,0.80229807,3414.7346
b8c8c49972ae4beba6cc0419a56ebb52.jpg,5,55.369446,-2.513646,5,55.442724,-2.446593,9.182162,9.182162,0.8424366,0.0005632639,0.8138652,0.95672214,9.182162
b8d514cc331940a08cfef76519e80aeb.jpg,6,65.584005,-23.149637,6,65.689603,-23.192717,11.907096,1.6824498,0.95319706,0.006794393,0.9441496,0.98941356,4.055249
b91076bde2d34ebdae7461ea73bb6f83.jpg,5,58.497341,-4.456095,5,58.574835,-4.767275,20.01103,1.554365,0.87490004,0.014257252,0.85042703,0.9727919,20.01103
b914123b602e44b09d53668bffe72e5f.jpg,7,41.040805,14.734124,10,59.272569,17.511693,2036.482,948.6637,0.63292295,0.024927855,0.62531596,0.78282857,2314.4504
b93617aa28864348b68a570591a64d5c.jpg,11,40.392365,43.408347,11,40.471631,43.327216,11.173183,4.0126805,0.76432705,0.040959477,0.7595513,0.7987446,70.3631
b94712069ff94b989f38a670a53d5304.jpg,2,36.519239,-5.045007,7,40.032532,15.804202,1856.8331,72.12524,0.6403748,0.019046843,0.6324668,0.76902246,1721.2904
b95d632bc79c46acb1d58930968ee6e2.jpg,10,65.301724,17.663541,10,64.92568,17.038206,51.035294,51.035294,0.7246957,0.012281239,0.74769026,0.77396995,374.2963
b965c5e29c9e4fd682b47b285764a4ec.jpg,8,58.085241,7.808552,8,58.220259,7.93342,16.705555,2.953859,0.7591982,0.0010268688,0.72730255,0.9080281,93.09487
b972ccfeccb341eea12b14e35eb2af12.jpg,8,69.466425,25.477901,8,69.465926,25.47615,0.08799311,0.08799311,0.90342504,0.0059885383,0.88376284,0.9820739,0.08799311
b9ac1621dad443579ba6464596ad373e.jpg,6,65.518832,-18.599921,6,65.508431,-18.609608,1.2397195,1.2397195,0.89674187,0.012801409,0.88334453,0.95546126,31.532085
b9c15299a8e440469836303fa43489f8.jpg,8,60.517393,5.212953,3,65.699168,25.161729,1149.7367,319.4569,0.70877147,0.01822567,0.70893294,0.77526385,1359.1942
b9c46b9603cd4edd8c2ca5bf8409dd30.jpg,5,53.294328,-4.607099,5,54.32522,-6.461995,167.23842,46.901775,0.71414256,0.00924927,0.6799649,0.86819446,308.6979
b9dd266db1574c84ac58643b7349ba58.jpg,9,51.828378,19.426653,7,42.593051,12.237133,1160.3448,876.6543,0.64529306,0.030176759,0.6757076,0.66904205,1690.8444
b9e53452a17f4e4080c468c544300100.jpg,7,45.411804,12.159605,7,45.401837,12.14855,1.4046711,1.4046711,0.7889664,0.124207914,0.80609775,0.78363633,122.914894
b9e7bc55f4d048379c2ffdccaf621d9a.jpg,8,70.421992,25.157465,3,67.983386,25.164929,271.16116,8.170779,0.821514,0.0066412687,0.8132748,0.8751801,64.950485
ba0ffc95452545a49e980e7ea9fcafca.jpg,5,51.129947,-1.156045,2,42.862874,-7.908033,1051.2195,19.30479,0.6318476,0.00040203333,0.62622404,0.73075217,939.9243
ba18210c629949c3ba3292f397efa8bf.jpg,7,40.840505,9.401918,7,40.60985,8.377353,90.06726,5.974528,0.83347505,0.015026152,0.83852565,0.8621707,2028.9734
ba1f92ff871a4c6b87f8de80909216a9.jpg,0,52.926781,29.985242,0,52.986032,29.816624,13.076192,2.9186723,0.92490005,0.015456855,0.9158466,0.96230567,133.65384
ba3a376d6d4742c8af17ecd7310f8a9f.jpg,3,61.713536,29.414476,3,62.873426,29.847493,130.90175,1.7462901,0.83244693,0.008154333,0.8110126,0.9435443,90.62112
ba3f3842065947fc845e01ff50d764be.jpg,1,52.052615,8.702091,10,55.713087,14.080967,538.16254,29.748003,0.6755075,0.025125086,0.65308774,0.783111,366.1872
ba60762cfa7c4ab7853277140858031b.jpg,6,63.888817,-16.624079,6,65.632065,-20.295927,260.46417,1.3819056,0.8793946,0.0040617585,0.869478,0.95847607,36.791058
ba80b796e7b84fcf9b19ca6e6249fd42.jpg,11,40.952462,27.477399,11,40.864768,26.758173,61.2224,1.8831341,0.7968006,0.14532065,0.76702225,0.91591394,61.2224
ba9ea63c8d8a4c199d3a4dd84af4ef8b.jpg,8,68.401461,17.474448,8,68.661656,15.519513,84.651375,17.212101,0.8453659,0.03194219,0.8256159,0.9417478,49.856754
baa9feaa212142f09ef32dc12ac9a420.jpg,5,57.913326,-4.058455,5,58.234758,-4.480909,43.526344,0.17954195,0.8087455,0.018858254,0.77884066,0.94912124,67.49695
bacf1f20a2f64bb5bc90755749e562c7.jpg,9,53.262339,18.173125,9,54.632306,17.50353,158.50877,10.819039,0.69836885,0.017239869,0.71084166,0.7212256,163.29956
bafeb197c67142539c304ec449859337.jpg,0,54.121223,26.590901,0,54.410293,26.06306,46.9912,0.5373028,0.863573,0.0012307763,0.83803046,0.96574295,46.9912
bb075d20b329471bb4e183a2ef4226f2.jpg,11,37.473438,30.56402,11,37.912698,30.488287,49.296,4.424276,0.8028948,0.048530698,0.799262,0.87637055,172.5863
bb088e72cece4d71b6696c9d1f9da65c.jpg,5,58.554127,-4.696808,5,58.544871,-4.673834,1.6840112,0.54683155,0.8298578,0.0015531778,0.8160717,0.9292829,9.562939
bb11441d9db741c1ae22a179f83b6fbd.jpg,0,51.930592,29.25956,0,51.666827,29.123838,30.778513,0.5807053,0.9278821,0.018533051,0.91881317,0.97163904,20.744915
bb2252f5b3874160bb53d4b534e32194.jpg,6,64.058995,-21.530906,6,63.864834,-21.880357,27.514675,1.4152166,0.81396,0.003987372,0.78845644,0.9490565,25.421152
bb5a7dcfb33e4d1b8bbc1d0bf699fa1c.jpg,1,48.349236,8.777997,9,52.404748,20.329306,933.5347,377.61615,0.6777783,0.012671709,0.65376693,0.8360312,662.3737
bb61b916b9fc4add81db514d490420ac.jpg,11,37.898967,39.839328,11,37.838862,40.610379,68.01131,33.15967,0.85121804,0.0005916953,0.82728803,0.953301,33.15967
bb6f2a78ac6c4015ac4328dbc85799eb.jpg,2,29.003776,-13.7654,2,28.348655,-16.514013,277.8555,10.27071,0.61558443,0.016810477,0.60493517,0.7296884,393.13147
bb9571c6312648f6b124546f34042369.jpg,8,66.690785,15.429968,8,66.689591,15.426246,0.21082519,0.21082519,0.90500665,0.060785174,0.8979478,0.93499315,73.07324
bb9a5b4323ac4a1eb8c56fdfc25ec5eb.jpg,10,64.530242,20.836752,10,64.496185,20.67606,8.570737,1.909885,0.8708006,0.018914938,0.86235595,0.9149271,101.24
bba3567e552e437597885cfa24bcf112.jpg,7,39.216198,16.06249,7,39.243458,16.062756,3.0312645,1.6748859,0.7654016,0.009255171,0.7461916,0.8602976,2.1471226
bbb30f9400024b4585a77b352a05fc65.jpg,2,43.353219,-5.478176,4,44.632143,-0.846068,396.83307,107.925385,0.705406,0.028552473,0.69313633,0.7737543,551.65454
bbb65dec6dfc4a28879e90e76fad07da.jpg,2,36.480552,-5.038261,7,37.040093,14.390464,1728.8896,216.90019,0.7234392,1.7762184e-05,0.691401,0.88147795,1729.073
bbdc92976d7b49ff942e2a42d278ee44.jpg,3,61.414292,26.3755,3,62.301981,26.998262,103.96879,42.136578,0.7851007,0.012518644,0.76404583,0.87257975,430.3766
bbde42aa3251468d979b638a1866ca30.jpg,9,54.146887,22.931552,7,38.011632,13.258588,1938.8978,955.8409,0.57867545,0.02018994,0.5617768,0.7430906,1587.324
bbf4078296c04376ad16295f603ffa6f.jpg,2,38.311814,-0.516901,7,40.639182,14.689358,1328.7875,123.953896,0.67946523,0.021343231,0.6634299,0.7854649,1273.4489
bc55b69e81fe436d98a0d29f25cd688c.jpg,1,51.032173,8.668183,9,52.71391,21.36695,890.3717,410.17273,0.6733573,0.013645232,0.6539645,0.7509285,890.3717
bc581ce6f5f145a89a8bbd6eb5d64d71.jpg,10,61.362866,13.531905,10,61.361226,13.53489,0.24199446,0.24199446,0.92233694,0.022285223,0.910059,0.9714487,0.24199446
bc5e62f2e5f74a929ce6bebee31de457.jpg,10,66.686073,19.830746,10,66.716755,19.83423,3.4151266,3.4151266,0.94618624,0.045389414,0.9369353,0.9831898,3.4151266
bc6905b188134246afce7fbd0259332e.jpg,7,38.907204,16.329004,7,38.910003,16.43089,8.821313,7.566782,0.62971765,0.0024182796,0.6448535,0.70447564,2149.2278
bc72941f14fb40adb91d7412ab7ba39e.jpg,4,44.14806,-0.986995,4,44.175908,-1.112129,10.451012,2.0838115,0.843637,0.06778735,0.8154864,0.9562393,10.451012
bc876a8de7a6492f9340a97c24f37412.jpg,4,47.774509,-1.35045,11,39.082056,29.463706,2647.8467,58.114574,0.6161789,0.01739204,0.6125654,0.7509259,384.7038
bc9154f88eab4159b53c864e41885481.jpg,11,40.012733,41.980479,11,40.005743,42.21293,19.81283,19.618328,0.8286732,0.014236867,0.7970063,0.9553406,19.81283
bc931e20dc894109b4d11da2732663a9.jpg,7,37.906705,14.963405,7,38.111306,14.97837,22.788372,14.842705,0.7770728,0.046281934,0.7586241,0.85086775,22.788372
bc9bc8de69cd4db2a47b246a9745d03d.jpg,6,64.617349,-21.77484,6,64.609046,-21.719617,2.7898078,1.3512199,0.91647047,0.053625822,0.89907885,0.9860369,2.7898078
bca547e2ff9344ac9d8379511d23d3ce.jpg,2,39.795769,3.071751,8,62.235066,11.772583,2563.0166,2150.897,0.6916573,0.0154393315,0.6662285,0.8185761,2563.4617
bcd00511789d4fe3ae21ec589175d11b.jpg,6,65.534,-19.895781,6,65.541558,-19.914065,1.1895672,0.7505254,0.8833284,0.0021967292,0.8622341,0.96770513,1.1895672
bcdc5580f1614b94b4de0fcbafc4fbdb.jpg,3,64.599409,29.686101,3,64.59372,29.681802,0.6649976,0.6649976,0.8499339,0.011324286,0.82445455,0.95185125,0.6649976
bd0f52a5e285432a936bd92aead5d185.jpg,11,37.521559,36.997576,11,37.506547,37.00308,1.738418,1.738418,0.71655273,0.03020382,0.70111287,0.85284376,784.18414
bd15b78817ff4024b113088fe7e54ad2.jpg,2,37.845897,-0.788254,7,38.74428,16.481695,1508.1993,535.03406,0.7846482,0.061535776,0.79075056,0.81477964,1136.4462
bd328c8874fa403baf2594b3ab6a896b.jpg,7,41.131092,14.195698,4,50.156859,1.739208,1391.0502,583.87854,0.6271122,0.0005993247,0.61567396,0.77499604,1862.5881
bd472654755d468a988c571d8d0a8c5f.jpg,11,37.207007,33.067103,11,37.088518,33.255519,21.271267,21.271267,0.7793506,0.02971381,0.75213,0.91290617,82.28891
bd662ec478234b14adb1369aec93b9ba.jpg,0,53.044577,29.567911,0,53.021574,29.710862,9.895093,7.143677,0.956954,0.014985204,0.95199525,0.976789,9.895093
bd8035051ca344b589305680c266e6a0.jpg,7,42.282346,12.522205,1,48.3829,9.127957,728.2012,67.26887,0.6365338,0.010813892,0.6196327,0.78722477,1714.0975
bd8150879a9c4ce4967e2ef8d16a4ec5.jpg,0,52.016769,29.288228,0,51.912363,29.789544,36.25542,10.359596,0.8405205,0.004496813,0.8300236,0.9016858,80.743065
bdb886fab9bd4904a14ea5ae830f830a.jpg,4,47.413781,0.438106,5,50.240931,-5.06483,510.7506,216.29547,0.6045731,0.011915982,0.5979385,0.6849351,632.226
bdcc755616ef405a8782ef680ae44df0.jpg,8,65.833744,15.022905,10,65.31097,16.196515,79.31682,9.518723,0.84993607,0.022298276,0.8323873,0.9231096,152.04408
bdd85b3d0f7d4bf8989a8d515cca7915.jpg,2,29.001911,-13.549113,7,40.585226,16.337901,2998.1387,0.40941873,0.6733558,0.0018230677,0.67320895,0.8252511,3043.324
bde6bbbad25b418989de964557c97914.jpg,5,50.28046,-4.990212,5,50.227643,-5.078651,8.603902,0.09128751,0.79761434,0.013805211,0.77425396,0.90727806,11.650806
bdeafc4686374642b577babe00f947e8.jpg,8,59.148515,6.204145,8,58.592525,8.862289,164.82175,27.825684,0.6855485,0.024880707,0.6824298,0.76860714,1049.6168
be0982f4653344c7b2f8f33ff8c00c9b.jpg,0,54.597116,27.896206,0,54.632202,27.931331,4.50956,0.2800021,0.8252288,0.016002417,0.79974174,0.9271769,4.50956
be79959af52f4bd0ba23a9d8a6b5aa09.jpg,8,63.17954,8.668043,8,58.0523,7.657863,572.76306,2.5749578,0.66724837,0.009666741,0.645037,0.7999604,312.57123
beb9def5756647d4b373f4272913c37f.jpg,6,65.813487,-19.328868,6,65.807262,-19.323321,0.7368872,0.7368872,0.9165472,0.030282676,0.9009177,0.98068833,9.769838
bef2c08b68874a95935eaec815355f84.jpg,9,49.982188,20.912998,11,37.533725,36.917944,1881.14,62.56381,0.66162366,0.014464676,0.69398016,0.6565285,1279.4468
bf28cc7e2c5044a9ad3f23bb82492390.jpg,3,61.6769,26.988157,3,61.625174,28.221773,65.38729,2.5929177,0.721641,0.016676486,0.72895473,0.7758752,856.69434
bf44012d64d54958a59928c7be9fe011.jpg,6,63.843061,-22.405268,6,63.843436,-22.407855,0.1334892,0.08888755,0.8999785,0.004558563,0.88271976,0.9735291,7.264983
bf76c303bf504d149d83a2a9a4e76ee0.jpg,6,63.437073,-18.770742,6,63.429258,-18.768639,0.87526035,0.21609403,0.8380904,0.0074623823,0.8231095,0.89801395,0.87526035
bf987cdcb08448a1a23b675de6ab3981.jpg,9,50.679042,18.650596,9,50.726613,18.631957,5.450096,0.5179854,0.796725,0.024003923,0.7999198,0.82152927,89.83583
bfacdd87c44e43da8e8d3a101e94452e.jpg,7,37.75543,15.130626,7,37.808161,15.130501,5.863438,1.7086519,0.7804289,0.012884378,0.7412394,0.9371867,5.863438
bfb1491be3d8459ab638bc6df3d7e280.jpg,11,41.917706,34.582727,11,39.863514,37.904151,360.67685,22.094116,0.71136546,0.011435628,0.6757539,0.8917612,380.7109
bfe64f355c5f499aaf088a6f2084f97f.jpg,9,51.462011,14.939367,3,61.728771,29.699428,1448.9113,108.71528,0.64439976,0.00015383959,0.6163512,0.7980095,788.534
c002293daea64dd286c709983a3fa745.jpg,1,47.839285,10.278374,1,47.830898,10.29488,1.545198,0.545667,0.79919034,0.058148324,0.7801222,0.8754628,1.545198
c010a9559bae481485f85986a4d42351.jpg,1,53.924532,11.486047,2,42.112021,2.774026,1462.0803,167.77286,0.65395415,0.0033685565,0.64163667,0.79294986,573.01776
c01888e40f2c47f09c76bc7ebc4c6687.jpg,11,38.468944,42.465505,11,38.469104,42.471028,0.48115912,0.48115912,0.8506165,0.092475474,0.82792974,0.9413636,0.48115912
c0215e96cc6f49b99240117b4fb9a992.jpg,2,38.781029,-0.440526,7,45.356371,10.750228,1176.1884,754.92865,0.67282915,0.016916096,0.6401038,0.80373055,1176.1884
c023291da9d044a796f377edd822c1fa.jpg,7,40.606045,17.300756,4,44.751957,4.868869,1114.3838,5.950528,0.701744,0.013334274,0.68786985,0.76399446,1073.3102
c02436a2a37b40ae8b0bb89c3beaf836.jpg,8,65.213835,13.378222,8,64.752732,12.860303,56.761925,0.09607517,0.76859856,0.007609725,0.7376308,0.90529627,487.44272
c05644dbf52e4c4da0fb82207a4b4b76.jpg,6,64.988235,-22.655239,6,65.029038,-22.236636,20.18165,3.5609503,0.85771215,0.029879093,0.8548688,0.9157704,124.13635
c06ae66a655c41aa960d916507b21590.jpg,4,45.007202,1.533217,11,37.248504,32.212408,2691.6257,596.99115,0.6537237,0.006973326,0.624804,0.8099977,2848.9668
c08a3837c090473ea355005cc1f225ec.jpg,7,37.808312,12.444685,3,63.243423,22.840747,2913.6736,67.88559,0.62157184,0.0010749698,0.6237929,0.77111334,3146.1956
c0afda8114094f58b0db52fdd5c6207f.jpg,4,49.645013,0.294231,0,54.628375,29.088931,2025.7899,7.596576,0.7223402,0.0050790906,0.7135707,0.81991684,2020.4825
c0b9d2d017d743d08a134d4c6e8e4b12.jpg,4,45.358459,0.098982,0,55.215464,27.91274,2238.148,101.6019,0.73448765,0.0017723441,0.7115141,0.846133,2400.3015
c0c49d15801840bf98373fad1fd80c02.jpg,6,66.565946,-18.020466,6,66.565602,-18.019812,0.047953952,0.047953952,0.75879043,0.024853528,0.73703223,0.88416195,0.063877225
c0c77ed313024921ae360658bf47bf9c.jpg,9,51.613886,17.733664,9,51.593643,17.674859,4.64331,2.6136982,0.7411605,0.024906099,0.72357357,0.84656453,142.04118
c0d693614952436ea74d3c2b26e91f95.jpg,4,46.312042,4.961355,4,47.55493,3.407495,181.70657,11.86114,0.7963718,0.0411731,0.7846686,0.8546994,156.146
c0dda294a8364d6d886087b852cef6c9.jpg,0,52.213974,31.486914,0,52.215032,31.517818,2.108774,0.21201731,0.8817746,0.0039864182,0.8769259,0.9540811,0.31331095
c0fb71a5df894890bcc03052b6f3ec96.jpg,2,43.13162,-6.073977,2,42.656992,0.926214,572.5218,41.74093,0.64039123,0.00089496374,0.65072,0.71007746,655.0771
c1064cd9e3aa4000ae37156bf648e738.jpg,3,61.814422,24.460896,10,65.159919,16.557663,539.92194,1.5561953,0.74185514,0.0015034676,0.73531044,0.7772473,566.1328
c1290e401e984551a4bc064b0817a93f.jpg,9,53.363876,16.263603,9,53.297362,15.434612,55.543705,11.251458,0.7534314,0.0905087,0.7661241,0.749176,562.57056
c16183b47e204476aa75430f950d4525.jpg,11,38.424483,42.126262,11,40.956067,40.032044,333.6685,0.05316113,0.59342325,0.004189849,0.593813,0.7141252,2185.8062
c16dc873635742ec8540906652976958.jpg,4,48.616235,-1.364078,4,47.123191,0.978057,240.98428,142.41765,0.66176075,0.013792515,0.6847882,0.71812797,1939.6823
c17be10f2cc2446186e48b8b8fedd771.jpg,1,53.254191,7.795426,1,53.192195,7.7251,8.33315,0.15221699,0.81359446,0.03678924,0.79249436,0.9038799,0.15221699
c193f5b488004bf894f1bffb516688f4.jpg,2,28.713276,-17.749737,5,56.589019,-6.165753,3231.1257,123.785835,0.6555181,0.006874144,0.63764733,0.7270011,3231.1257
c1b0b7b1e1cc427f9cfe8786fe8780cd.jpg,0,54.429813,25.985527,0,54.266668,26.305497,27.552414,4.529379,0.8072488,0.065194905,0.7797216,0.9173572,27.552414
c1ce4e9a080d48ed8317b08151e5cf3b.jpg,3,67.326915,24.907221,3,67.336016,24.906071,1.0131857,0.1954225,0.94032013,0.008426487,0.93284595,0.9702165,1.0131857
c1f84afa05d24d8e96f4d0bc2e4281a2.jpg,3,61.91961,28.575552,8,59.475373,6.293143,1236.0942,46.54045,0.73493683,0.006499529,0.71774775,0.84247005,362.8351
c21de4cfc10248b1bc3f860dee8a8dbf.jpg,3,60.746034,26.129088,10,57.768412,15.767987,674.56305,33.383373,0.7012011,0.0067458153,0.6847045,0.83945894,279.44193
c225e45622f24723bcee0c8f227a3c15.jpg,11,40.990886,39.798832,11,40.990047,39.802249,0.30158833,0.102656856,0.84715426,0.08364844,0.82423645,0.93882537,0.30158833
c23e6b05dc474cebb4b21294bf7d8bdb.jpg,4,43.758281,-1.394736,1,51.038639,10.443183,1201.192,824.8349,0.67396915,0.043509007,0.6662935,0.76905906,1054.4703
c24594ee96174debbd764bf65e02059d.jpg,8,58.330126,6.265267,8,58.345042,6.190459,4.6707773,0.62906903,0.8029341,0.0066617727,0.76273,0.9767277,17.815994
c2645711c5804e7e8693125703eef092.jpg,7,44.219594,9.731962,4,46.087008,4.087836,488.72714,24.050556,0.61296976,0.004172921,0.59362537,0.7798803,477.72324
c274370f183c4540aecdb6aa30bb3385.jpg,5,57.985951,-4.483702,5,57.996643,-4.448606,2.385839,2.385839,0.8048232,0.069865465,0.7807503,0.92937636,59.570473
c279b3619ce34b5b8c699e68d7c79ee6.jpg,9,50.120978,20.399961,1,53.782348,9.30698,861.0577,7.1363993,0.75368136,0.0192675,0.72392905,0.87269056,861.0577
c29b2ce01d484ffbb03ef1227ca6e42e.jpg,11,41.285975,33.78047,3,61.549304,24.068956,2345.7341,544.5272,0.696618,0.0031331182,0.6963024,0.7619363,2727.239
c2a8eafce592417d9f2f598d1c266bb9.jpg,10,62.618604,15.658652,10,62.617578,15.661317,0.17773761,0.17773761,0.9212135,0.034570098,0.90593135,0.982342,0.17773761
c2ada03e95e24889b2fe5e5ea9e0694c.jpg,6,64.607301,-14.40961,6,64.744258,-14.437627,15.287134,2.6920624,0.88704777,0.0028304458,0.86928296,0.9696263,15.110254
c2c8cc65e88b424cbdc5c5267cb60cfc.jpg,9,54.769101,18.337994,4,45.22711,-0.57373,1709.1139,3.4105532,0.65175426,0.015850425,0.6419695,0.7141242,784.3704
c2d6d69addb74e698380d8852d800199.jpg,7,40.599087,16.174433,7,40.59346,16.157511,1.5597568,1.5597568,0.85050714,0.06510532,0.8226499,0.9632359,21.516726
c2e2fb53eb2441858d6cdf18d8562bee.jpg,4,47.679242,2.739832,4,47.842127,2.686006,18.55351,18.55351,0.753932,0.08359128,0.7590075,0.7336298,18.55351
c2ef1316d5c345d489b6751d5177ceb2.jpg,11,40.362512,29.047688,7,40.825782,9.322049,1662.8062,140.67886,0.75713485,0.03556025,0.73113513,0.8771864,1634.9695
c2fcc26361144948b6b1f06f96285a75.jpg,4,46.008803,6.001821,4,46.010833,5.951341,3.9050434,3.9050434,0.67948025,0.011655688,0.6588911,0.7618367,3.9050434
c30a4950b3e54d22a323ff87874bb824.jpg,3,66.138562,28.489213,3,66.191625,28.611127,8.051318,0.5634195,0.8433798,0.0059333444,0.8231744,0.9567292,129.43573
c31d6f9393914f9288d5823382700f09.jpg,3,64.558399,25.681527,3,64.344708,25.877472,25.551891,3.7200391,0.9412396,0.0027918816,0.9340425,0.98466825,3.7200391
c32e133c77a646648dd7ebf61d5b8fc5.jpg,7,39.08097,8.415868,7,39.090338,8.387709,2.6442318,2.477851,0.85389465,0.01741016,0.8335662,0.9352084,2.6442318
c365a47d03bc479fb514c08ee0ae6920.jpg,0,54.885285,26.889033,2,43.728035,-7.716684,2760.9421,128.73997,0.6584983,0.0005850196,0.65704554,0.8169918,2127.5784
c37b5ea64af04b4ebd6838cce9d52c87.jpg,0,54.335391,28.57044,7,41.001592,9.235135,2059.091,1728.91,0.6603364,0.0006714463,0.6873624,0.81384265,2318.2354
c38866c3e0104f9e98cee2cc139027b6.jpg,10,59.938709,13.55337,2,42.725483,0.960231,2096.2302,956.1922,0.5459832,0.025026202,0.52082133,0.6837939,2397.2373
c3957269d1ec49ba8becd42904758250.jpg,5,55.791351,-3.292422,5,52.12557,-1.414392,425.69104,4.9174566,0.7706762,0.010651767,0.75266266,0.9107202,70.79773
c3b3f364a2594a02b99014745660189e.jpg,5,56.569212,-3.311706,5,57.327991,-3.698684,87.57516,7.656258,0.7706287,0.0058766603,0.74300134,0.91203606,120.83085
c3f5065e1ece4416b0e6fbd5e7b052c0.jpg,9,52.44037,22.918828,9,52.513536,21.678572,84.390526,19.070024,0.7959167,0.04778886,0.8050587,0.8045007,169.42296
c4144c118e084bd9a14c5dd7e8589394.jpg,3,65.395837,27.157416,3,65.393088,27.180634,1.1175668,1.1175668,0.9468063,0.0542413,0.93783677,0.9826843,1.1175668
c43cb25ff0c242fa9b7a880a16a3f760.jpg,5,53.574519,-1.650933,5,53.649641,-1.597352,9.07022,9.07022,0.6550429,0.022141397,0.6547074,0.7220075,1775.6222
c43f516640dd4096ac547daa2fc48ef3.jpg,7,38.095805,13.19241,7,38.095673,13.193202,0.07084378,0.07084378,0.85387444,0.18169504,0.8433689,0.89589643,0.07084378
c480f7afd29a48598c9b4c4d18904bac.jpg,10,61.75767,16.866385,10,61.760309,16.928792,3.2966583,3.2966583,0.69533575,0.038394034,0.69443274,0.75967574,276.29916
c483ab8236984984b7ac60d5f9b86d3c.jpg,6,65.559466,-15.373686,6,65.699249,-14.928253,25.676731,1.184548,0.81966645,0.0031755567,0.793894,0.9227561,25.676731
c4914ec607814d37973ebdc9e45bf96c.jpg,7,40.665576,17.485722,7,40.662733,17.496178,0.9368701,0.9368701,0.8269635,0.08472186,0.8029323,0.9230882,0.9368701
c4966afb7679489597a3b58a7ce5b6ce.jpg,2,39.564654,-3.684938,2,39.026099,-3.374009,65.59008,14.289349,0.8627053,0.031799555,0.8411119,0.9490787,65.59008
c4a298f7bb7649638c977cb121d2cc56.jpg,10,62.069346,15.837376,9,50.394373,18.682511,1309.7374,168.94885,0.64983904,0.018937886,0.6366945,0.7461852,441.3878
c4a7878c1474484b880c22e3da54657d.jpg,5,51.942482,-5.096291,5,51.929847,-3.917791,80.8047,8.754441,0.7846614,0.023702085,0.73878765,0.96815646,80.8047
c4cb71fb92764073be2433274d6634bd.jpg,9,52.492906,23.117211,0,52.446246,24.283131,79.14659,32.179913,0.83025384,0.14234102,0.8524662,0.75293136,599.27386
c4d84d2520714c3fa5669617b24b0559.jpg,4,41.634377,9.231767,7,40.930937,9.36785,79.04123,1.9865028,0.8301641,0.019249558,0.8061497,0.9287829,70.363144
c4d985a9b35345e08bee4403b60692f4.jpg,5,51.331009,0.027118,7,39.229084,9.126556,1519.7072,201.86041,0.6119191,0.008368254,0.6265663,0.69333553,3150.682
c4d989f7f6c948ca9d782d43e60529a4.jpg,2,39.44487,-0.402713,2,38.935922,-3.386831,263.31592,5.5569096,0.752016,0.009360611,0.74272656,0.83646214,5.593302
c4ead54185d14471bb5486850d9f50e8.jpg,10,56.809463,13.356455,10,56.808036,14.415889,64.489555,10.041863,0.70424557,0.034400046,0.67253774,0.83107674,64.489555
c5371eee8d4b4277b398bb9d3b1e448f.jpg,10,64.951986,17.755101,10,66.672227,20.166162,220.54395,8.661121,0.79958266,0.0058437586,0.785578,0.8652992,78.927
c5756a5a50b14357b28b0599bb276fc3.jpg,3,61.266256,24.087743,3,62.172736,29.957261,325.10242,30.744701,0.8350482,0.013292551,0.8119781,0.9387758,335.52457
c57c35d067f648789e6a6e375612db63.jpg,11,39.55974,44.064522,11,39.562467,44.063764,0.31011316,0.053936023,0.9341082,0.0033869743,0.9228945,0.9832585,0.053936023
c58dbd005d164fb5857a6e08dc7d4ef0.jpg,4,45.769138,5.911194,5,52.603935,1.057344,837.4072,65.39696,0.62593913,0.017482221,0.6164587,0.72762346,875.0767
c5945afb8f214f55b39848350c77f58a.jpg,7,36.921314,14.439324,7,37.188444,14.763702,41.36294,0.9065248,0.7543942,0.010250807,0.73736864,0.8224962,41.36294
c5d66a467f7b41e29670dc0cbada33b0.jpg,4,46.853475,4.639222,1,53.782348,9.30698,838.2637,225.12845,0.69476265,0.014437199,0.6993735,0.7905655,537.02496
c5d7c3b50db14f7db46759ad35c6400d.jpg,3,61.8653,27.776802,8,60.165344,9.711928,988.154,74.65082,0.67143863,0.01691091,0.65513796,0.79667085,984.10547
c5d8f69d4c434a20a34355f0d7d2157d.jpg,6,65.300048,-15.286266,6,65.362214,-14.866272,20.681253,12.041265,0.92055523,0.00897342,0.90644044,0.97997105,37.785015
c5f672da62a44c0d82399430d99da01e.jpg,1,52.967924,12.439271,1,52.370253,11.774952,80.14476,80.14476,0.67256844,0.016757667,0.6801151,0.7962101,707.1173
c63f424278da40ceaa136f5991e24923.jpg,6,65.575295,-19.343319,6,65.576362,-19.344951,0.1403818,0.1403818,0.923126,0.01734817,0.9079242,0.9839333,0.1403818
c65415c2ea4a4b4d825a8a1832162bc9.jpg,9,53.681477,14.631165,9,53.797447,14.643786,12.92198,12.92198,0.74359226,0.05839336,0.7238277,0.82265043,12.92198
c6546f6b76a6425ca9b37ae5c0f6c603.jpg,7,41.754373,12.913302,3,60.488891,25.104142,2241.76,1363.7993,0.6275792,0.0027038455,0.6006802,0.74234647,2421.2542
c6666f8af6fc4494ac76a4f1151ba4c0.jpg,1,50.824073,11.423585,1,48.119155,12.329083,307.80118,24.037674,0.726856,0.057812214,0.7011721,0.82959145,307.80118
c6765193c03b47caa7e9cdcd1fbbed79.jpg,0,55.61922,28.264955,0,55.607787,28.311598,3.1931589,0.4154529,0.88446677,0.04434812,0.8725072,0.9440292,1.3989081
c679384554594fddaa0fb43f82a2aa6a.jpg,9,49.683824,18.974864,8,60.878976,7.25755,1444.3993,563.30304,0.6508714,0.010786414,0.65002614,0.7156879,1557.9836
c681e2b5ce46438ab03fa022d99d4842.jpg,4,47.936168,-3.478184,7,40.668206,16.703925,1790.5732,508.72403,0.6488848,0.01533097,0.6527151,0.70713943,779.0647
c6896bcf462f4e24a657fffe4458c4ff.jpg,4,43.31846,6.354939,11,39.248501,30.901392,2092.2578,481.4227,0.6058098,0.014147341,0.5808493,0.7632976,1657.9706
c6a40eed2fd643248c321fd923694a6d.jpg,1,52.668866,14.44616,1,51.476377,13.138438,159.9038,6.65742,0.74202937,0.035413563,0.73099124,0.833451,300.35013
c6bdf7b7903e40ccbcfcaaf1eef68ede.jpg,0,51.638658,29.095422,0,51.654212,29.115745,2.2265577,0.33385116,0.86865216,0.002960682,0.8470607,0.97022593,2.1210248
c6e9bcb94a1243e6884d1a193d18b0f7.jpg,9,51.284343,22.524664,9,50.836457,20.373696,158.35106,19.971294,0.6332206,0.029298902,0.62717444,0.7505864,2415.7712
c6f1b725e00c42f9b1a79bf8b33b1015.jpg,10,57.552011,11.966775,9,51.349824,22.590907,971.23914,454.38336,0.6333957,0.022138357,0.6003537,0.8088045,1278.3574
c703357b7964466ab7e6ac0c404656ad.jpg,8,62.543455,6.124644,8,62.539636,6.126605,0.43639484,0.43639484,0.6895412,0.014284074,0.69486594,0.73294324,935.87024
c731d8a2c1944e05b8243bae7590d3b7.jpg,2,41.94892,3.106373,2,41.947476,3.120049,1.1423633,0.049963012,0.7304201,0.022337794,0.7340716,0.82740223,4.8830924
c73822d5c7c747cc906ba303188fbb82.jpg,3,66.690956,25.411277,3,64.842564,27.786258,232.32597,4.3517203,0.75328135,0.010129929,0.7139929,0.9104351,232.32597
c73d1489c45c45c3919b933b136f3370.jpg,9,50.370395,19.72776,9,52.415285,20.754915,238.282,38.314632,0.68562675,0.009460688,0.6536867,0.84856004,221.48918
c73e87a9f6b3457b9d3c19e886bd9ea2.jpg,1,49.724888,8.030464,4,47.033685,5.825506,340.65222,38.46659,0.66382146,0.001964867,0.67998195,0.6911663,1368.2833
c7588eea1d86408da77804be95032651.jpg,11,40.854263,38.866651,11,40.9274,38.856106,8.180638,8.180638,0.7389874,0.021913707,0.71838355,0.8819792,141.12347
c780829d8d154297a0db5573f5dfdab5.jpg,6,65.047983,-22.761526,6,65.0365,-22.753404,1.3325057,0.32379383,0.8417517,0.045393586,0.8145109,0.95071507,1.3325057
c7a00cf6acf543b9b0949e89758efbc4.jpg,6,63.943358,-18.652809,6,63.979769,-18.779054,7.373285,0.31694052,0.8217406,0.0052568913,0.78840613,0.9550787,7.373285
c7bfe55de38a47f1b5094e8090a765d3.jpg,10,61.715459,15.701026,10,59.568743,17.637801,260.98474,0.70392865,0.7296479,0.0016213655,0.7133205,0.813141,159.47043
c7c0003f13ff44e689c57f3a314d6d11.jpg,1,51.5737,12.42988,9,54.493868,16.485006,422.89377,64.09619,0.64996487,0.00841403,0.65452,0.77544945,415.2858
c7ddf4ae47be4a038f11aca2c55fa417.jpg,0,54.75235,25.93075,0,53.721031,32.014413,411.50052,12.509929,0.7412778,0.018250883,0.7374742,0.85789645,370.36243
c7fb76e947a74568853153ffdc4f1034.jpg,6,65.028916,-14.264416,6,65.0262,-14.256776,0.4688733,0.4688733,0.89083827,0.04758519,0.8729713,0.9651624,11.481145
c804ae929c204fc68669136bf3af4e99.jpg,10,66.678486,19.831315,10,66.716755,19.83423,4.257256,4.257256,0.91962284,0.029568374,0.90371853,0.98324007,4.257256
c83de7581f8649f7bce3a88030556740.jpg,7,45.861445,13.532614,9,52.695279,21.122538,937.28735,104.70402,0.6534093,0.024533927,0.6513797,0.75304085,756.1663
c884c1f15ec841a8bb4041d71de23c86.jpg,10,60.557113,16.034246,8,61.93594,6.984994,507.25058,62.60637,0.61416197,0.006733775,0.5718111,0.82489395,351.18143
c89675b3ee114f8e92e298de61e77f0d.jpg,1,47.836155,12.336856,9,53.41419,15.383925,656.28143,45.03862,0.6949005,0.0047937036,0.6979316,0.79664433,767.85706
c8a0e1b38d4d4df5807bd7995091fa37.jpg,5,58.557815,-4.70673,5,58.556486,-4.706181,0.15117039,0.15117039,0.76096904,0.0059830546,0.76979697,0.7629434,2417.486
c8b9bb093afb480e8ad7fcde2fb3d044.jpg,8,62.247509,11.760032,8,62.239873,11.768325,0.95151216,0.95151216,0.84072244,0.012235284,0.8238191,0.90833586,0.95151216
c8beb4643028447090006cfe8f8db2ef.jpg,2,28.049279,-14.345004,1,49.782965,8.409053,3091.4272,123.1964,0.69363666,0.024429262,0.6892452,0.78275555,3081.3306
c8d64dd3be644a5f8da44aff52c2e12e.jpg,2,36.849494,-2.621772,2,36.859071,-2.635936,1.6499174,0.2900892,0.8564398,0.03990996,0.8371335,0.93366516,1.6499174
c907c80e603c49feaf4fa0f9ddcab2e9.jpg,1,52.21886,7.087109,3,61.28127,28.806198,1650.7795,132.3444,0.6357779,0.021473765,0.6115909,0.7371734,1415.3903
c91dbc8fa2434037adb243b9477f4a77.jpg,9,54.209287,15.927798,9,52.906779,14.341461,178.7499,5.8009605,0.67391515,0.012067914,0.64867616,0.774871,178.7499
c92cbb469b7344369d7acda8fb9271ed.jpg,2,41.172185,0.928257,7,38.111306,14.97837,1248.6617,662.4733,0.7463672,0.0324046,0.7691739,0.7895902,3182.4336
c93472d8977c4bc5bd87b49732293c16.jpg,4,45.793745,3.300974,4,45.807773,3.319766,2.1343074,2.1343074,0.7281994,0.01956278,0.7058382,0.81764436,2.1343074
c93632b57ff14db5a64b2f959b10f8e2.jpg,1,49.400693,10.071153,1,53.462868,11.628761,464.3906,19.10734,0.7298062,0.025766432,0.7282053,0.8079163,472.2361
c937058a4e8c402fb0b4313cf15ec6f1.jpg,1,53.551028,10.468131,5,57.430275,-4.635663,1041.7747,463.35532,0.5958005,0.023450375,0.6077124,0.6789051,700.87384
c93f8a2b7a32462ea36b514fd2604a9f.jpg,10,64.425723,15.137022,10,63.627392,14.751056,90.73811,1.2614057,0.70602983,0.02509445,0.68982387,0.7783474,1.2614057
c93fd583252a40028b87d403a5a8fb64.jpg,3,62.262973,24.653811,3,61.802653,24.444865,52.3321,5.3131785,0.86869645,0.0013228059,0.85493284,0.9616482,173.32794
c984731a42b142a1acc5a2fbfe0d6c3d.jpg,10,66.201122,19.953642,10,66.330461,19.824736,15.495864,2.4054296,0.8958965,0.00010806322,0.87948334,0.96453464,23.460615
c9974fdc2f5b4ee5bd7638128b6f9f32.jpg,5,58.495459,-6.234026,5,58.507605,-6.259072,1.9852817,0.4249541,0.8206264,0.00865674,0.79856944,0.908854,1.9852817
c9dacc394a4b4e0bb094375abc4f2dc1.jpg,8,62.839373,7.233919,8,62.94322,7.20125,11.665318,5.160014,0.74675024,0.0005700588,0.72128487,0.8719293,24.094944
ca0a368b65194080bb8af327f9ff2a0a.jpg,10,57.077371,12.379498,7,43.473131,13.453769,1514.6012,274.9602,0.60172087,0.0028287768,0.5958544,0.73764634,728.60114
ca7997cad3dc444b857e530efb5965f4.jpg,9,52.903416,19.472434,9,52.205789,23.17661,262.13287,23.676115,0.7024181,0.0039361715,0.6929227,0.7791742,277.6509
ca90044ef2464edbbbb06cacd0aaed75.jpg,5,50.181113,-5.59602,5,50.199016,-5.525764,5.383265,1.3222355,0.7348138,0.0108549,0.73314,0.74150884,5.383265
ca92d015467046afaf7c03e006521d95.jpg,3,61.928424,29.823781,3,61.831539,29.732559,11.7862835,1.6204597,0.8931117,0.010259509,0.87049747,0.98356855,11.7862835
caa5f203cb764a5186e073251aa0c92b.jpg,9,53.261,19.447744,10,56.75834,14.918567,484.1722,5.6715527,0.7009449,0.019749522,0.69067717,0.75229126,271.13895
cabf3663ea674f8e82d7dabd89fc1ba1.jpg,2,39.701123,3.262162,2,39.662993,3.223561,5.3747854,5.1126633,0.64806736,0.040002406,0.6545949,0.65751565,983.29974
cacc2db4927a4a8bba8a9ad65484991b.jpg,11,41.111887,30.534268,11,41.093368,30.55773,2.8469293,2.8469293,0.6998929,0.067123294,0.68575895,0.78186965,2844.9438
cb050e1343e1457bb9550160e9092023.jpg,8,70.163093,28.57018,8,70.163125,28.570106,0.0045231525,0.0045231525,0.95435625,0.03323418,0.9463875,0.98623097,0.0045231525
cb605c1d13f944cc912621530ffdfe1d.jpg,3,62.256311,23.498542,3,62.347669,26.673625,164.40079,8.347144,0.8460588,0.005215347,0.8238536,0.95187116,310.8238
cb793a84341349829564b9856f835291.jpg,7,37.72838,14.056392,6,65.0365,-22.753404,3860.0583,1126.81,0.75329894,0.042058766,0.7321524,0.83788514,3860.0583
cbad05dfb9b74b168e8753fe561eb86d.jpg,8,67.321139,14.622719,8,66.755091,15.834581,82.004585,0.17450716,0.73781526,0.01819694,0.71157193,0.8604133,4.3920574
cbcaa6ca914a44028aadf065888ad0a2.jpg,0,55.228763,29.98036,0,55.226249,29.985494,0.42912504,0.42912504,0.9612495,0.008872509,0.9540735,0.98995316,0.42912504
cbcd5e7c55e9471d9ee768bec5b51ea9.jpg,0,53.4829,26.400855,0,52.223114,28.797792,213.34865,8.21892,0.76701474,0.045263052,0.7706439,0.8101858,2550.7908
cbf56fee8c8d42279f4e0772373b93df.jpg,10,57.537906,18.517124,1,51.76428,8.404596,912.2337,3.1311367,0.66713655,0.018060267,0.66509134,0.7720275,276.65808
cc01e860af94488fa8ee55ed03de734e.jpg,10,59.807539,17.982223,10,59.830573,17.998021,2.7092452,2.7092452,0.67759,0.0063558817,0.6545614,0.8064748,35.201256
cc0292bd4ffc423bb38fa74b338780af.jpg,8,69.435636,19.254638,8,69.438057,19.246305,0.4223637,0.4223637,0.9068476,0.05153042,0.89034706,0.97284955,0.4223637
cc1797239d914e6692690fc7d407ff6d.jpg,0,52.306639,29.334034,0,52.270312,29.320298,4.146021,1.5979052,0.80504316,0.038467705,0.7793915,0.90764964,4.146021
cc4a13036047465da5749c6da4934e59.jpg,10,59.32518,15.793403,10,59.343457,15.833518,3.050579,3.050579,0.82749784,0.06576735,0.7991306,0.9409666,3.050579
cc4a40188a1f4ce3bdddba97cab4c137.jpg,11,39.614541,30.850101,11,39.523902,31.133649,26.311255,22.96421,0.8476325,5.1259995e-05,0.83396477,0.9179522,53.81723
cc4aaf907ea440fa9747e5c66f70517f.jpg,5,50.508381,-4.719895,5,50.500133,-4.719893,0.917137,0.917137,0.8436117,0.0029662848,0.8125238,0.9807146,1.9759021
cc5ba81578c74f6d81883334be939568.jpg,4,42.518416,9.397703,4,43.040346,2.834333,538.6589,12.650061,0.77344555,0.02582544,0.75162685,0.86072016,538.6589
cc90d9b456f0499da0767c803723b86e.jpg,7,42.689154,12.347071,3,61.108153,22.84666,2164.8013,706.90845,0.65170187,0.008408248,0.6683474,0.74030304,1339.888
cc927ac023544af79f7a492fb1ecd45c.jpg,7,37.724971,14.043879,2,37.486248,-5.626076,1729.7769,0.8763657,0.67960215,0.008121192,0.6778967,0.7539805,2727.1785
ccf236830b434612b08d6f24fc8b919d.jpg,10,63.464579,19.660201,10,66.672227,20.166162,357.4592,28.122288,0.8757929,0.005783856,0.8754091,0.95087814,248.298
cd04716cb64e4116966c3bd62743ef70.jpg,10,67.945904,20.046309,10,68.122348,19.817573,21.804678,18.459532,0.7704325,0.027992904,0.7552926,0.8631449,447.45096
cd65644423234323bb048c9852f83b79.jpg,6,66.079514,-16.757216,6,65.568282,-15.35923,85.34584,3.6034293,0.8431132,0.0007573366,0.820012,0.93551767,85.34584
cd7591c12072459491066072190b6203.jpg,10,65.713944,19.332117,10,65.74167,19.389552,4.049332,4.049332,0.8842921,0.027576447,0.878423,0.9498362,15.298073
cd800fd376724e9982f384a4e5e02d5d.jpg,6,65.631008,-23.291513,6,65.632626,-23.267904,1.0979962,1.0979962,0.85322934,0.0117563605,0.8225368,0.9759991,1.0979962
cd97cae59fcd47ab8e41fc0008d556a5.jpg,1,47.58059,11.381919,1,47.590863,11.399976,1.7716955,1.7716955,0.67693007,0.064089954,0.6846433,0.7299292,1306.0884
cdb538201b954ffc90417213bab1c3a5.jpg,1,50.685391,11.480519,1,51.787159,13.665057,195.27962,76.14036,0.71465063,0.0054023266,0.7226638,0.75808084,399.9496
cdbf1ab0d66d46669127f083e1af2a58.jpg,3,67.553512,27.904687,3,67.536336,27.925598,2.1062868,0.18901642,0.8415293,0.03997755,0.8233862,0.91410154,2.1062868
cde6c97555744a6fba71bc0f1ae7c84d.jpg,1,52.460993,11.092875,5,56.082722,-4.82377,1106.0449,73.09358,0.7148087,0.008009076,0.70772827,0.7684326,1109.1602
ce3daa3d88504f98880aa9fb6592a341.jpg,5,56.671428,-3.405326,5,56.8077,-3.446426,15.358676,11.752203,0.74612904,0.015616357,0.7285042,0.8351724,36.418842
ce526ae1f9694498b74677760fd87aac.jpg,4,48.36631,7.41699,4,42.639294,2.445722,745.0335,361.54962,0.6352197,0.008543491,0.6109408,0.78328264,1047.104
ce64b8549cf74df28e6764169cbf9148.jpg,9,51.521863,23.076633,9,51.350279,22.732794,30.529993,15.962723,0.72677344,0.013884008,0.721905,0.82114935,69.85244
ce68f7e6f21647b392eeab74a5cec2b8.jpg,11,39.175755,27.85073,7,37.305372,14.653857,1170.0519,12.224822,0.6198039,0.0046001077,0.60687196,0.70403457,1011.7623
ce7041b3282948e482f02130789f608f.jpg,9,53.307398,15.500943,9,53.230998,15.531438,8.733999,4.5467243,0.6813237,0.0049489737,0.66860294,0.803112,59.07743
ce70bd6af09949c6bd1e0829130d4553.jpg,5,53.864739,-0.365382,5,53.864766,-0.36626,0.057649497,0.057649497,0.843323,0.1234138,0.8198209,0.9373313,0.057649497
ce7b8cf6c58343b292db9d5baf5415cf.jpg,3,68.372554,27.412926,3,68.372411,27.415088,0.09002132,0.09002132,0.839603,0.011223257,0.8124554,0.9481934,0.09002132
cee1daab84b44bb19fc6a6a3d356efdc.jpg,6,65.741336,-22.008326,6,65.738799,-22.016716,0.4759351,0.4759351,0.91855276,0.030112207,0.9058884,0.96921027,0.4759351
cef4aaef02c94435bec5c8b7a329fc22.jpg,2,43.253107,-8.435583,10,61.760309,16.928792,2644.8096,1958.461,0.6797826,0.024430215,0.6749113,0.8335972,2433.211
cf0271799a29476a832fdb66950a8f28.jpg,2,40.217411,-3.591323,7,36.765977,14.669636,1631.7473,379.63345,0.6528088,0.0006290674,0.63964736,0.763636,1313.2887
cf39b8ddc4614b599d31dae58b3a4eab.jpg,2,39.469883,3.144428,2,39.359798,3.129493,12.307964,6.339441,0.64404696,0.012051582,0.6528423,0.68436754,1473.3854
cf3d481ab45143f0ac1e2d2da2b4d59f.jpg,5,58.497978,-4.484153,5,58.504294,-4.501795,1.2424845,0.13187402,0.8110521,0.0034204125,0.7849225,0.9394467,8.276816
cf4274c4fb704cd7a57015d230520c8f.jpg,4,48.128611,-2.181528,4,47.89032,-1.581947,51.879562,0.23194659,0.67944574,0.01661849,0.6639616,0.74138236,51.879562
cf76a352cb2f4de0b7184da8c06133ee.jpg,9,54.147412,23.398492,1,48.488715,9.880833,1127.7754,263.92316,0.6981254,0.02769214,0.69305396,0.73143685,878.6018
cf88cc90008141a28fdea5d0dad9244f.jpg,4,49.320661,1.411134,1,51.475156,12.10533,794.12476,5.98341,0.69336575,0.0063388348,0.65778923,0.8503403,808.9204
cfa23435cc7b47eb930b41668736127c.jpg,9,53.177938,23.147298,7,38.005871,13.048822,1856.8324,47.963917,0.6731074,0.004528284,0.68259907,0.84568447,1445.3458
cfc2c672c99c45ee955b963d4e835b78.jpg,5,52.950925,-2.296401,5,55.841474,-3.156091,326.1903,109.456436,0.8110584,0.020609975,0.7870341,0.9285929,268.9258
cfe9b91aafae4b079839f7c64239003d.jpg,11,41.642205,26.7513,11,41.664153,26.614502,11.624645,11.624645,0.8718673,0.11018264,0.8637155,0.90447426,11.624645
d00bb0f9feaf49a8bea97057da601b0f.jpg,0,52.304732,30.914933,0,52.293504,30.937077,1.9560592,0.80727327,0.7749771,0.013698995,0.7384761,0.9209807,1.9560592
d00e57b5c3d44f3baf5d64d84aec55e9.jpg,9,54.50764,18.317357,1,52.00415,12.269366,488.97357,354.08154,0.6670193,0.00019460917,0.6594905,0.8062227,933.297
d037e264248b40c5bab80930cf27654d.jpg,7,45.733933,13.82301,7,45.952691,9.041908,371.091,9.539078,0.68810725,0.06744981,0.68654525,0.69435495,371.091
d03bedec6fde467ab8be806751a16b4c.jpg,6,64.533274,-21.613773,6,64.532691,-21.609992,0.19205251,0.19205251,0.8813068,0.011337817,0.866156,0.9419102,0.19205251
d04ad6c5200c49f484086ca65055cfa8.jpg,8,68.402442,17.471848,8,68.661656,15.519513,84.513084,17.30461,0.8369875,0.004843116,0.8145249,0.958016,27.226404
d0f34a91f51541fba71250320eae65cd.jpg,8,61.982009,12.979908,10,59.705361,15.108296,278.13815,1.0641927,0.7692502,0.024781942,0.7629491,0.84208834,217.98059
d11e92233d7c4507b333099a17953787.jpg,11,37.787755,27.275905,11,38.13274,27.378646,39.40393,1.9015392,0.77372634,0.020803869,0.7789979,0.80635047,150.74667
d17280b9dbaf4c329d629fe18a3f8662.jpg,2,39.317202,-0.407377,2,39.319087,-0.408522,0.23159288,0.23159288,0.895499,0.0007529259,0.87817764,0.9810773,3.9433496
d1cd6bd791284884be1d10cef7ba8eaa.jpg,9,49.867404,22.268105,9,53.476343,17.240533,530.0564,14.002153,0.73023623,0.050053358,0.7101886,0.8346435,534.73145
d265fbdd96324eedbbf6243039e74e11.jpg,4,44.629129,-1.157099,4,44.628297,-1.15735,0.094622575,0.094622575,0.9167278,0.2028327,0.9126773,0.9329299,0.094622575
d2aed15c1f244b20ac618d478eb499e9.jpg,8,62.08673,9.17387,3,68.54409,26.155781,1060.0603,568.64716,0.5977386,0.02768886,0.6024789,0.71833277,2180.663
d2b514e63e494d468ef6f800d635976b.jpg,3,65.261506,27.538558,3,66.383732,25.871219,146.06194,4.185001,0.87846553,0.02891475,0.8548915,0.97276187,146.06194
d2d5d8bc8d9b4cd9a95955add9b7c599.jpg,7,45.986305,11.979803,7,46.016867,11.987493,3.4498627,3.4498627,0.73840946,0.04784465,0.72336334,0.7985938,3.4498627
d2dd8120f30b4ac6a1cc6ab9ab09b610.jpg,7,46.72315,11.939884,1,53.173396,7.68784,778.7499,276.92224,0.6219496,0.023326814,0.6414381,0.6655729,1160.6405
d2e4bbc972504639bf429d2ba5ef75a9.jpg,11,39.709868,39.592382,11,39.713962,39.583409,0.89238566,0.89238566,0.8212998,0.034138083,0.8124385,0.9151325,117.040085
d2e51041280b41f8b2136db29f8f7612.jpg,3,63.201793,22.814086,3,63.198933,22.811163,0.3501578,0.3501578,0.965543,0.122231364,0.9592315,0.9907888,0.3501578
d2ec969dadbf4c3b9a4380602a91e600.jpg,9,50.488328,19.321573,1,52.242936,10.826642,620.7527,11.574538,0.6956426,0.005405426,0.7181764,0.7740713,70.24783
d2f161f973ad429691f16ba61f476306.jpg,0,51.981033,23.929482,1,52.92649,10.338025,925.5572,95.74001,0.65324795,0.036165357,0.6470999,0.7154825,2462.282
d35a5e602ef74a4da146d6ec01cae98c.jpg,6,66.075201,-19.195748,6,66.062749,-19.147115,2.594016,1.6521567,0.89687395,0.020370305,0.8774536,0.98435545,1.6521567
d35d570bf593493cae797d8a4aae0ca7.jpg,2,36.701668,-2.717626,2,36.72425,-2.880668,14.748639,6.373455,0.7781722,0.019807816,0.75501657,0.8707946,14.748639
d3a51a9ae259448fb1bb92037c94502c.jpg,9,51.831564,21.682899,9,51.749842,21.770093,10.8875885,10.8875885,0.8186803,0.012829244,0.7912582,0.94375914,48.92873
d3ae424fe5404599ac6599f7703fefed.jpg,9,52.45754,16.61844,9,52.479205,16.535006,6.143818,6.143818,0.64404607,0.008893132,0.650207,0.7447251,420.67874
d3fca40ca97847728eaf477811090fac.jpg,3,63.681273,26.024487,3,63.698793,25.909176,6.0077,6.0077,0.9005447,0.00026595592,0.8894838,0.96532834,46.0187
d40a3cd5dfe5424b9ebd9050abed927d.jpg,6,65.405404,-20.633793,6,65.442743,-20.580636,4.8250995,3.271403,0.95528936,0.029176652,0.94713783,0.98789525,4.8250995
d43900ab7d40481097766994b383ba89.jpg,7,40.79306,16.150118,7,40.778038,16.183277,3.253297,1.5029055,0.7799343,0.021307707,0.8079483,0.8032844,661.9417
d457de03892e49998d69e0b728171f58.jpg,8,58.389774,6.046943,8,58.43395,6.011861,5.3202014,1.9704609,0.81889325,9.936094e-05,0.7781875,0.9849794,4.192558
d46f4099498546e6b5805cd68b909f79.jpg,6,64.183756,-15.81911,6,64.178474,-15.867354,2.4090793,0.19359201,0.8934518,0.074356854,0.8745853,0.9689177,2.4090793
d47c9c823cd34529b53bd60ced128745.jpg,2,42.790364,-8.1145,8,59.553484,5.276927,2075.6826,1497.3489,0.5559803,0.002174735,0.54066944,0.76869804,2343.6548
d487bbff58b54002a92d26503e5afeb1.jpg,5,50.386639,-4.927622,5,50.381196,-4.934506,0.77752393,0.77752393,0.8184669,0.03313172,0.7905196,0.930256,0.77752393
d48c23d65d2e4e6194486d22612e58ca.jpg,3,68.097884,25.459827,3,68.097726,25.459562,0.020723993,0.020723993,0.9611154,0.0044671893,0.9529498,0.99377775,0.020723993
d49110ce40f5440fab36502fc09cdeff.jpg,7,42.280911,12.601198,1,51.681152,11.283396,1049.9827,641.0166,0.6835514,0.0001770258,0.65560836,0.8089243,1078.2754
d4fbddc3f3a54286a4b94ffd447e7ad5.jpg,4,47.829062,-4.206835,4,45.519761,2.603041,579.2727,37.792267,0.6951683,0.051579356,0.6901477,0.8406107,545.77625
d5024a253c0344359b198c83afde373b.jpg,0,55.782069,28.600845,0,55.781766,28.600869,0.03372547,0.03372547,0.8498395,0.0013256669,0.82784414,0.94765824,0.13565372
d52e6687aea24a6ea2a3b42dda80995d.jpg,1,52.649371,11.828318,1,53.100338,9.429948,168.58163,10.530147,0.7583859,0.041038513,0.74259543,0.82154775,168.58163
d53e4f6b6df0468a967af8212cf74b53.jpg,2,39.736992,2.910084,2,39.673322,2.957416,8.155903,8.155903,0.81047755,0.036306024,0.79219,0.8836276,8.155903
d5617f6a90a44fec8356d18aa6632f2e.jpg,11,39.950175,33.190235,0,53.441361,23.930519,1654.8352,54.714664,0.67023677,0.030888796,0.660614,0.825171,527.3487
d56ea9f3c94444ea90e895d6f4704582.jpg,1,48.371318,10.274082,6,65.540946,-22.414205,2694.7578,476.02237,0.6786899,0.006662011,0.69269586,0.77074873,2098.1772
d57f78483d8e4b8dbb03e2abaa8a1acc.jpg,1,48.411993,13.316801,9,53.447354,17.202095,622.38116,162.11134,0.72102994,0.019009948,0.70654136,0.81866276,497.3086
d59b93eadf3542eb9cd2e5a558af9aea.jpg,8,68.470405,15.178729,8,68.471011,15.180348,0.09436744,0.062165674,0.8513342,0.02191484,0.82502127,0.9565859,0.09436744
d5b298b91ef94878b64f192be42c0c93.jpg,4,41.82091,9.403181,4,42.516519,9.433522,77.3887,0.2105408,0.68002504,0.0042732954,0.6500281,0.8000125,77.3887
d5e1ea51ffa54e24b691f361d5e23fc6.jpg,4,51.01515,2.463513,8,60.155797,5.434047,1033.1295,136.74724,0.7453758,0.0135957,0.70555425,0.9529499,856.91626
d618fe649bb342dea23ac0529c53efd5.jpg,9,52.785263,14.495926,4,44.925971,4.920953,1118.0399,121.99377,0.61741036,0.049684763,0.6121783,0.6921248,847.5415
d6381b42cc664583a5fe92be44feb14b.jpg,11,41.060967,42.845395,11,41.036756,42.860677,2.9815965,2.9815965,0.81668365,0.006061673,0.79298913,0.9561155,56.540344
d63c3e8128624178ba3c37ef655a11d9.jpg,7,37.366602,15.08118,7,45.526217,11.014515,968.2088,56.256893,0.6332127,0.0038905144,0.64629143,0.7217934,1928.6588
d66a9867b4914bdc9a6f78fa1ace2fab.jpg,0,51.97453,23.946428,0,53.051938,25.544566,161.38748,11.763172,0.6899737,0.001766324,0.6583369,0.81652105,161.38748
d66cae0cdfd44aae8683ad77ae793033.jpg,4,44.448475,-1.244972,5,54.276313,-0.421806,1094.4117,431.68835,0.6568934,0.017595768,0.663572,0.7910643,833.5211
d685d2635b7a40f2b6b5e5db13c19568.jpg,3,66.468158,29.000913,3,66.994231,25.249841,174.81642,5.874762,0.86912227,0.0015760064,0.8557606,0.963712,234.92563
d69e583e26fa465b94fc7c799d5a537f.jpg,3,67.579998,24.492555,3,65.777073,29.218866,288.78455,5.5102215,0.82168686,0.0005634427,0.8234571,0.9152216,120.48067
d6c0e40b2a8644efbf5da0ab0d888b7e.jpg,7,39.220807,9.187497,7,39.22141,9.188401,0.102762766,0.102762766,0.8690767,0.011253774,0.86681247,0.8800796,0.38387555
d6c754020ea147ab9d475485bbf13407.jpg,1,51.870433,13.08876,1,52.050287,14.254184,82.31904,4.9535227,0.66151124,0.0048019886,0.6360999,0.78256047,16.581503
d6d9aa8e85614d21b117cd23668aefae.jpg,3,60.469394,25.179612,3,62.301981,26.998262,225.59729,7.772892,0.73858577,0.001840055,0.700967,0.8891135,470.73383
d6f3ec535e344e20be2cec7eac2465d9.jpg,2,29.104045,-13.469375,2,29.123607,-13.467053,2.1868632,2.1868632,0.78901005,0.0435403,0.8163735,0.78341085,2756.2595
d6f9596d72824c699e730eab578f31cc.jpg,2,43.64486,-7.603017,2,43.63631,-7.601866,0.955219,0.21750635,0.7691496,0.007104337,0.7433708,0.8722647,0.955219
d6ff0ef8f1a049a5a4b91f8891765a3e.jpg,2,43.08801,-9.219305,3,62.635205,22.429143,2982.0327,34.7564,0.5856106,0.0024884343,0.5865656,0.70430577,1140.3315
d7073a2504be4655a897f29c3168eeb4.jpg,3,66.661498,25.438167,3,66.15668,26.256173,66.901985,3.1986263,0.8195065,0.0007158518,0.79040074,0.9447781,7.2295833
d7087192c0bf43b3bb77f142e5281a35.jpg,4,41.59227,9.326815,11,36.135199,33.193346,2145.723,0.27954525,0.74662286,0.017215073,0.7397211,0.7823881,73.11891
d72c8599b1854c2da7a4f924b2b7f752.jpg,10,56.096253,15.850349,1,48.234588,10.10181,957.2839,193.22104,0.64529485,0.0060527325,0.6226834,0.7780423,889.06714
d7579180096d47dba2894ca0042c697d.jpg,9,50.291373,22.248856,9,50.524787,21.191122,79.323135,15.967134,0.7463935,0.0011126399,0.709151,0.94923407,52.15721
d763d96e10384cbf95c81b639764bac1.jpg,4,48.610277,-4.533113,4,48.613797,-4.542128,0.7697049,0.7697049,0.8517526,0.072351515,0.8490931,0.8623904,0.7697049
d7bd0734008d42958454e80b4c3d39da.jpg,11,39.677753,44.055049,11,39.872546,44.06372,21.672695,8.454793,0.7672147,0.0006849766,0.74279255,0.90794104,16.350948
d7e85ed9f6754abfab36844ac3014088.jpg,2,39.371854,3.147691,2,39.37136,3.147322,0.06343065,0.06343065,0.87499803,0.05038035,0.8563055,0.94976807,0.06343065
d8113286669346ef8016b26f6cf095bf.jpg,0,51.711651,30.351019,0,51.712439,30.349922,0.11571542,0.11571542,0.90377176,0.024781585,0.88923854,0.96190464,0.11571542
d86038d206fe4e7baef8198ba32e6623.jpg,5,50.283408,-4.983344,5,50.279947,-4.991215,0.6788929,0.51906174,0.8351465,0.024155319,0.8135201,0.92165196,0.6788929
d87b693a9c59493bade17473d93b2a1c.jpg,1,53.746572,9.296206,1,52.694084,8.9186,119.70073,2.676914,0.7657625,0.005891502,0.7617136,0.8765911,16.558828
d897fd1f91454061ab6836ae44ee5c64.jpg,9,49.979629,22.021666,9,49.97559,22.024228,0.48504603,0.48504603,0.7965777,0.059736073,0.7891396,0.8499968,222.377
d8a4e4bac9264be786e47cdb5ddf51b0.jpg,1,47.838156,12.335204,10,56.549416,15.448048,991.3495,58.879005,0.6452181,0.021463692,0.6334734,0.7317908,1138.3276
d8e61c7669864f389e7c0657a33abf1a.jpg,3,62.928149,23.037427,3,62.929162,23.038082,0.11741625,0.11741625,0.92385316,0.021088839,0.9129635,0.9674116,0.11741625
d8f42205c90346c39fbc01e099de6446.jpg,2,40.824865,-4.65736,2,40.921562,-4.256722,35.36047,4.162195,0.75191075,0.03813082,0.7448968,0.77996635,35.36047
d91407e392be421ababfcfcb3c95af40.jpg,9,53.091977,14.944766,7,42.150121,11.923778,1237.276,606.0746,0.6551153,0.011721313,0.63923895,0.7975555,1162.9116
d949ff19616b4b5da0e0798841345465.jpg,1,50.367544,8.865467,7,46.158649,13.33613,572.96094,152.68576,0.6452785,0.009423852,0.64324826,0.75313514,1413.0359
d96066ccdab94cffb263a6fb5662f450.jpg,4,45.037651,-0.739115,7,43.696067,11.406921,975.99536,87.6574,0.66193545,0.003006816,0.68497777,0.73230016,810.27985
d96be400177943f0befae1023bd082c6.jpg,7,38.133823,12.734652,7,38.151481,12.737976,1.9848843,1.9848843,0.7060977,0.030427754,0.71294206,0.7006087,10.889427
d975665caced44948b080ab62b57f57b.jpg,0,52.239405,27.511104,0,52.704815,27.450029,51.916378,0.83675706,0.8188676,0.0030943751,0.80008125,0.93149745,0.83675706
d98d2373563a4597b07d865b8cef208b.jpg,11,40.620326,39.250049,11,36.187582,36.192725,560.19196,13.633675,0.6480792,0.0036916137,0.6324423,0.7502968,864.8325
d990a7f05eb0433483cfa93e428e01f1.jpg,10,64.409291,15.626103,10,64.400648,15.64695,1.3879827,1.0935432,0.86998993,0.024725318,0.84961474,0.9514907,1.3879827
d9d7d77029804eeb91caae32ffe6bf05.jpg,1,53.549096,7.920105,9,52.565391,21.783652,931.42957,295.01755,0.62570107,0.0005854964,0.6011554,0.7428909,925.2386
d9e554220cef4d4fa79a33cff2bbc3a1.jpg,0,51.697883,30.346838,0,51.702531,30.34821,0.52541256,0.24713056,0.92614615,0.036459804,0.9172859,0.96242666,40.824703
d9f429c9662b458ba5994675ef310159.jpg,8,70.976558,25.793858,8,70.9886,25.750461,2.0653033,0.4382074,0.9365963,0.012095094,0.92943966,0.96522254,2.0653033
da605cf0ebc5431baf6fb23930d7bc62.jpg,9,51.459902,14.943839,3,61.728771,29.699428,1448.9436,200.39217,0.6857374,0.0034831166,0.6624427,0.84674513,1506.0848
daa34985728c4afa8b1d15dc1c5742f6.jpg,5,50.121122,-5.440189,5,50.227643,-5.078651,28.340805,0.21200009,0.7690664,0.02260077,0.7460366,0.86118555,28.340805
daa9ee16549a45bb8c30feba46080dc4.jpg,10,66.592453,19.212588,10,65.641953,19.68753,107.8312,2.9815872,0.8136518,0.01321739,0.794681,0.88953495,107.8312
dac315e5720f453b95065c60bb87f369.jpg,10,57.475968,18.623502,10,57.500771,18.563602,4.519057,4.519057,0.85282385,0.0057267547,0.83970875,0.90758985,20.175879
dad44bce4f414940bbc85ff6348c0339.jpg,2,43.746086,-7.720213,2,43.745292,-7.717619,0.2263063,0.2263063,0.69141716,0.0015522838,0.6874846,0.7275826,2362.1125
dadb9ba799bc4f188ce63919707caa93.jpg,0,55.20902,30.147288,0,55.210578,30.143778,0.28214243,0.28214243,0.77172095,0.085464716,0.8126229,0.69315505,2037.7856
dae04dc70c844523aa241312417d2a76.jpg,0,55.115881,30.517368,0,55.166443,30.321166,13.678351,6.9155064,0.7061589,0.01323092,0.69730806,0.7720203,161.19838
daed0bbfe9af4a4c96868447e1fa82a4.jpg,0,53.530242,30.234568,0,53.652064,30.039781,18.675236,1.9219972,0.85215914,0.020516038,0.8290545,0.9445779,18.675236
daf61373ac8943fbbbfaa389a4e4bd34.jpg,1,50.173689,6.629151,7,37.553554,14.289008,1529.81,308.00604,0.6115184,0.005931914,0.6043258,0.67497075,1622.935
db05b2c24f8f4ce79940acfe802487b1.jpg,9,51.123472,23.344456,9,51.137637,23.395299,3.8817544,2.1231225,0.69871837,0.0018879175,0.72613925,0.7371914,120.90372
db1b281972dc48be92e75c210f4fe377.jpg,1,49.146364,8.841426,4,47.969539,2.282805,499.9277,71.68444,0.7083707,0.021211267,0.69480276,0.8141763,513.3819
db2d19c61e0e4ecba628fea3ce91b540.jpg,10,58.319156,12.790328,10,65.486279,19.329744,866.3417,104.051094,0.80792373,0.0021216273,0.78968304,0.9221039,740.08234
db310de6adeb4f4b8b296b0243c38f02.jpg,8,58.822524,6.023049,1,51.224737,11.970631,925.13837,25.073797,0.71856827,0.02758032,0.7321795,0.73805535,815.5679
db326f49b1df49a5bcca6ee2659e9549.jpg,1,50.619016,12.641705,1,51.459403,14.229138,145.08441,1.6486872,0.69426036,0.014280081,0.67040026,0.85017204,269.66626
db3c0df57e0d4ed4b3e2be472c6baaf2.jpg,6,65.249567,-14.361441,6,65.249274,-14.359948,0.07676203,0.07676203,0.96983516,0.031346977,0.9641268,0.9926684,0.07676203
db6b1e5aa8f24c13852cc8a1d1932bae.jpg,10,61.991905,14.578735,10,61.813616,14.676518,20.475542,20.475542,0.8761395,0.011219084,0.8570449,0.9525181,20.475542
db6d3a54857d4b94be08a229ce894239.jpg,6,63.887815,-16.624699,6,63.93396,-16.447924,10.052474,1.4883488,0.75916535,0.007047415,0.73943007,0.88299036,15.375806
dc169df7b0804c33b25763ab3959f128.jpg,10,58.679544,15.315409,1,54.032807,9.529873,627.20935,234.9556,0.74265873,0.007902622,0.71936566,0.8592943,672.33014
dc417e308ee048b9a50460ce3d96f560.jpg,9,54.493944,18.334285,9,54.493315,18.335167,0.090201795,0.090201795,0.79057306,0.1268031,0.80995554,0.72007704,965.05347
dc5bb19a64a74b5aba257d5f4926b4f4.jpg,11,39.549945,43.933988,11,39.551326,43.926909,0.62606615,0.62606615,0.920104,0.09499729,0.9047374,0.98157054,0.62606615
dc75a8ffe783470a82c58c24455dd9c1.jpg,5,50.510019,-4.696977,5,50.502509,-4.693525,0.87002677,0.87002677,0.83427256,0.0009584427,0.80042756,0.98199797,2.329891
dc8b4db7ada6417ca5177ae666cd3698.jpg,0,53.706774,31.742789,7,37.254237,14.565956,2254.4702,7.6713095,0.7570021,0.005521357,0.7514288,0.81116796,2219.1548
dcaa07669cfb4801a8040498e0e4d820.jpg,1,53.30387,12.56104,1,53.579789,12.725136,32.548958,20.986622,0.7813061,0.0039895177,0.7588749,0.894418,42.855392
dcad58841c9e4d16a52f76f56cdc08c7.jpg,6,65.427686,-14.613669,6,65.337445,-15.042888,22.26975,1.4595274,0.9250659,0.014276743,0.9126292,0.9748126,22.26975
dcb1538711e04e5188a07b851a8e1b75.jpg,9,52.963439,18.912273,1,52.715939,7.691909,753.37256,79.71907,0.7074019,0.024563491,0.72203374,0.7341243,458.7657
dcbedf545b754292992b28e9a0572f4f.jpg,11,36.167091,36.131945,11,36.171288,36.126764,0.6588547,0.3700699,0.8711879,0.017133355,0.85271764,0.96761453,0.3700699
dcd03c0df7c541e7a071793d0f160ec9.jpg,4,48.7689,2.862954,2,42.462881,-3.152802,842.36676,9.745976,0.71178585,0.048832357,0.6983723,0.77690446,1558.245
dcdf46e17b3e4a48a960e3763f212a8e.jpg,7,43.910386,7.764451,1,52.322202,14.20353,1049.4298,486.90063,0.749977,0.015677512,0.7517413,0.8062345,1145.4426
dce413dfa19646f6accb507d93b1f22e.jpg,5,56.501132,-6.960155,5,56.50321,-6.957209,0.2933881,0.2933881,0.9290879,0.11766261,0.9160432,0.9812663,0.2933881
dd3d527bf97b4e97ba0007aa98f1f8a7.jpg,7,40.99501,9.220094,7,41.000731,8.901784,26.720995,0.33926418,0.7860095,0.00080412626,0.7698893,0.87809455,15.458319
dd6d49e4f25c412b9d492cb9dc77a08b.jpg,5,55.415787,-1.869922,5,55.685427,-2.177211,35.672825,6.7756124,0.74689126,0.0059289336,0.709346,0.8983799,35.961315
dd7a6ed0221e4ddbacb3c559be95a5a5.jpg,0,55.197378,30.364605,0,54.659489,30.436626,59.987354,4.26419,0.85655284,0.039142013,0.8422561,0.9320314,36.539886
dd9f900d99954ea1836400e0ea53bdd8.jpg,8,63.023488,8.596998,8,63.023762,8.595796,0.0678544,0.0678544,0.7785924,0.054784536,0.7643396,0.83560336,0.0678544
ddc2e5c843794115bed98b69b3942403.jpg,0,52.749695,30.771588,0,53.692451,30.066095,114.86957,2.4299629,0.77224183,0.0049253106,0.7405515,0.9362825,133.8882
ddca58db4fac437eb3cdfe759d4cca8c.jpg,5,50.372257,-4.444762,5,50.374954,-4.44263,0.33585173,0.33585173,0.8076797,0.07739979,0.7979018,0.8467913,0.33585173
ddd1aa3f222e42d7923580e79f1bca6b.jpg,6,64.968644,-13.856102,6,64.968431,-13.855779,0.028140789,0.028140789,0.9644315,0.1489377,0.9581049,0.98973763,0.028140789
dde14dc6a0a144738a6ff9a8cd20646a.jpg,9,51.589535,18.659561,11,39.070042,35.843902,1925.2006,1300.5323,0.7301476,0.0041047335,0.68867296,0.93256575,1935.4003
ded62de2d77f4e519bf8921daa3bb00b.jpg,3,66.895846,28.770135,3,66.896565,28.772585,0.13348985,0.13348985,0.87674123,0.015307009,0.8617419,0.959869,7.226725
def7248f4b584f39abe8ce74ae903cd1.jpg,5,58.540955,-4.78118,5,58.522621,-4.797917,2.2583094,0.7007795,0.84577686,0.023470283,0.8237397,0.95460004,4.756678
df45cad434d64f4ab9bc8d971b072762.jpg,6,63.553166,-18.446691,6,63.555494,-18.4453,0.2678703,0.2678703,0.95023775,0.0047603846,0.94013256,0.99117565,0.6701283
df69458f0fc247c2b856e9e512d97b09.jpg,1,53.307476,12.35975,1,53.115205,12.088526,27.98724,14.695157,0.7872454,0.021168888,0.7733122,0.84297806,27.98724
df73a69d271b4024ae0877c32269554c.jpg,1,53.426505,13.818748,1,51.944987,13.227064,169.49484,38.48099,0.69702375,0.0029549003,0.70354164,0.7807158,1299.9407
dfc4fd9e5a344e1c8561b499225b877e.jpg,3,68.826955,26.675306,3,68.893102,26.960099,13.584338,5.272304,0.8868924,0.0027525425,0.8644208,0.97677875,13.584338
dfe0f169ae994eef840d9526d9e7df81.jpg,5,52.01146,-4.880304,5,52.407796,-3.614718,96.84074,12.468545,0.8001864,0.015112162,0.7860575,0.91137326,133.15349
dff805c4c2624e44aaa2f115eb142e48.jpg,1,51.28129,7.716669,1,49.883692,6.618844,173.65895,12.631785,0.6730447,0.015974104,0.65504485,0.7929543,101.14756
e01be665c8fa4523973dadb76742181e.jpg,3,60.239856,24.046441,10,60.694435,16.023354,442.3633,7.71043,0.694876,0.006516695,0.66750187,0.8162133,461.92886
e0432326af3448fb8a24e40e1251b25c.jpg,1,53.091262,11.291951,1,51.671062,9.443881,201.66054,1.1107838,0.7291477,0.025396883,0.72894955,0.7776319,187.07451
e05c79a3a5014d4c86a27c538e3ae8d3.jpg,0,52.23129,29.306069,0,52.216834,29.300354,1.6539011,1.6539011,0.72408086,0.027921021,0.68885344,0.8762557,65.98021
e0b5cb0b545b4eaf86fb642b52bd2ac1.jpg,2,43.651568,-7.600131,2,43.628609,-7.603044,2.563667,0.3999443,0.751356,0.011029482,0.7284873,0.8545493,1.7023487
e0bc1db834c447829599723da04dbd9d.jpg,2,41.929049,2.729045,1,48.468236,9.716554,909.37427,12.405888,0.59794664,0.006007552,0.60004646,0.6735984,305.914
e0d23a2a355a4179a35b5823a79dd07e.jpg,7,40.895419,9.07123,7,40.706562,8.798517,31.11158,3.1256688,0.6807531,0.009057403,0.6492344,0.8969443,25.926619
e0fdb8dc50d7405989478ff5e6dc16c2.jpg,6,63.547965,-20.086815,6,63.550959,-20.076156,0.6241354,0.6241354,0.8812959,0.012287021,0.86021507,0.96561944,0.6241354
e101b6acda894b26a74a9cf61384f579.jpg,8,69.696694,18.974472,8,63.60195,8.975483,806.19196,1.1369241,0.7039244,0.036340475,0.6976075,0.7291917,806.19196
e106289e2f774d7987a217704271aa78.jpg,4,49.088934,5.178046,11,38.190828,34.047163,2598.041,938.3915,0.73365957,0.06498474,0.74269295,0.81204075,2194.7378
e1063277646f4f99b1f88a710442020f.jpg,6,65.747192,-17.131555,6,66.104728,-17.270412,40.25203,5.0678563,0.76211834,0.0012198687,0.7213866,0.93214226,109.94448
e1194bcbdea749e4979eaf451b811c69.jpg,6,65.275728,-14.444835,6,65.320718,-14.474249,5.1860228,0.62394434,0.8152702,0.0014294386,0.79667616,0.9003452,17.372477
e128093b74e3458f87193df182897ef4.jpg,4,43.985798,5.928253,4,43.936445,5.913326,5.616359,4.965017,0.8045158,0.055677593,0.78004897,0.902383,5.616359
e13ec51da47e415a8ed485a354876af3.jpg,11,40.147015,25.932565,11,40.148921,25.929809,0.3158949,0.3158949,0.83890486,0.10159218,0.8248169,0.89525676,0.3158949
e140fde5b846471d8d8ed542d13ddace.jpg,3,65.004635,28.822809,10,63.528253,14.736579,698.0032,0.82746774,0.79057723,0.022423089,0.79077804,0.8032417,286.54517
e17aaad0d1bb41259ee8d0d6ddacec5b.jpg,3,64.324033,28.137822,3,66.599493,25.964024,272.1668,17.713636,0.8240795,0.007937193,0.80962896,0.90121627,137.01663
e19d082a1270488f874cc654dac03afd.jpg,2,37.467041,-1.961532,7,40.580063,8.242867,946.31464,65.69873,0.75786626,0.013150334,0.72896,0.8734914,946.31464
e19e51270d964951960a753582d32db7.jpg,0,53.815977,30.772536,0,53.733883,28.486307,150.50252,1.6647209,0.8438729,0.01090914,0.82541716,0.9176957,150.50252
e1a7a13f8d5a46c8bbed6864cd3cffc3.jpg,7,40.841882,9.649482,7,39.300522,9.091151,177.85329,15.623463,0.65999836,0.0015609264,0.6290995,0.8262869,61.435677
e1a874c119b245299e20ad88e879280b.jpg,2,39.822238,2.81467,7,38.74428,16.481695,1181.2144,250.00212,0.6483142,0.0027433038,0.6571562,0.7582344,1005.78595
e1ee8e1d2cde43f3b8e99b9fb0e84856.jpg,1,52.224396,12.591949,7,41.958982,12.505943,1141.4819,304.9745,0.5993087,0.00011819601,0.6049329,0.65037256,783.3107
e1f239ec16224f43871bf7b485507b69.jpg,8,67.653363,12.596821,8,67.65252,12.595429,0.11068046,0.11068046,0.7180612,0.0048705935,0.6931236,0.81781185,0.11068046
e1f4120116004020acb85e4b4ce3318f.jpg,7,45.83152,12.600464,7,45.797534,13.049166,34.979595,6.286839,0.7300688,0.043586373,0.7484974,0.7599026,337.20557
e20b163804c244ba919755dd0248f4cf.jpg,6,63.424991,-18.768358,6,63.435155,-18.770042,1.133286,0.090477794,0.834781,0.000695467,0.82149935,0.9101943,50.34582
e2219dc2157545a3bf4e47f186c6fdbe.jpg,6,64.67435,-21.665322,6,64.6716,-21.625595,1.914295,1.914295,0.8711334,0.018985152,0.86361873,0.9011917,1.914295
e26aaae54da0488b89d3e32a433a0218.jpg,11,41.520366,31.922006,11,40.989824,31.202115,84.27122,12.098151,0.7035766,0.007883549,0.72448444,0.7649583,2139.877
e294fb25c1484068b30e7063cc61a3a5.jpg,7,39.605324,16.67456,2,37.167563,-4.552014,1865.3762,83.09198,0.72018254,0.008886576,0.708805,0.7791182,1513.2948
e2ce9771a8884626bf764174c4765bba.jpg,11,38.927739,30.884634,11,38.080832,30.26445,108.53833,9.908871,0.8131596,0.0063910484,0.7805194,0.95111156,74.45307
e2d02e6aadc14a108cceb01f168cf897.jpg,1,49.916708,9.346977,1,52.644584,14.53638,471.26495,63.537827,0.6859422,0.0018458366,0.66917723,0.811862,299.14554
e2e9eeb0a5944736ae614067782d0900.jpg,8,65.035963,13.276254,8,64.752732,12.860303,37.10737,1.3625811,0.78605103,0.01742655,0.7551189,0.9161769,160.8139
e2fb693e68de4ecaa25b5fb07e9fcb3f.jpg,8,61.782536,6.205788,8,61.756879,6.262234,4.117471,0.008344063,0.80332226,0.0060937405,0.76157683,0.970304,4.117471
e2ffa87f35024ffe8c40d3ece6ddf813.jpg,6,63.476729,-18.563733,6,63.44198,-18.750103,10.033721,0.28693032,0.9386536,0.0052823424,0.9298884,0.97371435,10.033721
e30bc573eae64321ae13e8f193f134ac.jpg,9,51.15941,17.05631,1,53.141094,11.171088,457.82712,54.680836,0.65202725,0.012162566,0.648344,0.6667603,457.82712
e320bbf8a375421c832ccc5323608072.jpg,6,65.749459,-23.843698,6,65.73374,-23.785132,3.1958985,0.07012361,0.90496516,0.032860637,0.88888514,0.97167563,4.393276
e325c0fbbe6448449d31e8fbdf6f6f4a.jpg,11,39.281801,29.963307,11,39.287131,29.972519,0.9898774,0.9898774,0.77942085,0.091617465,0.75691414,0.8694474,0.9898774
e3645317ee4c40238a4b9612c724c164.jpg,6,64.498258,-14.476584,6,64.416504,-14.538021,9.5559635,0.15437669,0.91169006,0.005325973,0.9015166,0.97065103,0.15437669
e39062e6555345ba8bd2c517126fe251.jpg,4,43.682663,5.095597,2,38.550228,-2.980345,884.34424,100.53541,0.7064354,0.016782165,0.68855906,0.8274822,841.02124
e3c32bf041be4dff8a022b390be68ea5.jpg,0,53.119865,30.489643,0,53.181685,30.451467,7.3303404,3.3278558,0.8796705,0.011952341,0.86140776,0.9556297,24.255651
e3c89cf1d91d4396977bf51ec7908626.jpg,2,36.761358,-4.061577,2,40.107538,-3.841539,372.57162,4.3913765,0.7232516,0.00068193674,0.687199,0.8674618,372.57162
e3c95814577c46b88ce9ab9f4703a026.jpg,5,58.539272,-4.782386,5,58.50786,-4.810098,3.8456264,0.89961255,0.8306168,0.010896325,0.804515,0.9350238,3.8456264
e3d64e8c0de84f5598d3fecf5a592b47.jpg,5,52.63924,-3.717811,4,45.837847,-0.411092,793.2494,18.76224,0.7066228,0.0020688772,0.68920606,0.7762896,793.2494
e443dca363254205bc249816c9df6b34.jpg,2,37.876593,-6.567868,4,45.144669,-0.479978,953.3358,61.599815,0.71508193,0.027983248,0.70849574,0.7414266,953.3358
e44b133e006f4e78875ad5f242d7bc38.jpg,11,38.45382,42.395646,11,38.443244,42.320859,6.6180973,4.730024,0.74948627,0.019874036,0.7223345,0.9344224,36.675053
e47b3dac165f4ee2b209bd8c91627884.jpg,7,41.324397,15.398246,11,36.984381,35.81847,1820.8643,95.21892,0.6650451,0.0100079775,0.684172,0.71299535,1725.8491
e4bd18e2368447ce8c90b382165a3619.jpg,10,56.936349,13.06866,2,41.719467,-2.840767,2036.5809,402.364,0.6766878,0.03276366,0.68619066,0.6840195,903.5961
e4fa0d4f05a4482c8433dcadc7302eda.jpg,6,63.814322,-20.113456,6,65.555067,-22.363214,221.12184,13.507776,0.8579024,0.005112171,0.8485246,0.9185524,290.0111
e533c1825f7d44be99bdfbfded44ea5c.jpg,4,50.152868,2.486335,4,49.705064,1.963422,62.292755,17.857214,0.6883952,0.0010678172,0.6681648,0.7828386,550.5276
e5564907a969409f8c45b6c2b6356224.jpg,2,40.768182,0.555726,2,40.765362,0.561859,0.6042323,0.6042323,0.8229623,0.1285482,0.8263267,0.8095042,0.6042323
e583e278eb964ff7abd63968f412fdbd.jpg,5,53.761475,-0.526509,8,63.60195,8.975483,1221.3347,44.094345,0.6947989,0.008533359,0.7200065,0.8102336,1925.0411
e5998b4ffadb4191b67638472ffd5236.jpg,10,67.041202,19.79593,10,67.227809,19.244056,31.608788,0.24589801,0.90501446,0.008944452,0.8900572,0.9648434,31.608788
e59be0e0e3d24a2ca8a176a45a20ac68.jpg,5,56.239355,-5.02462,5,50.508131,-4.746179,637.5501,16.212275,0.74944687,0.00032103062,0.71194077,0.9248008,652.02576
e59cb70963c04a1c988204248ba50a88.jpg,3,61.468915,25.147718,7,46.046887,11.00508,1941.071,566.7825,0.5747667,0.0011618733,0.57220066,0.747215,1023.40533
e5b86f1b2a774c85a7539ced3f6a8a1b.jpg,11,41.072815,32.549707,1,51.139887,14.269294,1791.3022,1191.7743,0.6990029,0.052802145,0.70045656,0.7920947,1872.2379
e5f23f3ef9e14f1e8555e99dd9fe86de.jpg,1,51.279546,11.688601,4,49.418365,5.704938,472.13,472.13,0.57964426,0.0027278066,0.56707275,0.7857889,1296.4102
e633d3d1755f40a2bd6c17e2afa7492e.jpg,5,56.701833,-6.072339,5,58.040677,-5.24709,156.87663,0.9040395,0.8232829,0.0013033152,0.7985023,0.93977773,94.2726
e65530dee7b2429fbba0615f12a29b25.jpg,1,48.62618,12.11965,7,40.68621,8.3798,930.8197,332.4675,0.6412112,0.007967174,0.6643264,0.6513752,1146.7726
e659a45335a742388a8f001ef952b801.jpg,3,67.233783,28.400773,3,67.276637,28.261558,7.650283,7.650283,0.837367,0.0042855144,0.8149853,0.9535946,184.73729
e663250a7f8143fd991cacf879df92bc.jpg,7,45.116002,11.391798,2,42.804393,-2.905447,1171.1864,637.5558,0.5629673,0.012491405,0.5219569,0.7788154,1274.7068
e6abc0e3618e489b8a4dba143a2a4e43.jpg,8,69.295155,15.994477,7,44.095861,8.127171,2837.5884,0.39598453,0.6747336,0.019586325,0.6728935,0.7265089,3368.4854
e6b33a9754464ce384ee1cd8ecb36b9a.jpg,3,64.076247,29.192025,3,68.018824,26.945526,449.8979,3.3612268,0.7920496,0.0110477805,0.76469064,0.9351843,62.186943
e6b4595d9e8d4525b8aa000d47904f8e.jpg,10,66.591643,19.260226,10,65.641953,19.68753,107.33812,5.077912,0.78251636,0.012608588,0.7725036,0.8724747,197.4333
e6b47c9a811f4e27aefa623bcd1026dd.jpg,4,43.783112,1.428261,1,50.923088,12.574041,1153.2433,554.13635,0.6950189,0.00650084,0.6877381,0.82716286,1522.5822
e6c2db495b404601970b1fb85c85002e.jpg,4,44.59625,-0.754132,4,44.746035,-0.756461,16.656374,13.402834,0.7229928,0.015229821,0.71961206,0.7902763,1848.3519
e6c4ad8b0e784f419b5e6f47c755bb8f.jpg,9,52.331743,18.299378,5,55.228838,-2.584845,1403.7021,1120.98,0.6250546,0.006797552,0.6432231,0.66545045,1304.2163
e6c78f35761d433eaefe4976a5d88da0.jpg,10,63.976214,15.264572,10,63.917194,15.240991,6.6630135,6.6630135,0.8455963,0.013967276,0.82198966,0.9432571,56.08848
e6dc35d438644131bb0c437f37fabc14.jpg,3,67.936361,23.94645,3,67.980089,24.074784,7.2333794,0.6234995,0.8338862,0.016922772,0.8132738,0.92436755,462.23825
e6e15c62b0bf4246b925c06685c9e14b.jpg,4,48.231975,-4.500228,4,49.426979,2.694839,542.94666,407.15945,0.6473073,0.0030258298,0.6394429,0.82203734,792.3008
e6e80965db0f479bb6d95cec6f93c3ac.jpg,3,63.147365,28.049237,3,63.146978,28.048931,0.04569482,0.04569482,0.8169798,0.069933474,0.79469776,0.906108,0.04569482
e747315375054d8fa52d7febc962cb5d.jpg,6,65.938823,-17.309862,6,65.883173,-16.541364,35.42261,6.1395783,0.71774197,0.023023784,0.678367,0.87524176,35.42261
e74a2f14814a4d10ba5fe5a1665b8ce4.jpg,1,53.190254,7.191864,4,43.730084,4.062347,1076.664,281.1754,0.7630398,0.0044783354,0.76934844,0.82972133,612.52246
e75be9808672455c92c9aea75c5046cf.jpg,2,37.30302,-5.924733,2,40.575921,-5.031685,372.03003,152.48898,0.70359576,0.022554874,0.6726922,0.82720995,372.03003
e76993a291ca43c49cffbfd3a7927f43.jpg,0,52.41927,24.358441,0,52.413007,24.339019,1.4899752,1.4899752,0.87553716,0.0028760433,0.8516543,0.9710684,1.4899752
e797a8fecc7a41088259a79c9879b707.jpg,5,52.667677,-2.85926,5,52.927314,-3.613637,58.359356,8.347887,0.8100608,0.00473547,0.7824296,0.93420285,32.34218
e7a111058be54975b2c9e53122b1bd7c.jpg,3,61.322985,22.767447,3,61.564863,22.566757,28.933819,3.069197,0.808894,0.016133964,0.7777263,0.94887984,43.70412
e7bb8fdc74104845a819698e88de5f4f.jpg,5,53.603625,-0.65156,5,53.605684,-0.663562,0.82430154,0.82430154,0.7131101,0.03639531,0.70941764,0.7449284,449.07874
e7c62f45938c4cbd99f35063b3a2e5f7.jpg,0,52.067379,27.738618,0,52.536277,25.684381,149.0872,1.3208089,0.85544103,0.008362353,0.84552044,0.9271771,49.397892
e7dccb5929c1495b8f459c74c64311c4.jpg,1,51.375299,7.231962,9,54.757664,17.655163,790.39905,413.3853,0.67671394,0.04156065,0.6871587,0.7316999,878.7467
e805370ce59c45d4bcecb3ecabeb3f4c.jpg,6,66.009449,-22.641419,6,65.995941,-22.942427,13.69489,10.153246,0.92262465,0.0042054653,0.9072085,0.98428893,13.69489
e80fce4c25644fd581bb11f0ea884c33.jpg,11,38.299981,29.911377,11,38.185375,30.063727,18.423471,4.473547,0.80055976,0.02013886,0.7850299,0.8626791,18.423471
e81c2a6164d5499bb0640083b0ae0327.jpg,7,44.864462,11.696724,7,40.356473,17.641353,698.147,13.715098,0.7747401,0.030087769,0.7713869,0.78815275,698.147
e83568f4c11a4832b6ba8446c602c3c9.jpg,3,62.963819,22.58867,3,64.193587,28.399941,318.23706,25.405077,0.7831997,0.0066596866,0.7573078,0.8951833,137.7153
e841dc6907fd44e4a76c61f6d58f969c.jpg,11,37.273831,40.687948,11,37.223707,39.870056,72.60804,2.7815878,0.7880786,0.023936808,0.76947045,0.86251116,72.60804
e844abc473e2409da237fa460b9f8dbf.jpg,11,38.977039,30.930378,11,38.584397,30.226801,75.003944,3.275452,0.8682917,0.007472992,0.8447751,0.973633,81.07758
e84c3ed3379842bcb20fc6c771365236.jpg,2,38.036032,-4.107785,11,39.446009,32.865233,3187.9915,25.425156,0.72567105,0.011995375,0.69395196,0.8525473,3187.9915
e881e437106d4f32b5c61883f9f49506.jpg,7,38.013572,14.985728,7,38.111306,14.97837,10.886616,2.7995715,0.74843943,0.021641552,0.7388612,0.7867523,10.886616
e89e3644569d4fd1a7661dfae27a26ca.jpg,1,52.076844,6.813723,4,45.151862,-0.805173,951.0639,98.958206,0.73782927,0.021759272,0.73379797,0.755338,863.0308
e8a8a58c548040d6822e5fa37e0bee25.jpg,4,44.085089,-1.001165,4,43.847305,-1.172178,29.772768,0.21380854,0.8848769,0.04099703,0.87839293,0.9108126,29.772768
e8f7c69c8edb483fb2d620f263afd2cb.jpg,2,42.417108,-3.284499,9,54.407548,16.515417,1965.6593,349.2423,0.67895836,0.018051505,0.6724652,0.7548456,1360.0869
e90a2190b7ea41079b641dc0e1d4525f.jpg,10,59.994644,17.713114,10,59.972889,17.697901,2.562789,2.562789,0.8925693,0.077319205,0.87814087,0.95028293,2.562789
e90c6bc168c44fc59cbed2bc23499c22.jpg,3,65.531516,28.519207,3,65.531504,28.520274,0.049160056,0.049160056,0.9565551,0.019075394,0.9481706,0.9900931,0.049160056
e92dc91311b64bd5ac9ddcf70e227092.jpg,5,53.465614,-0.552037,5,53.490757,-0.553824,2.7982779,2.7982779,0.75851417,0.07310301,0.752319,0.8176196,85.69956
e9319fac826a43a18eb5d79ab87e2dc5.jpg,4,48.60556,2.651132,11,40.950058,27.455203,2122.555,1369.9374,0.64726657,0.0040618777,0.6079745,0.8044348,2122.555
e946310a6a75408aae992c3b42e8f04b.jpg,3,62.469414,22.050425,3,62.552665,22.034549,9.292894,1.0419447,0.8929867,0.009884477,0.87352246,0.9708437,9.292894
e957cfe939564393ae97132d6a5e56c3.jpg,11,39.564344,33.326767,11,39.550074,33.220289,9.265263,9.265263,0.81429625,0.012050867,0.8032323,0.8615731,281.79807
e95e5907d216495b9d1a2d4def7d052e.jpg,0,53.733242,23.818957,0,53.582155,23.925059,18.196888,4.2348485,0.71080697,0.0018829107,0.70073104,0.7704747,198.95023
e96126ca4e3b4ed79a26fe37140f4446.jpg,10,59.370079,18.415837,10,59.371172,18.413817,0.16693375,0.16693375,0.78463155,0.09183526,0.7596044,0.8847401,0.16693375
e9859206c69346279f6c6e43bbfd6295.jpg,7,40.647155,14.700341,7,40.647206,14.700332,0.005721386,0.005721386,0.87032694,0.11037141,0.8488911,0.9560703,0.005721386
e98782822c9949029ffd50553514749a.jpg,9,50.549568,20.725968,1,51.346671,14.636367,435.5832,111.137794,0.6673339,0.005726576,0.6465347,0.7809466,484.29608
e9a8a530831843e08758b8b72ba84e83.jpg,2,39.986563,4.004188,2,40.006393,3.882051,10.635301,10.635301,0.7488163,0.029605985,0.72985494,0.8436965,11.940017
e9ad3df7aea644bba091942b9e5e25f6.jpg,8,61.407093,9.965637,8,69.636672,17.995277,985.10034,19.912146,0.7017214,0.014139354,0.69042027,0.74692565,985.10034
e9d5369bf9824216b3e3dce602ccb759.jpg,8,68.992673,17.720836,8,68.993804,17.72014,0.12878543,0.12878543,0.9365332,0.09291172,0.92556524,0.980405,0.12878543
e9ea44c4a29c442496aa6b1be2714d1c.jpg,5,53.606422,-0.67208,5,53.684229,-2.774966,138.8752,4.1909432,0.68746847,0.0048592687,0.66270834,0.7979384,4.204498
ea0bae1b48254c758dc60855b2f1297d.jpg,0,54.160862,26.455054,0,53.769295,23.839714,176.52103,0.751633,0.82690495,0.030962825,0.7987629,0.94711316,76.472
ea1a755afc9c4ae49b887925c8f3c797.jpg,8,59.81384,7.214647,8,59.830416,7.173284,2.9568195,2.9568195,0.91720784,0.10473001,0.9098015,0.94683325,2.9568195
ea30355a301d44f182453b35538a83ea.jpg,6,66.02771,-22.988935,6,65.881348,-22.300504,35.181557,3.1231754,0.94553053,0.0030251741,0.9360279,0.9849999,32.051285
ea486062d56946bc81cee4220ab0c543.jpg,11,39.558188,40.035545,11,39.557206,40.037589,0.20646852,0.20646852,0.86928344,0.010076702,0.84251964,0.9784304,0.8205754
ea6adebe351e48d4b22deefa4ad07956.jpg,5,56.873261,-5.061956,5,56.900806,-5.02005,3.9826028,1.3145906,0.7300688,0.006405711,0.69525176,0.8829099,24.401287
ea9afb2f248547df827ccc2fd5d17c58.jpg,3,64.770137,25.548143,3,64.769238,25.548094,0.099991344,0.099991344,0.93315536,0.010347068,0.91948295,0.98784494,0.099991344
eaa4eb4c0d9f48d9af1c4a94a2d4118f.jpg,6,66.034041,-19.361062,6,66.030732,-19.364741,0.403731,0.403731,0.894277,0.028704584,0.88626575,0.9731617,3.2732234
eab206c42f554b36b8ba47d04ed37f48.jpg,5,56.334732,-4.720706,1,51.815334,6.921769,908.9404,2.5770864,0.66448617,0.01799953,0.66684324,0.74975145,2.5770864
eacca64f5dcb4bc49c8b2b6024357934.jpg,6,63.48638,-18.537891,6,63.44198,-18.750103,11.640887,0.029036742,0.93046,0.0062271953,0.9189625,0.97644985,11.640887
eaf7f1c4526a41768e5a2aebb045aba3.jpg,11,40.928778,35.15705,11,40.929043,35.15657,0.049943976,0.049943976,0.95658076,0.14896154,0.9516643,0.9762461,0.049943976
eb1e19d0c9674c019786fbb84b646159.jpg,5,58.95567,-3.008018,2,39.364515,-0.653788,2184.8252,240.95917,0.6432964,0.011354029,0.68611586,0.75636476,540.3887
eb38317b5ad140aeb06b8e01b42ebb9a.jpg,6,63.847514,-22.420016,6,63.847865,-22.42704,0.34645322,0.34645322,0.8716605,0.091445446,0.8484143,0.96464497,0.34645322
eb3bf4e5875a4de591016605b3d8daca.jpg,9,52.397456,20.844057,9,52.415285,20.754915,6.363665,6.363665,0.76757634,0.07386708,0.7488381,0.85572946,58.00064
eb6b1b5591384d55862782695187855d.jpg,10,64.646519,15.733068,10,64.742749,15.802441,11.196803,4.9813995,0.8843727,0.05097902,0.8691586,0.945229,11.196803
eb7fba610651475c9c8c2d7eb3e80658.jpg,1,48.426187,9.325146,1,49.177403,8.20596,117.02966,78.81989,0.665366,0.0219993,0.6580037,0.6948153,117.02966
eb88890592344db39a0bea7b28d6f783.jpg,7,45.064135,10.87783,1,52.851071,9.176553,874.6655,62.423073,0.73531127,0.019611478,0.72580326,0.79219115,423.64526
eb964975d37f4595847af5776a234d5a.jpg,8,62.536714,6.127765,8,62.557139,6.126799,2.2716994,0.33031204,0.79713184,0.005380988,0.7733466,0.91060436,2.3953543
ebc06b5a8d0e4ad196cda42bc13fa3d3.jpg,7,40.832784,17.167955,7,39.280831,9.134693,704.86053,29.962608,0.7655053,0.021099329,0.7611209,0.8106066,501.818
ebe983680aec4465b2356c64c0066fa1.jpg,11,38.509879,42.278809,7,40.966933,17.114876,2161.3499,2063.332,0.66439575,0.01463455,0.63726103,0.8692732,2855.1216
ebf3681d51c64322935cd18942e70a7b.jpg,10,65.44812,19.405075,10,65.371018,19.200598,12.767983,0.21146794,0.8860275,0.042286277,0.8764545,0.93532133,0.21146794
ec8c730567b242ffae8a05d9738b602a.jpg,1,52.47004,8.365829,1,52.510105,8.401544,5.068994,5.0502625,0.7832931,0.025674045,0.76158774,0.8800577,20.607311
ec9cc7d7770642fba736f62953186b9b.jpg,1,52.589458,7.395857,9,53.050563,22.161029,991.74634,209.4318,0.6892019,0.0067037344,0.66333294,0.8180693,662.2987
ecaf28775e58419e99a5e08c82a0bbdc.jpg,5,57.263073,-3.666012,5,57.492314,-6.359089,163.4256,7.480686,0.69153,0.017089486,0.70345604,0.7998558,1805.4419
ecb473356d34404d91bb504e300714af.jpg,0,54.515672,26.915273,9,52.105639,23.540185,349.33795,1.001474,0.70337605,0.017441511,0.6992986,0.81367004,87.84316
ecb48274790244dcbb18f7f46a94f7c4.jpg,3,66.23329,28.855293,3,66.296821,28.869785,7.0940485,1.4414579,0.86332566,0.00091940165,0.84053516,0.965186,234.96956
ecbe36d5a5ef46619b6202671f63c752.jpg,11,40.887482,27.095766,11,40.864768,26.758173,28.496113,26.874594,0.9077327,0.16220254,0.89511585,0.95820016,28.496113
ecd4accc5e81420fa3b5f32e388a9f17.jpg,11,37.361268,40.852115,11,38.657967,36.077699,442.37943,5.771513,0.7111206,0.0008125901,0.6845286,0.81748855,442.37943
ece0eabfc26d4ca4855f04b2ca14075f.jpg,4,47.755922,1.108391,0,54.571474,25.739879,1864.717,303.03372,0.69735926,0.028078318,0.68264383,0.8095847,801.3676
ece7e93ecf314c56b2e8f2de3f755881.jpg,10,67.193841,19.412002,10,67.197316,19.404921,0.49238098,0.49238098,0.93017423,0.019533873,0.9218769,0.9647692,8.160265
ed09e9c043ca4d7dbfee45fc3f93571e.jpg,6,65.028859,-14.277185,6,65.586593,-17.149567,147.11653,1.0026774,0.8704635,0.004455209,0.85205245,0.95734775,47.933502
ed1969ec59a441598b7915b05641f3a8.jpg,1,48.786504,9.687913,2,36.267012,-5.941844,1884.3282,880.34454,0.6455122,0.02190113,0.6228496,0.78335583,1741.0969
ed2e23301a3e4390a8fa1d7d7850f1bd.jpg,1,54.543482,13.533462,1,54.535707,13.249757,18.321848,6.7088575,0.7221346,0.020089507,0.7055264,0.85696113,375.9974
ed51e6633d3a4fd68533dd8637e38743.jpg,9,54.496962,17.060184,0,53.043558,30.550454,899.7099,258.4473,0.71525824,0.0031963587,0.68636894,0.8364381,893.1877
edb257cdea174bd28acc6f57d9a5d73f.jpg,4,44.656498,-0.927089,4,44.685847,-0.86745,5.7351027,4.9242387,0.8106684,0.017573535,0.8020095,0.85581833,16.762674
edbf1d76d1764b75817ed333e2449271.jpg,7,45.74436,12.218655,7,45.746048,12.202128,1.2961172,1.2961172,0.6766108,0.058329225,0.67002904,0.7954585,402.6499
edddf2385052488f8b19b24dfbffd104.jpg,9,49.970286,20.305502,9,51.491333,22.06491,209.60573,14.514221,0.6555014,0.0007407069,0.63374937,0.7673374,311.8316
edef6fa09354448ba8af8d19df7e890d.jpg,8,70.877155,25.732566,8,70.9886,25.750461,12.409173,2.1145282,0.92057973,0.003668189,0.9156861,0.94414705,12.299371
ee31962dc8854a95aa55edda497f223c.jpg,8,67.158153,15.470315,8,67.147835,15.455766,1.3080056,0.3374474,0.7825248,0.005409658,0.7602954,0.8714425,1.3080056
ee86fd243d844d02a53bdbc494be42cd.jpg,6,64.276197,-15.032096,6,65.029038,-22.236636,352.8143,0.27197805,0.8233671,0.0017892718,0.81716967,0.9152463,7.207231
ee9d2773566048ecb5fc9ab875297910.jpg,9,51.283682,18.192478,1,52.818542,9.637454,608.9586,84.53223,0.71740925,0.015178025,0.71686935,0.7196847,678.75665
eeb97c6ff8d641aa95b1fbcb95b6fecc.jpg,1,53.510688,11.173436,9,52.666524,21.186827,674.6877,38.121784,0.6662965,0.008821249,0.6669849,0.7431895,391.77063
eebdfe5201824fc8a8a45f740ee0dffe.jpg,9,50.242799,18.643505,9,49.990135,19.213565,49.410683,20.99662,0.7154806,0.009593368,0.71486706,0.78231287,456.34665
eed85940681b4a5b9302b111c5c26cb7.jpg,3,61.702628,23.151498,3,62.314962,22.883705,69.50785,21.027674,0.86739457,0.07175267,0.85929143,0.8998068,69.50785
eefb228d74a047a7ba4998050108756c.jpg,4,42.90757,1.39537,5,55.101628,-2.978618,1392.2533,889.803,0.64992505,0.049831927,0.633188,0.7423434,2974.8147
ef08a8b6ee61477397cf4abeb6060a64.jpg,1,53.346478,10.635902,1,53.291017,7.742422,192.28168,7.583858,0.7182212,0.013355255,0.7183332,0.8107313,74.62191
ef57497d73ef421387fcaf3a0abc1d00.jpg,4,44.530403,-1.014092,4,44.500189,-1.053215,4.5727253,4.5727253,0.83045447,0.07376617,0.83544713,0.81048375,4.5727253
ef6325ba65d340749b8b70b3e9d88976.jpg,0,53.706641,31.740746,0,53.951475,30.467951,87.85275,7.5533347,0.79199034,0.007246256,0.7665607,0.92165136,276.86893
ef7c14a4016748fa9044396a3e3134f9.jpg,9,54.701546,18.358303,9,54.702913,18.356784,0.18063903,0.18063903,0.75517833,0.08052981,0.7511994,0.7741533,49.623226
efeb98dc4d564ac4b9109959ed070f75.jpg,3,62.568713,24.466897,3,63.600648,28.018747,212.39297,21.742163,0.8171739,0.00404191,0.8029079,0.94847417,82.561874
efedf0f6e8a342e7a841461d75f40b8f.jpg,8,68.38382,14.590561,8,68.383406,14.590031,0.050897434,0.050897434,0.7026424,0.09699875,0.7169036,0.73743284,935.08624
f002685eb00a4146b7a01283f5f08e2e.jpg,1,52.655824,7.274623,1,54.864727,8.871304,267.08676,21.23114,0.64398974,0.017665088,0.6432829,0.7961286,114.110504
f02d65c6f9b543d795fb59b4b6f09e8a.jpg,5,58.524185,-4.683864,5,58.504898,-4.70655,2.516979,0.34433085,0.77747834,0.017701507,0.76432294,0.8488761,2.7873223
f03bced455e749dba45b8135f92ecd98.jpg,8,69.513817,19.252509,8,69.512747,19.252462,0.118992805,0.118992805,0.91562974,0.039371908,0.9002918,0.97698164,0.118992805
f08a271baf0d43b2a865e9c5570e4c65.jpg,2,39.391765,3.189861,2,39.413151,3.137122,5.117471,3.3689935,0.7230425,0.0073176622,0.70737886,0.82866865,6.269433
f08d34517b894676b9e18a82cc750f97.jpg,10,65.054595,17.275649,10,65.038537,17.018265,12.205485,8.702704,0.91969675,0.044515908,0.91195613,0.9506593,12.205485
f0abbedd3a264fa3aeef15e739bc56c4.jpg,0,54.177744,28.471877,9,53.025056,14.898744,903.2797,0.41555697,0.69895524,0.02075696,0.716772,0.733713,0.41555697
f0d818546816412f80dbd140e7400da9.jpg,3,61.841421,29.86528,3,61.280884,24.701186,280.38788,6.9564157,0.6657468,0.0012393594,0.66533285,0.74783194,1848.2117
f0eaa80e50d34166ad99e7aaf0b89deb.jpg,3,66.160254,25.101915,3,66.241134,25.341481,14.015531,14.015531,0.92361367,0.016210914,0.9246909,0.93607783,54.819706
f1090e0a750346938bc81576699371a6.jpg,3,67.491003,27.976054,3,67.546986,27.918034,6.696024,1.778391,0.8468027,0.002660811,0.83224046,0.91433036,381.583
f1220d394c2f44b8ad9e4632b5b0abb2.jpg,4,43.157206,6.455058,7,43.998848,8.051325,159.0314,3.4413545,0.71742547,0.02451682,0.7260021,0.769204,61.40959
f124a967e73448dda21f2fc9612ad29d.jpg,8,68.320556,16.617355,8,68.42661,14.668645,80.72315,5.311816,0.8713113,0.025195062,0.8519062,0.94948685,9.666437
f15fbc6f19f742d4af4047264becdf60.jpg,2,42.423542,-8.718336,2,42.422668,-8.715862,0.22512875,0.22512875,0.7445932,0.10906619,0.7486552,0.7283451,0.22512875
f18f5c88b5394ba7962d6455f5ea4c6a.jpg,11,37.088642,34.944621,11,37.112709,34.91065,4.0297003,3.4862752,0.7862005,0.08477211,0.7746872,0.83225393,4.0297003
f1916fc655494aeeba9f808623edac19.jpg,8,68.335733,22.928728,8,68.335551,22.93107,0.098245464,0.098245464,0.9651733,0.010627389,0.9583297,0.99254775,0.098245464
f1a19dea415c41c59769979b2d1ae2f5.jpg,11,40.92845,40.07226,11,41.348261,32.023204,675.4268,294.93326,0.6808327,0.014065802,0.66407585,0.81774664,973.7286
f1c6cf2deaed48089d05eb7a208c2590.jpg,0,55.317235,30.322307,0,53.731438,30.457817,176.54944,1.0140762,0.650821,0.0077851415,0.6320125,0.7260548,176.54944
f1dacb1de0f74cbd9898b6e45a84bdbb.jpg,4,46.829666,-0.247771,11,38.928137,36.061165,3055.7498,430.85403,0.6296342,0.014626861,0.6391281,0.69307446,1758.0758
f1e81334fc34416bb745adfd9d31c9f5.jpg,3,65.480987,26.797656,3,65.555956,28.184113,64.427086,3.931134,0.86234415,0.0017055869,0.84866476,0.9513594,53.32473
f1f5651ca4f44474b24a71b9ff3e6ad5.jpg,3,62.560859,29.889508,3,60.369338,24.872078,360.9434,116.26422,0.6660047,0.01431936,0.6483133,0.78539705,799.1155
f2143fba6b1e41cebc8878d691f6c980.jpg,7,40.954166,8.872973,7,40.860294,9.335879,40.277676,0.3423302,0.8292899,0.02830553,0.80043113,0.9634448,45.019802
f2153ddbc7eb4f2faf7960db1b6bac5b.jpg,8,67.312948,14.534319,3,62.147318,30.047574,929.60614,0.5309142,0.70325005,0.008256614,0.69109285,0.8182379,268.5643
f21a38ee383f4b3ca26cd0e9de4f21f6.jpg,9,51.49432,22.559617,9,54.219154,23.127467,305.37466,6.277666,0.67639315,9.727478e-05,0.65585154,0.831184,22.329565
f249c3bf570d496db1fca951b1d087aa.jpg,7,42.204487,11.735947,7,42.163085,11.764379,5.1654687,5.1654687,0.64169914,0.0109936595,0.65791357,0.6656536,758.8726
f25cc5b258db4ca5a70e9a9c399e18a7.jpg,6,63.52851,-18.468825,6,63.44198,-18.750103,16.95691,0.061692692,0.9124444,0.005650699,0.8983678,0.9775887,0.587086
f286e0fb8dee40ccac3a6a8030b02163.jpg,5,53.054758,-1.42123,4,46.404639,3.311373,813.51025,56.99349,0.6457587,0.003974557,0.6298812,0.76978385,1798.4695
f293520df78b447f9a257758085f6c7f.jpg,4,45.693571,2.10451,4,45.003865,2.025047,76.942894,27.024826,0.73579574,0.065993726,0.7005256,0.8768764,76.942894
f2a6375d32e04080a9f4140b8739f609.jpg,2,43.748229,-7.723766,1,53.282323,9.423656,1641.5461,1408.8638,0.65535367,0.0026658773,0.61351603,0.82270414,1641.5461
f2aa4074e0d14a59b9bf906af4b4e0e7.jpg,8,67.068108,15.382515,8,67.071903,15.381277,0.42537996,0.14314078,0.8574118,0.0238626,0.83836895,0.94122845,5.3669777
f2abe5a8daa246c399fe87ff62c3e671.jpg,3,62.629163,25.686006,11,40.87746,26.479525,2419.2554,2316.8726,0.75977427,0.01373148,0.7390001,0.84287095,2419.2554
f2c1ec729ca94a57ba532527959bf746.jpg,1,51.99864,9.856611,1,52.049789,10.00103,11.401277,11.401277,0.70239383,0.017294824,0.662155,0.863349,11.401277
f2e2f9e00c8648f8b484653f6220e09d.jpg,1,50.629752,10.915142,1,50.025091,6.27671,336.0021,35.7245,0.68998533,0.004158139,0.6406222,0.8874378,336.0021
f2f313d9002f41ee9bc64dcb0be0be49.jpg,11,36.226584,36.132054,2,39.510918,-0.386116,3204.2488,6.166939,0.66046596,0.02701801,0.6303174,0.8279748,3239.3674
f304bef6daaf4480b328bdd0e0c90504.jpg,7,37.715341,14.038502,8,64.046687,10.041601,2939.987,68.44199,0.6258595,0.03281498,0.59062916,0.76678085,2939.987
f31a4cf740b344509f1f09d32b35b060.jpg,2,37.674876,-0.889448,2,38.762131,-3.36504,247.75473,2.8160737,0.81181324,0.036838472,0.80206096,0.8835877,198.16066
f328355d305744128d1b6ad0091d837a.jpg,10,66.25552,19.92362,10,66.330461,19.824736,9.433112,7.601,0.93529993,0.03696686,0.9230956,0.9841174,9.433112
f32aa772d7cc4eebb68d0320bfd201a4.jpg,10,66.259218,22.278281,10,66.235739,22.314724,3.0789785,3.0789785,0.86884266,0.002316177,0.852192,0.9354454,3.0789785
f32ab2440f944733945701073cafd5a6.jpg,3,67.981043,24.075276,3,67.980089,24.074784,0.1080449,0.1080449,0.9456378,0.13725102,0.94046044,0.9663472,0.1080449
f384e505e0ad49d4a7a0d0ad1a79d8bb.jpg,8,64.038381,10.047166,6,65.644345,-22.571875,1534.5555,112.434845,0.60149556,0.0041347146,0.588784,0.7373817,192.34729
f38dd826c88c458bbe427964395be82b.jpg,4,48.555877,-3.355627,8,69.61203,18.93814,2630.0862,461.06912,0.61368227,0.0032038093,0.6180711,0.73682266,1486.8599
f3ba63a23fa74eee83a624b0337b9d75.jpg,8,64.43191,14.315848,8,64.403577,14.346337,3.4739969,3.4488087,0.8533333,0.010718167,0.824808,0.9674344,3.4739969
f3d4254fc5d843c58f388ff7364cb213.jpg,2,37.335646,-5.949848,2,36.55719,-4.656322,143.89525,10.025912,0.75924855,0.0060957074,0.725348,0.89485085,143.89525
f423cf6b2d1c4b4c9b17e65c90ade089.jpg,11,37.841007,27.246711,7,42.187856,11.745818,1403.3022,62.763306,0.6602746,0.038965344,0.6536312,0.70540625,1601.548
f42c28eecb1b44089d84abc483444f66.jpg,9,49.724352,22.049223,9,49.958614,22.179809,27.68085,3.698953,0.771736,0.016272604,0.7477622,0.8816785,26.951235
f44c6110a00a40c082e0d04cf9a90e7a.jpg,2,28.963853,-13.568601,2,28.985871,-13.584265,2.8837383,0.6368808,0.82177573,0.051912367,0.8105844,0.8665409,2.8837383
f473b2c975ac4a948d5ad3b5910750e1.jpg,3,62.414786,29.889803,3,62.172736,29.957261,27.139772,8.387273,0.79613334,0.011902332,0.7838521,0.8510351,76.923035
f48ea79b78574b708ca4a75a9345d46a.jpg,6,64.744438,-23.809086,6,64.813266,-23.950678,10.177542,0.117804505,0.8974185,0.0017966628,0.8903993,0.9493077,0.44580084
f49af5821a2142ee9a7fb3cce961b57b.jpg,6,63.939296,-18.648882,6,63.946051,-18.654935,0.80721647,0.80721647,0.7853759,0.026645482,0.75166595,0.9202155,0.80721647
f49d414e432b4017a36e78edd9b6f2eb.jpg,4,43.541191,0.465658,4,43.280181,0.109793,40.849125,15.289388,0.70134115,0.035327315,0.70659924,0.70515853,414.81265
f4b7c9e6f6334b269e9d5dd2f460c6de.jpg,0,55.661182,28.366563,10,56.574401,15.967201,774.22565,181.83705,0.6691618,0.000109791756,0.6364806,0.79988635,774.22565
f4bc5341fa2849ffabdae5982aa4e7bb.jpg,0,51.928438,29.576374,0,51.925605,29.257046,21.898594,1.4047787,0.80175006,0.0017440915,0.79452074,0.90676117,8.83775
f4be259322c04f5880d1ec65c12bc5bc.jpg,11,40.230732,36.53245,11,40.241926,36.54699,1.7528933,1.7528933,0.6757966,0.01944685,0.6485083,0.9148412,485.4234
f50a9ae34a3e49cda79286dac33fc09f.jpg,5,57.262022,-3.697377,5,57.492314,-6.359089,161.5898,7.3358483,0.7279327,0.012832165,0.69886345,0.8442093,161.5898
f51a23b12df24211823c5f17b46f5e2f.jpg,9,52.322636,21.565853,9,52.415844,21.623862,11.087329,10.511316,0.8280124,8.2194805e-05,0.8004779,0.9381502,11.087329
f5669dbb758f486ba193a9e756647928.jpg,8,60.779146,5.873446,4,43.988064,7.54734,1870.3883,5.1751523,0.70548403,0.026405811,0.687738,0.83032954,1672.645
f59268e4436341218b5736ab2f5dc416.jpg,8,61.797294,10.22406,8,61.580103,10.062454,25.610157,0.47321334,0.76847965,0.05002147,0.75221634,0.87306035,953.32904
f5a8718081cd4b6b9b797ad3fe1d1ef8.jpg,9,51.53143,17.850981,9,51.531879,17.850895,0.05027976,0.05027976,0.9116806,0.19455737,0.9031286,0.9458885,0.05027976
f5b39c2d2b23463cac44de386d4bef07.jpg,4,41.787916,9.397172,4,41.832903,9.403586,5.0304995,3.4953732,0.81125706,0.04066342,0.78487754,0.9167751,5.0304995
f5e8ed85171343679b570ebfb352e5b8.jpg,0,51.710682,29.154923,0,51.635884,29.09308,9.346729,0.26016542,0.8862573,0.009452343,0.87172306,0.9748485,0.26016542
f5f1f89b04da43c49016541209ddbc80.jpg,9,52.602289,21.496234,9,52.610269,21.494867,0.89212537,0.89212537,0.86176884,0.06422973,0.8604933,0.8774966,607.8093
f6001f1ffdd84b23bb37fcae6093a7b9.jpg,9,51.57047,17.83131,9,51.687807,17.921345,14.451751,4.4997272,0.79218584,0.06971675,0.7801848,0.8401901,14.451751
f60581b8c1a5481a8a1cde5923745bcb.jpg,9,52.835021,15.060811,0,52.358937,25.024378,674.49115,131.11726,0.65919995,0.015772343,0.65072584,0.70226187,629.99896
f6618891611e41e794e8c0fa85ade943.jpg,9,52.452773,14.719045,9,52.360964,14.779414,10.999436,10.999436,0.64881796,0.09722966,0.66848254,0.67108494,1423.5233
f696ab43513c46e29ef64da2cab56ec8.jpg,10,64.417272,21.22581,10,64.512091,21.062322,13.13668,0.068613164,0.80390733,0.015413284,0.7881061,0.8671122,13.13668
f72ca373207d412abda5fe4da70eb840.jpg,0,52.368024,25.59693,0,52.290326,25.682711,10.422206,0.5242082,0.82984793,0.026141107,0.8142345,0.9334518,12.215731
f74f4dc3e18c4fc082d71c5ee4e4a93f.jpg,6,63.982617,-16.871888,6,63.958355,-16.859442,2.7653282,0.2622192,0.8876687,0.016554356,0.8721585,0.97608674,3.6884336
f75ff49c27ae4b7792f16dfa1ef4f18f.jpg,11,38.732664,34.052067,2,41.256836,-2.19453,3078.045,74.75494,0.69139785,0.029547274,0.6908065,0.7969297,2875.4934
f788b23ab61d4a6ba196897077b13080.jpg,11,40.970559,38.751946,11,40.981471,38.768047,1.8163984,1.8163984,0.8699059,0.20097786,0.8694469,0.8717417,1.8163984
f791354e5bbe40cfb16d222fb2a24374.jpg,1,54.377429,8.729493,1,53.867233,12.190548,232.5439,4.050115,0.835974,0.045010388,0.8258352,0.8973195,30.440905
f794ca7012494b6fa68aec7601a94ef2.jpg,3,65.413605,25.397876,3,65.699168,25.161729,33.560757,25.670525,0.70486975,0.034969926,0.703542,0.83519864,362.71432
f7c0ccdc2efd4790a1a2d03d3b388c70.jpg,8,70.29884,24.179638,8,70.29497,24.155149,1.0139172,0.24173951,0.9575755,0.003658235,0.9493077,0.99064684,1.0139172
f7c4ba97cfa84e4599a46ac30616d331.jpg,0,52.022771,30.495758,0,52.278918,31.085183,49.279472,2.2177541,0.74176544,0.06960291,0.72808385,0.8629944,301.67078
f7de1c89c1e84dc2933a49c6c3527ab1.jpg,1,50.118843,8.853504,7,40.60985,8.377353,1058.0012,414.2117,0.75466305,0.030596852,0.7636234,0.88002837,2311.1345
f82546ead7e344c28a53dd27056e6cd2.jpg,1,51.292822,13.390976,1,51.476377,13.138438,26.901869,4.9307055,0.7467232,0.013599932,0.7248393,0.83425844,26.901869
f82b8f0db4894e3894accf09d2b42989.jpg,10,59.364462,16.071754,10,59.95768,17.29381,95.193344,3.3973925,0.75263673,0.024530113,0.7360877,0.8637649,57.034817
f83f5ffe3e9a474d82ce4bc0dde67870.jpg,4,44.614416,-1.090318,9,54.449772,17.297416,1710.5802,1414.8722,0.6652331,0.028047323,0.6292451,0.80918497,1710.5802
f849452997f6448c9c2960010ea5b9e4.jpg,7,44.586404,7.752267,7,45.746048,12.202128,371.8659,1.6108935,0.7050087,0.0017472506,0.6957694,0.7694726,1348.5007
f84986dcdbb44e079ec8059c60b2659a.jpg,9,54.453439,17.239374,9,53.526849,20.592238,242.16614,5.3151636,0.6436996,0.0033679605,0.61770356,0.7899467,623.2186
f84a915b88714d6aaccdc80a33716719.jpg,9,52.095703,21.152452,9,49.872003,22.176226,257.4336,4.605948,0.6894746,0.0049335957,0.6951205,0.7558102,47.171577
f84dc98ad944488ba6411ecb06d4bad8.jpg,10,63.717556,17.745612,10,63.431467,18.194187,38.7907,31.542252,0.8035688,0.043937325,0.80461925,0.80761635,125.83931
f88740772b5646249eb73153e0c3bf21.jpg,11,38.199255,30.054815,11,38.203519,30.05099,0.58010167,0.58010167,0.77372944,0.020346642,0.7706601,0.80187523,979.4408
f890f4571d064f029d171e16c0b9fc08.jpg,4,41.593333,9.315243,7,40.893911,9.068735,80.45679,0.77041394,0.7916085,0.028672457,0.7819605,0.87401754,0.77041394
f8954a1729c348629df307918c8a3fcb.jpg,0,53.032466,25.656718,0,53.051938,25.544566,7.804117,0.08609963,0.77451956,0.044748366,0.740338,0.9137951,0.08609963
f8b27286fe2a407c93617669f93b7f17.jpg,9,51.777759,23.654926,8,62.543071,6.124773,1586.5756,164.29681,0.65948343,0.033987403,0.64044917,0.8008088,1348.5754
f90c590242584a65b12f0bb428d7f49f.jpg,10,58.420005,13.77128,10,60.311661,15.045519,222.37811,17.823536,0.67801666,0.0027202368,0.6368291,0.8427669,222.37811
f9435f572cdd40a796871b231c8666e3.jpg,1,50.000302,9.334376,7,44.531273,7.518321,623.32495,101.51069,0.6656368,5.275011e-05,0.6286888,0.8644378,515.642
f95cf57d2ece43f8b2c9f5b7006d5c6b.jpg,11,39.010222,35.928438,11,39.550074,33.220289,240.68938,9.876731,0.6731207,0.01027137,0.65236944,0.80864555,424.52966
f96f08b13e42475db2ce9a0c6393b7ad.jpg,3,63.133474,29.745083,3,60.145893,24.154315,444.1682,2.207028,0.73250556,0.01830697,0.6963818,0.8897871,403.92978
f97dae741bcd45ed936295e56274bf90.jpg,4,43.761831,1.233119,1,51.815334,6.921769,990.4999,693.97394,0.6871014,0.02451551,0.6597109,0.79666346,990.4999
f9ac874273344ef8980853e9b4f0717c.jpg,10,57.51573,18.373488,10,57.286316,18.385241,25.519423,0.5157688,0.7595956,0.00094228983,0.7380259,0.86468697,6.6243553
f9dd17d2725d49828d7288bd2b105382.jpg,8,64.032948,10.082914,11,38.316743,43.10147,3589.108,0.29226318,0.6949186,0.016401112,0.6834269,0.78812367,3572.0479
f9f5136047f14960b7bc59bb029b7fe0.jpg,1,47.705085,10.03544,1,48.695369,10.024443,110.11772,8.069295,0.7140248,0.006286323,0.7274968,0.76541936,204.39757
fa34a89cd5934cbe9d563666ae5994ca.jpg,9,49.819205,21.424565,9,49.944497,21.327826,15.5608635,13.420767,0.8222541,0.10360336,0.8032062,0.8984457,15.5608635
fa4197eb881246c5924d4f313f41ff85.jpg,7,45.707242,11.420835,2,43.421806,-5.08755,1329.7631,52.3293,0.6440516,0.02964282,0.6706488,0.65777695,1396.1748
fa4a47f005594e09ace3b094d05aa1db.jpg,6,65.787779,-19.946876,6,65.797196,-19.938254,1.1184857,1.1184857,0.8740793,0.01353538,0.85475606,0.951372,1.1184857
fa622f38a0d54e5785f3d045ae8ca6b8.jpg,8,59.929833,8.929209,8,68.391602,16.641245,1010.60645,25.96118,0.78056395,0.02930665,0.76203156,0.89936024,1039.8123
fa6d854151c84d849e6030794bbb3b1b.jpg,8,64.042543,10.006046,1,53.100622,9.219176,1217.5193,285.47922,0.6407677,0.030029655,0.64639235,0.63276017,1176.8073
fa7292766f374708ae4cbcbeb3c43560.jpg,10,60.008483,16.642894,10,60.458932,14.736934,116.52502,34.111534,0.64785355,0.0017397404,0.65969855,0.73341364,922.33435
fa794147576b4d719bdc338e49b40a6c.jpg,7,38.023083,13.361467,7,38.048346,13.376082,3.0869927,0.17764644,0.70773774,0.0422256,0.721888,0.768818,1418.7052
fa7f7e3c490a44ef8f81f2823071db55.jpg,3,68.35944,27.416946,3,68.363119,27.411966,0.45721823,0.098778434,0.8277041,0.00014686584,0.7921015,0.9701141,0.45721823
fa81bf692e0947948c672ec77ab5c3eb.jpg,9,54.171599,21.927083,1,52.113971,9.415716,863.9738,128.62814,0.7231395,0.025773168,0.7174019,0.7795624,714.2643
fa9e1fcf84b74868ae9d314e5da9f4ab.jpg,8,58.44504,6.005733,8,58.449026,6.005917,0.44335288,0.33180836,0.8368422,0.0015438199,0.8047049,0.96747625,18.809858
faa09292333b405ebcaf88be924ad0b2.jpg,10,63.716977,16.189461,10,64.311834,14.961415,89.18661,1.525172,0.83973444,0.023795784,0.81800634,0.9266468,89.18661
fab9aeb3dd7f467da89cc4987b66fb40.jpg,5,56.068367,-5.462571,5,56.184237,-5.473365,12.901529,1.0604501,0.8695022,0.024792314,0.8514819,0.9575362,28.229801
fae278a31f7647bc881cff8d15a2842f.jpg,5,58.528227,-4.21013,5,58.526457,-4.217065,0.44813696,0.44813696,0.77536696,0.014722109,0.7470094,0.8887969,0.44813696
faf0679e051549cbab8430ccc8dd1e71.jpg,3,64.875534,28.950064,3,66.932528,28.895161,228.74117,10.373208,0.80429393,0.0021694899,0.76748693,0.95258445,241.82678
fafd56c0588c494ea5e3301c96071d1a.jpg,4,46.198038,3.446635,8,61.093972,9.123456,1696.5452,581.77295,0.6429384,0.009096384,0.61884266,0.7546671,1695.3577
fb24029dbc064c18a69cd7f748057990.jpg,10,65.279578,16.339667,10,65.273261,16.052077,13.393177,1.3503922,0.94856495,0.02342552,0.9410237,0.9787298,13.393177
fb3ca8147f134ae39647bd18f58d0998.jpg,4,48.896736,5.43926,11,35.967369,36.034759,2865.136,961.3532,0.62077004,0.017736375,0.58812463,0.76560795,2633.5554
fb42f24215844aa2a59929b6e3e25073.jpg,2,28.958852,-13.567067,2,28.985871,-13.584265,3.4387882,0.3114123,0.7992625,0.0016889572,0.8001617,0.8084879,5.201632
fb5c9c8b3e1b414d869a4369ad8c93e5.jpg,1,53.470851,10.729593,5,53.932996,-2.775358,889.108,11.323577,0.7344324,0.016376555,0.751852,0.7855331,301.56128
fb690ee86298461eaefa632774658342.jpg,7,44.7331,8.365771,0,52.198832,24.3497,1436.4723,196.69327,0.6322491,0.0041118264,0.61720264,0.77182245,2086.9795
fb6ff9d3da324568ac1d490b92658b04.jpg,0,52.707747,30.798691,0,52.612886,30.85318,11.169927,3.6405115,0.93434143,0.028848052,0.9305656,0.94944465,11.169927
fba5f90c8ab04bf4a346521da7d8494d.jpg,11,36.50259,32.080001,7,40.286051,9.150943,2035.9595,13.655376,0.65554917,0.015260875,0.6688891,0.6985086,387.93127
fbc970640c0c47dab9b757459b6abfb9.jpg,8,64.246367,12.183871,8,62.717222,11.34993,174.9976,4.5402727,0.82150596,0.030342102,0.78922933,0.95061237,174.9976
fbd08c78333446a39a7d27e12951bcac.jpg,10,61.09386,15.173316,10,61.159412,15.129742,7.655343,7.655343,0.82414806,0.052351594,0.79388386,0.94520473,7.655343
fbdc71dac7de4fb6bfcf3e83f746e141.jpg,8,68.412237,16.690519,8,68.416129,14.678166,82.31891,1.5632471,0.8379096,0.015017092,0.80730045,0.9603461,82.31891
fbe4d6c4f69d4fb1ba0e5b13d1813308.jpg,2,36.775086,-4.109316,4,42.088504,8.710679,1247.6768,417.55618,0.74063677,0.028949857,0.73139995,0.8275263,1254.8809
fc0328af3c534f599c721073c1fce5e9.jpg,3,64.062716,29.462577,3,64.309639,29.119438,32.09217,6.5279818,0.7884637,0.021354258,0.75074685,0.939331,32.09217
fc0f19e55922436eb6fd1f4580944536.jpg,8,58.683971,5.593687,8,58.689663,5.597417,0.66862184,0.66862184,0.84269464,0.04648316,0.83880484,0.8703749,1.2674991
fc3470ab25d244689eedb244973f5cdb.jpg,3,66.303521,28.861826,3,66.296821,28.869785,0.82557476,0.82557476,0.8485792,0.0449872,0.83653754,0.89674586,0.82557476
fc48f26351e749e3b840ab8a03439022.jpg,7,37.741958,15.146813,4,45.22711,-0.57373,1547.4783,0.2565024,0.6424354,0.0076993704,0.65736663,0.77118915,28.112682
fc6edcc352f5413ca5c9e5ee869988b2.jpg,4,43.79423,0.824933,5,51.408987,-0.592503,853.32184,32.734344,0.6356793,0.008915603,0.65281093,0.70225394,1019.84985
fc7ed0bbd573470d937f363cd71d6927.jpg,0,53.268626,30.658973,0,51.978862,30.45619,144.06697,15.734129,0.80072147,0.0032331347,0.7685433,0.9509063,55.099323
fc93fe942cc247969334c3d0ceefcc51.jpg,4,48.3861,-4.761849,4,48.387623,-4.761936,0.16947195,0.16947195,0.7207719,0.025515914,0.716141,0.7951522,193.38249
fc9984bbdaad43278071baeddad472e6.jpg,1,49.920955,7.902567,5,55.047064,-1.814868,869.18506,518.07495,0.72234213,0.005529523,0.69944274,0.85599923,1039.6938
fcc82a502a9a432eba84a8523cef8137.jpg,4,43.445493,0.31345,4,43.280181,0.109793,24.676933,20.58297,0.72230464,0.06492859,0.72255975,0.84645766,402.50208
fcfd731625aa45b4876e36b3633b56f5.jpg,9,51.597294,18.654489,11,38.725691,35.460687,1936.2313,34.91004,0.72167814,0.031930685,0.7124804,0.7734814,1925.5531
fd19b6ab15f74b6cba75b48fea82250a.jpg,1,53.14762,7.780379,8,59.686383,5.186006,744.2359,474.8634,0.6224511,0.0066356063,0.59071743,0.8444437,861.0243
fd2f08d9da914961bc00f4ed68d3f710.jpg,0,54.454921,25.890965,0,53.475745,30.3643,312.14767,14.5947,0.65923643,0.015591323,0.6574942,0.74454814,939.2625
fd39b35e73eb4df0819b42127d1d08b1.jpg,4,49.54541,1.512449,9,54.353226,22.727182,1541.9257,357.758,0.6535998,0.0075364113,0.6171123,0.7995498,1541.9257
fd9531545b36418097708c4ddb93edfd.jpg,8,70.04132,18.818739,0,53.853226,30.30094,1889.9387,2.8227053,0.6746064,0.020207822,0.6815946,0.7453798,3583.3108
fd9c3dc73ccf4164a9440460de022fd4.jpg,2,43.728484,-7.687987,2,43.728971,-7.690226,0.18788098,0.18788098,0.7046275,0.019251645,0.6881041,0.77072114,0.18788098
fdfcb1fecb694957ae6cba61070b9420.jpg,3,63.299987,28.374453,3,63.298492,28.371361,0.22693786,0.22693786,0.86658,0.022721946,0.84228444,0.963762,0.22693786
fe6a874f91404b70a6599076db6b1b17.jpg,1,52.763532,11.756891,1,53.100338,9.429948,160.38733,26.44367,0.7240846,0.04706472,0.7393415,0.790679,336.34842
fe79f2675ba348efbb3680524dc34316.jpg,7,40.589654,16.250055,7,40.554271,16.271436,4.3290744,0.2838071,0.9177125,0.009617567,0.90105283,0.9870214,3.5747554
fe9e63942a3f48a191e28f11aea5adc8.jpg,11,37.354932,41.349491,11,38.201675,41.479896,94.8486,82.485115,0.6649355,0.001712203,0.684944,0.7298472,3433.0022
feaf767c38b84a6aacaa4ad7c58a4591.jpg,1,48.520989,10.350077,1,53.782348,9.30698,589.5259,127.431564,0.7642879,0.05722183,0.76530635,0.8301743,613.38135
fec27ce768b24f3a922ec988fa89276a.jpg,5,51.614129,-2.591593,5,51.929847,-3.917791,97.76961,8.061607,0.83592325,0.009783089,0.82543176,0.9165702,45.094803
fed9fcf60156498d8c43ee2f86d501e4.jpg,4,47.774731,-1.162269,11,39.846239,33.450381,2886.346,675.94037,0.6228797,0.005123198,0.634398,0.73723584,1565.0127
fee65c946d2f4692810b0256eb835887.jpg,10,57.778879,13.292995,10,57.778784,13.293008,0.010591152,0.010591152,0.87249035,0.18043947,0.8571142,0.9339948,0.010591152
feee493a910b4bb1a8bae25dc196ff50.jpg,4,43.464629,3.40176,4,43.467876,3.342624,4.786098,4.786098,0.7374409,0.021282375,0.7505107,0.77808034,539.8573
fef0b35c8efd48a99a5b82febdeaad5f.jpg,3,61.109459,21.510456,3,62.807034,22.926899,202.75284,24.0258,0.85708904,0.017103553,0.8369431,0.9376728,202.75284
ff0554dba41646a380f808378f4e14b5.jpg,0,55.148837,30.34275,0,53.605371,25.764625,342.49472,2.390136,0.79408544,0.0021715164,0.77738476,0.92933506,9.530942
ff118951725a459b99cc1acaf77cc8db.jpg,2,39.700225,3.101041,4,44.424481,2.131212,531.3682,18.504343,0.6636939,0.032396197,0.6781762,0.7809295,1002.3269
ff17918215de4a378dbde8f4c8991567.jpg,4,43.992367,4.336861,2,37.243922,-7.319286,1235.3145,50.410107,0.60823,0.010011733,0.6218567,0.6086617,613.3018
ff6de30f70f34cd6b304202d94ccb10a.jpg,10,60.948433,15.232091,10,61.220499,15.415525,31.819353,24.097765,0.8321491,0.015499949,0.7994583,0.96757746,59.700287
ff6e885764dc498295f885afe8c9af6c.jpg,1,51.565856,8.197228,9,52.154218,20.195148,825.56824,169.02718,0.677437,0.0116429925,0.6708691,0.7833432,1059.8767
ff6eead17d6f4cfb952ac4a0cafd2e22.jpg,3,60.560735,22.447208,3,67.005135,25.189659,728.9615,47.6234,0.68704283,0.0023624897,0.69291306,0.7658185,519.57623
ff78a75ce57e4f83b236f6990da710c2.jpg,8,65.100592,14.602914,8,65.082534,14.630677,2.392157,2.392157,0.791222,0.056877792,0.79242057,0.806072,4.2524295
ffa54cf2f8c546b4a8d7bf0ab0939722.jpg,5,57.961191,-4.049945,5,55.569415,-3.087947,272.33148,5.19293,0.73434675,0.0018737912,0.71118414,0.8687601,346.31308
ffb4df833cd948d781af9e7859aed07c.jpg,1,51.996815,11.557226,0,52.080309,25.558226,956.2227,828.7762,0.76472735,0.0011808872,0.7366934,0.92409176,1106.439
ffbaab002cce4339b6cf0886e1f7494d.jpg,5,55.822208,-3.996808,11,41.379008,31.95694,3042.9133,1010.02637,0.7022298,0.005099237,0.68907857,0.7548347,3042.9133
ffc49647426b48e480478e725a4ef0c7.jpg,4,48.095967,-2.801507,10,58.864158,17.828195,1802.4321,33.129757,0.6355049,0.0123772025,0.6275916,0.66715795,1802.4321
ffcdbf8199b642439253e80a5eda0b38.jpg,3,64.746363,29.495029,3,64.746486,29.483094,0.5663451,0.5182315,0.8808033,0.016795635,0.88077915,0.9289362,21.331087
