filename,true_country,true_lat,true_lng,predicted_country,predicted_lat,predicted_lng,distance_km,top200_oracle_km,top1_similarity,score_margin,top1_local_similarity,global_top1_similarity,global_top1_distance_km
001d942139a74bc7a3dc6f15fda203fe.jpg,5,57.398188,-3.408784,5,57.162041,-2.718103,49.12028,10.193266,0.662544,0.009839058,0.65069705,0.7756611,43.202034
00413a2cbe4740afa40dd8b5d9236855.jpg,8,58.671712,5.596509,8,58.672607,5.595401,0.11835368,0.11835368,0.83304703,0.08763707,0.82614315,0.88253045,1.3728663
0057bf0f91f64f04b899dee57ade9960.jpg,10,62.448483,17.308534,10,62.2577,17.471562,22.820953,10.554576,0.6939801,0.025746167,0.6718812,0.7823756,22.820953
0069ba77e4454caca74a367303668dd2.jpg,7,42.779707,11.124759,1,53.067468,13.2877,1155.1038,189.9959,0.70677537,0.006313503,0.7205975,0.72024584,1085.8678
008aaac423a34be6bf455d8433560fe5.jpg,6,66.01157,-19.387095,6,66.056718,-19.329587,5.6523843,0.69623244,0.8282896,0.01684457,0.8132453,0.88846666,5.6523843
00962bcda8a74486be91dc7fe4986b4c.jpg,2,41.103312,-1.168238,2,40.806906,-4.539404,284.99448,1.6091783,0.7252319,0.02387482,0.6943623,0.8568924,338.08658
00a75e537d2744aca7570fe2033b6617.jpg,6,63.89848,-16.606319,6,64.362705,-15.33723,80.34484,1.3819056,0.7313307,0.0104699135,0.71865344,0.8302125,113.15111
00c1b46f23a742efb330ae46aa173c56.jpg,2,39.561229,3.249621,2,39.561677,3.240939,0.74592924,0.48247918,0.8476687,0.0021992326,0.8228952,0.9673625,11.5025835
00e7b198280a4879bb6d1d89e222bace.jpg,5,56.901067,-5.019641,5,56.900806,-5.02005,0.038197797,0.038197797,0.85066885,0.05825317,0.82322836,0.96043086,0.038197797
011cd0131f1b4a7db7a62155c7279d37.jpg,4,47.289175,1.796063,0,51.634304,29.086037,2017.7291,11.183782,0.7672507,0.0037593246,0.7698977,0.783946,2053.275
012e938238004624a16cf5740c81b0a8.jpg,2,39.994325,3.845642,2,39.99515,3.845783,0.09251895,0.09251895,0.9576209,0.080093205,0.94965065,0.98950195,0.09251895
014d4abc27f042ceb0791d6dcd16b882.jpg,8,63.465881,11.130797,5,51.937124,-2.169361,1499.2952,801.4935,0.62670803,0.01838386,0.6062945,0.8125495,1851.6504
0178f2f56de942f2bdc7976c3174084c.jpg,2,43.036498,-8.797333,2,43.018288,-8.835299,3.691106,3.691106,0.69479173,0.04973024,0.67861855,0.78317606,579.01184
01978ef358174653a2a83b2f0bc5c205.jpg,2,42.543759,-8.797509,2,42.541244,-8.799373,0.31863388,0.31863388,0.7371484,0.0877803,0.73819864,0.82003427,1049.8341
019f59e0d286453985d10740ede42939.jpg,1,55.006625,8.397612,10,55.730081,13.874312,355.2067,178.44147,0.7800809,0.004903853,0.7777521,0.78939617,355.2067
01a2220866b64047ab36bfcaa2e850fa.jpg,1,50.457473,7.179745,0,53.13244,26.063628,1328.0818,221.8698,0.6562229,0.003831327,0.6785461,0.6613438,1350.5042
01b988b26a784750bb4b3ab63b95c5fe.jpg,1,53.579789,12.725136,1,53.548036,12.712733,3.6245465,3.6245465,0.8393753,0.019385636,0.81522614,0.9561076,10.314153
01ca771cd492488aa068bdf46f79b6e9.jpg,6,65.492488,-23.648453,6,65.674532,-23.208376,28.61666,3.3838766,0.91669166,0.00023561716,0.90419763,0.97885793,25.535254
01d314a2d5234c0d824d257ec1266d5a.jpg,4,43.668955,0.535842,4,46.829263,0.560205,351.41586,15.289388,0.75529146,0.061421633,0.73718834,0.8277039,351.41586
01e1b61af7f54304a4ce4857438d0898.jpg,7,42.819265,10.288272,4,45.410017,6.00905,446.75674,68.57142,0.65572387,0.010051131,0.64245915,0.7087827,446.75674
01f43d18fb644adebebfc2358b031672.jpg,8,62.957201,11.011846,8,64.246367,12.183871,154.6102,51.456787,0.7803686,0.0019391775,0.7396428,0.956561,245.62958
01f6bbca55144eb195c98ac212cc173c.jpg,7,42.651416,12.373669,7,42.689154,12.347071,4.7262716,4.7262716,0.67748415,0.039043367,0.6665305,0.7212986,4.7262716
020a0bcad3054bcfb79fe79379332747.jpg,5,52.141722,-1.904786,5,55.083213,-6.355413,439.3448,14.103109,0.73065925,0.009514272,0.7222926,0.82562053,75.26153
0241c8cb9e7845c0a58ba7a608fe289c.jpg,9,50.670538,20.29991,9,50.754494,20.284491,9.398409,6.3659673,0.80820763,0.101086915,0.8165711,0.7747536,9.398409
025337a5ed2e4200a52b619aed5e46fd.jpg,6,65.414525,-21.883301,6,65.31446,-21.744239,12.858875,10.243845,0.7910927,0.025259137,0.7607154,0.9126016,12.858875
025aebdfbf544dcd8c09491fd660f8a3.jpg,11,38.671617,41.199049,11,38.671327,41.198874,0.0356462,0.0356462,0.9394249,0.0960713,0.9262785,0.9920105,0.0356462
027ecf3cb22b43458e094200e1e8dfeb.jpg,2,42.546068,-6.545819,2,42.455701,-6.13377,35.242767,35.242767,0.70719814,0.02573514,0.67188287,0.8983067,511.61398
029b77143bc645849e89ed967a36190e.jpg,9,53.979933,16.029387,1,51.856473,12.039205,356.72308,130.98509,0.6922648,0.0025814772,0.69045126,0.71832556,692.5738
029c1b07044c4beba4c9a99d3ad87b66.jpg,11,40.929574,40.071086,11,40.92845,40.07226,0.15921156,0.15921156,0.69135594,0.08495921,0.7309064,0.7022144,1866.9486
02a71b085fcf43c0a221177eee9831f2.jpg,10,60.156197,13.536888,11,41.859552,35.079983,2507.3342,82.732376,0.65486306,0.011416435,0.65308964,0.7566075,2312.8516
02ce317562c24466bff1177201f4737c.jpg,9,52.841454,17.986882,9,51.644384,16.925847,151.44472,73.06956,0.67528975,0.006033659,0.69659126,0.6918694,471.78162
02f49a8f8a614cc1a870d1d9003ec954.jpg,11,39.524323,44.238627,11,39.51939,44.242153,0.6263778,0.09943425,0.9575818,0.15435469,0.9509537,0.984094,0.6263778
02fcc433a3684106b68a8457cb7ea6a1.jpg,7,44.516523,8.9887,4,45.109586,1.851809,566.6384,44.48833,0.6549053,0.012688279,0.6515876,0.76791364,44.48833
037031643b474867a73ac8b7ffe9a2b3.jpg,2,37.824225,-0.8189,7,38.014888,12.913387,1203.6744,399.1433,0.67196506,0.010820806,0.68151045,0.73222625,1262.6202
037db81e9d9c4c3dba8d632c8d5f23b1.jpg,10,56.975206,18.314161,10,56.957938,18.302935,2.0371275,1.8655523,0.8353227,0.041163027,0.8117136,0.9297591,2.0371275
038bf801b12c483c8bbe81ccc36020cc.jpg,4,49.514203,3.765998,1,53.603695,7.180543,512.20526,78.083984,0.6988143,0.0082710385,0.69985133,0.757051,844.574
0394061466c844b88b9a45bad423f525.jpg,7,43.579006,13.517528,4,45.624812,2.716712,884.07837,565.3209,0.51965934,0.0042023063,0.5311057,0.6818492,2475.8289
039b2faa13de41afb097b0a731850244.jpg,10,62.395855,13.938966,10,62.252036,14.129205,18.769077,8.875369,0.88521796,0.003640771,0.8770292,0.94741666,71.73645
03a611932d1142008a2bd85c70ec7682.jpg,9,52.519537,21.122723,1,51.964758,10.663356,714.187,4.6148047,0.67250544,0.036008954,0.69371325,0.66997063,338.47507
03b6cdffb18d444faf01788645b56ef1.jpg,0,54.611587,27.909403,0,54.597116,27.896206,1.8197981,0.631958,0.8272087,0.038623273,0.7953486,0.9546492,1.8197981
03cc568ab0ff44b99ddd24421bed6a5d.jpg,9,53.172641,23.041911,9,51.654388,21.585578,195.58537,7.048366,0.6818588,0.0019761324,0.65233076,0.8350302,63.470673
03e2bda4d68f46a0bd56093ba2cea011.jpg,8,62.239873,11.768325,8,62.247509,11.760032,0.95151216,0.57822686,0.819377,0.023286164,0.8163023,0.89352,1.2102033
0417f7e29a564468875c73edaae482fa.jpg,9,51.349278,21.054446,9,50.574659,18.525898,196.90804,39.036434,0.6591406,0.0027275085,0.6629386,0.7525915,168.48788
041d2441f5374cfa8838b04acbc3d85e.jpg,8,69.219544,19.314335,8,69.081363,17.978113,55.068027,1.7615099,0.77071583,0.0020332336,0.7479044,0.88230044,48.26223
04201d82064b486a963192ee906c1d10.jpg,2,40.358605,-1.086697,2,39.548292,-0.442968,105.49462,27.488493,0.82017064,0.017886937,0.8080184,0.86877966,105.49462
042748125d7a4d99bad3aea7843856db.jpg,9,50.23943,18.938704,0,53.258407,26.98964,647.4172,273.8689,0.7144313,0.004753411,0.70763254,0.7887815,429.646
044cb462376441d3b3f91753383bbf44.jpg,9,51.188283,17.165946,4,47.834133,6.434561,858.7876,138.40411,0.6695548,0.0031648874,0.66023946,0.7987512,1091.1171
04e582fc17904e848809409115d074a3.jpg,11,38.271251,40.949277,11,38.270758,40.9521,0.25246608,0.057260074,0.90370995,0.065948725,0.88622755,0.97363955,0.25246608
04f4c44aee764ddb916de149a250b0ab.jpg,8,65.212997,13.37772,8,65.212879,13.377714,0.013124115,0.013124115,0.70949876,0.007979989,0.668828,0.88051546,151.16783
04f79578dbe3471394e0b5469edd72a8.jpg,3,61.680837,27.036604,8,69.081363,17.978113,921.5158,2.5929177,0.7477964,0.0017734766,0.746414,0.7875001,864.94904
04f7d760e8ce4562ae2600cdfc4e78d3.jpg,8,61.762604,6.24775,8,61.750603,6.342939,5.183516,0.9929703,0.821873,0.051538646,0.7864178,0.9636938,5.183516
050610f384af478ab6c60a60a75993d9.jpg,4,44.006018,-1.027782,4,43.971117,-1.063066,4.798854,4.798854,0.81949455,0.063673496,0.81375074,0.85574096,8.429615
052b421b96fb40579bb0c3bb9d45f007.jpg,4,49.020105,2.702849,4,49.643606,-1.488336,311.47437,25.480354,0.73821336,0.05680442,0.7219288,0.80335176,311.47437
0530fd077d5a47d48fd26ccc14d6d61e.jpg,7,44.581672,10.910893,7,44.529318,10.89839,5.9051986,1.304604,0.73438174,0.024970591,0.7099322,0.8321798,5.9051986
0549ff1cb8cc4dc5b234ff5f52be5522.jpg,9,50.02902,19.80091,9,49.64458,18.874802,78.98458,11.807681,0.6801405,0.027631342,0.65127754,0.7955924,78.98458
059e1d91ace34517ae074aca3f4c1ba9.jpg,7,38.125682,15.007121,7,38.004936,14.97563,13.706477,2.9801702,0.739485,0.01783222,0.7091459,0.8608416,13.706477
05bb10f8738f4a008667dde7aeb929b5.jpg,0,54.501517,25.876029,0,54.500964,25.875252,0.07936119,0.07936119,0.87227345,0.16786909,0.87998307,0.841435,0.07936119
05de84694a26477b85651132549583d7.jpg,9,51.436566,22.366222,9,53.795289,16.441727,478.0627,83.70713,0.6345688,0.0026174784,0.61252785,0.7756926,468.07724
061280e864e34f96ac22414f154ac568.jpg,1,53.671187,7.473126,7,43.387667,11.82205,1186.9,459.59802,0.64082813,0.024358988,0.6592423,0.62440443,2256.4927
06148a313b5a4ef19b7b84eb0c000b1e.jpg,9,53.283219,18.8963,1,54.564042,9.837347,609.55396,15.213094,0.6955946,0.021642804,0.6837789,0.7781892,136.64317
061e5dfca3b74607ab295f97e3f05dc2.jpg,7,37.805217,12.451233,7,37.822699,12.484546,3.513182,0.670348,0.6883548,0.004890442,0.6735134,0.7477202,3.513182
065af1d897f24e32892db300c218d95a.jpg,8,68.502395,16.894419,8,68.501656,16.889378,0.22124429,0.22124429,0.88020504,0.0126132965,0.86563784,0.9487939,8.328994
06a126a9fa3248b591188a4ad3cf32e2.jpg,2,39.421305,2.896097,2,39.412506,2.902598,1.1265665,0.80884117,0.7884438,0.037196398,0.75447214,0.9243302,1.1265665
06f96ca127b544e7a69158771342d6a0.jpg,8,58.989666,9.567324,8,58.995221,9.581974,1.0420034,1.0420034,0.78456163,0.050583363,0.8012922,0.7176392,1.0420034
071c748067174ee782744d776c2f12ba.jpg,11,39.89692,33.929452,0,55.273499,30.125186,1732.7872,41.27061,0.6604258,0.0040789247,0.62188756,0.81457853,1732.7872
072b8a94f3eb4c64ac48e804607c7c03.jpg,2,37.031067,-4.544283,4,47.969539,2.282805,1337.5825,1204.0952,0.67013067,0.0011139512,0.6361401,0.8178339,1725.6538
072dd6d632bd4ef3a2f1969e0cb0e62b.jpg,3,63.610009,29.190994,3,63.835635,29.464602,28.475348,0.43978807,0.83361924,0.031960845,0.8313218,0.91764164,76.697266
0742eee3051f4845a6bf8724b9d87ca2.jpg,4,49.303198,-1.458641,4,47.412727,0.609483,259.85922,14.137004,0.6509317,0.0073197484,0.60618556,0.8299161,259.85922
07460d18bec644e4a047df062012a378.jpg,5,54.918787,-6.319737,5,55.266469,-4.842996,101.606926,48.505966,0.6493988,0.005009055,0.6564748,0.7371617,260.09036
074e0107c6134324996ba19db1f381fe.jpg,5,52.916378,-1.120093,5,51.430748,-0.556247,169.60902,15.842408,0.70001745,0.03230709,0.68994725,0.7927861,17.352793
0755e2a791a94fe2bf81f17ef7b729bd.jpg,3,65.909199,24.101246,3,66.099693,23.920341,22.706709,0.26567978,0.88264483,0.008631289,0.87449104,0.94476736,0.26567978
076556722350427a9f1114a87f0bb64a.jpg,8,69.438057,19.246305,8,69.436642,19.251199,0.24756664,0.24756664,0.9552944,0.032497764,0.9463223,0.9911827,0.24756664
07f9050f4345415daaca53083a814c1f.jpg,11,38.886565,35.590934,11,38.890409,35.594218,0.5133109,0.15922318,0.88502085,0.0067531466,0.8668475,0.9620844,5.62201
0818d3d55128436697cfd24553368d6a.jpg,3,68.371108,27.415558,3,68.372554,27.412926,0.19362071,0.07141751,0.89938986,0.003114581,0.8900105,0.950679,0.1461621
083559d1008249b1b9e874df157b3342.jpg,4,42.285407,9.121775,4,42.539268,2.254169,564.35724,40.15852,0.67080736,0.05099398,0.661157,0.7094088,564.35724
0843c62b4096470ebe073c3aab4420b1.jpg,7,44.708228,8.164091,10,61.104801,13.30346,1854.1235,13.723033,0.6664792,0.004063964,0.664052,0.73802096,1943.8802
084714dde65046578900a7e6055fe0f8.jpg,3,67.682854,24.865754,3,67.813946,24.794459,14.882694,14.882694,0.84161013,0.06255072,0.8305775,0.90933096,328.04413
08709ac553b54d3a8803377418608716.jpg,8,61.630944,5.333329,11,40.511476,36.146334,3128.4702,2747.7117,0.73415637,0.035675526,0.71248186,0.8509958,3168.6538
08868c5599be4a5582a2c0bc69e40129.jpg,7,40.570273,16.577622,7,40.569379,16.577708,0.09967343,0.09967343,0.88736045,0.037752032,0.87181795,0.96271497,14.321209
08952adbb6844320bd4fac03208d3b63.jpg,8,68.247469,17.412896,8,68.227348,17.441107,2.5215967,0.10206247,0.78940135,0.0152237415,0.7601396,0.90644836,2.5215967
089c554c5cdb4639a09c077054540de9.jpg,4,48.735921,2.986122,4,49.298242,-0.308172,248.21893,6.8204064,0.68217653,0.02106154,0.6379658,0.8590195,248.21893
08a1b11bac72440fb9b90fe46bae9eaa.jpg,7,45.820641,9.265958,8,69.423994,19.277515,2683.3015,22.722908,0.6559656,0.0048098564,0.65528417,0.74197984,2650.331
08b93ac27c0e47e5b9d568907ccc037d.jpg,8,58.881875,9.212862,8,58.874145,9.162002,3.0468073,3.0468073,0.83632636,0.0061252117,0.8174904,0.9454386,38.005787
08bba0c47b74404db368fe02a5aff9e1.jpg,4,45.534759,2.353654,4,45.454263,2.071068,23.775417,19.498669,0.7084538,0.041562557,0.7083078,0.7330277,58.463963
08c10d97567a46fb9cf8d3e21e43e631.jpg,7,40.530349,16.486546,7,40.599087,16.174433,27.4503,2.1446762,0.72372234,0.04672396,0.71349216,0.79671955,72.146835
08c8549f87e04e22a880855bab2267d6.jpg,11,40.104911,29.467789,2,42.248432,-0.648802,2518.6562,32.341656,0.71692705,0.0069231987,0.71232074,0.7892991,2868.5886
08e3236138304108b6b792a6a2f85611.jpg,4,48.369579,-4.686,4,48.414704,-4.791487,9.265134,2.0883667,0.7837841,0.030911386,0.76029575,0.8777373,9.265134
0904e4a00bee4c709711fd3d41861507.jpg,4,46.051633,4.355845,2,28.859315,-13.804984,2482.503,778.6432,0.6391915,0.0042898655,0.6249103,0.8497986,1370.8447
092ab4fea8544b3cb1395e61c6a5f45a.jpg,9,52.670618,16.823882,9,52.669271,16.906546,5.575989,3.7968879,0.6970537,0.04512298,0.6928678,0.78448474,695.6406
095224997ec745b796d7636e7ef5ad95.jpg,1,50.898492,9.423125,1,50.891988,9.993804,40.031128,16.5328,0.7530154,0.023556113,0.7329449,0.8648342,138.35541
09566f71a066472c8a1489874641403f.jpg,11,41.469507,36.106126,9,49.979629,22.021666,1441.7269,0.56856513,0.7519389,0.0059323907,0.73450756,0.82166404,1441.7269
099716f5169048258d82bf7ee320996a.jpg,7,40.652379,9.722033,7,40.70569,9.695099,6.348143,4.957586,0.8989911,0.019833446,0.87840074,0.9813527,6.348143
09aa4257218444c893f6470d865fe3ac.jpg,8,69.621868,23.463642,8,69.620631,23.463896,0.13789949,0.13789949,0.92174655,0.16022587,0.9126835,0.9579985,0.13789949
09dcc5208c664cc7bebc6d421b39e389.jpg,3,62.91159,28.765358,3,62.913378,28.766222,0.20357282,0.20357282,0.7998872,0.00053554773,0.7834675,0.93102884,160.96078
09eedc1f4c244103885bd178d8e38bf1.jpg,9,52.105639,23.540185,9,52.165458,23.394654,11.954112,11.954112,0.7154325,0.020328045,0.7480743,0.7150208,595.59283
09fd4abdf0b547fcb7a572a2bf3bab0b.jpg,3,65.725181,29.154556,3,65.685457,29.12437,4.6279573,1.9990373,0.96268237,0.0019390583,0.95755905,0.98493886,5.3655214
09ff25b9255a40f3ada0ee0bd20285b9.jpg,8,69.603067,18.302801,8,67.158153,15.470315,295.5194,0.08912131,0.647486,0.01591593,0.63468766,0.73884493,1190.4932
0a13f06b1f4a4b6b897b36a1bf230f04.jpg,4,44.101876,7.10316,10,60.526679,16.484767,1929.984,144.36444,0.6960595,0.043641508,0.6792526,0.76328695,1929.984
0aacc91e47c7467594e58902b8dd628e.jpg,4,43.781889,6.361586,10,61.387465,17.191653,2083.4607,249.2374,0.6390574,0.03562635,0.6203813,0.8353849,2163.6978
0abc3ea7d98a486ebcff13c3ed682c55.jpg,11,36.924922,35.410655,5,53.83272,-0.628121,3329.9897,2172.1545,0.67021924,0.04017371,0.64688504,0.7768866,3297.2554
0ad511428b7246088d0358ff665b654c.jpg,9,53.282632,19.370504,1,50.48496,8.944076,779.3767,94.61761,0.6455205,0.004123211,0.64744955,0.77699345,525.1882
0b0e59e39c674705a1230dba42169f75.jpg,5,50.58229,-4.703927,5,50.552351,-4.7217,3.5578654,1.1325111,0.8870984,0.036179543,0.8644752,0.97759104,3.5578654
0b1f45f0de0c4a64856aef2f42e2888a.jpg,1,51.139887,14.269294,5,50.298969,-4.964571,1353.4014,704.4761,0.7022656,0.0158028,0.74103224,0.8193056,1454.4257
0b2faa4f68a64d43981e9a15d1e532bb.jpg,7,41.222383,9.189538,7,41.172029,9.291977,10.237702,1.4859835,0.8490373,0.006397009,0.8290035,0.9291723,10.237702
0b3872e61eeb48848d45fc0818a7984b.jpg,8,69.097039,17.638162,8,69.081067,17.541947,4.2113285,3.735162,0.807547,0.011289656,0.7778784,0.9263736,4.4857016
0b4c649c555041ad88dee6e3b2c8179d.jpg,3,61.746607,24.34826,3,63.057574,22.110661,185.81566,0.06130712,0.87918144,0.0046718717,0.8576979,0.9651154,185.81566
0b4fb2c121ac479497f640a063c833c4.jpg,6,64.256819,-21.368206,6,64.820298,-21.393362,62.66763,0.7058985,0.84456253,0.0061924458,0.82564396,0.9295956,53.483006
0b692c60a9144d7b83043a2f5fa5013a.jpg,10,62.185213,14.176863,10,62.252036,14.129205,7.8301754,7.8301754,0.8655708,0.0062051415,0.8530774,0.91554445,7.8301754
0b793a915a4b4c1bac068578ff0f8238.jpg,5,56.428121,-5.208831,5,56.515266,-5.931793,45.44803,17.055601,0.6738849,0.0006479025,0.65551966,0.7642866,699.7227
0b94862c0f894281880e6915e9ea209d.jpg,4,44.377523,-0.841028,4,44.048219,-1.009445,38.99964,0.2234301,0.817122,0.013590455,0.79974025,0.886649,38.99964
0bbd0d872e6d47fd948ca115b34555e8.jpg,2,38.675353,-0.043177,2,41.982467,2.870921,442.93427,0.99849427,0.68906367,0.027541637,0.6592133,0.80846506,442.93427
0bbdfe3584c24a4692f7784ab59d9d6e.jpg,8,60.276865,6.375572,1,50.402256,8.233741,1104.1646,928.0927,0.6462268,0.030631542,0.6462016,0.7380854,1546.6642
0c24eeb0af0d47e0a4f93eaa0f4a9537.jpg,0,54.144518,26.462357,0,53.562941,25.837863,76.54794,1.878564,0.7050466,0.010062873,0.7249474,0.69665086,188.74522
0c5061c0c3ff469cb158ce89ec82ecf2.jpg,11,40.227757,38.027394,11,40.183884,38.079536,6.5884056,1.8327715,0.8017946,0.007818282,0.7775639,0.9351454,6.2701144
0c8be74e4bab40b4bffd8f0add31fde5.jpg,4,45.807773,3.319766,4,45.793745,3.300974,2.1343074,2.1343074,0.6227162,0.0015332103,0.61190796,0.7395661,464.96964
0c924f7cc1bf410c9cdcaef19d508b0d.jpg,5,58.485889,-4.869899,5,58.48256,-4.875774,0.5036246,0.5036246,0.92405856,0.033616364,0.9130644,0.9680352,0.5036246
0cc188a6a6d74a2090f5ec7922d59186.jpg,5,58.547413,-4.674586,5,58.544871,-4.673834,0.28600582,0.074451774,0.7203696,0.020854771,0.7449879,0.7634093,1716.8802
0d07ddc16cac4de58e2d85891e55f943.jpg,9,53.087998,20.518187,1,53.291017,7.742422,850.34753,530.332,0.6845144,0.044649422,0.6604276,0.78086174,850.34753
0d0ae6edeb564796ad083f7d32d8fe5a.jpg,9,50.884844,17.027788,5,57.81025,-5.05747,1614.969,8.367005,0.6836264,0.025829613,0.71028113,0.7190404,1228.4489
0d2f4d3c5b6e4b4ca11fc29561fa7d31.jpg,6,65.461626,-22.169696,6,65.489534,-22.127649,3.660093,2.8082976,0.86079776,0.015989602,0.8481465,0.9114028,3.660093
0d4003ca3515444a830a14c8601ebe0b.jpg,7,36.816285,15.049098,7,36.81853,15.051085,0.30594462,0.30594462,0.88978016,0.051445007,0.8800448,0.9287215,0.30594462
0d4c172d1cc8401891b2fa10be90855c.jpg,0,52.290326,25.682711,0,52.368024,25.59693,10.422206,2.3526657,0.8156029,0.031950057,0.7924955,0.9080324,10.422206
0d4e8dd6419244b6895775e0a3812ea3.jpg,0,54.489111,25.836298,0,54.246893,26.328196,41.72259,5.189487,0.818864,0.020468354,0.78954387,0.93614435,41.72259
0d60ea30a976484dbf73afc0b5fd57d5.jpg,6,66.091412,-16.831575,6,66.083216,-16.775368,2.6923156,2.489143,0.88023424,0.009288251,0.8600743,0.96087396,2.6923156
0d7e49be675d4b64bdf182bff7caa096.jpg,3,60.984228,22.089863,3,61.27953,22.096408,32.83801,5.866461,0.826395,0.00520128,0.8164704,0.9062257,47.413754
0d8e91e4e4104719817cf042fdb8568e.jpg,9,51.429984,22.494215,9,54.244746,16.563825,506.31427,2.0385141,0.742861,0.029913127,0.73343277,0.8209024,461.49414
0d942a3ae503404a99e9c164dd703f9f.jpg,1,47.589539,10.334677,9,53.297828,14.655551,704.3171,290.97552,0.6646299,0.0063812137,0.6633634,0.69441813,789.15466
0ddb7d95af37437f946a9d7f90896653.jpg,7,44.534928,11.121658,2,41.347832,1.178807,882.764,75.29156,0.66412556,0.029880762,0.65198934,0.74560153,844.6001
0ddfc9865f7f45aa8648ed8d2ea8cda6.jpg,0,55.59862,28.659509,0,55.997854,28.645426,44.40158,2.2258732,0.8650078,0.0016524196,0.8418948,0.9704422,40.94624
0e2dda6253f74dc7834dd2a877b42da4.jpg,3,64.605682,27.792109,3,64.83527,27.790714,25.529142,21.138926,0.7362672,0.027663171,0.71787465,0.8098371,25.529142
0e64adf5e28a41e9819f47a7535d9a38.jpg,7,46.429611,13.616613,4,45.658693,5.615884,623.14813,131.07654,0.6879729,0.0071394444,0.67190397,0.7522483,623.14813
0ea8e9702a8c414d9cf2b82759540363.jpg,11,39.894883,44.061837,11,40.124544,43.629412,44.816353,2.4889557,0.7634844,0.005434692,0.74762356,0.8715023,10.329584
0eb950d6cb474fe09c122c2412ff1011.jpg,6,64.909923,-13.99471,6,64.903645,-13.937835,2.771412,0.61293733,0.9069334,0.009172559,0.8918366,0.9673209,2.771412
0ee91a857206457f9f51b0fb397ec27a.jpg,10,58.954557,17.785427,10,56.879623,13.806792,329.21283,133.59705,0.6944653,0.048645794,0.6935828,0.69799525,329.21283
0ef78a91f6ff4a1d98f9aa79a631a7e7.jpg,11,40.991257,39.797712,11,40.990886,39.798832,0.102656856,0.102656856,0.7596536,0.01603365,0.7449385,0.8185141,0.102656856
0ef8793f4a4f4f9b85105158d9c7d9e9.jpg,5,51.827793,-1.004549,5,50.321913,-4.829861,315.3148,4.865741,0.8096011,0.01626569,0.78432566,0.9457865,299.26498
0f0d78d7fcda4fee8c7621dea60c2024.jpg,10,66.445829,20.508921,10,66.574306,19.957606,28.304478,9.093164,0.8960315,0.04523015,0.8853792,0.93864053,28.304478
0f2cfecd53dd41049024cfeb0c2236ef.jpg,1,51.136112,11.456007,6,65.123306,-13.804808,2120.7107,22.735903,0.5685859,0.015069783,0.5744943,0.6349514,1100.6188
0f4d82f125c64aa88852f372455dd290.jpg,3,66.269103,29.402569,3,63.815708,29.193987,272.98053,1.8648267,0.7105258,0.10111159,0.70748574,0.72790766,875.4797
0f59fc7a0dc846c8bd63e9fa76dff23e.jpg,4,44.848998,0.939576,1,52.850521,13.989279,1301.4672,70.20248,0.63481206,0.011292875,0.62738466,0.7199113,1313.8853
0f8f617d0b67446597d7256424f37868.jpg,3,66.599493,25.964024,3,66.599134,25.922703,1.8252592,1.8252592,0.8844595,0.03159207,0.88269293,0.8915256,1.8252592
0fbf5296f7264de8b68bfe4e0a08e599.jpg,11,40.833621,26.632051,11,41.634078,35.516713,747.9205,33.48603,0.7254867,0.014849603,0.7028688,0.8159581,747.9205
0fd50a383e9a4b14ac0c0fb8451b6a39.jpg,11,39.601147,40.184913,11,39.598656,40.185145,0.27769923,0.27769923,0.88174534,0.024706721,0.86021626,0.96786165,0.27769923
0fe2bed47ad347d7a6e4f12231d23616.jpg,0,55.364061,29.16154,3,62.294843,29.664285,771.20575,4.0728188,0.68946254,0.0041792393,0.6938639,0.7364855,409.77414
104d235ddae2412d95ee2dd359f14e31.jpg,3,62.632474,29.403171,3,65.415062,25.385858,365.9244,49.89679,0.6799412,0.003883481,0.67664564,0.79110956,1093.0588
1051b9bbaeb849af9e49402c948932dd.jpg,8,58.683881,8.996984,8,58.69433,9.014572,1.543667,0.17020634,0.7573563,0.02696675,0.7387554,0.83432424,30.880796
109cda5b1a794ff9b4812dee091bc63b.jpg,11,38.931003,36.056874,11,38.931696,36.056218,0.09569609,0.09569609,0.79445493,0.1469112,0.7770841,0.8639381,0.09569609
10a2317fa0904dbd82a6402f0602c739.jpg,6,65.320718,-14.474249,6,65.321149,-14.474638,0.05121518,0.05121518,0.97827935,0.08370477,0.97604316,0.987224,0.05121518
10c1936ec77347db93ec4a346cd13bee.jpg,5,53.239405,-0.583517,5,53.192242,-0.6244,5.9086976,2.7997653,0.89908594,0.07600051,0.8933127,0.92217886,5.9086976
10d238bfcb384b938d9668cc07ca0942.jpg,1,47.675617,10.406114,2,43.042244,-4.216932,1250.7352,16.561031,0.6991735,0.014756918,0.6905644,0.76632476,256.99127
11134130c82b480fb5564b262b053a4f.jpg,6,64.834836,-22.449557,6,65.749283,-19.706234,163.0622,0.51908755,0.7457924,0.01641202,0.7487445,0.8081392,0.51908755
1123283d475f46d3a70fb8db3c5750f4.jpg,5,53.595203,-2.504685,11,41.642205,26.7513,2537.1907,2537.1907,0.6890467,0.0124005675,0.6660304,0.8338686,3265.0505
115f30c50e2b435e83b173910724ee17.jpg,0,55.774583,28.604109,0,55.617381,28.64715,17.686968,0.012394438,0.8745518,0.0049874783,0.8515379,0.9666072,17.686968
119d856f70554024a34788b5f32ecc47.jpg,5,50.375006,-4.667428,5,50.348435,-4.662825,2.9725518,0.9614313,0.81112444,0.014932096,0.79114157,0.9126729,4.605399
119e4f3286874bbf980fd8780153a2ce.jpg,5,56.381316,-3.8231,5,56.517059,-3.763898,15.526244,15.526244,0.65761197,0.010124445,0.6848591,0.65282094,798.8235
11c3f2b020594ecba4a988ca9ea12e6f.jpg,6,64.796828,-14.0202,6,65.641213,-20.295537,307.0261,5.0438247,0.82431746,0.0001553297,0.79622924,0.9366704,307.0261
11f5105981854d03b7288e73c1f6602f.jpg,0,53.846884,30.336635,4,49.71856,0.328706,2097.8008,756.95,0.6351809,0.006264329,0.65687025,0.7200521,1602.4646
11f69554abb044f096170981e4cb22cd.jpg,8,58.631728,7.978469,7,40.977626,14.846478,2021.4503,1397.439,0.60713434,0.015933871,0.563771,0.7805878,2021.4503
120682ff1427405d874693dd89e3375f.jpg,9,51.386758,21.629585,9,51.484899,21.609688,10.999608,5.7607846,0.7565094,0.058590055,0.75762194,0.7520592,10.999608
123c4cb230e44ccca2cdb83cc25e170f.jpg,5,55.681212,-4.30107,5,55.68122,-4.30114,0.004477089,0.004477089,0.8954229,0.13794082,0.88892984,0.9213949,0.004477089
1265d79fa59e478b8fa87f429e7c8784.jpg,7,36.841353,14.460171,7,36.843245,14.457916,0.290737,0.290737,0.80016905,0.014367759,0.78298473,0.8689063,0.290737
126a605ad8cb4d519007cdc399f70820.jpg,3,66.994231,25.249841,3,67.084424,25.081534,12.404869,0.3338591,0.87788475,0.017020762,0.8574563,0.95959854,12.404869
126dc9ff2a814993a0f09335b68dde49.jpg,0,53.714018,27.466959,1,48.3829,9.127957,1407.0327,11.206708,0.6299477,0.019665897,0.63864374,0.7827084,488.51895
1277bc78aa8f41a9b340aa4804428766.jpg,8,63.079286,7.7694,9,51.478109,15.268282,1364.2903,7.0230536,0.6307857,0.0016772151,0.6345267,0.75413954,828.79047
127815462dc8497dba0696d794c01005.jpg,11,40.716686,31.576032,7,45.786857,12.550729,1635.8735,1547.3381,0.6950639,0.007661283,0.6911718,0.78026104,1920.6659
12a42b086d2a483392ec3a8f103f456f.jpg,8,58.895161,9.279777,8,58.592525,8.862289,41.383636,1.7574581,0.84689,0.03955722,0.8219205,0.96885407,7.1596336
12af8ea9b0744424aa78266f99cf87b8.jpg,4,45.830071,5.640525,7,41.000414,9.239631,610.50543,202.78543,0.7730555,0.0063171983,0.74454546,0.91041255,597.3496
12ba16b7ff4d444a87a149d016458801.jpg,1,54.537353,9.897974,1,53.190469,13.998941,307.73438,43.01861,0.7228228,0.026582778,0.7062328,0.8067229,447.48383
12de4d401d184064b119ffba3252144a.jpg,5,50.922559,-0.268975,5,50.949396,-0.275751,3.0216815,3.0216815,0.80312777,0.092582285,0.77786034,0.90419745,3.0216815
12e3964343dc4d8b990bc018608051c2.jpg,4,46.388097,3.885522,4,46.829263,0.560205,258.68826,36.362736,0.8167445,0.024077535,0.7901065,0.92619056,337.22968
12f71d76b01044c5ac130001189ae120.jpg,5,51.871741,0.216859,5,51.635913,0.308871,26.976938,10.362682,0.7205224,0.030798793,0.73242795,0.78427404,79.79415
1329806b387347e28e2fc67e5f97ee0e.jpg,9,50.970347,23.18315,9,52.321906,17.676167,408.48312,46.10972,0.6404261,0.012786329,0.6150464,0.74194485,408.48312
133b6e151a6642b78cf80b9a66ec99b1.jpg,4,49.087573,6.13898,4,48.524769,6.227074,62.912685,44.445816,0.6438689,0.011845887,0.6573086,0.744387,660.4719
134c67f244fa4b1cba8d24932f3fcca1.jpg,1,52.049789,10.00103,1,49.426614,7.651493,335.24402,11.401277,0.66279334,0.010153174,0.69747806,0.63479614,304.59302
135730551c0c485da116ba71c8ef0058.jpg,0,54.128382,27.348824,7,41.851262,12.786974,1735.8999,1444.4384,0.64878404,0.031193256,0.63320684,0.73492044,1708.2947
136ca674ddac4466b5bf9370b3c2edca.jpg,1,50.406464,9.297596,4,46.234088,-1.018614,891.6216,185.73071,0.6481915,0.012601852,0.62587553,0.76247054,642.8734
13998e5bb65e484d9ddee1db0b8acca6.jpg,8,61.299884,10.250967,7,37.333999,14.119502,2678.5017,1410.4446,0.7372296,0.028201222,0.7337103,0.78400517,2362.5244
13b4ad53b8664e65a11d8800753a2a43.jpg,6,66.061764,-19.029455,6,66.07504,-19.232384,9.27155,0.53348494,0.85042727,0.002404809,0.8275629,0.95039475,0.53348494
13c54be115754fa5870b5b3b7eeabf5c.jpg,3,66.096795,29.145661,3,66.229694,29.133889,14.78718,6.2870064,0.87703013,0.01785636,0.86038065,0.95511377,27.377634
13e6b8a7f6304f83a76eb33ab79df2c7.jpg,0,51.703745,29.147891,0,51.699058,29.142993,0.6209301,0.33299252,0.9764044,0.008948326,0.97293085,0.99029875,0.6209301
14122c86b01649bba1bcef3b19600707.jpg,3,64.380888,29.053629,3,64.384379,29.050382,0.41839403,0.41839403,0.88504,0.04249376,0.86949074,0.9472369,0.41839403
1425c4264dcd4aaeb04366e88620225c.jpg,7,42.570272,12.343454,8,60.259332,6.401557,2007.6832,26.473944,0.59773135,0.0011502504,0.57306385,0.71967006,1678.633
143d249f9da24674be2c0937e9e7150a.jpg,6,63.545429,-18.451523,6,63.54086,-18.455383,0.5428462,0.11185223,0.93732107,0.00037813187,0.9266126,0.98614174,1.849002
1443911d65b14207a02dd0871e4fb430.jpg,2,29.002457,-13.551451,2,29.008471,-13.531969,2.0091467,0.23533975,0.81396663,0.031826377,0.8127359,0.81888926,2.0091467
146247f0ba974b82988cc12942acc3d8.jpg,1,47.566076,8.386487,1,51.847743,6.165924,502.10147,206.4039,0.6944287,0.03325212,0.67645264,0.77222776,480.3312
14797e264ef7445da08cacc2aedc80ce.jpg,11,40.647636,29.414427,7,40.60985,8.377353,1771.0847,12.25462,0.76574886,0.019221425,0.7451728,0.8676467,1782.7622
1486ca863dbb43ed97c29280746c1a4b.jpg,3,62.168422,27.837157,9,53.42637,17.16252,1156.5336,909.6013,0.6230919,0.022593915,0.6112949,0.78393364,1322.7223
148d1a6829d14d88b84f930731316411.jpg,2,42.48693,-6.760733,7,43.202012,13.645407,1661.4559,1271.1042,0.62943023,0.0015941858,0.5983138,0.79132026,1660.4253
14991449bd8241359d6a4a52b1cdbae3.jpg,1,51.622136,14.08093,5,50.888549,-1.578226,1090.689,120.69705,0.69767857,0.008742571,0.67534953,0.7936319,1057.071
1499c09b8ee74296bdc1388ffa60e4ab.jpg,10,66.038569,22.825992,10,66.054581,22.804161,2.035026,2.035026,0.85563403,0.027909935,0.839478,0.92025805,2.035026
1527e75841ad4582ae517b7666551689.jpg,6,65.762811,-22.167692,6,65.569417,-23.17837,51.05637,2.2198086,0.88532114,0.004685819,0.8667636,0.96007043,4.3191876
152a13ef249d4efa95c51ed93f026284.jpg,11,41.324741,27.961821,7,39.446695,9.641534,1562.684,410.95062,0.6139689,0.005096376,0.6165547,0.71047044,1150.2424
1545e62f0ba14e3495e31a2d1d7975d7.jpg,4,45.661635,4.85752,4,46.568884,5.992501,133.52942,19.141909,0.6430425,0.0053007603,0.65405566,0.7460934,238.86685
155ad3bd15b44fa69b5b7423a45ffb50.jpg,3,64.82915,29.449727,3,64.777926,29.348593,7.4406366,5.286727,0.7359273,0.011524856,0.7417405,0.7821946,734.863
155d0015019a453dbb42a0e73cfcef09.jpg,0,52.129349,29.42728,0,52.986225,29.815658,98.83122,7.7641172,0.8987227,8.881092e-05,0.88049686,0.97626495,97.01788
156db1dde5b748e78501c2bfd23cb62a.jpg,1,49.796686,7.301667,3,63.071916,29.852636,2004.1934,616.213,0.65840125,0.0037289262,0.66369116,0.7929765,1219.4927
15c7d8fb55044879a40b503b19914d8d.jpg,4,48.159422,1.255136,11,40.275004,27.156026,2228.8833,751.0476,0.6714566,0.009149969,0.65870655,0.77458274,1625.595
15d44694639c43b2a187882477716379.jpg,11,38.185242,26.835566,7,45.268766,12.299719,1437.2885,763.58105,0.7432879,0.028177679,0.7221605,0.87389016,1157.7845
15f6840bf24742a1959b9b31c04bf9c7.jpg,0,52.991452,27.226969,0,52.996703,27.388711,10.84081,3.0794187,0.8441591,0.00058978796,0.8203697,0.95168865,170.1885
1640c720e16947e386f7c36a3f5fa568.jpg,6,63.842889,-22.402544,6,63.84916,-22.210397,9.4435,0.13488895,0.85053265,0.0007225275,0.83181053,0.97357106,5.37532
165f710811d14b1880a2dd9ccdebf906.jpg,9,51.699425,21.005155,9,51.69893,21.003915,0.10164956,0.10164956,0.7464973,0.016811311,0.7370659,0.8158339,13.930503
1690cf75b2ec475db6bb4d2d56bc33db.jpg,1,52.852131,11.391801,4,44.648167,0.591893,1205.3347,589.70416,0.66333807,0.0007520318,0.6534083,0.80288124,958.015
16df52bef748451381102fede487fa5d.jpg,0,52.256911,27.858082,0,52.149481,27.890113,12.143483,4.252528,0.89080095,0.007928133,0.87348086,0.9635899,4.252528
16e7045e8fbd473ca49d21c75c1f231d.jpg,8,58.163771,7.949776,8,58.44504,6.005733,117.798805,0.31655496,0.74998057,0.0061763525,0.7219546,0.8940307,117.881516
16f7a975105d4f54876c7ad4bd1de8a9.jpg,3,62.969804,25.819453,3,62.979075,25.819498,1.0308921,0.32815415,0.93401253,0.011867821,0.92386633,0.9818307,73.46894
172373a1a122422aaa74c53a75800165.jpg,5,58.513234,-6.255527,5,58.514496,-6.259057,0.24843685,0.24843685,0.84160227,0.074137926,0.831433,0.88227916,0.24843685
172df88a965549baa6b0aba885c3fc98.jpg,4,50.470094,2.977522,4,49.378158,3.368019,124.59394,17.20877,0.68877614,0.014799416,0.70634437,0.7032894,1137.1056
172e2bed96044727aafdb9cebdecebfa.jpg,10,59.58412,13.16943,10,61.104801,13.30346,169.25285,67.12023,0.6961883,0.0033275485,0.70186543,0.77017117,261.69046
1731c7fb77a94a96a4d697118a7051a9.jpg,7,46.016867,11.987493,7,45.986305,11.979803,3.4498627,3.4498627,0.6946254,0.06569123,0.70570374,0.76593065,908.0586
175ebea3c0f94be98c2bf9d1145d8dc6.jpg,2,43.623804,-5.80003,2,43.369474,-5.534352,35.482746,0.026375482,0.7720821,0.034297943,0.7377917,0.91354764,29.34577
17a9d20af793460381af4bc442a47c4d.jpg,1,50.354742,11.552608,4,47.544324,-0.607768,940.0759,95.823746,0.60728,0.021696746,0.58993375,0.72252315,749.1735
18140d75644a47d7bec1dcec88d015e0.jpg,9,51.12895,23.3736,9,51.137637,23.395299,1.7959609,1.7959609,0.7300354,0.036676288,0.72623986,0.79672956,2.1231225
182bf2e6b4194555bdeac06a2fddd1e1.jpg,0,53.781052,30.926095,4,49.150955,0.770498,2133.842,176.01979,0.66579694,0.0061303377,0.67969453,0.67274094,2519.8044
1883be9485264aa8b77b4b7aa27bd83d.jpg,10,56.947266,18.157056,10,56.946506,18.154203,0.19256221,0.19256221,0.8734875,0.08642179,0.8544825,0.94950724,0.19256221
18a05ee1438e41e1a0e792462bdbc7a8.jpg,7,40.939751,8.864987,7,40.951472,8.871,1.3977442,1.3977442,0.93359345,0.06033969,0.9243519,0.9705597,1.3977442
18aac20d790a484382f21f9a89fcb116.jpg,4,47.909739,4.718497,1,50.070451,7.429349,311.16196,15.612569,0.7072031,0.05395013,0.70403636,0.83187973,87.893326
18cd40760fff4e40852d78a2c567f2c0.jpg,2,41.068452,-1.028365,2,41.080506,-1.04089,1.7025967,1.7025967,0.80183685,0.08135688,0.79333967,0.83873487,13.813295
18cf52bafde14a06a2ba51563fd3527d.jpg,8,70.820849,25.766476,8,71.00961,25.894459,21.498865,5.5867977,0.89241725,0.0008083582,0.87670106,0.968827,15.80993
18d29e708ab64bf9b480cf48d98a8a9f.jpg,0,54.174509,28.46868,0,54.144475,28.492804,3.690549,0.41555697,0.762827,0.025409698,0.750002,0.81964934,378.15173
1910306cdb0d4317b0500e32fc66ab78.jpg,11,38.825602,35.640365,11,37.483791,30.564502,468.15027,4.752591,0.6260186,0.006651461,0.6150136,0.7422194,19.132004
1941c8768069462e90c64edb021af36b.jpg,5,59.133826,-2.858779,6,66.105122,-23.074456,1282.541,473.3924,0.6701291,0.017720878,0.64759576,0.8433193,694.9502
1961b47cea1343e6ad19681c46ae63be.jpg,5,57.775103,-4.093784,5,57.77739,-4.092674,0.2626816,0.2626816,0.61840594,0.0005379319,0.60954154,0.7092619,822.4754
1988169150dd4ad5bc236057d28457a4.jpg,3,64.425479,28.445756,3,64.444237,29.413344,46.475883,1.1173687,0.82613546,0.109163225,0.84888905,0.8016289,141.63713
198f19b80f98459d90a326f91fdab27e.jpg,6,64.155791,-19.591778,6,64.157563,-19.60615,0.7239581,0.7239581,0.87885165,0.032238662,0.86637586,0.9304634,13.364799
19d5359aaf3542ff9e5f90dc384a920a.jpg,5,53.932996,-2.775358,5,53.871321,-2.757613,6.95579,6.95579,0.86765236,0.047698617,0.8527583,0.9272286,6.95579
19da798f4f0a4c01a43d361044c345d7.jpg,9,51.788596,23.387368,9,51.649793,22.902276,36.80865,18.444609,0.7532939,0.018160582,0.7261359,0.9126209,543.0792
19e147bcb8744845949c2a33f90162b0.jpg,1,51.156396,7.029348,11,38.745985,35.345609,2596.4077,1458.8099,0.6391594,0.004424453,0.59542316,0.81410414,2596.4077
19e62abb8dbf4828bce386060ffc9a79.jpg,5,51.983513,-0.973073,5,50.321913,-4.829861,326.26978,14.464461,0.74305135,0.005088091,0.7294277,0.89740205,431.84155
1a07a72fd8ba47939af12eaaab6c54c0.jpg,10,61.378246,15.899194,10,61.661723,16.059412,32.64595,5.9922,0.79471374,0.004598856,0.77299917,0.8847145,59.700287
1a22e1b982d14e7cb9347eea4f6e8e5b.jpg,8,59.022242,9.719295,8,59.016574,9.724087,0.6873501,0.6873501,0.6545918,0.04893571,0.6149875,0.81300914,0.6873501
1a2b3a7977bc4be0afc84e0c105ebecd.jpg,2,41.719467,-2.840767,2,41.256836,-2.19453,74.45643,6.4095144,0.73514,0.0108398795,0.71857196,0.82651603,6.4095144
1a309b22a4fc48b89dee6fe7268227ba.jpg,5,50.240931,-5.06483,5,50.28046,-4.990212,6.8888135,6.8888135,0.74338686,0.044920146,0.77087283,0.712402,161.94125
1a4d13f7414b46cbbda273e54f30f86a.jpg,8,69.257743,17.95031,8,69.234026,19.332439,54.52253,0.8160904,0.7319822,0.0064458847,0.69980067,0.8767225,24.774815
1a6aa42d155b4073815cee78504068d2.jpg,5,50.397154,-4.437288,5,50.647209,-4.738397,35.0178,2.8186843,0.7088309,0.0023185015,0.6918854,0.82014877,23.44147
1a7c03a3ef5a42759df6f16701de4d4b.jpg,7,40.749722,17.639666,4,46.488668,5.723487,1150.1797,26.23728,0.7043011,0.0062741637,0.6947768,0.79923224,1223.3522
1a8ed7b951ff4d4db72ffb871771dc6b.jpg,6,63.844285,-22.415007,6,63.854989,-22.448342,2.0212471,0.43496,0.82321,0.0012498498,0.795678,0.9387586,1.8271456
1ad9fd20eb38421abea444ec252cb328.jpg,3,61.181278,25.629373,3,62.256311,23.498542,163.97145,5.296828,0.70871127,0.002313614,0.6779393,0.84974253,155.25461
1ae7639a71c443ed87a1af5cb0e90ebc.jpg,1,51.476377,13.138438,1,53.192276,13.116131,190.80554,15.155752,0.7357236,0.0116683245,0.7304276,0.80884284,65.588
1ae90f5758f24d9f94133e8784aaf386.jpg,7,40.570798,8.341528,7,40.5915,8.375922,3.7061808,1.6569728,0.84363234,0.0033853054,0.81618893,0.9534056,3.7061808
1aed1e95587c493e8951e3b3e3fe1fb2.jpg,10,65.583338,18.112624,10,65.630805,18.928662,37.844246,2.0157077,0.89728355,0.018346786,0.88915,0.92981744,37.844246
1b64270937e747e089c43d22d4a46ac4.jpg,11,41.444743,32.712725,11,41.823263,33.258729,61.891685,9.564209,0.7808567,0.00013774633,0.7514553,0.89846206,61.891685
1b7ad5d9e67143bab430a73c33ee514f.jpg,11,40.738613,31.696477,11,41.525445,32.047978,92.31154,50.085037,0.68807536,0.044991314,0.71806425,0.70253193,348.5485
1b95e43fc59b416681b17098ebd13a15.jpg,5,57.822505,-5.06339,5,58.541589,-4.675013,83.13674,1.4070799,0.81127495,0.0023475885,0.7864983,0.93414336,27.415178
1b9e868022c84801ae011a8f23b7052b.jpg,7,39.427388,16.241555,7,40.466279,15.539392,130.10501,19.580822,0.69315916,0.0007905364,0.67154044,0.7921788,89.48538
1bc1d50e7554495492245e048dae9e42.jpg,2,39.931881,3.827084,2,39.999973,3.850715,7.834752,0.10972191,0.78601986,0.01359278,0.7666923,0.8633301,7.834752
1bc9a389f8f24f90a1f5844ec962b961.jpg,8,58.899947,5.613494,8,58.324959,6.286022,74.86403,4.948573,0.7326748,0.039586127,0.72721076,0.83886623,32.233746
1bd33d64f7c14e9f863d22c6ebefbd9f.jpg,6,63.474913,-18.571192,6,63.472723,-18.580568,0.52545166,0.13505529,0.9392742,0.015936255,0.92928517,0.9802288,9.614296
1be431ed96954724a3e260eb00e04ad0.jpg,0,53.518425,30.2718,11,39.445754,27.633439,1577.5135,114.96133,0.74775577,0.00017470121,0.7293922,0.8274152,1376.9282
1bfed17847704ab6b795dc6d4151f35c.jpg,5,56.192415,-4.77638,10,59.716039,18.547291,1422.3942,201.09944,0.6525352,0.012502074,0.6488291,0.6804877,1225.3445
1c0f89d505ff447fa4d31f9d5bbd1287.jpg,4,49.229324,6.060934,4,47.909911,2.734171,285.34036,33.279675,0.6798687,0.031615198,0.6492015,0.80253756,285.34036
1c3b404a780842f6a6f915dd64f7f0fd.jpg,9,54.167212,18.716769,5,51.983434,-0.492355,1301.7151,1284.8656,0.7543337,0.011035621,0.77315253,0.82546747,1659.468
1c54c1e093e94a4d9792cf8531f037e6.jpg,4,48.773356,-1.540852,4,47.220166,-1.833826,174.07709,2.957897,0.7131893,0.048970163,0.7349646,0.6699947,521.96014
1c5c7c796bf04ec798f4e7493acb6c36.jpg,10,62.095429,17.43106,10,62.160904,17.456813,7.4025555,2.452484,0.6829308,0.0065352917,0.68544495,0.7612704,2.452484
1c718d69698947009b28a10b9b2b0d18.jpg,2,43.662866,-7.602585,2,43.662095,-7.602835,0.08805849,0.08805849,0.8255577,0.09751898,0.79984593,0.92840445,0.08805849
1c7985bc37d84a0ba2309ab38b73226e.jpg,9,50.755842,20.886815,9,50.726732,21.215563,23.358294,4.402362,0.70253164,0.023852527,0.66195214,0.8648497,23.358294
1c85efa56b3142cf8fd6d0f5878436b2.jpg,4,42.193651,8.628155,7,41.000414,9.239631,142.09038,1.0063295,0.80943704,0.02837634,0.7989266,0.917083,19.065153
1c88ceb995ab443f94ddd7fb9440a88d.jpg,3,66.98215,25.279853,3,66.977386,25.295984,0.878991,0.878991,0.9329971,0.0054695606,0.92317796,0.9722736,0.878991
1c88eb409bd747728f3d5c577e0f3ea0.jpg,11,41.444897,31.81685,11,41.41228,31.905386,8.224317,1.1098157,0.74979806,0.03615409,0.74515176,0.8277117,692.94464
1ca9cacd2a2443fa93024530adc59436.jpg,6,63.984302,-18.778122,6,63.970189,-18.739441,2.4542964,0.113829404,0.83249927,0.009321868,0.8051435,0.9419224,2.4542964
1cf621d229cd4ebf90b6d1aa1e82ef82.jpg,4,47.977211,-1.203199,0,55.605185,28.466964,2188.6458,189.77625,0.6305531,0.0051009655,0.6351874,0.7672164,1769.5133
1cff8d2686ce4e379b0107f9861ce10b.jpg,1,48.239171,11.856685,3,60.319308,25.270864,1594.1367,387.66183,0.61389005,0.0006597042,0.6117064,0.73461866,1085.4309
1d219b5ab2fe4a5f9e5693404e12dc45.jpg,11,41.019947,34.608301,11,40.995947,34.647819,4.2564526,0.37061107,0.8700427,0.017600298,0.8436791,0.97549695,4.2564526
1d6d2431f50b40efb1f4a7de55b1a5b5.jpg,2,43.028325,-8.427142,2,43.027356,-8.427511,0.111845054,0.111845054,0.89563626,0.08730155,0.8807861,0.9550369,0.111845054
1d6f897c3b334cedbdc9f4dd9f8cf8fc.jpg,8,69.296497,15.993463,2,28.050793,-14.356028,4985.504,938.2685,0.5757947,0.0007112622,0.5940467,0.6304408,3411.0693
1d7febd628364cc09edfadbcfef326a8.jpg,4,43.666115,-0.964898,4,43.627323,-0.928263,5.2244754,1.262435,0.74039495,0.041390598,0.75793076,0.7827666,2748.3127
1d8742b44bbf47f284997094e5890abd.jpg,2,28.985871,-13.584265,2,28.991314,-13.59759,1.4303988,1.4303988,0.8347761,0.029370725,0.82062334,0.89138716,1.4303988
1da95a80c8894af6ae75dae7510c69f5.jpg,4,44.88852,-0.742298,9,50.574659,18.525898,1567.7456,1382.8842,0.71673006,0.003685832,0.7003606,0.8128705,1557.803
1db544b3527a4163ae54ca4b2d7a7509.jpg,1,48.234588,10.10181,9,52.205789,23.17661,1027.7443,443.64972,0.7264263,0.026089132,0.7088605,0.8253701,631.6727
1dbdf20054024aa9b9a2263bd07decff.jpg,9,50.435721,20.945649,9,50.008248,21.076695,48.438572,20.043772,0.70589304,0.08119774,0.7082567,0.72846925,143.73297
1dca445912be4973857450372e642309.jpg,5,54.87708,-4.521793,5,54.832713,-4.605536,7.2850213,7.2850213,0.7916554,0.0154851675,0.76987374,0.8787821,7.2850213
1e1f0068fd2c4d32a46719cd6cad30ce.jpg,0,54.632554,27.931983,0,54.594797,27.894512,4.8423324,3.3782754,0.85591775,0.033001482,0.83336145,0.94614303,4.8423324
1e51c0651be5414d81c678d6ba1a5f70.jpg,9,52.670344,16.90103,9,52.669271,16.906546,0.39060944,0.39060944,0.7414118,0.048068583,0.72341,0.8134188,0.39060944
1e68f9d32e664c39bb49a64b3986fc33.jpg,10,57.686589,18.384492,10,56.969489,18.183153,80.64858,3.955668,0.7868738,0.036946177,0.7490805,0.9380473,80.64858
1e6da03f92994be5aebdefff26e04354.jpg,1,50.96977,12.794626,2,43.255797,-8.865562,1840.4012,1196.8235,0.6862657,0.045117855,0.67651546,0.78992575,1932.5153
1e8880a8ed314cc4bebff1b8e8bae561.jpg,8,58.476945,8.873414,11,37.305185,27.90911,2727.372,188.97763,0.7399005,0.060625255,0.73566586,0.7749788,2599.2988
1e8c433d73f5476398f798823a2d4048.jpg,2,28.546979,-13.94608,11,39.201744,37.242913,4806.2676,1169.4395,0.7286046,0.007096827,0.7038722,0.84059733,4809.529
1e9d16dcfaeb40788afbd75b316715cf.jpg,7,40.092176,15.731892,7,40.112316,15.750876,2.7608485,2.7608485,0.8005319,0.029771864,0.76896775,0.92678833,2.7608485
1ea7477b824b4183bacab03d7c53acc2.jpg,5,57.266733,-5.763897,5,56.345831,-3.469585,173.17018,84.17934,0.72426265,0.009724855,0.7102818,0.8465817,188.00516
1ec5d0b50a464c4da8549d618089e0e9.jpg,3,67.50344,27.465031,3,66.263948,29.362918,160.79538,11.796937,0.84116006,0.001280725,0.8146273,0.9472911,160.79538
1eef601098464fc6bc4efcb2da796428.jpg,8,58.43395,6.011861,8,58.424308,6.018055,1.1311578,0.6373679,0.86898935,0.01633805,0.84241164,0.9753002,1.1311578
1ef1095d42a84763861b3d4e8fe11535.jpg,11,39.207999,30.701662,5,54.51044,-3.479725,3060.2056,220.48001,0.60997057,0.018538117,0.63175964,0.63231045,3223.5808
1ef510ba7e9e4caa8dfe78612e80cf3c.jpg,0,51.978862,30.45619,0,53.48928,31.125004,173.88113,5.5835123,0.8450294,0.015869856,0.8193066,0.948838,144.06697
1f056cf2b47c4e20b0c0bae243978552.jpg,5,54.483485,-6.875178,5,54.478649,-6.497841,24.382332,24.382332,0.6804921,0.041726172,0.69134915,0.7127226,648.8174
1f06ca8f03c247939beb68c3511da11e.jpg,6,65.948285,-18.151452,6,65.941434,-18.130607,1.2136621,1.2136621,0.8197299,0.010067701,0.82714427,0.91682005,46.785202
1f42168e6646466fb41db94776725a75.jpg,0,51.643276,29.101404,0,51.638658,29.095422,0.65884835,0.12470729,0.89476764,0.0026396513,0.876811,0.96659386,0.65884835
1f60d168012146609615a55c035f07e4.jpg,4,47.033685,5.825506,9,51.749842,21.770093,1264.0898,733.87305,0.7374557,0.021262527,0.7305249,0.76784796,1258.6687
1f9f7ed3b1ef414f9669fbc22179429a.jpg,0,52.084291,27.536428,0,54.596199,30.443418,339.43945,6.0232177,0.8782675,0.0072912574,0.860347,0.9609263,11.358195
1fc6d892c8bb486ba1d3e27ae40b5b0d.jpg,4,44.642677,-0.978022,1,51.854688,14.489142,1393.5698,239.07704,0.6938367,0.039759815,0.7016053,0.67080605,1113.6686
1fd7b8ef63e84e8fb3839eb7130461da.jpg,8,66.339523,13.411082,8,66.316632,13.297645,5.6680374,2.7339525,0.7989114,0.0058092475,0.77826196,0.9019656,2.7339525
1fd7bd2201a64100aaacb78e51647b86.jpg,11,41.53471,27.833521,11,41.53093,27.837857,0.5540125,0.5540125,0.8478647,0.095051646,0.8302187,0.9184486,0.5540125
200061848e434f19a696c54e923ad257.jpg,1,53.186977,7.764347,1,53.192195,7.7251,2.6784182,2.6784182,0.8033324,0.010216296,0.78285205,0.9043215,11.660382
2008f5e0a7734ae8b3f3c1e083d1851e.jpg,11,38.132628,33.531928,11,38.152628,33.570097,4.010953,2.0438342,0.66000795,0.053380847,0.6296249,0.7964741,152.13353
200963b7e2d34b8ca3dc0c6c6f9e2626.jpg,3,66.980534,25.284476,3,66.976692,25.299274,0.7723998,0.6107001,0.94841474,0.004008293,0.9394891,0.9852712,0.6107001
201443c427f844afb17e24da17798f12.jpg,3,62.40754,30.087501,3,62.214179,30.096282,21.505579,4.3760524,0.860972,0.0024860501,0.8466896,0.9272246,27.78519
2066c735483b43ef9dd0db775907effa.jpg,11,38.855913,29.278934,11,38.95656,29.356569,13.0528145,13.0528145,0.8496893,0.11135769,0.84488934,0.86888903,13.0528145
2069cfe010414505b233ead41a92468e.jpg,10,57.487277,15.025628,10,57.48945,15.023168,0.28283983,0.14322022,0.8063244,0.04133916,0.78544927,0.88982487,0.28283983
206f35da53204a0984af3ae6bf36d19c.jpg,4,43.842928,3.742679,4,43.992367,4.336861,50.410107,24.340088,0.66835237,0.05167693,0.63812244,0.78927195,50.410107
207d9e4900da4738abfae98ec0ba1a10.jpg,8,58.086695,7.295165,8,58.592525,8.862289,107.37063,17.323555,0.79456306,0.009882629,0.7609149,0.9505948,129.37007
20a274b00713408fbba0bd61fdce4ee4.jpg,4,42.087861,8.71208,6,65.047983,-22.761526,3223.3643,463.31128,0.7250376,0.0063133836,0.7394964,0.80124176,1332.4404
20c88c1253654f5184c7e0a2e59b1aeb.jpg,2,39.569032,2.775868,2,39.56841,2.770324,0.48021606,0.48021606,0.9083054,0.05168557,0.8900814,0.9812013,0.48021606
20d20a35e4fc4637b3f96b7dc8ea7db6.jpg,4,43.329161,2.372819,7,45.120061,11.729516,771.2094,439.8318,0.74384785,0.0030692816,0.71537864,0.8577246,771.2094
20edb80df4024f0eaa61846c3b6eab8f.jpg,1,50.725449,12.577159,9,52.399153,20.160652,555.94916,29.094631,0.7064059,0.02534175,0.70345354,0.71821505,555.94916
2111bf5fbc4544b08b379703b4215962.jpg,1,53.766891,9.012731,1,52.743155,7.207171,165.4743,10.790265,0.69869363,0.009955585,0.6764201,0.78778756,165.4743
21215fa75acd48469e6fae1f7e25c5ed.jpg,2,42.549467,-8.864157,2,42.541244,-8.799373,5.3854313,5.3854313,0.6669432,0.036510766,0.67390954,0.6889894,3108.1091
21217e8321eb47fbace4c5edce87956a.jpg,4,42.466604,9.208585,4,42.516519,9.433522,19.260237,1.7519702,0.7308469,0.009026647,0.70830554,0.82950175,73.568665
212270b517504f6e93b7676daee61b11.jpg,11,39.248501,30.901392,11,39.250585,30.903112,0.27501816,0.27501816,0.84503406,0.13107634,0.8375156,0.8751079,0.27501816
212d0507cfe94eb2853c52b37ea9aa23.jpg,9,51.929485,23.61029,9,53.463153,16.367078,516.76447,111.617874,0.7845757,0.031101763,0.76277214,0.87404346,504.50854
212f530406de43d8ba27bd3127f52d58.jpg,3,63.34256,25.60384,3,63.339899,25.606026,0.31534934,0.31534934,0.89346063,0.009971201,0.8765717,0.96341723,19.64524
21301ba5a71c47868de0384efab4f0f6.jpg,1,52.972402,13.841704,3,60.584207,24.251295,1055.0123,23.737982,0.6958872,0.011845112,0.67513686,0.77888834,1055.0123
213ba62e23ff4528a1b1402cdf725ca1.jpg,3,62.867699,21.710726,3,62.626092,21.526014,28.464249,2.333842,0.81199014,0.040372252,0.78280103,0.92874646,28.464249
214101e188c4415a8486757e3b26b5b2.jpg,10,55.527148,13.983926,10,57.652833,18.653089,370.79626,9.05075,0.6020837,0.0030027628,0.5784292,0.73180616,194.59259
2159cae3728b468bb0711a3499421a4b.jpg,11,40.500473,30.202935,11,38.427501,42.128318,1048.4719,27.14244,0.64623505,0.04249859,0.6013844,0.8256376,1048.4719
216c8f89888b4361853ee7ba0b0a6e65.jpg,11,40.013586,32.697056,11,40.239261,32.50932,29.740267,11.510725,0.85114896,0.12742579,0.8342831,0.9186123,29.740267
21b68f67357e4dcb9728589885494aea.jpg,5,54.690502,-6.12703,5,52.12557,-1.414392,422.82602,23.035355,0.7472948,0.0007523298,0.7262547,0.8721572,230.44734
21eaf9824d8843af9f5f82338bc8c269.jpg,0,52.636384,30.840298,0,52.93188,30.636684,35.596935,0.017243786,0.83472145,0.051034212,0.8252169,0.8795239,7.421846
21ee0f70cafa4093904b00d1383c1972.jpg,11,36.639271,29.1682,11,36.632633,29.223868,5.021672,3.2944522,0.7042071,0.047533274,0.6812546,0.8220049,3.2944522
21fd438dab804c22ae9810a5039a2690.jpg,3,66.657978,25.482965,3,66.662138,25.463644,0.9687388,0.9687388,0.9567178,0.005342245,0.94939834,0.98599553,0.9687388
21ff89d32f2b40b29f8a9a807ffbd1de.jpg,7,41.420077,13.199073,4,46.704282,1.113523,1128.5298,40.246197,0.57176554,9.4771385e-05,0.5677997,0.75213873,168.84636
220fdffbe755474ea4eeb42f6c26da78.jpg,11,41.093368,30.55773,11,41.111887,30.534268,2.8469293,2.4796555,0.64150614,0.008524239,0.62923455,0.7697651,2863.6123
221b72b74637413fb16f17a9603145fd.jpg,9,53.275009,20.226282,9,53.271944,20.220767,0.5006335,0.5006335,0.895882,0.09586334,0.8795084,0.9613764,0.5006335
224077ff311b42098a8ddf403853f132.jpg,10,65.953719,22.675857,10,65.922477,22.656767,3.580144,3.580144,0.85698533,0.004691422,0.82733715,0.97557807,3.580144
224f48e8c71d45e0b91f8c5bca1916f0.jpg,1,50.891208,8.276213,1,52.286476,14.281298,442.76105,80.231895,0.763076,0.008769453,0.7286211,0.9008955,442.76105
2252900de3714b6daa418002f822fb52.jpg,9,54.299711,22.401978,9,53.025056,14.898744,514.00323,122.83952,0.6432491,0.012752771,0.6509091,0.7224379,615.18353
2256987df64748a19edba5afa5391075.jpg,6,65.496183,-23.955158,6,65.645611,-23.68849,20.650995,1.7144916,0.77983385,0.025434196,0.76857305,0.8822641,28.623838
225b2e4a79d9407c8888607e166fae83.jpg,0,55.262017,29.765111,0,55.306854,29.586746,12.3465185,1.5349969,0.86922145,0.0010488033,0.84562707,0.9635986,12.3465185
2288688b3aa94d00a7487dccbe34b2d6.jpg,4,48.378409,6.14214,4,45.702243,5.121857,307.44818,20.068815,0.71019506,0.03797263,0.708431,0.7172514,307.44818
22a3f50f9bf44d59be040080135ea1f6.jpg,7,46.667301,11.204218,7,40.930937,9.36785,654.6082,51.491173,0.6962571,0.020570278,0.6650319,0.8657458,689.85803
22a7b46106f145faa762b8e3a0579b81.jpg,7,40.56147,16.582552,7,40.568418,16.578157,0.8571542,0.8571542,0.8426743,0.046368122,0.8201623,0.93272233,0.8571542
22d429ebda654085a70fed1f94747a40.jpg,8,61.014441,9.20456,11,37.403292,38.874127,3338.519,1.1628404,0.7498035,0.019350529,0.7436719,0.8237821,3450.3801
22d92b62491146ef9f6a7add2d1b0d69.jpg,4,49.364641,-1.187889,5,55.590178,-2.586019,698.65656,227.83446,0.71163744,0.010915577,0.6932063,0.80181897,807.2847
22de519bef544ee69c3ccbdffdf0651a.jpg,0,52.661699,25.421355,0,52.633636,25.503006,6.3309274,4.063684,0.891403,0.031213164,0.8750312,0.95689034,6.3309274
22e650aa6840429fb0dd508725a30962.jpg,5,56.50321,-6.957209,5,56.501132,-6.960155,0.2933881,0.2933881,0.9364153,0.16235256,0.9252478,0.9810851,0.2933881
22eb0e1b73ec4239a972b840f291623c.jpg,3,66.575294,25.89746,3,67.628723,24.204512,138.14035,2.8759656,0.78727186,0.01932323,0.7818366,0.8090127,138.14035
22ebd40d5e52400ea940938cff164779.jpg,5,58.567658,-4.739574,5,58.567459,-4.738909,0.044459388,0.044459388,0.8435798,0.017496407,0.8288781,0.9131402,1.7934792
22fb4a10195145b79be63dffc8113f21.jpg,0,55.605946,28.465349,0,55.605185,28.466964,0.1321023,0.1321023,0.8861678,0.21307582,0.87890804,0.91520697,0.1321023
2302c40ddb074bfcbde379e0ce86f409.jpg,11,41.19107,29.036466,11,41.062521,40.779305,982.9177,120.06404,0.65344566,0.0053502917,0.66915864,0.7458936,1344.602
23215980412240909ef243a801b9048b.jpg,0,53.264946,30.422466,0,53.48928,31.125004,52.857357,1.5550781,0.80845577,0.024004996,0.80844945,0.8279784,149.22922
232f6b82dec441dd8d5126bc0a5f3f8e.jpg,4,43.483449,5.68614,0,52.676982,30.817168,2112.856,28.901752,0.69409263,0.036616564,0.72938615,0.70010436,910.1435
232fefb2fe344f63bf02592dfcfffc66.jpg,10,67.711093,20.740547,10,67.844216,20.40036,20.586044,1.7467642,0.83637226,0.029388368,0.8205391,0.9031137,18.007345
23784eec959142dc8491a1dd10a71364.jpg,6,65.717725,-23.710202,6,65.726408,-23.756688,2.3343399,0.88651663,0.8565979,0.0059496164,0.8358476,0.93959904,2.3343399
237b963f619b4bc3acb3e1513918592b.jpg,2,41.630391,-2.515324,11,39.536942,31.67007,2877.3328,3.5174234,0.70885557,0.017369568,0.6837808,0.8091545,2877.3328
2384602a12a146aabf0025152ebfeced.jpg,5,52.69879,-2.626899,5,52.53476,-0.197656,165.00452,10.80616,0.69053936,0.0080446005,0.671082,0.78663427,31.12479
23cebf03e2ba4dc1b479faf624e65cdb.jpg,0,54.427992,27.893968,11,41.10023,28.331875,1482.3353,796.1431,0.5760924,0.0018557906,0.5486005,0.7448964,2018.8907
23d144c7af5d4ef28c8283bec7d6dc29.jpg,10,65.932911,21.820551,10,56.211379,13.736622,1162.9401,0.40511274,0.74574697,0.039252043,0.72256845,0.83846104,1162.9401
23f1683f497a4dedbb253038844ba894.jpg,10,65.410185,19.684866,10,65.371018,19.200598,22.842964,13.058522,0.88349926,0.011324704,0.8696785,0.9387824,22.842964
2404cd04c70a49c08ed5b8c4f1f46eb0.jpg,8,62.22618,11.782424,8,64.743823,12.846214,284.87622,1.7881839,0.8788213,0.014558971,0.86686844,0.9266328,284.87622
242256210a7043f6ac63e5b920a684a2.jpg,10,63.68418,19.378303,10,65.629548,18.930903,217.3595,7.712728,0.8323086,0.00064617395,0.8378054,0.89550745,670.6326
243299c474fa45938d36a53c8b1d01e6.jpg,10,65.980633,22.866528,10,66.0568,22.707409,11.110538,8.6923685,0.87366366,0.0041303635,0.85104746,0.9641285,11.110538
2432c6509b5d48c49d398c587e2fc894.jpg,8,62.237901,8.257082,8,62.332745,7.52968,39.066574,28.630386,0.61661017,0.00010085106,0.61471045,0.68142736,57.143776
2457a360e89b4948a2019907e560c929.jpg,7,45.87796,9.210452,1,52.023061,13.612706,754.80176,288.6412,0.7164341,0.028775334,0.71177363,0.785889,864.7668
245b67c717e34ed785091738ab850e1c.jpg,5,55.718009,-3.773253,5,55.364795,-3.498452,42.912544,13.397494,0.6823224,0.0073435307,0.6643815,0.77794003,123.32235
246398e261ac4ff89830b2a0fe271c96.jpg,11,40.84288,35.49093,7,40.68621,8.3798,2274.1504,29.64833,0.64830095,0.034833133,0.66226804,0.69918025,1658.979
247a5964b5e5495e8dcaf47b2d5c28ad.jpg,10,57.466247,18.305007,10,56.955931,18.302545,56.744823,2.5222716,0.77630377,0.04136163,0.7394576,0.9452616,55.722084
24880a0404fb4866a476f44df12e73a1.jpg,3,66.073338,28.913387,3,66.073273,28.799317,5.144232,1.7892793,0.9509805,0.009826124,0.9460182,0.9749583,31.826103
24a8be8548954b4dbbb24bae44f37def.jpg,1,51.883493,13.951599,9,53.489522,14.243927,179.66582,5.142762,0.7855691,0.049425006,0.767625,0.86435604,118.563774
24ad253bfa124e1c9bdad1c58bea0628.jpg,5,52.151115,1.501395,4,45.529555,4.516941,768.46985,10.79826,0.69223076,0.006482482,0.6719178,0.818252,486.80585
24ddb99739c640c2b7b6752c5df710c3.jpg,2,39.413275,2.901878,2,39.41489,2.900536,0.21340118,0.10553532,0.84997684,0.01872921,0.82524055,0.96896696,10.512978
24fdbca72a6b4065aea4361c4032e36d.jpg,7,41.429915,15.591096,7,41.062413,15.714447,42.14563,0.7942093,0.7997938,0.02939415,0.7996241,0.83017683,57.12431
2508e9b2fde248faa66e3e6bfe4a46fb.jpg,9,53.181008,23.241389,9,53.176312,23.226686,1.1102858,1.1102858,0.8258197,0.06856555,0.8123226,0.8806714,1.4985402
25177c85620e40bd9a0e1f71fc651c90.jpg,2,28.884392,-13.832873,2,28.88029,-13.832304,0.45947433,0.45947433,0.92369413,0.11746985,0.9096146,0.98001206,0.45947433
25261d18df6c452eaaab4cc097c37ac3.jpg,2,38.665632,-4.182748,2,38.734116,-4.090279,11.062626,11.062626,0.7592912,0.024836898,0.78136337,0.8572923,254.3958
252b3721e033410587754e85faee1b8d.jpg,2,43.343123,-8.304673,2,43.245141,-8.196915,13.955702,0.37634614,0.65350497,0.016154766,0.6040578,0.87183166,111.440414
2536e3ed4f134f178085eba33423b283.jpg,3,61.718063,23.549185,3,62.015428,23.660301,33.574837,19.95715,0.8878993,0.022376657,0.8735644,0.9495219,166.08101
2559637850ef4173b098944f04e01b2a.jpg,11,39.988068,41.520383,11,40.012733,41.980479,39.286724,19.07979,0.7661468,0.047149956,0.7933278,0.772342,3781.1765
255a2e97d5034c33acc22b985667e513.jpg,3,62.599349,21.506946,3,62.672043,21.571735,8.735198,3.1295524,0.83567023,0.014008582,0.8215597,0.9378815,34.20202
256056b757a8459da79c6a7ef7095436.jpg,2,42.009427,1.716789,2,42.035623,2.96726,103.33504,33.56284,0.6333233,0.023930967,0.60720783,0.7673757,335.92123
256cdeabb1d1432a859a014f4307e1d2.jpg,4,49.655832,-1.2545,5,50.544678,-4.828781,273.39072,179.01198,0.70131063,0.08012098,0.6896779,0.7478417,273.39072
25876dea885c4e16a0db3769d196754d.jpg,4,42.250137,9.057913,7,42.379309,12.911126,317.12512,54.47276,0.66175634,0.014447153,0.6684976,0.7653107,282.44617
25bcb2f91ba44e5ba6898e5fdf470352.jpg,8,62.056898,10.723747,7,40.212728,9.550849,2430.2478,57.94394,0.6775707,0.014280558,0.67450917,0.77785367,2485.8628
25ce7b989f604b25ad0a33b30cd30019.jpg,6,63.975548,-16.97803,6,63.918342,-16.510427,23.705751,5.1287127,0.88880163,0.005816877,0.86840135,0.9704026,23.705751
25d9a16c6f1242acb52c7c9cc0aa9fd0.jpg,6,64.834871,-22.83082,6,64.834197,-22.82499,0.28567135,0.28567135,0.93994284,0.044219673,0.9278439,0.9883381,0.28567135
25ed8bf12eb3484d896bdd3691668b90.jpg,2,38.723606,0.028132,2,42.309565,3.056967,473.7864,169.46716,0.65619266,0.029587686,0.63962215,0.7224748,473.7864
266e3b057759429b9be658f3717421db.jpg,0,53.441361,23.930519,0,53.287655,23.939854,17.102571,17.102571,0.67178905,0.02681142,0.6786302,0.8157575,1181.7649
266efd3931274dd5b322fb3613ed6f28.jpg,5,55.310863,-1.948639,5,52.867501,-1.341912,274.55334,6.6972184,0.783025,0.006339431,0.7664802,0.9200273,9.541857
2672fc971988404d88c34d8bf72d68da.jpg,3,62.525664,21.782142,3,62.504306,22.625298,43.334213,13.286277,0.8416518,0.0071083307,0.8117274,0.96134925,43.334213
2691e23b3d634ffe9ec948fa039e6639.jpg,9,53.256726,20.852975,2,40.833984,-2.709432,2239.556,203.46364,0.6420457,0.0035986304,0.6261388,0.7657648,2114.6506
269392f465d5411bb382ba011a6edddd.jpg,8,59.669294,7.533961,8,59.71341,7.576165,5.447255,2.1158626,0.8250448,0.02701354,0.79693997,0.9499811,17.969828
26d4be663c824d288c1fb19550307b03.jpg,3,63.161651,21.878575,4,43.754902,3.465007,2458.108,714.7985,0.6569734,0.010549605,0.66994655,0.7924073,2800.4758
26dbc2a4329443d6a1b8cdb74ec81389.jpg,9,52.254153,18.917164,9,52.28413,18.843314,6.0302224,6.0302224,0.70254266,0.07438576,0.69227827,0.74360013,6.0302224
26ead912f57847b98c7403f478bd24a8.jpg,11,38.144117,27.329551,11,38.120623,27.345683,2.9691045,2.9691045,0.8285575,0.0049212575,0.8165048,0.8815795,3.5857902
27338b4ac7d24d08a0bdc39a6125d925.jpg,2,36.85139,-4.132186,7,44.236522,9.711035,1426.0889,397.4465,0.61769253,0.018453896,0.6028707,0.8047929,1479.8188
2744fa0138024df9b0af43458abe1881.jpg,10,63.819623,13.10823,10,63.820755,13.107238,0.134953,0.134953,0.84961474,0.071125746,0.82467085,0.94939023,0.134953
275b29b599d64e62aa5aa6457a5eb4e0.jpg,8,58.424937,6.016844,8,58.424308,6.018055,0.099314526,0.051984582,0.8214635,0.001214683,0.80071497,0.9341063,2.6470675
275e5155811a464aa149c2c09ac9e819.jpg,3,61.916374,23.693425,3,61.902054,23.706904,1.7417033,1.7417033,0.8764247,0.0014136434,0.8603128,0.9582436,105.09076
27611122791b4b8bbce76459ee845b8d.jpg,3,65.933526,24.624904,3,65.912019,24.590762,2.8492062,0.5772701,0.93297637,0.0052882433,0.9236201,0.97040147,2.8492062
276a2b938d7a4757b9cb3d3b848fef5d.jpg,9,50.006581,19.87459,8,59.475373,6.293143,1361.652,829.5801,0.6765637,0.001309216,0.6933578,0.78776324,1333.0259
277b972635804cab851bf4fe1e29895a.jpg,4,44.573644,2.158079,7,45.159782,9.986557,620.14307,76.310486,0.6443634,0.0006245971,0.6508921,0.65225893,182.94987
27b82bf79f354f168299c7fa13e9b5f0.jpg,2,42.728825,-0.525206,7,40.569048,15.35347,1338.912,766.2105,0.7266713,0.019794226,0.6872145,0.8936526,1283.4578
27bc5f84bc724be29b3c1e74c19fdd02.jpg,6,64.813266,-23.950678,6,64.815584,-23.955016,0.32950154,0.32950154,0.9635807,0.052197278,0.9567567,0.9908767,0.32950154
27bc613702ac46f79fca1b54dac9294e.jpg,2,37.622885,-0.782986,2,37.630485,-0.799938,1.7155044,1.7155044,0.8606502,0.1114617,0.845847,0.91986275,1.7155044
27c472bbcf8943909ad86c3e2c488091.jpg,3,68.363119,27.411966,3,68.360777,27.41541,0.29624107,0.29624107,0.8682648,0.009346247,0.8480903,0.9489629,0.29624107
2805bafcfc9e4290b1f6336ebe4ac597.jpg,10,65.414853,16.527094,10,64.915074,18.238231,97.33306,12.497616,0.9086176,0.01898861,0.8978534,0.9516746,97.33306
287bd11e618d47bf8cfb610980f291fe.jpg,1,49.602831,8.101491,4,43.877962,7.451246,638.4958,7.6238775,0.6670443,0.0003836751,0.65782154,0.7718586,994.434
28a41a7987594bfcbd61f2c37aa316db.jpg,5,50.287389,-4.987159,7,40.032532,15.804202,1978.4854,1.2193437,0.7388541,0.0027557015,0.73063225,0.8604665,1759.9807
28c3898245134a968ac5d2bfe8f49a9a.jpg,4,49.426979,2.694839,2,36.772698,-6.04207,1573.2771,886.1244,0.7847525,0.058686137,0.7821831,0.80670166,2254.6108
28c482f1b0874434ae80f33705658b55.jpg,10,60.34533,18.127956,10,59.595855,17.129667,100.153435,10.3302,0.7412977,0.027321935,0.7175877,0.8361379,100.153435
29220dd7d34d49dda24e362e66b3d4d2.jpg,7,40.546533,16.485082,1,53.231996,10.225927,1487.1785,1054.7979,0.63983715,0.0010139942,0.6243838,0.73824036,1236.2908
2931ee28b80a444fbda39167a68d4799.jpg,7,43.578869,13.498627,7,43.581867,13.495568,0.41454297,0.41454297,0.7999597,0.11188769,0.7847552,0.8607777,0.41454297
29439e30ee2e40f386dabdb6ef85c262.jpg,5,50.318921,-4.926131,5,50.313677,-4.932781,0.7503075,0.7503075,0.80059433,0.090525985,0.7893201,0.8456912,0.7503075
298ba9fb0efe4d74903569f985742d14.jpg,4,47.633338,-2.989563,4,47.544324,-0.607768,178.88992,0.9928658,0.68152463,0.02571255,0.6616947,0.77684027,58.54083
29b9edd2b3cb487fa88c7adcc2fd0989.jpg,11,38.754117,33.850617,11,38.756186,33.089389,66.00862,9.539724,0.72970855,0.08091658,0.71535444,0.8431925,1521.0153
29bb92e8379846cd91bf9da8190085d6.jpg,11,36.33455,33.65906,11,36.334401,33.659188,0.020148689,0.020148689,0.8735522,0.08096242,0.8481944,0.97498333,0.020148689
29f1f2c725904b30bca272a91285f3c5.jpg,2,38.5898,-1.689196,7,40.966933,17.114876,1625.2384,886.042,0.66247004,0.006696403,0.64489305,0.7327781,1625.2384
29fa19e4dc73459daed901b2ab45fa1e.jpg,3,67.460373,26.949271,3,67.084424,25.081534,90.47021,4.053058,0.84117186,0.019163609,0.8162928,0.9640546,91.10524
2a0a1ecfb8994bf19bce7fa1b3f2dd48.jpg,6,65.900993,-18.061126,6,66.135107,-18.929184,47.082596,0.43444717,0.84580106,0.00108248,0.8300524,0.94376755,206.825
2a439d6e2cd2406fb55f65d70c6715e8.jpg,1,51.500331,8.341294,9,53.138968,19.265042,763.6699,214.55417,0.772884,0.055131614,0.7719188,0.8693908,747.7943
2a4d211f3ed7430db75b55b45214d4d1.jpg,11,39.799968,33.491669,11,37.223707,39.870056,624.3247,36.385582,0.6801696,0.011073887,0.6513659,0.8191974,376.06964
2a7a87f11be34a6badd1c12debb5db7a.jpg,8,61.429089,8.805149,4,43.136877,2.729555,2073.425,4.563628,0.6755383,0.027749717,0.67230475,0.71396637,12.9623375
2ab4d5a40dab4c34863df762e99782a0.jpg,3,64.748403,28.330205,3,64.723583,28.411671,4.750133,3.6485837,0.87150717,0.015397787,0.8551941,0.9367595,4.750133
2ac01eb1b84f46729dbf015269242ef2.jpg,7,46.159143,12.836418,7,39.323828,9.146098,817.37683,14.213142,0.74794996,0.009559929,0.74981695,0.8062215,1057.6865
2ac246926c05477baf3d88383d8d2de5.jpg,11,38.20203,41.478458,11,38.201675,41.479896,0.13170874,0.13170874,0.7664291,0.010874689,0.75264597,0.8574607,43.98022
2b0b47ac87404ce2a42adadf1d00df68.jpg,10,62.159805,17.454101,10,62.160904,17.456813,0.18645741,0.18645741,0.7493155,0.023032665,0.71477693,0.88746953,0.18645741
2b1550ac27af48e4a3ae09484a0e1f97.jpg,2,42.062302,-3.427818,2,41.658411,-3.485947,45.167953,41.17903,0.7033393,0.0013306737,0.6733442,0.9056806,42.100487
2b33bea8bfd945f0809995a7066f61da.jpg,4,44.776565,-1.05512,0,52.09437,27.813359,2261.469,226.4534,0.77355766,0.050329506,0.7686723,0.815505,2160.53
2b36a32d743448c19ce6adcbf863a72a.jpg,9,50.411218,22.418742,9,52.072733,20.369645,233.38927,3.984644,0.6481043,0.0029679537,0.632607,0.7802361,248.11131
2b450f3fadc1473e82cf1299efd1c2a3.jpg,0,54.791226,30.414827,0,54.869129,30.391498,8.790353,2.572915,0.7576655,0.0021083355,0.7501237,0.8515472,359.58694
2b67683d63914075b8e48bdc9aeaf34f.jpg,4,47.943643,0.277282,7,42.689154,12.347071,1108.0793,49.73756,0.60151,0.010576487,0.5788938,0.7370262,493.383
2b8956d1c0de4b3aba9fe692b6c12690.jpg,7,46.447868,11.905943,7,46.44734,11.906221,0.062455103,0.062455103,0.911358,0.27053463,0.9029677,0.9449191,0.062455103
2baf3c187cd848af9f69abc43f7cbd27.jpg,4,41.470449,9.225225,4,42.738458,-0.00898,774.3263,532.5492,0.60065293,0.03072226,0.5635908,0.7771551,821.8237
2bbfc5ca1ab2441b9876dcd8a0638f9b.jpg,8,58.804293,5.601954,8,58.800378,5.600375,0.4447275,0.4447275,0.6978605,0.027819693,0.70379627,0.7543668,1227.2184
2be70845ead040fd9ae79d4d63e67515.jpg,3,64.153272,28.256495,3,64.138889,28.008733,12.119894,8.26932,0.7548884,0.04095018,0.75608313,0.8429621,581.0839
2becb1dc3c8142b3bad999b40cf89ec2.jpg,1,51.40101,14.94923,1,53.291017,7.742422,532.43964,6.8173857,0.72281957,0.036125183,0.7120404,0.765936,532.43964
2c00206fb99b41df96648360e3a7e611.jpg,11,40.565718,35.992789,11,40.928778,35.15705,81.156235,3.9094236,0.72099566,0.0033753514,0.7164345,0.7392403,81.156235
2c29d4b1e7a043488faf3f563f0ef874.jpg,3,61.940198,22.786027,3,61.959233,22.8661,4.691532,4.691532,0.8855209,0.027642548,0.8680112,0.9555596,4.691532
2c4c18d460b54a06b83f8f9feb06349b.jpg,2,39.321286,-0.410527,2,39.319087,-0.408522,0.29922673,0.29922673,0.91709656,0.017119646,0.90312976,0.9769175,0.52882195
2c55ff6fdc004f00a0bcebc8677f38f9.jpg,2,37.494225,-2.772559,7,40.823563,14.380019,1521.7828,1142.9908,0.6748443,0.0095819235,0.69664276,0.7336323,1341.5474
2ca59707f4bc49c2bac3a1571635ce1c.jpg,3,67.014232,25.156054,3,66.977386,25.295984,7.332143,1.7757429,0.934299,0.0036610365,0.9230561,0.9819412,13.171932
2cb5b2c85d794f4faf980218dd47e37a.jpg,0,52.157202,26.091599,0,52.161358,26.090681,0.46635023,0.46635023,0.85195637,0.038141727,0.84887856,0.9151058,117.74234
2cdd764a9159486fa22c73d3f0b59bcf.jpg,2,36.736364,-2.205532,10,65.576782,19.246709,3498.1184,3027.9268,0.7244029,0.009298146,0.6953639,0.8405591,3498.1184
2ce71407477147ce990eb4dde3d5dc13.jpg,4,44.118076,-0.057828,5,55.378559,-1.805386,1258.2848,124.37267,0.63056755,0.012812018,0.6210743,0.73331785,1251.302
2d222b5408134241adb0a4cd8d9f1bad.jpg,3,65.98544,25.06029,3,65.985036,25.061583,0.07376831,0.07376831,0.90713584,0.109332085,0.9126445,0.93581986,19.878082
2d36fb18aef64d94b6e17eaf0fb9ef9a.jpg,4,44.55499,5.872598,7,40.580063,8.242867,482.67947,136.8355,0.71112335,0.013644397,0.7095235,0.7950276,2524.8108
2d376fe3d8c241c3bca5d079fcf684bf.jpg,10,60.005599,13.330053,10,60.978921,16.415239,200.62883,25.291517,0.69640374,0.0018200874,0.7057797,0.78544974,168.17462
2d413baf3f6142bcae35d06bd52dadeb.jpg,1,52.694084,8.9186,1,52.510465,8.39983,40.549686,10.365879,0.8396603,0.05416119,0.8317618,0.90737057,23.61717
2d6845b1d4c24aa784065c9830fd15fb.jpg,5,53.490757,-0.553824,5,53.465614,-0.552037,2.7982779,2.7982779,0.7727586,0.07349491,0.74950135,0.8657874,2.7982779
2da0f13e6f564748bb8027f2a3519089.jpg,7,41.549988,14.692774,7,44.369709,8.031063,625.9519,78.35663,0.6993027,0.0059025288,0.7086183,0.7461711,395.84918
2dae7fa55b9b4ddb95695f1c97acd263.jpg,2,38.370117,-5.961787,2,38.922759,-2.947073,268.91345,8.01155,0.71768403,0.011980236,0.68303865,0.91862977,8.01155
2ddc35db117548e0a257c04c7b5fc5ea.jpg,2,41.539384,-3.203965,2,41.561614,-3.207067,2.4853084,0.87731254,0.7177831,0.0076411963,0.7076819,0.8263211,89.868095
2deeb7498be54bc29e2828516797d28c.jpg,1,47.724361,11.565606,1,47.604017,11.466747,15.293038,6.145165,0.7833697,0.06527585,0.76087797,0.8733367,15.293038
2df5629baa76401bbbaa0df0c630304a.jpg,2,42.04,-8.839769,1,50.613346,10.327426,1745.5459,1478.0092,0.59045196,0.0333277,0.5992832,0.6385888,2188.4956
2df79f2af0684748a0e150c325d8d204.jpg,9,53.98536,15.022793,5,55.813308,-3.502197,1198.017,768.6702,0.66384983,0.008154094,0.6472235,0.7423502,1341.7461
2e0bf467d1ce467798ba3d2f9d193ada.jpg,8,69.604287,18.303148,4,44.504556,1.04975,2954.4807,0.047253054,0.64910066,0.013033152,0.65173763,0.7346609,1303.9534
2e8f018a780e4fe89c2fb815ee561788.jpg,7,40.997164,9.222957,7,40.934809,9.310649,10.113692,0.33926418,0.82193184,0.013716161,0.79244304,0.94411093,16.699497
2e9fe5c715e944dc8ec9f356de35a396.jpg,8,59.685614,6.508011,8,69.075762,17.542147,1167.0973,237.07784,0.6924703,0.0010279417,0.67903304,0.79464495,1230.9725
2efdad6b40014c05aefc719d830a1b65.jpg,5,50.458489,-4.673857,5,50.465477,-4.698527,1.9113559,1.9113559,0.83339244,0.0029316545,0.8076383,0.9710143,7.526887
2f08ee87b74047949fa707c4632168f0.jpg,1,48.747978,12.880488,8,69.462859,19.239782,2328.8943,872.0012,0.67279154,0.00017690659,0.6423013,0.7947521,2328.8943
2f0c9463213043db9e8db93873f5e017.jpg,5,55.534396,-2.674281,5,53.871321,-2.757613,185.00322,5.757992,0.684833,0.0033632517,0.68534917,0.75941837,41.36225
2f16ccb416ee4f89a359f63c9640fc28.jpg,3,66.231336,28.820952,3,66.230858,28.800119,0.9351848,0.11308698,0.8556452,0.0378834,0.84237254,0.9087355,0.9351848
2f35b8fbfb2a418488b05a9cd6dff992.jpg,10,67.852909,20.948671,10,67.039015,19.79509,103.00586,9.89869,0.75850713,0.023777485,0.7402333,0.83275664,773.64954
2f3f2edd6e3e4cebaf4f2b4107205acf.jpg,4,44.094448,-1.318053,4,43.811529,-1.370474,31.737837,6.693936,0.83849955,0.0039430857,0.80896974,0.9592114,32.80708
2f42adce0408491daaf6d4fd4ed2221c.jpg,6,66.198104,-17.119832,6,66.099395,-16.883186,15.286873,14.824649,0.85351264,0.0115145445,0.8317399,0.94060344,15.286873
2f5ae300ae614e86a83153269657868e.jpg,1,51.459403,14.229138,1,53.620759,9.102894,421.6786,6.8212004,0.739752,0.0039878488,0.74092674,0.8366255,49.06191
2f683cff9dad4ec1b96ebce31c18a2ef.jpg,11,41.941525,34.317575,11,39.863514,37.904151,379.74448,22.094116,0.67975503,0.002703309,0.6645808,0.8230943,400.22668
2f6c09e93b0d436f9884c2a31d8ff7c9.jpg,9,54.407548,16.515417,5,55.047064,-1.814868,1175.7736,769.76324,0.75749296,0.06043017,0.7431309,0.8149408,1175.7736
2fbb7a2d805849f2947ff1fb00336aac.jpg,2,28.348655,-16.514013,11,36.407945,33.843991,4759.3076,1809.0415,0.77265286,0.028167546,0.7441428,0.8866932,4759.3076
301dedbef035438696c97ae3b5914b0d.jpg,6,65.654307,-23.252679,6,65.654932,-23.255917,0.16389,0.16389,0.9533955,0.020834923,0.9452185,0.9861033,0.16389
3061d64c3bf84593bb385ad3ce16ef31.jpg,7,44.577141,8.787369,4,48.367242,-3.789908,1049.7141,29.880768,0.6550832,0.0024584532,0.6664999,0.6889728,1025.3666
3072665078a64deb9262179eff0debad.jpg,11,39.519994,44.241817,11,39.523523,44.239145,0.45443457,0.07308462,0.95380783,0.1496455,0.94463736,0.9904898,0.45443457
3080beaaec8a4068abb7195529218847.jpg,3,66.261623,29.304173,3,66.261153,29.302348,0.096979365,0.096979365,0.91410196,0.04384792,0.8975311,0.9803852,0.096979365
308fcd2adebd4021b092b4b68d629e63.jpg,5,54.508672,-6.458169,4,42.02809,9.414713,1809.7476,22.416367,0.6655324,0.0040613413,0.687734,0.6790154,2026.8431
30ab5842b0e44d59a8a75bb71e9b22fc.jpg,11,41.664153,26.614502,11,41.642205,26.7513,11.624645,11.624645,0.8945404,0.09953487,0.88317364,0.9400075,11.624645
30d001757c54463d826c984263540804.jpg,1,51.911262,13.542135,1,52.06319,13.220625,27.750925,16.17778,0.71376157,0.013706088,0.6961278,0.7961082,120.53898
30eac8bc175e4efeba2e81c5a27f7479.jpg,1,47.954703,8.860221,7,38.014888,12.913387,1152.9486,268.291,0.7179511,0.06773955,0.6926969,0.8189677,1152.9486
3100179f3a2e4faf841e5b109a8dc21d.jpg,10,61.642555,14.803993,10,61.509374,14.849688,15.005264,6.589033,0.86728007,0.009419501,0.88456196,0.8271177,20.87322
3104db88d9b94dd1b28a3272e73de5a5.jpg,11,38.16627,26.818858,7,41.72187,13.012273,1239.9685,790.7963,0.6457796,0.002131164,0.6286625,0.8004395,1414.1272
311adaa394444291842296c03769a743.jpg,6,66.03148,-14.806878,6,65.733884,-14.859265,33.1767,3.1413732,0.7580767,0.0056418777,0.7389341,0.8346471,33.1767
314cbce466a64555aad37c2fe8ff11e8.jpg,9,51.460756,22.642346,9,51.493983,23.54388,62.5445,2.541875,0.72442544,0.0019987822,0.7441356,0.73209673,559.3112
3153bafdbce24cb4ab57db96dba053dc.jpg,5,58.464777,-4.903575,5,57.544358,-6.608867,143.41068,2.4679153,0.8616544,0.033180416,0.84118223,0.94354314,143.41068
315b954dc715466389f4ad5b890cf74b.jpg,5,59.092966,-3.320566,5,59.093421,-3.321005,0.056465913,0.056465913,0.9703068,0.05142939,0.96434855,0.9941399,0.056465913
315f2b2574174e06ac26d369eab3ad12.jpg,4,41.888574,9.393459,4,41.744882,9.405779,16.01043,6.246894,0.8330959,0.033857584,0.81162107,0.95372343,7.145047
315f9cbcf9b84128bc228c90fce1f535.jpg,2,41.363281,0.913832,2,41.332482,0.810697,9.265402,9.265402,0.7536167,0.053695917,0.73792815,0.81637067,9.265402
316048b52f1a413dbbfebe3865ee4d24.jpg,6,63.850238,-22.439286,6,63.831076,-22.508856,4.0213714,0.05339871,0.847101,0.0064941645,0.82412803,0.94038266,6.193179
316b8973bcda4e1da72a7892dbace087.jpg,1,54.141228,12.002187,1,52.100892,9.91935,266.03824,36.208286,0.749836,0.024096131,0.73865265,0.80781555,357.60117
317348d9797d460aaa1519dc82ba768c.jpg,7,41.457321,13.80261,5,50.116171,-5.419448,1766.3977,126.2963,0.71594167,0.0137812495,0.709667,0.74104,1766.3977
31802f84c62643178be84c035ca48d50.jpg,3,68.097726,25.459562,3,68.097884,25.459827,0.020723993,0.020723993,0.9668797,0.00078880787,0.9603652,0.9930561,0.53772086
318bca29a6ab4ba8a1eb0aa50a63424a.jpg,1,51.620887,14.184331,1,51.796118,13.755521,35.392746,16.18936,0.76044226,0.055771947,0.7593379,0.8196435,505.70206
319cbb83264746a68e6b2cd8b96ed727.jpg,1,52.186165,9.27995,4,49.298242,-0.308172,746.4158,386.52078,0.6793803,0.008247972,0.711974,0.7069974,1169.9531
31a32521b7d54e14a660b500a27d5a4d.jpg,6,64.883816,-13.818665,6,64.882839,-13.810714,0.3906812,0.3906812,0.909644,0.023925126,0.9019939,0.9658546,4.4603367
31a9b3cf63f24911a5b9677282d9177f.jpg,7,42.593051,12.237133,7,41.851262,12.786974,94.092285,5.786261,0.7701799,0.0057967305,0.7368676,0.90342915,94.092285
31ab0aad9004422b892423c1013172de.jpg,9,51.151336,15.457783,0,54.542672,30.719123,1089.3771,111.91248,0.66001415,0.022206783,0.6889484,0.6802267,992.68225
31b70a40d16b4e1db0cc01eb591c9524.jpg,5,50.129463,-5.62196,5,50.361676,-4.668444,72.55315,3.9449584,0.77843714,0.05068612,0.76707643,0.82387984,72.55315
31dcc9e61f854a949e1edd7c77169387.jpg,0,52.577014,30.504958,0,52.986225,29.815658,64.95879,21.484383,0.9405356,0.0069465637,0.92925006,0.98577917,72.844246
32cea9c8cffc4c9499ea2de1a79e5d07.jpg,9,51.39295,21.102648,9,50.759628,20.4284,84.723,3.5152097,0.76641846,0.002050817,0.7469887,0.89903677,11.982071
32d1385c28894607a32aad33db51602c.jpg,8,68.682781,16.539285,8,68.684487,16.538142,0.195244,0.195244,0.82924914,0.13424659,0.81668925,0.87948847,0.195244
32d91b0bd0da4000a4cd680364198443.jpg,2,38.509096,-1.654367,2,38.313329,-1.482958,26.398981,9.634142,0.8582344,0.082966566,0.8594719,0.8740112,9.634142
32f4d8fde8f04b52b377155037b327ec.jpg,3,67.73801,24.07949,3,67.889171,23.996242,17.167984,9.251428,0.79472417,0.011405766,0.8005897,0.77126205,17.167984
332c45e6c69b44b2befaf24791e41748.jpg,1,52.847888,12.54426,1,53.486864,8.480539,280.00354,21.525469,0.7352861,0.028480768,0.75273514,0.80187106,811.9427
335a7efb9f294bb6ae95810ed182df09.jpg,9,52.070997,22.293914,9,52.046645,21.271491,69.953415,18.62074,0.6673076,0.027628005,0.65381896,0.83378005,70.55365
33a19a5c799049ac8742026c23193dc7.jpg,9,50.9688,18.746015,9,50.980623,18.732433,1.6225398,1.6225398,0.8205885,0.13679206,0.80853385,0.8688072,1.6225398
33ad011d39124b2e9b650b84a1dd5b1e.jpg,3,67.12356,25.058337,3,67.120353,25.066537,0.5028144,0.091348305,0.9786241,0.005458772,0.9748979,0.9935287,0.5028144
33be3fbd542b4acfb51eff24fab0cec1.jpg,1,50.898315,12.496634,1,53.548036,12.712733,295.00302,5.2069755,0.66789824,0.026854694,0.66490936,0.704184,308.34027
33cfd6f159004228a87b584177f9cb42.jpg,0,52.0407,30.50996,0,53.021574,29.710862,121.72608,6.010697,0.84669673,0.024029493,0.8281455,0.92090154,121.72608
33ee45ccc32c4847b18e8904eaf2b3d3.jpg,1,52.08898,13.800782,1,52.286476,14.281298,39.437252,12.612776,0.78252393,0.008895218,0.7727678,0.86057806,71.44572
34451a545ae6436094522677baeb1dd4.jpg,2,28.074514,-14.424764,2,28.070307,-14.420452,0.6307286,0.6307286,0.9138651,0.0098692775,0.8997541,0.97208375,1.1369638
346c223646c24ca98d1b55af6e32acf5.jpg,1,51.375593,11.089958,1,48.50283,8.429962,371.79904,83.83105,0.62092686,0.001983583,0.59216815,0.7359615,371.79904
346dc99b7a9247ffb988617b72ceb2d2.jpg,3,62.539117,22.041555,3,62.435993,22.779096,39.581364,1.548694,0.9019304,0.03783667,0.8881702,0.9569711,39.581364
34956e92ea6c4deab6eb78cda1123fe8.jpg,11,41.759981,35.217465,11,41.859552,35.079983,15.887779,13.568979,0.7037225,0.0019639134,0.6610556,0.8867318,233.93011
34a514b6f7a94ec390e37b011057b809.jpg,4,49.290472,1.47945,4,49.263229,1.544308,5.595916,5.595916,0.810714,0.07926631,0.8121382,0.8050171,5.595916
34db83d9e5ec4afabd05268e68f76ad0.jpg,9,50.976933,22.312752,9,51.589805,20.070908,170.15137,16.618298,0.69530094,0.025659978,0.6989847,0.7457323,73.93495
34ea7c7277944fc6b30e92beb6fe2bbe.jpg,8,61.957627,13.011371,8,62.02595,12.972693,7.861052,0.38935834,0.88786703,0.008685946,0.8798631,0.9391962,1.5879428
34f908380113444f9d23724697c26787.jpg,5,54.277397,-2.764489,5,54.28438,-2.767693,0.80385035,0.80385035,0.76792204,0.06250638,0.7562073,0.85555005,421.67514
353e35f668b648859c4faad165397a97.jpg,8,61.847824,6.37821,8,60.083692,9.844815,271.00037,0.4045955,0.744496,0.017819881,0.7306066,0.82244253,58.865883
356230f216aa4f65a207d97676238e3a.jpg,10,57.251732,17.013225,10,61.75767,16.866385,501.1063,80.66213,0.6907198,0.011457086,0.7167814,0.7462677,330.61264
3570f8ba997047d19831e4eec0b1dec4.jpg,0,52.979181,26.881763,0,54.493287,30.028954,266.77744,2.0577304,0.91875094,0.026367009,0.9102847,0.9526156,266.77744
358e44cea1ad402094f9a1bc1bac1a6e.jpg,3,62.666242,25.742619,3,61.946042,23.665719,133.90295,55.69647,0.70824695,0.0014065504,0.68698955,0.8004868,652.33325
3598520c6d8f49bf8172785e0fd57e23.jpg,1,51.551537,8.737811,5,56.521364,-3.221892,954.6305,227.09691,0.7320743,0.029660761,0.73390746,0.7533369,870.674
35aac1a9a3294a27b9e5fa915cfada60.jpg,1,52.475422,13.828399,1,51.64054,12.589013,125.688736,16.014185,0.70383745,0.00049209595,0.6907147,0.8519473,80.330795
35b150e312e9463e8280da6e96bb0890.jpg,3,60.979188,23.63445,8,60.737006,10.2382,724.62885,24.52853,0.6792426,0.007413268,0.6885114,0.7151543,1771.0228
35dfe69ab56b4902a9c321ff21ce94a3.jpg,4,48.47549,-4.579769,4,48.476178,-4.58356,0.28973666,0.28973666,0.87982297,0.035086513,0.8644827,0.9411839,0.28973666
35e90275e2e9419db173925f3a90bdf6.jpg,1,48.051635,12.119969,11,36.373725,33.941007,2204.3647,572.4451,0.66663086,0.015516281,0.6736673,0.6844394,2286.48
361d7bf480bc4c3d90af171398ca2d27.jpg,4,49.539075,-1.466038,4,44.439159,-1.126209,567.6694,39.99223,0.68554056,0.010979474,0.66590995,0.84729195,544.445
3628046bebfb445fa81b1dd4de24f528.jpg,4,44.093315,-0.499746,1,52.234691,14.626627,1436.6757,1215.5073,0.70798886,0.005885482,0.7026159,0.84164405,1550.535
363873bd94144d3a95d1b63f34adf892.jpg,8,69.690788,29.576055,8,70.102049,28.635123,58.175404,7.688876,0.8128513,0.05479783,0.7862555,0.9192345,58.175404
369259f582c0418586f9ac0429f68f57.jpg,6,65.013299,-14.114524,6,65.012691,-14.12565,0.52694553,0.52694553,0.88472354,0.06243092,0.86331123,0.9703729,0.52694553
3696efd0486d454a9bc2eb81c0928260.jpg,1,50.451678,9.139756,1,50.466695,7.609582,108.33177,0.40649498,0.632746,0.008279562,0.62207985,0.7311447,184.27307
36c1ae5b4fdc42cb9755245a53393ee5.jpg,1,48.019862,12.734615,9,51.943577,20.214282,689.60345,14.1037035,0.63592744,0.0019581914,0.617081,0.74111986,616.9352
36d31a08f10242a5b8a2bd3ab1708a65.jpg,0,54.511927,30.501918,0,54.473022,30.504516,4.329297,1.7062148,0.9057888,0.08979154,0.8960539,0.94472814,4.329297
36e465dbafe74ed983076d9d04763a7a.jpg,6,65.522619,-19.833164,6,65.534,-19.895781,3.1496735,3.1496735,0.8355538,0.019521892,0.8271164,0.8693037,3.1496735
36ede0714d5548b294b0ed3e1be886ed.jpg,3,64.005835,29.429391,3,64.054233,29.144659,14.872091,2.4264116,0.797045,0.002072215,0.7892708,0.85026765,29.242369
36faa5f83e964fa5ac26edd87e2db374.jpg,3,62.851369,27.698972,8,59.393949,10.735482,985.00903,648.4675,0.590376,0.008804917,0.5756438,0.6577554,1080.3427
3728eb4b80514092ac647f770d633b44.jpg,7,37.56623,14.917226,7,37.664873,14.859964,12.072654,11.820196,0.8115384,0.004083216,0.79294914,0.92246604,46.541336
37607e5fbc4140d1b5f2323f203df4ef.jpg,4,48.408696,-4.371644,1,53.385144,9.442847,1113.0408,238.07265,0.71500415,0.016516268,0.74237,0.6899059,1159.7837
3763ab3dc6ee4b1b8765e27976c3198e.jpg,2,43.729027,-7.718543,2,43.728035,-7.716684,0.18568812,0.18568812,0.74331367,0.03647411,0.7007064,0.934371,2.275322
37641abfe31243c8b5ea2a5c25bad077.jpg,8,69.234997,19.336997,8,69.234026,19.332439,0.20963538,0.20963538,0.68265,0.0016822815,0.7172204,0.6245206,54.49138
3770bb0e8a9f406fb3cc124200d0cfb5.jpg,5,53.878598,-2.77546,10,60.237818,13.456887,1204.49,228.03345,0.62423646,0.003651917,0.60859144,0.71429896,1333.8247
377acd998ea647688ce9ac0d01f37299.jpg,9,53.426352,22.590535,9,53.392691,22.582994,3.7761645,3.7761645,0.7425726,0.059922814,0.7590142,0.7681812,269.71014
378c7a955f574de0ad6caed24296b300.jpg,6,63.483745,-20.176067,0,55.273499,30.125186,2904.388,16.212751,0.7085588,0.016023457,0.710502,0.7691685,292.07404
379efd9ac6504b059d77ae5967a00ac3.jpg,9,50.349326,19.188116,7,44.431704,7.793345,1079.1127,191.28145,0.56307596,0.006323993,0.57024723,0.6554859,831.76086
379f2af394b44c0ab0e24525dc0b0804.jpg,8,61.801527,10.223131,3,68.433194,23.499973,960.0975,45.924015,0.6762387,0.0040545464,0.6704247,0.7920235,94.26135
37b4f6f825b04391bd5f9f8bdd526b66.jpg,0,55.528486,28.798667,0,55.527125,28.822805,1.5266951,1.0412709,0.88266504,0.04473555,0.87562275,0.9584876,30.675482
37d57266425c44efaafa9398b6a8bc74.jpg,11,39.342938,32.918283,11,39.446009,32.865233,12.334318,12.334318,0.8584808,0.077836275,0.84584534,0.9090227,12.334318
37e1519fc3e64e07ac8513000b3e55c0.jpg,7,41.712179,12.692136,5,51.831776,-2.985666,1634.2443,10.745817,0.67808497,0.00038152933,0.70323086,0.72968024,10.745817
37ed19eb6fbb4e508934697db59c2576.jpg,2,39.719718,2.886209,4,48.546943,-4.505528,1143.9213,210.0901,0.6525445,0.004093647,0.6482038,0.7646107,546.1919
37f68dd24ec1488fa9f7a74e533326ae.jpg,1,51.317257,13.623711,7,45.120061,11.729516,703.17694,386.64993,0.73858225,0.0041163564,0.73744565,0.8200347,704.3088
37f89b4740e5447f9f94abb8892525b5.jpg,11,40.696665,36.360976,11,38.236855,35.095871,294.27975,4.829771,0.73090535,0.016598105,0.71812356,0.80988085,621.46124
383433b087624c2db0e71effd285246e.jpg,1,47.830898,10.29488,1,47.839285,10.278374,1.545198,1.545198,0.7394651,0.055015326,0.7477474,0.74694455,329.44498
3839e87d9b134206a55bd5fbfa313a26.jpg,8,62.331679,7.51906,8,61.927368,6.841633,57.105755,17.534546,0.7116053,0.019852757,0.7163175,0.71825385,22.638727
3860d93fb0f046bf847dc98ae8b1fc9a.jpg,2,43.654934,-7.598379,2,43.633525,-7.601127,2.3908226,0.18984784,0.69297993,0.0025159717,0.6411922,0.900131,2.3908226
386209f926f145649276f752f982e763.jpg,4,48.258588,-4.621273,4,48.563927,-2.574114,154.8611,8.7652,0.7385812,0.025532305,0.75345206,0.75553626,767.5181
3876b87ff4c643a6a89d4966ba68d5c0.jpg,6,64.936459,-22.901872,6,64.839332,-22.576228,18.782711,3.27493,0.89410233,0.02750969,0.87531507,0.9692515,18.782711
387f94b7227449d7b6b104fabb9b9982.jpg,6,65.555348,-20.656337,6,65.572723,-20.654239,1.9344233,1.9344233,0.8940596,0.014470518,0.8784338,0.95656276,1.9344233
389f6a01f09f4fe48f0875d1bd7c142d.jpg,2,40.377346,-1.11557,2,40.17504,-0.869698,30.677685,30.677685,0.845634,0.043482184,0.84463334,0.8496363,30.677685
38b074750cc64304adfdc54ca297e7fd.jpg,4,49.079918,6.059378,2,43.144848,-3.580289,992.4357,650.5314,0.7014204,0.073156,0.6929351,0.73536146,992.4357
38c4ac8828894c7dabbd4431b3b60b8e.jpg,0,54.41224,26.048687,0,55.215464,27.91274,149.13112,4.529379,0.74867964,0.0006673932,0.71378875,0.91025835,316.5538
38e715a3d69b48d8814f25c936a7c5f5.jpg,11,36.76281,28.921411,11,41.485609,31.834918,582.0979,108.352,0.73997533,0.008577466,0.7246135,0.8473911,594.159
3924d254a72c447d9a2e92ec8428f62a.jpg,9,50.474981,18.337896,9,51.216945,18.478352,83.08996,17.30539,0.70532745,0.0009368658,0.70913666,0.72110444,131.47688
398fdc84fe8c4a9f92051e64adec1645.jpg,9,53.089796,14.485743,9,53.092148,14.501921,1.1115365,1.1115365,0.8100554,0.06591952,0.7781982,0.93748415,1.1115365
39a36cf8ad88496f8a379ba5be60833e.jpg,1,53.405743,11.598151,1,53.991302,10.141287,115.917305,6.6678185,0.80202395,0.050653875,0.8203218,0.7573662,6.6678185
39a37c3ac53440e3a8bfc04e8793fa20.jpg,6,64.900637,-23.934748,6,64.901411,-23.932289,0.14442793,0.14442793,0.9235917,0.033956468,0.91124773,0.9729673,0.14442793
39e409b30d74474fbc8de27c5b95aa4f.jpg,5,51.929847,-3.917791,5,51.852888,-5.100313,81.59906,45.47003,0.80160165,0.016444266,0.783945,0.9063493,314.78137
39edffa5aea34a87a31358f7edf6dae1.jpg,11,37.138737,44.336239,11,38.324498,42.923129,181.18079,0.70410424,0.7154867,0.00044435263,0.67800975,0.8653945,181.18079
3a2122af5b5b4974846e54de501eb8a9.jpg,11,38.615044,27.668099,11,38.632394,27.666155,1.9366122,1.9366122,0.886551,0.02835077,0.8673382,0.9634025,1.9366122
3a2b85b684ce42db9bc9ef494e85392f.jpg,7,44.588406,7.61681,7,44.455987,12.016259,349.05545,9.25955,0.7537098,0.015601158,0.7231842,0.8763205,348.24588
3a44efcab3ad4bfb8971fcdb8ed07f12.jpg,11,40.471631,43.327216,11,40.474542,43.326374,0.33143196,0.33143196,0.90345603,0.03555751,0.88638294,0.9717483,0.33143196
3a72cd7f3fae4d6097b9d205a9af822f.jpg,11,37.947871,32.533801,11,39.208583,33.072174,147.78955,8.787807,0.72913677,0.008195102,0.72776926,0.7783061,1266.642
3a77cc5462cd4e1c8941e5f97d912a4f.jpg,9,49.654955,21.269644,9,49.641643,21.339885,5.269277,5.269277,0.73750234,0.065725505,0.73094237,0.76859367,2360.9646
3a86ae89b0ff443aaae58d5c74be1fa0.jpg,9,52.976343,16.32581,9,53.026707,18.565428,149.9659,49.529953,0.6751612,0.046746433,0.6522332,0.7782582,124.6304
3a8cf6d45d194ebcb938cf7e68d885bb.jpg,0,53.454697,26.679343,10,65.371018,19.200598,1388.6655,17.326134,0.65371037,0.00091958046,0.6777998,0.789656,53.22916
3abb4306dc024259a037ed1d420b0e06.jpg,2,43.168306,-3.44145,1,50.824073,11.423585,1408.335,394.62366,0.6656346,0.026838541,0.67096907,0.6958273,1486.0194
3ac5f403dfae452aa8783595f2afd073.jpg,3,67.133101,24.022751,3,66.23329,28.855293,234.96956,34.305656,0.7946446,0.01151067,0.7911378,0.8296835,232.94983
3ac69f45fb5841389dcf6f99277c8f50.jpg,7,36.913522,14.442323,7,37.270902,14.949212,60.004128,0.9065248,0.73827714,0.0053958893,0.7199957,0.87770545,29.70555
3aed9af5773e4956b96adbeefb5237c0.jpg,6,63.972086,-16.86272,6,63.97621,-16.863628,0.46070346,0.46070346,0.91956556,0.014121115,0.9049941,0.9778514,0.46070346
3af40ae51ba54adf8ef4531cdaf57128.jpg,10,64.345682,15.702938,10,64.157467,16.037874,26.453148,1.3078648,0.87950593,0.010812759,0.8612362,0.95258474,26.453148
3af7b851f8624c1b85c010974185bf45.jpg,8,60.267544,5.441657,8,68.538905,17.215161,1075.68,6.387254,0.73015,0.003657937,0.70983386,0.8580065,1048.0348
3b2f9c238e654455bb83b3ca3199c18c.jpg,7,46.593065,12.086592,8,66.805512,15.426712,2255.9873,961.4948,0.5893133,0.04270047,0.6102816,0.63039726,1800.8668
3b581c3dceb646b2a59ec971cbcdc098.jpg,7,40.668206,16.703925,2,36.879965,-2.592287,1721.1157,958.01166,0.7071792,0.031659007,0.71804273,0.7686018,1278.294
3b73cc942fcd4643b8630b85f67a8a81.jpg,7,45.356371,10.750228,7,40.792529,16.167957,671.3714,25.563673,0.7363987,0.015263259,0.71239793,0.8544946,711.9158
3b9676bc0f25446496b1c6e88b3bea9f.jpg,1,53.380435,9.685406,8,63.991095,10.17947,1180.1896,297.99554,0.6968656,0.0040938854,0.6791439,0.76775247,1180.1896
3bd0d6113dfb438880cbad9d6d12f238.jpg,9,53.729954,15.779017,1,48.831689,13.329756,570.59186,37.507343,0.71400934,0.008161783,0.69849724,0.7760579,570.59186
3bd7941aa3414198bd26b7ef5d5c128e.jpg,11,38.953184,35.586203,11,38.95388,35.593001,0.5929061,0.5929061,0.7655905,0.007320106,0.77437365,0.77591276,299.89566
3bf8f4d5f3d64087847e40223bde3c68.jpg,4,44.23671,0.59138,4,44.239722,0.59674,0.542683,0.542683,0.7563511,0.085653365,0.7449358,0.80201226,0.542683
3c1100e8b0c844c7948b0386a93b1290.jpg,4,49.619285,1.521688,9,53.870583,14.615887,1015.79095,511.6822,0.76844037,0.012170672,0.75467205,0.8616858,1118.2023
3c298cc3607e4cf6b93544143d76d953.jpg,5,56.588056,-6.177545,5,56.595056,-6.141277,2.3529594,0.57501584,0.8530586,0.036262155,0.8473862,0.91769,558.7941
3c455ebc64c64e25b6cdf7e0f37d1ff2.jpg,9,49.775246,22.072855,7,44.741579,10.914752,1009.506,982.0548,0.65613633,0.036286175,0.659749,0.7566732,1450.4829
3c4d8402ce24423b9ddd39e5b62e00ff.jpg,0,55.77185,28.605137,0,55.717488,28.585856,6.164073,0.31840777,0.83417505,0.0005248189,0.80504143,0.95318925,3.5670245
3c8e820ca98f4fa0ae56f1c491a0d89c.jpg,0,55.07434,26.87851,0,55.083012,26.87828,0.96439487,0.96439487,0.79735494,0.18112117,0.7989278,0.79106355,0.96439487
3cbc96d4b43d48a0ac9612e2805d4b09.jpg,11,38.47864,30.249796,11,38.455411,30.263784,2.8556483,0.2874414,0.82159364,0.0005170703,0.8069074,0.8985995,44.25278
3cc42fced49743db81b51e38598baaad.jpg,6,63.684204,-18.359394,6,63.687219,-18.348212,0.6451356,0.10789477,0.9609899,0.029954374,0.9561772,0.9802406,0.6451356
3cd7576b456b464ebf7d1682a73972c5.jpg,1,51.038639,10.443183,5,52.152337,-2.11075,874.83215,0.7899894,0.6761787,0.00791496,0.695838,0.7964693,456.2292
3cebe0d58f2b414bb7ee428b9c997c2d.jpg,10,64.151277,19.685873,10,64.151653,19.685822,0.041882344,0.041882344,0.86960965,0.10704005,0.861299,0.9028524,0.041882344
3cfcde5290c549d5a4a32a38a14acd24.jpg,9,53.961078,15.11695,9,53.958856,15.121846,0.40452597,0.40452597,0.684006,0.021521747,0.6850287,0.70908046,31.240765
3d0759ee5d8e406ea796f723c25ca356.jpg,2,42.725483,0.960231,8,60.220276,6.43698,1980.3286,532.7347,0.70762146,0.01835215,0.71986955,0.7321323,1079.8489
3d489fbdd97f44f19d4bc13bab8ce968.jpg,2,38.29099,-6.302999,2,37.622647,-0.78506,489.37967,14.90339,0.7619995,0.0435462,0.7750164,0.7818029,222.8153
3d5c235691ac479cac16eb4ea55775b4.jpg,3,64.284155,29.155867,3,64.278348,29.16094,0.690553,0.690553,0.8817352,0.03308618,0.8660648,0.94441676,0.690553
3d773591511243f39940e32ae0fe656e.jpg,10,64.073764,14.077745,10,63.821629,14.39159,31.952082,10.422278,0.9096335,0.02500379,0.9023539,0.9447655,32.965347
3d7be63b8af844e59a9abed08911b6b8.jpg,7,43.473131,13.453769,7,43.314658,13.643625,23.363188,9.328388,0.71452445,0.052676737,0.6949326,0.81322944,27.24364
3d7bffdf0ec445849ef6a2670112156b.jpg,9,51.924201,18.982082,4,44.614416,-1.090318,1685.512,556.00134,0.66043454,0.0008909106,0.6707183,0.7370346,816.76624
3d8884e039dc45ca84d4bd4af9635e96.jpg,1,48.355179,12.397015,7,45.83152,12.600464,281.0405,9.446795,0.6758808,0.0044335127,0.6726812,0.7542334,133.40088
3d92bcb8c21e47b09fb087347d274a65.jpg,3,62.405718,30.088962,3,62.436761,30.030559,4.577617,4.577617,0.87468684,0.01755321,0.85676205,0.94638574,4.577617
3da036bf1da54487a50b25edd0a33b8a.jpg,4,47.119156,5.371658,4,50.22624,3.316372,376.97794,112.06265,0.71400666,0.0029418468,0.6832509,0.83702934,376.97794
3db3b91f88794476b7c3e4f4bd88f8c8.jpg,11,39.945716,40.802781,11,40.111101,38.323745,211.86992,15.6790495,0.76142293,0.010154009,0.72413826,0.91056156,211.86992
3dbfb79ef83f436cb95c40f89e11abe6.jpg,11,36.380153,33.937964,11,36.373725,33.941007,0.7649201,0.7649201,0.80198944,0.009433627,0.7836955,0.90911937,2.0877602
3ddefc3819f240ce90d5a12f9c783cd8.jpg,1,50.578327,10.936993,4,46.829666,-0.247771,919.25757,295.9893,0.6368227,0.05014497,0.6507723,0.71191907,1131.8108
3e0bafe5481843908e5a9dcbb4cd313f.jpg,9,51.248668,18.540473,2,40.795479,-4.455789,2108.263,5.581247,0.7260719,0.014725447,0.7511134,0.84324443,205.63066
3e3498ed1f764294b40329feea0ca237.jpg,1,47.658689,10.740538,1,47.659986,10.740767,0.14523625,0.14523625,0.937402,0.2645985,0.9433497,0.91361105,0.14523625
3e74b9b19fa24985bb3ff6db2caf68d2.jpg,5,55.947528,-4.578062,1,52.303567,13.56936,1245.6595,139.77776,0.7031313,0.0037602782,0.66797477,0.84375745,1245.6595
3ebc43711d824779977557b95507bebf.jpg,4,44.732792,-1.079183,1,50.365311,6.999601,870.7514,732.5298,0.6830966,0.013271511,0.67205656,0.7871679,908.8195
3ebcaca0a13742b7b6064cdc5c795151.jpg,0,55.314532,29.494894,0,55.257495,29.787999,19.614073,2.8202329,0.9558492,0.005597353,0.94949174,0.98127866,19.614073
3edad4cdf5b84f23a8eb2b36bb8c6cad.jpg,10,58.6145,15.293063,5,50.116171,-5.419448,1630.3402,1112.5992,0.6612606,0.007540047,0.6302062,0.8128261,1499.4796
3ee5112c10d2461cbc0da44868c3418a.jpg,1,53.608195,7.286373,1,52.510465,8.39983,142.94989,51.83407,0.7194091,0.013854563,0.71768004,0.7801566,180.16994
3f1a9cde015b41d685f867c1e923f6ad.jpg,6,65.432057,-21.889582,6,65.242388,-21.769507,21.81373,14.708538,0.7787969,0.0073088408,0.745032,0.9234021,17.243887
3f513374635445a2a137b287f4329342.jpg,9,49.888544,20.051033,4,48.555877,-3.355627,1699.3593,30.924286,0.64338773,0.009122312,0.61877096,0.7418548,1699.3593
3f56cd6dd0644dc6bed302e32c987aaf.jpg,7,40.556778,9.676255,7,40.598532,9.694532,4.892712,1.6625059,0.86348957,0.0080932975,0.8460052,0.9624716,24.610022
3f6a3da0691f448e954f324eb9ea9f25.jpg,0,53.612217,26.177462,0,53.187424,28.73116,175.7585,7.224646,0.7325153,0.007617891,0.70084906,0.8591801,175.7585
3f7b50a5a2ac48ee9f5c3448cf75eae5.jpg,4,45.079301,0.061473,1,54.060049,10.145483,1232.7502,846.5437,0.68810976,0.015890539,0.67610556,0.79068977,1111.7826
3f8af61e7d61435db83c481839eea5ae.jpg,5,56.20383,-3.12925,9,53.829135,16.141221,1252.1776,542.9471,0.67467445,0.007626474,0.67403066,0.68903613,1124.4801
3fa67db005e34a55bf89b44ad8a0900a.jpg,7,42.396003,14.334747,2,40.390559,-3.491888,1500.8198,20.493979,0.6890308,0.004103482,0.66778094,0.7885101,1231.1005
3fb3f1190c7c4056a7a71911fcce0a20.jpg,10,60.383603,13.294023,3,61.488511,22.70362,522.4094,18.526655,0.70718586,0.0071644783,0.68908614,0.81019586,525.2929
3fbd0844d47b45a2b51f57031ffbf2fc.jpg,8,59.711911,6.549526,5,50.433565,-4.571904,1247.7257,7.070933,0.6633358,0.011264563,0.67930853,0.72516453,239.80522
3fe68ef606bd4a3e96d72006b5013f18.jpg,8,68.42661,14.668645,8,68.320556,16.617355,80.72315,1.2287567,0.8611496,0.0019859076,0.8388191,0.95047164,80.72315
3ff21f6bdd17444ea66145e3c924d0e8.jpg,8,67.297742,14.854269,8,67.298007,14.789943,2.7606854,2.7606854,0.7334789,0.0023639202,0.7249116,0.8748461,517.4154
400338bc013e4091be6da8d33a701fe1.jpg,5,53.708658,-0.122285,5,53.720084,-0.422087,19.769766,10.104032,0.7638142,0.03243035,0.7429417,0.8473042,19.769766
400b1f77ceab4c85b5fcbab85c07b24b.jpg,2,38.591771,-1.689358,7,40.966933,17.114876,1625.1941,93.97681,0.6455059,0.0050498843,0.62368697,0.77003086,371.81348
402a80a5760d4463ae8fe8b65a6d9750.jpg,7,40.64124,8.367372,7,40.57526,8.360246,7.361272,3.5906174,0.8786632,0.0006518364,0.8594464,0.96629304,37.44528
404299ba681c494c98841c605cf26f6b.jpg,1,50.38475,6.735052,4,47.133667,3.881387,417.58765,60.503418,0.57888746,0.00554651,0.597682,0.6316821,948.663
405df5e71b4a4d77a29a22e2cf4ac91b.jpg,5,55.440548,-2.435678,1,52.732333,12.287436,1004.1674,25.361126,0.7223977,0.001039207,0.7112373,0.7724368,929.0089
40687b3c8fcf446e88e36b3e75daeb4e.jpg,0,53.138475,24.304861,0,53.13568,24.258322,3.1199586,3.1199586,0.7731732,0.12013811,0.7650697,0.8135523,29.4262
408024e484e74a7683a4b42df3305fd3.jpg,10,58.533458,11.5742,10,64.435616,15.12416,682.5469,119.13468,0.62249905,0.0115785,0.641078,0.7294015,906.62164
408194b16195447fb1b0f877cf8c34ea.jpg,2,28.397363,-13.87153,11,37.354932,41.349491,5178.7954,22.245344,0.62283206,0.0124953985,0.619669,0.69694734,2718.3516
40ab6aee2c1a422380b4e54651e20fd3.jpg,10,59.820785,15.614007,10,60.065633,16.139518,39.972546,15.400834,0.76627654,0.025782764,0.78429484,0.8304752,795.5809
40b8ef040ccc41dba253eafd5f72da11.jpg,9,51.85543,21.38546,9,51.578738,21.78193,41.14101,4.9127216,0.77839804,0.019244254,0.7500881,0.89527416,40.522247
40bac880c69142fb82430e785d24f73e.jpg,5,56.589019,-6.165753,5,56.595056,-6.141277,1.6419975,1.2908952,0.834608,0.045635402,0.8172486,0.9334352,558.3081
40cd59db01a34983813b0548418d6ce7.jpg,5,54.261687,-7.779656,5,54.466247,-5.964945,119.74451,31.28704,0.7383084,0.015890598,0.6861508,0.9469389,119.74451
40d22cdca4fa46b498425e60005c31b4.jpg,3,60.996162,21.981878,3,61.27953,22.096408,32.103176,6.7443676,0.84210813,0.0073348284,0.8230137,0.9355165,53.102005
40e6419049c742b1a13ad79ee1708e6d.jpg,11,38.248852,41.02359,11,38.249584,41.022659,0.115041845,0.115041845,0.84013075,0.012870669,0.824152,0.91327375,6.892901
411c3f4d5d0d4ae2b142402177f14244.jpg,3,63.165724,28.086182,3,63.17401,28.478785,19.725285,3.1730826,0.7048042,0.05711007,0.7110101,0.6866524,3767.6472
4128a7d6c1924516ace06c456a88ae50.jpg,2,39.861441,3.19788,8,59.755303,10.569453,2271.1736,714.2803,0.58831286,0.014718056,0.56695926,0.7179502,2132.7566
417d0df3cc8f4a11af2df487b294e316.jpg,7,43.891483,10.520337,2,39.360402,3.200645,789.3825,159.90968,0.6030495,0.0022897124,0.62248385,0.6765139,740.9672
4199e165aaf441d3b91b6db8fea6da12.jpg,0,52.083983,27.563951,0,54.261009,28.668641,253.01595,7.9018564,0.89633644,0.015425682,0.8817538,0.95466715,253.01595
41b3ce157ae84b48bad7fcfc0d2b5bc9.jpg,6,63.839884,-22.427676,6,63.850377,-22.440329,1.3213549,0.3552264,0.79879075,0.047750592,0.7707923,0.91078466,1.3213549
41cf026db8b94f68959099625888bab4.jpg,3,67.826049,24.829041,3,67.814461,24.792823,1.992927,1.9795343,0.90418226,0.061003625,0.89434093,0.94354737,1.992927
41decc09a5334b6f889df0fcb344f3dc.jpg,3,64.004789,27.422327,3,64.005952,27.423579,0.14299186,0.14299186,0.8462316,0.027398467,0.8223804,0.9416364,0.14299186
41df8bc7702f492aa9839ca4c99a5167.jpg,6,65.861742,-17.495107,6,65.851187,-17.489915,1.1971838,1.1971838,0.85014266,0.039438844,0.8325648,0.9237454,5.918547
41fb5f7ad0e44875ade13301ef9e1196.jpg,0,53.870872,29.21401,0,53.724558,32.05704,187.4136,50.15606,0.8339565,0.011716008,0.8148845,0.95474726,185.5417
420b02b4f9924f94a5b78e4be014116d.jpg,0,55.167441,30.312024,0,55.16685,30.316846,0.31323043,0.31323043,0.8882046,0.21704394,0.90433055,0.8237007,0.31323043
4220e4d08941478593470087efdc58cb.jpg,3,67.628428,24.204299,3,67.628723,24.204512,0.03401869,0.03401869,0.9169631,0.04364097,0.90821064,0.95197296,0.03401869
4224de4f082e494a9774871b005b5011.jpg,3,64.407709,25.827226,3,64.704692,25.572879,35.187454,0.46650964,0.92409766,0.0022051334,0.9109318,0.979604,23.713503
425a9b210a3c40659a4d45a5c28c6929.jpg,11,37.506818,41.44583,11,38.252436,41.018467,90.99844,8.98597,0.81579274,0.013447046,0.815473,0.8794717,108.84797
42a3d5bcf9c3435f94bb82e6bed91692.jpg,1,49.276041,8.463965,7,40.854212,8.960839,937.27277,327.58063,0.6756919,0.034935176,0.6623137,0.72920465,937.27277
42bc1af66b5d454f86da0a685c5f93d4.jpg,4,45.124963,4.177179,9,53.400241,17.958947,1354.7395,973.09436,0.68753135,0.015843987,0.651991,0.8296927,1354.7395
42c908f2017f4e338eab2ecfc0323fd5.jpg,7,45.746048,12.202128,7,45.74436,12.218655,1.2961172,1.2961172,0.750251,0.014193237,0.72967476,0.8568057,259.92468
42c9e43285c448dabcb5d4e00f05368a.jpg,5,57.267736,-3.458337,5,57.488961,-5.28596,112.27911,6.947003,0.7141553,0.028433442,0.6883719,0.84104586,190.6842
42e1f211711d4fc58ad166c8368081eb.jpg,11,40.990047,39.802249,11,40.990886,39.798832,0.30158833,0.30158833,0.8612226,0.12243748,0.83964604,0.9475286,0.30158833
42f2d7b445e44eb995137c62f23d1571.jpg,3,61.09517,25.178308,3,63.02861,29.701861,318.86246,11.830939,0.8230465,0.0059382915,0.81154174,0.89726436,335.48352
42fc0ed08cac40678d1a41f4929fd404.jpg,5,57.747867,-5.631429,5,58.065262,-4.982217,52.12084,7.0509143,0.74642885,0.0050287247,0.71779275,0.86097336,52.12084
42fce5a21c4d491a8ae78535e65e9732.jpg,7,44.093478,8.052919,4,43.157206,6.455058,165.46283,5.935631,0.59631693,0.00204885,0.56527025,0.73395085,601.67255
4309c247133544b1b6bbb2fdd9705247.jpg,7,39.040277,8.424858,7,39.058554,8.428879,2.0617623,0.6543581,0.7834991,0.01182121,0.76414317,0.86092293,2.0617623
433ee5299c194834b53ae022b8d831cd.jpg,2,42.78306,-8.467047,11,37.093204,38.102587,3969.3525,1452.2811,0.5663916,0.016581655,0.5336952,0.71374154,3773.2107
4341895ca1fb4feb995fb10d0dd332a2.jpg,5,50.395363,-4.92397,7,43.309292,13.639213,1610.2814,3.400234,0.6611575,0.020014763,0.6685933,0.7074897,1016.1458
435964c0279a43378b9a1eb2954951ee.jpg,9,49.671829,21.483944,9,49.970286,20.305502,90.82123,25.281384,0.6549953,0.025003195,0.62967336,0.77232003,117.99412
435ea6d31809481a8677b9fa9ae3e93b.jpg,6,65.654048,-19.568319,6,65.649881,-19.552607,0.85645264,0.85645264,0.91101897,0.013660729,0.90017325,0.96222246,14.21088
437fb30cb9fb45a486fc99de66abaea2.jpg,10,65.804743,23.151,10,65.081254,21.465107,111.98306,0.07209513,0.71524465,0.0018187761,0.7037022,0.7870889,119.02909
4387a3d31ee44d75a34b0e9e2ca133a5.jpg,5,52.627365,-0.269235,5,50.022582,-5.247881,451.0064,21.865097,0.85027444,0.010460019,0.8266334,0.9518893,450.91895
438fc918d7a742c380c6d7e370ea2edf.jpg,10,60.351208,18.205365,8,66.346094,13.480634,706.5504,14.521519,0.6998849,0.009852052,0.6965064,0.7915863,365.49237
439966e5f4764efd87aee2607b3f2f7d.jpg,10,59.252049,12.931398,10,65.600684,18.125367,754.25476,71.776306,0.8498638,0.010318041,0.84730506,0.8887725,724.6022
43c85225f2404278ae54c43f1acd7bfb.jpg,10,62.157733,17.449426,10,62.157194,17.448195,0.08763029,0.08763029,0.79642147,0.09743899,0.7611719,0.9374197,0.08763029
43d290974cef4c2bafe0d623f44ee2f4.jpg,3,62.506848,25.686576,10,60.061428,15.891086,588.93396,18.391634,0.6619781,0.0033710003,0.67664117,0.72101283,656.1402
43ffd39193fd49b99d5195eef8eef40a.jpg,4,48.653212,1.963364,5,56.709477,-6.067294,1045.1208,31.909409,0.7143782,0.0006366372,0.6982126,0.7859248,1140.7041
441727e3878f4625a71d1ebebe84f484.jpg,2,38.409107,-1.565166,2,35.881251,-5.506237,448.28372,12.837407,0.7438249,0.024112761,0.71539134,0.88806975,396.83936
441acc01a81343fda84cffdca08c5d19.jpg,9,49.476253,19.672129,1,49.596058,11.629635,580.2393,24.617254,0.63617224,0.0019943714,0.62010884,0.72766644,264.41846
44289fc632f54d468a5808d4c01a802b.jpg,0,55.827938,27.94152,6,65.546337,-20.344022,2756.4553,2453.854,0.6719821,0.008645952,0.66459405,0.7984601,2680.259
4471a91c201248bb913b1d312a04e7d1.jpg,8,62.717222,11.34993,8,64.246367,12.183871,174.9976,23.366684,0.8257023,0.025565982,0.79064715,0.9659227,174.9976
4472581da8ad4fd79abaa2634652e0ac.jpg,0,51.907063,29.815212,0,51.920187,29.714205,7.0801506,0.33873087,0.8887055,0.0708403,0.89167273,0.8768364,7.0801506
447513ec939e4d45b3efe2d331273b0b.jpg,7,40.912551,14.544998,4,49.512464,4.762281,1223.3229,3.6373234,0.7188827,0.008404791,0.71829116,0.7212486,1223.3229
448f09644f12461cb5ef3e613de39e9a.jpg,6,63.895745,-16.612111,6,63.893207,-16.61787,0.39880374,0.39880374,0.80963784,0.0412634,0.8154577,0.87123847,889.02783
449201e5385a4f7a8d25d5bce122853e.jpg,3,67.898402,23.954186,3,67.889171,23.996242,2.0373178,1.9773084,0.88988274,0.0313105,0.8934957,0.8754309,2.0373178
44caa0e234db47b5adeac1a17f83f6c3.jpg,2,28.055729,-14.354486,2,28.052437,-14.363509,0.9581119,0.31243747,0.7248863,0.009005427,0.734395,0.8146839,0.31243747
44d60e5ec4f64395a99253349224e382.jpg,7,38.859747,16.609788,4,41.634377,9.231767,697.72845,164.7195,0.657245,0.016849399,0.6782414,0.7376293,1480.4398
4524a7be7896482499627624ab70fbd2.jpg,8,69.093764,17.661971,8,69.081067,17.541947,4.9686017,4.537973,0.78553045,0.03319609,0.7594099,0.8900126,4.9686017
452ab9e07a7e4e11abb5572b7ef6f4d0.jpg,10,65.018048,20.193125,3,63.331846,25.607077,322.21017,69.73414,0.8164234,0.008952677,0.8207031,0.8699809,318.80313
452efff7a7434a59bb3d4ae35d95f0c3.jpg,5,58.546354,-4.674198,5,58.544871,-4.673834,0.16624936,0.045448396,0.8916158,0.014069915,0.87774897,0.95293933,0.045448396
4530115b30074d199bd4a3e44b0927fc.jpg,10,61.725978,17.30929,11,36.817293,34.565584,3017.607,23.00935,0.5643594,0.0059340596,0.5589808,0.7007817,1121.7709
459148b6fa824fcd8d0c6d94f03141bb.jpg,8,69.487119,19.251727,8,69.489595,19.251477,0.27549127,0.27549127,0.92901284,0.04564154,0.9181616,0.97241783,0.27549127
45b86a6a8887478c8d2e0823eab45d77.jpg,0,54.508769,30.127898,9,52.602289,21.496234,607.8093,4.0661736,0.7111699,0.03520572,0.6757046,0.8723643,221.94437
45b8f987527148ac805f971a3a51acc8.jpg,4,48.37847,-4.601458,4,48.388625,-4.630203,2.4044378,2.4044378,0.6922543,0.0030024648,0.684055,0.7907796,388.8851
45ba5786769f4688a0785fbbae9240dd.jpg,5,54.263745,-0.393683,5,54.263262,-0.392985,0.07028069,0.07028069,0.7745231,0.05798787,0.76557004,0.8103353,0.07028069
45de143fdd5743da8ea79f8627c04153.jpg,10,65.462118,16.822604,10,65.321013,16.675509,17.104702,9.24704,0.89097214,0.0075255632,0.8907762,0.93237734,9.24704
45f4fe7c2fc44a769ebb4cdc5112f9d2.jpg,9,53.600136,21.043647,9,53.602058,21.045088,0.23391362,0.23391362,0.82079977,0.04245633,0.7927376,0.93304837,0.23391362
45f804ab719844b4a5d0be66c90e5962.jpg,4,48.554479,-4.656976,4,48.414704,-4.791487,18.43491,1.610624,0.854259,0.020974398,0.8578694,0.8491991,2.090091
463f96bd224b45d1847d986b3d2e6c94.jpg,4,50.599382,2.158705,4,48.878142,2.97675,200.21474,27.182463,0.7323626,0.015561461,0.72110957,0.77737474,200.21474
4644dd05848c43efadeabf25efe9df2c.jpg,1,50.948551,8.83332,4,45.034663,0.475515,904.02826,84.9302,0.64935875,0.014494956,0.6428553,0.74841195,512.26434
464de76d89824b89805e347415e0c8a6.jpg,2,38.626391,-0.544308,7,39.08097,8.415868,777.21844,19.410582,0.660471,0.004292369,0.6273488,0.8163768,82.61926
4694feb77bce421bbb866b3bb6bfb932.jpg,4,44.887437,-0.667241,4,44.881332,-0.662645,0.76938045,0.76938045,0.8570688,0.21019673,0.86441237,0.8276942,0.76938045
46ac073844e045f1971766b5273daa6d.jpg,2,28.368709,-16.849223,2,40.448122,-0.219346,2026.213,10.455349,0.6670578,0.005508244,0.67173094,0.79996294,1795.1019
46b2e1de02ad4449895020701dfce516.jpg,8,68.842188,18.268426,8,69.081363,17.978113,29.010212,2.248835,0.8093954,0.03820944,0.79182374,0.8796817,29.010212
46dc094e29434527a8d565eb049d4bd7.jpg,1,48.534154,10.206352,11,36.338993,33.542717,2331.2036,117.45727,0.60087824,0.007629335,0.5952485,0.69673276,765.0163
46ecd255788c406bb5fb2b0525498655.jpg,6,63.51754,-18.479927,6,63.520838,-18.47613,0.41222203,0.03588886,0.96795744,0.0008469224,0.9646151,0.9829892,4.4738193
472168a1177a4a2ebd3d6fb52b018152.jpg,0,54.400628,26.096383,9,52.71076,21.374986,363.99078,197.9201,0.63985944,0.0024168491,0.62012273,0.7889607,366.89612
473622b2912c4d3ab2520aa6c8dea222.jpg,11,37.226503,39.637939,11,37.226793,39.642362,0.3929331,0.3929331,0.92055297,0.07014209,0.90792555,0.9710623,0.3929331
473648cecb804f679d810fe4145d0108.jpg,4,49.646897,-1.244611,1,52.733323,12.065867,987.27893,10.809504,0.7091495,0.028622627,0.7412281,0.68929684,890.1312
477184d5b8e742849af6d7831725ce3b.jpg,10,64.377302,15.644258,10,62.964914,15.849462,157.37611,24.956856,0.834103,0.002852261,0.8401537,0.9091301,73.72264
47a38cdfe6dc46e18c28a0b430e93460.jpg,2,41.254274,-3.897115,2,41.133848,-4.088747,20.89047,6.521398,0.7935411,0.018015802,0.76877797,0.9594449,6.521398
47c636b90903435ebdc2b06fd330d419.jpg,6,66.020685,-23.378411,6,65.774139,-22.207743,59.81028,15.510954,0.89293575,0.0034118295,0.87469554,0.9671026,52.521343
4804822430614f1691cfc3c601ee106a.jpg,7,40.532443,16.458766,7,40.52729,16.464582,0.75493747,0.75493747,0.79491884,0.047123313,0.7814456,0.87003505,14.175764
481ac66838a4403d968b2218ca4a0d52.jpg,7,38.650818,8.262431,7,38.651099,8.350504,7.6482787,0.43975914,0.8010627,0.017121315,0.7799918,0.90770173,0.43975914
481aee8c22e44169a35e8530da85c156.jpg,8,68.122873,13.370794,8,69.376497,24.057266,451.99603,0.2340477,0.76630586,0.015347004,0.74701256,0.8724829,441.8074
4827d63ee5584a5683b582f6a69f8694.jpg,3,61.496873,24.624596,3,61.457804,24.746751,7.806455,2.6780558,0.80724305,0.011535287,0.7776742,0.9255182,7.806455
48283a5942ff4050a185118676a813fb.jpg,1,51.224737,11.970631,8,58.822524,6.023049,925.13837,54.386658,0.69331604,0.00940901,0.7041931,0.7657628,833.49786
48392bf0408f43e7abb8fab1704bdddb.jpg,7,46.48805,10.280229,2,42.774184,-2.908426,1120.6436,151.42499,0.71262777,0.039426923,0.6950105,0.8283093,1181.1581
483f13ef218c4b35aee069d916a485b7.jpg,10,57.315579,12.422665,0,55.299091,30.152382,1112.9978,348.51666,0.60781103,0.008413732,0.6314127,0.58165115,771.02026
4857229e796546a3850e544fc64ec179.jpg,4,48.316771,6.495734,9,52.906779,14.341461,752.1917,16.961714,0.6606398,0.012742519,0.64872754,0.7136856,977.5917
486ea24ae5654234918e8e1c4727c9e2.jpg,10,66.674849,20.165057,10,66.676505,20.164274,0.18733804,0.18733804,0.94934356,0.03122878,0.9417549,0.9796982,0.18733804
48798a569c744d9194200147fd85e2e6.jpg,8,69.205414,23.619852,8,69.20478,23.716327,3.809186,1.2474953,0.8685748,0.011918545,0.8460742,0.97259736,27.811134
48c73efbeaf64b648bfa335af4142cc4.jpg,3,65.480003,25.344841,3,65.48287,25.341775,0.34878004,0.34878004,0.8793126,0.0716666,0.884305,0.8593428,0.34878004
48cd2aca6b8940dc9c917b5462e7be08.jpg,4,44.687391,-0.537311,1,52.169167,7.146733,1005.5316,339.55603,0.7122195,0.0087744,0.73921686,0.7120544,1059.4069
48d033aa12994159be0c23b39a260438.jpg,8,60.354723,5.242916,5,56.626356,-2.525955,612.2428,1.0171645,0.6738934,0.0075706244,0.6863954,0.78591317,290.5224
48ed1e0e8ca34d3f813ad8410845aba5.jpg,5,54.595621,-5.686439,5,54.655349,-5.675576,6.678172,2.5871348,0.69596064,0.002861619,0.7325034,0.6321479,1688.4608
48ef3e9fad6144be84eb884a97d3d1f0.jpg,7,37.729188,14.831812,7,37.664873,14.859964,7.5683045,7.5683045,0.79717094,0.05342871,0.80513424,0.76531756,7.5683045
49023824bfd84b088d913bac84be700d.jpg,10,64.182535,17.452505,10,65.239386,18.82696,134.42746,20.097212,0.72350585,0.067390144,0.72566086,0.74137443,1673.6167
49063b9efb884d7b8d9d72dc9942f4f6.jpg,3,64.71005,28.459498,3,64.723583,28.411671,2.7245884,2.7245884,0.8270699,0.0017255545,0.82246435,0.9031599,32.639336
4908568c950a4f1fa251bed9ac95b121.jpg,1,50.16294,8.021961,0,52.270312,29.320298,1496.2103,708.8065,0.69203234,0.019621849,0.68174565,0.733179,1496.2103
491c2def07ed44efb1c456f9485d1b38.jpg,7,43.684268,10.557372,7,38.005871,13.048822,665.19147,5.381829,0.66588324,0.01278919,0.6482465,0.73643005,665.19147
4923a89129d34ec5a34b2f9351e28371.jpg,11,40.100987,31.035593,8,63.579815,10.187053,2946.8328,43.584904,0.73094684,0.01941222,0.7224674,0.7648644,2946.8328
4948cc6bcee4437b80e8e9443937ef8b.jpg,9,52.746049,19.235066,10,55.401168,13.155297,494.18677,47.94969,0.7447454,0.050789595,0.7346671,0.7850584,494.18677
49666edf299a45eabac82e7be5b918b0.jpg,3,64.59372,29.681802,3,64.594594,29.682092,0.098164245,0.098164245,0.90273064,0.05807239,0.8858612,0.9702082,0.098164245
49b2355f194d455b929ffcc6c155a552.jpg,8,67.102071,15.470053,8,67.069381,15.382024,5.2666683,0.060661066,0.87264776,0.024021864,0.8515065,0.9572127,5.2666683
49b65c91ac5d419e8ba080a6a7f565ce.jpg,9,52.944761,20.487399,9,52.964016,20.474304,2.3138003,2.3138003,0.8559844,0.055585504,0.83403546,0.9437798,2.3138003
49ba82e66f9442c6ade7c8b5daad6ad9.jpg,1,53.98442,10.071185,9,53.002843,15.012551,344.53207,279.8645,0.7123374,0.007916927,0.70851547,0.7902154,705.0842
49c13131a83547998668a05635718801.jpg,10,64.353747,21.104445,10,58.024496,13.000754,825.5603,12.67724,0.7203603,0.024317801,0.6876141,0.85134506,825.5603
49c847324c2a43548590a30f4cdb93e9.jpg,10,66.038811,21.04479,10,66.027988,21.0946,2.5514667,2.5514667,0.8956929,0.00016891956,0.87919,0.96824855,60.11767
49ef73ac9eeb4be08f94fbd622271e7b.jpg,0,54.007957,28.166794,0,54.365033,29.165801,76.16738,23.814741,0.8096147,0.007040441,0.8082261,0.8272603,156.71501
49f22f4da50341f78cfe428608941cf4.jpg,3,62.665652,22.447857,3,62.637052,22.430047,3.307759,3.307759,0.6913545,0.0542686,0.72594094,0.76727283,1014.37506
49f514a662024414bb91f1a51b273443.jpg,5,50.200644,-5.339589,11,40.854263,38.866651,3539.2012,18.384207,0.6388152,0.01995039,0.65384555,0.7062352,661.76746
49f75f8e7c094d98bbf478a8f7eb4606.jpg,5,50.455302,-4.728684,5,50.530964,-4.697898,8.690531,1.417934,0.7626273,0.01557821,0.75237,0.82665765,1572.8956
4a08c1fa8533450484855060e6b41ee3.jpg,11,37.022185,30.176414,11,36.996556,30.16285,3.09387,3.09387,0.7566247,0.017941773,0.71411824,0.9469297,36.29488
4a0d8378f5974233bd0bf4252c80789c.jpg,0,55.842148,28.608072,0,55.839809,28.608745,0.26345766,0.26345766,0.8796909,0.00346452,0.85957503,0.9623667,1.7857159
4a1fbf593551403487a03e909e4ead76.jpg,8,68.467435,22.423452,3,67.925353,23.866442,84.76066,3.6682367,0.6978637,0.012352645,0.6926082,0.8514086,3175.9087
4a2f5a08ca8546db8ed45634b434cc64.jpg,5,55.566601,-3.394363,5,57.476405,-3.31996,212.4098,13.693285,0.760342,0.0037833452,0.7369215,0.89967924,80.8415
4a3208e471eb4195b0726bb9d0812a1f.jpg,4,47.628645,-1.864753,4,47.628623,-1.862795,0.14674911,0.14674911,0.683162,0.03897184,0.68118143,0.734783,1794.4705
4aa234b127914c9cad80b7d2c8887c40.jpg,10,64.402499,15.642567,10,64.31727,15.727648,10.32343,0.29445475,0.88069147,0.004011929,0.8672818,0.95130396,29.571455
4ab119e3ca5d4f49a670def065888d81.jpg,10,59.461055,17.007971,1,54.503088,9.043323,731.6943,541.9921,0.7242658,0.042712927,0.7209729,0.73743737,731.6943
4ab2c587856b4487ab1f1abb8078b4b5.jpg,1,50.042922,9.331095,1,50.05904,9.307823,2.44398,2.44398,0.74641645,0.08001256,0.7389797,0.77616346,2.44398
4ab7b542c981460eaed88bd080e72ce9.jpg,7,40.609019,8.327648,7,40.655248,8.32896,5.1416297,0.433551,0.8674177,0.01140511,0.8469898,0.9618824,41.174
4ace73e9ad7a483086e8eac4903a36d3.jpg,10,62.17306,17.157395,10,62.170708,17.158308,0.26579013,0.26579013,0.7517285,0.00762707,0.74541616,0.77697754,0.26579013
4ad004538b2e4fbe952538306938c788.jpg,4,46.375004,5.971699,11,39.552825,40.072827,2852.2642,1027.8523,0.7087894,0.020081818,0.7174616,0.7793112,2576.3774
4aedd276966d4867be424ca45a2d3b60.jpg,11,41.442866,32.420501,11,41.823263,33.258729,81.49934,16.316723,0.85695404,0.06792134,0.8323385,0.95541596,81.49934
4af5a65109914e95936fdadab5a1cb77.jpg,1,50.169099,8.807887,4,44.360411,0.716375,887.8089,16.374163,0.62549454,0.0018879771,0.6273262,0.71969926,207.05757
4b11fc3e19994444af4e929dfc44cdfa.jpg,3,63.330447,29.994058,3,63.33203,29.995646,0.19304101,0.19304101,0.9000565,0.043744683,0.8905471,0.95696473,55.996933
4b239e91a4b447e69ea2b93181e2ca4c.jpg,9,50.561307,20.209516,2,43.369474,-5.534352,2097.4124,39.217655,0.6868178,0.004683554,0.65957594,0.79578507,2097.4124
4b23f7ec28cd47eaa896afb5cc39ff93.jpg,11,36.277184,33.474835,7,40.90686,9.381842,2148.7927,1.8576286,0.6517122,0.0016168356,0.6306418,0.87748,2699.402
4b71214227b34b8dbfb2b110f770052e.jpg,6,63.949013,-22.427366,8,69.689694,18.861018,1873.1652,8.698689,0.6673853,0.029336631,0.6785281,0.7847394,271.66214
4b7362c646c14b13b26c6937fff9ad5a.jpg,4,43.504551,1.149117,7,43.522332,10.378599,743.8871,89.11525,0.6215379,0.0036735535,0.58166176,0.7810425,743.8871
4b8582d1963e4d11af8d82073d0ced49.jpg,5,56.438233,-5.26918,5,56.515266,-5.931793,41.58287,14.393205,0.7705972,0.029686809,0.75082684,0.8496788,41.58287
4bcff252abed4ab3a7c668f2f3a52646.jpg,1,51.491568,11.57866,7,41.145297,16.760066,1216.5428,887.3483,0.70000964,0.0020722747,0.6849814,0.7601226,1216.5428
4c71dbc0b4154eeaa6456cf40be71902.jpg,8,64.607245,12.586425,8,64.609139,12.589056,0.24513523,0.24513523,0.88443726,0.009752393,0.8639549,0.9663665,0.24513523
4c72a4aaba754925a3db77d024fb464b.jpg,0,52.064618,27.75813,0,52.112886,27.848929,8.20314,0.048068274,0.8869798,0.007542014,0.8763429,0.92952746,8.20314
4caaf8accba64648b30b5f9c20b119de.jpg,11,40.568817,36.033407,11,40.568607,36.038915,0.46582842,0.46582842,0.7373151,0.007282436,0.7320566,0.7583489,0.46582842
4cb45c988b3b4bdd9c3dcd4c9423c4d6.jpg,5,53.853535,-0.415425,5,53.650886,-1.736441,89.727196,3.4576347,0.69733495,0.005779445,0.6726669,0.84776783,32.250103
4d06b77001bc4f5d94de6c02cc5579cd.jpg,4,43.833669,-0.469146,4,43.776769,-0.945641,38.75818,14.064996,0.6755192,0.015348136,0.67198116,0.7075189,581.7341
4d2a6cfdb61e4fc89815de0272a4919b.jpg,6,64.716007,-14.324487,6,64.716473,-14.324796,0.053854838,0.053854838,0.9746543,0.04339975,0.9709157,0.9896089,0.053854838
4d3dc4ed08d54d97b229b9c315070e63.jpg,8,62.972573,7.306313,8,63.012291,7.547327,12.94648,12.94648,0.66966164,0.016268611,0.6619535,0.761626,19.24762
4da259ccb9c248d19c69f9be2f4ce27a.jpg,0,54.514199,25.782936,0,54.246893,26.328196,46.155254,9.599073,0.83711535,0.018496215,0.8164403,0.9305533,15.939541
4deb8e697cfa4125a7657ba236040cd1.jpg,2,38.791971,-7.048533,2,38.37946,-7.216579,48.138596,48.138596,0.7553872,0.014815271,0.739056,0.8375454,427.79758
4df8d1b16e4642f5956be8b4c89c505a.jpg,6,64.188529,-21.227998,8,69.60293,18.052288,1779.3618,1364.3959,0.6636318,0.06391364,0.6679708,0.68681645,1693.5983
4e1227c3cf2341e6aca1555500ba4e9f.jpg,7,40.772062,8.85737,7,40.735743,8.820233,5.1082993,5.1082993,0.7873935,0.016340673,0.7530651,0.9265082,46.59716
4e3dff2f495b4e359f668c7db7086d60.jpg,5,56.389328,-5.094769,7,46.44734,11.906221,1608.0508,525.02966,0.5829779,0.0008570552,0.57958305,0.7143382,1412.6641
4e4c3c5c64e6449baa097fee75d5643a.jpg,11,40.99108,37.875621,8,59.475373,6.293143,2993.537,0.25081313,0.6436663,0.020875216,0.64691323,0.65007716,2980.432
4e4f82ecf4404e219eca242ad734a7cd.jpg,11,39.903426,38.796714,11,39.609539,40.188321,123.36463,16.339998,0.730272,0.012450159,0.72615063,0.76650953,123.43861
4e6b188301e548eda7cfabfc952bed4b.jpg,7,46.158649,13.33613,1,49.178872,7.524534,549.4277,12.01659,0.65599346,0.010647535,0.6449293,0.73170865,286.80066
4e84ada1e5f548998c9fd37cd4ed42f7.jpg,1,48.754269,12.987729,4,48.789244,3.032109,729.0808,261.63843,0.6782104,0.03287947,0.6612785,0.7459378,729.0808
4e8ebd2714694ef3a24ecb6cbaa4e788.jpg,11,38.446744,42.342086,11,38.316743,43.10147,67.75145,0.45773685,0.7363219,0.0049480796,0.69687265,0.89411896,67.75145
4e95ac4518214f6885615830e9790564.jpg,11,40.148921,25.929809,11,40.147015,25.932565,0.3158949,0.3158949,0.86065286,0.016474426,0.84887683,0.9364052,9.475653
4e977464ce3241bcb2c85b1d41d89093.jpg,6,63.979769,-18.779054,6,63.985002,-18.779825,0.58309776,0.58309776,0.8583181,0.03416437,0.83927387,0.9344949,0.58309776
4ebea882e4f64e70be4211049459051c.jpg,9,53.931246,22.399695,9,53.420427,19.543763,196.48343,3.3107498,0.73047185,0.01682645,0.72243285,0.77881193,208.73671
4ed1ef6db4b346df94bb58f7a3f60b57.jpg,6,65.572453,-22.296899,6,65.549995,-22.423803,6.349721,3.576868,0.8827841,9.3221664e-05,0.8647772,0.96290165,85.08954
4edf4ec4758f40a59a98e1aad2154427.jpg,0,54.773036,28.184641,0,54.594797,27.894512,27.214151,4.5784836,0.7512255,0.0005002022,0.7419154,0.8255924,25.80958
4f14825c3b104c0ca7398c66f8eef927.jpg,5,51.897599,-4.970636,7,40.793291,16.419688,2041.4912,2.0881681,0.6064273,0.008557498,0.62400824,0.6614992,1681.9468
4f18445c57494ad286b57b701b79ee07.jpg,8,69.30772,23.879711,8,69.304892,23.876597,0.33742648,0.06626051,0.9180289,0.017460108,0.9007554,0.98712254,0.33742648
4f2e0e875dc948918b4702577badc62a.jpg,7,38.481045,16.518357,7,38.650059,15.846778,61.33885,61.33885,0.6481594,0.0048217177,0.6446099,0.80492914,1320.679
4f516fa2690e43ceb15e0815ccd0395d.jpg,3,61.276248,23.472137,3,61.172788,23.217867,17.820969,3.0465302,0.7672595,0.0019569397,0.73968995,0.87753737,17.820969
4f5dcaf1d3014dc3bdcd5a02916aea60.jpg,0,52.508711,30.817148,0,52.612886,30.85318,11.837049,3.2291753,0.88389987,0.0077041984,0.8729469,0.94236064,84.98541
4f8a76c8703449f882a70fc4147db0ed.jpg,7,41.718807,14.698933,7,40.212728,9.550849,463.46298,68.50106,0.5686662,0.0011371374,0.5698699,0.6467183,1402.1427
4fc7ac70ce494feab2b868b3d2f2628b.jpg,10,65.599353,19.14741,10,65.713944,19.332117,15.298073,11.824863,0.82949847,0.0044249296,0.8304477,0.8257016,15.298073
4fd0e4aeb450408690c86d54a2280a87.jpg,2,39.501628,-4.214675,2,38.839954,-4.690554,84.23857,7.2101226,0.86530817,0.008311033,0.8484714,0.9457723,90.97729
4ff89b0525524252a0a9ee236d70b641.jpg,4,43.755638,6.219259,4,47.313446,1.300333,550.5086,5.0222387,0.6864141,0.0012611151,0.70086926,0.8332991,436.2621
5032e723b1ae44e7aeea10c615f9f840.jpg,7,40.21993,9.01629,7,40.269767,9.126023,10.837473,0.723516,0.7912177,0.030014396,0.7704154,0.8744267,10.837473
503a57fbe2b14b81b0293cbb0827525b.jpg,6,64.959747,-14.171955,6,65.804252,-17.566427,183.10468,4.3857427,0.8451644,0.003963232,0.8203302,0.95636094,184.2692
503e297ed4ec436489c3701117964902.jpg,9,51.770393,19.204202,9,53.434827,19.342615,185.31267,13.620145,0.6680161,0.00047558546,0.6572996,0.7880362,163.04616
5066bd3bded7460bad77f1af6817610f.jpg,4,49.216169,-0.383786,11,40.718496,30.434179,2580.0374,395.11563,0.64642173,0.014004648,0.6401628,0.68369484,1075.8278
506ec462589c420183b949f562f2584c.jpg,2,41.690568,-3.776182,2,41.762114,-3.893498,12.572916,12.572916,0.90931606,0.26227242,0.901531,0.9404564,12.572916
5090849c05004fe087feb9fbe4f269b0.jpg,5,55.045468,-1.451735,11,37.046134,27.439955,2957.9292,26.217154,0.5658387,0.015757322,0.55786526,0.6903553,3420.1736
50925c28edba4bec8c460b273fc5d225.jpg,7,38.217675,16.248982,7,40.967831,9.071465,686.5392,59.488358,0.6795478,0.011923432,0.6665717,0.7314521,686.5392
50b532144f8b49c399e1d00ca0204db1.jpg,6,65.761556,-21.752328,6,64.824301,-23.964661,146.38768,12.336792,0.79638493,0.0077323914,0.7706446,0.9218867,57.73436
50d7ad150bae4d688dff0aa74cceeab6.jpg,10,60.569152,12.690098,1,50.495732,12.974145,1120.2546,18.6394,0.67967695,0.011343837,0.6778089,0.75770944,118.90299
50e472e8c51e427b9bc79d578ee93ce9.jpg,3,67.525319,27.939589,3,67.545593,27.918662,2.4233851,1.2165965,0.89070445,0.00024473667,0.8719237,0.9741014,1.361704
5145f61964244a278251426c879b68b0.jpg,8,68.128985,13.385203,8,68.129661,13.385885,0.08030101,0.08030101,0.84379834,0.0832507,0.8176489,0.94839597,0.08030101
515dd87b42f04b488f0ec46d4d3749db.jpg,0,51.969796,30.447273,0,53.48928,31.125004,175.01178,5.534303,0.8127384,0.013026714,0.7938033,0.8922439,5.534303
517028db5ab442e4800ce745836436be.jpg,5,51.944389,-1.183564,5,50.510019,-4.696977,292.00143,2.4358597,0.72277826,0.0016611218,0.68181163,0.9074033,292.32516
51821bd7091c445683dc5b2661036cfd.jpg,4,43.214925,6.498748,9,52.669271,16.906546,1303.4135,802.13965,0.62674785,0.00067538023,0.62237227,0.67600346,1421.4777
5192f5db60be437f99639839fb087066.jpg,10,63.404518,19.019493,10,63.587738,19.364633,26.615349,26.615349,0.76665395,0.022481978,0.76709867,0.80173254,105.7536
51a99e554d2547829fc1a117a6ca8661.jpg,9,49.52454,18.993086,7,43.196428,13.780567,808.93176,391.66074,0.67490226,0.013679504,0.68487227,0.7366251,979.1018
51ac622a683749e0ae1e62d35a6cef4e.jpg,4,43.634223,-0.934776,4,43.627323,-0.928263,0.92921376,0.52697146,0.80031866,0.056679606,0.7920556,0.8537235,69.08
51afe775b7a14d7dbafdedbfac82014f.jpg,5,52.553555,-2.913614,5,51.741735,-4.993446,168.1797,6.9883237,0.8430134,0.01473093,0.82169545,0.9512545,140.8572
51b2386e2aa34bc79516b8302955be07.jpg,1,51.627331,10.743465,1,47.727865,11.184079,434.75662,77.298,0.63193613,0.012039483,0.63704294,0.76234484,211.15965
51ec1b0fac3040febc10839b327a0aff.jpg,0,54.026925,26.869174,0,53.652873,23.979197,194.1045,5.079992,0.7854755,0.016944766,0.76184416,0.8800007,194.1045
520272ed8bd84627bb91edb6316aae41.jpg,11,38.552681,28.61241,11,36.808265,34.5114,554.05255,48.681602,0.6383877,0.0024286509,0.6369431,0.72807056,1362.1743
52111cd279914947bee675c78501b5bb.jpg,7,41.930916,15.075948,7,42.035478,14.837423,22.888468,22.888468,0.76939976,0.029102683,0.77233315,0.7733761,199.14104
521a53c42c0a427fa7c725acb67de59c.jpg,7,37.471197,14.035684,7,41.111653,9.441256,565.68726,96.48131,0.7094319,0.020314634,0.7104746,0.8236871,1297.4482
521af041d9ee43808604bec39a11560e.jpg,4,44.554741,1.100156,2,37.845897,-0.788254,762.4751,15.4256935,0.71661407,0.027652025,0.7431324,0.7212316,2288.2349
522c129725dc4802a486e5ab73e3a43c.jpg,10,65.052901,17.089881,8,67.298007,14.789943,270.13065,0.059846077,0.7363616,0.0033316612,0.7303418,0.8316034,23.777988
523c8a5fe8654463931f705b3747b95b.jpg,2,28.498568,-16.206482,2,28.535116,-16.198652,4.135338,0.93062216,0.7517828,0.010271013,0.7539077,0.77416,0.93062216
524d029287604d00ad0e3da1d29e7cba.jpg,11,41.09496,42.819787,11,40.883534,43.009098,28.375614,2.3154666,0.8008642,0.0052959323,0.790242,0.90560246,688.1236
52abc630d71246d49162b184f35f1d1e.jpg,3,60.593473,27.977427,7,41.090086,9.234108,2516.5461,542.2406,0.68704545,0.03359121,0.70426273,0.7499486,2366.7368
52bea8a29b07461e82768e7bd7ac4bc8.jpg,10,66.452131,22.54676,10,66.540744,22.366148,12.697896,12.697896,0.91416764,0.03937882,0.9026502,0.9602375,12.697896
52c44844da2f4d25bae8a42506b547a1.jpg,2,37.84299,-1.040445,2,38.313329,-1.482958,65.08024,19.645483,0.77837145,0.055754423,0.793551,0.83303046,2723.7966
52c5bdbb209544ef9d4fbab2e9d4513d.jpg,5,50.439338,-4.932637,5,51.408451,-1.643913,254.42673,62.77055,0.6870742,0.025478482,0.68129,0.74650615,1180.4282
52df4bfdfc79442fa235fa79e4363406.jpg,10,57.286316,18.385241,10,57.51573,18.373488,25.519423,14.115492,0.69700706,0.07308394,0.7231561,0.69576854,965.86743
530f320e19a5466d84bc4ee6ed0c6355.jpg,9,53.438824,19.221802,1,50.084061,10.965625,679.07074,164.02724,0.63847893,0.014635086,0.6548505,0.7481319,884.6946
5321ffd22a2740e8bda1e42bc4725621.jpg,1,52.643084,13.756178,1,53.440619,9.945042,269.74127,6.4812565,0.8283721,0.064745724,0.81104684,0.897673,269.74127
532d7d96767547019d44b955c1a905ca.jpg,0,55.674621,28.179766,0,53.119865,30.489643,320.9831,2.162447,0.8097294,0.021909535,0.77880234,0.9334377,320.9831
53484e58a8ad4c47a781d86bc2fd2f7e.jpg,7,41.263957,13.744894,11,36.535044,33.454668,1780.288,134.06586,0.61230236,0.013495088,0.6033751,0.7909771,1501.0195
5370e9b8fd7a4fc185b1dd0b3851e8a6.jpg,9,51.820743,19.28101,9,52.321906,17.676167,123.03026,17.56675,0.6897564,0.06683797,0.71467996,0.6498346,17.56675
539e575bd42f404b971e38377ac10f78.jpg,7,37.045877,14.385193,7,37.136291,14.659518,26.32721,1.0586419,0.71567756,0.0021945238,0.67580295,0.89917505,31.140017
53a54e7a07ef46e19c0a1a91aa457af9.jpg,5,51.128059,-1.134947,4,49.924965,4.646958,429.91714,20.782625,0.65810996,0.0060473084,0.65150374,0.75969106,649.2193
53ac9f35d368487ab2eeedf560ee59f8.jpg,10,58.070875,12.842856,6,63.911098,-20.603066,1890.5072,10.62688,0.69774365,0.0015835762,0.68603754,0.76563835,1933.7523
53d11cff7c814b4e8c0e78c0680a42a5.jpg,5,57.685429,-5.643552,5,55.792948,-3.213811,257.33478,37.275932,0.7179338,0.013807893,0.70488095,0.83201337,120.90668
53e8396281ab403cb3a7cd59e39065f2.jpg,5,58.502176,-4.815764,5,58.522621,-4.797917,2.4985335,0.065307155,0.84689057,0.003971219,0.81833243,0.9620602,4.756678
53f8ec31ab2f41d2b2a7d782dd8699ae.jpg,6,65.352373,-14.956168,6,65.362214,-14.866272,4.3091674,0.9126741,0.961248,0.0077003837,0.954208,0.98940784,4.3091674
54278207a86549b5a9fd41459ab61317.jpg,8,61.865314,6.273277,8,61.166661,7.444682,99.4661,0.20937638,0.7648894,0.005576968,0.7389824,0.8908035,9.860744
542c9e88ee344371a84aa947787945c1.jpg,11,36.801284,28.817346,7,40.221418,18.098324,1006.3414,4.1533093,0.7599795,0.017952621,0.77226675,0.8229195,242.96483
543f041a613f472f9604adca358921fb.jpg,1,47.908264,11.335501,2,28.546269,-16.21618,3197.6643,196.7976,0.61491543,0.0057799816,0.62885785,0.6446064,1617.4911
54647b12b55045dab470e8d3ce36e39d.jpg,5,50.35077,-3.80685,5,54.419356,-3.080131,455.08044,13.016862,0.6869489,0.006848216,0.68493766,0.8132125,362.14957
5496a2b8176d49089f78c41a02781261.jpg,11,36.642992,29.310465,11,36.632633,29.223868,7.812054,7.812054,0.8610425,0.17403162,0.8483799,0.91169256,7.812054
54dd57335463463c99cd72fdb0169038.jpg,3,62.583639,27.03097,3,62.434618,26.761369,21.588713,1.0995133,0.8284944,0.011301696,0.8262353,0.9012989,1.0995133
54ec5a494f004b0ead3ef9a9829f19d5.jpg,8,69.606652,18.305521,8,69.651206,18.529645,9.990086,0.32503745,0.74589455,0.024950504,0.71529746,0.91159725,301.6909
54f43909126243a5b2530e727ed04f09.jpg,7,42.812222,12.05325,4,41.65003,9.194713,268.4762,7.6176786,0.7042235,0.009958684,0.6830582,0.80906606,262.3479
54f684b34d38418780f09459233f8901.jpg,1,47.97772,9.295304,1,47.896071,11.506872,164.99503,31.891369,0.647489,0.0036503673,0.65028906,0.71687263,109.02852
553cd855e197464589460b15a5f8a590.jpg,6,64.824824,-23.536206,6,65.752018,-23.856479,104.16845,0.28725922,0.80471927,0.01685518,0.7891613,0.8669509,104.16845
5543626640bb464b8b2a86a442157f00.jpg,10,64.929175,15.675046,10,62.862276,15.080281,231.66122,1.3376863,0.8500152,0.0033500195,0.8346088,0.94388103,68.08698
555b8ce22a1a4c928ff4b3de3c15a75e.jpg,9,50.650905,20.961143,7,37.718488,14.038213,1538.6592,1108.7451,0.6220828,0.0076500177,0.5932509,0.75583506,1608.4102
557c6c61b8834ca4992035cc000d5e36.jpg,0,53.092916,30.511326,0,52.569924,30.830132,61.97246,3.3278558,0.79288614,0.0054502487,0.7697124,0.9145,6.0791883
55b8508c8c2a417bb3da0389eb1a23eb.jpg,1,52.556188,14.225522,9,52.225771,17.352686,215.34532,27.150667,0.71765643,0.02490735,0.71287245,0.74337727,446.08453
55e246b9a4a1408892e13b75be2ed3aa.jpg,1,52.638381,12.471269,1,52.491966,14.119879,112.61149,16.207571,0.6730082,0.0015602708,0.663205,0.78888595,107.12175
55fe85c134104bdc8698785294b5170b.jpg,0,53.529282,26.249698,0,53.688484,25.606208,45.994823,0.2868285,0.8529465,0.0022642016,0.8364398,0.9511697,168.62703
56084701128641dd960964f2631e0c07.jpg,11,38.694065,35.576418,11,38.692554,35.577662,0.19971384,0.19971384,0.8431951,0.0744642,0.8292705,0.8988935,0.19971384
560a4ca0db594e799e41c3a6b383b7f7.jpg,6,65.848037,-18.202018,6,65.823367,-18.240259,3.248839,0.15248477,0.768227,0.048344374,0.75329137,0.8343422,227.1926
560ac93a5ad24a03ba3c691368839e53.jpg,6,63.849054,-22.433356,6,63.8555,-21.930911,24.63129,0.372044,0.7582538,0.0021387339,0.72556716,0.89747787,4.2066245
561959572d854ae49426efe58e367876.jpg,9,53.495405,19.912589,4,44.591233,1.959399,1633.2292,8.003891,0.6080107,0.0064707994,0.63356817,0.677346,1328.2312
56266918870f4dcc96dd42448a7f2856.jpg,9,53.394029,22.5828,9,53.392691,22.582994,0.14933409,0.14933409,0.74811536,0.065413356,0.78094256,0.6453241,119.71769
5632fd150804465785139c089fef871a.jpg,1,50.355211,7.518331,1,49.864969,8.85714,109.9361,81.92943,0.7028433,0.018074393,0.7056336,0.7689208,1233.9293
565202c58e7d4a3dbb176556969dfbe2.jpg,11,39.007267,35.563393,11,38.798155,35.594043,23.403,8.353206,0.7251668,0.01127398,0.71275455,0.8127862,87.539505
567b0aee47ba4788b7181c6e3f74bb16.jpg,4,45.151862,-0.805173,1,52.076844,6.813723,951.0639,13.717508,0.70649964,0.004535377,0.7027723,0.7407011,903.62463
56a924ceb92d43d08193711b45e91bdb.jpg,3,65.393088,27.180634,3,65.395837,27.157416,1.1175668,0.7848019,0.9581402,0.022539794,0.95248854,0.9807466,1.1175668
56ee38ea109349fb89981b5b7b18d0b9.jpg,5,52.943261,-0.858985,5,52.559354,-1.871884,80.43339,21.371,0.802847,0.024526894,0.7746511,0.9156309,80.43339
56f8ccc65be7485ba7f17bac9adacc6e.jpg,11,40.423096,29.27184,11,40.391804,29.456193,15.992271,15.992271,0.7257674,0.06641573,0.75659853,0.7189089,397.29395
5702fc3f9c3c453daf6686e013314a97.jpg,9,53.94172,19.025272,9,52.996647,18.508637,110.51041,29.3124,0.6797113,0.0023658276,0.6570778,0.7702452,110.51041
57168fe64a234a45a774890ef9a9bb99.jpg,4,47.562966,6.861212,4,47.337348,6.184774,56.71405,17.383886,0.720515,0.10169655,0.742029,0.66541445,780.81335
573650fb70f744d3b3917f00bf6474e4.jpg,5,50.410299,-4.551573,5,50.833724,-3.799671,70.92473,0.12780397,0.7868452,0.00088483095,0.75461984,0.92211545,1.0736109
575fd5316bb44b528b8ce6bbdaf1815a.jpg,7,37.808161,15.130501,7,37.75543,15.130626,5.863438,0.40772018,0.74773693,0.016468227,0.7397171,0.86207116,19.714481
57ec998674b1430d8ff25bce6f13b99f.jpg,10,59.875058,17.397116,10,59.95768,17.29381,10.842475,8.13204,0.7545289,0.021137357,0.7372369,0.83569586,149.64575
57ec9f1f344148ca8e82a47294d5ee3a.jpg,11,38.190585,34.201296,5,53.649641,-1.597352,3208.9692,1855.1594,0.701593,0.029709518,0.7032362,0.7467241,3209.8074
57ee8ca4a590467dbf6f6026b6168f9b.jpg,3,61.939643,29.84355,3,61.842109,29.733893,12.272916,1.6204597,0.8652993,0.005253017,0.8430611,0.97399104,13.353616
57efd500f9fe4fce8b10fcda1d678911.jpg,3,66.57139,28.423003,5,53.147811,0.172069,2136.9055,596.395,0.79012036,0.009039342,0.8090782,0.8493861,1124.3429
57ffc3899690411c9761dfd3c088553e.jpg,7,40.113997,15.751762,7,40.112316,15.750876,0.20153287,0.20153287,0.8142513,0.03621894,0.7883929,0.9345568,2.7506988
58ab269fcf00412fad52d5ee56f3f552.jpg,5,60.772729,-0.830742,5,60.777798,-0.826542,0.6080215,0.49516118,0.842437,0.005038619,0.826714,0.9087647,0.5829611
58d3701782b8409497b84400016a9fbf.jpg,8,59.395396,6.189283,8,59.654376,6.447989,32.28211,0.44105476,0.7301271,0.03120774,0.70387685,0.83512795,32.28211
58f9e2c984b64f10911ecfa6cb13520f.jpg,8,60.165479,9.711237,8,60.165344,9.711928,0.041067448,0.041067448,0.8332942,0.024699688,0.8088722,0.9309821,0.041067448
58fd2eec482c4af1846dacf230c58be7.jpg,8,61.613345,5.349419,8,61.504297,5.74456,24.184893,24.184893,0.79945964,0.08167964,0.794209,0.82046217,24.184893
594181d6de51417bb676397fe48ca939.jpg,9,53.245927,14.654734,11,39.113367,35.665832,2239.2922,2.310134,0.57125646,0.033674836,0.5709305,0.73658514,186.43723
59afa8eace674226bbb03f8929ac278a.jpg,6,65.348176,-20.844856,6,65.347791,-20.841971,0.1404882,0.1404882,0.95939195,0.09312582,0.951724,0.9900638,0.1404882
59c2dbf45dae4a61a4ed3b12b5a11f4c.jpg,9,53.033603,15.373936,5,55.355527,-1.854006,1146.8662,1077.1257,0.74229896,0.009000182,0.71837306,0.8854437,1388.3049
59d02e32839f4cc5bfda58f10d54ffb1.jpg,0,52.330604,30.850796,0,52.749695,30.771588,46.907722,10.297643,0.78623605,0.002691269,0.7607123,0.89673704,180.77617
59e454eeb9b643bbadcf2c738e4985f6.jpg,9,50.124413,22.104306,9,49.875124,22.373807,33.75541,5.5423493,0.8201143,0.05795759,0.7964893,0.9146141,33.75541
59fea02ee1af4f6d9e2132ed2278f56b.jpg,9,51.039568,15.907589,1,54.686923,9.007493,615.1671,18.913105,0.64869493,0.0073205233,0.64509237,0.7189525,187.33147
5a13245540aa4d04805ea6bf1a03b73b.jpg,9,50.840575,19.054758,2,42.035623,2.96726,1568.4728,27.444752,0.63093615,0.008223355,0.6485821,0.66633296,1011.3415
5a17c7bb89f14878ad47e5c14da12d12.jpg,11,38.641537,27.442074,0,54.08566,28.687496,1719.898,42.402096,0.6934203,0.029505014,0.7120494,0.65713334,2020.781
5a2870c9184f44d6a30d1f230e18415e.jpg,1,53.599485,13.978644,2,41.080506,-1.04089,1786.4772,1041.4252,0.70653373,0.011040211,0.69396704,0.8622711,1679.5557
5a426dbafe684042815d84c7e779cd71.jpg,3,61.596239,27.52327,3,61.656168,27.146455,20.997238,16.76587,0.7976871,0.05115223,0.79989886,0.78884,20.997238
5a566776197a4c01a78e87103fb92f1e.jpg,3,65.17925,25.355982,9,50.679042,18.650596,1658.0172,918.9743,0.6374534,0.008366823,0.6287698,0.7054802,1702.4252
5a5db6c4680649bd88de106dbb7b1009.jpg,10,55.862868,13.749743,1,49.150644,12.770521,749.2825,99.36901,0.62530255,0.03914702,0.6515915,0.6404759,777.81323
5a6c1de5fcfd49aa8f340a3fc47e99b0.jpg,11,41.386869,31.681452,11,41.396702,31.685663,1.1484245,1.1484245,0.7731737,0.124565005,0.7847924,0.74041027,4497.8154
5a6e4435101f458bafb15ae4c473059b.jpg,1,49.241265,9.972794,5,56.260214,-4.931949,1266.5227,218.29272,0.67562413,0.01780945,0.6673856,0.766729,909.2132
5a6e480d5280404c98843bcb6405a945.jpg,0,53.900517,27.997902,0,53.902245,28.001327,0.29541144,0.29541144,0.8162403,0.17299837,0.82049537,0.79921997,0.29541144
5a7728c4257c4c29858bf518bd234046.jpg,1,51.228503,12.750939,1,51.475156,12.10533,52.55783,52.55783,0.684592,0.026132524,0.6849625,0.71204233,969.4393
5a8b5bcaffaf44eab1c6900e5272c6d5.jpg,7,43.316477,13.639219,7,43.314658,13.643625,0.40984952,0.2948767,0.77175605,0.049764156,0.7555678,0.84177387,0.7989368
5aa61e5cd5ed4ad281ffc0536e31cece.jpg,4,48.549198,-4.704527,5,51.955147,-1.826222,430.39642,13.44161,0.6779034,0.0048659444,0.63484126,0.8577465,678.8428
5aeda7a1201f447e96e80394c2260d3d.jpg,8,70.892083,25.67787,11,36.719055,33.121519,3824.8816,3253.0022,0.6596029,0.017854393,0.6151784,0.86616445,3826.1272
5b4264cee895439b851d79c249ca6f80.jpg,4,43.683212,4.590902,4,43.695075,4.540955,4.2270775,4.2270775,0.81033015,0.057872772,0.82105744,0.76742065,4.2270775
5b5766eb05e14bbdac52beb2edda9b45.jpg,1,49.927481,11.765194,8,70.877155,25.732566,2438.1897,29.756721,0.5824782,0.016177952,0.5875443,0.66189104,2607.1982
5bba2001bc2a4f4aad8215e4954c7600.jpg,3,60.488891,25.104142,3,60.319308,25.270864,20.96206,3.1162407,0.672681,0.031728506,0.6626601,0.7695185,1980.5754
5bc76ee9a12a4dfb8bfcf8b86eac7f9e.jpg,7,39.654097,15.837828,7,40.135859,15.736623,54.260864,4.2205534,0.71835035,0.01986444,0.7151239,0.73966086,213.67041
5be5e2c40e1f4039896474d8bf8380fb.jpg,2,38.521515,-0.616833,2,38.53533,-0.623838,1.6526024,1.6526024,0.87850714,0.15440643,0.88999844,0.8325418,1.6526024
5bf4bae616664234aa18e3167fccb416.jpg,1,53.769189,11.420896,1,52.00415,12.269366,204.34904,70.972565,0.6580285,0.007209182,0.6687364,0.6521954,984.4377
5c2d35be56c940529362caac0c106c82.jpg,7,43.261186,12.687915,7,43.495739,13.236606,51.446262,37.89951,0.82871854,0.046463907,0.809348,0.90620065,51.446262
5c45d89d495e4b179961dd5719dab5df.jpg,8,59.914545,10.338974,4,46.738069,4.58365,1512.8003,12.536788,0.64658517,0.015415847,0.6336534,0.73639584,74.218445
5c4c2306941a47f9983c931d9a66cdee.jpg,11,40.575924,34.841295,11,36.850482,30.839899,540.36304,32.73314,0.60145485,0.022647738,0.60353893,0.663924,2729.1243
5c5dc165d1134b28bf0b4b8d0bbbeb61.jpg,7,40.830539,14.563944,7,41.851262,12.786974,186.78047,13.044577,0.7393637,0.010725319,0.71567297,0.8645514,208.85965
5c675ac95d1b42048a7fb8725e5d9e7b.jpg,7,45.399089,11.398154,1,51.206794,13.650132,666.8376,589.3633,0.7418712,0.00845331,0.7225893,0.8579289,752.8399
5c6839dd30b74577921bfc2c7cf816ce.jpg,4,47.799092,-1.334456,4,47.922951,-1.426644,15.394272,2.9832737,0.754333,0.03572148,0.71963036,0.8931438,15.394272
5c6ca0864d98496d9dd9dcfbb3c2d100.jpg,2,42.454776,-6.144019,2,38.565102,-2.3343,539.1266,0.84709835,0.63934505,0.0040546656,0.6377075,0.71987146,443.56082
5cbca56b8cd34f279fd209ebb4b658d8.jpg,7,40.89337,14.610598,7,45.83023,11.838834,592.82574,2.2811015,0.65442866,0.009881973,0.64942974,0.7744899,1270.2067
5cbfd05eb5cb4e8babe0aa85b8842dbf.jpg,11,38.485231,42.295997,7,40.934809,9.310649,2817.9375,45.960533,0.7261312,0.030926704,0.7198262,0.77340806,2845.5728
5cf8e6b4838e425e8eadc3a8d7481b8a.jpg,2,37.788112,-3.843595,2,37.332484,-3.276836,71.15121,19.176193,0.75103676,0.013984442,0.7148497,0.91258645,60.78969
5cf9651b9a4e4efe8b27470d6c34a642.jpg,11,41.198494,27.194293,11,38.550772,35.184035,742.2857,27.33209,0.6624443,0.0021793246,0.6813246,0.7645633,2700.51
5cfcfaa8bd324973a56cd9e115344db9.jpg,10,63.412606,18.26598,10,63.302134,18.523599,17.773643,1.8896338,0.7991843,0.003918946,0.7984295,0.8489496,409.9869
5cfe77de1afd421d89991d547a68e0cb.jpg,5,55.702568,-3.657646,5,55.910305,-4.510753,58.0999,5.9624224,0.6377109,0.004010141,0.6264771,0.6826461,58.0999
5d2bbca369664a95819884cb8a318711.jpg,2,42.027822,2.977389,2,42.019372,2.992918,1.5900592,0.8177807,0.8377994,0.014406085,0.81930155,0.93834984,0.8177807
5d2e6d86e15d4a27889b7f21f94acb8b.jpg,7,41.170738,9.298414,7,41.172029,9.291977,0.557582,0.557582,0.8770392,0.04275638,0.85615516,0.96057546,0.557582
5d65183cf4e64c15b7302c0688cc4c78.jpg,7,38.637448,16.371711,7,38.625583,16.330254,3.835156,3.835156,0.7849565,0.018688083,0.7915598,0.89242554,699.06854
5d801b5d667c4890920c1eb61ce630e3.jpg,8,59.990304,9.924418,8,59.990617,9.923499,0.061833944,0.061833944,0.90757847,0.10034013,0.8921135,0.9694382,0.061833944
5dc944861ea347d284d9898afc2e1a8b.jpg,3,67.698476,26.752308,3,68.018824,26.945526,36.529858,28.794317,0.8227694,0.021899223,0.80201113,0.9111918,53.998203
5df11daf818f4b24b47fe1262b558fa7.jpg,0,53.475745,30.3643,0,53.461111,30.381493,1.9856868,1.9856868,0.86038756,0.010805905,0.83602965,0.9578193,1.9856868
5dffa39053ea4469ae7b595ebe526de1.jpg,5,57.576629,-4.101386,9,53.166212,15.520818,1327.4357,0.40485805,0.6278235,0.0051232576,0.62323344,0.6742768,1293.9619
5e06b6863ae942d2a5673076fff88c61.jpg,2,28.778207,-17.942317,2,39.947188,-0.56801,2014.9612,0.622347,0.71028334,0.048927367,0.69965124,0.7528118,2014.9612
5e218f9bdb184d7c85d684b1562cfb2a.jpg,9,53.476343,17.240533,8,59.553484,5.276927,994.9832,65.93347,0.69319856,0.015491903,0.71593046,0.71022666,1227.9584
5e49be01937a482e81014e89bf913cdc.jpg,11,38.324818,43.189121,11,38.018659,41.775604,128.16817,0.09870601,0.7855385,0.028652072,0.77919686,0.8455485,194.81854
5e53189ed13e439188e42a739b35751d.jpg,2,37.126415,-4.367489,7,40.182213,18.085153,1973.5695,954.8721,0.71176755,0.036555886,0.7291385,0.758982,1677.9154
5e585d8cf571420794c6aac8208154d9.jpg,5,53.854416,-0.416005,5,53.864766,-0.36626,3.4592853,3.4592853,0.79516506,0.06232369,0.7765088,0.8697901,3.4592853
5eca2fc7b450417a8fee8610320a6050.jpg,5,52.844367,1.063985,5,52.327509,1.494786,64.42103,1.3792788,0.7448347,0.015003622,0.7341904,0.82978797,715.40314
5ed1bd8039614f7982cf664922efd1f5.jpg,11,39.082056,29.463706,11,39.084027,29.46473,0.23631631,0.23631631,0.7882651,0.08437574,0.75579184,0.91815805,0.23631631
5f13b75d13944cd7b0cea097b891c3d5.jpg,7,41.783997,12.854971,7,41.848715,12.78907,9.034017,5.8525906,0.7868616,0.0025324821,0.7573565,0.9183084,33.565018
5f1f382c2c5a43fd975929f7b729cead.jpg,8,61.513316,9.973832,3,66.229694,29.133889,1068.6768,64.514694,0.6480382,0.024074912,0.6124835,0.8169377,930.6346
5f5ad8bf6ce6413c8e0d1309c3a188fc.jpg,3,63.461218,22.587565,3,63.243423,22.840747,27.311626,4.7728763,0.73215294,0.006978929,0.7265348,0.82792,17.458761
5f736dafc3ee41b8a33cca2b504ec758.jpg,9,54.111781,18.691341,2,38.186952,-0.809817,2306.2927,635.1229,0.6825727,0.018761337,0.6901396,0.7561593,2024.3406
5faab3f69cc34477bdecedaa2339eb2a.jpg,11,36.171288,36.126764,11,36.167091,36.131945,0.6588547,0.6588547,0.8851483,0.02824843,0.8668181,0.95846915,0.6588547
5fdb8de3949841c9ac13f77c65c27b86.jpg,0,51.942545,26.923705,0,52.078902,27.700558,55.288795,1.3912065,0.8780682,0.0056017637,0.8634013,0.9606944,57.951992
600cc5715ed440758bb13d7d3c798ded.jpg,8,68.678589,17.915426,11,40.627396,37.294415,3324.7778,81.974236,0.7417326,0.009924054,0.74503267,0.7896541,993.7084
6028864566084c35b12666b511a7c50b.jpg,2,36.853029,-4.445483,7,40.491209,16.290735,1840.4519,34.884747,0.61098075,0.028218925,0.59396696,0.6992505,736.09894
60288a2f022541ecbb9df56bc721f580.jpg,9,54.231867,16.533357,1,53.8256,12.138375,290.536,41.595272,0.79113746,0.0061473846,0.7570181,0.9276148,290.536
602c0bae33614d21a112c31aab2a8cc7.jpg,10,57.335909,18.484797,9,52.71391,21.36695,545.66534,11.85719,0.6077989,0.014341414,0.60261416,0.7316518,368.6853
60554c4da1154225b68ceca6daba038b.jpg,6,64.708597,-14.317648,6,64.710209,-14.319509,0.19986142,0.19986142,0.92684036,0.0046386123,0.9161478,0.9696104,0.19986142
60638e55d5a84d7199ec4c9058829557.jpg,1,53.488028,8.482683,7,43.470124,13.571794,1174.6471,554.91516,0.6838851,0.0055511594,0.6714392,0.7714018,1174.5237
606e95933517401c9c338c09ee837e54.jpg,9,53.564135,17.297759,9,53.092148,14.501921,192.9297,47.305782,0.6906866,0.017011702,0.68045676,0.731606,192.9297
6082e74c430b48d6b9ea43cf8f41aa72.jpg,9,52.061518,22.292929,9,52.046645,21.271491,69.860634,19.34027,0.73401535,0.044694543,0.7267192,0.83021903,333.87793
60e9c4a323d44c03a86b6c7454445ecb.jpg,2,28.248965,-14.040299,2,28.64289,-13.899496,45.91483,23.359337,0.6687639,0.037987113,0.6535559,0.7580911,26.63587
613377baec2343639fd21a4d130af806.jpg,8,71.102416,25.740126,8,71.116361,25.700246,2.1132143,2.0109675,0.9359909,0.004825473,0.92566025,0.9828451,2.022037
614038715f414488a5e23ad13a02613b.jpg,5,55.521598,-1.993641,5,55.355527,-1.854006,20.459387,12.555876,0.8553971,0.012299657,0.83369374,0.9591123,372.60147
6163d40fdd82407c84bc5a2abcdcea3f.jpg,1,47.708571,10.95021,4,47.475379,2.437681,638.564,32.246838,0.7149811,0.0071781874,0.71559304,0.7205958,540.68677
616b530319b849a4b457eb83ea93ea10.jpg,6,63.429756,-18.882641,6,63.657997,-18.41391,34.398853,3.0634835,0.8138261,0.0028986335,0.80604386,0.86206794,5.623969
616fbaec68974fbda121ddef021e1715.jpg,4,49.833129,2.073239,1,51.839736,13.036492,800.6739,34.83718,0.6479627,0.007276416,0.6661848,0.7400841,486.2456
61707b0e8ade49b0924b31fd165284c4.jpg,3,67.948201,24.032038,3,67.981043,24.075276,4.073065,3.808781,0.76996875,0.0030269027,0.74898016,0.8856478,464.29895
617448d2ab414ed69250fc33c33d488d.jpg,3,67.527933,24.361737,3,67.489827,24.848709,21.143002,2.2485263,0.7874902,0.010004818,0.76649475,0.87147164,21.143002
622c9daac697482bb0d6630557dac221.jpg,8,69.298943,15.996955,2,36.701668,-2.717626,3798.1892,1224.8794,0.59324116,8.9108944e-05,0.5971585,0.70733213,3686.995
626ff93687e14d4482067257572ebbdc.jpg,7,40.080701,15.740663,7,40.135859,15.736623,6.1429143,3.6211784,0.759405,0.008581936,0.73078096,0.93549776,7.611343
6282439863424aa7a6592c53d406cf3c.jpg,3,63.107755,23.011817,3,60.903334,21.644132,255.28885,3.5073013,0.7959188,0.023438513,0.78140235,0.877892,208.75587
629becfd90a649b783806256a4e146ca.jpg,5,53.397503,-1.464898,9,52.399153,20.160652,1449.2072,13.396443,0.6790893,0.002946198,0.6799404,0.77244806,193.4341
62a8628a1fff48f8b9dc2629a8655d98.jpg,2,28.08008,-14.482755,2,28.075436,-14.4952,1.3256705,0.23904029,0.937004,0.002515614,0.9255956,0.98263776,1.3256705
62e288aa0802415491dffac3b14cced2.jpg,0,53.471605,26.705499,0,54.473022,30.504516,272.22913,18.926249,0.71793395,0.04594189,0.70135283,0.78425825,272.22913
62f1085393214e6b86bbc2be57277e66.jpg,3,60.818839,22.640649,3,60.951691,23.24143,35.703373,22.2754,0.7619537,0.021890283,0.73528755,0.88069236,68.464714
6310e81d76bc40eaa7192d764bcb2a5c.jpg,4,47.30832,4.112524,4,48.353309,-4.70012,667.6342,15.91066,0.64845073,0.021231592,0.6257778,0.73914254,667.6342
6317d9d71b02446eb6c0c51abb625b39.jpg,9,53.435936,19.84439,9,53.658057,19.037787,58.7356,0.09884871,0.6895653,0.02657336,0.6772531,0.74115705,344.53967
63420e02f9ff41889873e5b30e082637.jpg,6,66.007947,-14.874095,6,66.009183,-14.87878,0.25249904,0.25249904,0.7617187,0.013571203,0.7819618,0.7141064,30.481913
6384a320e6a64c9c9bd9ad73fc5602e0.jpg,5,52.364091,-1.607946,4,47.338047,1.701208,606.9833,30.429585,0.7262914,0.005515814,0.6897963,0.8722715,606.9833
638b570d219d4978bcac659b4ceec6b1.jpg,11,38.951585,37.547606,2,43.332439,-4.691646,3532.3015,292.99512,0.6935686,0.042102695,0.6947084,0.737767,3575.3225
63aae00d022c44778bfbe4c3c4c29b3e.jpg,0,53.604489,27.464654,0,55.166443,30.321166,253.6893,0.97410655,0.8245547,0.014459908,0.8037395,0.90781546,253.6893
63b1bb23cb1f49c9b303faf8da174f43.jpg,7,41.719796,15.410901,11,37.058975,35.77008,1819.7754,928.7377,0.6991932,0.024718106,0.6675663,0.837876,1817.9724
63c81a921f764cb2bfe119d15db5304f.jpg,2,41.241776,-3.779279,2,40.921562,-4.256722,53.56465,3.462331,0.7833041,0.0081035495,0.76105374,0.9144411,3.462331
63cdaa5c9d894699ab84cc3c24c96984.jpg,0,51.673509,30.368234,0,52.179286,29.907571,64.50346,0.2531882,0.78231335,0.012926221,0.78758276,0.799687,85.42494
63e3f89773dc4e87a89ebc065ce6a9ad.jpg,8,58.321753,6.285106,9,53.242185,16.493044,850.7167,0.36048153,0.66221786,0.01284343,0.65344834,0.75072014,830.07806
63f09ba10bf44b2ca89e7294362814ad.jpg,6,66.564181,-18.018397,6,66.565896,-18.019027,0.19272397,0.05087104,0.80264294,0.030511081,0.7786711,0.89853,0.19272397
642e3b76c374463bacf6416577f0df61.jpg,11,39.869157,39.264491,11,39.87254,39.256192,0.8019478,0.8019478,0.88073266,0.069877565,0.87958217,0.8853345,0.8019478
6438ebdf04264c17b66f63d7829cc48a.jpg,5,51.977629,-1.555235,5,50.508131,-4.746179,275.70886,13.914647,0.7017907,0.009925485,0.66428804,0.8770998,295.01248
64682079e6ae46aabf994b0f58264484.jpg,8,60.172467,9.675134,8,60.167333,9.699319,1.4544343,0.7578822,0.84812146,0.045371413,0.8212563,0.95558214,1.4544343
6469a99e0e97431c88ad1d2d4e58d4f1.jpg,11,39.090766,29.470921,2,40.806906,-4.539404,2887.2712,0.92034084,0.67167103,0.007656455,0.63095284,0.8345438,2887.2712
648e34fbe88f420fbef33ce4d8a34f15.jpg,2,39.512192,2.767183,2,39.636156,2.650821,17.013826,0.1634793,0.8359739,0.080471456,0.8227982,0.8949004,24.450579
64b1182ebf9040b8a9f3835fc7184d16.jpg,8,68.548384,16.196959,8,68.434071,16.007621,14.871279,9.727457,0.7402153,0.09065652,0.73912716,0.8166944,14.883648
64c4d83a8ce24b0989e1e73c74821470.jpg,2,40.485412,-5.594538,7,41.550205,14.12204,1654.7941,24.250647,0.70429057,0.00563699,0.7189435,0.76126844,60.103695
65234fc0bae8405488a5817d7b25d8a0.jpg,11,36.215915,33.532584,11,36.330829,33.661533,17.23083,5.546787,0.7950159,0.0018799305,0.762989,0.9270481,18.198437
653918a2252a4471953f8ae1e425cdf5.jpg,4,44.615424,-1.061537,4,49.186167,5.809514,728.02155,40.18618,0.75978714,0.01592058,0.765818,0.8032004,2471.7004
654328a8aa764d0fb90937f4fbc560c1.jpg,3,64.212071,28.953605,3,64.181248,28.88178,4.8818436,4.8818436,0.86408013,0.04426378,0.84472096,0.94151664,4.8818436
656c2600fd3949e497d0d46f026459ee.jpg,0,53.420691,27.122306,2,39.473074,2.895959,2397.8804,56.56136,0.6323505,0.016324043,0.60981035,0.75263315,2400.6738
65743ea4e2584b2bba13e6e570d63268.jpg,5,57.477558,-4.047267,5,52.833242,1.073067,609.9613,33.449265,0.67035145,0.010475695,0.6892301,0.6797245,1341.118
65845d84ea1a4d36b7f04b5d6c29a02a.jpg,9,53.519438,20.579973,9,51.943577,20.214282,176.94894,9.721453,0.65416026,0.003471613,0.67632186,0.7347144,1861.8993
6588874218d1446fa3829c93d029a2cb.jpg,0,55.51477,28.894869,0,55.515581,28.88616,0.55566174,0.55566174,0.9030947,0.015065014,0.88606197,0.9712254,0.55566174
65ba2e7403174d7fb1e6fd21a0766d6c.jpg,5,57.783214,-4.090049,3,63.125703,30.601843,1964.9601,0.6660367,0.6857703,0.0027663112,0.6916266,0.79055345,1857.096
65cc2e507f6f4c7fa530db226ebae5c1.jpg,2,37.880116,-0.940902,11,40.147015,25.932565,2326.5266,33.605442,0.7333676,0.0010884404,0.7423868,0.74575216,2482.0989
65e22f9b309b4eb6ba4b780fb5c00f24.jpg,11,39.889285,33.672381,11,41.10023,28.331875,471.1485,34.881718,0.7475632,0.00419122,0.70935225,0.90040684,471.1485
65f1a2b2b68f4805b4081a759a550fcb.jpg,11,36.215241,29.649751,11,39.429913,35.115984,598.37933,303.6694,0.65304035,0.023985744,0.65821433,0.7765964,1105.3774
65fe6b2299e440a6a2a4f3f44289837c.jpg,10,58.649581,12.054396,10,58.178218,11.476442,62.290833,12.548038,0.8717698,0.07704109,0.85370564,0.94402635,62.290833
660ad3c00c1e4251b15585c765a680cc.jpg,10,55.590822,14.235687,4,46.278553,0.173905,1424.2161,3.5394838,0.6386105,0.017668724,0.63509244,0.7071501,956.3425
660eed5b3ff44d0093b34c9a76094128.jpg,1,53.173157,7.725568,1,53.173396,7.68784,2.5147116,2.1171615,0.7344277,0.06456226,0.7126308,0.8216152,2.5147116
66246befa17a426fbc9a80146c2dd7bf.jpg,1,51.495669,14.680962,1,51.46135,14.74825,6.0230722,6.0230722,0.7072003,0.03649187,0.67590225,0.8323924,6.0230722
6662206c69df4c6b82c3768f190f1866.jpg,8,68.317605,14.598216,8,68.402442,17.471848,118.20162,7.324448,0.85054463,0.003908694,0.822833,0.961391,118.20162
668595cd77254aca95803cf256cf5ba8.jpg,4,43.774598,4.891925,4,43.754902,3.465007,114.60605,65.23829,0.66763717,0.025126219,0.64361674,0.7862351,363.72812
66907e758caa4d54a3d1fad2de1fe8fa.jpg,7,42.326596,12.214835,7,42.324351,12.214533,0.25086454,0.25086454,0.6450641,0.006494403,0.6542256,0.7041638,382.01492
66a6efd25f2447eebbb6d6572c31ef30.jpg,6,65.564971,-22.192136,6,65.611402,-22.802872,28.537804,0.44935822,0.9170643,0.0062181354,0.90364486,0.97772837,33.030853
66ae147ec1ba4dabb77d1114ade4eb6a.jpg,9,54.322859,18.85807,1,53.037142,13.040981,408.77118,21.467178,0.6582503,0.017731667,0.6615782,0.74619985,96.26612
66d94dbecbf04cf08551cd6be02d530e.jpg,8,59.895929,6.479414,8,59.27329,6.206296,70.92086,8.142899,0.72148037,0.021165073,0.68530566,0.8661792,70.92086
66f3e57b97844c2e8b6e910ef1bd2786.jpg,0,51.708689,29.152945,0,51.710682,29.154923,0.26016542,0.26016542,0.91962206,0.012123346,0.9040558,0.9818872,0.26016542
670d58acd23f491e85ec572a1b491502.jpg,10,67.098068,20.4468,10,67.051946,20.112081,15.378147,4.1895967,0.88261443,0.030457914,0.87499154,0.91310596,15.378147
671c5e8bf35b425dafa451f589ba1b1a.jpg,11,40.361351,39.887415,11,40.347052,39.946394,5.2445216,5.2445216,0.7891048,0.051429033,0.76047087,0.9036406,5.2445216
673f0453a36942a0963d19671d2636e6.jpg,1,53.595957,8.318884,1,53.331896,10.013984,115.98643,19.302925,0.7075011,0.018215835,0.71522236,0.7368494,157.73036
6748efa86d5f43409d2aa83ae9eea760.jpg,10,65.593912,21.122561,10,62.623657,17.406909,376.19528,31.554585,0.87832403,0.009764791,0.86278456,0.94048184,376.19528
6765e7d602b942a19897c059c44f87df.jpg,2,29.123607,-13.467053,7,37.320528,15.039187,2791.1226,2.1868632,0.78989226,0.0048240423,0.76858974,0.8751022,2791.1226
676be160077c4cf1aa8fbaba79e003da.jpg,11,38.239731,35.098602,11,38.240835,35.099689,0.1551843,0.1551843,0.8770964,0.031786025,0.8668723,0.9179927,0.1551843
677a503a6d40464d8138caa249819c86.jpg,7,37.040093,14.390464,7,37.03828,14.392382,0.26386076,0.26386076,0.83850616,0.0779888,0.8151586,0.93189627,0.26386076
67da3cf6b9af44ee999b15214cd4329f.jpg,9,51.488531,22.078139,9,51.491333,22.06491,0.96746397,0.7646933,0.71516526,0.048338175,0.7140335,0.7196924,0.96746397
67ffef82ea624669bfc698d3ce8bde7d.jpg,7,45.147205,11.042821,4,47.785803,5.592106,510.05554,4.9580307,0.7192714,0.046307206,0.71473914,0.7374002,510.05554
6845c32454714fbdb12389fc4ade0b00.jpg,7,46.648788,11.709369,7,43.309292,13.639213,401.12842,203.53516,0.60368466,0.0013298988,0.61698455,0.7495923,712.53937
684ec929545c4d35aee40ae881cbe5e6.jpg,6,64.876734,-23.950222,6,64.773841,-23.884151,11.860337,2.8446846,0.8274201,0.030626655,0.80607975,0.9127817,11.860337
685eb95286a44e568ac2ce992145dfca.jpg,10,63.49659,12.470929,10,63.495025,12.47252,0.19109164,0.19109164,0.91482574,0.0078475475,0.90555024,0.9519276,0.19109164
68db775651e7432c9f674cde6e6a3da7.jpg,6,65.863942,-19.375504,6,65.873201,-19.37804,1.0359899,1.0359899,0.92746866,0.0054842234,0.9141468,0.9808614,9.1408415
68f9e19a7e7b4f1d90815ec7266b38c3.jpg,6,64.747057,-23.816201,6,64.754665,-22.248431,74.363556,0.44580084,0.893637,0.012270749,0.8821291,0.94253266,63.438324
69485f12c5ed4e3983e9aefdec5699fa.jpg,0,53.215572,28.692562,0,53.205981,28.69684,1.1038654,1.1038654,0.7568714,0.024150014,0.79701626,0.61235094,1630.6608
69496590056040e4bb0cce28271084b8.jpg,0,55.169436,27.053138,4,49.241383,0.099733,1936.7738,4.9643044,0.67125994,0.004467845,0.672405,0.7317719,112.657425
6950642bb1224365992f6787a2cf9cf9.jpg,2,36.73528,-4.239885,2,36.745051,-4.236473,1.1282244,0.36035225,0.7075432,0.03414017,0.6881946,0.80835223,611.5206
697307879c95499ab4ebd4030de74d7f.jpg,0,53.649936,30.045455,0,52.636229,30.84029,124.56128,3.4743352,0.8220341,0.0037939548,0.79115486,0.94555104,124.56128
69807988fadd4c6a83bf8fd677d26b22.jpg,1,50.743487,13.334097,1,52.857153,7.809499,446.5321,56.0682,0.8010674,0.058811724,0.80993193,0.81409824,187.98866
6983441be7754cae86de9d590f17f8e8.jpg,4,42.086544,9.496937,4,44.448475,-1.244972,907.7496,469.7452,0.6296061,0.0006656647,0.6249969,0.71883905,924.17487
69a2375003c8476ba27cb4cc908d95d3.jpg,9,53.879826,14.621169,9,53.870583,14.615887,1.0845364,1.0845364,0.8561319,0.1037215,0.8419416,0.91289306,1.0845364
69a49f72758344cf8c5f6caa90484dd5.jpg,10,62.558781,14.308742,3,62.963087,28.419332,718.1055,57.092594,0.7076262,0.000106573105,0.71233845,0.6887771,718.1055
69b2c09dd1844321a3ffc357e007c8f1.jpg,0,54.153845,27.111581,3,62.725724,29.018005,959.479,158.10466,0.6472957,0.0067076087,0.6482829,0.69428015,535.31055
69bd279219b340ac8ff1c39040a881c9.jpg,8,69.497685,19.248906,8,69.513817,19.252509,1.7992749,0.58581275,0.89543307,0.0069851875,0.8766896,0.97040665,1.7992749
69e901ba710842a381895cb9c4aaca59.jpg,4,47.921112,4.772134,4,47.520819,4.324779,55.6871,11.612695,0.75881803,0.022354424,0.7602562,0.79092973,332.63058
69fc8d6663fd474bb9ea6f518a1f3d62.jpg,11,37.753412,27.272156,11,37.816475,27.274587,7.0155487,1.9836738,0.6546422,0.0003477335,0.61987406,0.89391327,18.118244
6a21667f3a1f4f5ab1ebfbb7d161eae7.jpg,5,57.12932,-3.936096,11,39.894473,29.859904,3089.1182,152.30096,0.7145717,0.01230675,0.7202107,0.76500463,2140.2734
6a39ee239fa84a45b6957747b7e3d2ce.jpg,9,53.839714,22.872442,9,53.835336,22.914931,2.830043,2.830043,0.8603173,0.17188698,0.84886336,0.90613294,2.830043
6a4432cd6fe54b2398834071104d9e5b.jpg,5,52.383836,-1.168162,5,52.225477,-0.993327,21.2456,14.819708,0.8272266,0.051136732,0.81190705,0.88850456,21.2456
6a806660db6f4fe3917e348ff87933b0.jpg,2,28.076307,-14.42836,2,28.070307,-14.420452,1.0232776,0.5324449,0.8857302,0.0071157217,0.8635802,0.9743299,1.0232776
6a8e0ee5b7a845c08f33730565817cb3.jpg,2,41.618922,-3.053264,2,41.623925,-3.05308,0.5565192,0.5565192,0.88405347,0.101454854,0.87149113,0.9343029,0.5565192
6aafb9e2d2524da889f4ce7e078ad160.jpg,9,52.942967,15.38666,4,45.477815,-1.146608,1454.4615,669.02515,0.68027186,0.024719238,0.6684481,0.7776402,1114.1047
6ab7874e912e495e81b30fa807607cd0.jpg,4,41.644318,9.211905,4,41.634377,9.231767,1.9865028,0.68378526,0.80953646,0.011617839,0.7913875,0.91972536,71.63638
6ad8a8a193cd428789e6ee01db25160f.jpg,6,66.184741,-18.941231,6,66.166371,-18.988946,2.960663,1.4024459,0.8583704,0.021216452,0.83000135,0.9718467,2.960663
6aded972a79d4ad5b3fd26e58e8128e7.jpg,7,43.523567,11.589749,7,43.554193,11.549508,4.703037,4.703037,0.7366444,0.0194211,0.7358248,0.78534555,94.9825
6ae2fc7f747744ce8693154d1384953d.jpg,6,65.745342,-19.362416,6,65.710488,-19.375733,3.9231043,0.3832761,0.9327327,0.0024023056,0.9232444,0.98717165,10.204164
6b00e00fdf004e478e04212f51fafe4d.jpg,8,58.258576,7.971341,8,58.259107,7.971425,0.059248682,0.059248682,0.8128524,0.0020109415,0.798676,0.8953975,0.14461292
6b09e9db79a94148904eb47f2d0a107e.jpg,5,53.077668,-4.003143,5,56.380135,-5.042364,373.21973,5.478872,0.7740676,0.013514519,0.7641262,0.8374909,358.87915
6b0c157af06548578387b161d02c549c.jpg,3,64.824329,27.936259,3,64.82365,27.941439,0.25639522,0.25639522,0.792847,0.075440764,0.77441853,0.8665606,0.25639522
6b229521ed7e49a89112270eeeb96402.jpg,3,66.668381,25.441364,3,66.876698,25.463651,23.184435,0.7434695,0.94978774,0.012811065,0.9424653,0.9790776,23.184435
6b2faf8da204445796074d3e69796a73.jpg,7,40.609056,17.985908,1,52.303567,13.56936,1343.0105,41.75309,0.71026653,0.018020809,0.7014737,0.79155743,573.5988
6b5550e8a6e443f7abbb4069e373142b.jpg,4,45.602265,2.727763,1,53.100622,9.219176,956.31683,30.221912,0.63120615,0.010363638,0.6483867,0.6615568,844.7004
6b91ff129b0742e3810fbd44fd4f8ae6.jpg,10,67.152421,20.927566,10,67.292447,21.079796,16.89315,5.6967278,0.8391478,0.017846227,0.8180301,0.92368644,6.155433
6b95be0f5ead41378892e663c6fcd3c4.jpg,6,65.820387,-17.356904,6,65.804252,-17.566427,9.712923,3.3004317,0.850239,0.0036365986,0.839212,0.9206882,9.871184
6ba94773690540f99da75a0c40794abe.jpg,2,39.554201,2.703213,7,45.234371,11.011128,928.8065,34.760098,0.6430624,0.019695997,0.6603019,0.74530375,912.6145
6bc485e8a2c043dfa09cd31cf8862dad.jpg,3,66.244943,26.159261,3,66.289368,26.038715,7.3147645,0.42754102,0.86143005,0.003344059,0.8392757,0.9784675,1.2305318
6bcc2ee6758e4882af9d30be50269f5d.jpg,4,48.79919,7.819093,4,47.650713,1.122088,512.09,96.54537,0.68426985,0.032461226,0.70952237,0.71584225,640.5662
6bcd4c4adeb546cd8eac094c5b19b61a.jpg,1,48.332528,10.245098,3,60.242717,22.947205,1554.0624,76.23656,0.70595074,0.011756301,0.69513553,0.7803041,1669.2429
6be11a4fbd614123b6b072157020202f.jpg,1,50.847742,13.935541,5,54.622706,-5.764378,1385.8298,94.373024,0.7034599,0.04164511,0.7150245,0.75115657,982.8463
6c1bbf81792e40029335c191a83ecbb8.jpg,6,63.690435,-18.337182,6,63.687219,-18.348212,0.6507051,0.6507051,0.95107245,0.03149855,0.94284344,0.98398817,0.6507051
6c1cc3a6edb147b48dae5c96307d3258.jpg,1,54.423636,11.172715,1,54.445027,11.249409,5.501005,5.501005,0.71089697,0.026534975,0.6873304,0.80516315,5.501005
6c1d2fc7fae943a2a0e3f6d2c8e1f5f3.jpg,3,64.158282,29.261762,3,64.180149,29.22105,3.130949,3.130949,0.80516154,0.039678037,0.7733365,0.9324617,3.130949
6c3274cfc6c545f597dc5895368d2020.jpg,6,63.840114,-22.429127,6,63.842857,-22.439221,0.5812702,0.2945296,0.7443629,0.017111838,0.72122854,0.83690006,0.5812702
6cee474bac854a3c9b346639e437d3ce.jpg,2,43.656914,-5.844533,5,56.846888,-4.710527,1468.8224,0.029452177,0.6615192,0.024569154,0.64827925,0.77674806,656.5782
6d00b84e3b914aa6b2a0ec23ea708cbd.jpg,11,40.875985,26.518914,11,40.87746,26.479525,3.3157582,3.3157582,0.80179626,0.07763028,0.81734705,0.8517529,2769.921
6d108596f9654fb1b21e0c6a6d529a31.jpg,6,64.80067,-13.991081,6,65.86159,-22.305459,403.15176,1.531828,0.8996138,0.0017185807,0.88701385,0.9629043,439.64243
6d1a60b12f0a471c99a7889785fbe25a.jpg,10,61.797304,13.505918,10,64.917548,15.505597,360.9538,14.467795,0.73788303,0.0016881227,0.7522112,0.7555814,446.43723
6d3448634df64af3a91dc8c35eb07dcc.jpg,5,54.272595,-0.640336,1,50.158089,6.643577,674.34,284.65207,0.6222753,0.004894972,0.6155758,0.6702192,765.1633
6d42a6217aab4a0db86dd5e16ae88083.jpg,11,37.112709,34.91065,11,37.088642,34.944621,4.0297003,4.0297003,0.8147389,0.08269948,0.79928595,0.8765507,4.0297003
6d9f0c6d73b240febe3680f216c18b86.jpg,11,41.290533,36.218134,11,41.067639,36.050452,28.481966,6.3683105,0.872713,0.012444079,0.84899133,0.9714588,7.087785
6dbc08546b9c486492c784f66b8040b8.jpg,9,51.350279,22.732794,9,51.307329,22.695685,5.4273744,5.4273744,0.7845202,0.019169867,0.76224613,0.88722396,59.970886
6dc2f4bc764b4e02a3dc57eb0e9bedf6.jpg,7,38.195616,15.3124,7,44.411731,7.223532,965.65375,961.6669,0.6151055,0.04163295,0.6219778,0.7444315,2144.35
6de982f3a6744058b12f6815b095449b.jpg,1,51.85685,13.237698,9,54.137405,23.291993,718.2892,10.338029,0.64634264,0.03980851,0.6514969,0.72607946,942.8758
6e0899342e6d4a4182b6ccdb3e6e8f2f.jpg,2,37.634291,-1.058203,2,37.636477,-0.904824,13.508248,13.508248,0.75041217,0.020953119,0.7215435,0.86588687,13.508248
6e112c8ddb1b479d8e47c0fc8d30ce11.jpg,2,42.656992,0.926214,8,67.321139,14.622719,2863.1562,365.23227,0.6554663,0.02229613,0.6658167,0.712595,3171.218
6e3368fd21e34f2fb5a35f9ffcc4571a.jpg,9,53.74462,22.747075,8,61.921863,6.817851,1303.439,651.6856,0.62222767,0.015023768,0.6182132,0.70259494,1302.8136
6e611ac7024d438cb31c529930a80f3b.jpg,7,42.988745,13.869328,7,43.241006,13.498804,41.126072,7.992884,0.6499785,0.0022088885,0.6384584,0.7587582,444.0005
6ec68418e61844a2b5766b0c24bac9ae.jpg,9,50.517603,21.604167,9,50.797647,21.165974,43.861202,7.514506,0.7640511,0.031449974,0.733915,0.88459545,43.861202
6ed2a6fa88b54cf9870860f6faedb3ad.jpg,2,39.512541,3.281414,2,39.514966,3.284247,0.36300355,0.2349306,0.83021957,0.005063474,0.8036293,0.9774432,21.347446
6ed69c13bd104b1bb5139a685bebb5cb.jpg,9,50.342451,18.939051,7,44.722391,12.15424,805.52716,7.31363,0.706516,0.010149598,0.70857996,0.7480367,1138.8164
6eedd2ab914c42929696f45066e12664.jpg,10,62.195182,17.499965,11,42.002338,35.092065,2527.647,221.95576,0.6464791,0.00806421,0.64396346,0.7421155,2606.415
6eef7eb353034deb9351af2b3d3afe70.jpg,5,51.482422,-2.085375,5,56.602208,-6.101398,626.5211,330.00998,0.7199832,0.005271733,0.69928443,0.8404302,466.05774
6f6f7c34fc404980a4f94e2b63e95dc9.jpg,11,38.928137,36.061165,11,38.931696,36.056218,0.58286005,0.58286005,0.66995645,0.040785372,0.6764454,0.7308473,3416.403
6f77b99968f54a23b003cd68f68f2c95.jpg,6,65.442743,-20.580636,6,65.405404,-20.633793,4.8250995,1.1957082,0.9577979,0.019095957,0.9519,0.9813894,4.8250995
6fae3da18149483598450bcc2d800342.jpg,1,51.752153,6.239854,1,53.192195,7.7251,189.09608,189.09608,0.6572399,0.012050092,0.66892534,0.74861276,608.67944
6fbcfe523e1349759e6060d632d52e54.jpg,5,55.698094,-4.305315,5,55.696597,-4.30866,0.26767078,0.26767078,0.79229355,0.06320125,0.789829,0.8227669,235.8185
6fe39927e1304d7e90b65301a3ae2e0e.jpg,4,47.591357,-2.980008,4,47.585855,-2.971004,0.9111905,0.9111905,0.7702323,0.077549696,0.7571347,0.8226228,0.9111905
703a3dc490fe44f4ba809a2d295ffed2.jpg,4,47.375226,-0.414861,4,44.51101,-1.235219,324.73654,4.4253793,0.64106923,0.0010035634,0.62909603,0.70226526,324.64084
7088ca21b3144a7aa701979b4fe31507.jpg,1,50.869201,10.43737,1,50.158089,6.643577,279.62708,18.233257,0.6492402,0.018784821,0.6474205,0.71738917,705.0407
709c66922fba48f19d4499e77abff974.jpg,9,52.740526,20.298494,8,59.608639,7.41652,1100.6127,59.319473,0.8233671,0.0024943948,0.82585716,0.8134068,1100.6127
70e25afc311f4c909c488fc27bd7204d.jpg,3,62.528151,28.772305,3,62.301981,26.998262,94.74133,11.877064,0.75668675,0.0022816658,0.7370293,0.873316,79.401695
7109df9423c14bcaa34ba83978e0ab24.jpg,11,37.867859,32.49473,11,37.85877,32.508617,1.5835351,1.5835351,0.7520275,0.06156361,0.7329816,0.8282111,1.5835351
710ff5b811054213a9ed5cd960c24e36.jpg,9,50.686864,20.293262,9,53.076853,22.148214,294.6557,17.56976,0.7320404,0.011136591,0.709297,0.8261033,74.96101
71161654ea7347f7ae3c29e8d2b9fdd7.jpg,4,48.99436,6.454724,11,38.271105,40.949906,2988.785,1093.201,0.66688526,0.006019652,0.68883926,0.66210914,2265.337
7142412b772f4f6a9839a54b2c3cb671.jpg,8,64.622946,12.605335,8,64.589067,12.562835,4.277707,1.7202312,0.8606658,0.004816413,0.83810806,0.955542,1.7202312
716d7adf61c346dba2e1da6471f0c5e4.jpg,6,65.53059,-22.41357,6,65.549995,-22.423803,2.208577,0.95838463,0.8999975,0.061079025,0.8847573,0.96095824,2.208577
718dde12c1f6480baf43353d632f67f7.jpg,3,61.647707,28.224475,3,61.314102,28.496846,39.813923,35.422787,0.7553898,0.0021778345,0.72002196,0.89686114,39.813923
7197764d61494cf5bf5074f497983dac.jpg,10,56.354125,15.577375,10,65.375874,16.126388,1003.6046,61.701427,0.7553229,0.0033690333,0.74755305,0.8277058,1183.2041
719d021e420d4118a057627f0a5c8eb0.jpg,7,38.18974,13.122771,9,50.39645,18.997926,1434.4688,588.3641,0.6398673,0.0028522015,0.63271046,0.7357757,820.9701
71a318817d7149668683675d04d3afa5.jpg,7,40.636949,9.703734,7,40.70569,9.695099,7.6782746,4.3418164,0.81588393,0.00041764975,0.78552747,0.95569,6.631938
71a65e3274fa4908b6327b73de44c0db.jpg,1,48.493503,9.508635,1,52.764029,12.059239,507.7161,182.05597,0.6465831,0.00632751,0.61545277,0.82452697,594.675
71c119b7692642d08e1c07413b72b84a.jpg,9,54.353226,22.727182,9,54.352818,22.711807,0.9973834,0.9973834,0.7692551,0.015953064,0.7581574,0.87095404,16.990808
720fa8650cad4405bf42a4a1b9938317.jpg,2,39.520131,3.287639,2,39.514096,3.283268,0.7687048,0.64382136,0.7057392,0.018217266,0.7368524,0.68368113,3017.2297
72284cfcad2c44c2b914457565ba9d1a.jpg,10,55.713087,14.080967,3,64.316096,29.099932,1263.1976,159.98846,0.719979,0.006014645,0.7424113,0.7756311,713.8835
7239085819194fbeb079b1a5e8bae751.jpg,1,49.447038,8.782049,9,53.829135,16.141221,703.1407,35.742947,0.7706631,0.004965067,0.7608524,0.83477175,488.43524
7239631cf7974c83946d0516364ba132.jpg,3,68.788203,26.551226,3,68.796682,26.574339,1.3241132,1.3241132,0.8833025,0.007533133,0.8621911,0.96774817,1.3241132
7243886f5b6d4710bf7b834544e56279.jpg,6,64.716348,-14.324656,6,64.716473,-14.324796,0.015407643,0.015407643,0.981852,0.047991455,0.9788267,0.99395305,0.015407643
727e7972c442477193d8d872575f9f08.jpg,0,54.238541,25.994534,0,54.236407,25.992668,0.26647955,0.26647955,0.7919638,0.14923406,0.77319497,0.8670393,0.26647955
72ab1a08c8574da78b15770cb9aa5f51.jpg,0,53.051938,25.544566,0,53.032974,25.65375,7.5977726,5.7604914,0.8477397,0.017225444,0.82755095,0.9284947,7.5977726
72bc43668c2e44b998cd67a993942740.jpg,8,61.400907,8.808536,8,69.625239,18.973685,1024.455,1.4251306,0.59741783,0.0008442402,0.5747708,0.72298837,15.904137
72bf6d7f30644054ab4ed76f5e6f0d26.jpg,9,51.932388,23.612608,9,53.463153,16.367078,516.7903,111.47448,0.798128,0.036954403,0.78725654,0.84161377,516.7903
72ce6f0827ab4e93987115f5ac124e14.jpg,0,53.900822,25.93554,0,53.602233,24.566546,95.93545,1.7302836,0.81735444,0.0038003922,0.80545175,0.93156195,57.1991
72d90b17cbd94980abdb2ebf80f98ec1.jpg,3,61.673612,27.049963,3,61.630466,28.220323,61.978035,3.2812276,0.66834533,0.0018208623,0.6479572,0.74989766,61.978035
72f833fb23f440f2aa7c1f0eb815fcab.jpg,9,49.990135,19.213565,9,51.283682,18.192478,160.85107,160.85107,0.70683026,0.003430307,0.7238977,0.8189561,833.60345
732ce7c6978447fa9766f600691a4fd2.jpg,1,52.30227,10.257636,0,53.976447,28.063213,1198.8856,114.03764,0.6693854,0.0022978783,0.66342425,0.6932297,1198.8856
736abc6bb09c4aecb72d47cbbb35a6ee.jpg,7,40.530801,18.04382,4,48.476178,-4.58356,1989.9443,13.384644,0.6727878,0.06455135,0.69435686,0.68114024,1815.2059
73ba86048b65458a84eaca7ada69c04f.jpg,3,63.644904,27.447163,3,62.542066,24.046607,210.47641,11.8605795,0.82486606,0.003229022,0.8100441,0.912991,226.499
73bb2b78be6845f3bbdba53540a3cd6f.jpg,5,57.17607,-2.214259,11,39.281801,29.963307,3055.5442,349.0569,0.58896995,0.004378557,0.59293103,0.6736162,850.68317
73ea127dd5cc46d4974ea885c7b0651c.jpg,10,63.848498,16.401938,10,58.596982,11.502275,639.70294,285.74673,0.6257377,0.02208203,0.6566452,0.69455045,3001.975
73f4e9ee9c0d434f9f8f2b4da430ad96.jpg,2,28.951643,-13.673207,2,28.952993,-13.669843,0.3600926,0.3600926,0.8961695,0.014885187,0.8785347,0.9667086,0.3600926
7422582bcc8444669a52a994a9b7a1eb.jpg,2,38.525041,-1.675094,2,38.313329,-1.482958,28.88567,7.507152,0.7171631,0.035226166,0.68776536,0.83475375,28.88567
742f45b0211c44ffb19ad84931ea519c.jpg,4,48.094103,-1.994316,4,48.1162,-1.969941,3.051715,3.051715,0.70111185,0.047224045,0.64875907,0.91052294,3.051715
743149532c444f7caee56ec17268e7e4.jpg,8,71.125607,25.716872,8,71.116361,25.700246,1.1894734,1.1894734,0.9448197,0.0017590523,0.93537676,0.9825912,1.1894734
745f1b42d3064c5688496d7807ef7ed9.jpg,9,51.349824,22.590907,9,51.493983,23.54388,67.99427,7.8796678,0.69109315,0.0033970475,0.68885124,0.76971006,134.67725
74748e9324854b528b28e10610d6c567.jpg,11,36.254631,29.769181,11,36.25154,29.953458,16.52753,16.52753,0.76333725,0.09220475,0.7478291,0.8253701,16.52753
74a5c9024d964173a580e2c81c58bd7c.jpg,3,67.276266,28.23593,3,66.862371,28.720318,50.58137,1.1015725,0.90496457,0.0065099,0.89148104,0.95893514,31.678617
74c7533dd5de4d3d8f1bcd8572b92a83.jpg,10,66.042989,22.820215,10,66.054581,22.804161,1.4787238,1.4787238,0.9025797,0.06560558,0.88504905,0.97270244,1.4787238
74de821fc8a248a2b789eccca38b4fab.jpg,3,61.12339,24.665995,3,61.505708,22.966829,100.156296,7.8900194,0.76599246,0.012814641,0.7524066,0.8523654,112.35403
752df4cb14ca40f68fefd4b01c7122bc.jpg,3,64.746486,29.483094,3,64.746363,29.495029,0.5663451,0.105340086,0.89467585,0.022901714,0.88495433,0.93356174,0.5663451
7535386eff2b4ad786a7408d00fcb5d9.jpg,5,57.554154,-2.834662,5,57.557649,-2.833036,0.40054858,0.40054858,0.7595642,0.10712427,0.77031446,0.7165631,0.40054858
754e071668174dd3a0573a7504f806b8.jpg,5,58.01386,-4.28483,5,60.777512,-0.826345,364.26382,9.837075,0.78397715,0.023679137,0.78549033,0.8028883,57.36814
755b059fcc84455e9419c6b8fc6b2c3e.jpg,10,61.330769,13.490004,10,67.039015,19.79509,703.5267,75.034065,0.6320642,0.044104815,0.6337664,0.7213091,1034.6072
756f54f678644dc187b81023805ff728.jpg,5,58.086823,-5.233773,5,57.507617,-6.557777,101.503334,2.8330185,0.7704184,0.011013567,0.74248594,0.9051032,2.8330185
75728f07e40340a08100634b547da30c.jpg,2,38.550228,-2.980345,2,39.765064,-4.072511,164.66411,16.070133,0.78285086,0.0124082565,0.75325835,0.9048221,28.443808
757929daf21045288daace15cb7c8426.jpg,11,38.337116,26.895847,11,38.33261,26.895814,0.50105333,0.22666895,0.72175807,0.0126248,0.69857705,0.81819725,0.22666895
759cdbc20b6e441faa315bcba5436e5a.jpg,1,50.406239,10.725955,4,48.878142,2.97675,582.9644,36.700985,0.6598777,0.016379058,0.6530402,0.74863756,663.8519
75bccb44f893431bafc91f6a23b04d19.jpg,2,39.992107,3.845867,2,40.006393,3.882051,3.4674768,0.3384423,0.77511704,0.056813776,0.74110055,0.911183,3.4674768
75c5038ebd3349e1a8a4109eea9ea35d.jpg,8,62.555558,11.321415,8,62.240684,11.767514,41.881516,5.6401978,0.7901808,0.013053358,0.7676518,0.8955694,230.56953
75f16653f96f4eed950276ca76831af1.jpg,6,63.547192,-19.744967,6,63.59552,-19.972527,12.478564,6.386908,0.819231,0.0009649396,0.7954345,0.91502047,50.34582
765a73b59fa943f28dc2bfb872c8142f.jpg,7,46.596419,12.720964,4,42.621449,1.822425,968.2013,403.4642,0.649974,0.03991121,0.62985003,0.7462591,980.3823
767bd67d442f419b8f5930b540f3373d.jpg,5,57.739604,-5.659865,5,58.065262,-4.982217,53.984535,6.9445367,0.75409317,0.031104326,0.7551371,0.79034036,101.731155
76b885c63b654ac78d9013396c6440c0.jpg,11,38.281585,41.098895,11,38.281309,41.098862,0.030824643,0.030824643,0.92229515,0.05400467,0.9095311,0.97335124,0.030824643
76d8168c7542409faafbdc7bb5914049.jpg,10,67.105587,20.9033,10,66.579899,20.477323,61.349728,57.58945,0.80892235,0.0009663701,0.79989856,0.87094057,79.622246
771a2536504d4d07b613dfe10113b783.jpg,3,62.07395,21.531548,3,61.633318,21.77482,50.63042,15.917414,0.9103618,0.019767106,0.8937468,0.9768218,50.63042
7733f7f72712448fb2c09213a6cfec87.jpg,1,52.228871,14.061555,1,50.516203,7.934416,465.80405,15.660633,0.77185196,0.038667023,0.7779975,0.74726975,465.80405
77c57c58a657484e93fb004d944d715a.jpg,0,55.34547,29.332742,0,55.35547,29.22418,6.9528384,6.9528384,0.80880237,0.10814738,0.79659426,0.87074494,81.24036
77c8e92b955e4e789b7a26a4815968f0.jpg,10,60.737041,16.555975,3,64.126339,28.06992,700.69037,300.35986,0.77768385,0.030213118,0.77041435,0.8832582,728.7119
78058608d2b447e99a6673e6db4eb6f5.jpg,1,53.762852,9.299304,1,53.673713,9.05853,18.68809,3.3514993,0.71428156,0.01578492,0.6902513,0.8104025,18.68809
7826090d1de44516aaa9051bde6ee107.jpg,2,41.613388,2.266637,2,40.056453,-3.612864,523.92865,15.787452,0.66523504,0.014766216,0.6220869,0.83782756,523.92865
78366bda8c774e63872ecc52031d5d12.jpg,2,39.857179,3.19553,2,40.73446,0.820519,223.79242,13.055827,0.5891437,0.01092273,0.55337846,0.73220456,223.79242
78676f39170840fc802f6dafce900872.jpg,1,51.671062,9.443881,1,53.147594,10.095165,170.02069,23.73428,0.8062566,0.015815318,0.7815479,0.9050912,170.02069
787a2f1cddb7494eabafefee6999ffa4.jpg,4,44.942239,6.568655,8,67.074285,15.380477,2515.4375,345.95834,0.690987,0.039171994,0.7177102,0.7090845,1659.0137
787c8ad2560f445aa1f85bf0b12f8643.jpg,11,36.633191,34.344399,11,36.373725,33.941007,46.177864,24.727558,0.6921166,0.0048165917,0.6808356,0.8107052,630.16315
78ad456b7cf6475c9340da6570d785f8.jpg,10,62.11729,13.215281,10,62.106702,13.385703,8.941649,8.941649,0.79480565,0.0019063354,0.7680423,0.9018589,8.941649
78e3310180de496cbf5cebe31864ab9d.jpg,4,47.543567,3.452662,4,47.554581,3.411008,3.3575494,3.3575494,0.7350776,0.008897066,0.7143426,0.8246119,553.28467
7913dec0cedb4f3e81fb57c249518255.jpg,10,67.773348,20.616517,10,65.442824,19.37279,264.88205,4.4023237,0.8320452,0.029993415,0.8234796,0.95207596,9.336382
79359d916cbc4b43b8bbca57bee8219b.jpg,1,53.463519,7.556725,1,52.989853,12.135383,309.24814,191.69772,0.7781123,0.008270025,0.77198774,0.8299769,421.2569
7947270b17c74e0ead67354790840d82.jpg,0,52.138815,26.096308,0,55.125597,29.793207,411.84442,0.093139976,0.8091156,0.007565677,0.78801084,0.8958777,324.01187
79ad47a32dd84107b5335c5d243d5ba7.jpg,9,50.530526,23.535872,9,50.485841,23.449191,7.8906693,7.3989725,0.8177822,0.017451763,0.7875434,0.93873733,7.8906693
79d17514920e4da8b84b9b61d9a844f9.jpg,1,54.06844,10.218448,7,41.090202,15.232416,1490.3667,239.77895,0.64642054,0.02109325,0.6409704,0.66822106,1490.3667
7a48ec4d2f9f424bb3aa7cd4b3509a8f.jpg,2,41.947239,3.124821,2,41.973599,3.028578,8.480532,0.39553463,0.7668249,0.012379527,0.754996,0.8692633,712.1172
7a7577f6ffd84504913f7e1d2273ba9f.jpg,5,57.583569,-2.810756,5,51.910685,-2.937326,630.8488,11.755142,0.65877575,0.026337266,0.67077285,0.69216913,1796.3829
7a772b4e605c4180aebfadc4adf28180.jpg,3,62.269224,22.606891,3,61.805713,22.312318,53.779728,53.779728,0.70501995,0.029896855,0.7237793,0.78085405,2551.5837
7a7f5a4cfcca450bb078da914e422836.jpg,10,67.143219,20.855925,10,67.100624,20.450622,18.149887,2.454044,0.8302168,0.004275024,0.8070766,0.9378134,16.782984
7ac425ae738d4a65b47758b157953051.jpg,2,39.394493,2.941892,2,39.39569,2.977685,3.078579,2.376015,0.8455969,0.061469734,0.8272394,0.92787576,3.3690238
7ad0c69479bf40ab8f8255598f98e6ac.jpg,7,37.625233,15.159198,7,37.742168,15.143908,13.072028,1.5678921,0.74058396,0.020828247,0.73896176,0.7636155,560.0645
7ad2794fd7294302900ee5b7589c771c.jpg,4,50.796974,2.746503,1,48.977213,8.075099,431.92087,393.97693,0.55479217,0.008335292,0.57828236,0.6271083,948.9952
7aee9a8802f1423f9fd28dcf895bd80c.jpg,8,69.278004,15.976458,8,69.27776,15.975718,0.039797314,0.039797314,0.96817565,0.05051905,0.9624116,0.9912317,0.039797314
7af0e6fa1d3b4c74a60f6b2569db0249.jpg,7,44.220399,12.373445,1,50.543333,8.101098,772.8444,19.485619,0.6666632,0.017870665,0.6871697,0.73663014,783.9718
7b0955b267bb449f9bd6cc2eda6f3516.jpg,10,58.555231,11.563833,9,49.777361,22.067226,1188.7603,723.05096,0.70167035,0.0066785216,0.7255678,0.69661283,1160.8795
7b7ebe491c0949b4b04b3ce720676622.jpg,10,58.555319,15.597105,10,58.379225,15.896588,26.205347,21.863018,0.79446304,0.043753862,0.77817774,0.88065505,33.344147
7b9d310c25c7427695a62de25f4eab06.jpg,11,39.632693,40.178891,11,39.609539,40.188321,2.69833,0.69177145,0.87860763,0.030880451,0.8627078,0.957495,0.69177145
7bb97f91b3d841d5af8fc2b55bcce73f.jpg,2,36.580595,-4.707666,11,36.265123,33.522441,3397.784,1235.3029,0.6673117,0.00024312735,0.63135695,0.8111306,3397.784
7bbb166f6ca24e8db9a56394b5f3b290.jpg,9,51.351261,22.736211,9,51.307329,22.695685,5.638418,5.638418,0.82937294,0.04638797,0.80554545,0.9481107,30.276712
7bd3b8d0b4a04f039355e34730f63828.jpg,8,69.443907,25.301104,8,69.439946,25.012518,11.2769785,7.256405,0.8720833,0.0045068264,0.8548625,0.94497657,7.339432
7bdbe31150b945178f762b6308ad7103.jpg,3,60.995724,21.981058,3,61.036514,22.07533,6.809785,6.809785,0.8539443,0.04995066,0.837701,0.9189172,6.809785
7bdf7280e6e54c20a8c01b81d5b8b102.jpg,0,55.114673,30.31978,0,55.517583,28.874466,101.834366,3.8906527,0.90457517,0.004704654,0.8933881,0.94932336,101.834366
7be413bab395454daf663a61614b49d5.jpg,7,40.817584,16.937368,4,48.8325,6.485613,1211.7748,627.0933,0.6055919,0.0028352141,0.57770324,0.73061293,1355.3922
7c47bd5ef3764b99901afc965911a924.jpg,5,53.067132,-1.490926,1,50.516203,7.934416,706.88544,602.7054,0.6752012,0.00050002337,0.65992594,0.7925344,1041.3936
7c7125c6eac84354881a8a9a1234c1ec.jpg,3,67.554637,27.897383,3,67.554351,27.900815,0.14913501,0.14913501,0.82621944,0.0057489276,0.7994883,0.9573074,0.20774618
7ca709b1cc044107a24911e34f9b22d6.jpg,4,45.134991,0.538277,7,37.742168,15.143908,1465.5029,563.0931,0.7108994,0.01047188,0.70129645,0.79552543,1453.1335
7cc3084d9ea5491ba06c24acd2f26abf.jpg,4,47.508065,4.3255,4,47.834133,6.434561,162.0235,1.4192154,0.69582736,0.0032695532,0.66252273,0.82904565,162.0235
7ce50282a30c4ba9b21e62c75c963cd4.jpg,10,58.908828,16.625953,4,45.218003,4.133522,1739.084,3.4865568,0.7390923,0.01472646,0.73790413,0.75949246,390.08597
7cfa80427f8c4e37ba1ce7902f38ae51.jpg,10,65.609963,18.981421,10,65.670617,20.250252,58.582115,0.7781488,0.77470595,0.02942437,0.74647593,0.911764,188.4412
7cfebcb32cab46558e3bbef9b293880f.jpg,11,39.537159,33.131806,11,39.550074,33.220289,7.7218647,7.7218647,0.83308804,0.07735902,0.8162874,0.9002907,7.7218647
7d1d206d7177419488aca9582357d5e7.jpg,5,59.101919,-3.326187,5,59.060786,-3.334604,4.598999,0.28934878,0.9153952,0.0048689246,0.90494967,0.9685682,2.071711
7d30e9f331654414b160bb6885c3db6e.jpg,0,54.19014,28.587532,0,54.596199,30.443418,128.349,9.481418,0.83140767,0.0027990937,0.8186336,0.9221618,108.54912
7d312676a7a547b8af1dbed122c99469.jpg,3,62.47935,23.604645,3,62.542066,24.046607,23.731731,11.00474,0.9236746,0.0021845102,0.91759104,0.97447956,223.35806
7d361abeb07c4c85b55751e9a56ace74.jpg,4,50.284515,3.662148,9,53.166212,15.520818,876.09863,237.01962,0.7398203,0.025009155,0.72544163,0.7973349,876.09863
7d4046cba4ae4406863ca2ca0dcd83fd.jpg,5,50.18545,-5.578729,5,50.199801,-5.534756,3.5136242,1.3222355,0.8213546,0.13209522,0.7993275,0.9094632,3.5136242
7d8e332668e3480b983c461b06d6e453.jpg,0,51.659761,29.120256,0,51.668967,29.12494,1.0734293,0.6910476,0.9209106,0.0022996664,0.91147935,0.97095317,2.0810454
7da79c7f50274af89a76ca3ce84d0243.jpg,1,53.915244,11.782163,9,50.721512,20.585252,695.0823,248.42175,0.6992569,0.020121038,0.6917886,0.8269017,729.77734
7daa10289fa44b048fbf7540fc4d40b0.jpg,9,51.044551,23.041529,7,46.815696,11.729931,949.2961,898.58545,0.63497627,0.030248404,0.625206,0.784428,1137.6934
7dabdd85d17140f093762d1604aa8f87.jpg,0,51.910855,29.797803,0,51.920187,29.714205,5.8269296,0.5908098,0.78300655,0.03507483,0.78391004,0.79837215,0.9302138
7dad8605721f49d48b887b49e7f0ce7e.jpg,10,59.705361,15.108296,3,62.294843,29.664285,833.658,57.263836,0.72382087,0.0032758117,0.69588673,0.8355572,833.658
7db606f3a36546c8af378f723adf60da.jpg,0,53.195771,27.524467,6,65.575295,-19.343319,2896.9163,12.152467,0.77957565,0.0050483346,0.80340916,0.7915001,2035.4279
7dbf219369154cf5a1b4b84ab10d2355.jpg,4,49.673245,5.081747,7,44.531121,9.158908,649.505,93.59313,0.63813007,0.011666417,0.6399555,0.7018731,276.08807
7dc400f4e6ab49ab9496bad354e760a1.jpg,8,60.347274,5.244383,8,60.345641,5.245126,0.18612546,0.18612546,0.78735536,0.048332512,0.76298475,0.8848378,0.18612546
7dcd72b0ed384a109d3ab17d75a92d26.jpg,2,28.661902,-17.816287,2,28.771155,-17.96012,18.55598,12.8347025,0.6735247,0.0224697,0.69461083,0.7842239,5324.014
7dd13a1f978d40d3a87a4e43fa5a034a.jpg,2,41.058264,-6.453487,2,41.618882,1.510704,667.5843,6.649568,0.7080704,0.0038855076,0.68575513,0.81709874,593.2337
7e43b1f8ba914a26bc6e8dca866d8678.jpg,7,37.267371,14.938757,7,37.267891,14.939691,0.100868255,0.100868255,0.9059962,0.057833254,0.891236,0.96598494,2.153413
7e5c5c1f8df846a1b4965e94c386b11d.jpg,1,53.211736,9.550637,9,51.943577,20.214282,733.4957,61.80838,0.76424164,0.0222677,0.7581815,0.7884821,733.4957
7e6fb5afbfc94871b5f7faa17e527e31.jpg,4,50.545104,2.475844,11,39.448099,31.570281,2575.6921,1180.56,0.6484825,0.020884693,0.6107382,0.8400768,2503.823
7e7e640f51464c5198caba3640fb7310.jpg,1,53.444042,10.894591,1,52.857153,7.809499,215.81177,11.323577,0.7509339,0.009588957,0.7353398,0.8579467,74.874596
7eb4848bab5447c19d3bb5df6914c432.jpg,2,43.379525,-4.065546,4,47.785803,5.592106,896.1651,830.9364,0.69166636,0.00630939,0.6928669,0.80812,1397.1991
7ebb453e1a194219b33897fa326f461c.jpg,2,42.266787,-0.679079,2,42.248432,-0.648802,3.2209435,3.2209435,0.64505637,0.011278987,0.6308114,0.7437396,43.891277
7ebf95132d5b4186b44f32aa77330a85.jpg,0,52.797969,29.406642,0,52.795608,29.407099,0.2643235,0.2643235,0.88211316,0.022884488,0.85960597,0.9721418,0.2643235
7edc350776184f9cacf382263c5a38b2.jpg,5,50.539184,-4.70958,5,50.508131,-4.746179,4.3147364,1.2317142,0.86643356,0.02190268,0.8459028,0.972326,3.3631585
7efff6a6ef5045ef9c3bdea17bfcb417.jpg,1,53.250157,11.54703,2,41.660931,-2.504293,1660.221,934.9723,0.65009844,0.012439966,0.6435367,0.73290575,1228.6394
7f0d6c1f9ddc42d2afb1fd58f6db6a76.jpg,11,37.811449,41.229488,11,37.567868,41.379056,30.113203,9.482353,0.8529746,0.06575507,0.84451765,0.8868023,30.113203
7f2f5ea4250d49738f10dc946edd7dcf.jpg,8,66.315559,13.292764,8,66.316632,13.297645,0.24852742,0.24852742,0.9029145,0.04355383,0.88574064,0.97160983,0.24852742
7f8e58e187a54e3199ec30580d57883f.jpg,6,63.946844,-20.682292,6,63.911098,-20.603066,5.54875,1.3856207,0.88020533,0.032182217,0.8664525,0.9352164,5.54875
7fcfc6752f7a4546ac032a76345ddb12.jpg,11,38.993816,30.961527,11,38.584397,30.226801,78.2792,3.275452,0.91790265,0.045526505,0.9010261,0.9854088,78.2792
7fcfe6bdbd5644c597d195beb496d540.jpg,8,68.419775,18.685813,8,68.354185,18.808385,8.854057,0.17679311,0.72080934,0.031241655,0.7241004,0.75316584,0.17679311
804fae2f48e0416c93af5cded9f70974.jpg,9,50.645644,21.072279,4,43.710767,5.597279,1396.6627,748.43787,0.6559943,0.016103983,0.63017297,0.7592795,1396.6627
8062ea74be7c46f19767f21b52dda5fb.jpg,5,55.442724,-2.446593,5,55.369446,-2.513646,9.182162,9.182162,0.7979712,0.020262182,0.7787261,0.8951082,48.995132
807dcb258ca04609988d53bea6e4e178.jpg,4,50.90448,1.80958,9,53.166212,15.520818,969.3481,401.13782,0.6458974,0.025068283,0.62772167,0.78944457,799.72845
80d7bf9652654dcaa3aa9e3d15b967a9.jpg,0,55.291132,29.619615,0,55.296359,29.610909,0.8010112,0.8010112,0.7814264,0.062518716,0.7813171,0.78186363,0.8010112
80dc873a9f724c7a97c7dad6322330a0.jpg,7,41.876557,12.378809,4,44.986662,-0.745127,1113.2493,29.934223,0.71137875,0.006480217,0.69547784,0.8559274,1091.4353
8114ea8dc537487c9f21729989a37fee.jpg,7,41.429254,15.599621,7,41.437702,15.607738,1.1577228,1.1577228,0.8078651,0.021153688,0.80315375,0.86173946,90.79057
816cee8006a3466ebe5e9bd134b23941.jpg,4,49.131304,1.254226,5,55.918652,-4.857573,859.7932,93.59794,0.69158417,0.035707533,0.7127636,0.7082542,2808.5566
816f37f14a19454bbe4d5fc204d6dea5.jpg,8,67.651837,12.595054,8,67.65252,12.595429,0.07758357,0.07758357,0.8201904,0.13706517,0.79707605,0.9126478,0.07758357
817eb5392add4aa790a79d986e17ca6e.jpg,6,64.910588,-13.742746,6,65.588691,-20.650596,330.12225,2.6929154,0.77696455,0.03171599,0.7692504,0.86216664,473.19717
81b0e55831024a5ba5b6d80bb77f08b8.jpg,4,43.786895,-0.936213,7,40.491209,16.290735,1463.9305,20.08858,0.7671341,0.023669362,0.7644374,0.794617,1477.9441
81b10f8706774973b82e84e4d0231a05.jpg,6,63.945431,-16.807802,6,63.948635,-16.822398,0.7968994,0.33689186,0.8664183,0.036413193,0.8454206,0.9504092,0.7968994
81c2782ff2de4821a7b203eca539fb49.jpg,5,50.135329,-5.307912,5,50.163039,-5.307379,3.0814497,0.03558268,0.79446703,0.038341403,0.769498,0.9089589,9.560652
81f7a7c50ed445b3ae52fe821a2d8823.jpg,2,37.809949,-0.880417,2,38.313329,-1.482958,76.913795,5.4592986,0.79499596,0.05405605,0.8004727,0.84104013,45.999886
81f7b007d2244fdf97c70e798b541ac4.jpg,6,65.817323,-17.552908,6,65.848367,-17.492047,4.426293,1.578564,0.8029214,0.00014352798,0.7824624,0.90860677,256.22406
82014ae6a43a4092bd161da9cc86533a.jpg,2,42.018403,2.707649,2,41.990718,2.75894,5.2381372,5.2381372,0.6201257,0.007661283,0.603431,0.7449707,23.56617
820e5f36b49940fa8f92ffacfc02c1ff.jpg,4,43.988064,7.54734,8,60.814143,5.803621,1874.5497,495.1206,0.6820845,0.02130562,0.6561843,0.78568506,1874.5497
82182e486a93418c9ab08038886d227a.jpg,2,43.220112,-8.985345,2,40.765362,0.561859,834.31177,10.483268,0.6381135,0.0040471554,0.6262293,0.7630397,979.1637
821b52a8ec064350b21399255ea4175c.jpg,6,65.632626,-23.267904,6,65.631008,-23.291513,1.0979962,1.0979962,0.8046659,0.030355096,0.78255713,0.8931011,1.0979962
821c4db0e35d4d379583653128c7e316.jpg,8,61.846566,8.598131,1,50.49465,12.382914,1283.2933,13.849117,0.59605116,0.006287694,0.57998526,0.6924918,1535.7125
824306886a7a46df9accc061289a4e4a.jpg,7,43.690431,10.468323,2,37.891619,-4.723106,1429.24,62.671036,0.6740505,0.009579003,0.6783985,0.83468676,1557.48
8299e0f9cd8b450ab631738410712ca9.jpg,6,65.937757,-14.83553,6,65.896257,-14.829971,4.6214843,1.1934533,0.88605005,0.024642646,0.86791754,0.9676061,1.1934533
82caa7b9a8ae468b8338ed2d32c82e9c.jpg,5,55.781039,-4.453462,5,51.852888,-5.100313,438.84494,14.812025,0.794139,0.052931964,0.7602527,0.9296843,438.84494
82ccc41c692146ff922bea2b6668b80c.jpg,0,54.632033,30.506119,0,54.538322,30.18654,23.078876,23.078876,0.8196242,0.12659359,0.8114096,0.8524827,23.078876
82d5a904db924e048b4cb8cd2364e60a.jpg,9,54.357282,19.679806,1,48.977213,8.075099,997.1682,407.96228,0.67920744,0.009883285,0.6838526,0.7684852,812.0549
82ecca74bd1345a590dba9a9fb8cf32a.jpg,1,48.137174,7.951792,7,40.46751,18.178468,1176.8373,57.049053,0.70072925,0.002044201,0.6964719,0.7590445,1098.0892
82f26707093e47cf8349fb36db15525c.jpg,0,53.057885,29.463351,0,53.044577,29.567911,7.143677,0.3441778,0.928595,0.017149687,0.9218572,0.9640899,96.36831
831da0efd39c42b894059cadd55db8ff.jpg,0,52.316614,31.368534,0,52.212593,31.531959,16.046064,11.072437,0.88914514,0.004351735,0.88436186,0.9602984,170.71077
8329c0f3c4734d5aab6a5d6cf972211e.jpg,6,64.847656,-22.667702,6,64.839332,-22.576228,4.421768,4.421768,0.9297983,0.04101783,0.92272437,0.958094,4.421768
834bf5a7f4f5447a963e1895f2f03e3f.jpg,5,52.743821,0.433933,5,53.192242,-0.6244,86.655846,27.410622,0.8393386,0.018550754,0.82689923,0.9273472,41.595688
83569ac696f44ea8bc9c6ee052bbdf8f.jpg,3,63.778483,29.406286,3,63.835635,29.464602,6.9698286,0.46332598,0.89145076,0.02325344,0.87807775,0.94494283,6.9698286
8359204c3d814998b3eb539a181eeb78.jpg,1,50.479003,12.973328,2,41.332482,0.810697,1382.1669,618.53827,0.7267003,0.004380822,0.7496442,0.80666935,1117.2833
83869dda68554de8accc0137cb682ce2.jpg,6,65.827414,-14.842555,6,66.025335,-14.808961,22.060526,4.6332216,0.8408387,0.028985143,0.8282923,0.9026902,5.7331023
8396fa1ae1204d94b46152f8ca55843a.jpg,1,51.359374,9.902927,7,42.55573,14.112832,1029.2997,55.217457,0.62545234,0.028998196,0.6418067,0.714643,1092.3008
83ca0214f41f4fd4a270f95d8eb3e14b.jpg,5,53.621937,-3.047574,5,53.684229,-2.774966,19.254501,19.254501,0.6852202,0.05187112,0.69496036,0.72545916,242.37805
841185386f764350a5168743ed15e524.jpg,8,68.557179,17.222902,8,68.391602,16.641245,30.0356,0.9988616,0.805507,0.029869676,0.8031402,0.88032115,31.502537
8445462cbc5c43a4b10d13d9e1bc5882.jpg,8,61.386876,8.810942,8,61.375302,8.813035,1.2917906,0.14038257,0.76234484,0.10418093,0.7907764,0.7555058,17.385588
8483a9fed25b4fc49503f4cff9d08276.jpg,4,49.13933,-1.336914,4,49.011569,-1.428763,15.702909,8.983268,0.6889745,0.025238693,0.66095257,0.81166697,8.983268
849af21c1b894bc9b0fb0eb559475789.jpg,5,50.374954,-4.44263,5,50.372257,-4.444762,0.33585173,0.33585173,0.76654327,0.08637029,0.7569071,0.8710635,66.50612
84cd825216154424bb212dc76254f5cd.jpg,1,51.07726,10.10035,9,53.051852,20.436047,739.1075,388.2991,0.6588594,0.017172933,0.6464199,0.7086172,739.1075
84d9cfb1006f4382a3706e3fa30ef6ff.jpg,2,28.982436,-13.744076,2,28.986756,-13.741806,0.52867776,0.52867776,0.83568186,0.14401275,0.81799465,0.90643036,0.52867776
84f643a5d70d4dae8e68f6989eb509d3.jpg,5,57.782351,-5.037308,5,57.488961,-5.28596,35.823795,7.117491,0.72868824,0.018236756,0.7136544,0.82869977,7.117491
8529017f9e06438caa2ab10c074068da.jpg,2,40.451703,-4.685186,2,40.453107,-4.687721,0.26529387,0.26529387,0.780058,0.08151537,0.7906209,0.7378061,0.26529387
852cd3d35aca44f1be70dfbe75f8f740.jpg,8,61.861721,6.095785,8,61.753985,6.275076,15.238807,3.1081812,0.7970607,0.027524233,0.7685416,0.9468853,29.925516
8533aad7b67b45c5850d19b560fa8e2d.jpg,7,40.935194,9.314385,7,40.930937,9.36785,4.516211,0.3167405,0.8528568,0.02463907,0.8252957,0.97205067,6.484588
8535e3a6fe464fe69f23050d087d3415.jpg,3,65.491232,28.701995,3,65.579642,28.919944,14.048932,4.325858,0.8609835,0.029337287,0.86006844,0.87356627,33.80063
85437818ce7d4ce788e6db2cb9bae219.jpg,0,53.093124,30.308757,0,53.985837,30.465967,99.80733,2.9821088,0.8221758,0.00826472,0.7862088,0.96604383,99.80733
855851cd6fd34993902ebaf3b4d857e5.jpg,5,54.551251,-3.211184,7,40.647544,17.316788,2166.068,195.60912,0.7380218,0.02504003,0.7234622,0.7962599,2166.068
85610ffaf87b41f59cb300b64a697f00.jpg,5,50.170414,-5.328276,5,50.141467,-5.395962,5.7977085,1.6993847,0.72927856,0.02453208,0.71923816,0.79590005,26.983583
856d90f024c44dc9a253c000a65ce77a.jpg,6,63.840899,-22.423927,6,63.850377,-22.440329,1.3255241,0.7489136,0.66079193,0.012555897,0.6565078,0.7427217,1387.1708
856dcf002141473480339195b8b477f1.jpg,3,64.048022,25.791236,3,64.344708,25.877472,33.253017,11.5398655,0.94478166,0.0056005716,0.93529236,0.9827386,33.253017
857a30a4dbc14250ae217fb2a2e70421.jpg,9,51.480548,22.084133,9,51.491333,22.06491,1.7916011,1.7916011,0.7067095,0.011218071,0.6647717,0.8744606,1.7916011
8589e97d80474ec4b2c33fa57a4b03a5.jpg,11,39.697756,34.394158,11,38.252436,41.018467,594.5996,13.001351,0.736281,0.038612545,0.76588714,0.784435,13.001351
85a6422d6bc545918a7007b70bbb4381.jpg,3,66.726201,25.454301,3,66.661498,25.438167,7.2295833,2.9184318,0.81581783,0.017148137,0.7885649,0.9323658,63.208332
85baeb45dc534952aad9d84e2781c463.jpg,6,64.838096,-13.807728,6,64.835651,-13.811599,0.32773575,0.32773575,0.929011,0.0141656995,0.9159285,0.9813409,0.32773575
85c1238742374f06ba5a828526050858.jpg,3,66.075353,28.460163,3,66.909681,28.806228,94.033905,4.5487347,0.67168605,0.02012688,0.6507463,0.8331039,474.95346
865f1e8cf5324b1b8b44612988ca1e07.jpg,7,44.543646,10.942637,7,45.621394,9.605065,159.33861,3.8519552,0.7113194,0.022319853,0.6771498,0.84799755,159.33861
86684afc29fb460f9498380b5b8615d3.jpg,7,44.446661,8.076016,7,44.456561,8.044564,2.7284555,2.7284555,0.7925838,0.060973763,0.77886796,0.8557392,227.14365
8693964882e24829a766415a02ba6982.jpg,10,67.969163,19.963645,10,67.969906,19.962094,0.1049317,0.1049317,0.9477224,0.05050254,0.9408953,0.97503066,0.1049317
86a322bdd5f243159d9212cc083d239d.jpg,6,63.847865,-22.42704,6,63.847514,-22.420016,0.34645322,0.34645322,0.83842564,0.15190417,0.82438534,0.89458656,0.34645322
86b6ffe1d7dd4c3c994ddb20257ad2d1.jpg,0,55.391993,29.086734,4,48.341266,-1.720121,2233.6243,268.193,0.6395764,0.0027226806,0.6099347,0.7836957,2195.1997
86c46e8f67824cc7811166648f5e3174.jpg,7,40.598784,16.978595,7,40.598043,16.993397,1.2524348,0.8807603,0.8143447,0.14676982,0.8171999,0.802924,1.2524348
86c7743d6e064b778e7af55450128e68.jpg,2,39.467666,2.899223,2,39.473074,2.895959,0.6634082,0.6634082,0.8094718,0.0038670897,0.78595215,0.94161594,12.481773
86d9ae910e0e462797a87e642e53a8f0.jpg,4,41.740019,9.405671,4,41.832903,9.403586,10.32969,0.5408159,0.86251247,0.0013723373,0.8381578,0.9613059,0.5408159
87051d18f4d043f3ab592226b89b60c4.jpg,8,62.903278,7.482746,8,63.057982,7.638123,18.90831,12.553689,0.7141117,0.043519497,0.6848569,0.83113056,18.90831
8716709bd75d49629b6db0dc86780736.jpg,2,37.362366,-3.824284,2,37.557241,-4.051856,29.546888,2.5040994,0.7794211,0.0147807,0.7737202,0.82855093,14.672563
87217a087f00471aa61bdd3915239220.jpg,7,46.672239,11.674572,7,40.559835,16.411502,778.983,123.08695,0.636242,0.010738373,0.6188677,0.7605023,1570.4717
87232e47e9a7470eb6f3e5b98d764971.jpg,10,56.528036,15.126717,9,49.885012,21.584136,853.89514,2.7919183,0.63134605,0.0009819865,0.6256,0.7505868,1430.3922
87256039f750448583db12c56685fe6e.jpg,5,54.701701,-6.100977,5,53.204829,-3.022187,261.2757,28.692705,0.6272171,0.0003336668,0.60697204,0.7518914,333.69244
873fc2ebdd634823a10e73cce7932699.jpg,7,40.59346,16.157511,7,40.599087,16.174433,1.5597568,1.5597568,0.8472169,0.10094851,0.82591736,0.9324151,1.5597568
8772ffa234584c86a9801cf688c63747.jpg,2,42.764643,-1.10566,7,39.408588,16.014914,1479.708,54.573334,0.7230232,0.0062092543,0.7107551,0.7720952,1479.708
8796b176059f45f2b1cd1b042c3fc8b4.jpg,7,41.836047,12.798332,7,41.851262,12.786974,1.9358505,1.6040199,0.8285718,0.021176457,0.80058706,0.9405105,1.9358505
87a9c80df4354589b2f4b9581ac26b5f.jpg,0,53.769295,23.839714,0,54.160862,26.455054,176.52103,4.2348485,0.8578014,0.013142049,0.84505785,0.92117643,133.62198
87b8cea675344184835c758c98044e00.jpg,9,50.002377,22.262985,8,68.831645,17.373688,2110.3303,15.012807,0.6230945,0.008140504,0.60980237,0.69185823,464.16324
87ba00ec71164ced8f45220b713b0c2d.jpg,8,68.913339,17.738911,8,68.908077,17.759884,1.0229896,1.0229896,0.8615227,0.0635308,0.84842074,0.9139303,1.0229896
87be1b84ecd34e8ab696d03565835290.jpg,5,51.808049,-2.016484,5,57.139504,-2.795045,594.9515,56.909615,0.7210846,0.0067417026,0.68818486,0.8526833,594.9515
87f34c027be84da8a3df5a622129a27b.jpg,7,37.742061,15.140207,7,37.729181,15.162413,2.4216528,0.32564697,0.6465252,0.0058168173,0.6475812,0.70852846,12.336154
87f66045df064abbb14942a0b4e23c20.jpg,5,50.579372,-4.873813,5,50.532992,-4.809237,6.8853717,0.41395453,0.77203757,0.0011911988,0.7495876,0.8824465,7.1117573
882e2847eee9464899fd6b57780fdf52.jpg,5,54.451617,-5.530446,5,54.517056,-5.548987,7.374402,7.374402,0.7869483,0.004271686,0.7608366,0.9025352,54.022224
882e31cca3e0417baa36718550539b91.jpg,1,54.531682,9.825026,7,46.171858,13.020062,956.5526,3.6849744,0.77376026,0.016364634,0.766828,0.8014893,956.5526
882e9df534454c4e88b71939831296af.jpg,11,37.712231,39.280617,11,37.619433,39.161097,14.736025,14.736025,0.7198462,0.009559035,0.7375452,0.7294573,2803.8347
88437aed33944aac8ca89e7c0dd62c73.jpg,5,50.375498,-4.618852,5,50.833724,-3.799671,77.05948,0.2346443,0.8083347,0.0053304434,0.7770567,0.9680708,28.551165
8849482ec0454036b092664b8e02339d.jpg,11,37.224303,39.85981,11,37.223707,39.870056,0.9096191,0.9096191,0.8529,0.006170094,0.842855,0.9202776,15.101772
88577de2d15c4c408be34ecab5c9af80.jpg,7,41.177412,9.278804,7,41.215209,9.245403,5.047169,0.07093544,0.8424301,0.0013920069,0.8321767,0.910238,31.656624
887398f6a3af485b9475271c55ccf063.jpg,8,62.94322,7.20125,8,62.839373,7.233919,11.665318,7.8809285,0.70603216,0.03952992,0.6944034,0.8346195,803.41785
8875b3ee497a4d618f172b70d5c4efca.jpg,2,42.177951,3.033926,2,42.131636,3.064628,5.7382665,5.7382665,0.7987896,0.09302932,0.7828296,0.86262965,5.7382665
888032c378e24c7b873862d7facbfcc9.jpg,6,65.914164,-16.396201,6,66.084803,-15.145187,59.676414,6.328325,0.7637977,0.020751595,0.73921674,0.8815268,34.192448
88804c1dc28e4823a352b237b3934c8e.jpg,0,52.37505,27.460804,0,52.481454,27.475619,11.874164,0.26702097,0.8984805,0.017119944,0.8852118,0.951555,11.874164
88ab955fb447459fbbd1c440734d2673.jpg,8,68.795455,16.537051,2,41.627697,1.028547,3155.5117,11.275368,0.6579989,0.01846528,0.6351378,0.78569084,3290.8691
88d203a33d9341bdb3dcba89708afe23.jpg,6,65.279291,-14.43447,6,65.649107,-16.734022,113.85846,0.62394434,0.766383,0.0026273131,0.7530824,0.877964,20.698364
88d49067ff914c3ab7170250d1c56901.jpg,10,62.065021,17.136773,10,62.170708,17.158308,11.805108,8.968933,0.7512213,0.0025023818,0.75033873,0.7690078,580.5301
88d9e7bd557e4a019c557d760678e346.jpg,10,57.520359,18.372938,10,57.51573,18.373488,0.5157688,0.5157688,0.67431724,0.032866538,0.6556778,0.7553943,627.95294
890ba1cd285b4001a2fe5e889ca6c504.jpg,6,65.046489,-22.349808,6,65.007627,-21.919515,20.657299,9.080558,0.7847497,0.003119409,0.7742801,0.83720154,15.738585
890cab81d2e342f9875447a4e10946f4.jpg,11,41.167039,28.391396,9,52.059005,21.261986,1326.3813,1049.7517,0.70925313,0.06173551,0.72407436,0.6599499,2171.7158
8927d92b64e6438b8bb58faecd2459ac.jpg,8,68.522875,17.154944,8,68.562618,17.57135,17.504686,2.66102,0.7810578,0.0073375106,0.763457,0.86048317,170.13007
893bbd90459748c983c0e51663ca16bf.jpg,5,51.650422,-2.371041,7,43.754894,10.763988,1314.3528,7.80352,0.6808995,0.0062959194,0.68562144,0.7869942,229.90208
893f8c3d238c44e3b8777b1610aed456.jpg,10,66.436399,20.533514,10,66.483439,20.280697,12.386267,2.5670357,0.8823978,0.0036994815,0.881011,0.9054586,39.00871
898be4c2ea314797a20881c849417516.jpg,4,48.342153,-4.576636,11,36.88162,28.636747,2971.233,956.4913,0.65526915,0.026803553,0.6436423,0.7378199,3252.1125
899d1459a151443f8265999832ce421c.jpg,0,55.032563,29.304935,0,55.103895,29.695055,26.074717,6.748613,0.93758875,0.009981334,0.93038225,0.97895414,70.22525
89b73b9102dc46508c6ba0be13d169d9.jpg,11,38.578091,30.216227,11,38.584397,30.226801,1.1560636,1.1560636,0.8804875,0.02994281,0.85965264,0.96533453,76.15961
89c6d7d9dc61441da12b7e6480e217ad.jpg,2,42.709318,-9.015408,2,42.154682,2.073288,911.4858,669.158,0.6406003,0.00046783686,0.63212544,0.77159685,994.3074
89df2531d39f4befaf862be50e246295.jpg,5,56.85582,-5.030483,5,56.98482,-4.873062,17.234669,10.96002,0.72273755,0.00036609173,0.72548324,0.73084164,10.96002
89faeb4e1cb94c1d883b94eaecfd84ac.jpg,1,51.465042,13.180692,1,52.006026,14.16109,90.422646,17.806747,0.73271513,0.015051603,0.72385174,0.77755654,817.41095
8a02caa054114e00b05eaab7299ced66.jpg,3,61.70945,28.033044,5,55.613174,-2.110475,1849.7363,1752.2365,0.7224586,0.0012508631,0.68160725,0.8858639,1849.7363
8a28c6fa991b4ecc951c0fe2ec9fbcc2.jpg,8,68.375271,14.460021,10,67.830541,19.621827,222.38559,5.4028897,0.7551361,0.03207183,0.7183492,0.90228343,222.38559
8a3c95fa18314f26963ebb46b2df5447.jpg,11,37.078024,35.361869,7,40.936322,9.471971,2269.0852,499.47852,0.74976003,0.0636909,0.71958053,0.8704778,2269.0852
8a4c6865109b4219883d6032fdfc4cde.jpg,6,64.499487,-14.478084,6,64.500585,-14.480743,0.17637675,0.15437669,0.93139994,0.0017926693,0.9213729,0.971508,0.17637675
8a4e43bc925b4780a2ecc38a6d3c0599.jpg,1,51.192832,14.551046,4,43.719975,-0.392368,1393.0903,113.108444,0.6330601,0.0053493977,0.6279648,0.72173023,1422.2819
8a646525236342f19285e58126244ae0.jpg,9,53.018656,20.452052,9,52.922097,20.516812,11.579599,1.8405998,0.83302426,0.06710613,0.81625235,0.90011173,11.579599
8a91ba79d19c4e268e913cac4e12115d.jpg,0,54.187906,28.532601,7,45.042879,11.54058,1584.2758,6.9887824,0.66395926,0.02527529,0.6661801,0.7149025,748.0004
8ad4cecb9fa04f06a171f4119b17b06f.jpg,5,56.717557,-6.059076,5,58.040677,-5.24709,154.96364,1.0289526,0.79204637,0.016999662,0.7646944,0.9327652,97.7391
8ae12a3554ef4100b318f2acc9b3fc93.jpg,7,40.869272,17.40883,4,47.969539,2.282805,1433.5869,676.85077,0.7198204,0.016174078,0.71666443,0.77988577,1108.7855
8b03e1427df04619b784431aeed7bc62.jpg,6,63.849947,-22.372982,6,63.852085,-22.36296,0.5456364,0.5456364,0.84349686,0.016214073,0.82565296,0.9148723,0.5456364
8b0560f1d9474a81b6c14c4a5b4e7fce.jpg,9,53.123049,19.517809,1,54.409451,13.46609,422.52487,237.62029,0.75689715,0.0109190345,0.7360136,0.8722888,602.3281
8b1061bc672a4af39af7aa3a110abd92.jpg,7,46.509899,10.375653,7,36.833029,14.727737,1134.6409,212.28995,0.6375185,0.014836967,0.6475871,0.7511654,450.54547
8b20d3539e2a4c34aac25d0930642440.jpg,4,48.240707,5.480299,4,48.524769,6.227074,63.554073,8.481709,0.66229886,0.024808884,0.660231,0.7225214,293.4203
8b21ae914b4640b6b46e22481e74831e.jpg,6,65.866301,-23.325932,6,65.988457,-22.943558,22.028957,3.4110148,0.7899873,0.030385256,0.7815144,0.823879,22.028957
8b252b72c04446109dd3cf3af18168f8.jpg,11,39.604715,40.184767,11,39.609539,40.188321,0.6167899,0.6167899,0.9162992,0.045064032,0.9014747,0.975597,0.6167899
8b323c2b18fd4acb8980b396ec95d685.jpg,4,49.468449,1.036082,5,50.64581,-4.105804,389.62497,30.59384,0.6061668,0.012567222,0.6138234,0.70414764,846.41504
8b5d4be6b14e4bfd92d262a5e593241c.jpg,0,52.222396,27.867509,0,52.212889,27.864871,1.0722986,0.39289302,0.87852615,0.05984938,0.8631661,0.93996644,1.0722986
8baf8260c36a417d913eecadb7e16d41.jpg,8,68.439475,22.47126,8,68.441166,22.477791,0.32645234,0.32645234,0.93294334,0.029989123,0.92257607,0.97441226,0.32645234
8c12e2a32c194381b1e3e6fd8f8b0ecc.jpg,0,51.934283,29.55821,0,52.281076,30.30096,63.717945,1.4047787,0.77995217,0.0032494068,0.75148547,0.8972847,118.26394
8c34a9143c9a472a9bb283310ee0952f.jpg,4,44.16342,-1.031942,4,44.161989,-1.078002,3.6775293,3.6775293,0.7458075,0.012942374,0.75261647,0.83045095,450.06268
8c4772c7b2ef41b1bb59b8e61955857b.jpg,1,47.691755,9.253587,1,47.692513,9.250256,0.26317716,0.26317716,0.899151,0.25453603,0.91218233,0.8470258,0.26317716
8c4cd664baaa4ad68a7942afe4f60eb1.jpg,2,42.489206,-6.440836,7,39.446695,9.641534,1389.6665,480.35355,0.60696006,0.005557716,0.6063383,0.70718724,3523.0806
8c76ee99183242448dc03f4c516bca3a.jpg,3,65.929477,24.620006,3,65.928897,24.619141,0.07548746,0.07548746,0.96298903,0.013668239,0.9561053,0.990524,0.07548746
8c7fcee57b6a4a60a90c0090a3af2ec9.jpg,1,53.014535,11.179931,1,53.612949,7.85119,230.90263,8.253753,0.75011873,0.005258739,0.77043396,0.7669605,361.02783
8c8eca06a9d9462cb236e6ac8e6abdf5.jpg,6,65.938213,-18.404188,6,65.937498,-18.401524,0.14459738,0.14459738,0.9617133,0.032152414,0.95386404,0.9931102,0.14459738
8cb44f683bca416292efad8e93d31b1a.jpg,1,49.423292,11.185826,1,52.356261,7.303027,424.7719,141.90718,0.6800224,0.005581796,0.6549186,0.8218212,474.46146
8cb9a02126f84d2ea0012338f02e2868.jpg,6,65.854988,-23.318098,6,65.611402,-22.802872,35.888844,0.26704985,0.8560793,0.006485164,0.841224,0.94253135,22.616575
8cf201eded7044658311436a847587d2.jpg,10,60.1992,16.592087,10,60.065633,16.139518,29.1312,0.14844872,0.69743836,0.024837852,0.66851497,0.8314825,142.07541
8d002b3fdc074969b18287aba20cbd0f.jpg,10,65.230798,19.511493,10,66.998655,19.844396,197.14685,5.1822944,0.89246476,0.025207996,0.870795,0.9791435,197.14685
8d10d305750340a4b1a37aef1536d98d.jpg,7,40.934013,17.173062,10,60.414853,14.779892,2172.38,196.34665,0.6684177,0.026259005,0.6771101,0.63482153,2172.9092
8d14d9d5ec04444294f095decf1a61d0.jpg,0,55.866851,28.605033,0,55.862421,28.605279,0.49283332,0.49283332,0.8439264,0.0037700534,0.8271303,0.94348544,42.349106
8d2357072ff94d5c8c699e5af11c9a0f.jpg,11,40.964481,40.534978,5,52.624791,-1.411929,3387.9238,2576.3054,0.6055996,0.01013726,0.59045994,0.7689431,3430.667
8d53bb2f84bd4af584f34742762b4578.jpg,9,53.351449,19.228265,9,53.420427,19.543763,22.285057,11.034287,0.73610175,0.010189176,0.71495175,0.82070166,22.285057
8d5ff6b7a7cf447c818eb28f0c8879d6.jpg,7,38.048346,13.376082,7,38.023083,13.361467,3.0869927,3.0869927,0.7347425,0.010205269,0.71819746,0.83186877,117.52919
8d70df6ce83e450ca018c5f963406c47.jpg,10,61.765973,17.165021,5,55.748647,-5.050611,1435.4417,19.149748,0.617864,0.015012145,0.59976065,0.69614285,1210.5828
8d75a469716b42b292f9e2ef408e6644.jpg,9,50.631738,20.773438,9,52.806897,21.16421,243.35933,9.732032,0.6703483,0.030916214,0.6428578,0.7978042,234.86707
8d77528bde0e4816b5c45fee10e90d53.jpg,3,61.782048,29.845352,3,63.017775,29.71258,137.57681,4.691724,0.86202925,0.023297787,0.8532151,0.9347223,157.06784
8db23d233ada4f14967df8a31939fcd4.jpg,11,38.564305,33.235199,11,38.756186,33.089389,24.809683,16.726828,0.78463554,0.040648878,0.7609931,0.87920505,24.809683
8dbe933f34b04aa299cddde5059e39b7.jpg,6,63.662148,-20.106536,6,63.463536,-18.610843,77.26675,0.34108478,0.81330884,0.009509385,0.7956922,0.8837755,77.26675
8ddedbf716ba405c95bf257305348a64.jpg,7,40.991622,9.138444,7,40.987765,9.134418,0.5460073,0.5460073,0.87870383,0.047726274,0.85635066,0.9681165,0.5460073
8de6da23c9ee4268bca1a2d25094c7d6.jpg,8,62.446761,11.399143,8,64.736661,12.827589,264.22705,4.0853357,0.8057545,0.04709977,0.79546,0.88120484,409.95306
8debe4811cb74b4f9ca0a8e83015d121.jpg,9,49.787482,22.117257,9,52.900615,19.226635,400.09872,3.7642825,0.6696412,0.00977999,0.65398717,0.7857063,487.6657
8e1412518e5842e2a1d0c7ba343f9157.jpg,0,55.260661,30.112753,0,55.264923,30.112058,0.4759549,0.4759549,0.86284816,0.17850095,0.86301255,0.86219025,0.4759549
8e1cc8261cb3458f86d709557a3486da.jpg,8,58.991888,6.927006,8,59.013299,6.895682,2.9809139,2.9809139,0.82799816,0.008649945,0.80143017,0.9568009,51.667736
8e2396450f1f4734839c3e5f2887828f.jpg,11,38.57407,41.121955,4,43.040346,2.834333,3231.9875,12.983327,0.71447337,0.007417679,0.70746136,0.79853946,3469.5325
8e2a2fb6bb0946f8b04d2fa9bf172220.jpg,11,37.715281,30.255341,11,36.844217,28.755908,164.25618,24.545061,0.68708295,0.0042997003,0.65518737,0.8146652,164.25618
8e36bdef61ac4c5997fe08efd926b6d3.jpg,1,52.555389,11.809157,1,52.934502,10.33105,108.05594,10.530147,0.69158745,0.0022502542,0.7014501,0.7740847,300.4807
8e5d0939a76b454f9d556fe5339baaf3.jpg,3,65.238803,26.453585,3,65.25382,26.500389,2.7453692,2.7453692,0.8921462,0.06454164,0.88520515,0.9199102,2.7453692
8e793de48bf847c686a421d785ea712f.jpg,6,65.945211,-16.567453,6,65.943556,-16.568617,0.19144134,0.19144134,0.8378918,0.018012106,0.82404494,0.9125911,290.0111
8eba751b1d534ae2a1bc5ec1a2cda7bb.jpg,7,39.090338,8.387709,7,39.08097,8.415868,2.6442318,2.0942216,0.8677274,0.053288937,0.84690773,0.951006,2.6442318
8ebbd7bfb3224bfda299b960ff2e98b3.jpg,6,65.179211,-21.496417,6,65.207334,-21.394387,5.6953053,5.6953053,0.89431703,0.03507638,0.8771492,0.96298826,5.6953053
8f2c60d7a15a412d95b3972d36ef8c90.jpg,1,54.834637,9.260121,1,50.468647,6.581185,517.92303,37.44032,0.6774919,0.033004165,0.64964855,0.7888652,517.92303
8f44a674fd2747a1b8bcf2db8987ac38.jpg,7,44.18213,9.863866,7,38.74428,16.481695,817.8011,54.19017,0.7282082,0.01510334,0.7097867,0.8018941,817.8011
8f4c9eb6d731463985d2079f0d456f38.jpg,0,53.605371,25.764625,0,53.545808,23.784002,130.9308,6.755102,0.81989527,0.022383332,0.8206434,0.82878697,331.21936
8f93d959fba645c2a9defc8de600aecf.jpg,8,66.748909,15.735507,8,67.346378,14.54295,84.186134,12.44785,0.7303626,0.0116350055,0.70791745,0.8524946,79.86888
90029bad59ea4c3cbaee881c9e657f97.jpg,7,42.739112,12.076198,11,40.929043,35.15657,1916.7167,0.76658064,0.6581937,0.0017732978,0.65258974,0.76223624,136.87114
90aa79a1a9314244834948c0259300b9.jpg,8,63.012362,8.525577,10,65.314309,15.858111,437.4987,19.923555,0.68892044,0.010990083,0.6840621,0.74848855,862.50946
90cee8bd4283491995a58834d08d8daa.jpg,10,56.201712,13.744897,10,56.211379,13.736622,1.1905377,1.1905377,0.8295101,0.05666095,0.8143548,0.9164778,13.20235
90e2b5b8e3654ab7828afd7cadafeb2a.jpg,10,62.814665,13.08409,10,62.170708,17.158308,221.10631,20.659885,0.6787355,0.009943843,0.6751257,0.70356786,213.43034
912404824fe84470958fb1b4d8257bda.jpg,6,65.586593,-17.149567,6,65.590633,-17.16039,0.6702142,0.6702142,0.8990817,0.019786239,0.88625807,0.9553417,168.33104
9124389c947e49aba2fbb8bc8e99f081.jpg,6,65.491134,-23.309672,6,65.487117,-23.26191,2.2481315,2.2481315,0.9258694,0.00017172098,0.9147428,0.97344023,11.1222925
913bc277fffa44da96a1dbe24fb12326.jpg,6,65.497519,-23.341379,6,65.519996,-23.418932,4.3619556,3.8436997,0.92311686,0.0073545575,0.9095366,0.97963774,5.06836
91454d7a758b4b1c9d023b7f4508cdf9.jpg,0,53.622429,24.729773,2,39.358262,3.131218,2274.0605,96.74414,0.6373484,0.0214988,0.5930114,0.81469667,2274.0605
915633d5a300494cad8a84e6022659db.jpg,7,36.729164,14.837922,7,36.815249,15.069422,22.733156,7.999801,0.72226447,0.010035455,0.70465034,0.86175466,27.608608
91855e0188134adbad5148fb28a4f5a6.jpg,11,36.536438,33.454857,11,36.535977,33.454614,0.055668842,0.055668842,0.9282435,0.02317828,0.9137707,0.9861345,0.055668842
91916dbb1a9d484782697b43fa606fa6.jpg,6,63.846113,-22.434733,6,63.845141,-22.435238,0.11087962,0.087403625,0.75773346,0.049405217,0.75480247,0.7694575,0.11087962
91bf54cfd85d4b6cb42367475b678c39.jpg,6,63.639137,-20.047058,6,63.64331,-20.054867,0.6032768,0.6032768,0.9311242,0.0294379,0.9173562,0.98619616,0.6032768
91c1630908ad477f8d27daae8088eced.jpg,5,57.914782,-4.059769,5,58.503842,-4.707442,75.69462,0.17954195,0.76232105,0.0117625,0.7528496,0.8002069,75.69462
91e4c0875b3b4c32afa4dfbeec711560.jpg,6,66.030732,-19.364741,6,66.034041,-19.361062,0.403731,0.403731,0.887915,0.053786993,0.87562776,0.9370638,0.403731
91f4eaead9df4602b06f3a2f1d7e9f51.jpg,0,54.698617,30.442176,0,55.197817,28.756343,121.12242,2.9946537,0.8431829,0.0008791685,0.8255891,0.94171953,2.9946537
92244ea846d54f0ba929c51470814bea.jpg,11,36.820451,35.598413,11,38.34582,40.902182,497.09283,3.2842155,0.71681094,0.029659927,0.6877736,0.8703097,166.08084
922e350a39ae4066b248d24367803308.jpg,1,52.906508,10.631579,9,51.749842,21.770093,766.9595,302.99207,0.71523774,0.019764364,0.7153115,0.779313,709.56067
924dc9e6197643e783f284dfead1d2ac.jpg,1,51.240002,14.931397,8,64.032948,10.082914,1450.4653,848.33997,0.70678115,0.03252971,0.7327752,0.7600048,1781.3757
9256c7a478594893a5337d3d32e5ca28.jpg,4,44.474481,6.315997,2,38.482631,-0.602481,880.2907,15.656455,0.72995776,0.03542769,0.74150765,0.81107324,559.5317
927f1e3b54a14bd2893a31498a866285.jpg,7,41.015234,14.81206,7,40.997245,14.835634,2.813219,2.813219,0.7099659,0.05195111,0.72248423,0.6794617,124.24308
92e4c71d7df04e0cbb1de79abec3da07.jpg,2,43.171861,-8.3686,11,38.788181,30.524962,3271.225,76.40563,0.6185439,0.0017820001,0.6049572,0.7062149,1076.697
92f401d1ab6942a58034a61089b8e1c2.jpg,10,56.574401,15.967201,10,56.564804,15.897156,4.4216614,4.4216614,0.65779495,0.019449055,0.64442086,0.7547742,196.21095
92fe2c87182f44f0bd2f48d10dbbb498.jpg,9,51.435748,22.381817,9,51.547684,22.477425,14.097356,8.130785,0.7231533,0.044626474,0.71170914,0.7773796,441.54797
93013b7ad055460fb1cad0d6cf173414.jpg,5,50.544111,-4.72749,5,50.552351,-4.7217,1.0034307,1.0034307,0.9206685,0.07897377,0.9049561,0.9835181,1.0034307
931565d20b4a4adf90eeb1f2821fb271.jpg,10,55.897707,14.195552,5,50.199801,-5.534756,1456.2798,601.28235,0.6408919,0.048599064,0.6698736,0.70635986,1272.1528
9327cb2fcdbd4b6f8d86b020f5c38578.jpg,9,51.383318,22.457828,9,51.458339,22.453319,8.347823,6.845228,0.7550846,0.044051647,0.71613145,0.910897,8.347823
933c074bc123446da31e1ab0d1da7466.jpg,8,68.704582,16.527617,8,68.699009,16.557198,1.345883,1.2869396,0.85391265,0.024529994,0.83769363,0.9187887,1.345883
934c5f351e1048b9be12c0b0fd891410.jpg,7,43.792224,11.513217,7,43.904521,12.241276,59.70408,13.6833935,0.60196173,0.0020563602,0.59206235,0.7849172,683.9486
9350f2e9a89f4c43b7fec534f0c4d310.jpg,9,53.526849,20.592238,9,53.767322,19.94884,50.133408,21.615345,0.7041977,0.00852102,0.70357776,0.8327147,294.34787
9399d6a3555b4aaca8cc342cdd65b96f.jpg,11,38.754891,33.083116,11,38.756186,33.089389,0.5626854,0.5626854,0.95269084,0.18767643,0.94514513,0.98287386,0.5626854
93b5b1fedc084d48b91e1b21babeeea1.jpg,4,44.649895,6.62544,7,38.151481,12.737976,883.7598,306.74643,0.6814317,0.010824263,0.66371524,0.7719637,964.1534
93b7e1adfe2e4967a4420da33a7a939a.jpg,4,46.182598,2.083808,4,46.190241,2.080769,0.88147634,0.88147634,0.65745,0.021829367,0.65917265,0.6882236,400.57535
93cab81be6984e91b1fec75723bb6345.jpg,3,65.563669,28.366291,3,65.531504,28.520274,7.9388022,7.894382,0.9317934,0.0025326014,0.92193437,0.9712293,7.9388022
93ff5bc05d01431aa2dc7d93bb48fa64.jpg,11,38.221927,27.253593,11,38.120623,27.345683,13.845454,13.845454,0.7977481,0.020218372,0.76875114,0.913736,13.845454
93ff85eecb0940dabeef6f9d8f707cd2.jpg,4,45.813418,-1.073504,4,45.8433,-1.151418,6.8909335,6.8909335,0.8060759,0.023615897,0.82665735,0.73077804,18.784378
9423ef877e9047808c97b07ae33f08d9.jpg,9,54.511241,16.551489,1,50.886671,9.658093,614.48846,0.80927145,0.6799134,0.026641488,0.7014064,0.7333777,498.50497
945e11a8e97f4f0fa5cebf7bf1f05d45.jpg,6,63.832662,-22.48974,6,63.832103,-22.492297,0.13994858,0.13994858,0.8714276,0.031214833,0.852589,0.9467819,0.13994858
946a93570a6d4c519da3d296764dbb5d.jpg,1,47.847501,8.754111,1,51.527312,12.935344,507.65854,60.098953,0.7612295,0.0048583746,0.7534852,0.80735147,605.94293
9499f87ca9b04fd5838861a53f1b055f.jpg,0,53.019013,30.5697,0,53.119865,30.489643,12.424488,0.634353,0.8532275,0.004961431,0.8417606,0.937395,9.512648
94ea2a64aabf411396d06a63703cd5cc.jpg,1,54.348578,8.691335,4,48.90494,7.70726,609.0888,25.862312,0.70069736,0.030139625,0.70125663,0.70465046,457.24667
9518f6eb862c4e4484bbac965a40bd3c.jpg,1,50.660286,11.531397,1,50.730307,9.237267,161.77007,4.5439544,0.67968136,0.000505507,0.6546625,0.8307467,78.85025
957e88353a454ee8a5be620873105261.jpg,10,57.258961,18.459621,3,61.181298,23.85222,532.90094,380.61035,0.75595725,0.010010481,0.77139586,0.72878695,491.237
95c8dde7d79a4cdf82f1a09eb3f769b7.jpg,5,55.841474,-3.156091,5,58.234758,-4.480909,277.91522,6.4898496,0.8239563,0.0011137128,0.8013229,0.94238055,236.80852
95f87e5e447d402b872b7176db6d98bf.jpg,6,65.541558,-19.914065,6,65.534,-19.895781,1.1895672,1.1895672,0.89820355,0.005647242,0.8824371,0.9612691,1.1895672
9610734d71c64634aad24ea6a759c0e9.jpg,11,38.408084,30.227403,11,38.392576,30.222073,1.7858703,1.7858703,0.8540497,0.021160364,0.8272775,0.9727278,87.889915
9618382e6dc64411a52ba84883c2b474.jpg,1,48.536445,11.692141,1,51.198221,10.530916,307.44455,132.72249,0.6443776,0.012775958,0.6085598,0.78764886,307.44455
964f77e1e9554ded8be92b5c5339bc43.jpg,7,45.947614,12.734162,7,45.165376,10.174545,217.4314,16.544504,0.71829337,0.062093973,0.73515356,0.76189536,2073.5044
96974a19efff4492a4124b0a49f3d336.jpg,3,65.543498,28.11578,3,65.551363,28.159291,2.1853497,2.1853497,0.9353206,0.004528582,0.92195785,0.9887717,2.1853497
96b369fb65554bc9a7f219cdc59dc13b.jpg,2,39.026074,-3.925277,11,40.325496,32.491929,3098.0164,118.68347,0.6950707,0.0033339858,0.6816511,0.879017,1635.8481
96ba1acba2ac4522ac893e0035c9b910.jpg,5,58.562294,-4.743877,5,58.564902,-4.741442,0.32255217,0.32255217,0.7707317,0.035941303,0.7654548,0.79183906,0.32255217
96c40306d67b4a7085d57447bd147e36.jpg,5,52.390261,-0.602995,5,52.311878,-0.129725,33.305256,10.04549,0.72671074,0.069419324,0.71629626,0.7683685,33.305256
96d512aea6d04d3eb895f0f4395f28e9.jpg,10,63.902702,15.253195,10,64.147495,15.245379,27.222439,1.6865826,0.8473692,0.007784188,0.82863253,0.94724464,85.8899
96e1fa4e120e455282993567e998d72c.jpg,8,70.405211,24.488382,8,70.407415,24.492517,0.2895442,0.2895442,0.9588784,0.033031106,0.95278037,0.9832704,0.2895442
96f761ccdd7c4e979bdd6360964bc848.jpg,11,39.139732,31.219835,11,39.161004,31.254261,3.795699,3.795699,0.84196025,0.037843287,0.8181659,0.9371376,3.795699
970005b2526a40afb4983fdb2fe42a02.jpg,3,61.648481,23.537009,3,61.946042,23.665719,33.771545,29.577692,0.8377257,0.005178511,0.82573694,0.9078554,36.9953
970b85d63f6041da8ad37260ef779150.jpg,11,37.528436,36.917013,11,37.533725,36.917944,0.5938131,0.5938131,0.73415047,0.07882953,0.72189677,0.783165,0.5938131
971b309b03ec400b8fb1298097fa3ac7.jpg,1,53.123965,9.984485,8,62.468812,6.292679,1061.4474,133.9141,0.62346405,0.009575486,0.6482949,0.6402509,834.6137
971fc4df80c84f7ea5897f3688a4bf29.jpg,5,52.145155,1.259349,5,52.413651,0.723316,47.128925,5.570464,0.7472894,0.0029088259,0.7125722,0.9122329,488.01917
973f832eb6e742aaba85e33bd20a44e9.jpg,7,45.631374,8.237244,8,63.023762,8.595796,1934.0803,9.576964,0.6117557,0.0053337216,0.60032415,0.6978104,962.05646
976f78ee1ebe4441af5bc1665540f734.jpg,4,43.572758,6.804976,2,43.042244,-4.216932,893.1256,13.668617,0.64387906,0.00016999245,0.6150063,0.80432653,688.28125
976f9965ef2f4fa88a698c3373febf6e.jpg,11,40.230588,34.767729,11,40.197575,35.666437,76.39965,68.28954,0.7326654,0.0016899705,0.73735416,0.7544328,2692.9702
9787a6eede644cce80bbca2654343f4d.jpg,11,38.844934,30.743631,11,38.455411,30.263784,60.10321,5.320799,0.75632894,0.013447821,0.735929,0.8811767,214.0407
97a2e05a2b9a4cffa2d2d56899f18f64.jpg,6,65.20667,-13.882543,6,65.191485,-14.013813,6.351332,2.4587657,0.78894997,0.018799841,0.77234226,0.8553806,6.351332
97bfc1630d6142979a021b95f1ec6313.jpg,4,47.944255,-1.229127,4,49.82919,0.912648,261.61206,5.852978,0.7470501,0.027105689,0.74073994,0.7722908,261.61206
97cb844a6b2e461bb3692973d0596384.jpg,10,66.057486,17.76844,10,64.915074,18.238231,128.86545,10.784205,0.8323401,0.009904861,0.8225045,0.89348805,487.9541
97ce386518ce4a38950219f9c8cd60d2.jpg,3,64.403874,24.094132,3,64.337273,23.959168,9.84798,1.8599055,0.869905,0.0032570958,0.8496162,0.9559159,1.8599055
97e943108a46447691335b790c3fe694.jpg,6,65.731707,-19.641975,6,65.732172,-19.637462,0.21263489,0.16971104,0.88751614,0.113738656,0.876873,0.9300883,0.21263489
987f994eb07048d2bace5db35ce37a71.jpg,10,59.387461,12.176241,3,62.347669,26.673625,848.69086,28.275461,0.7838157,0.022856295,0.76238334,0.8695451,848.69086
9881e45c544b4e9badee57435a0ea734.jpg,2,40.931791,-3.830881,7,39.280831,9.134693,1116.7843,1016.9151,0.7757706,0.025454104,0.7504542,0.8993515,1558.3942
989d1df7cca549d08c57dd177ed42525.jpg,4,50.494227,1.624388,4,50.156859,1.739208,38.388973,38.388973,0.67249745,0.01811403,0.6831979,0.7028624,467.94775
98a80b6752d84bacb8e27a41c7fcb446.jpg,4,45.807284,3.535326,5,56.221671,-2.91415,1241.5018,333.7415,0.7291751,0.01052022,0.7293916,0.75998783,1365.2831
994cd0c389f24bee9dfc27ccfc920938.jpg,5,51.404269,-1.710589,1,52.781625,9.553131,783.7235,783.7235,0.6229711,0.002629459,0.6440487,0.72280645,2263.5127
99621534847948ed83f5cf6e903ee9c4.jpg,9,49.949015,21.651658,1,51.035506,10.860436,772.15045,47.078053,0.7162587,0.0022830963,0.7300126,0.79174197,802.1476
99b486b7e20b44a49ad7bf1c515646bf.jpg,10,60.550257,15.774208,10,61.487966,15.834431,104.319084,38.94868,0.79458505,0.0048652887,0.77299976,0.88510936,68.66383
99e9f730da1a412cbe7dab9049aff46c.jpg,2,42.048934,-7.662925,11,39.368442,33.770666,3470.9458,80.97067,0.6587727,0.0051107407,0.6457307,0.7589898,3629.6592
9a346f22fc9647c9ac4ebca65ad32424.jpg,0,52.239056,31.443447,0,53.93057,30.195273,205.72556,1.4277912,0.9066238,0.016045153,0.89417046,0.9639752,64.58956
9a3e754c81134557a6d1e54c1107452c.jpg,2,39.567145,3.078549,2,39.56841,2.770324,26.420525,1.3368638,0.8659688,0.006369233,0.8408975,0.96982646,21.359377
9a4f40fb9a174f5eba37b2fd6756eed5.jpg,9,53.41419,15.383925,1,53.498403,8.761759,438.39267,11.151625,0.774667,0.03401029,0.7617096,0.8264966,438.39267
9a72dace5cf042968160d2d04ea35cd7.jpg,1,51.606446,14.078887,9,53.664052,14.32877,229.41583,33.039425,0.7114127,0.03360194,0.6887588,0.8168228,599.37244
9abe20466a7d47b0ac920dc3170c9fec.jpg,8,60.367575,7.507791,8,60.422335,7.723457,13.320245,13.320245,0.7420268,0.0182814,0.7433274,0.8156861,17.425297
9aca7a456c354b3f80c871c899ab8639.jpg,4,48.530172,-4.620303,4,48.498506,-4.538353,6.988275,0.049330078,0.778877,0.11039913,0.7723164,0.80511945,6.988275
9ae0a7adcbe04286b06051e5a402ad25.jpg,9,51.706544,17.966264,9,51.725976,18.003765,3.3679821,3.3679821,0.8166327,0.13057035,0.83449316,0.7451907,3.3679821
9b04b465accc4dddb1ae90cdc88110f0.jpg,4,48.56658,-4.517927,9,52.190118,22.102179,1918.5979,841.68933,0.62469697,0.020663321,0.6154309,0.72157997,1608.9274
9b420012c8a346ddbeb1b79954bc71c3.jpg,9,50.565075,18.543061,9,50.562511,18.547283,0.41257194,0.41257194,0.84725034,0.0014538169,0.82911646,0.91978586,0.41257194
9b8c821f36e340d7866886d52a51263f.jpg,0,51.657872,29.119244,0,51.668967,29.12494,1.2947516,0.47316864,0.82503414,0.002368331,0.8009377,0.9580586,2.361879
9b950812414d450390acbc6b9814ad05.jpg,8,66.730596,16.011548,10,66.382257,16.968025,57.363403,6.5907135,0.7141031,0.0057783127,0.7171506,0.84132385,1714.2505
9bd78cda74d14cdf8b248fb21b7b8b03.jpg,3,68.499001,27.478275,3,66.468158,29.000913,234.92563,6.7940392,0.8527783,0.0010253191,0.83504665,0.95365894,6.7940392
9bd89edd48024492b67ad81b802a7713.jpg,8,60.607641,9.070547,8,60.613223,9.066565,0.6576267,0.6576267,0.82082015,0.11355406,0.801001,0.90009665,0.6576267
9be3870571ff4f53b355b3644742e179.jpg,0,54.653524,27.963787,0,54.606572,27.904786,6.4559383,1.0026746,0.8462996,0.023495317,0.8299298,0.9177777,12.088495
9c026977c2aa4330911db8b3c89282ff.jpg,8,68.660639,15.531064,8,68.661288,15.525995,0.21742891,0.21742891,0.92689383,0.033447146,0.91553146,0.9723434,0.21742891
9c0c92af3379454f94d3c1b833271cf7.jpg,0,52.080309,25.558226,0,51.956651,25.564037,13.75591,0.28294972,0.84365463,0.0046553016,0.8286764,0.91338664,5.9053288
9c49f6359ec54d1ba263acf11d474a3f.jpg,0,55.959831,28.646283,0,55.92554,28.647401,3.813626,0.5804378,0.8093699,0.0058378577,0.7921934,0.89773244,95.01542
9ca5d7090daf4b929769805e19781dcf.jpg,1,50.360241,9.255665,5,51.614129,-2.591593,839.93604,27.19598,0.7012285,0.033703923,0.69333076,0.7909569,581.16425
9d1faf53681e460fbfeda001d90265b4.jpg,2,28.141437,-16.456745,2,36.752177,-4.119478,1499.9667,1323.5234,0.6988019,0.022556365,0.7014816,0.87890446,2005.3601
9d2f44362e82432b948a493535b9a052.jpg,9,50.674478,18.649124,7,45.117925,11.669355,807.0674,12.950815,0.5893213,0.002878964,0.5675843,0.7029935,835.5613
9d319ff802bd40459c48c9188246fd51.jpg,5,57.430275,-4.635663,5,57.384431,-4.699248,6.363229,1.9120556,0.7313784,0.070112586,0.7276827,0.79810053,1346.4564
9d381b0872d641468556e9aa185130ed.jpg,11,37.035784,30.003802,11,38.397965,33.513222,343.81354,14.779494,0.7254953,0.032681108,0.69334376,0.8541012,343.81354
9d51eb2c2956460eaacd0e7032e498ae.jpg,6,65.518638,-19.781944,6,65.563596,-19.966594,9.862069,2.2680333,0.86441684,0.016485155,0.84517497,0.9464272,14.054093
9d9df8dc934e491ab44796af9464d1b2.jpg,7,36.730816,15.030871,7,36.75188,14.97577,5.439865,5.439865,0.79629815,0.09930378,0.76964605,0.9029062,5.439865
9da324fd3b554685bf4b56a59e833457.jpg,7,43.438383,13.243565,9,54.770229,18.401537,1313.9056,31.797861,0.6445156,0.0042628646,0.60907245,0.847234,1611.1206
9da823da1fa34784a4aa7e279db7e60e.jpg,6,65.578864,-22.13482,6,65.674532,-23.208376,50.39812,3.0512002,0.9332809,0.01662755,0.92209756,0.98376966,34.476624
9da9b201b2e0400d8c6c39340d500b62.jpg,10,60.0019,17.515881,3,65.413605,25.397876,722.45215,29.341528,0.66657877,0.02240336,0.64071965,0.77701545,531.0066
9daaa8c95deb466a90492dafd54dc83a.jpg,1,48.687349,10.341128,1,50.685391,11.480519,236.80301,85.43394,0.71966463,0.009684265,0.7208024,0.80150855,709.99493
9dc61300b78f40169d18363f62fd5e84.jpg,1,47.898617,12.176085,9,53.360994,19.775542,809.1982,722.0308,0.67319053,0.0147281885,0.66954666,0.7277895,1470.8698
9dd9a8cf7acc456ea5e6b197ad80fda6.jpg,6,66.126602,-18.891686,11,37.403292,38.874127,4822.541,40.069717,0.65434396,0.030678868,0.684075,0.662361,2867.552
9de34b96632c499c8bc7d4e6e3fc519d.jpg,11,37.912698,30.488287,11,37.473438,30.56402,49.296,15.187389,0.8037126,0.012025595,0.786894,0.8868585,74.695724
9dfc0ec323ca45e7ab56e9b86d6b64aa.jpg,0,53.615614,27.465529,0,53.616386,27.465608,0.0860006,0.0860006,0.92984885,0.023473859,0.9162153,0.9843829,0.0860006
9dfcd9bf58004a86ae0536ba0c78657e.jpg,7,37.833132,15.13862,7,37.82692,15.133666,0.8163509,0.2902415,0.8199061,0.079698324,0.8054265,0.8778246,0.8163509
9e012585bfec4d59bf1e8c45c5ae4c3d.jpg,10,56.276972,12.832465,10,56.303683,12.767631,4.9829464,4.9829464,0.70342153,0.029074073,0.7215222,0.7090459,668.1838
9e32b722b5da4465b7b6604017289d40.jpg,6,65.644345,-22.571875,6,65.480624,-22.129612,27.300617,1.6193385,0.8600238,0.013483524,0.83719146,0.951353,27.300617
9e33cdc1bff14ef0a124bc61692b3820.jpg,1,48.074023,11.163125,10,60.694606,17.015753,1452.218,272.54703,0.6934275,0.030962467,0.69811785,0.6821444,1849.062
9e73d0d4346f4ae7948696d29c7adf8b.jpg,9,54.612728,18.389594,4,46.504489,3.818491,1363.5803,49.882866,0.7508861,0.036277592,0.7625031,0.74440604,1383.8699
9e75dba79763497c84dcbb668a8bd851.jpg,9,49.933161,21.362856,1,49.252937,10.251827,803.6754,616.924,0.65926623,0.02869904,0.63237834,0.77797467,1025.1656
9e823eec50a74fdabdb81a3a2834e32c.jpg,7,45.707949,11.712426,4,49.298242,-0.308172,985.8354,442.68298,0.7133826,0.023275197,0.7024102,0.83903533,1232.8458
9e9fafb19cd3437b90bb3e3d762ad6bd.jpg,2,42.783271,-8.467285,11,38.621487,36.439849,3768.8267,1606.5399,0.5929848,0.013588309,0.57600236,0.72325075,3773.2266
9ea7421bc17a4baa80455fbddf42074c.jpg,5,50.395038,-4.626846,5,50.833724,-3.799671,76.06318,0.6342844,0.7412957,0.0121952295,0.7012104,0.90163684,76.06318
9efe456471254b6b81b3a5eed33119f7.jpg,8,67.308332,14.531155,8,58.874145,9.162002,975.10913,0.5309142,0.6749468,0.00633198,0.6898248,0.6349527,4.0787125
9f138c1b541740a9aef5ef8a9495a28b.jpg,6,65.797523,-20.259985,6,65.801715,-20.262154,0.4764995,0.4764995,0.90312535,0.028679252,0.8873003,0.9664254,0.4764995
9f2d9e7034334ff29a9e63c3123fdb3b.jpg,6,65.777903,-23.952217,6,65.749061,-23.842507,5.946743,2.1576223,0.9192061,0.07759756,0.9028963,0.9844452,5.946743
9f39e60bbc574c618b37b45a13e75db7.jpg,9,52.001249,20.673199,9,52.000945,20.672922,0.03875866,0.03875866,0.8431228,0.11779374,0.85034704,0.81422555,0.03875866
9f3ede3fae7f45a08fa99b7ea976b1d3.jpg,2,38.850565,-0.495731,2,38.20467,-0.723269,74.4978,5.469676,0.74180216,0.017252028,0.7022377,0.90005994,74.4978
9f44d68c30ed439e9ce57cf3ecd048c1.jpg,6,65.637273,-14.995831,6,65.626167,-14.995762,1.2349366,0.052803732,0.8742333,0.0066740513,0.8735749,0.9208456,226.64587
9f58cf8f997444d6a0dd724095f2ffde.jpg,9,51.416347,15.600969,11,37.977557,30.287003,1884.7894,12.638212,0.72324955,0.016069412,0.7306395,0.73480976,1914.5725
9f8dae7f64394b629449ea3e440ccfc8.jpg,5,57.59418,-2.794363,4,45.151805,4.384477,1468.5679,595.9303,0.6674707,0.0160048,0.67232764,0.68509376,1424.3909
9fe11d99ff414fe59e1ff34b6ceb6cc1.jpg,1,49.229025,9.690034,1,51.57148,13.903785,396.1727,29.712666,0.6482472,0.0076292157,0.66097444,0.7479147,797.08777
9ff07eca30ab4ac8a2f733fc1e972b00.jpg,6,64.00936,-20.942937,6,65.123306,-13.804808,362.4438,0.632804,0.79122937,0.0017998219,0.7751332,0.85561395,362.4438
a0136e5425bb42a8bb0fc0c40222c31b.jpg,7,43.755134,13.046593,1,47.805091,10.264952,499.24814,60.22502,0.58310413,0.0038822293,0.5456079,0.7515831,189.08543
a015f3210e5b4f05a190ee2ddfd1102e.jpg,8,63.23496,9.775107,11,38.37167,42.742184,3529.0796,33.20358,0.76067644,0.006008923,0.7659801,0.81616867,1687.7517
a0164bc301c54f0ea4c0ce1756f4a3cc.jpg,5,56.390604,-5.099123,11,36.330829,33.661533,3640.5933,1019.1321,0.6303603,0.01758796,0.62576926,0.7373018,3627.4622
a018353626c8458aa13c1e777ea9a6af.jpg,2,40.017907,3.870115,2,39.99515,3.845783,3.270802,0.30470237,0.78718,0.004236102,0.7615761,0.8977107,0.30470237
a0357e6e63344f94859520101cf7ac58.jpg,10,58.899209,12.381447,5,53.660672,0.051541,955.9921,731.5262,0.6641945,0.0074464083,0.63358724,0.7917239,946.75635
a03d4573fb2d40faa4abdcf161d87357.jpg,9,50.661393,21.845422,0,53.902245,28.001327,552.1253,540.21423,0.61141646,0.009340405,0.6235389,0.69879186,983.19696
a0438af3699b40c98bc20af71f23094b.jpg,5,55.690846,-3.893328,7,42.046033,12.653597,1930.4888,91.06315,0.6351565,0.0023185015,0.634368,0.71643895,1278.8862
a04acb862c8f4e56a48c87f35050ce54.jpg,2,37.167563,-4.552014,2,42.668631,-5.598399,618.15137,18.177124,0.75419134,0.0019387603,0.7673537,0.82433987,104.19756
a087c43d1ba94b329fddf1026facdb21.jpg,1,49.702736,7.388237,1,49.700818,7.392852,0.39451393,0.39451393,0.69503057,0.0049827695,0.7049637,0.7511954,160.9794
a0a0e314b74e48fdbf75fb843a02170e.jpg,4,43.991427,7.546897,1,49.829537,11.383239,711.3375,124.575516,0.63882524,0.011521935,0.652531,0.7187395,1695.9054
a0a626946bd64108a6ee6cca73d05f78.jpg,9,51.969015,22.365206,9,51.568029,21.591807,69.42795,33.816853,0.6487995,0.01311636,0.6226269,0.7534897,69.42795
a0b06d379aeb421ba1d72802891df3f1.jpg,9,50.479941,18.552559,1,50.468647,6.581185,846.26404,13.237668,0.6380436,0.0017037392,0.6637589,0.61767757,1758.2919
a0d1ff5ca1144090ba91d4c964818043.jpg,0,55.588243,28.666912,0,55.997854,28.645426,45.56653,1.5359977,0.90132457,0.00026655197,0.8905574,0.9624671,42.111507
a0ec71aa5d8a487f8b495fe911d3e56e.jpg,6,64.912182,-14.005282,6,64.912267,-14.006476,0.057081856,0.057081856,0.9611281,0.06548607,0.95587635,0.98213506,0.057081856
a0ed0f23766544478d42d516aedae7da.jpg,7,40.612822,9.703914,7,40.395052,9.477628,30.860989,1.7754323,0.843094,0.0040478706,0.8147979,0.95627844,30.860989
a142c979f36146c8a734f2127da6d10e.jpg,2,43.371682,-5.375104,4,47.398473,2.792689,778.6797,365.07697,0.7174773,0.022677362,0.71455765,0.7709669,519.65485
a17c60cbf4cd4cda831d00678eb5e583.jpg,4,45.366231,-1.052541,4,45.373897,-1.079638,2.281936,1.8867663,0.7166701,0.042301238,0.69879425,0.78817326,2.281936
a184e96d34e142bd9f5de99471b60c37.jpg,8,60.565676,5.358534,8,60.609784,5.442075,6.6982107,0.45750386,0.67191064,0.001566112,0.65467185,0.7408658,6.6982107
a1a4c9827ec440a48d3677171971e5fb.jpg,7,40.66102,8.32831,7,40.664551,8.32778,0.39516664,0.39516664,0.9000081,0.0006107092,0.8912693,0.93780494,67.346756
a1ab33492d26408ba0728576259e7911.jpg,4,49.304136,1.12845,4,49.263229,1.544308,30.504898,13.713601,0.8067168,0.018256128,0.7861515,0.8889779,30.504898
a1d72c6f07174c3cac8630978c1b11a2.jpg,11,40.307029,40.120247,8,59.81384,7.214647,3138.6375,94.93529,0.6530246,0.0076808333,0.68643415,0.70623827,2134.562
a1e83fd898564579aff9a51abb432459.jpg,11,39.593058,39.871287,11,39.59408,39.868964,0.22920291,0.22920291,0.84237564,0.023435771,0.8347924,0.8727087,0.22920291
a1f391e67f8f49be998c42118f9ff52c.jpg,2,37.669856,-0.925546,11,38.51122,35.181491,3140.8477,3.2257552,0.6961535,0.017861784,0.6817822,0.7657745,3035.4773
a20537094ee2412a8c21d2a4656871a8.jpg,2,40.212322,-0.012824,2,40.236013,0.140438,13.275941,13.275941,0.7055685,0.0038480163,0.7052806,0.8116746,733.6597
a20e4e331ebb4889af1be9c37ed13a74.jpg,1,50.776522,10.607172,1,49.744238,10.526168,114.92923,15.204543,0.64203364,0.004247129,0.65646154,0.7722091,208.45557
a22a2ffff72149bd89e22c58c57abf24.jpg,11,39.932911,33.831631,11,37.064461,30.616619,424.21313,22.892447,0.73768896,0.018591583,0.72399104,0.886847,482.5907
a22a4f1335c34355897bafc7301fabbd.jpg,3,63.307775,25.625051,3,63.339899,25.606026,3.6961348,2.823011,0.9276873,0.010709047,0.914293,0.98195606,36.743237
a2401d826fb24c4f9eb8ee6992711b0d.jpg,1,51.772927,13.271293,2,41.94892,3.106373,1335.4027,73.40998,0.6965504,0.034907103,0.7043154,0.71394646,1588.0562
a284bb5c149646d888f0059b21640789.jpg,8,60.545229,8.23731,11,40.264163,39.476666,3104.6218,27.188213,0.7134541,0.016416728,0.69034636,0.8058853,3104.6218
a28851ae19f24b57a63ca8e4ee266d68.jpg,5,54.820865,-1.489114,7,40.068997,9.610283,1835.3746,32.645096,0.70339555,0.025558412,0.7478601,0.7311085,337.54352
a2a687703be049c5b35b30c52909f098.jpg,4,44.500189,-1.053215,4,44.530403,-1.014092,4.5727253,2.1471503,0.83433384,0.052261055,0.8163889,0.9111747,29.821941
a2a974b4ebf54106a1363a4dd5c61615.jpg,1,53.139368,10.566135,3,61.33908,21.961703,1137.4412,14.153638,0.72673815,0.0074712634,0.7120568,0.8503718,1186.4377
a2d3f3190bea4e3fa21d917f95f1a8ee.jpg,3,61.309372,23.478915,3,61.633318,21.77482,97.40032,3.636398,0.77369267,0.025056541,0.76496994,0.83902454,98.54538
a2e768ebdfae41cdbef1ec191927041c.jpg,11,36.632732,29.152735,11,36.632633,29.223868,6.3473153,1.7347989,0.7390442,0.034757435,0.7220668,0.82165354,83.22762
a2efe4f6611e4143bbb6ee2faca37046.jpg,11,41.441869,31.832301,11,41.41228,31.905386,6.924911,0.27199242,0.7785471,0.062000453,0.76850224,0.8187263,6.924911
a35b936897b34f668f45bbdbd6facd43.jpg,7,45.183504,11.019211,7,45.192107,10.968573,4.082102,0.87673,0.81433755,0.115302026,0.8313291,0.74637115,4.082102
a35bb6ac098845e887270794bd3e6e0f.jpg,7,44.471996,7.888568,7,45.117925,11.669355,306.82498,8.786449,0.710481,0.04535669,0.692977,0.7910683,463.68158
a35e7109c456410fa027c12dae3db3a6.jpg,7,44.531273,7.518321,7,44.456561,8.044564,42.559273,8.3377905,0.7832697,0.04053378,0.7749244,0.81665087,42.559273
a36b6c6977f54506a78dd7270ab58afe.jpg,9,53.096039,20.677067,9,53.392691,22.582994,131.03467,1.9022522,0.70591223,0.0073893666,0.70613223,0.79773134,188.83812
a3c62d8755c24468aa02fca28d18c022.jpg,2,40.575921,-5.031685,2,40.804594,-4.345912,63.16353,11.490102,0.72962,0.020316005,0.71029997,0.8807845,369.33664
a4102b5c3eaf440b99ab76e560f2cee1.jpg,4,45.552667,0.175833,9,53.360994,19.775542,1653.3575,22.411482,0.7492067,0.043468833,0.754302,0.7365969,1633.4557
a43eed1145a84abd96cb08edb4dc033d.jpg,9,52.328847,20.620727,1,51.206794,13.650132,495.40884,13.242669,0.7375529,0.007875979,0.74015427,0.7909932,21.511166
a4881cc1011d472885cf928337d05c44.jpg,8,69.454939,17.347546,8,69.453678,17.346293,0.1484984,0.1484984,0.93165874,0.07186645,0.9219146,0.97063553,0.1484984
a48c358bc78c48b9862bc3a2a3c80c37.jpg,10,57.743226,16.711276,7,44.686585,7.20671,1592.0867,173.25603,0.580354,0.007646203,0.5978901,0.63983226,1874.9219
a4f44d53ecc84c77b02243b017a58666.jpg,3,66.932382,28.909111,3,66.932351,28.907266,0.08045709,0.08045709,0.93690026,0.032863855,0.92426944,0.9874232,0.08045709
a50a68d63df74e25aaa8b31ccf9f5e01.jpg,3,61.693186,29.689476,3,61.693866,29.687774,0.11734941,0.11734941,0.7610324,0.07318121,0.7352988,0.8639666,0.11734941
a50c3e7ec2ee445ba9b3435fc293e083.jpg,4,47.334217,1.992622,4,47.33422,1.985384,0.54545003,0.54545003,0.81862444,0.15877897,0.7992947,0.8959434,0.54545003
a51a925ffc80438e9d164f671750a7a3.jpg,8,68.661968,15.499171,8,68.66138,15.504038,0.20749438,0.20749438,0.8890344,0.026427269,0.86739075,0.9756088,0.20749438
a51dafde5892499f9db55efdb4b4f32c.jpg,10,67.241422,23.279879,10,67.246537,23.155209,5.3922763,1.5319299,0.8034876,0.08823681,0.77845955,0.90359986,5.3922763
a5255890d11445fd8f55a69e040f43ba.jpg,5,59.942297,-1.292977,5,59.066087,-3.329179,150.63608,96.261345,0.8103346,0.039156616,0.78985125,0.8922682,150.63608
a53dcf6b40984150a09a3c2fe2469123.jpg,6,65.0365,-22.753404,6,65.047983,-22.761526,1.3325057,0.15910895,0.8629254,0.05763614,0.8593862,0.9137052,2.635185
a553488352ca47c795029db2351ee4a7.jpg,3,64.709324,27.758713,7,37.91754,12.539982,3142.0618,2289.4797,0.66681546,0.0087656975,0.6509683,0.85194224,3178.271
a5674e4004824e50a9be3d17870d4b3a.jpg,8,66.755091,15.834581,8,67.251914,15.429909,57.97353,16.479406,0.78285664,0.024363697,0.7605935,0.875708,86.361565
a5826ca8bf894e79b1596189212a704b.jpg,8,68.340864,16.330012,8,68.337369,16.349202,0.87828404,0.21644449,0.8091932,0.026619792,0.79464173,0.8838534,12.012065
a61fbc7a795d4a1193b5997a1b003782.jpg,2,42.758768,-8.438119,2,42.758555,-8.426856,0.91983473,0.91983473,0.79737115,0.064718604,0.8029871,0.79546165,430.42813
a6206b4814b449d1949ec57e9358d94c.jpg,9,53.721142,20.472132,3,61.800039,24.439971,928.2233,111.154686,0.60862124,0.0058788657,0.5821636,0.71445197,928.2233
a6234ad2fd094321a041d766678bb0e6.jpg,7,40.402283,17.640853,2,37.467041,-1.961532,1722.8607,5.0940228,0.6798444,0.0099589825,0.68763936,0.7364678,1239.1733
a6324e8885a34bb583077885c8ae96a8.jpg,10,62.147288,17.344779,10,63.771135,20.230912,232.09622,215.51665,0.72418207,0.014383733,0.7075512,0.81666505,656.9572
a640b0c0bc254899973a19f23ddabe22.jpg,6,64.941332,-22.904077,6,64.839332,-22.576228,19.182108,2.7488675,0.8751698,0.029790819,0.8685907,0.9014862,19.182108
a64395467d65475d8c3c38013794f844.jpg,8,70.976823,25.781795,8,70.97815,25.776461,0.24319783,0.24319783,0.92898786,0.0072925687,0.91450447,0.9869477,0.29574004
a6449b70df0a4e72b929793240639f52.jpg,8,63.301408,9.74615,8,63.331146,9.916129,9.109086,9.109086,0.65880156,0.0031346083,0.6572557,0.7554641,301.56006
a64889e5442344daa14514d27c7f38ea.jpg,0,54.218213,28.62032,0,53.976447,28.063213,45.19196,4.056583,0.8229905,0.062502146,0.82378733,0.8198028,45.19196
a67085b2223f42ae981857cec4103f2a.jpg,9,53.761527,16.681334,1,53.067468,13.2877,237.75623,14.103166,0.7162487,0.009104371,0.7146514,0.7582129,231.5774
a6848a74f5a84ff3a88d81bf3c6a2ae5.jpg,1,48.00025,11.096244,1,49.883692,6.618844,388.2229,25.02339,0.72238106,0.0100082755,0.71208423,0.83593965,602.89276
a6902cae92fb4758a26ea36ec414f021.jpg,8,68.645163,15.623384,8,68.661288,15.525995,4.3305736,4.3305736,0.8629753,0.01026696,0.83722734,0.9659672,4.3305736
a6984d8416ae4d22badf25993319c32a.jpg,3,61.389104,23.325375,3,62.015428,23.660301,71.846794,15.703107,0.8481967,0.007384062,0.8320562,0.9296793,139.6943
a6dba9d930d6472b890030f738cde815.jpg,7,37.856413,14.921862,7,37.83082,14.895635,3.6609256,1.9267579,0.87045175,0.010153413,0.86365545,0.8976369,3.6609256
a6df43a46dc244e6ae00b0c91481c474.jpg,2,36.748422,-3.511172,1,47.995991,12.007422,1779.4883,217.80849,0.63724387,0.0023164153,0.6287712,0.6711347,1779.4883
a6f57f1b193a4194b95cdfd31db60209.jpg,9,52.045399,20.544355,9,50.808045,16.10328,337.17572,0.7410586,0.6736693,0.0075719953,0.6682304,0.6954247,337.17572
a70c2397ce3545cf9cda79742f6748f0.jpg,2,41.538885,-3.203448,2,41.561614,-3.207067,2.5452325,0.9397444,0.7208587,0.010266244,0.7038903,0.84856284,140.98561
a7332c9dee164a73974132da8e6685ab.jpg,9,53.672103,21.289722,2,43.727791,-7.72416,2376.1543,1.5508064,0.677738,0.03506744,0.6980072,0.6254274,1899.3986
a7a15509624e439e96c74338512c2eb3.jpg,0,55.450088,28.672523,0,55.453307,28.6804,0.612245,0.612245,0.8157802,0.031779826,0.8194031,0.841581,276.86893
a7c74a8a75ef4be5a0da48ff56b88162.jpg,1,52.510105,8.401544,1,52.47004,8.365829,5.068994,0.12270873,0.7802095,0.00812155,0.78127927,0.81056815,0.12270873
a8379a0f089e4fc691068e8cdba05e06.jpg,2,36.713366,-4.327232,4,48.524769,6.227074,1568.5723,382.55933,0.6752455,0.026334405,0.6742764,0.80767137,1254.5831
a84c5868c1e143d59f05ffb7ab5cb47f.jpg,2,42.015788,2.711862,2,41.982467,2.870921,13.656106,4.785762,0.66922784,0.017287731,0.6445614,0.7783749,11.8675165
a865cf84866440018fa570db90d5576d.jpg,2,38.011527,-3.838726,2,42.668631,-5.598399,538.85895,1.7548957,0.75014347,0.02729547,0.7562299,0.8533399,3123.2717
a86a6d93ae4849a680b2e9ccc7190e97.jpg,7,45.601697,12.076961,7,45.600994,12.077029,0.07834894,0.07834894,0.8410827,0.119583786,0.8286083,0.8909802,0.07834894
a886f634989b449ba2e8fa02dfa3896d.jpg,9,52.124093,22.754503,9,53.401443,22.421509,143.79097,4.6395993,0.6898486,0.020194829,0.6825366,0.7331697,897.8826
a895043956294b9bba63b73719ffc7ce.jpg,0,51.675431,29.128281,0,51.676078,29.12862,0.07564537,0.07564537,0.9617672,0.017668903,0.9536125,0.99438566,0.07564537
a8a35faedde44bb9b76b1a305d9b05b7.jpg,10,64.303073,14.958715,10,63.976214,15.264572,39.25579,0.9828371,0.87904876,0.0063059926,0.8708721,0.9573176,0.9828371
a8cd0323affd46cd88e128e5522fff72.jpg,0,51.901973,29.853323,0,51.912363,29.789544,4.5252295,3.0137937,0.9355177,0.023202598,0.9295651,0.9593283,4.5252295
a8db269dab3d49eeb871448f3852789f.jpg,8,63.936447,10.222638,8,68.320556,16.617355,565.4387,14.043798,0.6680455,0.019824088,0.6751224,0.74424696,73.7103
a8dd87fdec024e7e8e2a85b06089e4f9.jpg,1,48.780567,9.649726,0,54.185632,28.473198,1429.5552,366.9335,0.6415142,0.024781704,0.64682317,0.6954906,2452.2456
a8fb145158eb4e8897fe1a6b2fa2bd8a.jpg,10,67.845502,19.516311,10,67.83499,20.705882,49.905563,4.728266,0.9069203,0.005517423,0.9016719,0.9279141,49.905563
a8fb67e0b38e44579a672107a5fa9f27.jpg,8,59.194105,6.133937,8,58.999442,6.087284,21.80892,9.719445,0.8033802,0.016721308,0.7649771,0.9569925,21.80892
a9201807b1da42d08824d640c463942a.jpg,10,57.775374,16.420735,5,50.508381,-4.719895,1586.7806,1109.9279,0.69422114,0.0012533665,0.64500594,0.90990555,1588.2484
a92023e9142b48439084aee63b4af8d7.jpg,6,65.999136,-22.940159,6,65.995941,-22.942427,0.3697827,0.3697827,0.94015086,0.021164596,0.9308566,0.98496425,0.773996
a929a6ab62c9495faad31732d8314c25.jpg,0,53.130191,26.07328,0,53.041046,26.254608,15.649721,0.69079,0.69285,0.028729439,0.66559196,0.80188227,15.649721
a940f0833b004a6c8ebebc38c0c10d74.jpg,1,51.619344,10.947875,1,52.085159,8.867817,151.96005,18.330116,0.65445006,0.005997658,0.6549709,0.7401538,383.69934
a954af64fc4343ee95aa4816c0aff385.jpg,9,54.659258,17.34502,11,38.324498,42.923129,2643.2434,181.91519,0.7177128,0.011727154,0.75037324,0.6999075,936.32294
a9660b7323554246ace052c3865fcdfc.jpg,2,37.987135,-3.212737,2,39.882023,-4.019389,221.95064,34.69548,0.72040755,0.030765116,0.714118,0.8637356,2781.6196
a9a74f774547491a9de3e4a3e8d2b871.jpg,10,56.245551,16.466547,10,56.331336,16.52501,10.198423,0.10753758,0.6915007,0.005491078,0.69602776,0.80077446,1209.0837
a9c65c969a3b40df923e0610e58e7c55.jpg,10,66.716755,19.83423,10,66.686073,19.830746,3.4151266,1.1927149,0.95614034,0.023923278,0.9516113,0.9856911,1.1927149
a9c99a7147034b99afe6ff7ce7c01598.jpg,11,40.012662,32.715546,11,40.239261,32.50932,30.697098,10.441633,0.8382186,0.111934364,0.82368004,0.8963728,30.697098
a9dbeee1c94341e6952ac18a616132f6.jpg,11,36.968532,35.035434,7,41.090202,15.232416,1766.5522,6.3111825,0.67788506,0.0477345,0.67039114,0.7646153,607.7307
a9facce028494588881d170ea10e4d1b.jpg,6,63.84336,-22.43187,6,63.843902,-22.41503,0.82764834,0.25782317,0.68069094,0.0012994409,0.6744953,0.7663484,3.513877
a9fbecfae4c642cb8ff2e0670a3cd4f5.jpg,3,66.657346,25.485262,3,66.662138,25.463644,1.0912988,1.0912988,0.9567964,0.004241526,0.9503351,0.9836736,3.2270257
aa1353d6bbf54672989b6adab6b02362.jpg,1,48.707367,8.428841,1,50.271246,9.046673,179.52884,12.08937,0.6573816,0.00044047832,0.6535541,0.72104526,553.9679
aa18f50e75594c86b12365c9266cf3d6.jpg,0,55.381749,29.110177,10,65.371018,19.200598,1233.7565,7.774101,0.7290313,0.0013282299,0.726218,0.7714733,1230.2351
aa283f183a724bdc8aa3139900ff3195.jpg,5,60.779106,-0.827004,5,59.066087,-3.329179,236.02797,0.14758958,0.87495434,0.0054537654,0.857057,0.9465437,236.02797
aa2e8992a889401e8dc9f03bd0a7cd1a.jpg,0,52.288532,30.960008,0,53.513809,31.201687,137.20544,1.6546898,0.71403754,0.008239627,0.6916101,0.81061864,254.21666
aa4b60c0d93647b78dd0f3b7ff333c8d.jpg,1,47.646983,10.486856,1,48.442561,7.898542,211.76102,11.54954,0.690759,0.023874402,0.70014054,0.7791976,1297.2894
aa53882888f64beab318912805332aea.jpg,2,39.704498,3.242097,7,38.650059,15.846778,1091.8876,7.5435767,0.6350293,0.01623702,0.59294844,0.80803275,586.09064
aa5bb6b3475241f1afd655af9d6cb3fa.jpg,5,55.626261,-4.562941,5,51.962081,1.196913,555.6341,2.4587104,0.77810895,0.0023272634,0.77823,0.8433442,212.71446
aa70b4a35d7f4478bd278e6b6e75b4a2.jpg,7,45.401273,9.600237,4,48.039563,-1.784924,915.1036,132.71504,0.6638713,0.0050931573,0.66963524,0.6795527,747.3693
aa9e12ee2eab4309a7b46b09141f8dbc.jpg,3,64.393847,24.058792,3,64.370729,24.026343,3.0069523,3.0069523,0.9038889,0.0326671,0.8912319,0.95451677,3.0069523
aa9fd6e1ca9848fd876e1ea6ab35e65f.jpg,8,66.751893,15.478085,3,62.312674,29.862577,843.4003,7.1163073,0.75340825,0.006259501,0.73887324,0.8472946,760.9601
aaa502aff0d04743b686518e5973f5e7.jpg,11,39.142632,26.838121,11,41.144326,29.168462,297.93082,23.162392,0.672584,0.014765918,0.63411075,0.8264767,297.93082
ab057285c05b4695b0edd44c4e1fb65e.jpg,3,60.322894,23.876627,9,50.720034,20.673634,1086.3326,373.57242,0.6849376,0.015038013,0.66635484,0.77896905,1154.4406
ab0e5b2bee1d450f80b26a17f801ff0c.jpg,2,36.808881,-6.061391,2,36.733591,-6.089131,8.728878,4.3758006,0.8160008,0.15749937,0.79461336,0.90155065,8.728878
ab2bc1a88fa54ab484b0cdbceb7d471b.jpg,1,51.813712,14.098966,9,52.234214,17.385475,229.65723,14.962478,0.7072656,0.019303083,0.7236746,0.7814551,344.63736
ab42dc351e8c4040a2c8f706148a9d6c.jpg,8,68.908495,17.758752,8,68.993804,17.72014,9.610463,0.06490113,0.8520783,0.024621904,0.8514359,0.8892058,10.461133
ab71d6fd23b74eddb3b4bd9043cb3b97.jpg,3,63.146978,28.048931,3,63.147365,28.049237,0.04569482,0.04569482,0.84459573,0.06118381,0.8270108,0.91493547,0.04569482
ab815c1fe5bd4aa087122258c4560cdb.jpg,3,68.50969,27.513921,3,68.559403,27.503438,5.544275,5.544275,0.7937176,0.008875072,0.76990336,0.91808057,48.14481
abbabb9ba44c4beb967d12d755348afd.jpg,11,39.566686,27.039999,11,36.338993,33.542717,673.43274,33.102,0.70465523,0.009417117,0.68168133,0.90862143,676.58563
abce2f6fd7e147f9a371fcb19d2aa905.jpg,2,39.349653,3.008196,2,39.636156,2.650821,44.219044,2.2713988,0.6892384,0.007901967,0.683517,0.8100803,11.757465
abd532800d6941bc9efc5e23cf330c1d.jpg,5,50.186519,-5.122671,5,50.121122,-5.440189,23.76187,5.542968,0.72886115,0.02769041,0.7081232,0.8155874,23.433475
abd96472513144c29bfde49d1c631949.jpg,9,51.024972,16.210393,9,52.225771,17.352686,155.06335,24.555407,0.62947315,0.0024843216,0.64736927,0.6375891,146.86252
abe38d465a824fbdb63375f7417e4bf0.jpg,3,63.795966,29.189846,3,63.768026,29.19247,3.1094635,2.2046027,0.77942336,0.011370778,0.7382373,0.94416726,3.1094635
abef441737774d10baf3fa645633dfa8.jpg,4,43.019473,1.963161,9,51.503922,23.561949,1872.8848,80.43942,0.6678903,0.06109792,0.66635036,0.67405015,1872.8848
abf983a51e2f4ae9ab77123671f7ea5d.jpg,11,36.222032,29.696394,11,36.632633,29.223868,62.223843,23.287813,0.7221791,0.008795679,0.7029037,0.8644074,23.287813
ac2f847aeeff48d5be2c7cf1927916ef.jpg,6,63.513897,-18.484581,6,63.517242,-18.480205,0.43061888,0.43061888,0.9524641,0.035136223,0.94368184,0.98759305,0.43061888
ac3f20d27faa461fbce9a7c57c336a22.jpg,4,41.485247,9.240302,4,43.280181,0.109793,775.58856,7.4099627,0.6980182,0.05394745,0.67522395,0.7891951,775.58856
ac435b3a412643bfbd0560f7ede01c54.jpg,11,36.42827,33.722287,11,36.407378,33.808129,8.024729,5.435291,0.7507402,0.024703205,0.7088158,0.9184375,8.024729
ac584830efa44ccaaa8e937f77b3fe26.jpg,9,51.590299,21.329363,1,53.07669,11.270557,702.52216,184.43015,0.6998555,0.00125736,0.6879839,0.7473421,702.52216
ac802301b8414c868884232ac503c3a8.jpg,5,54.783766,-2.230555,5,54.84405,-2.236807,6.7152433,5.345481,0.6519355,0.010245502,0.6594399,0.7046454,314.0954
ac98e580619c44b680f73afbd26fceb8.jpg,7,44.861659,7.301967,4,44.388842,2.040605,419.61075,0.32793316,0.69399124,0.034400642,0.6991801,0.852895,139.2055
ac9d86afc35340dc96346f9c96989f86.jpg,10,60.13121,13.509109,3,61.742984,22.139353,498.961,244.4196,0.73043436,0.077973366,0.7002001,0.8513712,498.961
aca190e0235c4ab9b001c00e41ad3fde.jpg,11,39.532817,31.099073,11,39.533479,31.09653,0.23017548,0.23017548,0.9248587,0.25258696,0.9136809,0.96956956,0.23017548
acc94a3dbd9d4b309610b0c4168b3f36.jpg,5,51.824071,-2.945212,5,51.821019,-2.964576,1.3734667,1.3734667,0.77945584,0.038881183,0.7751156,0.7968167,1.3734667
acd936e3599f4f07a09d794a5f31f4f6.jpg,5,56.899627,-5.024047,5,56.900806,-5.02005,0.275855,0.275855,0.8401644,0.0913533,0.81409025,0.9444609,0.275855
acf34b209ebd4c3e84e9821274f8dafe.jpg,11,40.005743,42.21293,11,40.012655,42.210837,0.78898156,0.78898156,0.840657,0.00042641163,0.8227054,0.9557041,19.81283
ad15498460914b97ac0fadce69726520.jpg,6,65.550515,-23.952548,6,65.614,-24.212991,13.897944,7.581625,0.8094222,0.0011744499,0.7754855,0.9451688,13.897944
ad19416ac088481fbd837467ade364c5.jpg,0,52.156136,26.091831,0,52.164541,26.090011,0.9428042,0.9428042,0.77948415,0.06344998,0.7843381,0.8131137,978.25446
ad1d9c6b9fd446a98343acace387db02.jpg,8,62.989831,7.851297,6,64.470019,-21.518989,1441.6033,15.5462055,0.64898825,0.0003285408,0.6324148,0.7643878,1099.5236
ad35ddf23dae430684bfb6f1780dfa87.jpg,10,57.647849,18.636977,10,57.652833,18.653089,1.1073089,1.1073089,0.75816774,0.072235584,0.7449068,0.81121147,1.1073089
ad79622c234942a7bc760d821e19b18c.jpg,6,63.847535,-22.378925,6,63.852789,-22.361325,1.0417414,0.93172187,0.80344737,0.004825115,0.7855747,0.8749379,1.0417414
adbf0740e1384e869522e0bc734c1816.jpg,6,64.827938,-22.520807,6,64.838157,-22.569522,2.5685766,1.6302259,0.9247795,0.038978815,0.91316557,0.9725709,67.595924
adccd57173b84073937d279c35a2f524.jpg,9,52.496954,20.877391,9,52.4992,20.909518,2.1891055,2.1891055,0.8051046,0.022022784,0.7926436,0.8549484,2.1891055
adcebc84dfb945f59d29db0e5745d574.jpg,9,53.513195,20.685154,9,53.423191,20.512171,15.207248,3.2223108,0.77806085,0.06426877,0.7448195,0.9110259,15.207248
adebb2b9ed9d4f479f494ca08606ce65.jpg,7,40.948755,9.038381,7,41.000414,9.239631,17.84519,1.2318705,0.78536814,0.00151968,0.7604569,0.9054103,8.983255
ae1f4be409a14240b6b157facae3ae4c.jpg,11,36.429686,36.383425,11,36.085495,36.152501,43.51424,15.362112,0.73625845,0.039107025,0.6950414,0.9011266,43.51424
ae26c6cea1214944bfd1275acdd5f7a6.jpg,6,64.201828,-15.736508,6,64.209619,-15.720971,1.1470242,1.1470242,0.9093634,0.048037767,0.8951919,0.9660491,1.1470242
ae30d8a7775542f8bb87a77e503d374c.jpg,6,64.416895,-14.588153,6,64.416867,-14.587286,0.041746337,0.041746337,0.9329677,0.051618874,0.9229552,0.9730178,0.041746337
ae42d17b569549ecba4196bb0f1bed76.jpg,9,51.921287,19.385935,11,39.550605,44.056219,2338.723,62.133125,0.68348247,0.0027142763,0.68854666,0.67608297,2139.8445
ae5adc2acac8406280211bb62037238b.jpg,7,38.614548,16.347276,7,38.625583,16.330254,1.9215951,1.9215951,0.7584989,0.05202073,0.74762815,0.80198205,1.9215951
ae608f2b8ca94186bbc2d51eba04f6a1.jpg,2,42.436649,-7.705097,2,42.306883,-7.615863,16.184637,0.51088387,0.69368505,0.03762704,0.6960346,0.68428653,16.184637
ae96b33ba99544e7b7e47caf88debced.jpg,10,62.987129,15.149624,3,63.484984,28.823582,685.6096,12.390954,0.7065487,0.0028831363,0.7242035,0.7187047,137.18155
ae9bc0863dac44758bb9bc98f02ad2dd.jpg,3,60.159243,23.573084,3,60.276655,23.378266,16.918211,11.874945,0.7111234,0.0008159876,0.68905514,0.81499034,11.874945
aeca9a2bd21d4086b8a90da3ab4de21a.jpg,6,63.961375,-16.860194,6,65.811202,-22.518352,336.8581,1.3593569,0.8831423,0.0047872066,0.8675484,0.9513197,171.61682
af03c0f6c9ee4ccaa35f9e1692fadc62.jpg,3,66.598129,28.989443,3,66.602971,28.973661,0.880679,0.880679,0.8960463,0.001876831,0.8789326,0.97712505,177.04094
af1280e9ea72484f8d023d8cba708709.jpg,2,41.968898,3.031821,2,41.956977,3.048326,1.9024777,0.58747256,0.6969936,0.0028513074,0.69343084,0.73517406,7.2253194
af2816345fd04d6d9c46ea3d74f4ef8f.jpg,10,65.924175,22.657625,10,65.922477,22.656767,0.1927792,0.1927792,0.9231922,0.100678444,0.9077707,0.9848782,0.1927792
af2abc8c70ac4a03beeaf93dd23f3dc5.jpg,3,66.680404,28.924532,3,67.276637,28.261558,72.29435,8.878415,0.88584447,0.0062355995,0.8699341,0.9623301,186.0978
af3b62fec2e940ab9ab8e8eef90d58bb.jpg,10,58.548535,16.646527,1,48.357057,11.597362,1180.7032,194.14886,0.599005,0.0032297373,0.59710026,0.7759105,1551.3568
af3cd0aa6cc045f3b2dd668d310245c1.jpg,1,47.856465,10.896259,4,47.213943,5.294785,426.4397,13.763155,0.68728966,0.0026672482,0.6758162,0.78312117,232.69067
af3f21f7378a4f8894834450d80535fb.jpg,11,38.73891,35.35651,11,38.725691,35.460687,9.155165,9.155165,0.75827265,0.010219932,0.7705625,0.88576436,1929.6387
af9ed71ef4504babbbae58e1b3f7b88e.jpg,11,40.245439,38.973363,7,40.936322,9.471971,2480.3892,188.58546,0.6394466,0.0056901574,0.62730306,0.76397204,1103.6744
af9f915b1cf64f08b31013fae3e59a34.jpg,4,44.545985,2.715446,4,44.224642,2.772608,36.01933,29.650585,0.7570959,0.0026742816,0.7288866,0.8699328,36.01933
afb780ee35f04fb7a529bf1773024dc7.jpg,10,61.60086,13.253221,10,61.98461,14.580846,81.78798,36.50713,0.6910367,0.001844585,0.6867884,0.72834677,106.18609
afc1c809b90747279b4ba2a05fe7f456.jpg,4,47.525253,3.570431,4,47.5104,3.741117,12.923933,8.545653,0.7828917,0.052526534,0.76116484,0.87606275,8.545653
afd66ab99eb44d2e8ad1547b14c70d81.jpg,0,52.048745,29.441186,0,51.674486,30.364488,75.83989,0.95217615,0.85921323,0.01968652,0.85135525,0.891395,75.866325
afef9eff19794fcd82fcb2ec09e06cfb.jpg,5,57.806826,-5.151205,4,42.976644,0.708042,1698.9929,1087.7579,0.5782381,0.0040044785,0.5652091,0.75773764,1555.2914
affaa8ea7ab548ebab5e4947af1bc852.jpg,1,53.503283,11.834907,7,43.136857,11.793897,1152.6995,14.361443,0.73273754,0.024847806,0.7396239,0.7244935,1155.0242
b007b12609ad4cd4a72237203a80d785.jpg,5,54.26768,-7.538676,5,50.163039,-5.307379,481.00214,30.626478,0.735234,0.0068271756,0.74062693,0.75793844,469.89526
b009dcdd8bab411ea248eba2e1eb9ced.jpg,1,49.748021,10.194909,4,43.541191,0.465658,1012.3705,301.87344,0.61008674,0.019406974,0.6259197,0.6620827,737.37476
b00a49e95c2241898c8592ab3c899a39.jpg,2,28.54494,-17.810161,7,40.068997,9.610283,2809.77,5.8740673,0.6319601,0.0007044077,0.6092927,0.7645837,3046.2947
b01505c0d7cb41e09c4d8f0e8df8cb0c.jpg,8,67.133911,16.068319,8,61.537406,9.946608,687.85297,25.96581,0.6246965,0.006085038,0.5805633,0.801229,687.85297
b01546f7b1fe47958cfa6b8ea4ae7f25.jpg,3,61.834983,29.73343,3,61.831539,29.732559,0.38567507,0.23072153,0.8750072,0.023196042,0.8578988,0.9434407,0.38567507
b0239a6738f94dd791f6820078ed84d5.jpg,2,37.286284,-6.994538,2,39.339619,3.095482,908.90247,29.12164,0.6619296,0.05348879,0.6540891,0.6973529,763.2408
b08439d787f44886b585816330b77549.jpg,8,68.775596,17.801596,8,68.775022,17.801352,0.06457731,0.06457731,0.85585445,0.002157271,0.8511432,0.92646074,14.541131
b084fcb9af6449e89a495ec279b7ab3d.jpg,8,58.905317,5.72673,8,58.90648,5.733164,0.3914576,0.3914576,0.7002498,0.068063915,0.7144509,0.70044816,1245.419
b08d1747970640229cca14996978fd8a.jpg,8,62.468273,6.104138,8,62.339427,5.871033,18.693176,0.7293043,0.6496061,0.003758788,0.6238155,0.7989984,184.12694
b0af8395aacf43d1a171418d2ee3af5e.jpg,0,52.597127,25.57838,0,52.254585,27.793529,154.94626,0.8901328,0.8418408,0.002305925,0.8204888,0.9272485,154.94626
b0c001ed9e424825a36ab23de39ef781.jpg,9,49.477097,19.671189,1,49.596058,11.629635,580.1645,47.831413,0.62668455,0.00989151,0.6076561,0.72265965,601.81085
b0c6066a50d44e1daedfda1c90fe4f43.jpg,4,44.271386,-1.18401,4,44.272177,-1.183754,0.090286136,0.090286136,0.67791015,0.037697494,0.68728495,0.76526505,1870.6747
b102d6f6a25f40b68011d29df1470238.jpg,3,67.427241,24.937528,3,67.084424,25.081534,38.618973,1.8541585,0.88560295,0.005179584,0.86545414,0.9776287,231.7677
b11dfaeeabe041be8b68dbc4b1118cf9.jpg,8,63.239134,9.509742,8,59.803125,9.897395,382.61792,3.9969308,0.61785346,0.011763394,0.590106,0.7288431,382.61792
b12510c6c36a43f8926904898ef0c8b3.jpg,6,64.539214,-14.58192,6,64.503405,-14.489529,5.9485683,5.9485683,0.8354356,0.0024414062,0.8227314,0.9410222,22.757065
b143a34308b948bf80e0247b17693214.jpg,8,60.598869,8.481029,8,60.50297,7.966255,30.094648,2.9335983,0.74857306,0.035387218,0.7151694,0.8821876,30.094648
b1676addbf3048e4b4a257f1ec0f5bbb.jpg,8,70.674659,23.650857,8,70.674224,23.65215,0.067849286,0.067849286,0.8029618,0.012782335,0.76811683,0.95435613,152.55307
b1b1d0eaf839457fbcb139a36cad12aa.jpg,11,41.379008,31.95694,2,40.73446,0.820519,2597.5903,146.19708,0.6486447,0.007862806,0.6543335,0.6972632,2970.1438
b1b5c1f627564851bf6e7eecd8c50718.jpg,7,44.911918,11.857416,1,54.129983,9.065803,1044.4066,13.715098,0.6767927,0.011902571,0.68495464,0.69688714,647.06146
b1c8c24e60624d42aabc73316944d0bb.jpg,3,63.004689,22.310788,3,61.873685,24.507255,169.0567,9.411278,0.8953122,0.0021505356,0.8790114,0.9714265,52.189648
b20456dc51664fe0b4be901e05a13bb3.jpg,11,40.615791,43.17016,11,40.615055,43.200825,2.5896573,2.5896573,0.90907985,0.07695395,0.8925542,0.9751823,2.5896573
b21ed21355c8482d99d4f47094c58b09.jpg,5,53.144221,-0.699911,5,52.809217,0.04103,62.03769,3.7948155,0.7203674,0.0069032907,0.70159566,0.83687156,177.56981
b23f189b19b0426d8f9c3b44539b444e.jpg,3,63.00816,21.862343,3,61.747037,24.348989,189.97243,10.990767,0.77656996,0.001604557,0.76333666,0.9314122,78.93158
b24864735ae74e95964a700d008a9241.jpg,11,38.371668,42.799228,11,38.443551,42.320676,42.457123,0.35577634,0.77163255,0.044071555,0.76003015,0.8397641,27.056837
b2596a93370b4ca097ccaac7189d1668.jpg,8,60.409667,9.495933,8,60.423563,9.471005,2.0640204,0.41953665,0.80293155,0.015060008,0.7797804,0.8955362,2.0640204
b261c1d1da624c988dd138b20b4cfc80.jpg,2,40.79926,-4.466284,2,40.795479,-4.455789,0.9783817,0.9783817,0.82916486,0.06660199,0.8103264,0.91522384,37.944862
b277afbd82964010ac43928f67a49165.jpg,11,41.033282,32.078197,11,38.316743,43.10147,989.7746,16.874542,0.7136292,0.015283763,0.6838626,0.85505474,921.2476
b2bf89541a4a4982ace01539cdce6f1f.jpg,1,47.772924,8.264256,7,44.741579,10.914752,393.82294,210.85661,0.6429386,0.0053444505,0.62095857,0.73085874,393.82294
b2de0a49e91c4267a92791745f9276ab.jpg,4,47.199505,5.353274,4,47.578246,6.126839,71.86666,4.700949,0.71651685,0.04553199,0.725488,0.8146622,93.86391
b2e55f84df1f4b4f90949eac615e1748.jpg,10,64.211284,18.842825,10,67.143007,20.794396,337.98267,30.99132,0.8223481,0.0053210855,0.7976663,0.92449474,261.0025
b33032bcc6914de2965161c3062e7f44.jpg,3,60.311602,24.64385,7,43.722043,11.450498,2044.9623,443.68576,0.6548035,0.037813365,0.6507429,0.7493204,2049.313
b332c24038a0496c9646ef51b4181e5f.jpg,11,40.287944,30.024419,7,40.956426,14.835434,1282.4739,14.907131,0.7060366,0.0040845275,0.6961994,0.8315587,103.03846
b347e61d686845d6bb50f9cad6b3dd4c.jpg,7,43.19454,13.505253,7,44.955409,7.202041,540.08154,9.0808935,0.66345096,0.0005584955,0.6467403,0.76788735,303.527
b37f8eb0458146c39585bb84fc92f29d.jpg,8,69.293549,16.016331,8,69.293191,16.017455,0.059477635,0.059477635,0.82197976,0.058783174,0.7928115,0.93865263,0.059477635
b38d0f5d23a74373b5d984643a384831.jpg,5,50.661676,-4.646746,5,57.172904,-2.709073,734.9735,4.7985477,0.76266646,0.018587291,0.7289204,0.9144939,620.71246
b3ba11f561164d42bcfa0efe2a62f076.jpg,4,49.1336,2.53424,4,48.0531,1.992234,126.585266,48.545834,0.6821393,0.0028908253,0.6693515,0.7708493,712.8769
b3bc4c0c4fea48a197ea25fbb766b4db.jpg,7,45.763221,8.677704,5,50.116171,-5.419448,1153.8885,73.55747,0.72510004,0.007804513,0.6963935,0.83992636,1153.8885
b3c157a90b8e44a3b36d63e24cc7bc08.jpg,3,60.821778,22.444644,3,62.637052,22.430047,201.851,45.100243,0.6541785,0.0037580729,0.6539072,0.72461283,792.77875
b3cc3d4ee69e4519b081d9c485622238.jpg,4,44.084387,-1.310524,4,44.325544,-1.097516,31.738796,6.6904163,0.81071925,0.020137668,0.78429985,0.93584,46.88674
b3ecf14e4aba4ea9984709401f25e2e4.jpg,10,66.872859,23.086408,10,66.908,23.129171,4.330324,4.330324,0.9466344,0.07532269,0.93974036,0.9742104,4.330324
b415ab09842847b0bdc812361ceca98d.jpg,11,36.878162,28.636278,11,36.88162,28.636747,0.38676876,0.38676876,0.9272464,0.2058757,0.91843057,0.9625095,0.38676876
b423d1a1304e494ab7d0a2755af69e09.jpg,10,59.75123,17.083948,3,64.426447,27.622723,754.0229,45.015106,0.60717094,0.00082176924,0.5961901,0.7536088,446.79556
b4a0ba9c227e49509d789eb7cb902520.jpg,2,28.050318,-14.358446,2,39.519581,3.287335,2063.611,0.24309367,0.70235276,0.03043127,0.68765974,0.76985383,2050.3127
b4cd1277737744e9b04073fb29877b50.jpg,11,37.5436,27.348292,11,37.544872,27.348618,0.14433083,0.14433083,0.9025636,0.11166084,0.88949215,0.954849,0.14433083
b5061840c83e428fb6c0a584819a0cad.jpg,10,67.943184,20.361402,5,55.369446,-2.513646,1825.417,1515.2167,0.6668675,0.013482749,0.6531931,0.8249549,1846.4386
b523ec4803ba4ebab62b8cbfc5677a86.jpg,9,51.909656,19.865053,9,54.201122,17.516614,299.22284,12.92548,0.70084405,0.0189659,0.67599857,0.8175886,340.5819
b54277e4fcd54407bce6c609d1c427cb.jpg,8,59.635947,10.696542,11,36.495563,33.967135,3065.0916,35.887516,0.67042893,0.0056450367,0.6639223,0.8009443,3047.729
b55834093da04570a4924b7b9e3d8810.jpg,10,56.569333,14.669431,9,53.723756,16.290387,332.73376,25.797337,0.65304,0.00874728,0.62200356,0.82970905,297.7347
b5994d714e954067ba87386f99e0a3fb.jpg,0,52.529622,24.581232,0,52.304898,23.661191,67.212906,4.0121536,0.821296,0.06362939,0.8104567,0.8646531,67.212906
b59ac730da714ccd85d94c160eb3d711.jpg,0,52.446246,24.283131,9,52.492906,23.117211,79.14659,11.002586,0.8219447,0.07294196,0.8094505,0.8719215,79.14659
b5bba91ed84b4067b98de745ff51df26.jpg,3,65.526213,28.574539,3,65.531516,28.519207,2.6159651,2.5678012,0.9527113,0.0035949945,0.94341654,0.9899217,2.5678012
b5e1a219e14f40919560c0546f2edfe3.jpg,3,61.337578,21.843519,3,62.61615,22.751084,149.86491,3.7559187,0.8383925,0.0041825175,0.8172519,0.9229548,149.86491
b5ee962280a943b48fb230ca88caf62c.jpg,4,43.622517,-0.923664,4,43.627323,-0.928263,0.65009147,0.65009147,0.7359587,0.017194629,0.74038565,0.7182508,0.65009147
b5fc2fc4afa449cb90a6a3768ffc54d6.jpg,4,49.091797,6.627939,11,41.515378,36.021809,2429.8577,393.26227,0.62094104,0.0012478828,0.6172873,0.7128725,502.2827
b602cb027b2e400ab0ca4b6ca7f6d55d.jpg,10,61.71596,16.844332,4,43.64486,1.217469,2255.2576,241.91287,0.59931123,0.0014538169,0.5975611,0.6916815,2016.083
b60683ef3ebb43f8ad044a9edd1449cd.jpg,6,64.82904,-23.467422,6,64.824226,-23.542114,3.5730906,3.5730906,0.84599173,0.0018751621,0.8280717,0.958332,30.38527
b63337b33cee4b74a7551d6326087aeb.jpg,6,65.187278,-14.042153,6,65.191485,-14.013813,1.4026432,1.4026432,0.79202604,0.10263121,0.7980627,0.7754283,358.85208
b6572b05551f422fa86c4007c2b934d1.jpg,7,45.526217,11.014515,7,45.328528,11.002406,22.002346,22.002346,0.7033309,0.026622415,0.7028787,0.7523843,31.1099
b657ecda6449426c9c1a9b4280bc1262.jpg,2,36.849531,-4.130738,4,43.040346,2.834333,908.4003,141.40982,0.6576238,0.03455937,0.6859095,0.62705815,3102.8877
b66016e60fd742df93066955e9e72f21.jpg,4,42.088504,8.710679,2,38.627017,-6.36858,1332.3418,463.1957,0.7126374,0.019011319,0.67995936,0.8793165,1196.4719
b685d1cba3e7498785b40c8817ed3732.jpg,1,50.613664,6.456933,0,55.933738,28.650292,1581.2076,1334.4792,0.75203,0.0024735928,0.7736663,0.90547764,1958.0577
b68ab346cb8f4a25829256730051f229.jpg,6,65.212108,-14.605302,6,65.142489,-14.735545,9.843391,5.5295253,0.793297,0.0020233989,0.76169413,0.9197083,9.843391
b69786a82560426f9a608280232ccf27.jpg,5,56.676738,-5.24017,5,58.516323,-4.693038,207.1327,14.835861,0.754492,0.005546868,0.7414491,0.87515295,37.61379
b6a7ffab87134979bb8c7d7d3cc8c838.jpg,5,52.940666,-3.81324,5,52.945554,-3.642905,11.426571,11.426571,0.77403635,0.0036498904,0.745129,0.9126866,95.34833
b6c932ae269d4e7fa8f675ceb40fe8fb.jpg,1,52.329533,10.205829,1,52.479247,9.679701,39.383038,32.05147,0.6858694,0.008063018,0.6965514,0.7199371,112.28648
b6d3613dfc89478b83abca45b830e422.jpg,11,39.942946,43.991309,11,39.677753,44.055049,29.986551,17.650082,0.67820185,0.015850484,0.7001325,0.6792761,3804.7278
b6f85673ecda4de4a9edacf474235226.jpg,6,64.287983,-15.148427,6,64.290192,-15.088645,2.8943157,2.8943157,0.8649889,0.021168232,0.8517629,0.92955923,296.93085
b701e8f33cd1400a8f859816524a6c54.jpg,5,57.162572,-3.687284,8,67.322475,14.617682,1463.2656,0.15656962,0.6834225,0.01710385,0.69323987,0.73744,778.9689
b71d57ce2b274bca939b4284bb24aca7.jpg,4,46.870227,4.572111,7,44.236522,9.711035,495.68332,118.19519,0.68610877,0.005305648,0.69078517,0.7566576,588.9029
b72078f0b89e40eda1172f5b956c9a33.jpg,1,49.342207,6.840242,5,54.558802,-7.254872,1123.7885,59.25454,0.7623043,0.034840286,0.7529229,0.79982996,1123.7885
b73fd2ba60e9457292363a085cfb27ed.jpg,3,61.280884,24.701186,9,53.366503,14.817662,1058.897,747.98694,0.67143923,0.02597791,0.65086603,0.7867136,985.60156
b74d9017fd2e40f5a6cb3e8ff8126401.jpg,11,39.578713,39.939137,11,39.56763,39.976372,3.421106,0.5222279,0.8809327,0.012655139,0.8596802,0.96594286,3.421106
b75490fd7edb4627b77efb7a2512a476.jpg,0,52.531325,24.568612,0,52.520251,24.638502,4.885883,4.885883,0.79443693,0.030004919,0.7962856,0.82817674,66.48953
b757a3ad0f754f8e8b88078764d34e43.jpg,10,55.940457,13.492509,9,53.664052,14.32877,258.73224,248.71283,0.6977118,0.012179077,0.6949128,0.7765328,418.24365
b798ed0ddead40f192152a821c67341c.jpg,8,62.470735,6.186424,8,62.470561,6.190151,0.1925227,0.026743835,0.8705878,0.049339354,0.84647363,0.96704435,0.1925227
b7b0f85f6f7045f68082dae2e349b2d2.jpg,4,43.644337,-0.894385,4,43.600697,-0.800645,8.9711895,0.9914441,0.75058615,0.01366061,0.7672786,0.7861292,2726.3086
b7f88cce4b7f41a09621cd6f561822a3.jpg,8,66.783132,15.467021,8,66.784095,15.466107,0.114330366,0.114330366,0.87578356,0.15401477,0.8661802,0.91419697,0.114330366
b8165bb0b1e847349c7c2bfef6f0670f.jpg,6,64.986021,-22.811439,6,63.884242,-21.375005,140.56264,0.28118518,0.8679271,0.030208766,0.8541559,0.9426335,7.277704
b81778b1d78d4fd3928e7790d1d1132c.jpg,9,53.367215,20.7613,1,53.147594,10.095165,709.26245,630.59106,0.62942696,0.00050646067,0.6372251,0.68656284,860.3123
b83afa3880bb4948beb2f72d0c442a8e.jpg,8,61.974067,12.991275,8,61.936309,13.012515,4.342864,1.0641927,0.8577441,0.0028752089,0.8350725,0.9484302,4.342864
b881771bafd647f785af8109d57ecfab.jpg,3,64.523213,29.725376,3,64.821072,29.339583,37.86476,5.964602,0.8033081,0.0027931929,0.7712146,0.94585025,8.202087
b887a58c1faf4add949987d464a8e64e.jpg,11,40.9274,38.856106,11,40.927092,40.542772,141.69893,8.180638,0.75326025,0.027341247,0.7442164,0.8312851,3386.8025
b88cb6c9c84549c69a17ea5193cca448.jpg,2,43.412151,-5.207642,4,48.520419,-4.581541,570.0661,9.758929,0.6194267,0.004393697,0.59826684,0.7734354,691.5564
b8a33e630b7e4fecb645ab5a2fb93cc7.jpg,3,67.911444,23.915808,3,67.910251,23.918936,0.1862936,0.1862936,0.9027683,0.011244714,0.89423686,0.93689406,0.1862936
b8adbd8d97694d5ab7c6ce1256431597.jpg,7,40.014238,8.505446,9,51.69893,21.003915,1615.3793,7.5871334,0.7763947,0.0020874739,0.76338744,0.832145,1616.8402
b8c6a455e0154d338efa26381916e02d.jpg,6,63.843292,-22.407004,6,63.843436,-22.407855,0.04468172,0.04468172,0.91761553,0.046452284,0.8998023,0.988868,0.04468172
b8d2293920034bf682c5aa72dd0f0fa4.jpg,0,52.772357,30.755418,0,53.013864,30.573783,29.489458,0.3148278,0.76520765,0.008608103,0.7434478,0.8893399,50.754646
b8f1b1c92bb24b7f9783acc4fd6d356d.jpg,11,37.033921,43.763429,3,66.160254,25.101915,3454.2375,571.74194,0.8672007,0.03981644,0.8540845,0.9268496,3456.7817
b915b1c6396146199381fbac6e36f114.jpg,2,38.996591,-4.344472,2,39.122062,-4.133688,22.931976,22.931976,0.6973623,0.040301204,0.7267338,0.69028914,2383.083
b917effafb104380bde4033b9f6b82ec.jpg,6,65.623158,-19.370811,6,65.62306,-19.368048,0.12727344,0.12727344,0.92223513,0.018689036,0.90945995,0.97333586,0.12727344
b9275c7e5fe549da8ebe794cd50748db.jpg,8,60.65516,8.036733,8,59.826472,9.908382,138.41713,4.048197,0.8101194,0.019268274,0.79299605,0.87861276,138.41713
b936b6286a55480aa268552240a389dd.jpg,7,44.756514,7.241439,7,44.313225,7.211355,49.349197,8.245682,0.63972616,0.012045145,0.60579276,0.77545977,49.349197
b96936ba76fb44a39894ccf8fafc42a1.jpg,10,60.458932,14.736934,10,59.568743,17.637801,189.15175,23.572926,0.6622387,0.040248215,0.6654824,0.7007469,278.74786
b96f8daf530243dc875b3af5813e4793.jpg,4,42.172352,9.528403,4,49.378158,3.368019,932.14874,20.357256,0.6598201,0.031030774,0.6802739,0.71101475,706.7064
b97cc74eeff94237a4f02a840aaab16c.jpg,2,43.342402,-8.302587,2,43.345176,-8.308373,0.5604183,0.5604183,0.6853189,0.0031949878,0.6703234,0.82078195,13.787884
b97db2133d3d42f78d6f74f3a5274cc2.jpg,10,61.658569,13.177434,10,61.361226,13.53489,38.11338,23.588512,0.7988876,0.0013172626,0.7645212,0.94595444,36.41075
b983f79da77d4ed4a8778c8beec6149c.jpg,5,54.6626,-7.338633,5,56.515266,-5.931793,224.16318,76.97904,0.6497187,0.01349169,0.6372063,0.7706921,509.23932
b98fa87001e34b959cb0cbb611c8f524.jpg,6,64.848514,-22.673194,6,64.973129,-22.933374,18.506594,0.70954555,0.84080285,0.018655658,0.8257599,0.9009745,18.506594
b993f4c63b5d4fbaa9156069b7bc4618.jpg,2,40.514723,0.251152,2,38.199715,-0.679126,269.55197,10.61009,0.74301493,0.022126138,0.7039927,0.89910364,269.55197
b9a2d91679884c16beeda9e347d9ee2a.jpg,4,42.369339,9.529649,4,43.79423,0.824933,724.11304,271.2974,0.6929233,0.02101624,0.6512965,0.86801237,774.45355
b9d313b2bd41404480ac8bb26f5340db.jpg,7,40.038959,15.307518,7,40.039115,15.310215,0.23025441,0.23025441,0.75863683,0.098190725,0.73983514,0.83384377,0.23025441
b9d4dfb7171441cf89e3df8ed3a6fa6e.jpg,8,67.297864,14.786064,8,67.298007,14.789943,0.16722326,0.16722326,0.90766764,0.08040875,0.89492965,0.9586195,0.16722326
b9e2980cef6a4739a34bd92a385dfd08.jpg,3,67.460569,27.095057,3,67.483764,27.894928,34.173664,2.2325675,0.8036626,0.00062316656,0.76712346,0.96026355,96.6623
b9ec286cb1344ec59519dc136c520a15.jpg,2,42.978351,-2.233785,11,37.093204,38.102587,3461.593,2150.3726,0.66056514,0.00985533,0.61027914,0.86170924,3461.593
ba01242936e941599b0165160d5210c5.jpg,9,53.591454,21.039176,3,64.384379,29.050382,1282.5273,1.241979,0.699997,0.002046883,0.6927998,0.82215387,755.2505
ba0949659017442296ffbe702ee9c7eb.jpg,11,36.647997,29.183829,11,36.632633,29.223868,3.9598715,3.9598715,0.7096456,0.03954941,0.6957102,0.78576183,81.74336
ba1f0c1d0da64f2ba0de4daf711ff780.jpg,3,63.174135,28.477162,3,63.17401,28.478785,0.082620114,0.082620114,0.71274483,0.030370235,0.6970431,0.77555144,0.082620114
ba658a10334247438e4ec001e44b0f72.jpg,0,54.025989,27.952648,9,51.075489,21.281689,557.3675,22.213717,0.7282933,0.034398556,0.7131901,0.8140211,396.70816
ba72aafaf13343a7bc4fd64366536492.jpg,4,42.495081,2.67147,4,45.024511,1.977663,286.723,11.250356,0.64356947,0.0015579462,0.65397805,0.6966102,1207.118
bacbac8e78bc45c09933a6c038bc7df9.jpg,5,52.941973,-0.598363,5,55.63851,-4.595552,396.36435,47.31057,0.7245655,0.004122734,0.7232909,0.8102181,427.87976
bacc6a345a3f41a58e35cb8691e12068.jpg,1,53.115205,12.088526,1,53.307476,12.35975,27.98724,4.398376,0.8144391,0.031817615,0.817621,0.84300864,87.52376
bae13f8a8a514330877e672894fc8fa3.jpg,1,53.782348,9.30698,1,48.520989,10.350077,589.5259,213.96988,0.74511355,0.0209772,0.71585757,0.8621374,589.5259
baef3db77b804845931a3058fd5fc91f.jpg,10,65.326798,16.651808,10,65.304519,16.719152,3.9895947,0.75899684,0.9036135,0.008478999,0.8930323,0.95845443,0.75899684
bb07e5dd7b8041c9bf63103d4bbb915f.jpg,5,50.499837,-4.720235,5,50.508381,-4.719895,0.950355,0.950355,0.8395557,0.016489804,0.8120574,0.9670961,1.9968331
bb774c978d8242a0b02c6f5625784a31.jpg,8,67.264763,15.291307,8,67.315696,14.539568,32.763897,5.76659,0.6665892,0.0069285035,0.66908836,0.8436717,893.0701
bb8c893d309949c78607f5ac3eeb468b.jpg,5,57.557255,-3.001561,5,57.557305,-3.001711,0.010534839,0.010534839,0.7626424,0.1195631,0.7675828,0.74288076,0.010534839
bba315802cac4d13949c6aa3a5110a42.jpg,1,52.905559,13.597154,1,52.981844,13.835228,18.067429,6.4405804,0.76541173,0.031332135,0.7442517,0.8587295,27.444946
bbaba6e1a2a54d668d20323e5de5769e.jpg,11,39.562467,44.063764,11,39.561484,44.064047,0.111964576,0.111964576,0.95076174,0.0436697,0.94217086,0.9851253,0.111964576
bbb0b81d5f6243059c1807ada45b05fb.jpg,11,41.188229,26.664603,11,40.144092,26.378509,118.58372,30.684444,0.7826777,0.025324583,0.78841096,0.8025007,923.9483
bbb38542b7394e37af6fb055dd8280e1.jpg,4,43.271279,5.683453,8,60.481978,6.991595,1915.7572,312.75467,0.6322816,0.0010684133,0.60741967,0.73172927,1915.7572
bbbae30bac474d2a962cb3a41637e8d6.jpg,7,40.425148,17.903716,2,41.910771,2.852126,1269.0114,1078.266,0.71248204,0.00870043,0.6898508,0.81923825,1244.7633
bbcb97f37d0d4eff867c9286f4eaef9a.jpg,4,49.71891,3.275745,0,53.041046,26.254608,1629.3901,182.79842,0.6592704,0.008170247,0.67148244,0.7391715,2937.0295
bc005d841a2f472288f41ee0712f1542.jpg,3,60.872786,26.289743,3,60.319308,25.270864,82.95372,32.513145,0.76379997,0.022426426,0.7484606,0.8551911,191.01076
bc059c7ae4b44ffe812425a5135bd460.jpg,2,39.057264,-0.596209,2,40.17504,-0.869698,126.4794,7.2888503,0.6787489,0.008587539,0.65465677,0.82784116,422.36105
bc1503557b5642d9a01e6f3b7aa2d3df.jpg,3,68.346501,27.399579,3,68.357118,27.401346,1.1827812,0.318605,0.91638166,0.0020878315,0.9025446,0.98906064,0.7450097
bc203c35c31043a7968c4e416a471061.jpg,0,54.120733,27.364927,9,53.323399,22.455967,334.8515,1.892603,0.59060717,0.010259807,0.569525,0.7288485,657.8704
bc2cbec2fdf64886a95e00308fb293ac.jpg,11,41.016651,39.201942,1,49.205723,7.076011,2656.4944,655.2459,0.68397576,0.031022906,0.7000303,0.6767499,3202.0142
bc3a1de5086548109e5ae33423eaace3.jpg,7,43.648219,12.585211,1,48.817568,8.427473,657.5366,178.27452,0.7087171,0.021264553,0.6991447,0.766404,861.2655
bc44bae49463459ea6d4037a2f5fc150.jpg,3,66.267209,23.710344,3,67.432208,23.819598,129.63013,52.17108,0.8411628,0.00948894,0.8176708,0.9351307,129.63013
bc71ec7fe3b844aaa188514facb706c5.jpg,3,67.481408,27.918788,3,67.479148,27.941209,0.9873778,0.9873778,0.86557335,0.003220737,0.85581243,0.96141404,1.9628067
bc9da5747f2e46978f88943a5753196c.jpg,8,68.439336,22.614378,8,68.443138,22.742898,5.268216,5.268216,0.96186,0.026952803,0.955291,0.98813593,5.268216
bca250974d8d4bd9b0a4a526f98cd22e.jpg,0,52.527682,25.580347,3,61.133682,25.633391,956.9502,22.966219,0.6780388,0.006273806,0.64824486,0.7972145,956.9502
bcb8834a12cf4b6ea94b0af5051eb028.jpg,6,65.679495,-19.603157,6,65.683751,-19.605583,0.48610976,0.48610976,0.92157024,0.008181095,0.9106508,0.9718879,4.0259624
bcde4965e211444091d6e0b2f00d019a.jpg,0,55.781766,28.600869,0,55.782069,28.600845,0.03372547,0.03372547,0.8419883,0.0014308095,0.8152158,0.9637957,0.10231811
bce1e5e79e4e4f1d9cb7d215e5e9460d.jpg,7,40.252844,18.069557,4,47.625203,-2.995025,1867.1798,1257.7428,0.65806603,0.0009242296,0.63466716,0.77318114,1652.047
bcecf57423154314a092d40f95323807.jpg,0,52.214749,31.520143,0,52.212593,31.531959,0.83997726,0.16149642,0.94097495,0.0031920671,0.9317667,0.98059297,2.0548072
bcfa4ce477be41498f9bf00a37b0900f.jpg,3,65.101683,27.709485,3,64.82365,27.941439,32.78623,6.5605965,0.78030926,0.030539036,0.75262415,0.89104956,32.78623
bcfad9ed2fd64201b4eeccf9cdf6a67e.jpg,11,38.20074,41.09863,11,38.203997,41.098747,0.36230662,0.36230662,0.88173825,0.021636248,0.8737397,0.9151989,52.52623
bd0dfc433d7544a9aabe6308ae0144c8.jpg,5,53.139709,-0.70972,5,53.122552,-0.743857,2.9709342,2.9709342,0.8259244,0.07610798,0.817528,0.8595098,2.9709342
bd3845f1feb34f9f91a3fcafa169fc11.jpg,1,52.956335,14.037159,1,52.764029,12.059239,134.4946,11.254061,0.7065754,0.005454421,0.71973133,0.78452176,230.86131
bd57e423cdc74190a1afd8f24cb18d4d.jpg,7,38.433531,16.43485,7,39.254742,9.064711,644.601,241.99382,0.6585444,0.001023829,0.66681087,0.784865,685.8587
bd6850c9f6bd41298b789080f35929b7.jpg,7,45.733815,13.748154,8,59.553484,5.276927,1636.431,56.95124,0.66363424,0.02362138,0.6685654,0.7164618,1095.1853
bd7bd015847f41aaa84751e436666138.jpg,4,43.206483,2.801882,4,43.189635,2.606075,15.982349,15.982349,0.74403876,0.074989736,0.7258438,0.81681836,15.982349
bd7ec79a7c054017a7312d23d1623bbe.jpg,6,63.427581,-18.768528,6,63.429258,-18.768639,0.18655588,0.18655588,0.9510818,0.08332753,0.94468486,0.97666955,0.18655588
bd90c1c76ce34b52899d20791f16d7a7.jpg,3,64.817401,29.338791,3,64.594594,29.682092,29.661694,0.4099133,0.81881154,0.021087289,0.80202305,0.8923587,29.321909
bdb88c45f68f4918b7647d6fdb7ff5f4.jpg,5,53.170048,-0.828869,5,52.380967,-0.046549,102.31133,5.31209,0.824436,0.002495885,0.80789125,0.902054,134.03693
bdbfa0432bdf4366842b6ef21f434720.jpg,2,41.88132,-1.756906,7,43.884048,10.318876,1007.79834,157.83766,0.6895039,0.0076085925,0.6964852,0.8101225,934.48615
bdc6afc440204e6c9d457908661839f8.jpg,8,66.419324,14.761382,8,66.784095,15.466107,51.122486,6.966263,0.7217824,0.009677768,0.7215139,0.74072194,908.26843
bdcc88a8899842079c0b4c4da56b8be5.jpg,3,63.198933,22.811163,3,63.201793,22.814086,0.3501578,0.3501578,0.9508134,0.14574796,0.9487762,0.9589621,0.3501578
bdcccaeca4554fdaa8d8a089f94cc075.jpg,6,65.671914,-14.984014,6,66.008338,-14.846748,37.926693,0.9154832,0.902725,0.0051314235,0.8933071,0.9709017,7.835106
bde40322ce6e4969bb21499e8857a624.jpg,6,63.843817,-22.424271,6,63.843902,-22.41503,0.4530637,0.4530637,0.8133552,0.0069200397,0.7831508,0.93417275,0.4530637
bdea466ecc144c3fbb7e73f9d44d7bea.jpg,4,48.509744,-4.765075,4,48.554634,-4.678858,8.075781,6.8459334,0.7460145,0.003254354,0.7551729,0.77410007,180.99716
be0cf3a0078044fca10f8e0ab1a85536.jpg,6,65.045783,-22.757004,6,64.964155,-22.890035,11.020539,0.32379383,0.8469653,0.04034561,0.8388647,0.887877,1.6357231
be0ec5c928814deeae1741c01be03247.jpg,1,48.372023,8.031302,4,43.682663,5.095597,568.4506,291.13324,0.7205871,0.013749778,0.68846774,0.8536903,510.28577
be1a0ce4f5e24652983b03b21168aae7.jpg,2,38.143325,-0.934572,2,38.171952,-0.864267,6.9223576,1.9488443,0.88499045,0.032815754,0.88512623,0.88444734,6.9223576
be2cdeb1cb814fddaf5c2d8f876f8e12.jpg,6,66.170838,-23.417174,6,65.738799,-22.016716,79.582886,1.3846543,0.862581,0.008051276,0.84017384,0.9726602,82.19158
be382ff81b154fd0bd7918d211cb352b.jpg,6,66.162817,-19.020941,6,66.172354,-18.987759,1.829551,1.4910235,0.78620166,0.03222519,0.76967114,0.8899523,2.9534855
be9c68ff3c2842a0b0edb247f608d5f0.jpg,1,51.855376,6.225472,1,50.125825,7.487796,211.63322,29.65101,0.72045124,0.001504302,0.72905356,0.76968366,660.04114
bede275a07da45de997102c09566ca90.jpg,11,40.848302,39.652283,7,44.686069,7.20804,2664.4878,10.699018,0.70714366,0.009051979,0.7077697,0.7600424,75.367615
bee3ff7762bf453d9817092611a93e71.jpg,1,48.410349,11.648547,3,60.527296,27.547288,1685.0131,188.58089,0.65247643,0.016327739,0.6367245,0.8134476,533.70264
bee531509ef247dd8a7c370fa1e5a16b.jpg,10,56.2453,14.063098,10,56.23753,14.073136,1.063572,1.063572,0.7814901,0.07542324,0.7661909,0.842687,1.063572
bee5f772fa7648bb9be06aa41cb6785d.jpg,1,49.498944,9.088281,0,52.198832,24.3497,1110.3274,73.19814,0.64082336,0.047617316,0.6311624,0.77232957,708.9304
beff8cbd059c4c7990ae07972070fff9.jpg,4,46.510408,0.158576,7,37.631142,15.143033,1578.0146,545.2579,0.6995612,0.025497496,0.6766865,0.801671,1548.1906
bf138e73863f47f7a6c31c72cbdb03b8.jpg,9,50.57829,21.275213,9,52.900615,19.226635,294.2165,8.407805,0.73086864,0.020460188,0.7235286,0.7963406,77.01156
bf2afb328f0442a9b4785f1c18e577e7.jpg,0,53.181685,30.451467,0,53.119865,30.489643,7.3303404,7.3303404,0.8457289,0.041992605,0.84207183,0.8972283,11.012429
bf357d821df64cd3abd2b48cff9f8a8d.jpg,6,63.852498,-22.26444,6,63.84916,-22.210397,2.6742468,1.4089518,0.90073955,0.032318473,0.8846462,0.96511304,2.6742468
bf64cf7c9d3040c5ad870b05b2eb2eb2.jpg,5,52.941544,-3.82647,5,56.380135,-5.042364,390.25323,22.979645,0.7147919,0.003483057,0.70361614,0.7923507,3634.6255
bf6a03631dec4b65afc0041277f6fbf8.jpg,0,51.856763,24.21061,0,52.028638,23.79877,34.090828,0.57697207,0.71987605,0.017688513,0.70775545,0.8177566,23.720829
bf7fa6c60c8f4724a0d8dec03fbd29fa.jpg,0,55.02568,29.370973,0,54.990735,28.868015,32.305996,2.537256,0.84589225,0.008092761,0.8161967,0.9646743,32.305996
bfafeaa4628b4d999629724fffbb34e0.jpg,11,38.7801,33.64036,7,40.60985,8.377353,2163.5813,99.86841,0.7444465,0.011321187,0.7596517,0.7457908,1405.213
bfb2677c6d6f446ab990c75011366224.jpg,11,37.863667,41.154232,11,37.064461,30.616619,933.7753,0.6889876,0.7391538,0.026711106,0.7315962,0.8605068,713.2454
bfbbac4dd78145b9a64841597b75b6c4.jpg,8,70.8914,25.678986,11,40.029626,32.880176,3456.1555,10.347665,0.83817136,0.008235812,0.8257375,0.8945316,3455.9863
bfc37dedee8444859a55620884307adf.jpg,0,55.769048,28.604265,0,55.617381,28.64715,17.077448,0.62126464,0.90108055,0.019215286,0.8875195,0.9716834,0.9857454
bfd3bb2c72c2400c8eef88815375c782.jpg,10,67.086083,20.749479,10,65.627285,18.934853,181.25769,6.022605,0.88831073,0.012942731,0.88303626,0.90940857,181.25769
bfd606c1199844e79bee434ddf049326.jpg,5,57.492314,-6.359089,5,57.212318,-3.259059,188.53117,11.991977,0.77310896,0.039792836,0.74578804,0.89571667,72.12237
bfed1c2002bd40b19fdbb106a96e4d10.jpg,8,70.792938,25.721305,8,70.440607,24.594686,57.1254,8.967137,0.8449012,0.0033465624,0.8321717,0.9407339,8.967137
c00719b81bc14ede912adf7fef67c52d.jpg,10,66.942733,23.017967,3,65.903662,24.10041,125.163704,6.197028,0.8581679,0.005667448,0.84365,0.9162394,125.163704
c01f5a1393f14bacb2a37876a6be0803.jpg,2,37.869634,-4.31212,4,41.578553,9.243642,1228.8768,23.123562,0.63243794,0.056122065,0.64491,0.6606331,250.31482
c063b290cf8f479e9753733f1a9a6255.jpg,4,44.410575,-1.074512,4,44.405663,-1.074967,0.54738474,0.54738474,0.8996314,0.20577097,0.8983933,0.90458363,0.54738474
c06822960ff64cab832b81a32bcc1048.jpg,11,36.281794,33.482903,4,41.634377,9.231767,2171.5361,0.98448724,0.75750756,0.026681721,0.75039774,0.8248035,2164.848
c07ff5de72c2475c8c3e2cc394e82cd9.jpg,6,66.070804,-18.657404,6,66.076868,-18.633666,1.2651553,1.2651553,0.7584199,0.042539656,0.71887803,0.9165871,1.2651553
c092fd6351084123b848e2a76c40be1e.jpg,11,40.395273,26.886917,11,40.395684,26.839398,4.024406,1.417913,0.86635673,0.035737753,0.8484476,0.9379933,4.024406
c0d045a584f541bfab2f023b06bf15c6.jpg,11,41.348261,32.023204,2,42.789596,-4.904219,3027.9436,19.288784,0.75854087,0.051980376,0.75231,0.80725145,3051.38
c0eaf207b1db45e7bc548b4f95888813.jpg,6,65.807319,-17.563097,6,65.804252,-17.566427,0.3732744,0.3732744,0.963662,0.039876223,0.9562964,0.99312466,0.3732744
c107b76f3d5b4258afe5159974c6c67f.jpg,8,70.062612,28.949834,8,70.062762,28.949091,0.032739375,0.032739375,0.925039,0.111108124,0.913252,0.9721869,0.032739375
c1099097e87a4080ba666168f9493f59.jpg,5,59.110368,-3.323543,5,59.060786,-3.334604,5.549367,0.38928172,0.90886647,0.023459971,0.8910133,0.98027873,5.549367
c11de369cc0b403abf74356b0c313ced.jpg,8,63.58367,10.802261,1,47.839285,10.278374,1750.9912,592.8131,0.6336198,0.0150671005,0.6715204,0.66522926,1411.9011
c142ac016d0d4815aaca3f16f8c3eb0a.jpg,10,58.001822,15.750322,4,48.029955,-4.612747,1744.4469,1014.25134,0.688748,0.0069969296,0.67511,0.7700521,1415.3323
c14380e0d8304578ab83825343dee4ce.jpg,1,51.110636,7.812556,1,51.109962,7.817565,0.35762367,0.35762367,0.659581,0.02874571,0.6321722,0.76921606,0.35762367
c14e51a7a4af49078c392e0517a0993e.jpg,2,39.379797,3.225874,2,39.371854,3.147691,6.777929,2.4035714,0.8208258,0.007290423,0.79870456,0.9093109,6.777929
c16f83ba3fa44021844d7aec069b42e0.jpg,4,50.247775,2.997336,2,40.453107,-4.687721,1242.1653,301.40707,0.63643825,0.00058990717,0.61460376,0.75212127,1182.8026
c1a85e0f5d4743d3b503b307f92ea04c.jpg,9,50.62943,16.827918,1,52.49548,11.026611,451.33646,21.894497,0.73043823,0.020797849,0.70711184,0.82374346,451.33646
c1ca4d98eac74bc69b893c3d135028bd.jpg,6,63.535437,-18.462659,6,63.539264,-18.457464,0.49734166,0.49734166,0.95114064,0.005974114,0.94462496,0.9868822,0.6094324
c1cbb1813a1949bf8122fea483278b7f.jpg,6,65.983133,-22.856357,6,65.979514,-22.85889,0.41842693,0.41842693,0.929995,0.037449062,0.9156367,0.98742807,0.41842693
c1d454fc94124d88a96522149fe45a29.jpg,3,60.694126,24.168639,3,60.689596,24.168208,0.5042597,0.5042597,0.832659,0.041401505,0.81276006,0.93838745,6.0041704
c1eada98579640ba98f7dc508d65cb9d.jpg,10,66.028583,21.091289,10,66.027988,21.0946,0.16355962,0.16355962,0.92725724,0.052270114,0.9165251,0.97018564,0.16355962
c1eb55cc75ca469ea8d969ff395ff03f.jpg,9,53.050563,22.161029,9,53.392691,22.582994,47.290844,3.0461519,0.7371329,0.016843975,0.7245024,0.7890998,166.83376
c201fa4d177a45909aec6092433a7ae5.jpg,9,53.058895,15.165917,9,51.460447,16.121583,189.26244,14.215114,0.74501777,0.074168146,0.7378848,0.77354944,189.26244
c207d14618f345aca6dbd23a3a0f2d75.jpg,10,67.245686,23.267129,10,67.246537,23.155209,4.814308,2.238854,0.8748497,0.020727038,0.85287356,0.96275425,4.814308
c20f191ac19647bea1ff87a54dfc3557.jpg,4,48.128184,-2.178469,1,52.953682,13.869217,1250.9338,827.10803,0.723353,0.013152003,0.716462,0.786098,1131.9604
c24e3b0a52fd404abcd6dc33336a0977.jpg,9,49.857184,19.364878,10,55.561861,14.259054,721.13763,425.9958,0.6931403,0.057742774,0.708826,0.83952445,923.8762
c27ffdf8cd8b40028811f341b20b0af6.jpg,8,62.396852,6.202418,8,62.396274,6.193328,0.47272578,0.47272578,0.8408902,0.015075147,0.816638,0.93863124,35.927586
c28159acc34341569b730df7f812102f.jpg,1,52.038616,7.868371,1,53.503246,9.077636,182.04097,10.212145,0.73282325,0.004412055,0.71975076,0.8176671,182.28857
c29e36fe0e784442aed70128ee0dc97d.jpg,0,54.584442,25.889414,0,54.73364,25.983014,17.648657,9.327185,0.8623392,0.028589964,0.8538418,0.9271642,44.418564
c2ac3d80ec1c4920874250051e8f1874.jpg,6,64.629482,-14.435318,6,64.629147,-14.433954,0.07490556,0.07490556,0.918433,0.08506459,0.9199213,0.92468673,317.89795
c2b51b4444e748449c95ad85610d1f1d.jpg,3,67.886607,24.00856,3,67.889171,23.996242,0.5891606,0.5891606,0.8640803,0.022495091,0.8600035,0.8803877,0.5891606
c2c851fceb564678896c211e2813b6a9.jpg,0,54.806652,28.647409,0,55.107721,28.758977,34.22683,10.517306,0.7305061,0.030218184,0.69742626,0.8628254,34.22683
c2cf658cd61444058dca4516d24a85ea.jpg,2,42.424623,-0.795263,2,42.355281,-0.738097,9.027335,9.027335,0.60888743,0.006400466,0.5786228,0.7361276,626.36383
c2e2316e374b43d1a310adb32cb31e36.jpg,1,52.727113,10.411996,9,53.795289,16.441727,418.1265,33.245426,0.7627815,0.032248557,0.7446665,0.8352413,418.1265
c2e5cdec00cc464cb75cd51336a96a1f.jpg,7,43.028617,12.89218,1,50.486272,9.963309,858.56244,44.25734,0.63593245,0.025352776,0.6286631,0.7267462,921.93066
c34b23cd84774d308544df2e3cd4766d.jpg,10,64.873856,21.084929,3,65.48287,25.341775,209.87944,22.626549,0.6749456,0.02129674,0.6615715,0.76468027,324.08673
c38856319e154aa184880d3bf2e859ed.jpg,0,53.919451,30.469573,0,53.960304,30.467409,4.5448604,0.553545,0.7669257,0.02458024,0.7310465,0.9104425,4.5448604
c3bc827247eb41d3809152baaf7ed6a9.jpg,0,55.670459,28.194004,0,53.119865,30.489643,320.14893,1.156863,0.81487435,0.00829041,0.7879598,0.9225323,320.14893
c3ccbe895afd49c5bddaf005edd3571d.jpg,9,54.330621,22.66959,9,54.31331,22.651942,2.2394514,1.6095953,0.7242288,0.005938053,0.7154231,0.8011712,4.186321
c3fd2f6c067b4e17bb529d9dad998185.jpg,4,46.120697,3.522057,9,54.337051,17.848722,1364.0377,120.05027,0.62836385,0.0077973604,0.63176966,0.7284604,868.8184
c416a8c8f1e9443fb4d0d431fcafca3d.jpg,1,51.713763,6.380922,1,53.078352,11.242991,363.02026,93.84661,0.7338488,0.0027872324,0.7598924,0.7501471,1103.0059
c442f527b19247fea841a6fdedf7a93a.jpg,11,38.202983,41.098718,11,38.203997,41.098747,0.11278025,0.11278025,0.9077116,0.037780643,0.9002173,0.9376888,0.11278025
c45363b7ca5a43698ff35d0cbbe37ed3.jpg,8,63.584225,8.96191,8,63.607928,8.919792,3.3591864,3.3591864,0.68161154,0.040712535,0.7045053,0.73151565,2367.2524
c47509fe8154495e904e352dca1ff087.jpg,7,39.150201,9.403848,7,45.582628,8.338742,720.56757,254.29128,0.6567144,0.010895908,0.6606708,0.8168542,747.59686
c4a44b759dd14ff4ba24275607d7b6ef.jpg,1,47.54574,10.548222,3,64.013968,29.486737,2162.079,801.5969,0.699805,0.0028964877,0.7069137,0.8674805,1681.9514
c4f2f26b2fbd4608be9eea7cc10665bc.jpg,4,49.174018,-0.61689,9,52.325643,20.854815,1544.5295,11.691791,0.6256592,0.003993273,0.604457,0.7241408,1328.4011
c508995d10194efc92840e538c3253c8.jpg,8,69.698939,19.003221,5,52.833242,1.073067,2087.3396,980.31445,0.5997445,0.0067307353,0.57340604,0.7763028,2212.035
c51b3692eb18432cb0d295b61a784d95.jpg,10,57.579882,18.378026,10,57.580503,18.377275,0.08229549,0.08229549,0.9661176,0.094145894,0.960171,0.9899042,0.08229549
c53f85f19f7a46bbb84b802c8d706ac1.jpg,5,58.554895,-4.706119,5,58.556486,-4.706181,0.17694792,0.05235773,0.87736696,0.045773625,0.8592312,0.94991004,0.17694792
c54025923cc9491cbe5d142375f5bc53.jpg,6,66.087491,-15.163192,6,66.084803,-15.145187,0.86485356,0.86485356,0.8704061,0.034147263,0.8532381,0.9390781,0.86485356
c551d71bf8a7457798ce78b018c6ad1d.jpg,3,60.525856,23.610809,3,60.769946,23.428067,28.911488,10.260164,0.7622124,0.014499843,0.74483794,0.8450959,35.60631
c5911ad1d298414e90c59b1eec637d1f.jpg,8,58.905061,5.727537,8,58.90648,5.733164,0.35960346,0.35960346,0.72027767,0.04022944,0.7316651,0.674728,0.35960346
c5aa28ee7e364d149fbad981f44397a6.jpg,1,47.486674,11.227253,1,48.085524,8.341286,225.64838,90.73918,0.6466201,0.005023122,0.6505617,0.7176112,1042.543
c5b522171aaf42d68344b21452036a4d.jpg,2,41.981803,3.022095,2,42.019372,2.992918,4.8233066,1.0580091,0.7477817,0.023454726,0.7671782,0.8768307,1114.1499
c5bc08edc14e473a80dadca6e3ed21a5.jpg,10,65.090805,18.873469,10,63.587738,19.364633,168.79738,10.372003,0.7728834,0.0012030602,0.77413523,0.8328551,160.83566
c5e2b8a6b2214219a69182a697cd8d07.jpg,9,52.087487,22.298821,9,51.568029,21.591807,75.47815,17.61625,0.65335035,0.007327497,0.6195957,0.7883687,75.47815
c63c30bcdae04ecd835c0c70c5aaf045.jpg,6,65.653944,-17.859816,6,65.653612,-17.858817,0.058821443,0.058821443,0.88187855,0.15043241,0.86728096,0.9402689,0.058821443
c65426fe4c894b46a898c403a56b9c42.jpg,3,61.296514,28.766024,9,53.242185,16.493044,1156.5839,1024.9586,0.6623883,0.0074207783,0.66531813,0.774971,1818.6678
c655967ac45a4264860725a491a38495.jpg,10,65.3486,19.495019,10,65.185325,19.535845,18.254457,0.9680118,0.90534043,0.024295926,0.8979237,0.93500715,18.254457
c6813d4da36042b6992825fa1de7c083.jpg,0,53.706728,31.735741,0,53.631027,31.548626,14.926578,14.926578,0.7119679,0.03448403,0.765655,0.63180757,2257.2085
c6db762243634a69940dfbc08c7ce562.jpg,10,60.452449,17.161412,10,60.468645,17.167411,1.8306981,1.8306981,0.7520492,0.102772534,0.74887705,0.7809043,372.35797
c75939874a064dfa87120014839b0139.jpg,0,55.835571,27.927842,0,55.61922,28.264955,32.005283,4.0743203,0.7818892,0.042441487,0.7817679,0.7834539,34.91596
c7c2feb2ecc94c4aa20ff8725521dc07.jpg,10,65.483369,16.92365,10,65.719496,18.695764,85.52437,4.0445313,0.86112833,0.0051449537,0.8638436,0.9170648,413.5587
c7d5acbe5dcb4675b00e22e13152a4f5.jpg,8,61.937187,13.011541,8,61.943373,13.009515,0.6959678,0.11012489,0.8926454,0.022727072,0.88277334,0.9321337,0.6959678
c7dd6c807c7b493b8ef578fafb9ad372.jpg,0,53.575135,24.339688,0,53.578153,24.318129,1.4623884,1.4623884,0.90911585,0.032508016,0.9040828,0.93324244,121.119675
c8204a6b1b6c40d1ad7be2053e8feb42.jpg,10,56.625007,15.548624,7,44.686069,7.20804,1449.444,663.4992,0.6440754,0.009056032,0.642374,0.809865,2365.0588
c85051920e8a4af9a45b61138f3b7f59.jpg,1,49.341053,11.973974,1,49.341774,12.02073,3.3883824,3.3883824,0.6308495,0.041460514,0.62101007,0.80077416,763.9026
c85ff9f7094d4fe98bfb2667b497eb2a.jpg,2,43.323964,-4.681338,11,36.355155,32.372795,3228.8264,48.980904,0.6210948,0.021534085,0.63511896,0.67618906,872.34735
c886416efb40481ea916e3dcd0133dfc.jpg,0,54.113735,28.348562,0,54.112503,28.346867,0.17599192,0.17599192,0.8748973,0.10412294,0.8793944,0.8569089,0.17599192
c8b7e807aaa34272ac58506c721b8bda.jpg,6,65.729497,-14.863837,6,66.009183,-14.87878,31.107124,0.53068054,0.85666233,0.008052766,0.8513339,0.913731,0.53068054
c8d6f3503ed6467bac8e7028aa1a32c8.jpg,6,64.903747,-13.923183,6,64.899996,-13.897523,1.2801242,0.69111645,0.92037797,0.0153000355,0.90704143,0.97372425,1.2801242
c8ead7e09916423a8b07e45c3ded3eae.jpg,6,63.82463,-22.665153,6,63.819319,-22.556489,5.3631268,5.3331146,0.8626288,0.008364201,0.8449495,0.95428634,27.182392
c8f7a4b8bc854fb7990c06b00eb10f54.jpg,0,52.212085,31.533958,0,52.212593,31.531959,0.1474477,0.09336126,0.9595458,0.050361335,0.9549419,0.98233145,3.5253985
c8fa301a6a6a43f98e58f7947343ab6f.jpg,5,50.348578,-4.662883,5,50.348435,-4.662825,0.016424652,0.016424652,0.8679475,0.06930858,0.84910595,0.94331384,0.016424652
c918f61d7a694d85b5992d16291187cf.jpg,2,41.734647,-3.858999,2,41.762114,-3.893498,4.185614,4.185614,0.8950491,0.26056683,0.8898654,0.91578394,4.185614
c919ed647da24d649a3e6fd981e50fc9.jpg,6,63.435155,-18.770042,6,63.437073,-18.770742,0.21609403,0.21609403,0.8887084,0.016902208,0.87643397,0.95064235,9.820581
c92bdf93ef4949e2befdada4fdc58b31.jpg,8,59.650749,5.479506,8,59.401576,5.334451,28.889061,12.385021,0.6778764,0.018961072,0.6469731,0.80148965,28.889061
c95a758fe3224f8f98af40e522047767.jpg,3,62.559236,22.035833,3,62.57908,22.030513,2.22332,0.7336199,0.88699865,0.016896129,0.86891526,0.96595585,10.674062
c95c603375df4497a4349404fdd2983b.jpg,0,55.289707,30.322642,0,55.271661,30.330927,2.0740936,1.1696916,0.89210975,0.010238707,0.8861633,0.9158954,2.0740936
c96f99461a7f445286ef93601d6394ac.jpg,9,53.386119,22.583956,9,53.392691,22.582994,0.7335533,0.7335533,0.81854147,0.08346903,0.8367202,0.801822,572.3265
c991406261134b37aa6638241b667ab7.jpg,10,60.134387,15.676151,10,60.080713,16.013748,19.637403,14.414227,0.80774,0.0073066354,0.7763281,0.9446925,83.96533
c994da57dc824cbd939b11a255ebf900.jpg,7,37.116741,14.286913,2,28.859315,-13.804984,2763.9785,50.286503,0.6879181,0.037718058,0.69554156,0.7411455,1307.2463
c994ecda902244fbab270a75cf906e70.jpg,4,48.432297,-4.500673,7,40.892369,16.132297,1826.5883,420.51306,0.62971956,0.0015335679,0.6206974,0.6661519,894.19794
c9a14648d29848b08d2c8689d99235cc.jpg,9,51.687807,17.921345,9,51.57047,17.83131,14.451751,8.768834,0.76608586,0.04450828,0.76515335,0.76981556,14.451751
c9b4cfc22cdd421d81358aeb92f74aa5.jpg,11,39.869188,37.76076,11,41.634078,35.516713,272.4583,12.254224,0.7313375,0.008632004,0.71262956,0.85004795,52.263817
c9c3ab7436a446ea82e2669937859bef.jpg,7,38.037955,12.709249,7,38.039277,12.705423,0.36589617,0.36589617,0.82458425,0.11445618,0.7957586,0.939887,0.36589617
c9f9da4a1cfc4b25ad2df11744ee6907.jpg,9,54.776636,18.405332,9,54.705999,18.390373,7.912962,0.7528602,0.80319715,0.047271907,0.7654056,0.95436317,7.912962
ca2c133382b44113b96235b5fafa9169.jpg,11,37.313592,35.882454,11,37.308875,35.87748,0.68455696,0.68455696,0.8093696,0.03264612,0.79581094,0.8636042,0.68455696
ca36dd62e50b4b2ebcd627368216df20.jpg,3,66.093516,28.617493,3,66.073273,28.799317,8.499936,8.499936,0.9075846,0.03477961,0.91061085,0.89547956,8.499936
caa9f2d9d5854de69b689dd551b2c99d.jpg,1,48.988377,10.88424,1,48.520989,10.350077,65.07222,6.9726415,0.7169546,0.00012254715,0.70651853,0.77502686,6.9726415
cab8d25400fb4fce91441f53d46b6cba.jpg,1,53.369152,7.330128,1,51.794381,11.823231,350.3664,208.9396,0.6902663,0.012768686,0.70915776,0.7282069,379.60394
cadb4dce0f0e4605a37425b78f43d5cf.jpg,6,65.620227,-17.222874,6,65.652924,-16.935315,13.682365,2.0296853,0.88818806,0.0073897243,0.87335914,0.9475036,13.682365
caf10407881a48f5ab7208b60a829ff1.jpg,6,65.893739,-14.826618,6,65.896257,-14.829971,0.31871656,0.31871656,0.93342847,0.074230075,0.9279423,0.95537305,0.31871656
cb2a8f7978c646f68f515ea610f56fa4.jpg,7,40.594303,8.293516,7,40.813949,9.300609,88.336334,2.647622,0.8399488,0.009723842,0.8264399,0.9133086,7.285968
cb48c55d3cde48cfa83b0cc63b74c903.jpg,6,63.988715,-18.91654,6,63.990542,-18.923977,0.41567487,0.41567487,0.80500126,0.026464224,0.779224,0.90811026,0.41567487
cb6bec47c62b4ec7a339146bfdea15e2.jpg,8,69.206448,23.687687,8,69.202923,23.681219,0.46779692,0.17688602,0.86520034,0.005553663,0.8414852,0.96614426,0.17688602
cb8923c8acc84a95a424d7e3e57e602a.jpg,4,44.628297,-1.15735,4,44.629129,-1.157099,0.094622575,0.094622575,0.91723466,0.33983415,0.92429477,0.888994,0.094622575
cb92f926e1ed4da58bf7695395c44341.jpg,10,64.238333,15.865835,10,64.324468,15.720818,11.861683,0.6503601,0.8546343,0.022534788,0.8276228,0.96268016,11.861683
cbbadb6377324478911aa551702b6ac4.jpg,1,53.394086,8.439043,1,54.601501,8.903466,137.6467,10.676295,0.70249027,0.0009123683,0.7423897,0.7273538,1164.091
cbbb5128500244fdb2eff4100523b502.jpg,7,43.168271,13.650407,7,43.202012,13.645407,3.7736707,3.4958441,0.79639155,0.010825336,0.7694379,0.92309177,12.824258
cbcfcaef15e249369515e0b272e691e9.jpg,1,53.291893,9.237803,4,43.710767,5.597279,1098.2451,15.831281,0.63295573,0.0043146014,0.6354434,0.7166878,159.72592
cbef4d287391499f9a222c6ed3ed2a14.jpg,9,49.557217,22.066757,7,42.985037,11.958973,1064.8983,19.251865,0.64390606,0.032767713,0.6620723,0.6923279,608.7836
cbf2ce80d97748139bb3704d427228fe.jpg,2,41.966884,-3.113328,2,41.658411,-3.485947,46.154034,14.309874,0.68662333,0.0020350814,0.662307,0.80780613,307.24792
cc24bb56a6484ee8801e718a35f8bf03.jpg,0,53.60858,30.387285,0,53.59576,30.370383,1.8099276,1.8099276,0.74297434,0.048388362,0.73945534,0.78445315,2242.1995
cc5762019393485a8059be225b191d7b.jpg,3,60.780857,25.027647,8,59.929833,8.929209,888.17145,3.1176383,0.6563869,0.008101702,0.64022946,0.7331853,1003.10834
cc5b5e8aa9f04385927956f585fe5dfe.jpg,0,52.922412,30.643774,0,52.941395,30.629448,2.3189464,1.1550951,0.9212412,0.088122845,0.9095355,0.9680641,2.3189464
cc6e0a01436a43a8983350bd80c5cac8.jpg,2,39.413736,3.136744,2,39.36108,3.128669,5.89607,1.6818074,0.8577094,0.065197945,0.8288781,0.9748712,16.575996
cc7583e10d904e64bc62237d826fdf24.jpg,2,28.055768,-14.36334,2,28.052437,-14.363509,0.37076187,0.37076187,0.8147751,0.020840824,0.7988293,0.9438928,7.726373
cc7eb6c93844412cbb0cd189464da276.jpg,11,38.260489,40.958394,11,38.270758,40.9521,1.2671994,0.3603209,0.65851605,0.006837964,0.6923114,0.7010251,3911.2695
ccc8fd7f45744e039693cb55d8f3784c.jpg,10,57.565984,18.404016,10,57.56679,18.402924,0.11078501,0.089374885,0.87741435,0.05131179,0.87012887,0.9109858,0.089374885
cd0f5258b0fd447cb09519589d2d0317.jpg,10,65.409776,16.123972,10,65.398465,16.128006,1.2715088,1.2715088,0.874676,0.028573096,0.8739348,0.8776406,1.2715088
cd32441ede7d4845b1990cff09a9f778.jpg,7,39.070066,8.452679,7,39.058554,8.428879,2.4209108,0.6376316,0.7372195,0.0085219145,0.7027646,0.9213183,8.137789
cd3a6d62956446ebabecf09121b032db.jpg,10,60.066187,16.802166,10,65.65043,21.483787,664.36816,97.04505,0.7913884,0.014210343,0.7724198,0.87351644,201.7476
cd4f6daf70c349019aaef921aba918f9.jpg,10,66.672227,20.166162,10,66.671413,20.166142,0.09051704,0.09051704,0.9527758,0.02964753,0.94694084,0.97611535,0.09051704
cd5904f7f4c043c4b6b2aa715cfdcaf9.jpg,8,63.078534,7.657664,2,41.897548,0.983651,2395.1682,2.4881852,0.7053637,0.0016736984,0.7055782,0.81457454,2.4881852
cd9fe64b4afa4dd39c0f3297ca4f990f.jpg,10,59.37263,18.198585,0,55.192509,29.072382,800.4151,361.72495,0.66614866,0.0046248436,0.62685966,0.8278444,846.85443
cdb8b0d702654d66a4fd96dc603d2928.jpg,8,58.381661,6.110735,8,58.37841,6.119521,0.6269218,0.24164042,0.7856834,0.016124845,0.76312655,0.9029308,0.658356
cdd1f2fe73ca46ed8ad38f6f4660bac5.jpg,0,53.652064,30.039781,0,52.537745,30.816128,134.31123,3.3012302,0.89528817,0.01534605,0.8766712,0.97223836,124.936104
cdf849617dc8467ca0e915e670796dce.jpg,11,41.518424,36.005967,11,41.619874,35.574191,37.64964,10.463421,0.76223195,0.02847755,0.79755133,0.8239794,3398.8354
cdfd5a11d05f43b7bf0a3fa13d8ded63.jpg,3,62.169041,29.964451,3,62.172736,29.957261,0.5550791,0.5550791,0.8936958,0.014722168,0.8749912,0.968514,0.5550791
ce0423d7f2dd400fb58c0073ce9c1dad.jpg,1,54.678509,9.217779,5,50.999546,0.768253,698.84863,23.357374,0.69676316,0.0034360886,0.70105445,0.76221716,164.06192
ce3c773acc5a49e3917a0164f66fb720.jpg,6,63.962427,-20.648708,6,63.958325,-20.67126,1.1916025,1.1916025,0.9023702,0.003025055,0.8853955,0.9702687,1.1916025
ce537aa9acb644c091f9bc7aa4fff725.jpg,4,46.611409,4.889067,4,49.450707,5.882982,324.24286,21.891113,0.6871341,0.011148214,0.65713346,0.8317838,234.99933
cea707cfb03e4061b3da8c9102639cc9.jpg,7,40.655965,9.722518,7,40.70569,9.695099,5.9931316,4.573418,0.9027865,0.04865724,0.88426393,0.97687674,5.9931316
cecb48f62a224fa0bff0038d0acabe02.jpg,7,41.610458,13.55007,7,39.300522,9.091151,456.30295,48.04399,0.73895466,0.032418072,0.7297685,0.82747495,532.72345
cf22ee9134174fe580d2fdfbc68fcb79.jpg,6,63.917507,-21.360853,6,63.923894,-21.359713,0.71238595,0.6143035,0.9026814,0.03655374,0.89548266,0.9314764,0.71238595
cfa59dfffd0341bfa716731b415eff7d.jpg,10,55.778662,13.813182,1,51.076696,8.63294,625.03876,287.23703,0.6673386,0.005646169,0.6530795,0.7492897,645.82794
cfb4e82153d841aabe4285f27799213c.jpg,11,39.160735,31.809945,11,37.838862,40.610379,779.47766,3.1301413,0.82753694,0.019786656,0.8054235,0.9159907,779.47766
cfb8582ca1e64cd38a4d106a609bb0b7.jpg,0,54.488927,27.859328,0,54.418489,27.896168,8.186415,4.822321,0.81341785,0.047974944,0.79269767,0.8962985,8.186415
cfc552076f0c449798c317fe5c58651d.jpg,4,45.14525,0.056276,5,56.312798,-4.72806,1285.843,246.69554,0.7374738,0.011386931,0.7449031,0.7697123,655.54126
cfd7606d53944cb2b1aa63cf92ae5b9c.jpg,8,62.997499,7.935194,8,62.337188,5.877566,128.15968,39.615707,0.7444552,0.0071632266,0.7061645,0.89761806,128.15968
d03e9eef7574451c88dc51cd51cc6932.jpg,4,46.161105,0.171344,4,46.278553,0.173905,13.061126,10.724049,0.7646501,0.020030499,0.72723395,0.9143148,13.061126
d0494f711f174096beeaff330773b50e.jpg,2,36.782111,-4.104239,1,50.134696,9.403593,1835.917,1446.2289,0.6450244,0.017665446,0.63181114,0.8048228,1785.5288
d056854e6e9a418591a487fe08118d2a.jpg,8,58.33415,6.248148,8,58.378269,6.119991,8.942148,0.12881829,0.7743491,0.017534733,0.7350619,0.93149793,8.942148
d0592a13deee4002a295e42514e15721.jpg,5,52.035974,-0.351193,5,53.192242,-0.6244,129.88747,10.358551,0.822558,0.008968294,0.79391074,0.9371469,129.88747
d0690f02c6ed447dac104c173a549d78.jpg,9,53.312511,18.594576,1,53.228681,8.657322,660.34766,466.93668,0.72095627,0.035887778,0.7254565,0.71903586,694.52075
d0781ddea1174606a2571de865c02f93.jpg,11,38.891258,35.59464,11,38.890409,35.594218,0.10122343,0.10122343,0.93730354,0.07346749,0.930251,0.9655136,0.10122343
d0a39e95cfd1441ca24e01463db16ba5.jpg,3,63.357878,25.596325,3,63.175531,25.73665,21.456606,2.0568972,0.92842317,0.0129237175,0.9145022,0.9841068,21.456606
d0b3284e79ba43248cc7b0b806409ef6.jpg,10,56.821508,14.472795,10,56.80765,14.462141,1.6718142,1.6718142,0.8705822,0.13379681,0.85425466,0.93589234,1.6718142
d0b4b63a9b5c4468a445c74f1c9e0bf2.jpg,9,53.469542,16.197437,9,53.47703,16.187632,1.055639,0.31955996,0.79396665,0.013024449,0.7696561,0.8912085,1.055639
d0d2077e22dd4e08bf7034ef56d38af6.jpg,5,54.914651,-7.419909,5,54.622706,-5.764378,111.04369,1.0220108,0.59743357,0.004046917,0.5775335,0.6770338,111.04369
d0dc44df410b47ed9fe7f8831f4edbfa.jpg,5,50.377908,-5.028227,5,50.370888,-4.96314,4.6812935,0.97606677,0.8389174,0.01059854,0.80980784,0.9630774,28.713297
d0e6951ffe5e41c78fe639f33d4aab2b.jpg,4,43.032723,1.553615,1,54.639823,9.750953,1421.0258,133.4786,0.6395309,0.009027362,0.64380944,0.7480915,815.69586
d0eaf71683124d248a6952fa15cf3dbf.jpg,0,54.632202,27.931331,0,54.660839,27.972902,4.1585503,3.3230858,0.86747146,0.011199713,0.8542986,0.9201629,4.1585503
d0f59da6ad9c41b6a33bbfc6e5e05ebc.jpg,10,59.146639,17.574425,9,49.816805,22.183074,1078.665,185.80229,0.63848084,0.005869806,0.6405925,0.7286183,496.8632
d170fb61ffea42659ef1625e9ff5179c.jpg,5,58.543023,-4.673232,5,58.541589,-4.675013,0.19001774,0.19001774,0.79101306,0.021303952,0.7713782,0.8727299,36.063736
d187eecb448249ddb03d92ff42530d50.jpg,10,61.793972,13.502166,10,61.889958,14.166184,36.441227,14.717406,0.84343237,0.00743711,0.8368348,0.89356375,42.37831
d1b7b835f25a43b6913df09a0f03e708.jpg,8,69.606797,18.93557,8,69.612478,18.938375,0.64097846,0.5541291,0.81706697,0.016710818,0.7924433,0.9171332,0.5903411
d1b90fce59774cb5a2c85d4fba964d83.jpg,5,50.228452,-3.710068,5,50.226573,-3.710687,0.21352515,0.21352515,0.7899349,0.050826967,0.75677073,0.9225913,0.21352515
d1c14abfd4344b8e8a418692151a2553.jpg,10,62.806166,12.795961,10,62.229384,15.173057,137.79913,12.908797,0.8149438,0.0092378855,0.7997389,0.92009544,139.711
d1de978b93694e0984d8aa16e63f8f89.jpg,3,65.533409,28.87899,3,65.532945,28.87916,0.052185133,0.052185133,0.98095095,0.03865236,0.97789055,0.9931925,0.052185133
d1e8a9b2f13a4227884587b3d1c484d5.jpg,0,52.561028,25.039784,7,40.917523,9.378381,1753.3807,379.27808,0.64416844,0.003335476,0.6613099,0.7411645,1467.8353
d1fedc76827f41d699e620448dfd30ae.jpg,5,56.104474,-5.518473,5,57.264332,-3.333366,185.57149,1.3622024,0.7267449,0.0029600859,0.7015268,0.8611617,202.46906
d21120ed4d074f2c98be3ce32bf4e0a5.jpg,0,53.378681,30.394388,0,53.416355,30.389823,4.200083,4.200083,0.88614935,0.047830343,0.8643628,0.97329545,4.200083
d22acf34ac2a4ea78709e3979819517e.jpg,3,66.516713,29.053126,3,66.468158,29.000913,5.874762,5.874762,0.8284648,0.027245581,0.8112321,0.9249168,189.97385
d22b960d66fc496da24d9420d07233b3.jpg,6,65.936153,-22.931375,6,65.930239,-22.937684,0.71714187,0.71714187,0.9235485,0.029001474,0.9076626,0.98709226,0.71714187
d233556d65e54071882b7536b40e0a54.jpg,2,42.968903,-4.979859,2,43.620952,-5.801134,98.35943,3.9754174,0.74617237,0.041998923,0.71267164,0.92517424,23.639772
d242844c6d414ea4bdfd6230d7483e19.jpg,3,62.346175,23.823572,3,62.526436,24.016911,22.376987,8.599808,0.8834677,0.030333161,0.86809045,0.9459919,45.242256
d2ae6848cbb84481b870eab3430da467.jpg,8,68.661656,15.519513,8,68.661288,15.525995,0.2654438,0.2654438,0.9295622,0.0019412041,0.91603947,0.9836531,0.2654438
d2cf12237d834b14aabe5e7a3e22696d.jpg,9,50.078093,22.372012,9,50.082249,22.375839,0.5367798,0.5367798,0.8271414,0.067959905,0.8064712,0.90982205,0.5367798
d30233cf7e674ed1825316806d1c49c7.jpg,2,42.827971,-2.169901,9,53.002843,15.012551,1700.8447,1036.4371,0.7376179,0.008586466,0.7312721,0.8108743,1797.8175
d326fd57d2d243e18ddce05c00daea1b.jpg,6,63.93396,-16.447924,6,63.970793,-16.420855,4.303635,0.35443443,0.90515494,0.03528452,0.8928404,0.9544131,4.303635
d334c77691b24daaad1dfac8537d83ad.jpg,10,64.34068,14.833467,8,64.427028,14.330503,26.016016,5.6845236,0.85786307,0.00945574,0.84416,0.94842166,71.28623
d39f92ad9cc4423ab5a0d5f08e9b8917.jpg,6,65.769069,-23.927239,6,65.749459,-23.843698,4.393276,0.667803,0.86274314,0.028623343,0.8466426,0.927145,4.393276
d3ec0d2f7cc34cbdaa692b654c31462f.jpg,7,40.737949,8.48287,7,41.029242,8.968304,52.101173,2.6577926,0.81014895,0.01622963,0.7836454,0.9161631,52.101173
d4344279911846648babb425aa7cc3a7.jpg,2,36.717956,-2.874764,2,36.72425,-2.880668,0.8756208,0.755424,0.80457455,0.019887626,0.7740565,0.92664665,0.8756208
d435856fa92840db83aac6a70236d0a2.jpg,2,41.65757,-3.485564,2,41.623925,-3.05308,36.13312,0.09877994,0.7643297,0.026010752,0.73135525,0.89622736,36.13312
d45b6cf27f7148c08fe82001124be8f8.jpg,8,69.201994,18.067224,8,69.218521,18.090351,2.0519161,0.2520401,0.78429633,0.0068879724,0.75923157,0.88455534,2.0519161
d4972bb32a924505a2ef70d7c300511a.jpg,3,60.394315,25.783991,3,61.292058,28.734114,188.40887,1.1962025,0.77527934,0.027083218,0.74337643,0.9028908,188.40887
d4b38ca7d4b64afc9f8164b3ee8d9b9d.jpg,11,41.22102,36.521873,4,48.547602,-4.680939,3303.702,782.84735,0.7117692,0.061716914,0.72156966,0.7312597,3126.9067
d4dfe42148024d07879d3b081caf66c6.jpg,11,37.907787,30.317161,11,37.977557,30.287003,8.1964445,8.1964445,0.76975554,0.014472961,0.74767756,0.90401524,23.048973
d4f204e8d68b489c87ac34f7ef4e5287.jpg,7,37.836407,15.120188,7,37.83641,15.096152,2.110794,1.5855429,0.7177185,0.019815505,0.7178415,0.71722627,2.110794
d4fbc59b59534c9b8b9036b0d02625f8.jpg,10,55.462983,13.286778,9,54.449775,17.316472,280.82037,42.434105,0.70838,0.01707095,0.71014154,0.73690885,228.91808
d502910dba3d4f9a8aec5ee5ab5b0d6b.jpg,4,49.303244,-1.46278,4,47.412727,0.609483,260.04315,14.43712,0.7089914,0.0023114681,0.6866731,0.8261617,479.34018
d50f1aead7464f9d88d0d72179477bb6.jpg,2,40.21861,-0.937353,2,40.17504,-0.869698,7.516048,7.516048,0.8414932,0.051086903,0.8513662,0.802001,7.516048
d52c2ceeff0d406b8fe9d26cb094437e.jpg,10,65.74167,19.389552,10,65.696885,19.2502,8.086934,4.049332,0.85463977,0.015019417,0.8405265,0.93295205,39.679897
d537dc2d1b6a407c94ad4992ebf2be04.jpg,1,48.901239,11.103483,5,51.983434,-0.492355,888.5484,776.23206,0.6743263,0.008565903,0.6640984,0.7879513,1542.0228
d550b11573104f89a429eca6bcb4701f.jpg,6,65.608191,-19.353538,6,65.609615,-19.353769,0.15869668,0.15869668,0.97521985,0.05253017,0.9705412,0.9939345,0.15869668
d5995f66e43f46ffa736e22a6afa8293.jpg,6,65.029038,-22.236636,6,65.007627,-21.919515,15.081353,11.286,0.8843019,0.009772241,0.8697639,0.9458953,11.286
d5a8eef77dc340ce932976d99c5929e4.jpg,9,50.786399,16.053235,2,43.420479,-8.135647,1993.7943,337.50656,0.6559471,0.0043326616,0.66525435,0.7282324,989.79297
d5ce33df381f4b00b557fbc06a9abbec.jpg,8,58.264023,7.657612,8,69.717876,29.84432,1651.6357,8.244503,0.71675444,0.006565094,0.69923717,0.78682315,1651.6357
d5d634652de9455a87fd994ee41c9fa0.jpg,9,53.219027,23.190687,5,54.994759,-3.224624,1722.8616,1533.4056,0.7182643,0.008068085,0.72170854,0.7317538,2171.2195
d5f510e1284f450b9b3bbe7f0b78ae91.jpg,10,61.509737,14.849764,10,61.58414,14.824924,8.377254,0.040564656,0.8006179,0.06015271,0.7733726,0.90959907,8.377254
d5fd155652bf43f59520db050591a788.jpg,11,36.934741,35.398728,1,51.71786,9.846006,2590.5962,2118.8777,0.60689926,0.026355267,0.5741359,0.7379527,2590.5962
d6138129569b4df28ac1d88333eebe73.jpg,11,36.707765,33.13097,11,36.330829,33.661533,63.28234,0.15482096,0.7582089,0.0020474792,0.7206716,0.9083578,63.28234
d63ee4d510524e30bcdbc38022cc1b3c.jpg,2,28.3558,-13.958432,11,39.083451,33.903759,4529.6064,9.72899,0.7169971,0.0076443553,0.70491934,0.8044164,4454.538
d66217c683034d07b9c78e9f4b8dd121.jpg,1,52.92649,10.338025,1,52.934502,10.33105,1.0061111,0.9548479,0.8984388,0.010015428,0.88541985,0.9505147,1.0061111
d67d3e6c43bf4d66810e81c3b91349ba.jpg,7,40.267473,18.051292,7,36.86963,14.454573,490.34033,32.24806,0.6950452,0.032244682,0.68873674,0.79735446,488.63925
d6cab49c2607490b862dd21db9b6ef06.jpg,9,52.806005,14.632244,8,60.24325,5.367878,1001.3552,33.609676,0.69130456,0.012903452,0.66920805,0.7796905,1001.3552
d706947c6c404a579c7d2f051bb47a16.jpg,10,61.43173,14.855809,10,61.45792,14.875105,3.0875223,1.5678242,0.90576583,0.02841723,0.90787005,0.8973489,3.0875223
d709601a4d6d40afacd53341fd963446.jpg,9,54.039116,19.90708,9,54.587087,16.912196,203.57967,5.6304083,0.7013674,0.05616063,0.68098474,0.7828976,203.57967
d70bed8332ed47d183f25eb784391f92.jpg,5,51.700303,-4.712679,5,56.260214,-4.931949,507.24164,8.494812,0.75480264,0.00013828278,0.76266223,0.8224588,190.50699
d70ed2a9d18c48bc97c4fd3f0948e6d0.jpg,2,39.437633,3.234857,2,39.440571,3.235009,0.3269518,0.3269518,0.8018171,0.045737743,0.8104805,0.76716363,0.3269518
d71ebb95b3ed4fe18a869d7581a296cf.jpg,6,65.699249,-14.928253,6,65.703013,-14.922327,0.49869615,0.49869615,0.9038964,0.0022711158,0.88832617,0.96617717,0.49869615
d729eca4118d46df9da1f9c0940a3b99.jpg,10,60.021985,17.88389,1,53.038133,10.694608,891.8304,257.22342,0.73064256,0.013280511,0.72853875,0.77074385,946.4921
d76c7e6121974c759096e78d19523910.jpg,1,49.326302,11.078486,7,45.186569,11.238827,460.47665,108.54375,0.71599305,0.039017558,0.7296558,0.8189278,691.68353
d772e3a3c2724058ba090b17431ea559.jpg,11,37.399629,34.859916,11,37.403926,34.868201,0.8740051,0.8740051,0.69578,0.023738444,0.6858093,0.7787207,684.73346
d79cda0ef017479d872c09823cdf52e1.jpg,6,64.945375,-22.900832,6,64.964155,-22.890035,2.1492028,2.1492028,0.80744165,0.06486511,0.7898295,0.8778903,2.1492028
d7b9370f2dba42de9df9c0a4083320a3.jpg,4,45.144669,-0.479978,2,36.772698,-6.04207,1040.8761,23.56757,0.72840255,0.0016442537,0.73919475,0.76125824,2252.6985
d7f7ff70e74649c38fb9bc2e5a63a055.jpg,10,64.12108,18.964557,10,65.412038,19.402669,145.0418,1.614505,0.7116204,0.020237744,0.68972594,0.9081075,69.98987
d80fc6b407b14167a65c61c643c66c12.jpg,7,37.877041,14.969214,1,54.052473,9.983646,1838.296,3.318,0.6590474,0.0042263865,0.6855778,0.7327333,80.6718
d83268cac5c24e6984d2ab2f01310df7.jpg,4,44.77395,-1.120704,4,47.475379,2.437681,406.65317,130.66876,0.64990556,0.0041395426,0.6699907,0.7674892,449.90668
d858de9923094758ab3d089abc5f6c02.jpg,11,37.04994,27.38825,11,36.912014,31.125777,332.3242,35.034996,0.63839704,0.0026090145,0.6222503,0.74158645,2165.3772
d86a40f37e224144b97a4a01f8714b1a.jpg,5,52.458289,1.568686,4,44.483317,-1.075284,907.7821,15.3824,0.70962244,0.008051872,0.7146061,0.6896876,907.7821
d879f45b8e0e44cca64b04fb1ea31267.jpg,1,53.480565,8.391376,1,53.477083,8.386283,0.5133186,0.5133186,0.7524526,0.014239848,0.7553526,0.7652482,70.458626
d88b6a93257540a9805203f10ee4118a.jpg,5,53.205314,0.166748,5,53.189223,0.288444,8.30161,8.30161,0.8192434,0.006490886,0.78750473,0.94625187,49.41397
d8a755ced1fa4dddb8765ac0e5fa6b43.jpg,9,53.35988,14.698634,1,50.158089,6.643577,658.28186,44.874596,0.77876633,0.02251029,0.78214633,0.7667022,667.02734
d8aaec5f7c714a99be5e81dcd9e74389.jpg,6,65.546459,-18.074114,6,63.814322,-20.113456,215.61702,15.4845085,0.8250537,0.0009137392,0.8167095,0.8828587,236.40019
d8b501d2fb4c4aefa7a0a1bd071e5446.jpg,3,62.850334,27.697184,4,44.412479,-1.157394,2751.2292,122.06202,0.5760001,0.00586164,0.58192456,0.745589,3100.1873
d917dab31ddf4665bab4736f899e8de0.jpg,7,46.694114,11.443871,8,63.991095,10.17947,1924.9078,59.455276,0.6692069,0.009784341,0.6903162,0.7416091,2175.4214
d91f29b51d894f79a5656e4b734d4413.jpg,5,55.723452,-2.679299,5,50.240408,-3.704632,613.521,6.8313584,0.6827936,0.017095089,0.68389297,0.76773846,408.32336
d940df8621b840678e10010c90ec5044.jpg,1,52.392773,8.645562,6,65.883173,-16.541364,2049.4924,522.75995,0.57037246,0.0066349506,0.5607274,0.6567083,2573.9653
d953c3faa2a245cf91d00b67fe6a6d6d.jpg,8,59.779968,7.312403,8,59.784593,7.309337,0.5421455,0.5421455,0.8338563,0.04256594,0.81322587,0.9163779,0.5421455
d97fe6ec7d274979bcc85573af2a7cdb.jpg,7,37.305372,14.653857,11,39.429913,35.115984,1795.5604,20.82488,0.66924775,0.006218791,0.7079908,0.6864722,1167.6033
d996602f1c89489dbedcb0fcdd70dd54.jpg,10,62.954596,18.069462,10,64.702715,21.124958,245.38206,44.881413,0.7047669,0.040386558,0.7049411,0.7040703,245.38206
d9a0eea85f674ff88ac39e5c5cf51fdd.jpg,0,52.390927,30.849675,0,52.831895,29.388148,110.18955,14.711088,0.8534887,0.013688028,0.837767,0.91637504,110.18955
d9b9320e17ca4c46977dff95f394e525.jpg,10,62.501876,16.162225,3,64.054233,29.144659,670.3646,33.303127,0.770192,0.0037783384,0.77350336,0.82119215,287.3516
d9c047d65c9f4301a78365ecf75fbf87.jpg,2,39.413151,3.137122,2,39.36108,3.128669,5.8354335,1.7073343,0.85695726,0.01903385,0.83538944,0.94322866,5.8354335
d9d610b3e38548da95afd7324637ad4b.jpg,9,54.192542,18.632349,9,54.191621,18.633119,0.11400579,0.11400579,0.75592536,0.093598425,0.7422006,0.8108242,0.11400579
d9fc18c633de46b0b89c90abdc5420c6.jpg,9,53.373192,20.919251,9,53.051852,20.436047,48.083405,9.370853,0.6513469,0.00028580427,0.65489334,0.7079241,255.2086
da13b852ce5e45b68bededea47586019.jpg,2,38.996304,-3.800679,2,39.029208,-3.670766,11.805646,11.805646,0.80083233,0.054384053,0.81933004,0.8167064,585.9365
da1ba48384144f4eba3a19a20f02751d.jpg,7,37.021027,14.409258,7,37.028256,14.406679,0.83579934,0.83579934,0.76966363,0.015824854,0.7446258,0.94183946,66.20295
da1c83845a3d4084b3725c5d940c61c5.jpg,9,53.512277,15.547433,1,53.612949,7.85119,508.1634,8.482814,0.711079,0.013211966,0.7184056,0.78264165,152.02678
da240abf830a4db99a100bb1cd1a5410.jpg,10,61.791205,14.128996,10,61.771532,14.14664,2.3761122,2.3761122,0.88949454,0.035011947,0.87641865,0.94179815,2.3761122
da3cde532fe9452dab654c82f1b5dc7f.jpg,4,43.350846,0.719177,1,53.612949,7.85119,1254.8542,497.90408,0.6973398,0.01054126,0.6975932,0.7754511,1092.7426
da463d4899e4408c9296f2021f01a7ae.jpg,1,52.322202,14.20353,1,52.286476,14.281298,6.613625,6.613625,0.81508803,0.054445744,0.8076227,0.85720325,85.96732
da6550d9bfe14ae3b6414b733146191c.jpg,2,29.009596,-13.528003,11,36.705779,30.563851,4169.0015,3.4988074,0.78886145,0.0181126,0.7713779,0.85879564,4169.0015
da7c17d2da2a4ceca2797edc757d1d37.jpg,7,43.157811,11.753665,7,43.156989,11.752249,0.14678799,0.14678799,0.7891844,0.060766935,0.7724228,0.8562309,0.14678799
dac2876e989c43a088b06b6f0f2aed77.jpg,4,43.821977,6.897407,5,51.803385,-1.063299,1066.7938,412.46774,0.6412653,0.009396732,0.6506386,0.76949024,1278.7214
dae6f38df03a4bdc95d670fb7311443a.jpg,7,43.236229,13.755899,7,43.196428,13.780567,4.8561907,0.3135394,0.80857915,0.06968361,0.7937953,0.8677145,4.8561907
db04a1df73254dc7869fd15f5e9c573e.jpg,3,63.108517,31.121627,3,63.053611,31.174255,6.6553373,6.6553373,0.8869885,0.033278108,0.8759562,0.9311179,6.6553373
db4e4618328d4c4da3f6cc5ea41aad73.jpg,2,40.811192,-4.611317,2,40.795479,-4.455789,13.206858,4.162195,0.75268364,0.005841434,0.7296399,0.8787935,44.088627
dbb4d047f13f42f6b9fbc20aee8967cc.jpg,3,66.857063,28.716738,3,66.856983,28.716797,0.009261923,0.009261923,0.9367275,0.06871295,0.9287061,0.9688128,0.009261923
dbb69339c64b439e860be5228c33b872.jpg,6,65.669936,-23.239478,6,65.674532,-23.208376,1.5135907,1.5135907,0.9553281,0.021820486,0.9471412,0.98807585,1.5135907
dbd9c0fba28d4eccb4c887c725c0365f.jpg,2,39.435352,-0.339188,2,39.436713,-0.338528,0.16160275,0.16160275,0.9233614,0.046060085,0.91251886,0.96673167,0.16160275
dbe0294e238f487c87e9fd2fcebb886b.jpg,9,49.343511,21.718802,9,49.340849,21.723146,0.43204385,0.0851187,0.69918966,0.007447779,0.71537656,0.69202507,0.0851187
dbe1df67e5804afd9307b0ce4e6598d7.jpg,11,37.33964,40.79276,11,37.333767,40.772906,1.8728299,1.8728299,0.67966664,0.053013563,0.6795285,0.6863129,523.5056
dbfd5aa6eb474b788dc4254376ad9f5f.jpg,2,42.70811,-9.01727,2,42.742614,-8.961322,5.9670978,2.762872,0.6875205,0.025040746,0.6841808,0.76598215,26.63744
dc07ce451806497ea334ccff84cf78cd.jpg,6,65.535165,-15.420656,6,65.568282,-15.35923,4.6423616,2.1528306,0.90444446,0.022692084,0.8899965,0.9622363,4.6423616
dc0bad6b03024865b7f4f5d847733a59.jpg,3,62.635205,22.429143,3,62.637052,22.430047,0.21051024,0.21051024,0.75031877,0.058811605,0.7479642,0.8176676,162.48213
dc656b64857b4ff08d6eb6055fc6d9b7.jpg,8,65.362994,15.045599,10,65.314309,15.858111,38.08424,36.693466,0.75241417,0.007829905,0.76042795,0.85100824,176.20216
dc7e1952c3f3469d9a05cad69eab38ac.jpg,5,56.84157,-4.711865,5,56.843272,-4.71192,0.18928358,0.18928358,0.8711951,0.030724347,0.87094206,0.87832326,0.45124432
dcb436f6f23d467f8737d5465844bc2e.jpg,8,58.449026,6.005917,8,58.424308,6.018055,2.8378649,0.051626023,0.8493538,0.009000659,0.8187388,0.97181356,2.8378649
dcbbf1fee34648268e7ef69d3d0e9762.jpg,3,68.025868,26.985819,3,68.018824,26.945526,1.850681,1.850681,0.8632932,0.05687028,0.8489493,0.9237664,352.4761
dcd1992e2c644881b1af5fe1cb7450ba.jpg,4,48.30188,-4.151144,4,48.029955,-4.612747,45.675465,11.442224,0.8466959,0.0043441653,0.8202567,0.96107256,11.442224
dcd5340c71034db5b6b4ceef99cd366a.jpg,10,65.295675,16.039278,10,65.291475,16.284454,11.404381,0.68063426,0.9245103,0.028118074,0.919786,0.9457788,2.5623777
dcdd56646e1e43bf9881cd6337238c00.jpg,11,37.274262,37.193566,11,37.113243,38.283123,98.15643,30.413033,0.69979024,0.00057053566,0.6737906,0.84929776,812.61066
dced844275194c88b09d338d5dcc4e1c.jpg,8,66.689591,15.426246,8,66.690785,15.429968,0.21082519,0.21082519,0.89442444,0.097681105,0.8747214,0.9732367,0.21082519
dd2e38ff7e6d4c07b7c7a561f9343ab6.jpg,1,52.768868,9.712399,7,45.707242,11.420835,794.8919,102.501724,0.6591589,0.016837835,0.6706315,0.7063356,601.272
dd461b890e7b43d5833acc6efe774b57.jpg,11,37.212149,40.085185,11,37.226793,39.642362,39.244568,10.500189,0.81546664,0.0037263632,0.7890032,0.92180455,10.500189
dd4bd7228c1543419094820a59e2f1fe.jpg,11,40.170891,31.300425,1,50.099567,11.145681,1918.3511,72.982864,0.6486706,0.006369233,0.6443969,0.7192248,2010.7292
dd5755d9cfb34bea93c343eb38ebc251.jpg,8,62.200381,12.948824,8,62.201286,12.950278,0.1257466,0.1257466,0.9127501,0.13460529,0.9041849,0.94701123,0.1257466
dd96254a382f42ffbad18fe733478f20.jpg,4,48.062521,7.038664,1,53.676365,13.932896,788.99805,170.81956,0.6792759,0.0076193213,0.67207754,0.71800745,613.20306
dda0f80e4f98445c8db6a50514ac34ac.jpg,3,60.557689,27.690791,9,49.527902,22.331513,1272.0652,8.544011,0.6882696,0.039168715,0.6775851,0.73100734,1272.0652
ddb99c4f6af942ae98c927eea3b979a3.jpg,9,51.270098,23.158438,9,51.387745,23.158787,13.08179,13.08179,0.7418933,0.031549394,0.7491157,0.86407477,689.37787
dde87a96dae74dd8acf54fc7f5a821a1.jpg,2,43.294698,-5.136941,7,44.955409,7.202041,1001.00037,14.687031,0.71612215,0.0147301555,0.70938146,0.76255393,1015.13873
ddf2698f364a40f987a583b1873beefb.jpg,10,63.718918,14.298585,10,62.875036,14.890709,98.388405,10.931129,0.8283093,0.022725105,0.8147752,0.88244545,98.388405
de2e2f7016fa43b2a31921bd25964ad1.jpg,4,48.504377,1.974034,2,41.618882,1.510704,766.49335,272.69788,0.68996876,0.0050935745,0.6825326,0.7640652,1035.6256
de6203b2b585439c9bd1e8f5e9a98e62.jpg,6,65.915605,-22.966814,6,65.894947,-22.832848,6.50075,0.118750565,0.91895473,0.0026553273,0.9050262,0.9766625,10.131091
de85ba0380d14036ab22257acbc254de.jpg,9,51.515595,22.057653,9,51.518615,22.055374,0.37099236,0.37099236,0.832681,0.10885888,0.8121429,0.9148333,0.37099236
dea72f2fe49b49f3aff2a9602410bb30.jpg,9,51.445416,22.022853,9,51.749842,21.770093,38.087654,5.878395,0.828672,0.0019336939,0.8024311,0.95534945,64.570045
dedd5f8cd6fb4f14a4f782c730818f03.jpg,2,43.12634,-7.518212,2,41.973599,3.028578,872.8048,56.793182,0.7165994,0.02524072,0.6943233,0.83151376,354.71613
def9af6042df4451a64917b4a729b605.jpg,10,65.292876,16.280486,10,65.291475,16.284454,0.24141672,0.22204468,0.9505099,0.046711445,0.94843066,0.9588268,0.24141672
df28d4330376438f8dde547dc787d04b.jpg,3,66.698726,26.251123,3,67.088727,26.615216,46.18481,14.316757,0.9268384,0.0048980117,0.91757584,0.9805248,44.243946
df44420d3f0d427684b50a6bce87081f.jpg,2,28.926679,-13.700971,2,28.929767,-13.701559,0.34810615,0.34810615,0.8681101,0.0557853,0.84908223,0.94422156,0.34810615
df530303e7cf4b1983c889c11de01eaf.jpg,4,48.01381,4.36943,1,53.067468,13.2877,843.267,277.67752,0.6831106,0.0137450695,0.67375195,0.7370119,859.23
df6eda55ef4a4f00ae8bca545f2575dc.jpg,8,59.693507,6.512942,8,62.667618,8.583245,348.78406,9.877248,0.73513466,0.082451046,0.71552515,0.81357276,348.78406
df77a783a7e44ebe88220e7282e4020f.jpg,4,44.446846,2.699506,4,45.218003,4.133522,141.91254,87.38043,0.7697899,0.041279674,0.75622326,0.82405627,141.91254
df79dece59fc4fb38f6dd3e7ba58f332.jpg,7,38.021579,13.362151,4,42.516519,9.433522,600.59924,8.491954,0.68709826,0.023292482,0.7064308,0.69040877,1212.7894
df7c21089b3e4dd2b3739cff666be0d2.jpg,7,41.001592,9.235135,4,41.634377,9.231767,70.363144,0.39938954,0.8119091,0.003839612,0.791407,0.9373317,16.209461
df8042fde8cb466c96846884b42a63de.jpg,1,53.829853,9.167,1,53.742047,9.336188,14.794066,13.397368,0.7717649,0.020870328,0.7521477,0.86731064,26.655218
dfbd876b56d4484fa8239ac5dcd42bf6.jpg,2,42.771091,-7.574953,2,42.768897,-7.515129,4.889326,4.889326,0.7022338,0.006837249,0.7131852,0.751535,643.2387
dfce215b8e734003a3962dca2fda2739.jpg,1,52.851071,9.176553,0,52.470551,23.641035,974.80115,134.10677,0.75935984,0.013532639,0.7640048,0.7907029,467.06213
dfe9167e196443c7adcb9c66f7901179.jpg,7,36.814201,15.027478,7,36.81853,15.051085,2.1558826,2.1558826,0.81233793,0.03754598,0.81486905,0.80341065,3.7356842
dff1d9125f4546dcb0a70ece41bea886.jpg,9,54.163802,20.232255,9,54.166092,20.218158,0.95238084,0.95238084,0.73739666,0.06051898,0.7329806,0.7550609,0.95238084
dff849d8c25644d0b146cf6e7521a237.jpg,3,62.954788,27.771278,10,63.771995,20.226488,386.6938,15.276735,0.72344756,0.01381892,0.71758854,0.8605956,195.08878
e0209fe2c418410f9fff28af3b655a24.jpg,9,51.277312,22.526944,11,41.10023,28.331875,1215.7148,596.8551,0.6530012,0.0063717365,0.6255313,0.76288056,1215.7148
e027865274444246bc59a8240dbd689d.jpg,5,52.927314,-3.613637,5,52.667677,-2.85926,58.359356,0.17496839,0.80680776,0.02075094,0.77995133,0.9142334,58.359356
e04541d63e5b44c0a136f4c5b77e1ab3.jpg,0,55.615416,28.28619,0,55.767992,27.963082,26.418217,0.9870492,0.7893207,0.011584401,0.77051294,0.92198765,18.18663
e0482846fc694c099c2000a8fb83d37f.jpg,7,40.55956,16.412218,7,40.559835,16.411502,0.067776516,0.067776516,0.91131335,0.06114,0.8958174,0.9732971,0.067776516
e048c696fb18497eb220b35f745bd11d.jpg,0,52.468177,27.474117,0,52.643996,27.464947,19.560034,4.077226,0.874076,0.02794522,0.8673176,0.91675955,305.38556
e04c08eeb18f4304aa41db929689b654.jpg,4,47.435252,4.092785,4,47.46486,4.041621,5.0636,5.0636,0.7174698,0.024484038,0.70952135,0.7702857,407.67365
e06d07d864dc4d979dbd30b18766c918.jpg,8,60.042989,9.866692,8,59.826472,9.908382,24.18738,0.7465755,0.8550024,0.009234786,0.8361687,0.93033695,24.18738
e0a7a0ac1b8041af99c7f0afe0907958.jpg,4,47.326428,1.69145,9,50.394373,18.682511,1285.7357,35.176853,0.69927704,0.0070136786,0.68576837,0.7945161,1273.2229
e0a90de085624c509fdd58c4384ef38e.jpg,0,51.635884,29.09308,0,51.676078,29.12862,5.097646,0.2977766,0.9169149,0.004709184,0.9039532,0.9724849,9.346729
e0a9c1077ca94f3292aa0ca1a1e4ef34.jpg,7,45.640032,10.832711,7,45.645176,10.827707,0.69173646,0.69173646,0.7244939,0.027197242,0.73644054,0.7237709,1687.8104
e0b5239d5ad74edca1d186c9011a5642.jpg,4,48.865113,6.231911,9,53.42637,17.16252,914.2405,400.82874,0.6780788,0.0062623024,0.63610995,0.86034656,630.9626
e0f1e54416fc43c0a12326d338c145c5.jpg,0,52.729419,30.322465,0,53.021574,29.710862,52.34568,18.988482,0.94904387,0.017985046,0.94340324,0.9716065,52.34568
e1068c37708444709b5e4c41c3d0a048.jpg,9,51.541406,21.812038,10,57.565325,18.404874,704.72046,5.1997743,0.68869156,0.0049030185,0.6953272,0.8496013,445.3495
e13dcaca92ef41e5ae090083ac689a52.jpg,5,52.078732,1.336618,9,52.094312,20.56517,1309.9631,37.372166,0.72097635,0.017332315,0.72388506,0.76532286,161.24593
e1589ecfd155424d8f124142288a2fd2.jpg,2,39.189768,-1.427061,1,49.49781,7.45484,1344.2295,37.73407,0.69282985,0.015400469,0.6865463,0.71796376,1344.2295
e169de8356cc4162b6d29ee4163330ad.jpg,1,51.047067,13.868587,7,41.442617,13.944146,1067.9833,400.76535,0.6532459,0.0018306375,0.6254883,0.7642765,1067.9833
e1dc337e05c847a6b862c7d8d7242f08.jpg,8,63.185411,8.717695,8,63.189188,8.811897,4.743552,4.743552,0.6451422,0.095041096,0.6713746,0.70539546,2645.5542
e2170e7267ee4c33ac13d0457a4756e6.jpg,3,63.656614,27.505823,3,63.541396,28.945601,72.32896,9.676547,0.79623365,0.021252275,0.7750289,0.88396275,181.59515
e2c9aeeee7ed4cd0b5ea2104820eacbe.jpg,6,64.608729,-21.744727,6,64.609046,-21.719617,1.1977609,1.1977609,0.88522995,0.0059093237,0.8677697,0.9574468,10.463766
e2eb61ad72b8410a83967d3ebb591ad5.jpg,8,67.362566,14.575567,8,67.261597,15.425236,38.131584,2.2781885,0.66699415,0.007669866,0.67619693,0.72504675,888.0935
e310b5a1f58d4ff7ba2de9d5cbd161ce.jpg,2,37.698318,-3.3798,2,37.70403,-3.378868,0.6404172,0.6404172,0.8559009,0.11672032,0.83612823,0.93499136,0.6404172
e31c4de57f544851b48b376d3eda0a4e.jpg,4,43.142729,0.424442,9,52.715865,21.362382,1877.5657,14.790894,0.6685869,0.0085914135,0.694149,0.7226773,521.64667
e32789acf7424c4fa7522e907b602621.jpg,7,43.406684,11.30565,5,50.095049,-5.559013,1479.682,688.239,0.6152337,0.0030733943,0.6217086,0.7373133,1242.6921
e36e37d61ec74b0386cd5d600168bddd.jpg,8,66.356553,13.003395,7,38.151481,12.737976,3136.3108,446.3207,0.6452732,0.0045726895,0.6356597,0.71202433,3068.8376
e3ac0d483c274551b0dfee57e36863af.jpg,5,58.481302,-4.667057,1,50.820256,11.390461,1333.086,242.58102,0.6355693,0.0012083054,0.6420059,0.6556329,1297.0205
e3b6e1e5e8fc4b17820420d02f2f51dc.jpg,6,64.420061,-21.5914,6,64.522963,-21.556729,11.562192,5.9181495,0.8441896,0.048929274,0.81933177,0.9436207,11.562192
e3c6d573797d4a6bad64a13b0f617f8e.jpg,0,54.056359,27.54656,0,54.058433,27.539105,0.53846365,0.53846365,0.89024335,0.13680476,0.88110363,0.92680216,0.53846365
e3dcfa0c4bc740f1a8664b317391412f.jpg,5,53.262723,-3.431528,7,40.283859,9.144591,1726.5042,201.70364,0.6554942,0.0008649826,0.6572499,0.7874323,2190.758
e3f871f13fa54d5cb46b58962d14cdfe.jpg,1,51.231721,14.666123,1,51.46135,14.74825,26.162968,13.760127,0.69779414,0.0012426972,0.67184544,0.8371852,90.22109
e4112e3764654322aed5ab05429b6dac.jpg,9,52.65959,21.578185,9,53.651157,21.508732,110.35457,43.71915,0.6112135,0.00075519085,0.60361516,0.7414032,279.72595
e446fc06bd5448898d94462da750c0bd.jpg,0,51.925605,29.257046,0,51.654212,29.115745,31.703873,0.5807053,0.90748703,0.014598668,0.89346576,0.9798283,24.907959
e448bded86bd4552b4e1b95183ed0988.jpg,3,61.625174,28.221773,9,53.116062,22.8425,998.80676,0.5934113,0.679077,0.0059621334,0.6922245,0.79613966,1967.4346
e469e1be1ffc438e915e88d2f5621cec.jpg,4,45.615129,5.803492,1,49.702115,8.963045,512.25586,19.059013,0.65825945,0.008671999,0.6666107,0.7073402,161.30675
e48fdcbe902e4bf2a0236b225dd184eb.jpg,8,69.378205,24.133565,8,69.378727,24.129898,0.15489437,0.15489437,0.9616009,0.001834631,0.95505524,0.98836327,0.23741065
e49db5a0e94d47558086272d8eb667a7.jpg,7,41.100397,9.45562,7,44.095861,8.127171,350.3668,1.7363496,0.67697287,0.0018744469,0.67708254,0.7571533,501.77222
e4b05a6dded74fda9875ddc6e6d5b623.jpg,11,40.399815,29.999134,11,40.421366,30.0416,4.3208394,4.3208394,0.7244574,0.019114375,0.7085499,0.79221195,34.605362
e4b800d03ced46edad54faaebf14e2bd.jpg,6,65.654378,-17.855839,6,64.002237,-20.978885,235.66788,0.1609038,0.8464232,0.034749806,0.8213813,0.9465909,235.66788
e4c37ad2607d4f6780a1fcc0a371a724.jpg,2,43.136153,-2.933564,5,53.62721,-2.292955,1167.5,116.597084,0.6737272,0.052309453,0.6570239,0.7405404,1167.5
e4c4e482872141a3972f20848c8ac923.jpg,10,64.118617,16.100121,10,64.324468,15.720818,29.33204,5.2704306,0.8835732,0.0029972196,0.8688378,0.94583243,5.2704306
e536d777ef5a43a5a13af671eb5bbed1.jpg,9,50.515252,23.491901,9,50.482034,23.445203,4.9550962,3.9423788,0.7008626,0.015218854,0.71793234,0.7326474,248.37106
e563cdebc7064b79ae5d354e768ae09b.jpg,10,66.214245,17.255986,10,66.574306,19.957606,126.77076,3.6101692,0.7949902,0.008883178,0.76265633,0.92432564,126.77076
e57c5807e6084ce0ac15ee24b3b43381.jpg,11,38.554539,28.061923,11,38.228252,41.06245,1132.6746,1.6215723,0.7566932,0.0018946528,0.74747866,0.86102855,1144.9811
e5870650c13f4405b45685f393a930fc.jpg,8,62.682976,12.445094,5,60.776725,-0.826717,728.8854,728.8307,0.7176102,0.002510488,0.71356213,0.7522596,1215.9989
e59503cacb104feeb49794256364d1a0.jpg,7,40.494387,17.183557,11,39.429913,35.115984,1530.2665,3.3663354,0.6748375,0.033554852,0.7241648,0.6355742,1075.9397
e5be7994848c4059852f9cec1dd443b4.jpg,4,46.117055,4.948186,3,64.574145,28.842264,2515.5942,265.46716,0.6594695,0.008267641,0.6536362,0.7264977,1402.7145
e5ca7d0bc0cb4130a5d46fab6b025cd3.jpg,11,40.062761,40.428643,11,40.084209,40.424403,2.4120457,2.4120457,0.65482587,0.027545393,0.6428292,0.77107036,51.73557
e5e90be4d651490ca912ea800af3370e.jpg,3,61.290735,22.170811,3,60.977913,23.214361,65.93799,20.69473,0.7227348,0.0143969655,0.7181854,0.7605564,1018.7574
e5f4c08a2a664f2f96848d5b979f67d5.jpg,1,53.073057,13.91858,5,56.221671,-2.91415,1134.8018,968.79755,0.7684375,0.045488894,0.75932837,0.8810282,1276.0553
e5f9ea4d3d354898aba18b64bdcbdc4b.jpg,5,57.558092,-2.925633,5,57.557305,-3.001711,4.538942,4.538942,0.701971,0.028611958,0.7289258,0.7145959,3336.995
e5fcb395030f494f9cec75ee6195f553.jpg,5,54.636326,-7.65409,5,54.534103,-7.65869,11.370559,9.002433,0.6862925,0.0068634152,0.66608024,0.84807515,608.3588
e61df44c2b2c486e832a97845b809f08.jpg,5,54.868984,-6.249519,5,54.86836,-6.249402,0.069788456,0.069788456,0.90749335,0.2867614,0.90283525,0.92612576,0.069788456
e61f387973654bafae445e9a0e365754.jpg,11,38.443244,42.320859,11,38.443551,42.320676,0.03767406,0.03767406,0.87511766,0.03376186,0.8615577,0.9293574,0.03767406
e6289173c66b4451a2fd5bb01db6ab3b.jpg,1,50.53322,12.858854,10,56.370137,14.543536,658.5002,157.7321,0.64466035,0.00017094612,0.6381397,0.75911814,744.91144
e6418ce8328347b9b4c90d05453d269a.jpg,10,66.558392,20.08932,10,66.574306,19.957606,6.087375,6.087375,0.8978625,0.047590792,0.87988156,0.9697859,6.087375
e652adffc35743619f5f215bb1b0ec3f.jpg,8,69.629725,18.968395,11,38.316743,43.10147,3764.2686,7.4503255,0.70158315,0.053147435,0.7323638,0.7518178,3918.984
e655543866614e10ab37d206f6608ab7.jpg,4,47.520222,3.541332,4,47.5104,3.741117,15.043626,10.5028,0.8268917,0.06624228,0.8097553,0.9197327,10.748113
e65c24d6566b4444a5f6efd51e3dd579.jpg,5,50.279947,-4.991215,5,50.330334,-4.813976,13.778147,0.09128751,0.8293144,0.010940433,0.81954813,0.8692274,3.3025372
e66c4b1ff6174c9c9f3f8c9627b79abd.jpg,7,39.295501,9.093286,7,39.325539,9.147543,5.73986,5.73986,0.61342615,0.01405412,0.5987655,0.81425184,1998.95
e677c92141a944caa15ae927c32daec3.jpg,0,52.971279,29.261425,0,51.674397,30.364853,162.53625,8.25021,0.8429679,3.7014484e-05,0.83336705,0.8813715,162.53625
e68262f4beef41da9596f48af1d562af.jpg,3,60.87455,26.314294,3,60.319308,25.270864,84.00122,32.369465,0.8137004,0.07688522,0.8068768,0.85196584,32.369465
e6ca54caafe040e0aca8f1e506afaa2c.jpg,6,65.602394,-20.110071,6,65.600752,-20.108756,0.19231378,0.19231378,0.90721077,0.076245666,0.8898267,0.97674704,0.19231378
e6cd216ca4044d788dcdb7a8df804bd3.jpg,5,58.521172,-4.685233,5,58.538626,-4.675619,2.0194468,0.34433085,0.857238,0.00887984,0.8341327,0.95528054,1.6226634
e6ef37cb593c48f79fa99cb2a03d553f.jpg,10,59.833939,17.526269,5,52.09825,-0.927417,1426.8289,1199.1595,0.7625026,0.021149337,0.7287456,0.89753056,1426.8289
e71cd9e988c94079bd799c22229bd627.jpg,4,42.506531,2.651461,7,40.916806,9.095366,563.17065,9.240174,0.64829934,0.016283453,0.6394594,0.72954834,317.60013
e7250e59ced445979134e98b429a6f3d.jpg,7,38.128502,15.006234,7,38.013572,14.985728,12.905103,3.0980167,0.7196331,0.022952557,0.696264,0.81310916,12.905103
e78b450077dd4fe185d82704db479c31.jpg,4,48.613797,-4.542128,4,48.610277,-4.533113,0.7697049,0.7697049,0.8738473,0.08348936,0.85884213,0.93386793,0.7697049
e7931ec63e294a7891f5c6c078ae89b8.jpg,10,63.529608,16.472604,9,54.163186,22.93154,1104.4589,127.51434,0.6423733,0.0043773055,0.6384542,0.81830543,1032.444
e79d9e3c622c4934b7030405c03589d5.jpg,5,55.785301,-4.442247,1,51.375299,7.231962,911.69037,44.670525,0.64171386,0.004802108,0.6216005,0.736874,419.50232
e7d3bbb3af8c4379b84544c6d1be3dd8.jpg,11,38.24018,41.037783,11,38.252545,41.016081,2.3414009,1.6846013,0.89904964,0.0047261715,0.8834502,0.9614472,2.3414009
e7f5d5d15c62442dae8d88a075c50b24.jpg,5,50.160783,-5.636891,5,50.321913,-4.829861,60.12354,5.938978,0.7549717,0.03348589,0.73264986,0.844259,60.12354
e895ac4715184fa6ac67faa411394c93.jpg,3,63.626288,25.784915,3,63.630349,25.785498,0.4524804,0.4524804,0.8996589,0.006946981,0.8808757,0.97479165,0.4524804
e8b91ed79d594a0fb7d8dbe04dd044d4.jpg,6,64.532197,-14.555784,6,64.527991,-14.541611,0.8234325,0.8234325,0.90890956,0.015592933,0.899681,0.9458239,0.8234325
e8c446d3257144f29cde066349981db4.jpg,8,58.689663,5.597417,8,58.683971,5.593687,0.66862184,0.20561747,0.86283505,0.040938973,0.85152125,0.90809,0.66862184
e8d14f479a044f4d9eaf32c318097569.jpg,10,60.358135,18.194006,10,63.04808,16.777316,308.27017,14.227827,0.85135794,0.0062512755,0.84672135,0.9208132,248.3311
e9178cad114f412c8fabdbf7466bef31.jpg,2,41.34192,-4.110246,2,41.491975,-2.85175,106.259254,33.470695,0.77211416,0.028134286,0.75118077,0.8558477,106.259254
e919b06631254bf986b2acb0c3b3dcac.jpg,4,48.155107,2.343306,6,63.501522,-18.869396,2138.8306,2089.3936,0.7651055,0.0014910698,0.7489029,0.8299155,2138.8306
e921b24bad9e416dae28f89f167f1d85.jpg,3,68.862675,27.18628,3,68.559403,27.503438,36.07128,9.67397,0.8314821,0.018694103,0.8026967,0.94662356,36.07128
e9c4695c8047426c89198223555caa90.jpg,10,61.247035,14.767038,0,52.541932,25.673427,1169.6003,47.097797,0.71017414,0.008837521,0.69336367,0.7774159,1169.6003
e9d00fde64d540fbb12a2168ab4a744b.jpg,11,41.465272,36.109177,11,41.465022,36.109403,0.03357669,0.03357669,0.94615173,0.091702044,0.942402,0.96115065,0.03357669
e9d125549f9e42028cf769152e702e01.jpg,10,59.958908,13.632474,3,61.959233,22.8661,545.1664,30.6672,0.7231123,0.009884596,0.7229947,0.8032545,512.0707
e9d18f58258d49969a895df1ab458130.jpg,4,47.794766,2.184555,4,47.475379,2.437681,40.261444,13.286448,0.7286427,0.029362857,0.71057034,0.8093635,147.8316
e9d889addc844ed38b121231f4d4eab6.jpg,8,69.636672,17.995277,8,69.631632,18.026682,1.3382847,0.3428157,0.75922024,0.056069255,0.73832047,0.8428192,1.3382847
e9f2cf3a4afc48c4bfcd9fb31af66cca.jpg,0,55.210578,30.143778,0,55.20902,30.147288,0.28214243,0.28214243,0.8052242,0.13643223,0.80139196,0.8205528,0.28214243
ea1a6c7cda764294957c563c3975de49.jpg,4,47.521393,2.034491,4,46.128702,1.434443,161.44815,19.388477,0.7813958,0.06813121,0.7526311,0.89645445,161.44815
ea2618eb8d3f4966b77b1837044d4a6d.jpg,1,48.932519,13.770348,4,49.378158,3.368019,757.5036,42.728336,0.687806,0.015961468,0.69153994,0.7078178,735.5606
ea4a97bcaf0f4fc6b4573d3c4dcbc499.jpg,9,53.186151,23.258711,9,53.176312,23.226686,2.3981657,0.21854536,0.8158396,0.06584978,0.8228206,0.78791547,2.3981657
ea541719283145268bd1382b82f73212.jpg,10,59.958486,14.633311,3,61.314102,28.496846,769.23254,101.015854,0.7649287,0.00533545,0.73375577,0.8896204,769.23254
ea78da2d9b784ef6bba0226b5262a78d.jpg,1,51.366931,14.490984,9,53.651157,21.508732,538.2602,30.795992,0.7130258,0.027824461,0.6997965,0.82080966,531.7886
ea8ee180a36240f497f5df9463b71473.jpg,1,51.33864,8.955279,1,53.486864,8.480539,241.03085,39.0787,0.7243345,0.015292048,0.7504376,0.75722796,471.33026
eb3eb7c2815440cd9ebc85f6c3f079ce.jpg,2,39.348074,3.005866,7,43.632844,10.598848,791.26294,2.6941786,0.6530666,0.0014877915,0.66043586,0.71241194,817.1507
eb4bcf7fb0a447b78f77c488e2fd96ec.jpg,0,51.682127,29.131744,0,51.701238,29.145248,2.319969,0.5290924,0.96039903,0.0001924634,0.9536557,0.9916627,1.4076995
eb4e4b5f83e1461ca7bd99998ddbf627.jpg,0,52.648692,25.48476,0,52.633636,25.503006,2.0780902,2.0780902,0.87609667,0.025969923,0.8583388,0.9471283,2.0780902
eb4ebe4195fc40b6bf384d517313d587.jpg,3,61.275066,28.648925,3,61.292058,28.734114,4.9279504,4.0935116,0.8038011,0.0012556314,0.7858723,0.87551653,4.9279504
eb50bf7fb65a4ec69e4319587ece7653.jpg,10,61.796364,16.330615,1,53.264812,14.34853,955.9023,104.07098,0.6505283,0.0054805875,0.6730767,0.69728625,2654.3264
eb5c419f5b924d68837709c0ec8d9424.jpg,9,53.778424,21.421163,5,50.336847,-4.64219,1811.6346,411.89337,0.7105833,0.023086071,0.696398,0.8201691,1812.4702
eb5eded1498241db9ad141c281db74f2.jpg,11,37.309895,29.78325,11,39.208583,33.072174,356.3793,24.303127,0.7174881,0.01210165,0.69814396,0.8646295,374.64548
eb8a9ca047e848368ee52ed5293dbc97.jpg,5,53.251856,-1.44785,9,51.659431,17.800406,1312.132,197.04239,0.7399282,0.034398973,0.7894486,0.7330892,662.3268
ebbf65f133ae4e44a034de5788a2ee96.jpg,4,47.317085,1.399597,7,37.185865,14.147442,1535.559,684.3096,0.63286614,0.0023401976,0.63895893,0.727427,1460.7468
ebcd296351f84bbc95747ebb147e92c4.jpg,0,53.060888,27.930829,0,52.283926,30.310338,182.20892,0.9272803,0.8316341,0.0062431693,0.8084636,0.9243159,182.20892
ebef8949ec084e76bde2bfcb0f2ce374.jpg,8,59.851682,5.350003,3,61.279776,28.7249,1280.1068,0.16785258,0.6836236,0.011337101,0.65480137,0.83200765,1280.5221
ec000730d3a94c25ba49c270a88b4f15.jpg,3,64.002414,27.41969,3,67.981043,24.075276,467.39853,0.43668678,0.7983836,0.0049901605,0.7885389,0.892532,0.43668678
ec18bec59c554cb783f21c13baacc3fe.jpg,4,43.362421,4.872172,2,40.448122,-0.219346,531.387,77.01493,0.6813532,0.033097148,0.68459797,0.73561597,766.81525
ec1dd11036564ad89639445da7d64bf4.jpg,3,64.36857,24.023755,3,64.370729,24.026343,0.27042365,0.27042365,0.93217903,0.043822587,0.92402416,0.9647982,0.27042365
ec22902aa00345d28cf0cd62133dfad4.jpg,2,43.390259,-4.375276,4,43.942412,5.913589,829.32306,231.22775,0.65245545,0.025159776,0.64424396,0.71975034,1502.322
ec295d48222048148131d13cdc64f42b.jpg,0,53.073406,30.526977,0,52.93188,30.636684,17.365005,3.671098,0.75328255,0.010365903,0.7192695,0.9565072,3.671098
ec41ce4e767347ba83860cf53de88780.jpg,1,53.823182,9.601256,1,53.815747,9.572399,2.0667846,0.53970146,0.72795206,0.013567328,0.69704,0.8516001,2.0667846
ec44b5cb04854b1cb94df2f53ae95da8.jpg,2,42.105874,-0.171407,2,41.888569,1.072057,105.55863,9.422913,0.78306246,0.04661125,0.7683078,0.85931975,87.24605
ec96421be7b2438c8cb93ac6b8c6bd96.jpg,1,48.028075,9.090447,7,43.522332,10.378599,510.85867,19.13846,0.6736571,0.011035502,0.66804206,0.7741248,219.67216
eca668d91c744988971bdc0ad7419626.jpg,11,39.198574,31.315228,11,39.161004,31.254261,6.7132525,3.5470486,0.81962204,0.037084162,0.7889245,0.942412,6.7132525
ecc1bccb8bb9414880747b39cf339578.jpg,4,44.154292,-1.011627,4,44.175908,-1.112129,8.369039,2.0838115,0.7469659,0.006982088,0.725721,0.87425506,11.040748
ece0fe0cccfe4ca0863e0f1e398f1106.jpg,0,51.634234,29.091938,0,51.710682,29.154923,9.545967,0.16135538,0.89766574,0.0037249923,0.88591206,0.96308607,4.24009
ed0604883bd6470ea9b82c1c31eb1e5f.jpg,3,61.638746,24.337906,3,61.266256,24.087743,43.499928,10.70316,0.61286056,0.006572306,0.6034287,0.70934683,306.80627
ed089cdacf1c496e921e9637272d9a0d.jpg,4,48.311644,-1.802849,9,52.835021,15.060811,1288.8339,210.22873,0.6598408,0.032289743,0.65465283,0.7228749,2031.3137
ed0d546b602d491090c024ffa31d12c4.jpg,10,63.103515,18.371347,10,63.236829,18.511952,16.417717,16.417717,0.874666,0.06831694,0.8552239,0.9524342,16.417717
ed41611072e449eba73a287a0b749391.jpg,8,61.117543,9.096984,8,61.108933,9.107127,1.1015664,1.1015664,0.83269495,0.022034228,0.7981944,0.97389805,1.3466241
ed42862a86db468f8b25f92bed305fc7.jpg,4,47.654714,-3.025495,2,36.776369,-4.106447,1212.8555,479.95453,0.6887626,0.03074646,0.6844268,0.76080406,1291.3953
ed674b31956241bda5fb5b4e6af3f788.jpg,11,36.336381,33.404975,11,36.341596,33.402544,0.6194165,0.6194165,0.8054386,0.025526047,0.7815567,0.9009658,0.6194165
ed74e88291bc4280a74dc554115f7503.jpg,0,54.037882,28.235038,11,38.550772,35.184035,1800.8297,86.842865,0.57601315,0.005059302,0.5556733,0.75280905,1898.6631
edd2d1634aea40b59b1a39a30e8152a6.jpg,7,36.786647,14.535252,7,36.799302,14.490966,4.187016,0.18764982,0.71985143,0.004796803,0.7289872,0.79842293,1221.9515
edf94d0f20c14347b2524b1c8d5c3ddc.jpg,5,53.900356,-1.488443,4,45.109586,1.851809,1006.5126,28.782188,0.635525,0.0069690943,0.6314726,0.72100544,337.798
edff774456394f4586f57afddef8189a.jpg,1,48.871313,11.090097,9,50.120978,20.399961,686.0916,17.653471,0.6712732,0.008682013,0.6920144,0.71069854,1313.0763
ee3f5224fd064be0aae17420741c79f7.jpg,2,38.935922,-3.386831,2,38.904918,-3.390347,3.460885,3.460885,0.9514471,0.052697837,0.94450873,0.9792006,3.460885
ee4ca594ff3247418a1151c4b544c27e.jpg,7,43.337201,13.346779,7,43.241006,13.498804,16.304014,16.304014,0.62696284,0.02571553,0.63426185,0.6958339,1918.0824
ee52b89f74d94144ae744a5f051ef75e.jpg,8,69.722349,29.838002,8,69.717876,29.84432,0.5537829,0.5537829,0.78605306,0.008277237,0.7620312,0.9394109,68.81406
ee53df4f8044469db3c58c9277941c5c.jpg,8,62.233251,7.147418,8,62.234511,7.150276,0.20383386,0.17861056,0.8273504,0.09748864,0.80012286,0.93626034,0.20383386
ee61c81ee9094e1da11e7df7e855630a.jpg,1,47.841381,8.709072,9,52.270825,20.353836,964.62,534.92004,0.72378564,0.013200462,0.705001,0.8030914,968.88324
ee69d07bab764530b99a8aae1032dbd1.jpg,2,41.69301,-3.279932,2,41.682114,-3.251621,2.6447458,2.5281355,0.792575,0.058564663,0.7573031,0.9336624,2.6447458
ee7df56d86a2495ca09f8fac1a2283b5.jpg,6,66.173782,-23.431785,6,65.740456,-22.046593,79.1152,0.6593963,0.8967253,0.0034011602,0.87790954,0.97198796,79.1152
ee83aa85bcd84671bfeb111f1b8b4847.jpg,8,70.180935,23.849721,8,70.21878,24.075255,9.480189,1.8000883,0.97235334,0.0013985634,0.97031,0.9848653,18.047363
eeb85d489778420abc7a8e1ce86e2673.jpg,2,38.929961,-2.941693,2,38.922759,-2.947073,0.9262378,0.9262378,0.9178901,0.077560484,0.9101202,0.94896936,0.9262378
eed567819a004460a7cb1ab6194c2364.jpg,7,40.193129,8.985265,7,40.269767,9.126023,14.676545,0.25739446,0.7668098,0.005725682,0.7331625,0.9156848,17.728428
eee855e6e79f429c88215e9bd8ee8c0e.jpg,8,69.730751,29.663183,8,69.693535,29.371015,12.000721,6.2691255,0.8204271,0.009726226,0.7910442,0.9380132,20.771435
ef4b449e1d244bd3a476bf591f45160d.jpg,10,65.548518,20.057447,10,65.641953,19.68753,19.919363,15.3629675,0.87592435,0.0070023537,0.86134225,0.93425286,19.919363
ef5b3594895d4163a55ff8484b556d36.jpg,10,65.303074,16.726778,10,65.375874,16.126388,29.007463,3.1062262,0.8677178,0.005331695,0.8546971,0.91980046,29.007463
ef95d45cc0d54169a51bd83951185ff9.jpg,0,55.273471,29.700741,0,55.267098,29.738412,2.4893951,1.7378756,0.8719788,0.01616472,0.8566351,0.95366305,16.553106
f01d0b07371d4bc184b89b9f4e752d1d.jpg,6,63.430568,-18.769079,6,63.429258,-18.768639,0.14730026,0.033149596,0.9329984,0.09475464,0.9259819,0.9610645,0.14730026
f0305b072cba4e499e8ce806c2632b48.jpg,9,50.533499,23.761766,1,53.307476,12.35975,839.42633,1.8639334,0.7577858,0.018177688,0.77179813,0.7807279,816.5111
f039f124b7cb4eb6bcc29cab4a6ee214.jpg,6,63.986265,-18.909235,6,63.943358,-18.652809,13.393713,0.8619655,0.84046644,0.05004126,0.81670403,0.935516,13.393713
f053a50d5dad4620b77aa624c87baabd.jpg,10,57.502891,18.562133,10,57.500771,18.563602,0.25153992,0.25153992,0.84636194,0.027720988,0.83112097,0.91456753,11.675004
f05ca01d17e142758dd97a553f160979.jpg,3,66.528082,25.844757,3,65.777073,29.218866,173.1241,8.619935,0.92202294,0.0039411783,0.91282487,0.97751635,172.08594
f0639914825143a9b871aeca977f5a08.jpg,8,68.856004,17.984385,8,69.218521,18.090351,40.529907,0.35894156,0.7910285,0.013271213,0.76188153,0.9219692,10.696719
f075e3d19df742f1b56c6084070dc986.jpg,2,41.980902,2.868287,7,41.000414,9.239631,541.628,257.01028,0.7918184,0.019551277,0.7682547,0.8934833,533.3917
f09c55753dcf4d4dba449cc847e46fcb.jpg,7,37.702529,15.166026,7,37.855,14.943735,25.867144,0.31567702,0.6893626,0.021412611,0.6669365,0.81464696,116.26667
f0c044e92f1a44b18b19cabe497d20bd.jpg,6,65.227033,-14.571014,6,65.377849,-14.530702,16.874258,4.578349,0.9143044,0.0052781105,0.9013859,0.9795078,11.384807
f0f9e8647c704bf1b611cc3d617ca274.jpg,5,53.896559,-1.64877,5,51.694809,-4.929564,329.47025,329.47025,0.6829003,0.00047945976,0.66978884,0.82953906,2173.4038
f101ab03a70548efa2bf04c6991e28a0.jpg,7,39.090965,8.386942,7,39.08097,8.415868,2.7327979,2.0061765,0.862088,0.09216493,0.8372742,0.9613434,2.7327979
f106671a45ce4e1cad6bc3077fe5e41a.jpg,1,53.021491,13.667779,1,52.734003,8.347443,358.38284,12.041126,0.7325549,0.022016943,0.7561698,0.8165414,236.93964
f10f29bbbdbb4987858f4e80b0214457.jpg,5,52.250937,-1.999214,5,53.684229,-2.774966,167.62589,13.341029,0.7157042,0.008887172,0.6810378,0.8700721,382.07547
f10fb1e1fc3b4a2c8fa2482edd58d8c4.jpg,6,65.807262,-19.323321,6,65.813049,-19.328448,0.6845764,0.6845764,0.92858315,0.008173704,0.91347563,0.9890129,0.6845764
f14d7e78b6bf4c38986fe5e4677adc26.jpg,4,48.238161,-3.375142,5,56.147549,-4.007098,880.5293,85.52318,0.6958713,0.0011581779,0.7021892,0.71380925,539.7964
f1b6763a9e124f4d87d7a5207fec4b19.jpg,2,39.467962,2.899158,2,39.444735,2.899442,2.5828433,0.6312791,0.82075703,0.016979933,0.7873408,0.9544219,2.5828433
f206b807a8a449adb89145deaafb92ae.jpg,2,38.751334,-3.390746,7,43.741132,11.239866,1340.672,140.40063,0.6736276,0.02229011,0.6840621,0.7155998,896.1577
f20d8ffc148143968b896f644ffb74bf.jpg,8,59.830416,7.173284,8,59.81384,7.214647,2.9568195,2.9568195,0.9253335,0.0979864,0.913593,0.9722954,2.9568195
f20f6b4b381f49baa31b1b82e9f59ded.jpg,10,60.484807,17.421063,8,61.082631,9.125606,454.8004,14.014401,0.5857907,0.0050082803,0.55467886,0.7933825,672.1329
f225321ffb5145b7ae93f8e700d4086c.jpg,9,51.657159,17.780654,4,50.156859,1.739208,1134.7195,98.918236,0.7421176,0.022392511,0.7158309,0.8472643,1134.7195
f28ba57d9a88427189ce7ccec8c0a751.jpg,3,61.910671,22.662953,3,61.805713,22.312318,21.780107,11.92066,0.7711094,0.007695198,0.7532691,0.8424704,21.780107
f2921e410505418fad687b4f43c2a332.jpg,2,38.369385,-0.704071,2,36.751616,-4.038974,344.59418,12.159033,0.7410173,0.005563915,0.7186841,0.8561624,508.27698
f2a6b21dc6f149de85c570efefb27c36.jpg,8,70.364022,24.37345,8,70.458411,24.745673,17.398645,6.5600243,0.93786836,0.0035949945,0.9276383,0.98517966,11.857639
f2b8efea02ef40d08f7d0c477ae69031.jpg,2,41.977911,3.025598,7,37.729181,15.162413,1137.2723,6.1026883,0.6733496,0.004919708,0.6518886,0.75919354,1137.2723
f2e44e2c94134bcab45096e8e6798281.jpg,1,54.535707,13.249757,9,53.611816,14.8481,146.37724,18.321848,0.74423283,0.022123516,0.7203715,0.85664296,176.06268
f2fc82b306d440eb98fa92aafc9e58ad.jpg,8,70.189191,23.992714,8,70.189232,23.992196,0.020046668,0.020046668,0.99114376,0.006099999,0.98999065,0.9957561,0.020046668
f301d49cc65d4c33b92f60dd3d9fa1ec.jpg,10,63.224145,18.507076,10,63.236829,18.511952,1.4313834,1.4313834,0.85471576,0.017751276,0.83192253,0.94588876,1.4313834
f313fbee5c604448a891498b24c2ffbe.jpg,4,44.184237,0.029006,3,61.486386,24.670022,2506.919,1372.0337,0.68169093,0.024653554,0.65851504,0.80632657,2389.8564
f32c94c24e45430e82785be7a53951ee.jpg,2,39.998115,-0.586682,8,59.736801,6.653112,2252.1907,109.572,0.6662636,0.041970253,0.6871164,0.6591302,459.32272
f32dd195611e40829f3edce67e273139.jpg,4,48.205362,-3.820791,7,40.558185,15.391558,1740.716,791.0242,0.6754306,0.0074828863,0.64630926,0.8233798,1943.7767
f342b3e9487a4aefbf02427d75f6f472.jpg,5,58.619004,-3.274935,5,59.025661,-3.272149,45.218544,2.2738678,0.7138075,0.0071459413,0.69324917,0.86682075,281.17212
f373346bf5374ab6b4d315680a48b970.jpg,5,51.938549,-1.343381,5,50.466304,-4.700678,285.45813,12.447893,0.6576186,0.008147776,0.6224768,0.8631322,302.44147
f38241e811b54ad4b4101309ca596178.jpg,1,52.007495,14.166675,1,52.006026,14.16109,0.41571885,0.41571885,0.7393085,0.019183755,0.72856736,0.8041192,72.74513
f38cb9637c584113bfd244c13788b241.jpg,5,51.892388,-4.970288,5,51.820034,-4.69954,20.260378,0.3000058,0.7141317,0.0072523355,0.6879544,0.8188407,20.260378
f38d7cab1d68411e8fde4bb60f89b524.jpg,6,65.612224,-24.179059,6,65.555067,-22.363214,83.70234,1.570353,0.79591435,0.009669423,0.78166157,0.9145712,76.4908
f3a44d857f4140d98a09a7233c7d758d.jpg,11,40.938243,38.217959,11,41.065789,35.996895,186.91965,0.46698695,0.78418934,8.940697e-07,0.7480411,0.9550755,216.52925
f3bcb7030b914ec3a003bfe66ff95564.jpg,7,45.763535,9.25114,11,38.316743,43.10147,2891.1702,1175.3394,0.69275904,0.004398048,0.6749792,0.846493,2505.3694
f3c24128285947779e5e717eb5a06cc3.jpg,5,50.500133,-4.719893,5,50.508381,-4.719895,0.917137,0.917137,0.8539766,0.03324175,0.8272704,0.96312606,1.9582897
f3db6bc43f6e4cdabb884018bfb32ed7.jpg,9,51.556028,23.426825,4,47.785803,5.592106,1346.1637,10.059256,0.64641196,0.0019469261,0.6347891,0.69290334,1346.1637
f3e7af8811bd441aa7dbe66a692e240b.jpg,1,50.901621,13.215217,1,51.855968,9.616165,271.35895,116.17175,0.6387662,0.0058478117,0.63860327,0.7202214,357.77136
f3e88fdeab58408fb893ca0699536a66.jpg,5,51.408987,-0.592503,1,53.470851,10.729593,799.97455,535.27716,0.73727924,0.008427203,0.755804,0.7344181,892.65717
f3e9b974a49f4e7bb36efaed5497b275.jpg,10,64.081215,15.358437,10,64.015091,15.303264,7.827488,5.6379533,0.8980104,0.050425947,0.88435274,0.9526407,7.827488
f3f6808a68c84a6aa72dbdc71d9a0346.jpg,7,41.509246,12.58194,5,52.083831,-0.246744,1523.8829,41.48211,0.6481496,0.009186327,0.67139137,0.7983258,1998.4131
f3fcd37d84e8444886724b62b0ea78e6.jpg,7,39.313477,8.962534,7,39.312071,8.958598,0.37296894,0.37296894,0.7480453,0.097801864,0.7717967,0.69539815,989.26117
f409c343e4d84b36b02fc7a7de6d7418.jpg,7,37.74387,14.830348,7,37.664873,14.859964,9.16234,9.16234,0.85364676,0.07055646,0.84940857,0.8705994,9.16234
f45885760fe5437ba72390e6e23c619e.jpg,7,42.08364,12.633498,7,42.046033,12.653597,4.4988403,4.4988403,0.7823386,0.01145339,0.7584677,0.8913567,29.117435
f47eb825d21d442caebd34f3ab23fd4e.jpg,2,40.448252,-0.224204,2,40.448122,-0.219346,0.4113316,0.4113316,0.9054613,0.21896452,0.9042987,0.9101118,0.4113316
f491216b218f4078ac08900bac0a5420.jpg,2,40.550758,0.243943,2,41.897548,0.983651,162.0297,7.0227933,0.69436306,0.05407071,0.6726283,0.8235949,156.09035
f4b1c58c82844a3cae2f0b747445bfa3.jpg,9,52.408238,21.088938,9,52.381076,21.122096,3.7661734,3.7661734,0.73498595,0.015707254,0.7238641,0.8135702,61.223217
f4c672f1ae8d451eb8f4982cb480bca4.jpg,0,55.824072,28.609025,0,55.617381,28.64715,23.106716,1.1011719,0.88407886,0.02431786,0.86594135,0.9618901,5.154487
f4cfd53c29d241ce8eaa29dd159a7049.jpg,9,49.814308,22.31293,6,63.857511,-22.428911,3047.72,1316.9276,0.6439381,0.00018942356,0.6143521,0.7900866,3125.7231
f4d49565c69e479ba2e5d224edf848a2.jpg,3,61.309016,28.531063,3,61.314102,28.496846,1.9120146,1.9120146,0.79073006,0.04332459,0.75505745,0.9334203,1.9120146
f4e7e996d6434d38b1de083ec405bc07.jpg,10,64.369532,15.369096,10,64.311834,14.961415,20.651491,12.782306,0.87546545,0.054634452,0.8658153,0.91406614,20.651491
f4f7516ab4ec4eb79b3304324d27e954.jpg,3,66.739567,28.835579,3,67.144645,28.69638,45.448772,12.961354,0.8049136,0.0011323094,0.7773726,0.9312022,249.209
f4fb95dd26634526b548056ca8efc8a7.jpg,3,61.106178,22.877677,3,62.262973,24.653811,159.11409,1.6808416,0.80876875,0.022034943,0.7853906,0.90228117,159.11409
f5461b19278e4adfbe0efaac52139364.jpg,3,63.33134,25.607443,3,63.698793,25.909176,43.51234,0.059155364,0.9279482,0.0067720413,0.9154507,0.97793823,43.51234
f56d919e9b44484795aa6bb5500b7fcb.jpg,5,50.429733,-4.569651,5,50.466347,-4.434402,10.406011,0.4550026,0.7456074,0.0015207529,0.7037966,0.92431986,0.4550026
f6040e9e328a4ecaa5a86fc1101f3135.jpg,10,67.197316,19.404921,10,67.193841,19.412002,0.49238098,0.49238098,0.92394245,0.033824444,0.9143314,0.9623866,0.49238098
f60ade5675774deba6091f41e821bbbb.jpg,6,65.859232,-19.374866,6,65.873201,-19.37804,1.5599728,1.5599728,0.92791027,0.016114116,0.9160136,0.97549677,1.5599728
f60bc74212ef4cfa82aceedf8282d906.jpg,10,66.721182,19.837625,10,66.684392,19.830604,4.102503,4.102503,0.89002955,0.023457646,0.8861375,0.9055978,4.102503
f614e7dd26c14771982bc6b390b634c2.jpg,0,52.320203,29.341797,0,52.270312,29.320298,5.737061,1.5979052,0.7606094,0.050955594,0.75545144,0.8392204,529.63794
f61ae40afd6540f58b6501dd27cfd15d.jpg,10,64.07138,20.786963,10,64.10472,20.746451,4.1974673,0.83065146,0.7827929,0.04168868,0.7828584,0.7874711,1.2061656
f624726d944e471b9b90c65ee8d51c78.jpg,10,61.647764,14.799222,10,61.45792,14.875105,21.488955,7.203946,0.8594487,0.002738297,0.8728125,0.8090856,39.97992
f63c15e561e04251a79e59733fc79a31.jpg,8,61.202114,8.977163,8,61.106855,9.108772,12.729697,6.7973285,0.84939325,0.013242304,0.8259019,0.9433584,12.729697
f64849a523cd4ddf80afe53d66fe184a.jpg,1,51.390768,13.376489,9,54.055262,15.50284,329.03516,121.54971,0.6742566,0.053837657,0.6757871,0.77262497,263.69162
f65346d9696f4f429c51d6545ae71157.jpg,5,53.262527,-2.877454,11,40.620326,39.250049,3431.0027,1175.7773,0.66144764,0.011379778,0.67081296,0.7900765,2941.8762
f66fffaea7aa47809204e2cec79980ce.jpg,3,60.7015,23.536228,8,58.592525,8.862289,855.1736,24.26383,0.74270785,0.0011239052,0.73969674,0.80082476,827.7081
f6a4dcaede2846adb4f7414157403af3.jpg,8,58.189005,6.736159,8,58.613764,5.688058,77.19757,5.978335,0.7416898,0.013474286,0.7223768,0.8897335,92.12208
f6b263cb722e47998e76bd8613e9597e.jpg,4,47.279471,3.86013,1,53.067468,13.2877,928.6316,356.67538,0.74562716,0.018713057,0.7183394,0.8547784,928.6316
f6b745b09485456c889f3fc8fe8cf3f9.jpg,9,54.45866,22.409054,1,53.08919,11.275679,746.4438,318.4496,0.67463726,0.007472813,0.64728403,0.8692709,780.176
f6c1231fdf9d489298d27db079a62730.jpg,5,56.209178,-4.382868,5,57.212318,-3.259059,130.94002,23.333652,0.78236824,0.0026913285,0.7485497,0.91965586,154.47902
f715a4edc7124a7880e71a03fca22adb.jpg,0,52.215322,31.515105,0,52.211255,31.537906,1.6179605,0.18762575,0.9606768,0.0030277967,0.95587087,0.9855429,1.24195
f716d84c0b9842b48436f13f0a129811.jpg,8,58.409307,6.026609,8,58.427772,6.013623,2.1880538,0.22657739,0.80107206,0.006584823,0.771658,0.918728,2.1880538
f73706bb888d48df899cfcc753832654.jpg,1,51.107727,12.599637,9,52.28413,18.843314,449.60522,116.420975,0.7968937,0.021373153,0.7855402,0.8563168,374.79474
f76c180ff6db4ab999c4975ddb59e460.jpg,0,53.069735,29.987999,0,53.129083,29.487088,34.08797,1.6331062,0.8049302,0.009569287,0.7916906,0.9224054,102.679184
f7b40b8532aa467f94c394ad97cfecdd.jpg,3,65.911734,24.59023,3,65.912019,24.590762,0.03983998,0.03983998,0.952099,0.018152893,0.9439305,0.9847729,0.03983998
f7b7aecbdf264663814c760f09276378.jpg,9,54.238702,19.528148,9,54.232511,19.540087,1.0372663,1.0372663,0.73456585,0.07576454,0.7536044,0.7801348,493.88376
f7efa2cf5bc14535bc15b5861223ffa2.jpg,4,44.06645,7.589423,7,46.044427,11.531352,379.72977,17.236061,0.6351534,0.00722903,0.62659156,0.80503756,268.30435
f7fb9f1b28dc44fc890fda5c0156038e.jpg,6,65.337445,-15.042888,6,65.354701,-14.937294,5.260263,5.260263,0.9423453,0.009656191,0.93195224,0.9901676,6.0450997
f811738bb54a411284b46c30de6cc067.jpg,4,50.043414,1.392481,9,53.402382,15.550994,1042.1445,53.826736,0.7707446,0.04044956,0.7669941,0.79396003,980.0389
f821674dea0344d4a07a0fd0a949c5aa.jpg,5,58.504898,-4.70655,5,58.493501,-4.721789,1.545946,0.12834737,0.78993297,0.0035632849,0.7710413,0.86549973,1.545946
f83c48a3a4af4a9d978bced74ee693c8.jpg,11,40.241926,36.54699,11,40.230732,36.53245,1.7528933,1.7528933,0.68433774,0.029364824,0.6509827,0.81775767,1.7528933
f863654c1c484750a386a1472ed04622.jpg,9,50.010116,21.124314,9,50.008248,21.076695,3.4092429,3.4092429,0.71035206,0.024967968,0.705394,0.7831249,178.95824
f8682ce554554893a81054520115248e.jpg,6,63.826339,-22.646448,6,63.8177,-22.541795,5.222846,4.452813,0.8941855,0.029925346,0.87606174,0.9674428,6.7684884
f869c569dec34ced9302190d476e9119.jpg,7,40.899013,16.436571,0,55.264923,30.112058,1885.5905,480.94516,0.6084965,0.018446624,0.62741613,0.68171597,681.0631
f86c72cf7ea44675a0b721b82d47a974.jpg,8,66.731232,16.010638,10,65.057496,17.222034,194.06305,63.952843,0.670591,0.0038035512,0.6873652,0.6723673,292.78558
f872ff9e54c34d96a3cdcd43f0c8848b.jpg,1,53.297859,8.354596,5,50.833724,-3.799671,873.5719,473.29382,0.6944181,0.034648895,0.6800585,0.806986,576.22314
f8ee4de460fa48198d9a202d23621dda.jpg,6,65.611352,-24.195354,6,65.56855,-24.135673,5.492997,0.8616349,0.81057656,0.034417033,0.78552324,0.9107895,5.492997
f8fbc23728ee4dc2b9d04a4ab3800d36.jpg,6,64.368309,-15.315474,6,64.362705,-15.33723,1.2180587,0.16298069,0.9007075,0.03530091,0.87976044,0.9844957,1.2180587
f919faabbbd84d12a77802717a3cd070.jpg,10,57.590938,18.362006,10,57.475968,18.623502,20.175879,1.4746639,0.8872833,0.041213214,0.86914957,0.9598183,20.175879
f9337fc93b4a472dad5e45424f2853e9.jpg,1,51.115351,14.931644,1,51.393839,6.472458,589.1828,38.55063,0.6596059,0.0028470755,0.6718631,0.6914033,285.1205
f961b421bbd54f9baa732e42336d9b47.jpg,7,43.746334,10.693265,2,41.935253,-6.724018,1431.5734,823.7685,0.59878874,0.018708467,0.60468924,0.714172,1422.5688
f996d74ed68a4ee0873c49c46fe53342.jpg,3,62.620257,29.490619,3,62.347669,26.673625,147.84137,13.048025,0.8328783,0.030600071,0.81290495,0.9127716,147.84137
fa1be73c250443dbac66218b988de3e3.jpg,7,39.327102,16.047915,7,39.408588,16.014914,9.494567,0.87715995,0.7709087,0.003048718,0.7440047,0.93650585,10.128326
fa43e9b5b0a54812aedd38a86d514d28.jpg,11,39.851013,39.31028,11,39.87254,39.256192,5.2002215,5.2002215,0.82552165,0.03859383,0.81904566,0.87195617,65.11125
fa74e16baa13466f963f568131afe72a.jpg,3,66.51086,25.908271,3,65.75071,29.193629,170.25418,9.836379,0.9292842,0.0008984804,0.9240322,0.96076095,168.72223
fa756ac81f624d6b86291ff94fee0d64.jpg,9,50.955054,22.288029,9,54.227283,16.347459,541.3554,210.27673,0.70652574,0.02881682,0.71308917,0.7854633,922.5725
fa8f985668e44ea0974b418c0b0ae8d3.jpg,10,61.392244,17.173692,3,67.124174,25.056933,741.1521,243.23534,0.7596048,0.004520774,0.7626895,0.79111695,674.7623
fa9ee99ba8a84510b4e4f4fa7a91c9e4.jpg,7,43.524524,10.459475,7,40.706562,8.798517,341.96506,6.5758147,0.66744196,0.0008664727,0.661324,0.7908612,720.30225
fad4a9148fe045d2a96efbd7919156d7.jpg,8,70.60587,23.646652,8,69.363217,24.038828,138.97997,0.6491685,0.78637683,0.00086933374,0.7539418,0.9618827,147.33817
fad4b692f15446a988873773e285d6a1.jpg,3,66.231306,25.33308,3,64.15175,25.798782,232.25328,25.835781,0.8792349,0.0036672354,0.86594117,0.93240976,232.25328
faeec5868deb4426bdea507933fd805c.jpg,9,53.32512,22.456766,9,53.296035,22.455261,3.235654,0.19858801,0.774495,0.009766042,0.76298773,0.83049554,48.767822
fb0c85baf3414d3e9081aa4ccfec6bdb.jpg,0,54.215786,26.352915,0,54.246893,26.328196,3.8138576,3.8138576,0.80330575,0.007679701,0.7803453,0.8951472,3.8138576
fb840b707075481684c871ed78835c05.jpg,5,55.101628,-2.978618,4,42.90757,1.39537,1392.2533,771.2017,0.627108,0.009701967,0.6244292,0.72981286,1045.5679
fbe7333abd59467a92d49829564adbe2.jpg,10,65.378445,19.451469,10,65.412038,19.402669,4.365477,2.918412,0.84314847,0.040905535,0.8289923,0.91004056,134.93225
fc8938dd79294142a3558b84dde9ea55.jpg,1,54.021061,9.004831,1,53.100093,11.560021,197.38503,11.04536,0.69665146,0.011647344,0.7015287,0.8073676,375.4842
fc92b6ba23664a30b83b5e72a1f70e54.jpg,11,41.231874,31.975106,11,41.174413,31.929397,7.4463115,7.4463115,0.6527517,0.013503611,0.613806,0.81972015,30.336311
fc98f14ea7c34b208dcb52dcece55bc6.jpg,5,55.298853,-2.940177,5,55.29954,-2.939599,0.084701344,0.084701344,0.89172167,0.075431705,0.87596,0.9547684,0.084701344
fcf98468ba7c4b589007007a36353306.jpg,4,44.120789,-1.298729,4,43.802707,-1.379171,35.95039,3.5780401,0.81368434,0.0021127462,0.8162705,0.81897146,7.189049
fd227fa9dfc44688b97320dc664c6cd6.jpg,2,37.356047,-2.029078,2,36.83652,-2.155481,58.846596,13.708204,0.7620771,0.004771471,0.73161066,0.88394266,58.846596
fd32ff3327e34d22846571b93738d48a.jpg,4,49.17094,6.823893,9,51.802244,19.727956,957.1782,9.216826,0.64037126,0.013152242,0.6514815,0.6654102,883.57025
fd4c9b6fc7cd4ae78ecba7f4ad8affb7.jpg,5,54.91698,-1.543543,7,43.313828,13.639389,1691.3754,892.476,0.6630988,0.017615914,0.6315417,0.78932714,1691.3754
fd7db3ae2b7847548f995d430802f1d7.jpg,7,39.062047,8.433358,7,39.058554,8.428879,0.5480983,0.1682266,0.88858134,0.0497787,0.872818,0.9516347,0.5480983
fd9dd97bbf8843aabaafe7aaa27911af.jpg,7,40.261685,18.09904,7,40.281931,18.069181,3.389026,2.8843756,0.85858536,0.100049734,0.87483966,0.82071066,488.02997
fdff34417bfe4783a79ab232de25292f.jpg,1,51.346671,14.636367,1,54.409451,13.46609,349.49054,20.635866,0.76810527,0.031427264,0.7558623,0.8733337,234.42017
fe22ec8b200c4c69ab84e0df9761fe79.jpg,3,62.364718,28.095367,3,65.392206,27.197451,339.49075,29.38605,0.80105335,0.0035014749,0.7745126,0.9072164,339.49075
fe5692d94a2b4a1788dae2a41f80aedc.jpg,1,47.968789,11.407,8,58.324959,6.286022,1200.2709,505.98398,0.68857956,0.025341153,0.6873248,0.7380591,1187.5829
fe7bf09a18da42478432dbcd84e6bf5b.jpg,6,63.842504,-22.44446,7,40.395052,9.477628,3327.8784,15.811149,0.6745654,0.018817484,0.6816863,0.76765305,2695.4663
fe849b0a0f7243b895ea792b107f6021.jpg,6,63.889683,-20.784484,6,65.907205,-19.396411,233.68445,15.423864,0.78193116,0.00024694204,0.7776499,0.85710126,247.65678
fe9c38499bf44967a4585336e2e5c79d.jpg,6,65.5813,-18.538849,6,65.468234,-18.725244,15.224935,8.033051,0.8862599,0.0012947321,0.86797553,0.9593971,15.224935
fea10d3ca220457680b3b481a5004e09.jpg,10,58.394315,15.299058,10,58.396003,15.297691,0.20390141,0.20390141,0.886747,0.18238646,0.8879287,0.8820198,0.20390141
fea55ae4baf2444fbbe6d27f40a8afa0.jpg,5,50.137199,-5.307606,5,50.133746,-5.307795,0.38419282,0.1737447,0.7822277,6.133318e-05,0.7651566,0.8505118,0.38419282
fececfb0b98d4e43be4f43767620b8da.jpg,11,36.935248,33.27189,11,36.944458,33.271389,1.0250742,0.554488,0.8284683,0.052752554,0.809782,0.9032133,1.0250742
ff29568e27b14d9ca51c8b994d190e74.jpg,2,37.635711,-0.774701,7,40.516722,17.325095,1591.8846,843.6078,0.69069034,0.014636934,0.6767843,0.7463144,1591.8846
ff4243fd3e1243ea806145136d814915.jpg,10,63.975928,20.09416,10,65.486279,19.329744,171.81508,0.8811055,0.8662008,0.0032770038,0.85598963,0.90704536,171.81508
ff62d6c676af45bd945c67654f99b9b9.jpg,4,46.404639,3.311373,4,43.941326,5.057642,306.18915,15.377228,0.67441875,0.0015880466,0.6856961,0.7452026,581.8328
ff731080dffc426cae8af2c3a8835dce.jpg,10,60.030158,17.533171,10,59.807539,17.982223,35.201256,34.1067,0.67228764,0.005945742,0.68623286,0.71628404,34.1067
ff7fb8f24de345b686b45bfb0cd530dc.jpg,3,60.61271,24.43194,3,63.496358,30.032696,433.2783,4.4576893,0.7730206,0.0045947433,0.75501716,0.8450344,433.2783
ff8af53bc8504abbac7d9677ef38544b.jpg,2,41.058017,-1.252225,2,41.080506,-1.04089,17.892189,7.2739325,0.7200463,0.0027462244,0.71916187,0.82246864,7.2739325
ffa69e9cf4254c0080e436741c49a828.jpg,9,53.158673,15.928122,3,63.918834,26.879408,1350.5127,324.9837,0.6664546,0.008863866,0.6666716,0.71530825,1350.6824
ffac6036d2ab49c1955174fc928b734d.jpg,3,60.617751,26.191511,10,63.302134,18.523599,499.22067,126.329285,0.67428595,0.0061504245,0.6726282,0.8023283,508.64066
ffb055f03321493489b8b4de0e990c8e.jpg,3,65.841099,24.513913,3,65.912019,24.590762,8.624709,1.5743117,0.941983,0.01804614,0.9337391,0.9749581,8.624709
ffd2bc92599a467190d60593fd746618.jpg,6,65.667823,-14.990326,6,66.015164,-14.8935,38.87314,0.38199064,0.9045947,0.0025721192,0.8906616,0.9807155,8.36821
ffe0770394ae400485138dfe10543d2c.jpg,8,67.348437,14.548636,8,67.346378,14.54295,0.33423758,0.33423758,0.7965303,0.03413886,0.76943696,0.90490377,0.33423758
