filename,true_country,true_lat,true_lng,predicted_country,predicted_lat,predicted_lng,distance_km,top200_oracle_km,top1_similarity,score_margin,top1_local_similarity,global_top1_similarity,global_top1_distance_km
000f6b23adde458090bbbd202dcd7a30.jpg,3,61.488511,22.70362,3,67.545593,27.918662,717.64435,46.991043,0.8364627,0.014025152,0.82917655,0.86560714,717.64435
000ff4ddb5fd41408eb4adad85c37e7b.jpg,0,53.227725,28.685234,0,53.200885,28.69736,3.0917683,1.4367201,0.83109903,0.05894953,0.8361391,0.85724664,5.4010572
0052dcb578f74ec9b8915d16979c8ae3.jpg,4,47.520819,4.324779,4,47.921112,4.772134,55.6871,1.4192154,0.78585756,0.039987803,0.7753097,0.83758265,40.01896
005852fdabaf4d25bc087086a51f36ff.jpg,9,53.517441,19.013004,9,52.496954,20.877391,168.62154,2.4325912,0.7724869,0.035448194,0.7884798,0.7703539,2.4325912
005def1af56347558723886d9ddfa48f.jpg,0,53.790706,30.93654,0,53.781052,30.926095,1.2740471,1.2740471,0.69419783,0.022375286,0.7186363,0.8141122,2092.0654
005e9cb7fd5b4024b5815614a701dfa5.jpg,6,65.550691,-23.115731,6,65.519996,-23.418932,14.373341,3.3117275,0.9393635,0.006088972,0.9288517,0.9865956,9.764323
00bfe0e7da0047bfb7c78f14ac33dae8.jpg,9,51.794583,19.422899,10,56.245551,16.466547,531.1496,15.282875,0.6658606,0.016276121,0.6567218,0.74083126,531.0869
00cffab329d1441c8886b9ebd6cebaf7.jpg,8,69.377999,24.059308,8,69.378863,24.061204,0.12142175,0.12142175,0.91853446,0.03299278,0.90202874,0.9845572,0.12142175
00d64b744239408da717b32664e07284.jpg,6,65.222486,-14.349844,6,65.220529,-14.350183,0.2181815,0.116833694,0.9438614,0.009239018,0.9352156,0.97848755,0.26425436
00dfe11207564bc499724f5639bd033b.jpg,7,37.91754,12.539982,7,37.822699,12.484546,11.614366,2.7960825,0.7960185,0.04040897,0.7740313,0.88396716,11.614366
0107c5d7064d4e1b909e216d4c71a09a.jpg,7,40.450208,17.333467,7,45.866912,13.180943,689.8529,7.429845,0.6867034,0.01975286,0.67362237,0.7689748,619.2596
010d1f7b2e284eaea70caaef4688fbbf.jpg,8,68.661288,15.525995,8,68.660639,15.531064,0.21742891,0.21742891,0.92478406,0.011167347,0.90883696,0.98897386,0.2654438
0113aa74ccb4409fb4788ddb41c60d6a.jpg,4,43.1632,-0.109384,4,45.786002,3.014495,382.6775,382.6775,0.5435125,0.005816996,0.52896917,0.68048096,1899.819
014ecfcea3b749d0b14ac4213e47de50.jpg,5,58.506131,-6.261553,5,58.514496,-6.259057,0.94137686,0.21825022,0.787839,0.041903377,0.78014386,0.82667136,0.8932317
016101fe780a4a67ba3424b51c1f95ca.jpg,10,60.237818,13.456887,10,60.221507,13.473628,2.0356395,1.7925574,0.8453442,0.01627773,0.823107,0.93429303,2.0356395
0174315f89f74b86acb944b581740335.jpg,0,53.793169,25.37485,0,54.166565,26.461252,82.28244,33.680573,0.7597666,0.020334005,0.7434306,0.8647227,33.680573
018268d2fd8a4bafbbbe32f8a8303ced.jpg,8,64.950148,13.183342,8,65.085325,13.325799,16.452595,10.494162,0.8750504,0.044357955,0.8505125,0.9732019,16.452595
018417aee54c42c292dc8dc2f9cfa9a1.jpg,5,56.021766,-2.841525,5,55.521598,-1.993641,76.84656,22.679682,0.81182057,0.018823922,0.78739476,0.9113729,294.93494
01a2d85b99ce4b70b5fa7947c07349a4.jpg,11,40.262079,29.147448,2,40.931791,-3.830881,2768.7861,232.26874,0.72031486,0.007993996,0.71858156,0.76998365,2962.9045
01a838bfc1014b62bb3669ef272b0678.jpg,2,28.928276,-13.652843,2,28.884392,-13.832873,18.191067,3.2078521,0.7735442,0.028398156,0.7779653,0.8268164,10.726673
01e21430df8c421bbace5dda3cc09ecc.jpg,3,64.139262,28.007642,3,64.078468,28.702842,34.425304,3.3456059,0.8593607,0.054183543,0.84118205,0.932075,34.425304
020df95d2fe541fa88ead414f4f7e361.jpg,5,56.515266,-5.931793,5,56.519081,-5.851202,4.9620113,0.31057552,0.81400424,0.002297759,0.7865232,0.93863845,9.501152
02486e64fed044d9a123ec5b319d377d.jpg,3,64.415905,28.438687,3,64.22297,28.487326,21.581068,1.1173687,0.76276404,0.008150399,0.7358687,0.87034523,21.581068
024c686452fb4bf1830effd5d28a8a23.jpg,11,41.855755,32.819442,11,41.481949,32.60924,45.08356,36.57034,0.71909785,0.024344206,0.69755054,0.8170626,1540.6385
0255439713a5460394aa4fbf413bb932.jpg,4,46.002457,2.193933,4,46.196292,1.788028,38.00048,21.756567,0.836201,0.025077999,0.8270696,0.8956685,28.805096
027116adbe8f4ecc80545f4da6fb6687.jpg,2,39.435311,2.901971,2,39.442867,2.898983,0.8784996,0.8784996,0.84518856,0.025426388,0.81737673,0.9733503,3.6386554
02d5e9738e0c48819240dd2b4d26af0a.jpg,1,52.716155,12.452907,1,51.787159,13.665057,132.20615,11.287988,0.69638515,0.0028429627,0.6876433,0.79493153,109.18599
02e43058f97a47b5a27a340800c372ad.jpg,5,55.984923,-2.896377,5,55.521598,-1.993641,76.45356,22.72413,0.8236624,0.0075467825,0.8075895,0.9266684,297.65744
030f2ae46f984a799859b11139a9e2ed.jpg,9,51.494168,23.545667,9,51.351261,22.736211,58.331745,0.12541185,0.7055604,0.005397618,0.7276695,0.710315,1246.5507
034a987fc48b45679a1fdcd0ffe74d97.jpg,10,63.302134,18.523599,10,63.399648,18.29054,15.895862,15.895862,0.8775294,0.054479837,0.88906837,0.8538187,92.06351
035cd460f00e49df849bde4103f3831a.jpg,4,43.463479,1.027612,10,60.80391,16.930826,2199.424,313.2202,0.6781498,0.03209275,0.6930111,0.7515538,2441.3005
035d42abc82b4f12bc8d57d1398e18b6.jpg,3,62.904425,30.219035,3,62.900644,30.212119,0.5472357,0.5472357,0.8479841,0.020742476,0.8419385,0.9185364,321.9207
035e5970e12c45f58e042891e9c978cb.jpg,5,50.227643,-5.078651,5,50.285353,-4.945512,11.435432,1.7746929,0.84436,0.04053545,0.81592244,0.9581102,11.435432
03728522083445e0a76b24b97201ad59.jpg,5,55.128033,-4.993662,5,57.173271,-6.063268,236.86533,31.152496,0.76610243,0.014039874,0.75648105,0.82943326,473.43903
0376b35448a249bdb4ad4b20b3af32ff.jpg,1,53.806674,10.4825,1,53.805813,10.505758,1.5301803,1.5301803,0.7110019,0.09040934,0.7175814,0.72475874,636.57446
03790fc9dd444549aad2c9acdf063bea.jpg,1,50.084061,10.965625,1,51.107727,12.599637,162.03896,23.067682,0.6840334,0.0026067495,0.66391706,0.8315228,194.96063
038757d2d54f47738b6c9509b7418953.jpg,7,45.039501,8.428196,1,51.64054,12.589013,795.4961,71.85794,0.76561695,0.04108125,0.7823164,0.7428858,620.93195
03a995dbc48140b5860ff87d1cd69873.jpg,9,52.205789,23.17661,9,52.165458,23.394654,15.526738,15.526738,0.78569454,0.004983783,0.7778684,0.83104336,172.48033
03ab636551bb45d4b2f5f4cd4500bafd.jpg,0,52.493844,23.717723,10,61.224562,15.418625,1092.1205,38.99961,0.7596961,0.03899294,0.76797926,0.7265637,1092.1205
03c58e4f51d44b7f80a585800fea69b4.jpg,7,42.985037,11.958973,11,36.850482,30.839899,1743.7655,13.057354,0.70336413,0.019780755,0.68953204,0.75869226,1743.7655
03ca72ebd2e54a3e9239f27b7abb769d.jpg,6,64.778234,-14.430374,6,64.746277,-14.366548,4.667336,3.7935824,0.9299979,0.029732585,0.9198079,0.97075796,4.667336
03ef4145ed7e415a8c0776372d330f54.jpg,5,53.147811,0.172069,8,60.092855,10.951193,1012.984,8.701452,0.7304454,0.038672745,0.7642893,0.6388762,1974.3129
03fcc32521a942c0b0c860fa6e1f26c6.jpg,0,52.519364,25.027114,2,38.70182,0.081773,2453.4834,1309.1812,0.58738625,0.012867808,0.5568233,0.7532109,2590.1147
03ffa76f07444c6bb14e071171425505.jpg,6,64.899996,-13.897523,6,64.903747,-13.923183,1.2801242,1.2801242,0.91271377,0.012845397,0.89648616,0.9776241,1.2801242
0401de4066dd42e1b19bf95116004a0e.jpg,1,48.86208,11.779034,1,51.755362,12.984194,332.89502,201.39374,0.63606536,0.0064247847,0.6359126,0.752344,591.64496
045451835e3f4ae797b03a52f941c174.jpg,4,44.685847,-0.86745,4,44.656498,-0.927089,5.7351027,5.6625586,0.8300184,0.116217196,0.8204729,0.86820036,5.7351027
04607137d71a43a59ea0a16e5b23309a.jpg,4,50.766277,2.837808,10,55.617004,14.199052,927.60504,155.98341,0.6722302,0.01627618,0.66304666,0.7219489,1673.0798
0484a47f65884c1a949f9e1dc2dfd01e.jpg,2,42.745708,-0.516635,11,36.941184,31.219339,2767.7202,25.653927,0.59665596,0.002805829,0.5715122,0.752905,2619.0024
04a564954b384352aadef83c91724d05.jpg,11,38.492373,28.04968,11,38.490793,28.055144,0.5069607,0.5069607,0.84219474,0.054545224,0.8238468,0.92127794,0.96197456
04b61699582f4503be8d910e28046bf7.jpg,5,54.593792,-5.695874,7,42.55573,14.112832,1966.157,1394.4757,0.66842353,0.000685215,0.6439031,0.7665051,1966.157
04e3f7d876e24d5aad780ab92cd1426c.jpg,9,50.652778,17.136212,5,53.83272,-0.628121,1256.3312,34.558094,0.65174156,0.0046334863,0.66768146,0.6269585,1258.7203
04ee18e47b0a4e328128a22b0b5f5afc.jpg,9,53.671599,21.313249,9,53.636443,21.094383,14.94381,1.5508064,0.76028615,0.008536935,0.7370756,0.87389463,19.470022
052e388a2c514058bb0af6164217b122.jpg,4,45.775878,2.936163,1,52.981844,13.835228,1122.2047,166.0191,0.7119986,0.0067371726,0.7082454,0.7599077,1027.3857
053bbfa8abc24812b9ff11460e9d644d.jpg,7,45.188992,7.657575,2,40.21861,-0.937353,892.85596,50.597935,0.6230896,0.008148074,0.65315115,0.5790379,497.3595
056166095f004be3b2e8aee429f2f8e0.jpg,8,68.622567,15.66728,8,60.817826,5.821557,983.06366,31.757683,0.69836134,0.016210198,0.7144313,0.82938004,168.73004
05a58a4338ee49db808e82fef2205d12.jpg,9,53.402382,15.550994,4,50.043414,1.392481,1042.1445,9.246528,0.6871046,0.014591575,0.6982795,0.6664624,823.65424
05ba57cfd2624c32b205ca8744f24792.jpg,3,65.435701,26.853744,3,65.430789,26.861558,0.6548414,0.6548414,0.91394234,0.016598582,0.90104413,0.96553504,0.6548414
05de913d23c744379ef9346a89a61098.jpg,11,38.95656,29.356569,10,61.991905,14.578735,2751.4473,2205.2925,0.7474381,0.044685364,0.7287425,0.82222044,2751.4473
05f2b4f174f648eda5b3f15cf41ca437.jpg,0,55.700056,28.212646,5,57.477558,-4.047267,1966.2698,1851.6696,0.7239219,0.016283512,0.70460534,0.8159677,2081.6687
05fef6dcbaf34d51a15406d68f2e63cf.jpg,9,52.666524,21.186827,4,48.039563,-1.784924,1700.6184,7.9970465,0.7170166,0.039735734,0.72317344,0.6979233,1647.1285
0600c77f10de4ff09d55755a2b6f7e5a.jpg,8,61.685757,12.001238,8,61.713566,11.973162,3.428189,3.428189,0.81284726,0.040815473,0.79791,0.88118446,169.12738
064a70547b1f43a6ad878ad8f3c68959.jpg,2,37.717789,-1.579756,2,38.143325,-0.934572,73.76254,10.521294,0.868494,0.06063378,0.86537194,0.88098186,73.76254
064bff5370364aefaadb04070ea67ae9.jpg,11,40.810778,31.652018,7,41.193919,9.183134,1880.7502,386.24237,0.66657543,0.011011004,0.67827404,0.7466819,2454.9573
064c3f094f0940348ac783b929ecd674.jpg,8,60.2219,6.436061,8,60.220276,6.43698,0.18757728,0.18757728,0.86988205,0.20256275,0.8512157,0.9445473,0.18757728
066ea50d33b44d35a215887c337e7488.jpg,1,52.169167,7.146733,9,51.736012,20.807461,936.0328,23.365433,0.7124056,0.017399967,0.73751473,0.6763797,426.334
066f81fc754e49b0b397b31d1473f5cd.jpg,3,60.675659,23.096436,3,60.646219,23.011552,5.6660857,5.6660857,0.8965713,0.05912769,0.8926804,0.91213447,5.6660857
0693123b10044a9ca2e74ba32a6abdda.jpg,1,52.577898,8.613526,1,52.510105,8.401544,16.196177,0.8826998,0.7411529,0.010481298,0.73333013,0.79288036,318.85754
06a25a04965043cf854a122b822011b6.jpg,2,28.396482,-13.870392,2,28.436264,-13.87063,4.423624,0.14828187,0.66029245,0.016527534,0.6330021,0.7694535,4.423624
06abcdebb5ed4beab73acb1cff919863.jpg,5,50.132999,-5.565709,10,59.595855,17.129667,1778.861,117.933205,0.6616282,0.016099095,0.68411714,0.6978838,3152.7935
06e36eb9d45a42bf8ab912d095d46dd9.jpg,11,38.307038,43.01549,11,38.416976,43.233638,22.609753,8.288557,0.7134992,0.006501615,0.72122365,0.8302804,56.440865
06e84c3027e4458f9fddb235dc735907.jpg,1,48.97679,11.311517,2,42.441843,-7.706388,1639.6752,79.28708,0.6700405,0.027011216,0.6343732,0.81270945,1639.6752
070fa11598fd49f6aaac9a91750e1f56.jpg,7,36.777772,14.685586,11,36.82829,28.785115,1254.2072,20.372442,0.7115615,0.005512774,0.72503006,0.7515166,1921.093
073847a1421848b38ab6435c807419e6.jpg,4,48.062369,-2.0388,4,45.993767,4.370182,537.2466,537.2466,0.6959658,0.008432746,0.7408744,0.7154597,1642.2014
074aee7fdaed43439ba507bc144acdee.jpg,7,36.861193,15.109957,3,60.369338,24.872078,2704.0164,1860.0402,0.7299044,0.003319025,0.71583337,0.80860364,2774.5603
0782ee6402b64826a8e15e636c80381f.jpg,6,65.486668,-23.259111,6,64.617261,-22.050875,112.054,0.13844746,0.81860125,0.0036180615,0.7925,0.9275161,21.49575
079a49ed3c4c4e76a54e81fff6571f8c.jpg,6,63.97621,-16.863628,6,63.972086,-16.86272,0.46070346,0.1500452,0.9233815,0.004247546,0.91154224,0.98265743,0.1500452
079d02d4b35347b48b2b254f27831092.jpg,11,41.619874,35.574191,11,41.515378,36.021809,39.009388,5.031692,0.8634673,0.014465809,0.84112614,0.9637707,37.64964
07b86ab8f80b483fbb11a70291b170fd.jpg,0,51.70836,30.351906,0,51.695666,30.346586,1.4583453,0.3710113,0.94267994,0.012910843,0.9381758,0.971334,0.6963982
07bcf7bfb8234bbdb123103989a3d912.jpg,9,51.581611,21.773624,9,51.89062,21.342192,45.422882,0.656854,0.8331807,0.018833816,0.80928916,0.93053865,15.298486
07e2268d364549ec9c2c93b77d88c87b.jpg,5,57.386212,-4.696607,5,57.465333,-4.520768,13.719228,0.25352013,0.7652051,0.0116353035,0.7372762,0.8905221,275.52527
0808049176b64bfdaf5751a19c216b8b.jpg,4,46.488668,5.723487,7,40.860294,9.335879,689.79926,14.219656,0.7156003,0.0040623546,0.71208465,0.7898643,1172.8528
081663b20a734e71be16f91514fad3a6.jpg,1,53.089773,11.289851,1,53.190254,7.191864,273.5333,32.477207,0.6827973,0.0055071115,0.670396,0.7324026,273.5333
0826a54e91b74101a7eb019650b7bc6c.jpg,7,39.619264,15.857407,7,39.654097,15.837828,4.2205534,4.2205534,0.8095238,0.0032325983,0.79650855,0.94729745,55.74586
082b6c4e18d742bb91b2bb3bb8e0847e.jpg,8,62.557613,6.12716,8,62.54223,6.125243,1.713334,0.05585883,0.7599049,0.020953357,0.74455416,0.8539499,1.5795733
0852d5996c1a4ecabf483b18d6f032dc.jpg,10,67.839996,20.691851,10,67.83499,20.705882,0.81009024,0.81009024,0.923949,0.029995203,0.917397,0.950686,2.8454306
08882d304718491b9009915c13dee917.jpg,11,37.738837,41.291573,11,40.148921,25.929809,1353.464,9.745085,0.68983245,0.00570333,0.6776538,0.74566805,1353.2073
08b54238fcd547d89f19ab65de38e95e.jpg,1,51.033131,10.436047,6,65.848367,-17.492047,2277.3777,317.57355,0.6671273,0.022829711,0.6654898,0.6745498,2208.5667
08d47fde0d3e454aa5e12ce085660924.jpg,11,41.485609,31.834918,11,41.520366,31.922006,8.217883,4.683494,0.7838943,0.01620388,0.7603478,0.9021077,49.025215
08e8e3fd7a3c4904819b35cebfb7270c.jpg,7,37.855,14.943735,7,37.833132,15.13862,17.284533,1.9267579,0.6973388,0.01349479,0.7035575,0.77586347,1642.3462
091ee1d354d64f90a89c8fa771f3272d.jpg,10,65.041866,19.086426,8,62.22618,11.782424,477.10962,1.0374411,0.770736,0.0133039355,0.733737,0.9187318,477.10962
0977bb560bec40df9835310addc7956a.jpg,5,51.965122,1.209108,5,51.962081,1.196913,0.9013615,0.9013615,0.8529894,0.09100032,0.8489766,0.86904037,0.9013615
09a1f0733b0a4973a7d096dc89c39dc8.jpg,1,48.85693,12.919923,7,37.741958,15.146813,1248.849,567.3778,0.66571397,0.0031318069,0.64148533,0.77400637,1248.7615
09b6425fee2b4a72a2d1af4463cfa63e.jpg,2,36.733591,-6.089131,2,36.808881,-6.061391,8.728878,3.9961329,0.864569,0.14602137,0.85076153,0.919799,8.728878
09cb1bf1f0374f6baf6cb5f8b3df0943.jpg,7,40.57526,8.360246,7,40.5915,8.375922,2.2390661,1.6569728,0.9006369,0.03277266,0.88729334,0.95401096,2.2390661
0a11ff56e8424d20919af02d94f52fdb.jpg,6,65.883173,-16.541364,6,65.647716,-23.660239,325.80014,2.0228367,0.85003227,0.012576342,0.83550644,0.9478024,2.0228367
0a4dd34fcc424c2ca252403a6bd1c5a9.jpg,8,59.654376,6.447989,8,59.395396,6.189283,32.28211,5.677288,0.757671,0.02894926,0.75679713,0.8362136,14.712627
0a53e35c8aae45af9f1f8b9c0416805e.jpg,0,52.219465,28.715956,0,52.223114,28.797792,5.5893817,5.5893817,0.84289736,0.007911503,0.8266009,0.9332826,366.88144
0abaceb0173a4b7c9e4464eb03550517.jpg,2,29.102668,-13.555302,11,37.898967,39.839328,4978.5737,1647.77,0.85750574,0.004173517,0.838771,0.9324447,4978.5737
0ac2d4fb01844ec2967bf8f9a55b91ae.jpg,0,51.750612,29.180054,0,51.694168,29.13805,6.9110956,4.7654295,0.9337222,0.004163444,0.9311576,0.95235837,8.3107
0ace5401a1c54c4594f63f8540e81549.jpg,2,39.704267,3.105209,7,43.768213,10.352405,751.72394,527.69446,0.62605107,0.011874437,0.6072077,0.7886728,907.67334
0b0ae56af397442293f6bd33fcb46164.jpg,5,51.171287,-0.033789,5,55.626261,-4.562941,578.9968,32.175037,0.7503783,0.021076262,0.71488875,0.8923363,578.9968
0b1dbc6f5beb4f8899b24fca13a217e1.jpg,9,52.806897,21.16421,9,52.828788,21.225611,4.7906904,4.7906904,0.7864744,0.042271018,0.75125384,0.92735636,4.7906904
0b3b86592e154ea589941080826d5f68.jpg,3,63.16107,25.913248,3,62.346175,23.823572,139.72762,9.077308,0.83096135,0.006776333,0.8097397,0.93137395,207.9837
0b76c1c2882d4c79a89dccaecdb24324.jpg,2,41.875876,-0.768468,2,41.547165,-3.20571,205.5774,0.20588954,0.72453594,0.00619787,0.71868575,0.7928407,42.58798
0b948ec1224a40828702fc9bd63743b5.jpg,4,48.340432,5.404579,4,48.341386,5.406431,0.17317627,0.17317627,0.83247364,0.16562915,0.82872427,0.847471,0.17317627
0bb6879ed1e8445aadb48439835cf700.jpg,6,64.773841,-23.884151,6,64.815584,-23.955016,5.72761,4.387464,0.9094118,0.017251372,0.89564246,0.9644888,5.72761
0bcbbe061b0b4217a98ebe37c9a11e24.jpg,1,51.651684,6.355795,3,61.669312,27.24568,1680.8152,447.20312,0.6615501,0.0010536313,0.65496385,0.7399998,860.0161
0bcf949135154c1f806d35e068a39344.jpg,0,53.226471,27.316008,0,53.131743,26.941672,27.078697,1.5937917,0.7337836,0.056517422,0.7053182,0.8476449,27.078697
0c4b6afd3ed14a63aa59e023abe71c57.jpg,10,61.13283,13.921314,3,60.996162,21.981878,433.64105,80.85838,0.7617856,0.016557515,0.7327399,0.90363896,427.89996
0ca732a2c5fa4d0d96009cece9181736.jpg,6,65.012691,-14.12565,6,65.013299,-14.114524,0.52694553,0.52694553,0.8696633,0.015533507,0.85239446,0.9491043,20.08468
0ce1c2f27ebd41e9897a585b7e9a20a8.jpg,1,54.153816,10.359162,8,61.899288,12.864203,873.6308,348.92584,0.6826493,0.014484227,0.6757628,0.711963,1210.2789
0d0ff1ac928941f284e0f122b88ca02d.jpg,0,51.697184,29.141048,0,51.699058,29.142993,0.24777187,0.24777187,0.95770204,0.0037828684,0.9564518,0.9692205,0.8687011
0d152b008ccb434b97a055708489245c.jpg,9,52.232031,17.99012,9,52.321906,17.676167,23.581802,23.581802,0.7976126,0.05873674,0.8144276,0.78381354,82.02469
0d21b9698dd746139ed019bf19c3b58b.jpg,7,39.325539,9.147543,4,44.034086,6.08792,581.8578,0.22725749,0.64039254,0.034424186,0.6183078,0.7287313,581.8578
0d2501ae560c4cf59eded9cf0300a11f.jpg,11,37.829231,41.081146,11,38.745985,35.345609,510.76736,287.731,0.72627044,0.016394317,0.74305904,0.81114864,1052.7223
0d25af92f931454cb7d3628bfd03e76d.jpg,3,67.536336,27.925598,3,67.546986,27.918034,1.2270412,0.13560502,0.8641053,0.008477271,0.8394555,0.9742154,2.1062868
0d54066af78141c8a21b03d08354cb6d.jpg,11,40.325496,32.491929,7,37.267371,14.938757,1555.9421,340.64374,0.78861517,0.008579791,0.7669877,0.9273286,1609.1196
0d73f9fd3548419295b71d86d2983d90.jpg,3,62.296603,29.843026,3,62.312674,29.862577,2.052884,2.052884,0.86819595,0.027179599,0.8531503,0.9720967,15.516456
0dbc1cda213b446fb9f6f97c7d4efd8b.jpg,6,66.059589,-19.136052,6,66.059878,-19.137073,0.056169532,0.056169532,0.89001876,0.03608793,0.8742902,0.9529327,0.056169532
0dc54f57769d4075aeca71924efd659e.jpg,4,48.797528,6.017837,4,48.802334,6.025052,0.7515622,0.7515622,0.88078994,0.13069242,0.88393885,0.868194,0.7515622
0dff167782094ca9bb7178784e2ee981.jpg,8,58.902943,6.856785,8,58.902235,6.855525,0.10693148,0.10693148,0.8180047,0.10794616,0.80167377,0.88332844,0.10693148
0e0d3ccb670e4a41b94158ce8652cb2f.jpg,1,51.621192,6.319655,11,37.313592,35.882454,2804.0232,414.78146,0.71255994,0.0690707,0.69709414,0.774423,2804.0232
0e2835c2d8354ebc9bc2c9f0e9eed273.jpg,0,53.096538,29.767143,0,53.129083,29.487088,19.039038,6.986732,0.84892577,0.028949559,0.8264116,0.9438762,15.049026
0e319abe0b1c4d16aa00b8c75c8d32aa.jpg,10,65.31097,16.196515,10,65.279578,16.339667,7.512865,4.389644,0.88901114,0.009907603,0.8772275,0.93614584,7.512865
0e34a5c440214680a26c10aae5c6d308.jpg,7,40.598043,16.993397,7,40.598784,16.978595,1.2524348,1.2524348,0.8088845,0.106462896,0.83496845,0.7453555,1872.8376
0e435cda34014d14b68f540280fb8957.jpg,10,65.039462,21.351213,10,65.081254,21.465107,7.0789986,3.6040266,0.8938001,0.04949248,0.8809957,0.9452795,3.6040266
0e63e15f1b264aeb8a49d1970d59c6f2.jpg,7,39.408588,16.014914,7,39.414284,16.013789,0.64069885,0.64069885,0.8703989,0.0021138787,0.8543239,0.95179117,9.494567
0e64f3c9307c47faa4413faf92ae2953.jpg,11,39.329365,27.62046,11,39.713357,27.801312,45.428574,12.9898615,0.71417737,0.009720683,0.7141403,0.7742175,224.64311
0e679a749f074a46b25154b12ee4c903.jpg,6,64.838157,-22.569522,6,64.827938,-22.520807,2.5685766,0.1581076,0.9298406,0.011619866,0.9183663,0.9757378,2.5685766
0e67edcb96ca4ca6884ef81418b8752c.jpg,5,56.380135,-5.042364,5,53.077668,-4.003143,373.21973,3.384085,0.8073006,0.037489474,0.7753515,0.935097,373.21973
0ea1794b8df4446ba33a99d3d2d2243b.jpg,6,64.934923,-14.052192,6,64.938218,-14.093906,1.9987888,0.45663384,0.9068019,0.034080327,0.90274346,0.9683519,13.236339
0ed21a05328244bcb58583f4c07cdadf.jpg,7,40.039115,15.310215,7,40.038959,15.307518,0.23025441,0.23025441,0.8022443,0.12965363,0.78856844,0.8569474,0.23025441
0ef410b9bc3542efad7f432c0d7b5719.jpg,6,64.629147,-14.433954,6,64.629482,-14.435318,0.07490556,0.07490556,0.93519765,0.06969631,0.9218507,0.98858523,0.07490556
0f1667beed634b12bae15d151164468e.jpg,1,49.563117,8.015287,7,44.095861,8.127171,607.99133,381.12296,0.7242589,0.005292058,0.70168424,0.81585276,557.4824
0f60f341ec674889a516a6892704ade5.jpg,7,40.589405,16.2534,7,40.563778,16.399935,12.699703,1.900283,0.7994913,0.0183205,0.81366795,0.74278426,12.699703
0f84c2ed1ea54493988fef43fe8bc0d4.jpg,3,63.151098,29.765291,3,60.979188,23.63445,400.12436,169.10887,0.6477187,0.018497407,0.6178578,0.77764904,936.1298
0f99250f67c048c691179d6396bf6e11.jpg,4,45.840867,-1.148554,1,49.213034,10.818797,972.2828,0.3498707,0.6583122,0.010632455,0.6617555,0.7609124,431.53497
0fb819d083bc480f8a33404def96e37b.jpg,7,44.798888,6.943088,3,67.674354,24.220713,2736.1199,1276.3524,0.74664426,0.015813947,0.76012576,0.8498372,2038.8196
10009cad8dd444c8869dd3d40db57be1.jpg,8,64.080088,11.514431,8,64.090425,11.522838,1.2198707,1.2198707,0.8034032,0.02145201,0.77030885,0.94840956,1.5596764
1012a949445a42e18b91263a365e6099.jpg,6,64.629454,-21.772354,6,65.820387,-17.356904,244.59816,1.3512199,0.8323477,0.024179697,0.8099433,0.9545336,253.74425
10149728873e4b048390f61c33476115.jpg,5,58.556486,-4.706181,5,58.555856,-4.705998,0.07085262,0.07085262,0.8629844,0.003365457,0.83587074,0.9714392,0.07085262
102168ae06ee4518b5f50974f6c8589a.jpg,8,60.369871,5.251192,8,58.223122,6.815027,254.66768,1.7447754,0.6590106,0.004998386,0.6072782,0.8998781,220.2897
10b8a8fc75bb437ead2566ec31625430.jpg,7,40.956426,14.835434,7,39.112586,16.077964,230.70122,0.7662708,0.76796395,0.013938069,0.76364696,0.84605384,2.5331545
10fa5172d2af492aa14189a4bbbc8053.jpg,0,52.481454,27.475619,0,52.37505,27.460804,11.874164,1.4798379,0.8838956,0.04120046,0.867128,0.9509659,11.874164
110f0e88fcbd442991422dc89a250b66.jpg,1,48.718365,11.172499,1,47.98923,12.846518,147.89441,18.046423,0.6808174,0.0019444823,0.66724265,0.84198105,98.78706
1115d287c68644789fc0c54284adf80f.jpg,10,61.443729,17.123278,10,63.748045,16.430978,258.66272,0.4983189,0.79446566,0.0072419643,0.7898258,0.8438462,0.4983189
111c594c0a904eb4bf8c41531e24ddbf.jpg,2,38.876163,-1.270941,2,38.20467,-0.723269,88.56594,34.17284,0.7982735,0.015856147,0.802709,0.81194395,297.67026
112360306825418a81254a7068d2f604.jpg,6,63.470582,-18.589027,6,63.482379,-18.54682,2.4724917,1.1431599,0.86393756,0.0053033233,0.84907424,0.93313813,122.12747
113274ccdcf64117afea3b69feb26ae9.jpg,6,64.182632,-15.822163,6,64.180994,-15.828245,0.34630185,0.34630185,0.91506064,0.02618587,0.90273106,0.96437895,0.34630185
1137c7b3bffb4427bf388ae9e811d23a.jpg,6,63.851573,-22.030376,6,63.8177,-22.541795,25.357605,4.89331,0.88179666,0.0129211545,0.8570523,0.98077375,25.357605
117c43c037f144a5b2d6e60981c69447.jpg,3,61.5096,21.693632,9,53.367162,20.778366,907.0311,49.183064,0.74119586,0.062043607,0.73257935,0.8442712,823.6436
117cf3943dc34da9805e569cb2e285fd.jpg,3,61.306473,22.813527,9,53.752754,17.775208,891.5221,20.967056,0.6908614,0.040927768,0.6839358,0.7386259,150.65564
1192f67601a744fca467dd67dbcb4a03.jpg,7,39.014313,8.417081,7,39.058554,8.428879,5.0238104,1.6329894,0.82446754,0.044316173,0.7944597,0.94449866,5.0238104
119b41d24a314010a96deedccb12d909.jpg,5,57.815803,-7.055255,5,59.099319,-3.32598,259.61145,2.6522188,0.79639703,0.012085795,0.78773415,0.83950603,259.0658
119f5dfa9d3747d78770ec3a85390698.jpg,5,54.253752,-0.419759,5,54.030452,-0.960102,43.07238,2.0256546,0.75419855,0.025199711,0.76448864,0.7955378,354.39206
11c7b125a7874d6ab84b08d0f6520458.jpg,5,50.527462,-4.697611,5,50.510019,-4.696977,1.9400936,1.5538876,0.8270767,0.0059479475,0.7976339,0.9556179,8.319486
11ca4bf126864ee8b3dd3b4c6eb9d9e9.jpg,8,69.683688,18.804869,8,69.650534,18.519711,11.6181555,2.4916778,0.6742106,0.03795427,0.67099375,0.74851936,902.2014
11ca739d6e59476fbfed04355594730d.jpg,8,66.66131,16.144841,10,66.419856,16.893402,42.64759,0.6560466,0.80796206,0.026537657,0.7858099,0.8965708,42.64759
122435dfeda849abb40b89fbfe2c6616.jpg,4,44.676929,1.747264,7,36.815249,15.069422,1419.4792,293.03317,0.7362184,0.021751046,0.7214963,0.79510677,1419.4792
122e23c3c17944f48ecb296b482660db.jpg,5,53.217746,-0.562068,5,52.041981,-1.193448,137.50705,2.7997653,0.74505615,0.00034940243,0.7188628,0.882794,185.61963
125025af89764fe79a525415e1e48b1a.jpg,0,56.027343,28.347565,0,56.028425,28.326887,1.2904407,0.40083998,0.7623647,0.03552556,0.7560308,0.7877,1.2904407
1256c952cad9404a8a15f99a2f3804bf.jpg,2,29.098322,-13.555655,11,37.898967,39.839328,4978.816,8.357183,0.81122565,0.00022363663,0.80732393,0.86926,4903.7793
12885d92b8f741298fcd0c39fa3962e3.jpg,5,50.321836,-4.839508,5,50.285353,-4.945512,8.552067,0.6849439,0.8734269,0.046571314,0.8496481,0.9685421,8.552067
12b8a7559668448183d0d4ccb0a26b0e.jpg,3,62.631924,21.53094,3,62.626092,21.526014,0.69566923,0.69566923,0.8692447,0.09719598,0.86397713,0.8903148,0.69566923
12d160dde6f547db8b0ce4ae65f8c144.jpg,3,63.053611,31.174255,3,63.108517,31.121627,6.6553373,6.6553373,0.87701994,0.02589035,0.8580053,0.95307845,6.6553373
12e979d72dd546b09d39a73c0b0dae28.jpg,11,40.017124,38.604448,11,39.554468,43.90872,456.07477,4.2934732,0.8038092,0.0011680126,0.7854347,0.92492867,19.128632
12eb4db964fa41d4a8a0091676b39ba3.jpg,5,51.905591,-5.063963,5,52.087129,-3.678146,97.00068,3.8682153,0.79271233,0.014472961,0.7713423,0.87819237,97.00068
133966395a324eed810d4950322969d3.jpg,11,40.00009,36.115564,2,39.570213,2.829393,2827.9329,112.66934,0.67688596,0.014472961,0.66087544,0.7691415,2793.346
1339a8666de945ffb1ee8871fef9f52d.jpg,0,52.476774,25.571403,0,52.2617,25.68012,25.028286,5.6930003,0.770941,0.0003771782,0.7658434,0.84228766,12.215731
137545a07cee4a2ba38534a042623314.jpg,9,51.44814,22.611754,9,51.351261,22.736211,13.805459,2.541875,0.76436126,0.005952537,0.7662309,0.82865024,11.027502
1380217e8c904e76b9b690641716b869.jpg,8,64.026499,10.077253,8,63.992046,10.182165,6.3883686,0.7682521,0.7246264,0.008325636,0.7507857,0.77764916,3361.1511
142018cfdfe44f88ac20afb75453c8d7.jpg,10,61.509374,14.849688,10,61.43173,14.855809,8.639749,0.040564656,0.8747922,0.0021374226,0.8609223,0.9302721,8.639749
144bfb8bd0b84aa3992b1d0413e38b59.jpg,10,63.722283,15.878697,10,63.917194,15.240991,38.058712,15.311256,0.87809354,0.009415805,0.8643373,0.93311834,38.058712
1475e382e9064b228b3f2072eec64f48.jpg,2,39.650529,-6.893954,9,50.948484,17.287538,2254.176,1412.2881,0.6515405,0.00038218498,0.62889254,0.7447599,3550.1938
148c5d2f4c9d49cba595f78cbbd3beb3.jpg,10,60.526679,16.484767,4,44.101876,7.10316,1929.984,554.4809,0.7273787,0.011299312,0.6986553,0.8422724,1929.984
152991018a9a47fe8806f7eeeae4a1aa.jpg,6,65.609615,-19.353769,6,65.608191,-19.353538,0.15869668,0.15869668,0.9625099,0.032699525,0.9553185,0.99127537,0.15869668
152c9ef3167446b3a601ff36ca99e57b.jpg,1,51.461705,12.898447,4,49.512464,4.762281,614.66327,16.314774,0.650691,0.0034742355,0.6629197,0.70494115,577.6443
1541cd0e061f4001a0d4d6516dcbadf8.jpg,11,39.448099,31.570281,11,39.45114,31.440788,11.123799,11.123799,0.73734355,0.011147857,0.7504777,0.7451495,38.541615
156064a5ec414fe6a08419b7aab6886d.jpg,11,36.910706,31.173239,11,36.915397,31.133254,3.592963,3.592963,0.85019064,0.11948353,0.8258416,0.94758654,3.592963
156bb9b2b4b6498f8350e83c0ebcebe1.jpg,2,38.320639,-0.513346,7,44.064179,10.441614,1115.6584,596.11664,0.6447233,0.011398196,0.63860255,0.74091256,801.2625
1578eb92185a4a6589305848558d102f.jpg,11,38.036642,30.166932,11,37.045993,30.621952,117.23289,9.850957,0.7908666,0.0618394,0.77337027,0.860852,117.23289
159e8ab6619b488b8c112ceb9fe957ab.jpg,1,50.923088,12.574041,0,52.077767,25.558038,906.6217,711.2188,0.69955736,0.006319642,0.71285385,0.79307395,1953.6882
15c20a0a50a14d2680038ac4e56c29cf.jpg,8,59.853158,5.349373,8,59.846655,5.35532,0.7957332,0.16785258,0.84774154,0.03741753,0.82309926,0.94631064,0.7957332
16080eb7f3a14ed09010f194601d14d8.jpg,7,37.82692,15.133666,7,37.833132,15.13862,0.8163509,0.5297251,0.85233957,0.0815956,0.8332173,0.9288285,0.8163509
161e3be302e6413f8bc8a49beed964a4.jpg,5,53.192242,-0.6244,5,53.239405,-0.583517,5.9086976,1.4875748,0.89262944,0.02147907,0.87692326,0.9554541,5.9086976
166254930f4b4628b35fa98ca79c5c4b.jpg,2,41.256836,-2.19453,2,41.719467,-2.840767,74.45643,22.813,0.75732255,0.021421015,0.7611386,0.8073512,3078.045
169b9824a12d4f0c91c185c111ca795e.jpg,4,46.161159,0.032102,2,38.40381,-6.006755,994.7007,66.270874,0.63263625,0.024815202,0.644716,0.6557025,2270.3643
16a2217cc22f46ab82b4b4e0dee9604b.jpg,2,42.145193,2.610324,8,63.23496,9.775107,2390.8154,1959.2831,0.65230554,0.03535968,0.6560071,0.74275327,3249.7903
16a5612695894c4a9fc16e21a0bbf0fe.jpg,0,52.213219,31.529268,0,52.214232,31.52437,0.3522045,0.34352258,0.95416063,0.001840353,0.94776404,0.992543,0.62774897
16a5a4c51cd34792965dd1a2fc654b46.jpg,8,62.488949,6.871853,8,62.486727,6.57758,15.117371,15.117371,0.82192874,0.0048053265,0.7985063,0.94383067,53.90821
16ce2580ac5040568dee6caf1bb1df68.jpg,1,54.599416,9.554032,11,36.808265,34.5114,2741.0366,327.11398,0.6205385,0.013380468,0.6383356,0.664804,576.54865
16d298a277dc4780b451167dc43875f2.jpg,5,50.002647,-5.214381,5,50.121797,-5.44297,21.018648,3.2624862,0.7298813,0.00080788136,0.71897244,0.8380314,3.3244717
16f4e6edcbc64163a304f63ac52e5ed3.jpg,11,36.145029,33.322853,11,36.338993,33.542717,29.22264,11.680801,0.7929118,0.00040453672,0.7828842,0.8514993,29.760313
172e317dbae44fe286f51337894a76e4.jpg,1,52.044924,11.878366,4,47.135668,5.59369,708.8344,315.83456,0.6889633,0.009472907,0.6930032,0.73294955,1294.8535
174f76bbb1184fecba1e4db69562f7b3.jpg,10,65.398465,16.128006,10,65.409776,16.123972,1.2715088,1.2715088,0.91183585,0.016105711,0.90952986,0.9498465,204.82076
1763e566f77c47468952639dba025cdd.jpg,10,62.480571,14.770064,10,62.862276,15.080281,45.301693,18.18308,0.9014682,0.026195467,0.88662994,0.9608213,45.301693
176daf1daaf942b0bd476d91426cb4cc.jpg,4,49.1228,-1.503591,2,39.371857,3.011853,1141.8136,4.478715,0.64866436,0.0073883533,0.6658126,0.73580146,4.478715
1779426c3b3645ea926cfdffd3211944.jpg,8,62.558255,6.127336,8,62.557139,6.126799,0.12710829,0.12710829,0.79187423,0.053054154,0.79269433,0.7927818,1520.3015
1780e5efac2441899959a8fc3c75c31e.jpg,7,44.505133,7.616886,11,37.816475,27.274587,1799.8884,8.3377905,0.6791936,0.00038844347,0.6648406,0.80258125,1796.3927
17ab74ca0db84ec0a2bd40a1424c9a2f.jpg,5,58.490152,-6.246965,5,58.498734,-6.255557,1.0769919,0.7062555,0.8478023,0.08725405,0.8339019,0.9034037,1.0769919
17ebfbaf5fad4524b6b5ccc74f86495b.jpg,2,40.693348,-4.105842,2,39.496615,-0.500438,334.27258,65.34555,0.7481965,0.011191249,0.74211085,0.8178776,257.867
17ecac0ea05d4495b6a4f01072699fb4.jpg,0,55.933738,28.650292,0,55.774583,28.604109,17.930458,0.84856796,0.85090667,0.0038247705,0.83221126,0.94183075,38.43141
17f2f019a4554cea9e73c5fabd85e271.jpg,1,53.067468,13.2877,1,52.08898,13.800782,114.19231,16.831392,0.77832866,0.002980709,0.7768481,0.8502908,22.941948
17f7424b77644c64bf39b76d5ff05bc2.jpg,0,56.027649,28.378369,0,56.028425,28.326887,3.1999657,0.34688705,0.7911744,0.017328024,0.76721925,0.903563,0.34688705
182f8e586adb43fe8855c78e794633f2.jpg,2,28.953111,-13.669556,2,28.952993,-13.669843,0.03085343,0.03085343,0.96193606,0.04446262,0.9553982,0.9880874,0.03085343
184ee7010638466c9fc44099844230c4.jpg,9,54.223719,16.521671,1,52.643679,13.630342,259.87247,1.1823097,0.7523951,0.024439394,0.72658956,0.87598073,253.84193
187ab7214d5840c480aee3baf465c8a4.jpg,5,53.396976,-0.823687,5,52.330688,1.340647,187.5154,3.4278429,0.8140701,0.0355258,0.8013258,0.87619627,201.31924
187f3ed7673f402780598d637c8fa2e0.jpg,0,54.554917,30.455503,0,54.114087,30.458509,49.018513,0.4540573,0.8402743,0.015467823,0.8095034,0.9633576,49.018513
189f5f617f4a487cb2f97bedb7646bd9.jpg,8,59.547849,5.695662,8,59.547194,5.695907,0.074129924,0.074129924,0.8359169,0.027429283,0.8154694,0.93487656,39.171013
189fe36fd1af49f7a9d19526d44af99e.jpg,6,65.72455,-17.375018,6,65.731416,-17.391428,1.0702819,1.0702819,0.8872099,0.0018532872,0.87725127,0.9388758,30.521204
18b30318cfd7473396634c1f2479c8e7.jpg,11,40.718496,30.434179,2,37.604184,-5.757007,3117.2979,6.4167495,0.68819964,0.0030340552,0.6915235,0.764405,549.0577
18b88af6b34445e5aa92f0d62a6c5382.jpg,2,28.943769,-13.797922,2,28.940975,-13.802124,0.5135266,0.5135266,0.9011,0.14382988,0.8879241,0.95380354,0.5135266
18c2d6b8cdac4a0087bcd5dc50312193.jpg,7,40.820809,14.061276,7,40.800269,14.07726,2.6506689,2.6506689,0.7866534,0.07880384,0.7908424,0.79122806,422.76932
18cba29eac1b4051955dd5d68fee5e04.jpg,7,36.795998,14.509037,7,45.24649,11.006934,984.2477,0.4599024,0.6893642,0.008162022,0.6820224,0.7883823,993.0125
18ddefceb8074bca91f4a0b5e7243f7f.jpg,11,38.288011,41.104586,11,38.20074,41.09863,9.718036,1.287022,0.7687912,0.0029694438,0.77371985,0.8203688,553.4798
18efebb5cf8d453dbdcad44b79d63ece.jpg,2,38.808391,-0.463231,4,43.697254,6.851151,817.57855,303.66754,0.7349976,0.041849017,0.73706,0.7267479,817.57855
1941e791b0e8448a84d9fdde88d65d85.jpg,7,37.119953,14.654696,7,37.270902,14.949212,31.020235,16.87461,0.7848181,0.031849325,0.7635964,0.8735686,24.396393
1958bb86eeb241198febc8a4b825e47d.jpg,4,44.485385,5.385263,2,40.212322,-0.012824,649.7449,1.2617801,0.67406017,0.018377483,0.66910446,0.78364575,24.440346
19810c42ddf449a2a7c80c808154f474.jpg,4,44.395663,6.479396,7,44.095861,8.127171,135.41815,13.204087,0.75796515,0.011113584,0.7409351,0.8513173,184.19026
19957d4695994d58993fd4f9c3a46b9c.jpg,8,60.155133,5.434058,1,50.025091,6.27671,1127.6626,722.9573,0.7670382,0.05064529,0.76067406,0.82188606,1191.9467
19a3fa3b711b4dbf8af70fa6d1febfa8.jpg,3,62.186274,30.270081,3,61.691275,29.674254,63.252113,11.198219,0.7195788,0.0247764,0.681151,0.90387136,32.124294
19a7173a47744df6b5dd38d2d3bdb06c.jpg,4,45.275223,-0.876055,9,53.879468,14.577397,1463.0406,893.0323,0.691965,0.0074265003,0.68840164,0.7956297,1556.7546
19ab042d1bcb4be497af1b71acf9d0b0.jpg,9,54.657691,17.633573,9,54.62042,17.806495,11.874467,6.3539896,0.7278287,0.023583233,0.7077335,0.80820906,11.874467
19ed3b73b03d4662950b7a448f5eb902.jpg,0,52.205125,29.303011,0,52.205268,29.302858,0.01901436,0.01901436,0.82998896,0.10729021,0.80445117,0.93214,0.01901436
19ee9782abd34059b5b4173b318d3071.jpg,10,61.368717,13.526002,10,61.362866,13.531905,0.7226515,0.7226515,0.92738855,0.00784564,0.9162382,0.97199,0.7226515
19f8c48db43847d0a01d55acec6a0c7a.jpg,10,66.577336,20.479399,10,66.579899,20.477323,0.2994,0.2994,0.9081187,0.051671743,0.90003157,0.94046724,0.2994
1a20b835b7b5498b91f2b36f8b109986.jpg,3,64.344708,25.877472,3,64.048022,25.791236,33.253017,7.4103756,0.95851374,0.00735265,0.95425177,0.9755615,33.253017
1a2d4d75af034f8fbd4d5bee0c247d56.jpg,4,44.511916,-1.235432,4,44.51101,-1.235219,0.10214867,0.10214867,0.8607517,0.09159523,0.8472856,0.914616,0.10214867
1ac1f368525741abb183dd145475d77e.jpg,1,50.296588,6.502155,5,54.918787,-6.319737,1004.6427,471.64618,0.6494143,0.0126520395,0.6586656,0.7328777,699.3953
1ae5d0ff65ef4398bf62bb5266ac21a8.jpg,2,42.39558,-2.239427,2,41.567747,-0.628485,161.87213,6.0438128,0.6436554,0.01796472,0.65481246,0.7551588,520.32715
1afa992055da4d2c89bfb846773d2d40.jpg,10,66.676505,20.164274,10,66.674849,20.165057,0.18733804,0.18733804,0.95230556,0.026307523,0.9468558,0.97410464,0.18733804
1b0c4e013984430491f533a123f867a6.jpg,11,38.66598,41.203076,11,38.20074,41.09863,52.52623,0.69755834,0.79365766,0.009906292,0.7713972,0.8826996,52.52623
1b1af6f424224170b269d24dbd8d925a.jpg,9,53.485434,22.551007,9,53.366503,14.817662,512.3059,2.786487,0.68484616,0.008600056,0.6826112,0.78068966,10.527958
1b2daf8aff4b45558e1fae2e1f052f13.jpg,10,61.668582,17.079085,3,63.52358,29.022136,643.9611,11.737794,0.7806343,0.002485752,0.7831572,0.867829,632.89685
1b5f9a8721044c3b8c926c05fcb6c657.jpg,2,41.183955,1.423057,11,40.197575,35.666437,2870.5156,2153.6018,0.7765824,0.0042697787,0.7507322,0.92469466,3245.4858
1b66fddc1ab74a6b96cc77e01e2bfb72.jpg,1,52.167056,13.035331,9,54.075558,16.19808,299.24152,26.302288,0.7100656,0.061082482,0.6939759,0.84758663,196.41914
1b7e2ecdf4ff4b2287b67212daaef6f6.jpg,9,51.005699,17.185646,9,50.078093,22.372012,380.64474,80.40673,0.68266726,0.002532661,0.68182737,0.76536864,347.20013
1bb2355722474e81821ebf8c3a0b7525.jpg,7,40.23505,9.038557,7,40.283859,9.144591,10.507743,2.5298605,0.89242375,0.008211374,0.87535244,0.97893983,6.2392774
1bc41c09f4d942868ca29275c67ae59f.jpg,6,65.995941,-22.942427,6,65.999136,-22.940159,0.3697827,0.3697827,0.92872477,0.003203094,0.91468793,0.9848721,0.3697827
1bca1214da1e4e15bcb3fe2b6617698b.jpg,8,63.005291,7.276541,6,64.737515,-23.775885,1517.0636,532.95044,0.5854297,0.00031751394,0.594574,0.73061836,1782.0332
1bd10c6190514338854ad2ca4b5b8ba7.jpg,1,47.692513,9.250256,1,47.691755,9.253587,0.26317716,0.26317716,0.9259534,0.36866808,0.9194287,0.95205224,0.26317716
1bea2a68ec514c96aaa7c74ad1292d3c.jpg,3,61.229169,25.346442,1,53.139368,10.566135,1260.3816,25.658773,0.6622273,0.0021607876,0.6750018,0.7291284,408.5766
1bf51dfc0c3e45e28e1a01ea5775ef79.jpg,3,67.541653,27.919456,3,67.545593,27.918662,0.43940473,0.30930668,0.89398634,0.003803134,0.87982917,0.9601764,6.1247134
1c1cdc5c56124a55b494b695cf9a0742.jpg,4,48.476178,-4.58356,4,48.47549,-4.579769,0.28973666,0.28973666,0.89170283,0.040750623,0.8765215,0.952428,0.28973666
1c2dab4a72ac49ce91ed40b02b3a2e64.jpg,5,50.635871,-4.501733,5,50.636119,-4.504568,0.20183091,0.20183091,0.8860369,0.09976208,0.86227643,0.9810784,0.20183091
1c2e2333b43e4d6ba8f06bd8a9b80d8e.jpg,11,40.183884,38.079536,11,40.18315,38.079731,0.08328126,0.08328126,0.9257574,0.015393972,0.9237972,0.93842435,0.13507627
1c5edc1d492647f19272d95beb286f9e.jpg,4,50.323721,3.769712,4,50.318031,3.774835,0.7297935,0.7297935,0.6904365,0.09944099,0.7308167,0.6661686,1181.1549
1ca4174cdf6746f29d16c35a604006e0.jpg,9,49.630833,19.916428,7,40.912551,14.544998,1055.9462,628.78156,0.76702535,0.002105832,0.772237,0.76657766,1021.6406
1cb3937c93334b7fa039fe67a23e6fd3.jpg,4,49.25027,3.368665,4,49.924965,4.646958,118.822525,23.522552,0.69559485,0.029963374,0.6749966,0.7779877,118.822525
1cbc234e527f4c0baebca8a2a607b390.jpg,2,29.001438,-13.544938,2,28.985871,-13.584265,4.198366,0.14064722,0.7876406,0.02091533,0.81211483,0.6897435,4.198366
1cd35ef403404f369a86349fda05b236.jpg,6,65.581726,-23.186609,6,65.738799,-22.016716,56.386772,1.4201555,0.8692863,0.0051369667,0.8477452,0.9554509,56.386772
1cf698c6beca470a85eca63388cd928c.jpg,3,67.983386,25.164929,3,67.997382,25.181752,1.7068945,1.5967503,0.9105738,0.008974552,0.89465535,0.9742474,1.7068945
1d02f349d0314b5e9e4993e1713c840a.jpg,2,36.820921,-2.253433,2,37.384465,-3.829737,153.19267,8.888992,0.690457,0.0028371215,0.68854725,0.6980959,153.19267
1d282dba112b440091805655e9e613c5.jpg,6,63.819319,-22.556489,6,63.819151,-22.557148,0.037339326,0.037339326,0.90627706,0.015510023,0.8876606,0.98074293,0.037339326
1d321e79694949459ddf8c5dc1a231bd.jpg,5,57.128072,-3.937631,5,57.132194,-3.932493,0.55337805,0.55337805,0.8583924,0.041008055,0.8422738,0.96022797,156.71457
1d32e3e15fee4b7db387746457ee334f.jpg,6,63.440931,-18.758089,6,63.814322,-20.113456,78.77327,0.7614613,0.8171516,0.012489259,0.7890875,0.9341986,236.40019
1d705651b25d44f490afc7e7851a21ba.jpg,8,58.448024,6.005754,8,58.44504,6.005733,0.33180836,0.060313966,0.86419785,0.003847301,0.840389,0.9594331,0.33180836
1d76a409bf0e4981a2377cca44f19986.jpg,1,52.044537,12.357285,9,51.138468,20.857708,595.4413,165.20099,0.6098884,0.008017898,0.61862016,0.725425,594.21985
1d8fa2f3383746688b80a1e512b4dc63.jpg,0,53.916971,25.798598,3,63.681273,26.024487,1085.8186,625.3611,0.7795952,0.028602064,0.76914334,0.8214027,1085.8186
1de03af923114ab088ef230d7508e028.jpg,1,50.59965,11.500986,1,50.820256,11.390461,25.735239,7.0754046,0.7744973,0.008721113,0.75543165,0.8631901,25.441837
1de2ba3f9d074764b035453f51fdaa6a.jpg,6,64.695151,-14.188312,6,64.708597,-14.317648,6.3248878,6.3248878,0.87165844,0.013934314,0.85017693,0.9575844,6.3248878
1e17bcec513440ab9beb5f4f38d8b464.jpg,1,48.167884,7.721377,7,45.328528,11.002406,402.62726,31.325686,0.69487536,0.01916182,0.6833299,0.7602041,410.1422
1e24ce9005cc4af6b2d1872f171b5b85.jpg,3,61.272505,28.944147,3,63.017775,29.71258,198.1257,7.435843,0.7385663,0.006039202,0.6939594,0.9253004,55.026737
1e677d4aa0cd4aa6bc247a5fadff387f.jpg,5,55.696597,-4.30866,5,55.698094,-4.305315,0.26767078,0.26767078,0.7340396,0.0071977973,0.7291746,0.77236843,344.4016
1e879f168a8e4dd8a177914a096e5243.jpg,0,52.681635,25.370844,0,52.49801,25.843634,37.907135,4.063684,0.89425915,0.008972645,0.88746333,0.92293644,39.564014
1e8f06c3c25b4301bf6c27d42e746ad4.jpg,1,49.802499,7.254314,5,57.5645,-4.440971,1153.6222,3.4595551,0.8208727,0.047100306,0.8154944,0.88029635,217.94778
1e96bfd111e44d59adc90b465453316a.jpg,1,49.07911,9.385768,5,51.409564,-1.625107,823.81006,34.18365,0.69840777,0.044944108,0.69484854,0.7126446,823.81006
1ea864a2e2764bda91edc158ed247556.jpg,7,45.005416,8.192759,7,45.023547,8.151123,3.843995,3.843995,0.7722852,0.027836323,0.75331694,0.8932488,69.470894
1ebb51ad7b704049bfdffb2e66c3aef4.jpg,6,63.856308,-22.429486,6,63.852253,-22.431736,0.4641785,0.07790515,0.7993782,0.09226024,0.7866508,0.8502879,0.4641785
1ec590fd16a5476386d0f527e35f3749.jpg,3,64.804849,26.009087,3,67.432208,23.819598,308.2813,45.00339,0.76904863,0.021429181,0.7541672,0.8379037,356.01962
1ecb94202aba4d5591be002852496157.jpg,7,40.736604,8.532698,0,53.130191,26.07328,1906.5273,1239.3628,0.68056715,0.0014019012,0.6713236,0.7420087,1509.1914
1edb3cae3406464e8ab64aa842ddc1d3.jpg,9,54.088204,19.858568,9,53.879468,14.577397,346.00327,36.166687,0.63937825,0.0069713593,0.6534208,0.7080065,574.6981
1f3d3c13476a48869f6fe16aa0d4e82b.jpg,11,37.506547,37.00308,11,37.40133,34.86127,189.41805,1.738418,0.6719174,0.0036357045,0.63890666,0.8039603,189.41805
1f4ee34eee904d848dbe08da9686c5da.jpg,1,49.782965,8.409053,1,49.779885,8.410665,0.36150926,0.36150926,0.7552911,0.03299433,0.7554306,0.76057476,75.67348
1f545e33ad4e4c15bc2db1fdae38a9e1.jpg,4,48.031,1.301797,7,37.830765,15.137227,1593.8286,700.3958,0.7292733,0.026772082,0.70919096,0.8720449,1607.5358
1f729be9e4c948f9ae8e3fc2c8fe0554.jpg,6,64.846705,-13.78282,6,64.845934,-13.78368,0.09487883,0.09487883,0.9420234,0.034524918,0.9311254,0.98561525,0.09487883
1f8fec0eed7545d298adc77dea9138c6.jpg,2,40.258936,-3.762033,11,39.932911,33.831631,3173.5835,48.592155,0.78641737,0.056435645,0.7762431,0.8271143,3173.5835
1fa397c197bb455da1b4504675b1a64c.jpg,11,36.362004,33.946935,11,36.363819,33.949463,0.3032686,0.3032686,0.83911085,0.019117892,0.8633789,0.8166127,19.365221
1fa9f102bbbc492a9731cb6e289a4c38.jpg,4,43.971117,-1.063066,4,44.006018,-1.027782,4.798854,4.798854,0.76523465,0.013860643,0.76931953,0.810382,1676.7606
1fef5d0d3ec44e80aa51aaa6ec7b0a47.jpg,3,68.360777,27.41541,3,68.363119,27.411966,0.29624107,0.16145955,0.8885041,0.028653502,0.86395943,0.9866828,0.29624107
1ffb66a72f7e4f1aac7ae06f1405f511.jpg,8,69.418495,24.717433,8,69.202923,23.681219,47.240208,11.7731085,0.81123745,0.0060842037,0.7777474,0.94519746,47.240208
200163d1fbbb49dd9e6639586c8574e6.jpg,9,52.590765,18.989648,11,38.615044,27.668099,1691.4541,113.59262,0.7899514,0.026886106,0.7736982,0.854964,1691.4541
20469796d2424b1e8189e28eab6a85dc.jpg,6,63.424003,-18.767209,6,63.424179,-18.768475,0.06595,0.06595,0.8531193,0.12828606,0.8472253,0.87669516,0.06595
20541a7086724b29b73aaa0047d98880.jpg,10,67.335576,22.583154,10,67.235525,23.312061,33.215183,9.222137,0.74769914,0.0124332905,0.7314857,0.8643515,16.048094
2099b1b8b4a347f8a2a2819efb6ec21e.jpg,9,52.786791,15.17262,9,53.120276,22.122432,466.8629,33.881325,0.7137879,0.0012928843,0.73932356,0.6773266,247.35745
20b7a4eaa6574bebb194f7a142d3b327.jpg,3,62.138249,28.550666,3,62.145001,28.526011,1.4848703,1.4848703,0.7884012,0.16891408,0.77512693,0.841498,1.4848703
20c1681491eb43e18ea1aa2e8318afce.jpg,5,56.906049,-4.967864,5,56.873261,-5.061956,6.779082,3.1922345,0.7008792,0.016650796,0.70417136,0.7306651,1369.3638
20fbd737b2ef4185a30cd9df68be4100.jpg,2,28.500037,-17.847227,1,51.346671,14.636367,3704.4233,3271.2878,0.75856614,0.0019344687,0.7337494,0.8578331,3704.4233
20fdc2a5d8584b39a61ed4b2da75c5d8.jpg,3,61.67184,25.017674,5,57.685429,-5.643552,1759.2247,159.04802,0.7080159,0.0088431835,0.68125975,0.832209,1677.1467
21437a16b96d456f907d4d9c1f517789.jpg,2,36.327563,-5.956903,2,36.323847,-5.954856,0.4520663,0.4520663,0.68890285,0.0050774217,0.67854834,0.73032093,0.4520663
215c7c6016e04a34901b7a9ca7df3dd9.jpg,7,44.313225,7.211355,7,44.304192,7.153658,4.6995254,4.6995254,0.7640817,0.10920024,0.7633445,0.77760595,567.5039
215dce81306f4e3a9530f8090d16881e.jpg,0,53.692451,30.066095,0,53.666846,31.647785,104.208084,1.6190597,0.8752945,0.034766793,0.85430443,0.9592547,104.208084
21653ff365bd402db5ba763ddd4b4ad7.jpg,2,40.242464,0.191044,2,38.883886,-3.023357,314.2114,101.78676,0.759515,0.03627199,0.7931729,0.7344299,2624.172
218259a560404178b3eeb911d2fbd120.jpg,10,65.371018,19.200598,10,65.44812,19.405075,12.767983,10.4091215,0.9047239,0.034521937,0.89711535,0.9351578,12.767983
2185e4d7728b4fbb8182c04d66c28f39.jpg,9,54.299092,22.482157,9,54.352818,22.711807,16.045479,5.2030983,0.7662644,0.0021204352,0.740694,0.9245621,103.00612
219c04d0994e4e71961def9c9ed172d2.jpg,0,52.21648,28.554789,0,51.695666,30.346586,135.7511,1.9885304,0.877504,0.010532856,0.8776834,0.96142805,57.712208
21b41764126147de81d719accccb750a.jpg,9,49.340849,21.723146,9,49.343511,21.718802,0.43204385,0.34722546,0.7210659,0.064254105,0.7141222,0.7692763,1314.7384
21bc237aecfc41029e8fe3228ecbd6ea.jpg,0,55.145295,28.758273,0,55.298547,28.780012,17.096558,6.7026305,0.764094,0.01761067,0.7262899,0.9274627,57.672157
21c7774ce7bb4661b268d6f959ec29f5.jpg,0,52.213847,31.490019,0,52.214749,31.520143,2.0548072,0.21201731,0.93065554,0.04396516,0.9214091,0.9676414,2.0548072
21e6ff3890184af0b573fc02a6a574d9.jpg,3,62.932972,30.300961,3,62.927222,30.290089,0.84348077,0.84348077,0.89785737,0.045249104,0.89651275,0.9032356,0.84348077
21f300cbaec644d9a56c341924b3ad40.jpg,8,64.946288,13.180014,8,64.562131,12.496298,53.628487,10.949738,0.7684826,0.0020500422,0.72105765,0.95818245,53.628487
21fd19df38fc442c98f9d82220f93d56.jpg,8,58.097743,7.001151,8,58.285027,6.54034,34.104126,17.323555,0.6800704,0.016442597,0.68039334,0.7389506,66.71625
22071298286e428aa456f22eb2d4a419.jpg,5,51.831776,-2.985666,5,57.221215,-3.268252,599.55505,2.9090784,0.6901008,0.008498132,0.6970357,0.7193885,2215.7114
221401552b064ce5983c3d0c1a6e8f28.jpg,8,70.458411,24.745673,8,70.440607,24.594686,5.9568267,1.9917287,0.96324176,0.007930398,0.95541483,0.9945493,5.9568267
2218e7860f2842e8ae2dda0c0bf6ff49.jpg,0,53.743533,27.689026,8,63.23496,9.775107,1472.7952,1319.1448,0.69023186,0.01106751,0.70191133,0.8036581,1810.8186
223ad69404974cf995bc5ad82bbb077e.jpg,4,45.191673,4.876267,11,40.565718,35.992789,2570.3567,529.20667,0.70758545,0.025287569,0.706298,0.7785053,647.4034
22426df43a6643c0ab5b171c40550892.jpg,1,51.362282,6.913094,10,57.835296,18.593167,1038.5812,695.4405,0.6355315,0.008650959,0.6242937,0.8447357,1026.6521
22e9475a492a48548a61aa3299e2c6ce.jpg,6,63.985002,-18.779825,6,63.984302,-18.778122,0.113829404,0.113829404,0.8169229,0.0045270324,0.7893243,0.9273175,0.113829404
22fc55cc98f84c3d87188d088c07fac1.jpg,7,41.551019,14.748481,7,41.54833,14.755716,0.6722285,0.6722285,0.76367843,0.06174338,0.73630726,0.873163,0.6722285
230593e277ba46038f1925d41d6a73db.jpg,6,65.159596,-21.093491,6,65.586593,-17.149567,188.77725,1.8753569,0.86624724,0.0032911897,0.8510002,0.92723554,188.77725
2331a50e97f04883842d2b2d71769f5e.jpg,3,60.520931,24.361798,3,60.524505,24.57356,11.593726,11.593726,0.734224,0.117571294,0.7798617,0.70086396,1967.0203
234b0d96a054412b840a00eefb148724.jpg,4,48.0531,1.992234,4,43.398501,3.354541,528.23676,32.101643,0.7429265,0.02638799,0.72659785,0.8272065,525.44763
2353c3450fba4350bb05e513b96c1085.jpg,8,68.400193,16.806699,8,68.389003,16.869732,2.8650763,0.13914202,0.86028504,0.03639835,0.83948857,0.9656074,32.386387
235ba95f310e4d24bce086a17dea5bc3.jpg,1,50.868855,8.822177,1,51.681152,11.283396,193.55759,21.122564,0.6799736,0.015405297,0.6585403,0.785954,116.87008
23bad7a071f04249b73af878dca6f5ea.jpg,7,40.490196,17.760354,6,64.146204,-21.802118,3653.8386,200.35414,0.62174326,0.007958233,0.62316537,0.64750946,2418.8042
23c95e454db8478e92b04f3b6790b4a7.jpg,11,38.316743,43.10147,11,38.470905,42.49204,55.80968,7.6105733,0.79143137,0.0012356043,0.7777565,0.8663439,85.87765
23de39a4877d4dc4ba191a8ac9028367.jpg,3,64.519036,25.662061,3,64.558399,25.681527,4.474793,3.678662,0.9335451,0.01239115,0.92578286,0.9645943,4.474793
240ebff3cb6f4c619e67ef00cbdf5b4a.jpg,8,63.012291,7.547327,8,63.057982,7.638123,6.8389125,6.2750125,0.6912165,0.03322786,0.6929529,0.6990415,9.229548
24252fc9ef924fa0b4742ffbd4f9dc33.jpg,8,62.134172,12.966584,10,64.118617,16.100121,271.03705,7.4196277,0.8875202,0.010188639,0.8791589,0.9390872,200.96118
244740ec11254f32b91603c19a93b01d.jpg,10,67.098884,20.958266,10,67.245686,23.267129,100.925606,2.4921527,0.8968861,0.041595876,0.8796822,0.9657015,100.925606
24562c482eb64392945abb31db5ec7ee.jpg,11,36.831832,34.493747,2,42.987156,-8.130525,3659.1064,2116.6963,0.61923945,0.026540339,0.6102767,0.72778046,2794.3232
245e7598dc6c4f75a4556bf469422b48.jpg,6,65.800975,-22.538915,6,65.811202,-22.518352,1.4735347,1.4735347,0.91296715,0.022524774,0.89746964,0.9752368,16.971165
246b139a4bf24543811916ae3c167b52.jpg,9,54.595764,17.256314,9,54.641596,17.728339,30.81498,7.972619,0.663053,0.0037261248,0.66510725,0.71648633,255.87079
247270b8b7d442c5a24591f94ab78bbc.jpg,8,62.094764,11.650509,3,62.961849,28.558986,870.10614,16.422476,0.79997677,0.0049823523,0.80693763,0.8539567,16.839212
24856531dbcb4eafadd2296f01aefbf0.jpg,6,64.116399,-20.636773,6,63.946844,-20.682292,18.9835,11.782093,0.83604443,0.014975607,0.82292444,0.88852435,18.9835
251223649b664713906e8f88770dbcfb.jpg,2,36.772698,-6.04207,2,37.051734,-5.929738,32.59513,2.962904,0.8639272,0.034228086,0.84762937,0.9291184,32.59513
25352433cf2e458684e190f8cc954ca9.jpg,4,45.070601,2.579257,7,42.558856,12.517622,844.23535,24.919958,0.6564615,0.016857684,0.62896013,0.7664667,844.23535
25428d5ca72b4f76b6c7c222e867f662.jpg,5,55.972605,-2.868273,5,56.218678,-5.541628,168.0475,22.510695,0.8583698,0.02899146,0.8439528,0.9197682,296.53262
254a9398941d4137bf73225360721380.jpg,9,51.591271,21.981203,9,51.749842,21.770093,22.865797,4.105723,0.7589156,0.0103600025,0.72976124,0.89457846,49.22058
255a844abbb34332a3b666cbf513c3b2.jpg,4,46.88227,-0.742145,4,48.509744,-4.765075,351.2133,48.235138,0.6996105,0.020869017,0.72527176,0.68423724,74.3135
257c43e894bf4ed48ad8a6eb23adfd2c.jpg,4,47.302233,-3.08681,4,48.257256,-4.538719,151.80658,32.717728,0.6087291,9.894371e-06,0.61154205,0.66149765,1335.884
2583a11356664d1d8e49f88801196636.jpg,2,40.609998,-4.115545,10,59.78882,17.141833,2589.8677,1111.3646,0.5928483,0.025782466,0.58782244,0.6488759,2205.8147
258b967008a54040a6c47be847367f36.jpg,9,52.691226,22.540962,10,59.577443,16.845407,842.4048,408.29144,0.71448755,0.007338524,0.7322732,0.7349384,995.72565
25b172f11f224018b9c9843120c5ddee.jpg,7,40.727946,14.48881,7,41.783997,12.854971,180.11243,75.05678,0.6245433,0.0033661723,0.64699876,0.7275939,1885.211
25bb63b894704501b335ccd87b393feb.jpg,5,55.227553,-6.438043,6,66.564181,-18.018397,1402.3672,1141.2888,0.78928435,0.07052904,0.7791867,0.82967484,1402.3672
2642c0ff4ae94b7195b3d09fb30125f1.jpg,4,46.278553,0.173905,0,54.085518,26.669591,2060.5964,7.8893285,0.7577261,0.010674357,0.74650896,0.85311556,13.061126
266f71458aa445239711e13ed21c6e89.jpg,11,37.050461,34.940723,11,37.088642,34.944621,4.259602,4.259602,0.7854343,0.007708788,0.76563954,0.86461323,4.259602
2678c4de09794d7fb49c07e506b0be50.jpg,9,50.742406,17.71424,9,50.670544,18.027604,23.469011,21.687464,0.64707845,0.00900656,0.6155064,0.77336663,23.469011
26a0340c23de4746b35041c4acafdb46.jpg,8,62.240684,11.767514,10,65.326798,16.651808,418.46002,0.09948105,0.8317579,0.01602006,0.8300302,0.86972976,1.7881839
26ad95a428e14e24842763fcb244b14a.jpg,1,50.365148,6.551673,4,49.924965,4.646958,144.27866,11.696998,0.69092035,0.03539771,0.6918473,0.7474238,228.2705
26c2c56cde024985bf61e80532597028.jpg,0,54.571474,25.739879,5,59.083402,-3.322175,1821.6228,138.51973,0.70604295,0.012861133,0.7357195,0.8195727,1864.717
26db7ef3eb764568b137d8298ebc615e.jpg,11,40.70159,43.161113,11,40.883534,43.009098,23.938911,1.1763121,0.87792313,0.023144066,0.8529585,0.9777817,23.938911
26e8ca02f6c5444a93101bf525cb0f06.jpg,8,61.093972,9.123456,6,66.565946,-18.020466,1448.343,1.266349,0.72784305,0.02358514,0.7617988,0.75496465,326.77933
271b3229c4da4846a51e15a80490155b.jpg,9,52.900615,19.226635,9,50.427603,22.746244,366.71698,84.13749,0.7465334,0.0023956299,0.736775,0.81378007,309.46738
271c4564039e4fb796ff3c9649b32bd8.jpg,5,56.597576,-6.117389,5,56.595056,-6.141277,1.4889498,1.1060644,0.8257913,0.022731304,0.8212558,0.88443583,323.05563
2744f2b59d9e4127b333e5c228f7c44f.jpg,3,64.017193,27.437409,3,64.004789,27.422327,1.5628228,1.5628228,0.7895833,0.031502783,0.7783754,0.8392565,1.8563603
2794670e3f45411a8e4034265f69fb88.jpg,3,64.042592,29.671213,3,60.525856,23.610809,500.70618,63.94802,0.7403126,0.031228364,0.7596096,0.7255391,1215.6428
27dee0ad5c854078b5ad9bed3235a3fb.jpg,2,43.118106,-4.776254,4,44.101876,7.10316,961.8038,773.1174,0.6610996,0.009078264,0.6614044,0.7243632,2023.4689
280b9ea032b54cf08da7917408559586.jpg,10,58.292968,15.629973,5,50.287389,-4.987159,1596.9983,1063.3145,0.6174954,0.018022478,0.59314674,0.7148899,1596.9983
280cc8e65fc747668dad59b5362570cf.jpg,10,57.660029,13.327479,9,54.352818,22.711807,688.74536,437.11908,0.7376274,0.013557911,0.7635275,0.718539,1135.5184
281677b091e545538414b06ca375eb7f.jpg,7,40.854212,8.960839,7,40.710317,8.803033,20.79784,7.0500855,0.77634466,0.0027668476,0.7550428,0.87832785,17.709597
283a79a98e8d4b968669495b7df61747.jpg,4,45.845665,-1.156624,4,45.8433,-1.151418,0.4814251,0.4814251,0.87827253,0.030238867,0.8607155,0.94850075,0.4814251
283db82b3b674af396ae3cccb6f605c0.jpg,9,49.444208,20.299785,8,60.345641,5.245126,1540.39,457.72156,0.66818565,0.0027025938,0.64193535,0.84810716,1370.0403
283f9709b4984877956bad861e0ec733.jpg,11,41.62425,27.171025,10,59.958908,13.632474,2239.7908,1846.2712,0.70776117,0.0006104708,0.683197,0.85465026,2275.6748
285edbe2415048c1b6efca099380fee5.jpg,8,65.024836,13.264094,8,65.091453,13.331197,8.048063,1.3625811,0.8737876,0.0119713545,0.85358554,0.964838,7.322144
287e39baa43a4c9f9ac1913d6610d6c3.jpg,2,39.562417,3.092888,2,39.573799,3.111763,2.0541203,1.3368638,0.8417391,0.029624283,0.825751,0.90569127,2.0541203
28878606f2ff40a298f0fe8ec2fc43fd.jpg,3,61.515156,21.677365,3,62.07395,21.531548,62.605892,19.98377,0.85025525,0.017561674,0.83741975,0.9393298,108.56654
28bd1d1fc1244ac6b473e89dc012eea2.jpg,1,50.854346,8.341301,4,42.962556,9.403071,881.20123,65.62418,0.65109926,0.038678885,0.6321809,0.7267724,881.20123
28db44d4e6e549c98ed6634d8e4b7955.jpg,1,48.970225,9.863937,3,62.184513,22.975962,1677.5015,490.4669,0.6629501,0.0028090477,0.6899423,0.71342844,2572.8372
28dc54f215b440ff8376c56f7a965578.jpg,6,65.286255,-14.430704,6,65.2768,-14.415082,1.2778754,1.2778754,0.70606244,0.014649689,0.70278585,0.7688386,865.8004
28ec88706de34971961fc379170e3fb3.jpg,8,61.900714,12.862552,8,61.899288,12.864203,0.18060903,0.18060903,0.73200893,0.010089278,0.72158635,0.83376145,561.11847
2932c990cc98427ebd567f7b99d35c14.jpg,4,47.625203,-2.995025,11,41.518424,36.005967,3128.1926,476.54102,0.7040312,0.005890727,0.7042658,0.7635175,3241.6719
29431cdd74674f088d92c37ba901ddc8.jpg,1,49.022165,7.870251,1,48.227792,8.167681,90.99506,3.396237,0.6589557,0.0028225183,0.6381374,0.77202106,139.92566
294d1af2228b4403bf6d50baab47d701.jpg,10,56.340738,13.274315,10,64.182535,17.452505,901.43066,426.94794,0.6985049,0.011783838,0.68763775,0.74197334,901.43066
2957aa995e034729bf485a82a246d159.jpg,8,64.397026,12.334484,8,64.4127,12.327412,1.7756721,1.7756721,0.80310893,0.016278744,0.781843,0.95662487,14.862817
296db02d3a8e47728126ffe8f67e1c08.jpg,5,57.486211,-7.252149,6,63.454804,-18.641392,908.54987,16.374313,0.7790512,0.0030274391,0.76636386,0.8511978,1068.2168
29a8996ac80745b6815a45f24f4a3700.jpg,2,39.576326,3.142679,2,39.570213,2.829393,26.860437,2.6646092,0.87384933,0.01736623,0.85226893,0.96231055,2.6646092
29ce60e8fc404f71ad3ca986eba88621.jpg,8,62.470437,6.190468,8,62.470561,6.190151,0.021343587,0.021343587,0.78350925,0.005813539,0.7563163,0.90699506,8.247874
29eac251fa1b41e4a3fe6028102188ef.jpg,6,65.903829,-22.8567,6,65.989281,-22.943668,10.286922,1.4657193,0.7904201,0.011403859,0.7505629,0.9498488,10.286922
2a13671a229f4974afe34de73d876eb2.jpg,3,67.159445,24.967159,3,67.124174,25.056933,5.5152745,2.5494382,0.9646708,0.0029119253,0.96122867,0.9784392,5.5152745
2a1783054ef64133b8b98735bc826db0.jpg,11,40.493223,32.301374,11,37.010926,28.340427,517.4833,66.08327,0.7520504,0.028341413,0.7341132,0.8237989,517.4833
2a619b6675334db2b5e519ae70cda993.jpg,3,62.302979,27.308843,3,62.530215,28.540799,68.27664,3.5037053,0.84278244,0.019286752,0.82522494,0.93021417,104.61964
2a89eaca428c48ec8cd15bc902e67358.jpg,11,36.571673,33.291105,11,36.628573,33.233588,8.148251,8.148251,0.6720708,0.025675237,0.64861786,0.8015208,36.353813
2a90d64121ee4436be636d5965f792e6.jpg,0,52.472231,23.949335,1,52.906032,13.501122,705.22986,247.393,0.62998533,0.008309305,0.61237866,0.7312404,682.43085
2adb7e01159a4cafb974d85b310fb9c4.jpg,5,57.787959,-5.798969,5,57.54566,-6.615333,55.52478,14.665653,0.7120355,0.06750786,0.7113432,0.79935473,1154.8535
2b597e1bd2694fc8bf2c893996b5cb96.jpg,6,63.467972,-18.598068,6,63.437073,-18.770742,9.24371,0.6652075,0.86300856,0.0014846325,0.84403193,0.94486415,9.720782
2b6160080743487f8809867d0edebc3e.jpg,9,53.907523,18.338616,4,43.541191,0.465658,1736.855,547.46423,0.6589375,0.017686069,0.6498709,0.7427877,1477.8307
2b6c51302b1e4cd2984dc7973c35201e.jpg,11,39.429913,35.115984,11,40.546478,37.234002,219.0215,55.03493,0.7489618,0.020456433,0.73073596,0.821865,219.0215
2b79408d95604b78aa27e8e33fcda9f9.jpg,11,40.223727,25.960006,7,40.912462,9.37969,1400.4907,1121.2336,0.694975,0.022989213,0.67357993,0.8106909,1722.8403
2bc90ac75b234464a14a873ad5fa54d0.jpg,5,52.603935,1.057344,5,50.181113,-5.59602,534.18994,115.7912,0.71357024,0.014316082,0.69830364,0.7746366,534.18994
2bd73217ee6848a18dd7bf2b2dd0ad6d.jpg,8,59.63238,9.640728,8,59.708193,9.786036,11.731886,4.818441,0.7728269,0.008170724,0.75458735,0.84578514,11.731886
2bdcd3ff2bdb4d458aa4c40b57da1ded.jpg,3,65.394511,27.065485,3,65.393088,27.180634,5.333667,4.258672,0.92241603,0.009617448,0.91260433,0.9616629,5.333667
2bded6eaca7e41b18acbd9ab5cac8e35.jpg,2,43.662095,-7.602835,2,43.662866,-7.602585,0.08805849,0.08805849,0.87438846,0.07809216,0.85611874,0.9474674,0.08805849
2beb6991ea92404b9c920bf87bde5530.jpg,0,55.527125,28.822805,0,55.528486,28.798667,1.5266951,0.48545268,0.8448391,0.025316238,0.8211875,0.9460752,10.576236
2c0877f0c2b74dd9a6d68b149ed4ed4d.jpg,7,45.645176,10.827707,10,57.859303,16.300495,1408.2933,554.2982,0.66456026,0.013442993,0.6618924,0.79130447,782.0307
2c0dead7804e40318d4702aad22ea2b6.jpg,7,40.581547,9.749168,7,44.18213,9.863866,400.4778,30.142668,0.67778444,0.0020589828,0.67338085,0.739687,1443.5719
2c3498d647fd47b697d919eb46f5633c.jpg,2,38.953641,-3.50864,2,38.790542,-3.408166,20.11379,20.11379,0.7776646,0.098674476,0.80876994,0.81592995,2908.9995
2c3c58c809de4db0bfd9b3e4a3df7382.jpg,1,54.864727,8.871304,9,52.873533,15.784907,504.17245,152.0956,0.59282416,0.005308926,0.56066334,0.78399384,445.73096
2c53ec5d8f174f799e57c353cd15b2e7.jpg,11,39.62666,40.180863,11,39.601147,40.184913,2.8580537,0.69177145,0.8638256,0.0016870499,0.8466226,0.9326377,2.8580537
2c66bea534de4e5d812ca2bc0d89e4bc.jpg,3,60.276655,23.378266,3,60.159243,23.573084,16.918211,16.918211,0.70904386,0.056914866,0.7016496,0.7896923,729.18024
2c8c587b859449858926175941aaeba7.jpg,4,43.800218,-0.913701,2,36.77177,-4.109204,827.01685,21.62566,0.7756374,0.021996021,0.7782579,0.7991848,267.85532
2caf0da1276d428599ac2ea4740adf8a.jpg,0,53.906388,25.910875,0,54.653524,27.963787,157.03624,1.7302836,0.81464946,0.0040340424,0.7955216,0.8924191,149.87886
2caff84f8455428e8a7ef2c3518abc55.jpg,6,65.617848,-18.497322,6,65.642554,-18.459332,3.253498,3.253498,0.90636003,0.027756155,0.8990885,0.9355162,240.4335
2cb3ddcf296e4ad8a38b78e3ffa0b634.jpg,2,38.762131,-3.36504,2,38.754138,-3.103558,22.690363,4.8945403,0.83590925,0.0074965954,0.8302778,0.87018013,16.185219
2cdd1a8dae7c4b43891dbe8b47f5e24f.jpg,11,36.467259,34.160102,11,36.380153,33.937964,22.109783,17.687601,0.7127415,0.025873125,0.7200879,0.7726164,780.1644
2cdd63214a3543e4bb60b469fab1bdc9.jpg,9,51.03647,17.120138,9,51.248668,18.540473,101.85439,15.263877,0.6627529,0.002790153,0.68828714,0.69447315,635.83936
2d029d4070f147f3b04027ed7faf7705.jpg,5,59.10687,-3.323266,5,59.110368,-3.323543,0.38928172,0.38928172,0.8568195,0.0256235,0.8460552,0.8998765,0.38928172
2d11cdb762b9415090f21358f29c0ee7.jpg,10,61.814703,13.778838,10,61.933335,14.1845,25.023508,14.467795,0.9044668,0.030400097,0.88716257,0.9736836,25.023508
2d38f25597174a72bec0615d8454ab46.jpg,11,38.621487,36.439849,11,37.035784,30.003802,591.9673,3.1960635,0.6694057,0.0059298277,0.6665852,0.8013606,335.63803
2d4b92b9223541b1a92015bc5939a09e.jpg,6,63.911098,-20.603066,6,63.946844,-20.682292,5.54875,5.54875,0.8819188,0.032238185,0.8686816,0.9433042,53.483006
2d7a599d964e4864a425a43387d3e4c1.jpg,3,60.242717,22.947205,1,47.746983,11.640578,1568.8177,318.76855,0.7013109,0.0075063705,0.6733036,0.81333995,1568.8177
2dd0984a2cdf4739a01c5e37e0ee694c.jpg,7,46.040681,11.014676,8,61.982009,12.979908,1777.0406,939.17474,0.6890609,0.023270547,0.6735678,0.8326069,1271.1962
2dd426973fb84aa1bac09461774f591a.jpg,10,67.246537,23.155209,10,67.245686,23.267129,4.814308,4.814308,0.9045584,0.021441638,0.8851852,0.9820512,4.814308
2dd9c3ec80a74511a6ffbf7d7407228c.jpg,1,50.543333,8.101098,1,51.788599,12.82498,357.2165,29.033453,0.6842828,0.014285088,0.67589664,0.7309925,235.02727
2de254252857416280df341269690540.jpg,2,43.337925,-4.992945,5,55.888942,-5.420166,1395.9437,2.360022,0.70251644,0.02673763,0.7055277,0.7831589,2.360022
2de85535c4b642419489e1356775eacf.jpg,5,51.292805,-0.295012,5,51.430748,-0.556247,23.753826,23.753826,0.7312698,0.019720793,0.7367631,0.7738626,189.12035
2e136eaaaac9411f994e5c94ea79d0cf.jpg,11,38.020759,33.552473,4,48.802334,6.025052,2506.4634,64.48297,0.6245145,0.003206849,0.64118284,0.59455025,634.36176
2e18602c41e74621bad011cae462f8c2.jpg,10,64.400648,15.64695,10,62.862276,15.080281,173.33176,0.29445475,0.8665465,0.005474508,0.85023427,0.9530838,1.3879827
2e24356a11ce421fbd34702f70ba6b38.jpg,4,43.942412,5.913589,4,43.985798,5.928253,4.965017,0.6638351,0.77226704,7.3850155e-05,0.7775905,0.7509731,4.965017
2e4560299d804f5fbd1a89f63a50b620.jpg,3,64.25024,29.540679,3,64.005835,29.429391,27.707888,1.5493512,0.811676,0.0028657913,0.79250795,0.8901542,386.0541
2e70de8a31224a19b1b80572c522297f.jpg,7,45.357325,7.931644,7,45.36597,7.901622,2.5349243,2.5349243,0.82953966,0.15152842,0.81299675,0.8957112,2.5349243
2e9f372d6dc94ad3b2efa556e459dc14.jpg,4,45.410017,6.00905,5,52.339959,1.331629,842.6512,27.86982,0.6754471,0.00091832876,0.6526805,0.8030509,117.108894
2ed2cc340d204296a8c9e148c8b98ac4.jpg,9,49.752054,22.020726,9,49.816805,22.183074,13.700222,4.3672705,0.71319574,0.004517734,0.7056496,0.8176402,34.636524
2ee13430b8c0414cb19161da6b2185df.jpg,5,51.147009,-3.114792,5,52.53476,-0.197656,252.90309,35.59075,0.6920639,0.0020294785,0.66055614,0.8323828,200.73895
2f716bda5a374ed38cfe81cd3afd79da.jpg,4,47.491178,1.217014,1,51.622136,14.08093,1033.4309,463.07666,0.69203854,0.019182503,0.70105875,0.75414884,465.3353
2f823a12f35844978e819f66f7c55196.jpg,0,55.458284,29.925911,0,55.461979,29.119113,50.866226,9.027144,0.8369978,0.007821143,0.8435622,0.8874409,79.10645
2f8d2dd61c90449aa91a1ad2031cfcc8.jpg,10,57.574755,18.388527,10,57.576635,18.383688,0.35628164,0.35628164,0.9015837,0.004627526,0.8874898,0.9622537,0.46454987
2f950ce7e5604b16a4831263eb8345a8.jpg,8,60.551417,9.136315,8,60.423563,9.471005,23.199442,7.210407,0.7528961,0.024611473,0.74578154,0.8303132,299.49902
2f9d538ce04841c1abb4b5f5d8c5aee6.jpg,4,41.65003,9.194713,4,41.634377,9.231767,3.5369751,1.1266205,0.7331568,0.013158441,0.70909625,0.82939875,3.5369751
2fcc58a5d46a4141b14dd5b54e30d28a.jpg,4,43.776769,-0.945641,4,43.719975,-0.392368,44.888298,19.797266,0.71901417,0.08199054,0.7107381,0.7521181,44.888298
304bb15946c34ddba2f3edc2a4aec346.jpg,2,37.856444,-1.400201,2,38.143325,-0.934572,51.790035,31.622747,0.8068284,0.051365912,0.8045157,0.81607914,51.790035
308767b7cbf244fba81098da920c08b2.jpg,3,65.531504,28.520274,3,65.531516,28.519207,0.049160056,0.049160056,0.97737765,0.016589165,0.9732994,0.99369067,0.049160056
30c106b2bc774bddb44de055a5f62e4b.jpg,9,53.518461,18.9922,9,53.520456,18.97656,1.0575051,1.0575051,0.84584105,0.07699895,0.82511264,0.9287543,1.0575051
30ccd8202bf84878bd8966679100dd10.jpg,4,49.405679,4.041008,8,68.704582,16.527617,2251.2183,191.41449,0.66365975,0.032817602,0.680926,0.7041813,2192.8987
30deb653d20e49598630589e75e8337f.jpg,4,47.210922,5.274055,4,47.212696,5.270874,0.3108738,0.3108738,0.8538059,0.1223588,0.8735434,0.77485573,0.3108738
30fcf64cb0c047e78135dc2b34d841c4.jpg,5,52.809217,0.04103,5,50.394877,-5.075635,443.61624,27.410622,0.75467074,0.008572698,0.75079215,0.8815359,66.78503
3103374cb9884269b8dabff7c9beee64.jpg,6,65.896257,-14.829971,6,65.893739,-14.826618,0.31871656,0.31871656,0.9378909,0.036267877,0.92892975,0.97373533,0.31871656
312bfc6e809b4fbdaf7c8247eb8bd89c.jpg,0,55.858154,28.605743,0,55.862421,28.605279,0.4753521,0.4753521,0.879705,0.033457935,0.85987157,0.9590386,0.4753521
31346a0cdd36431191ea74bdaa6f6a9e.jpg,6,66.564626,-18.018664,5,58.514496,-6.259057,1075.4608,83.07366,0.69508666,0.0110446215,0.73308957,0.776041,2392.604
31408446237c413c875b52f234b4af46.jpg,4,49.298242,-0.308172,2,41.807341,-0.708855,833.532,104.30198,0.69557863,0.0026617646,0.6844026,0.74735224,999.5039
3144ab0afcfa41f69f4590d071ea29fc.jpg,1,52.959815,8.620362,10,56.809463,13.356455,524.1422,132.3444,0.69161975,0.032780588,0.65360236,0.8461256,506.02814
3181514292ff4787bf8842e6407ec03a.jpg,7,37.518268,14.129578,2,38.723606,0.028132,1239.581,23.673168,0.6519387,0.0021870136,0.6365632,0.8066114,2015.826
31868e4bdd4c42f0a2e899d54046004c.jpg,3,63.941637,26.853145,3,63.921099,26.877818,2.58243,2.58243,0.8184093,0.019838989,0.8156507,0.8333961,2.841871
31967290288b4558b5f6f144662e4f53.jpg,0,52.212593,31.531959,0,52.212085,31.533958,0.1474477,0.1474477,0.9408902,0.009043753,0.93785197,0.97769433,0.83997726
319ebb40c531447d9444e83384686f0f.jpg,7,44.411731,7.223532,8,61.517575,6.64354,1902.4637,1520.5967,0.6334036,0.0030162334,0.58072966,0.84936225,1708.8827
319fee43d8f1476daa0079e2a2480c93.jpg,9,51.950391,20.947679,5,51.408987,-0.592503,1480.9229,370.77863,0.7180737,0.038859725,0.71817386,0.725268,1566.569
31c77b809df446f9a718fa205c1dd5aa.jpg,8,69.626816,18.969115,1,48.3829,9.127957,2421.3352,1775.7607,0.6723809,0.010450125,0.6600606,0.7216624,2421.3352
31f9d2e9c3ce48a3b5d2f83d524957af.jpg,9,53.873889,17.48176,2,43.323964,-4.681338,1994.2948,445.90103,0.6084405,0.0012337565,0.57784057,0.7308403,1994.2948
32281ca23b3a4ca794520fc2ca2f0dba.jpg,1,48.848998,9.64221,1,50.128365,11.095163,176.77531,7.7127347,0.6874968,0.006369233,0.6860505,0.8053667,165.79547
32386b2fdd9c4a0d907699e0d65e3384.jpg,2,39.186763,-2.12374,6,63.513897,-18.484581,2913.998,1.4810655,0.7079909,0.008181214,0.71727663,0.71545756,268.03372
3268fb6f872c49fab7a7d86bb1cf0e09.jpg,11,36.330829,33.661533,11,36.334401,33.659188,0.44931516,0.44931516,0.8084549,0.009287477,0.7846559,0.90615195,63.28234
3271f8b024954ee69eb9e5ce4f34b996.jpg,10,65.289103,17.667557,10,66.179612,19.947947,143.73499,1.4157488,0.8000297,0.0024766922,0.79210085,0.831745,143.73499
327bd4c46c724e3e9a52e225344251e3.jpg,4,49.246821,3.368984,4,49.514203,3.765998,41.351803,23.642107,0.68661326,0.0071074367,0.66652703,0.77439505,119.07731
32c0b0327077489a8f9eefa10421a99d.jpg,1,48.44387,13.086434,8,59.475373,6.293143,1303.0575,23.859213,0.6781163,0.008856237,0.66032,0.7778263,1300.4144
32c405037e84406e8c1155081c337a4e.jpg,9,50.760494,18.026754,9,51.416347,15.600969,184.44333,34.62736,0.6314238,0.021435142,0.63584185,0.67691654,198.46777
32e91c89275a4559b843d8dde41d1da6.jpg,7,44.459939,8.378712,9,51.324173,22.48517,1295.9706,263.24084,0.6127384,0.0020743608,0.60745883,0.6724988,1342.8551
32fa52d4e14e46778dfd779ece2eaa84.jpg,8,60.613676,6.35752,10,64.118617,16.100121,634.78326,71.07888,0.79476476,0.0129721165,0.7925417,0.9077445,250.88326
331ac14005c54cb79f4d1757fa838f49.jpg,9,53.147455,19.187651,9,53.993526,17.961104,124.134514,1.3028693,0.7187052,0.021296144,0.6873226,0.84423524,124.134514
333288e997044d109e48281d33f26a80.jpg,11,40.927092,40.542772,7,40.092176,15.731892,2092.5603,1880.633,0.6753932,0.01562965,0.68323946,0.74532115,2215.0085
3379f2e883fc4feeb96054e14d28ba9d.jpg,8,70.075534,19.994428,8,70.087116,20.045707,2.3307106,2.3307106,0.7735083,0.12800336,0.7665767,0.80123436,2.3307106
33c0d80d80f34104ad61c79ab58107f4.jpg,7,37.990032,13.869172,11,40.126775,38.228155,2109.942,100.63647,0.6255209,0.015441239,0.62301266,0.66051126,1541.5233
33c27840fe8e46ff9e7dad8350c12b78.jpg,2,28.127267,-15.470364,2,28.117826,-15.556121,8.475246,0.047361173,0.70399356,0.06867945,0.688045,0.7677876,8.475246
33d09338b5e44b5fbce47689505392c0.jpg,4,47.189441,0.105315,1,52.857153,7.809499,835.78516,17.072956,0.64235395,0.007533908,0.68905556,0.6998415,424.7281
33dd5e389b4340888c01b134b79b6d75.jpg,0,52.348957,27.455395,0,51.8645,26.797806,70.133675,0.24195606,0.8531007,0.010128915,0.8322681,0.9451775,57.951992
3411b16884ce48e385291e49f8e70808.jpg,8,69.631632,18.026682,8,69.636672,17.995277,1.3382847,1.3382847,0.7279238,0.056548238,0.7384075,0.8219367,1168.278
342630a6bed0424a9f6414b6c21cc0b6.jpg,10,57.322247,18.607789,10,64.530242,20.836752,810.36475,21.7631,0.7783979,0.008430541,0.7680685,0.8564353,893.72205
343c22d81784457cbf5531a0164a657f.jpg,6,63.843902,-22.41503,6,63.843436,-22.407855,0.35549524,0.35549524,0.87602794,0.015176773,0.850743,0.9771676,0.35549524
343d287fcc2a44c395fe06816cb27e07.jpg,5,56.859958,-4.707092,5,56.07602,-4.826197,87.47648,1.468249,0.66549534,0.00038439035,0.6817709,0.6548982,86.72138
344b6b26c18244fabce10b333e8f2f60.jpg,0,55.21089,30.024358,0,55.234733,29.962289,4.7461987,2.9989746,0.8897716,0.0015704632,0.8793552,0.9456407,80.27412
3488f4c135084a2a9ef4f49fbe8706fb.jpg,10,57.7972,13.068563,9,51.429984,22.494215,930.8337,67.9208,0.7085928,0.0718745,0.67053103,0.86083966,930.8337
3491a062da1f45e8b21a6e2f2f16fa01.jpg,10,61.655272,15.003275,10,65.420037,21.25187,520.1721,47.097797,0.78684115,0.0018675327,0.7608744,0.9003496,736.1066
34d187d07fdf4d0c8a00a7cc65236013.jpg,7,38.011632,13.258588,8,59.395396,6.189283,2430.4946,521.5006,0.66642106,0.014361143,0.6682569,0.7419256,2588.3938
34e497cdccfe4a17af4e57bcc2a98476.jpg,6,65.652924,-16.935315,6,65.586593,-17.149567,12.292775,9.238029,0.8908851,0.0013146996,0.87547153,0.9525393,12.292775
34edb260c41243a78fd83c07e7532ee5.jpg,7,45.786857,12.550729,11,38.798155,35.594043,2039.3124,541.9251,0.64052963,0.0010554194,0.6508647,0.6645672,1329.6926
352bb274fbbe410bb8ac227f06bd1800.jpg,10,59.875023,17.194366,9,51.29785,22.142687,1002.46826,616.91516,0.6804197,0.020297945,0.66756284,0.7318468,1002.46826
355a333e858d4b20819452079c3a0953.jpg,5,58.501556,-4.579551,5,55.521598,-1.993641,366.41446,0.5132979,0.8216908,0.00417614,0.801386,0.9376931,0.5132979
35bf709d9f8f43019a86a56fe9b1788d.jpg,10,64.223068,15.902874,10,64.157467,16.037874,9.794136,2.4672172,0.7397751,0.010555685,0.703829,0.92968976,16.701584
35d9ffffa237438e8313f81b6ac0f31e.jpg,9,49.875124,22.373807,9,50.124413,22.104306,33.75541,14.16342,0.74780977,0.013989985,0.7516524,0.8109463,1597.2766
35fa27351a644b7e8a149a42c5cb71ae.jpg,10,58.406733,13.025286,10,59.082749,16.852421,233.20699,16.811722,0.7109117,0.0050804615,0.692422,0.8653337,62.49681
36140f6ed98c44b68ee6a79b6efd8fb6.jpg,11,40.182597,39.434952,11,38.514323,27.960818,1003.1648,253.9291,0.6789858,0.0018099546,0.6950383,0.7345116,961.38165
3620856061974e039f3ef74f481b28f5.jpg,8,61.850242,6.372447,8,61.379742,6.761637,56.21677,0.4045955,0.7268488,0.07238561,0.7205114,0.8251896,269.56342
36383a6350374ba48ba0e5c8e01d8878.jpg,2,38.627017,-6.36858,6,63.933916,-22.680937,3013.3923,0.2127853,0.7416915,0.01593262,0.75356025,0.78650534,51.56146
368788d50299444f911814b27bd52c05.jpg,4,43.467876,3.342624,4,43.464629,3.40176,4.786098,4.786098,0.69658136,0.008548796,0.66744816,0.8240926,6.262954
36bdf1023798430caaeee86b1f338616.jpg,9,53.664052,14.32877,1,51.606446,14.078887,229.41583,47.51862,0.7622409,0.02403146,0.76360375,0.8951801,146.19716
36c96491fbcb4cf5bae2cc8d5e202717.jpg,0,53.464886,31.049135,0,53.951475,30.467951,66.26151,3.4006774,0.83027464,0.009753406,0.80191696,0.94685996,36.955517
36d0717960a44efd96c3a4fef69999b9.jpg,1,49.177403,8.20596,8,58.44504,6.005733,1040.4457,457.5875,0.71457285,0.015576303,0.679246,0.86595714,1033.7848
36ed49e003784edbb6eec76adcbe812d.jpg,1,53.099712,7.673693,9,52.399153,20.160652,842.97394,177.0211,0.7404651,0.05474788,0.73641455,0.7807607,630.8747
36f80dffffdc47849462b3ebe5e413a9.jpg,8,69.103803,18.206969,8,69.083007,17.544666,26.38124,9.417784,0.6915502,0.00030094385,0.647002,0.869743,26.38124
36fd01f799dc4a099ea151bf89decf4d.jpg,6,65.710488,-19.375733,6,65.620858,-19.363502,9.982159,3.9231043,0.93778825,0.006784737,0.92554265,0.98677063,9.982159
3719c572ff4a4d1096b599c72f5280e7.jpg,11,39.204321,30.715118,8,67.321139,14.622719,3281.2158,429.33398,0.6462022,0.013948858,0.6457926,0.72028303,2866.622
3721922c2be541ffb258ccb025676784.jpg,11,41.036756,42.860677,11,40.883534,43.009098,21.109335,2.9815965,0.88246584,0.013033748,0.8612578,0.9672978,21.109335
3760290f79b048bfb3f4dbc8ef0d258a.jpg,2,28.939055,-13.629443,2,28.884392,-13.832873,20.713037,4.22557,0.8022914,0.02188611,0.7741217,0.92080265,7.0955825
3789fdad0b26484494efbd68eef1dfb0.jpg,10,64.537737,20.719181,10,64.517321,20.810443,4.9194913,4.33148,0.87814635,0.012812376,0.88301706,0.92869496,231.53423
379e23197c4a4a38973ca76bc02dbdc7.jpg,0,55.656174,28.615098,0,55.125597,29.793207,94.954414,4.7596087,0.76469177,0.0010191798,0.7428326,0.9256531,9.754189
37ae4f83a607487ea69d10c153b011fc.jpg,6,63.555494,-18.4453,6,63.553166,-18.446691,0.2678703,0.2678703,0.9420563,0.022927463,0.9400741,0.96461856,0.9721727
37af5fdd70664eecb3cf782724ad2c3b.jpg,1,52.510465,8.39983,1,52.510105,8.401544,0.12270873,0.12270873,0.8130302,0.0054861903,0.80451155,0.8758048,5.0502625
3803dc3405864e869598dec87d911263.jpg,7,41.003015,8.891502,11,38.236333,40.97692,2749.7988,30.832144,0.6808062,0.016540825,0.6650256,0.79690623,1528.3237
3807cf18fd024addb280ac57c401d9f9.jpg,2,36.745051,-4.236473,2,35.881251,-5.506237,148.89151,1.1282244,0.72339916,0.00877136,0.70455265,0.80772495,348.39462
381a6f8e649c4c3dba45237ca290dcf9.jpg,6,66.179326,-18.969438,6,66.062749,-19.147115,15.231423,1.1305593,0.84733117,0.019863784,0.8283939,0.9415268,15.41989
385a8dcb0a74488f8ec1980a531334cf.jpg,5,50.133746,-5.307795,5,50.137199,-5.307606,0.38419282,0.17621924,0.73288774,0.057309628,0.6991769,0.8677309,0.38419282
387cfd24c0c94219bdd332fe9b248cc8.jpg,1,50.553965,6.850089,1,52.322202,14.20353,546.00165,295.68457,0.69660056,0.020314991,0.68566227,0.7582241,774.06696
389b5f7196034a9ca94ad19de43d6e34.jpg,7,43.86446,10.850804,5,53.14069,-0.765848,1336.8989,57.929153,0.6663063,0.0026717782,0.6664615,0.7552719,1390.9089
38be77c4de3d49c394a785d457f0939d.jpg,9,51.111214,20.875588,9,51.075489,21.281689,28.637468,23.682814,0.692306,0.0015025139,0.7064215,0.68922687,881.0501
38bf79aba0404841b6dea9c1d8f57f60.jpg,3,64.657272,25.61598,3,64.704692,25.572879,5.6572104,4.7042437,0.93590945,0.002439022,0.9292873,0.96906507,14.925934
38e192e5f7514abb9a3207190095531d.jpg,2,42.837018,-5.15426,2,42.789596,-4.904219,21.06636,4.2639003,0.7073629,0.008988619,0.6906377,0.79119545,210.15392
392508401c8042b699fab6a6c7e1c391.jpg,8,60.049466,9.86315,8,59.826472,9.908382,24.923508,0.7465755,0.8375783,0.01026088,0.81035274,0.9467038,0.7465755
3932d4a4f645434f8e782aea5119847e.jpg,9,50.836457,20.373696,9,49.595965,20.583141,138.73914,17.56976,0.7045078,0.01632297,0.6831228,0.83919644,203.22801
39538872ffe544a9877989b724f7e54a.jpg,10,67.730799,20.684616,10,67.664305,21.300287,27.011625,3.218814,0.9216427,0.006513059,0.9179939,0.9582101,150.94733
396a6d913161430dbc04463013721c37.jpg,6,66.015164,-14.8935,6,66.008338,-14.846748,2.245645,1.1889232,0.9233467,0.006284952,0.9121932,0.96895576,60.656822
397a8c7ec0414f30b92311b4800861a4.jpg,2,39.436713,-0.338528,2,39.435352,-0.339188,0.16160275,0.16160275,0.9197757,0.038046777,0.90767825,0.9681656,0.16160275
39910c37613f4fbea8d1bffbe25fbc4d.jpg,8,58.874145,9.162002,8,58.785985,9.04434,11.914437,3.0468073,0.8854747,0.0054124,0.8639769,0.9722573,14.276129
3993b0b0923345779d57270018ea65c9.jpg,8,61.782581,6.205661,8,61.887407,6.664085,26.735247,0.008344063,0.7119099,0.019960761,0.6810039,0.8398087,9.779436
399646e68637483c83b91d132d497895.jpg,10,58.569469,13.119648,10,67.193841,19.412002,1009.4078,130.60191,0.7144784,0.006374359,0.71915317,0.73197854,1079.2102
399eaf98f8af4a5798d178eb7056036f.jpg,11,40.613595,31.281982,3,62.632474,29.403171,2451.577,2127.6433,0.6810409,0.018203795,0.6835159,0.78396183,2807.589
39d0c0453ee9452a96f2a225e36622ad.jpg,3,61.670778,25.029125,10,62.2577,17.471562,400.10535,47.444965,0.82773566,0.011119425,0.81985176,0.86738014,294.3417
39e999d726594a47aa4af2a8922b26ab.jpg,3,62.52898,22.73356,3,62.464361,22.067496,34.94876,0.63800836,0.87969035,0.007056713,0.8577763,0.9673463,34.94876
39fe4220fa1049ee8d4a597b6ff6ccbf.jpg,11,37.253162,34.799557,11,37.399629,34.859916,17.138586,9.552153,0.6659945,0.043720484,0.64444995,0.7631524,52.719845
3a0a86814ed64d4d99bffa384a413367.jpg,2,42.063605,3.048623,2,42.177951,3.033926,12.772363,6.7344437,0.6431476,0.011064529,0.64282936,0.674436,645.7834
3a3ea0adcd7947a4966d0c8293157472.jpg,4,48.278033,-4.30159,4,47.844537,-3.762955,62.655964,11.442224,0.7651928,0.036849797,0.7424805,0.8560418,62.655964
3a40bd58e51e40faa48d2d918a121d18.jpg,5,49.998709,-5.21269,5,50.33687,-5.120444,38.171528,3.2579267,0.8421929,0.0056945086,0.81559604,0.9601723,3.6565657
3ac6ee702b1e41b48dc575a0cce36b8f.jpg,11,37.854023,32.659016,7,40.892369,16.132297,1457.7849,11.083083,0.7252794,0.019269347,0.70098794,0.84554845,1441.4128
3ad2e7be020d4397b9a0733dd77b994f.jpg,7,45.83023,11.838834,4,47.042449,4.339953,589.9907,15.26846,0.6933056,0.0055941343,0.71056753,0.8072015,374.84558
3aeba931020847a69e6aead006a82c04.jpg,2,39.477224,2.895489,2,39.636156,2.650821,27.427906,1.0769634,0.78219634,0.0032868385,0.7721543,0.89527035,7.131946
3b11beb8ff1b43e098ba12ae553f738d.jpg,11,39.861862,38.205294,11,39.863514,37.904151,25.703627,25.703627,0.8583915,0.10452831,0.85287464,0.88462377,380.7109
3b170d38046a4f5281ea4f9d6dd8a172.jpg,4,45.276021,-0.875506,1,53.331896,10.013984,1191.4279,869.61053,0.7270786,0.0014019608,0.7075904,0.8510797,1202.5258
3b4daa37c6be4e809c5d15cd2a6e7650.jpg,5,50.072577,-5.240064,5,50.343967,-5.106281,31.643433,5.5871487,0.7342863,0.008427143,0.7421722,0.7646134,9.178373
3b62470d3ddf4acda8116ab6144397c7.jpg,2,40.006393,3.882051,2,39.986563,4.004188,10.635301,1.6228017,0.8070361,0.011512041,0.78711826,0.8867072,10.635301
3b750e70c8cd433ea2c7372a0cdfc9fa.jpg,11,37.939751,41.90283,11,38.20074,41.09863,76.14549,14.189173,0.7882744,4.2378902e-05,0.77686036,0.85371745,1007.0785
3bb6e6e2d86a41e885f86e581c7ed917.jpg,8,69.103028,18.206625,8,69.081363,17.978113,9.38228,9.38228,0.7907857,0.0031430721,0.75767916,0.9302741,29.108744
3bb7fcd162dc431791242c6a2d9736e4.jpg,9,52.293588,16.743928,10,57.555419,11.950585,660.02954,88.11703,0.61541915,0.0066072345,0.6108422,0.71407175,755.60077
3bb8647619084fbaa27d1f8f82484fa8.jpg,4,47.677672,2.149171,7,45.262059,11.131776,737.95337,49.46876,0.61784065,0.007907391,0.6054785,0.724637,1042.4043
3bba6d6880be4f519f8408903183f604.jpg,10,64.660321,15.633511,10,62.862276,15.080281,201.77309,4.9813995,0.86044025,0.016906738,0.8597081,0.887236,72.882416
3bdd6403b6734a229a67267fe3ea1622.jpg,0,55.197817,28.756343,0,54.698617,30.442176,121.12242,0.8621858,0.81079835,0.009035647,0.79643506,0.93141246,24.333387
3be28a15522c483d9813daba1d491e60.jpg,5,54.092462,-6.173371,8,59.711911,6.549526,990.8003,121.79862,0.65854955,0.0005618334,0.65029275,0.725982,1037.896
3c1177c9595048afa8b38ccd614c03d6.jpg,11,38.33261,26.895814,2,39.540822,3.236818,2044.8237,0.25867575,0.72968286,0.0016753674,0.72972095,0.7810024,17.210243
3c16551c087f42a18bed2a76f6094ca1.jpg,2,43.219451,-3.165747,2,43.623804,-5.80003,217.44066,4.9168,0.78923,0.07569045,0.7792234,0.8516303,146.17975
3c3e2e9d254b4d48b43affe99155a024.jpg,2,43.657099,-5.844271,11,40.101248,31.548031,3094.386,725.3032,0.7440659,0.038230777,0.74167836,0.7777775,2895.3872
3cb3538cd567483a9ca1987a8796c625.jpg,2,38.116988,-0.550413,2,38.064573,-0.589395,6.7533092,6.2309785,0.94542456,0.030426323,0.9440941,0.9507462,6.7533092
3cc945596f704b62aa781dca0ce4a9e4.jpg,0,52.965765,29.875026,0,52.947802,29.924348,3.8607235,3.8607235,0.9452038,0.009487033,0.93599695,0.982031,3.8607235
3cd6cdac96eb4c02ab737c70502bda1d.jpg,3,66.073273,28.799317,3,66.073338,28.913387,5.144232,3.4450822,0.9523643,0.021703243,0.9509716,0.9664897,46.226406
3cd734c7de9d4926815bda45a5c8c7b6.jpg,8,69.729339,30.0444,3,62.10994,28.585284,849.7609,258.3897,0.603003,0.0004890561,0.6066212,0.7064638,1037.3721
3cd8b0adbbe74144b80605a0fc95e592.jpg,7,40.823854,14.379937,5,51.447481,-1.248135,1680.2303,593.1423,0.706923,0.02588439,0.705522,0.804036,1105.7222
3cf6b1a2172d4d80a9f61b1ed4fca197.jpg,9,51.307329,22.695685,9,51.351261,22.736211,5.638418,5.4273744,0.83021545,0.024064839,0.8131921,0.9196952,5.4273744
3d0cc2ae29fe4d4c9c6edef27f195b32.jpg,6,66.565268,-18.018131,6,66.564954,-18.017797,0.037910987,0.037910987,0.7563311,0.013831019,0.75314564,0.7690728,0.037910987
3d283c4c976946faa869b9af1619a407.jpg,7,41.366056,14.023897,7,41.052047,14.321128,42.86461,10.803557,0.8306046,0.035994887,0.8211301,0.8830497,161.94023
3d4eb26eb52d444c8e55f0fee84ab131.jpg,3,61.468155,25.147703,3,67.491003,27.976054,683.10284,30.418398,0.79473567,0.014330924,0.7892103,0.8584173,212.69394
3d55a1be72d94436a99b5f1a10320f82.jpg,6,65.444589,-20.689137,6,65.496182,-20.695316,5.7439747,5.7439747,0.90127075,0.015098453,0.88386315,0.9709009,5.7439747
3d9286fb8254453b94fcc53ff774ba89.jpg,1,49.744238,10.526168,1,52.49548,11.026611,307.91,74.97918,0.7167293,0.007771492,0.7004314,0.8373107,270.49826
3d9f3345c11b4a8b86b0bc1a82577329.jpg,0,56.028141,28.370143,0,56.027971,28.372816,0.16715741,0.15739997,0.82842356,0.10481638,0.80760014,0.91171706,0.16715741
3db9ddd990b14c0e9d0ceb3ec2f3025f.jpg,10,66.161791,19.955699,10,66.231511,19.932041,7.8248863,2.0119762,0.9364007,0.004575491,0.92444074,0.98424053,7.8248863
3dee43125a274df39792d892376d299a.jpg,11,41.084565,27.827458,6,63.633781,-18.432228,3879.6575,6.063667,0.7294954,0.003049314,0.72455657,0.8064074,310.173
3e1a6883e1f3410c99771e5066678fcc.jpg,1,54.559499,9.595981,1,50.479003,12.973328,507.8854,135.71696,0.6340896,0.0038219094,0.62283206,0.76877165,619.82605
3e1ad282f9bf4881a52c7cc6d6303263.jpg,7,39.291724,9.587711,7,39.292201,9.589428,0.15699135,0.15699135,0.7519595,0.043669164,0.78744507,0.78536,1026.1976
3e233cfc6d654071a335a0e8a9610a55.jpg,0,56.030857,28.69149,0,55.77786,28.602544,28.67315,3.0190704,0.7747501,0.0043485165,0.76491266,0.87688047,16.738516
3e2744336e8747eab26aa93cea5e0b5b.jpg,11,37.113243,38.283123,11,37.101373,38.173689,9.793827,9.793827,0.802486,0.01851499,0.7815613,0.8861846,9.793827
3e34f71c075b41ffb2d03b0bc125b402.jpg,6,64.814355,-23.138469,6,63.950486,-16.831054,317.9324,166.11627,0.7055591,0.00079745054,0.70372033,0.7921234,2083.8928
3e69e92f74814e85baee0fa18b77212a.jpg,3,66.932528,28.895161,3,66.932382,28.909111,0.60799056,0.60799056,0.91599387,0.026452541,0.9037243,0.96597815,213.8511
3e6dfd78c4f4458289d4007e806d7fe7.jpg,1,54.460789,9.148157,1,54.460877,9.147172,0.06441122,0.06441122,0.8979572,0.19951391,0.890854,0.9263699,0.06441122
3e6eb4b2c21042968286cad1f7220595.jpg,10,67.469111,20.606346,10,65.462118,16.822604,279.2315,41.823055,0.8111061,0.019074202,0.7938684,0.88005674,279.2315
3e7270f6ebef4ac7b6e12cf7a68aff81.jpg,4,43.144633,3.050857,2,43.263024,-3.176075,504.76416,119.68617,0.6016043,0.026048303,0.63212746,0.64807975,704.14056
3e82c2458d6e41e3ab38effc9d1ed878.jpg,10,65.929278,21.819881,10,56.264797,13.563927,1160.3461,0.40511274,0.7344981,0.006724894,0.7134578,0.8827453,1186.8334
3e90622789ed4b128cdde6a9ee9307b0.jpg,8,64.103934,11.54029,8,64.090425,11.522838,1.724836,1.2537038,0.80032814,0.017974555,0.7609947,0.97208714,94.79995
3e9c1608f7124926b7c63a392f8e76a5.jpg,11,36.265123,33.522441,11,36.338993,33.542717,8.412546,3.891776,0.7482825,0.0075291395,0.73053,0.90496635,5.546787
3ea28ad5fac04cf6a39b0a754cad65e6.jpg,5,52.280062,-0.028913,5,54.783766,-2.230555,314.0954,91.47679,0.6941633,0.011333048,0.6578485,0.83942276,314.0954
3eae4fe8c82c46dca2c6ede54d3729ef.jpg,7,40.915833,14.161946,8,58.902235,6.855525,2064.3855,1959.2036,0.67654634,0.012158036,0.6404101,0.8210911,2064.3855
3eb3046ff37442398881db310ac7217a.jpg,4,44.989833,1.07675,1,50.48496,8.944076,847.33026,145.99246,0.67798686,0.0025670528,0.6778661,0.7427145,878.70337
3ebcffea616d4d5a800ef27ae859eb58.jpg,6,65.936667,-19.409649,6,65.944783,-19.412038,0.9089342,0.9089342,0.9069916,0.012448728,0.89090383,0.9775325,2.9106963
3ebf262263a04cdab6907d3595b50264.jpg,9,50.39645,18.997926,2,28.500504,-16.197217,3821.3005,687.9561,0.6749954,0.006401956,0.66499335,0.73034275,3742.4224
3f037904e92847e6803f48ce71756f21.jpg,6,65.615547,-20.645209,6,65.572723,-20.654239,4.779858,4.779858,0.87289125,0.0053582788,0.8608551,0.92103577,4.779858
3f2112b91f9a484da917572ce6f01ab4.jpg,9,53.633352,22.476651,9,53.50781,22.569973,15.259229,15.259229,0.7589416,0.0383296,0.7478924,0.86743236,175.52692
3f9035789d174534b1c678f92bcd389c.jpg,0,55.147994,27.730156,0,55.200697,27.876219,10.971449,2.372487,0.82036567,0.0064783096,0.79588485,0.93038094,11.993016
3f9976004b2d4ebeab6789d42a63f3a1.jpg,8,69.512747,19.252462,8,69.513817,19.252509,0.118992805,0.118992805,0.890646,0.026205182,0.8794426,0.95248884,1.6805323
3fd6a85557ff4ba3a1ba5c63311d602a.jpg,8,64.134881,13.91503,10,63.809388,14.385587,42.861298,10.422278,0.89071655,0.013348281,0.87220067,0.9647801,42.861298
3ff1959b49814b529b68a1d9c3b50e05.jpg,5,55.190588,-1.776667,5,55.259696,-1.892847,10.646184,10.646184,0.7576804,0.011916816,0.7130329,0.9362704,10.646184
402c6d4f453b48388f3ee1a83200b276.jpg,0,53.211421,29.39387,0,53.353437,29.594617,20.675552,5.106177,0.8533898,0.00560385,0.8378667,0.9601484,111.21354
404525a6746244a58bb5a10166a5325c.jpg,4,48.043558,-4.467635,4,48.042699,-4.469244,0.15307319,0.15307319,0.7904187,0.04124534,0.76032573,0.9160155,56.962166
405546594ae94458be762d5801c6657a.jpg,0,53.06727,29.42321,0,53.044577,29.567911,9.994464,2.8781483,0.9545476,0.021876752,0.95127815,0.96762526,9.994464
405d9f82a48c4513bcfd39cd0aa0b52b.jpg,5,58.234758,-4.480909,5,55.521598,-1.993641,337.37027,0.09681059,0.8367994,0.0017905235,0.8069131,0.9563447,337.37027
40ac0cfc732e49e1be5cb2c6a280ca9f.jpg,11,38.786947,36.467689,11,38.827752,36.549431,8.411592,8.411592,0.8540883,0.15167326,0.83782375,0.91914666,8.411592
40bd5e18347c4303b1a44ace389427a2.jpg,8,60.902419,6.861809,1,51.465042,13.180692,1118.6417,726.4033,0.7108258,0.0008996129,0.72086585,0.7437167,1238.3163
40c6f67354e14899bda76a1fa218ee0b.jpg,1,52.941441,7.834432,9,50.024387,18.58598,811.0605,407.00183,0.62714475,0.0039415956,0.6426319,0.7376251,1249.7439
40de54470c054a8b9754885f8012db7d.jpg,4,46.704282,1.113523,7,44.485454,11.257014,826.1954,329.00366,0.7137331,0.031571925,0.71865565,0.85825175,953.307
40e39188d7d740b5a80d021ae986f117.jpg,9,50.726732,21.215563,9,50.260003,21.853498,68.77313,6.521027,0.74524695,0.0034946203,0.7396753,0.9054152,17.033304
40e6d234b3a549e9af0b254d858c8d7e.jpg,1,50.279833,6.590511,2,39.059711,-4.178951,1507.2004,329.94528,0.62773955,0.00240165,0.65125924,0.7062454,1256.9069
4105336c6e9d4730a941b8a2ae17e7c3.jpg,7,40.561074,17.33895,5,53.385987,-0.768089,1969.1506,5.950528,0.7799828,0.023417294,0.7905693,0.82805836,2073.4397
410edccbef41477292e7fd94a6b61ea7.jpg,6,65.094961,-21.09051,6,65.074921,-21.107756,2.3702714,0.1260706,0.8176307,0.026062906,0.7980116,0.8988955,6.4146585
412a5155432b4a02950d9ed6f192c8df.jpg,5,55.266469,-4.842996,5,55.173078,-4.930934,11.787806,11.787806,0.7474492,0.008548439,0.709602,0.8988379,11.787806
413380acf92f4ce0913116ee34dff8d3.jpg,11,38.851826,33.813378,11,38.598072,33.929874,29.971394,9.064489,0.70963657,0.03682512,0.70239705,0.7691798,21.46853
41567d286d3d4a10bf92261ced6f3a5e.jpg,2,37.243922,-7.319286,7,41.090086,9.234108,1487.1079,367.87057,0.6778828,0.00032162666,0.6960158,0.67135906,1537.1868
41568aa735c54c5182b7878fecb3f5e7.jpg,1,53.683157,9.21983,1,53.762852,9.299304,10.289326,10.289326,0.6796989,0.0029546618,0.6870215,0.7299015,430.59335
41702e810fb84bf5aa74e9ffa2b2f559.jpg,6,65.741301,-22.052067,6,65.740456,-22.046593,0.26715386,0.26715386,0.9654742,0.03757161,0.959721,0.98848677,0.26715386
4198b8f0d2bc4b848e338a1abbeda4c2.jpg,0,53.200141,28.697516,0,53.200885,28.69736,0.08337914,0.08337914,0.8826379,0.04770875,0.8717575,0.92615956,0.08337914
419fab621dcf492882c079eb01e8044a.jpg,4,43.697751,-0.377,7,40.609019,8.327648,794.97125,403.47964,0.7394564,0.0034003854,0.70077276,0.90989184,795.16437
41c2abbf866b468683bc442eb17095c1.jpg,10,67.844798,20.396218,10,67.739085,20.668919,16.417463,0.18535534,0.7900662,0.03993857,0.78361255,0.81588054,16.417463
41eea71515c9438ebde0658065b67c81.jpg,9,50.119176,22.265293,9,50.159738,22.159174,8.805615,8.136686,0.8203832,0.02999729,0.79973435,0.92594576,11.492103
42052aa04bd74cf1a362078e2ab7541a.jpg,4,44.412479,-1.157394,7,42.08364,12.633498,1145.0917,194.01648,0.6636882,0.0039815307,0.65640426,0.7049557,938.9494
42187ee8660f4a1da9c2aa5473ade0b6.jpg,8,58.292464,6.442186,8,58.285027,6.54034,5.796243,1.3140045,0.6970447,0.0009443164,0.6741736,0.8339243,38.255413
422a9ac681404be7a603fb35517b4d03.jpg,3,61.099448,23.252536,8,58.086695,7.295165,955.5632,13.669513,0.7312708,0.013178825,0.70848715,0.8224051,955.5632
423592dbea714c7e856911d88ca49b66.jpg,2,42.462881,-3.152802,4,48.7689,2.862954,842.36676,90.05997,0.72059417,0.020421684,0.71030015,0.7823683,810.1945
428a559cb1014fb2a0690e9a9436821e.jpg,2,39.765064,-4.072511,2,38.550228,-2.980345,164.66411,26.359953,0.81128985,0.0046694875,0.7893768,0.9086843,133.20746
42b1194f82d242bcb108046dea5124f7.jpg,10,64.062343,19.035809,10,65.600684,18.125367,176.38632,5.9530916,0.87787044,0.009091139,0.86274433,0.93837476,176.38632
42d8136a80934c73ba4a370b68519f7e.jpg,1,51.170003,7.680249,2,28.661902,-17.816287,3281.6997,41.159897,0.6139721,0.007074237,0.6298494,0.5880044,837.80066
42f0c73fd47b4f16a6c8f796eda3800f.jpg,10,64.811529,17.513959,10,67.193841,19.412002,278.42865,24.814953,0.83778954,0.0050744414,0.82851875,0.8748725,278.42865
42f4d48d87d3490c9ed78c5c863aac64.jpg,7,40.97467,9.118454,7,40.987765,9.134418,1.9788991,1.791183,0.7712443,0.00510931,0.7377071,0.91156167,18.41576
430509ffcb564a7a825a4170c151d10d.jpg,6,64.912267,-14.006476,6,64.912182,-14.005282,0.057081856,0.057081856,0.9620799,0.065078735,0.9571047,0.98198056,0.057081856
43222df9286f4652a6ce5dc8f6914d1f.jpg,8,63.524994,9.933647,8,60.259332,6.401557,407.4113,13.951807,0.7597486,0.06143844,0.7526187,0.78826827,407.4113
4325382e39ed48778e84ff823d3c52aa.jpg,5,51.779881,-1.995413,5,51.614129,-2.591593,45.03341,3.4511254,0.62307173,0.013538003,0.6412791,0.6352628,2230.8013
4364ea014ad94f9f9cd404aece05bea1.jpg,3,64.565848,29.636543,3,67.544841,25.77623,374.1063,3.777819,0.8450407,0.0015351772,0.8267442,0.9480974,452.8117
437134722aa34b7394ea0e085bdb1e9f.jpg,1,52.209898,11.983055,1,52.734003,8.347443,253.02779,74.27373,0.67129153,0.0038595796,0.69920206,0.71127367,888.8601
4391dae2d02d400b98aa36290c04eb5a.jpg,8,64.948799,14.197176,8,64.949425,14.196345,0.07985046,0.07985046,0.8591681,0.037979186,0.837399,0.96364987,21.94647
43af3b553ae944cb87c70d8727472e65.jpg,10,67.974271,19.954008,10,67.423026,22.42199,120.826836,0.69580257,0.8279443,0.004155934,0.8241627,0.8960927,27.278328
44060e0b05ab484b97d6dfff46372740.jpg,9,51.943577,20.214282,1,53.211736,9.550637,733.4957,25.27515,0.7625123,0.008071899,0.75366914,0.83227926,392.8401
4406879e83ed457582fb5764cc8de5fc.jpg,8,58.345181,6.318823,8,58.33415,6.248148,4.3034096,2.953313,0.68609583,0.007997274,0.65861243,0.8328248,96.12374
4415a1cec9f94abbbf271e82a344f52d.jpg,2,42.804393,-2.905447,2,42.774184,-2.908426,3.3678765,3.3678765,0.7819727,0.039313793,0.7599212,0.90854216,432.05283
4499198eab814eb9b9f46d709c97774c.jpg,7,40.641327,8.926789,7,40.767958,9.161889,24.310684,2.4643245,0.8798524,0.0021861196,0.867723,0.9579262,2.4643245
44e09a764e0047d0987b78267ee0572b.jpg,10,63.720373,16.159448,10,63.996555,15.276591,53.045303,1.525172,0.7631634,0.0058692098,0.72846955,0.9138483,50.093113
44e895849dfa45068c5b40ec1f151562.jpg,6,65.62889,-23.826066,6,65.608042,-23.781837,3.0815313,3.0815313,0.8408995,0.03720528,0.8312265,0.8819535,11.808521
44fc5feb886440b0933d83e5b7612ff1.jpg,9,54.244707,22.397196,9,52.408238,21.088938,221.91136,87.71198,0.6975477,0.0005361438,0.69501793,0.76584923,2001.7391
4502d73bf3ec4752813b5ee6f9ac168f.jpg,7,37.814079,15.127657,7,37.83641,15.096152,3.7178967,0.7038843,0.8106017,0.0361737,0.7827587,0.9219735,3.7178967
451bf0763fcf480fb3b8c794f0e2dedf.jpg,3,63.982229,26.772437,3,62.267809,25.682837,198.33925,8.136433,0.7611467,0.05847019,0.7208408,0.9223703,198.33925
45541e0fa5404535b4df7b53b2e35496.jpg,11,36.535044,33.454668,11,36.536438,33.454857,0.155923,0.1038571,0.8953723,0.010659754,0.88483346,0.93752754,0.155923
4561a75d27fe46ee81c3b77a63f2e86e.jpg,10,64.411557,19.289982,10,65.483369,16.92365,163.13039,33.3749,0.88916475,0.0040747523,0.87471056,0.9631194,152.77576
458865b26f7d49fc91ea9abfb5131a77.jpg,2,39.522966,-0.529255,4,47.317085,1.399597,880.47833,82.853745,0.649911,0.029496431,0.6297284,0.7306415,880.47833
45bda4d8e36d4507b86e11da4ab82a3b.jpg,2,39.513313,2.76595,2,39.512192,2.767183,0.1634793,0.1634793,0.80467016,0.038098276,0.8035249,0.8448571,13.762841
4615ca9c68664a18b39e4d4eae5e916a.jpg,8,62.46913,6.287115,8,62.396274,6.193328,9.42989,1.6282436,0.7943642,7.164478e-05,0.76264924,0.952839,5.178183
46478ae5a8cd4d0ca530834de2a35a64.jpg,7,40.790029,16.940481,7,40.762941,16.064494,73.82272,2.3764195,0.70452833,0.0189327,0.72929883,0.6956697,420.14496
465fbef9ff354483b15e072571d9cf85.jpg,1,51.448111,10.67327,8,59.393949,10.735482,883.5467,136.67076,0.6515572,0.037583232,0.6473643,0.77364594,1371.0105
4668f926dfda4900b300131b6843cd93.jpg,3,64.802552,25.512973,3,64.787787,25.542515,2.1569476,2.1569476,0.946144,0.017534852,0.94060916,0.96828294,2.1569476
4683115ae8ac435481b69293468c312f.jpg,9,53.961425,17.107625,9,53.981866,17.070246,3.3380928,3.3380928,0.712017,0.043850064,0.6746339,0.8615494,3.3380928
46b76abb3bf74d05944a64058577ec10.jpg,3,65.193534,25.450627,3,65.185258,25.479174,1.6189717,1.6189717,0.76172745,0.08910859,0.74562925,0.82612014,1.6189717
46c091ee0cc34fd59de8c3b1a129c41d.jpg,0,55.190765,29.026062,0,55.192509,29.072382,2.946498,2.946498,0.8315421,0.075599134,0.80912495,0.9277408,69.36088
46ed360b39dc46609dffdbc7616297d8.jpg,10,59.670137,16.30807,3,60.619236,24.301789,454.58472,34.862263,0.7252205,0.010748506,0.72663945,0.8748393,75.62248
470b3df39fde4759a3cfe349698f9849.jpg,5,59.060786,-3.334604,5,59.110368,-3.323543,5.549367,0.6660459,0.90805304,0.012367606,0.89288527,0.97395396,4.598999
4764a85f2ddf46ad80773cf7407bbc57.jpg,10,64.857285,18.840825,10,65.6474,19.698702,96.50431,26.011637,0.85229,0.0042942762,0.83871704,0.9171344,97.4604
4769c7db9dda4ac1a62b15d7e4bb1148.jpg,5,52.798446,-0.429254,5,56.189525,-3.204667,417.42108,19.584192,0.7253865,0.027494192,0.7057257,0.8040294,417.42108
476dd95ea00644eb99764da4960cf7f0.jpg,7,40.736772,9.103658,7,40.767958,9.161889,6.0070586,6.0070586,0.89536726,0.011189163,0.88002276,0.95674515,6.0070586
478d11c4239e43a48e852f3f661dc5d6.jpg,9,52.71391,21.36695,1,53.307476,12.35975,605.7954,164.40253,0.6839237,0.011008263,0.6949786,0.73004353,2024.1967
47a1be52b77741278a0ade82ba18648e.jpg,2,43.622729,-5.800413,2,43.623597,-5.80019,0.09817232,0.09817232,0.9264803,0.19692343,0.9179865,0.9604552,0.09817232
47c85fcafe5e43b58e7c594c741c3818.jpg,8,69.611702,18.938097,8,69.61203,18.93814,0.036509924,0.036509924,0.93044096,0.12161261,0.92344505,0.95842457,0.036509924
47cba054b8bc4a7098ddbfa049e75ffb.jpg,5,55.994247,-5.205006,5,55.951783,-5.432024,14.893992,11.546221,0.7729435,0.008087754,0.7600028,0.8933003,207.66829
47dc8bd53d89453786225813105ab21f.jpg,3,64.005952,27.423579,3,64.004789,27.422327,0.14299186,0.14299186,0.8436976,0.05111766,0.83399385,0.89758664,0.43668678
483684258857410eb2bae58f551d2956.jpg,3,67.980089,24.074784,3,67.981043,24.075276,0.1080449,0.1080449,0.96177,0.11066526,0.9565126,0.9827996,0.1080449
4848ef2bc74246adb2388e758b0c14cf.jpg,5,57.825691,-7.042662,5,57.518555,-7.283351,37.02961,1.333918,0.8554809,0.006660104,0.83030415,0.95618796,37.02961
485aea047db142a5957bb1a1721ba75f.jpg,11,36.437394,32.209415,11,36.498941,32.287623,9.78496,7.798874,0.651273,0.013353229,0.6392455,0.7910515,230.62721
488ca10cc6f444498de348ceddd3012d.jpg,2,41.924559,2.850483,9,51.216971,18.478096,1573.6713,924.33014,0.68359995,0.006311536,0.67686117,0.7517679,1650.0636
48cd6a7b1151407d9e71731aeefaf0d4.jpg,7,41.802588,12.226858,2,39.275893,-2.205168,1249.8673,84.36197,0.7456425,0.03889662,0.7685829,0.73861885,1342.8074
49034441adda4f689d8151dab37ac7c6.jpg,6,64.196348,-21.222018,6,64.197732,-21.223245,0.16495533,0.16495533,0.71475023,0.04737538,0.71661586,0.70728767,0.16495533
490f926eb9eb40dcad8b8f216edb9ef0.jpg,5,50.130185,-5.423151,5,50.170414,-5.328276,8.105988,1.4218587,0.7259975,0.006561041,0.69284004,0.85862714,8.105988
4915e69674d345539b4898342d8a8785.jpg,6,65.697332,-17.032212,6,65.841824,-17.295279,20.056517,10.605478,0.86354196,0.019293487,0.85220754,0.9231617,36.668213
491d694386384277a0f8b65b7405405a.jpg,8,59.719045,7.581703,8,59.784593,7.309337,16.90797,4.0322127,0.8732507,0.007520914,0.85442805,0.9626368,4.0322127
492611fbc4ac4c84b254edd7f6438d38.jpg,11,41.174413,31.929397,11,41.231874,31.975106,7.4463115,0.75607413,0.7507718,0.0035889745,0.7112948,0.90867984,7.4463115
492645f87c2f4249812ad780f3d88851.jpg,8,64.188751,11.919524,8,64.090425,11.522838,22.129215,8.81089,0.82766163,0.0047823787,0.79767746,0.95843375,21.883587
4941b3c402a54622ae22e8a0fa376d65.jpg,1,50.158089,6.643577,9,53.35988,14.698634,658.28186,190.32184,0.7632391,0.02109921,0.74997914,0.823721,928.1315
495e74aa04de4677acf19ac5022da8c5.jpg,7,39.066218,8.458155,7,39.079642,8.418951,3.6988735,0.6376316,0.7554975,0.03469783,0.7428955,0.8480551,8.101011
4972ec6cecb949209808d5816a165e14.jpg,1,51.683241,10.214574,7,40.893911,9.068735,1202.9059,575.3693,0.6624948,0.0034017563,0.6507945,0.7869658,1441.2395
4999b9b433d248758aaf95c8ddb45dd6.jpg,11,37.399192,40.951235,11,37.217957,40.618973,35.632328,3.354985,0.6373171,0.015290201,0.6231123,0.7457926,4102.5703
49a37900c6dd4052a3b64d9ba6120c73.jpg,0,52.758301,29.398353,0,52.797969,29.406642,4.445983,4.189861,0.7863376,0.024152637,0.77359784,0.8372965,4.445983
49e5cead8e0946a08e005607b9b080cc.jpg,8,59.016574,9.724087,8,59.022242,9.719295,0.6873501,0.6873501,0.6815873,0.05735606,0.6469599,0.8769423,409.98007
4a13a5cc41cc431988f6613d2c231afc.jpg,3,64.80352,25.510789,3,64.787787,25.542515,2.30595,2.30595,0.9457607,0.03474605,0.94796646,0.9479836,12.322597
4a1ddfe2c4ef4eac80ee2de9289dfe2a.jpg,0,52.215032,31.517818,0,52.215322,31.515105,0.18762575,0.16149642,0.9455072,0.004227519,0.9373496,0.97813755,0.18762575
4a41ba5eeae046379f80d22eb7165470.jpg,7,44.56235,10.22753,7,44.56265,10.227362,0.035915717,0.035915717,0.87137973,0.21759582,0.86498094,0.8969747,0.035915717
4a4d8b4d10734f01a3631cfbc7a4a366.jpg,6,64.717943,-14.048498,6,64.67435,-21.665322,361.8181,7.945175,0.83636844,0.0020080209,0.81813484,0.9119574,12.825928
4a4df1ad1dd542feaf0ff4633d7253da.jpg,4,42.211866,8.656618,4,42.108165,8.659787,11.533999,0.54761475,0.7920438,0.00019234419,0.78898203,0.8042908,11.533999
4a7113631145441aa24febd1853cadce.jpg,4,44.699525,4.826393,10,58.555231,11.563833,1607.397,26.478022,0.6372889,0.02249974,0.63949394,0.72252256,202.09077
4a729dfb5a71430a9c8c497c3c693235.jpg,10,65.314309,15.858111,3,64.224445,29.361985,650.1037,38.08424,0.7983169,0.012185931,0.79334277,0.8417401,779.5324
4a90364b7c9c4409b922e3ab4d822d71.jpg,11,37.836392,40.637244,5,53.126262,0.29747,3511.4248,2.3751256,0.69589984,0.015451431,0.7001327,0.67896825,3511.4248
4aa287b825e641348e471c69870869aa.jpg,10,66.991871,19.83667,10,66.684392,19.830604,34.19118,0.56311625,0.91455775,0.028733373,0.91092944,0.9632941,28.974817
4abd3570a9af459899cc7d4f68ee7da3.jpg,9,53.249277,23.148083,0,52.320203,29.341797,429.00742,1.0625671,0.69264555,0.008272827,0.6811366,0.8109126,172.0044
4ac401e7c25a44568cfacdee54bc27c8.jpg,0,54.372683,29.225323,0,52.064753,27.757462,274.5936,3.9484549,0.80042505,0.016036987,0.7657825,0.94426143,251.06285
4afa66c7da3c4284b8e0ec00c77f8491.jpg,10,62.069561,15.836988,8,60.628291,9.900202,354.60123,0.03130365,0.6572846,0.0036460161,0.64472413,0.7963907,127.653114
4b015a45c1134acca0346a0128878215.jpg,0,53.058261,29.458239,0,52.944118,29.93437,34.29614,0.3441778,0.9012635,0.0010303855,0.8964166,0.9326868,25.60516
4bc27ea830404373977e26112856ef38.jpg,4,43.666893,-1.392568,4,44.325544,-1.097516,76.94763,9.61948,0.73106873,0.01973629,0.7280538,0.74590003,534.9411
4c0585aee5de458eba9c60d3a2f9c57e.jpg,7,43.498535,10.724185,3,62.267809,25.682837,2302.837,1503.4752,0.6941978,0.0044498444,0.708701,0.7961043,2233.2026
4c37f2aa8f2c49a1a7cf0f7a402b7efc.jpg,8,62.539636,6.126605,8,62.535577,6.126951,0.45168945,0.29677358,0.8071147,0.0059791207,0.7804618,0.9137262,0.45168945
4c7488522c0948c3b9c2949185b7d870.jpg,6,65.749061,-23.842507,6,65.777903,-23.952217,5.946743,0.07012361,0.8978574,0.023756266,0.8893242,0.93199027,5.946743
4c9f825a096f4e5e93e412801a189058.jpg,2,38.992529,-0.582944,2,38.315256,-0.662891,75.628716,19.109776,0.795153,0.069815695,0.8039116,0.8075111,2350.2378
4cae8d5d74f148b0bef9ae35b29c99e1.jpg,1,52.715946,12.449164,9,53.35988,14.698634,166.56418,73.7946,0.71962106,0.015112877,0.71337676,0.8331684,505.45737
4cdd0cc88db44f10b83459385d13e5be.jpg,1,48.357057,11.597362,4,49.198823,-0.29326,875.38214,92.26708,0.6302643,0.0023171902,0.62970364,0.6891377,708.61566
4cfcc9fa35964b4d9c1cb82475707f5c.jpg,7,43.314658,13.643625,7,43.313828,13.639389,0.35492632,0.35492632,0.79879934,0.014214575,0.7674314,0.9402057,16.286781
4d190a3d71c443e7ab182afc66d44e7f.jpg,4,46.332186,-1.074603,10,58.394315,15.299058,1732.667,485.98526,0.6683341,0.010355473,0.64692223,0.80828583,1730.2041
4d3b179683904637a42905623baa69e3.jpg,10,65.629548,18.930903,10,65.627285,18.934853,0.31011266,0.17351794,0.94195074,0.0522663,0.9335292,0.9756367,0.31011266
4d3cc25cafce4f80b3ecd020b4f65a11.jpg,8,69.230347,17.976171,11,39.082056,29.463706,3421.6416,3174.4421,0.71295303,0.049645543,0.68880653,0.82328475,3456.5156
4d96fe33d42841eb83390b03e8c6379b.jpg,4,49.011569,-1.428763,1,52.482361,14.098929,1155.9052,7.7656875,0.6701256,0.028207839,0.6791803,0.70903337,176.30495
4dadc0fe90c54e93bd2adc7a7a9692c5.jpg,9,51.420163,22.260113,1,47.908264,11.335501,876.7185,7.5792007,0.68281335,0.0025702715,0.6702882,0.8121834,813.6112
4dbaa20be5ff40dbb57f1fac125951d7.jpg,3,64.309639,29.119438,3,64.193587,28.399941,37.07363,1.1829609,0.85607004,0.01930356,0.8357167,0.9374833,37.07363
4de3b4852e1b425e9e8346be9f2aab5c.jpg,10,55.730081,13.874312,5,52.248985,1.493489,895.51416,1.0420785,0.7548815,0.008896828,0.76840675,0.7923133,1.0420785
4e22f6543150482bac0d9a4ace1e9844.jpg,4,44.048219,-1.009445,4,44.377523,-0.841028,38.99964,3.5399983,0.8176803,0.045969784,0.7988815,0.89287543,38.99964
4e4d430668d145848e1532f34b453319.jpg,5,53.361428,0.074953,5,54.74716,-1.699927,192.76784,18.400492,0.74646384,0.0129288435,0.7110945,0.887941,192.76784
4e599cc25dbf42819dd8cb2eb765909d.jpg,1,52.505012,7.081913,1,53.192195,7.7251,87.77303,8.955908,0.75294584,0.02128452,0.7402799,0.81515646,125.81134
4e626347583a47c599d24950dbd76071.jpg,2,39.395155,2.981089,2,39.396212,2.969453,1.0067598,0.29849324,0.84264,0.02247703,0.8273263,0.90389466,1.0067598
4e695c00dbd046f68f632659e6be94ec.jpg,8,63.094208,9.28287,8,63.023488,8.596998,35.437363,5.882252,0.69623345,0.09707689,0.71282834,0.7350966,513.89484
4e779c5e64b646f480af283cfccf76be.jpg,0,52.237194,27.55566,0,52.239405,27.511104,3.0439188,2.1915405,0.7658165,0.014247835,0.7729989,0.8184495,1918.6602
4e94c45601084d46aeb3d18109ddf1ef.jpg,3,61.349159,21.647828,3,60.995724,21.981058,43.170605,6.758658,0.71386325,0.02257353,0.70058316,0.85553396,126.82954
4ea5f1a7a390432890c06ad5ddf9c8a4.jpg,0,55.332986,29.38598,0,55.364771,29.336371,4.7253294,4.3006024,0.905969,0.030733407,0.89829755,0.960231,38.095882
4eb54133327246bcbb01a2c93b65e7c9.jpg,6,64.743611,-23.807534,6,64.754665,-22.248431,73.962616,0.117804505,0.89044523,0.012374878,0.8766248,0.96519065,18.468489
4ed8eed6b41a4620af02748dcd04b588.jpg,5,51.387184,0.773248,5,51.408987,-0.592503,94.77895,92.337975,0.65801257,0.0010854602,0.6552268,0.76899344,1095.2295
4f34918abe6f4fbc8c5ffe6ef309011d.jpg,11,40.667486,26.963609,2,41.006985,-6.4127,2790.8088,44.04346,0.6893564,0.0006508231,0.7018174,0.69357795,2799.4875
4f3bf18737884f9ea5f9f6be80767d0f.jpg,9,53.357798,21.259635,9,53.372913,21.292822,2.7701256,2.7701256,0.7138355,0.004794061,0.7056512,0.7878784,59.42818
4f4b25e8e1f040bb890f29a8cc3c51a7.jpg,10,64.713378,21.154692,10,63.587738,19.364633,152.29683,5.749542,0.8013305,0.008851767,0.78053546,0.88451064,152.29683
4f5a40ce3bd24f3ead452db1ffa6524e.jpg,1,54.601501,8.903466,1,53.394086,8.439043,137.6467,5.2876463,0.7495068,0.010006189,0.7595571,0.80243087,832.60925
4f5f5f745e904b648e7115b1a60b9e2e.jpg,7,36.765977,14.669636,0,53.019013,30.5697,2188.1282,27.86632,0.68035144,0.008595407,0.67333436,0.77874815,956.83655
4f765e902d4c4b00b6276b20b3a117d4.jpg,4,49.20051,1.132026,9,54.028042,17.784184,1264.8732,1184.5764,0.77223265,0.034951687,0.7578669,0.8296956,1264.8732
4f87a8ed2cca4716931c272780d46d60.jpg,7,40.256574,18.284981,7,40.261202,18.29868,1.2712648,1.2712648,0.6388197,0.0067581534,0.6619787,0.72234094,827.0857
4f8e89eb57da4f448dc0b32703cb2160.jpg,1,50.270555,9.83762,8,62.535577,6.126951,1382.2214,679.02246,0.69585514,0.023753524,0.6969662,0.7424779,1384.5759
4fbbe789903e4c30836c68f5350eabbc.jpg,5,57.907453,-5.169603,5,58.538793,-4.297489,86.81011,0.17656203,0.77666885,0.03238231,0.75741214,0.85369563,86.81011
4fd94e7f0f8e4872a75a313a217f62c6.jpg,3,66.933512,25.377703,3,66.904612,25.39556,3.306473,3.306473,0.9253793,0.0059410334,0.9170346,0.95876783,13.171932
502c47587e944a5bb364ee50e24ec562.jpg,9,53.211752,20.848399,9,49.888544,20.051033,373.6081,11.311956,0.6627342,0.031637847,0.67089987,0.7298344,103.68706
50a1d6e17e314fb5a42d434691f261a2.jpg,0,54.144475,28.492804,10,61.765973,17.165021,1076.1567,3.690549,0.77612436,0.014529705,0.76561785,0.8699427,974.9862
50aee7f0d91b4840a391b1403fe3f8dd.jpg,0,53.722179,32.027986,0,53.870872,29.21401,185.5417,1.9297496,0.8065505,0.016828656,0.7773098,0.92351353,185.5417
50b7aa61652a4ee086df7232d1ab8110.jpg,6,65.765876,-17.91008,6,65.03562,-14.109742,193.70305,16.340208,0.75368464,0.045042515,0.7198782,0.8889102,193.70305
50c533fb0fa047cfa65d32bbbaa796dc.jpg,0,51.705636,30.350234,0,51.695666,30.346586,1.1367633,0.3723681,0.9391459,0.015905917,0.9357666,0.964554,0.8932967
50ca6c2bc53b44ac814204b19f73ea51.jpg,3,62.637052,22.430047,3,62.635205,22.429143,0.21051024,0.21051024,0.7763457,0.0030885339,0.7598972,0.8421398,0.21051024
50d39fade944467c9688d76300acacfe.jpg,9,49.965293,21.311014,1,50.327647,8.910874,883.4882,468.4332,0.7582898,0.04354477,0.747122,0.81935096,729.0971
50d82288a0464d48a81e9b46f06a5203.jpg,8,59.398699,6.193597,8,64.226292,12.079898,618.8972,0.44105476,0.7472829,0.015417874,0.72848123,0.8835357,118.03048
50e18740617f4612962afc961cadefb7.jpg,4,44.639717,1.538495,6,65.50664,-21.880035,2721.9883,1508.8877,0.6746856,0.014288485,0.66627324,0.7237372,2723.9065
50e327d364da4e4593e72715a63b6bde.jpg,10,64.702715,21.124958,8,61.375302,8.813035,720.84436,208.18834,0.5942168,7.003546e-05,0.5748813,0.7889955,810.3614
50fbfc4f2cb5468f843b91af756b1fdc.jpg,1,50.613346,10.327426,5,55.59005,-3.608228,1079.6466,372.32498,0.6868878,0.01567161,0.6766059,0.8127404,811.70013
511513099a5345f5983a8d7622e3b4af.jpg,5,56.517059,-3.763898,5,56.381316,-3.8231,15.526244,15.526244,0.69559443,0.025540948,0.7031485,0.7387061,67.203514
512b66f7206146c19db5c0959fc4caf4.jpg,5,55.219811,-4.846922,5,56.589019,-6.165753,173.01782,17.961906,0.7248608,0.021884024,0.69044244,0.8625339,173.01782
512bd6f1e419482fa0a7ce92891ad07c.jpg,9,53.602737,17.182047,4,45.775945,3.739319,1297.1196,105.82799,0.6287048,0.0012032986,0.61040497,0.7225721,1187.1278
512c4c3c0cfa4686bcccd0e81ea7072f.jpg,4,48.57987,-4.510059,4,48.554634,-4.678858,12.733654,0.2797232,0.8317806,0.032585263,0.7997632,0.9598502,12.733654
512cb44a09664d699407a44c5d178254.jpg,0,53.397301,27.10569,0,53.399106,27.105411,0.20155771,0.20155771,0.8584229,0.1293124,0.8377518,0.94110703,0.20155771
5144cb76d5c84fd5a61f4d19b3e8e5c2.jpg,2,36.879965,-2.592287,6,63.507824,-18.860086,3157.9126,3114.7876,0.69072497,0.02035737,0.6680192,0.78154796,3157.9126
51511edd786648eab9956842c2a7fbdf.jpg,8,69.625239,18.973685,7,44.559117,7.160927,2865.2158,1565.0472,0.6734195,0.008193612,0.6804811,0.7171451,2206.1665
51543c23f0244e748133c3b70990b8be.jpg,1,52.487779,10.884711,4,47.958474,7.392711,561.4129,49.29692,0.66076434,0.008585393,0.6670836,0.71229887,255.4594
517e5d0af1084b2c848ab5e6e3353750.jpg,6,65.680334,-17.345093,6,64.909923,-13.99471,177.68228,6.0627074,0.88829,0.006983936,0.8773134,0.96404386,13.087192
51af7bf3ed1a47cabffca2a787f730c2.jpg,4,49.629929,2.355035,1,50.38936,7.682787,389.88333,90.15978,0.6538029,0.011490524,0.6415257,0.7527522,609.53845
51c59002cbe64dd1b5453af71216d8e1.jpg,11,38.912923,27.825505,11,38.472824,27.598781,52.744633,8.552994,0.7612439,0.044938922,0.73616606,0.861555,52.744633
51c8358f2e8349778280880e4e1f9451.jpg,4,48.100354,6.273637,3,65.911587,24.10144,2237.1228,957.7194,0.6230554,0.0024115443,0.60451245,0.77672184,1977.9983
51eba5e5bd9342b2b8fd1dd64852573c.jpg,3,63.331846,25.607077,3,62.979309,25.819581,40.626602,0.059155364,0.9336641,0.011931658,0.92574215,0.9745015,43.782204
5227510889a04164906d2eefd3005a15.jpg,7,38.747356,16.189812,7,40.912551,14.544998,278.71936,178.21196,0.7175686,0.01480037,0.7438648,0.7294088,178.21196
526c42fa6efb49a5872ec6c95b98f17d.jpg,2,36.861208,-2.638043,2,36.859071,-2.635936,0.30266193,0.30266193,0.7220615,0.03188932,0.76529264,0.6532998,866.3957
527cc97356f747b8b321aab5ca6b26e6.jpg,4,45.109586,1.851809,5,57.554154,-2.834662,1420.7153,13.681437,0.72715986,0.020752847,0.7097459,0.8310293,1421.0653
527ed2e378914b7e925f5d53287a0f51.jpg,7,40.586178,16.260367,7,40.559767,16.265649,2.9704654,0.95269895,0.90856016,0.007144451,0.89385444,0.9718789,0.95269895
5294c15deb814ce7abbbb8fa207a527d.jpg,3,68.384737,27.409228,3,68.371108,27.415558,1.5375115,0.63382494,0.8103334,0.04628563,0.7944448,0.875005,1.3914616
52a124ccac944a1fac6b52fee45fe576.jpg,5,57.031435,-2.419138,1,50.384297,10.172103,1107.3516,130.39436,0.6528005,0.012098134,0.6192558,0.7869793,1107.3516
52af17359be34c61a35edb7549b3a8d3.jpg,7,39.222473,9.1914,7,39.220807,9.187497,0.38387555,0.28409946,0.85734713,0.013062656,0.8491218,0.89024854,0.38387555
52baf6873ff049cd94f768fe471f8045.jpg,6,64.768751,-14.467744,6,64.276197,-15.032096,61.0598,3.075247,0.7982138,0.03626138,0.7839787,0.9051448,37.917877
52c7f3902e4d49508296691f88bdbdab.jpg,6,66.070681,-19.290637,6,65.950373,-19.411712,14.454134,2.002448,0.88629967,0.010122359,0.8673422,0.96839297,55.449062
52ca0bb57f724b74a6beec600172938b.jpg,3,64.138889,28.008733,3,64.128374,28.104289,4.780744,3.2800457,0.8032845,0.009713471,0.7960077,0.8492438,425.8547
52cd3b82a4fd48239799720e87619332.jpg,0,54.869129,30.391498,0,54.814024,30.407963,6.2174397,6.2174397,0.9015274,0.06069094,0.88881123,0.9570062,27.153212
534e3b762fbc4e119b81899799f74650.jpg,11,37.28934,40.712616,11,37.273831,40.687948,2.7815878,2.7815878,0.7619628,0.039723158,0.757821,0.77852964,2.7815878
538ccd1f839b4cb9aa494fe6756d99fe.jpg,4,45.953445,-0.554727,4,46.445537,-0.035939,67.73673,31.813005,0.7531704,0.086027265,0.75639486,0.74027246,67.73673
5392e83aa7bb42d08712b4b21c527943.jpg,8,58.284545,6.554208,8,58.263116,8.166065,94.27808,0.81242347,0.80149823,0.0066702366,0.7881703,0.8863848,87.973785
53bea958d5b74596a31c3783ba78da97.jpg,9,52.286545,18.265577,4,44.649895,6.62544,1204.5187,51.423428,0.60169864,0.013646722,0.60826236,0.70267445,163.38809
53eac838c51a4ea3acce239cf7c020d9.jpg,10,64.551467,20.184813,10,64.517321,20.810443,30.151548,27.027416,0.879294,0.043130457,0.87031317,0.915217,30.151548
53f5d2e3b9b54b0fab32fe0beb40cfa1.jpg,6,63.467559,-18.891662,6,63.48638,-18.537891,17.6907,0.4302336,0.71346974,0.003759861,0.6817261,0.86022973,54.468533
5407ffd629594478858f595f097053d5.jpg,0,52.629622,27.468486,0,52.62256,27.470244,0.7941743,0.7941743,0.93529993,0.037446618,0.92308855,0.9841453,0.7941743
5428fd9c24f7490eb784f11712da153f.jpg,5,56.626356,-2.525955,5,51.962081,1.196913,571.9521,64.05324,0.8021237,0.024585783,0.7823353,0.8812774,571.9521
5445cc904c384f1ba676999ce1cd4bee.jpg,5,57.55167,-7.26139,5,57.518555,-7.283351,3.9085772,3.9085772,0.81359506,0.00597018,0.79094464,0.9041967,3.9085772
54585300333746b28fee6264099b9085.jpg,7,43.514813,11.242886,4,43.991427,7.546897,301.5248,8.216758,0.6751315,0.009042501,0.6720177,0.76136756,15.18857
5461fc1e08df45aa9cd43a3f4bc31241.jpg,3,64.322494,29.829592,3,63.945694,29.916284,42.108826,10.460173,0.86261916,0.018832982,0.8519988,0.90510046,42.108826
5464b0a76c3446a69969269388a83206.jpg,2,40.683782,0.338429,2,40.643455,0.307422,5.1911216,5.1911216,0.76693106,0.06471902,0.7571449,0.8060756,5.1911216
5477f0bf0aa841be9c09d5812dafaaa4.jpg,3,66.11567,24.834209,3,66.106675,24.810967,1.4476674,1.3939636,0.9641303,0.0132572055,0.95925665,0.98362476,1.4476674
5480b62f9fe646718de91032259029c5.jpg,8,60.334285,5.262502,8,60.212253,5.410286,15.827968,1.5838722,0.7459302,0.022217214,0.730278,0.8695779,1.7549933
54958947dc6d48b6a5450e25b19a5eb8.jpg,7,40.825782,9.322049,7,40.939751,8.864987,40.460583,2.232985,0.8322574,0.03023851,0.82130826,0.8760537,40.460583
549d291ec5514c82ae51f92784c06cb0.jpg,2,41.817488,2.730802,2,41.951466,3.091191,33.34712,8.509601,0.6969943,0.018360853,0.6817852,0.8026614,1742.0696
54bbbd38b4f94245a4063e2160861e0b.jpg,4,41.824636,9.402043,4,41.888574,9.393459,7.145047,0.42490876,0.8153528,0.017494142,0.78161734,0.95029444,7.145047
54c6f9c47bdf4abe8cb608c745186f36.jpg,0,53.518493,30.268511,7,36.824433,14.973957,2199.496,0.21757564,0.8259725,0.006645024,0.8109852,0.8859216,2199.496
5514bfcdd42346678c483d0d8dc40266.jpg,1,49.386475,10.761153,1,51.928671,13.935553,360.45657,59.384853,0.6740092,0.0058351755,0.6629783,0.78846794,722.9378
5514d3f041cb470a8541c45557e46b6d.jpg,4,47.139572,6.277155,2,41.73234,1.264926,720.6756,23.071136,0.67801416,0.05787146,0.70242906,0.7515372,217.32124
5538e9dd146643ecb89fd1e592074422.jpg,10,60.065481,18.774006,11,36.487461,32.270487,2792.977,491.30435,0.56812704,0.013430357,0.5143999,0.78303576,2792.977
553bc542bc6941adb3ebac703fb7c0f9.jpg,1,50.94466,14.703856,6,65.760098,-23.883282,2719.466,1049.751,0.73764515,0.007684171,0.7583053,0.7331734,2620.0337
554d10314c934eb19668d3779390f62a.jpg,0,55.992684,28.646943,0,55.978685,28.646452,1.5569196,0.5825676,0.86165833,0.0539757,0.8355234,0.96619797,1.5569196
55642068b98b411a8a53cf77231249ff.jpg,0,55.107721,28.758977,0,55.740606,28.592215,71.15607,10.880898,0.845139,0.047026873,0.81988573,0.9461523,71.15607
5574cfe30a7e4123a2838025aa0a478c.jpg,6,65.499958,-23.451602,6,65.500389,-23.451071,0.05381767,0.05381767,0.9921017,0.01360935,0.99039716,0.99891984,0.05381767
558cbecbcc414c8e93b4934749c76755.jpg,6,63.864834,-21.880357,6,63.861373,-21.901124,1.0876023,1.0876023,0.9146143,0.052713692,0.9025428,0.96290016,1.0876023
55a5a03c3666459589dc01a559292784.jpg,1,53.558582,10.36746,1,52.643084,13.756178,248.05397,6.702746,0.72226113,0.00048303604,0.7187129,0.8183907,30.86533
55d62afb632a4202b11c12839997a807.jpg,11,38.228252,41.06245,11,38.252545,41.016081,4.8678885,2.530004,0.93461037,0.014268696,0.9236484,0.97845805,4.8678885
55e27b12cafe4c4e941ffd09173808f8.jpg,7,38.651099,8.350504,7,38.650966,8.355067,0.3965241,0.3707142,0.8740757,0.027688146,0.8633866,0.916999,6.14579
55eff00ef97c4145aa81b5eb80a258e5.jpg,7,46.608577,11.579218,8,64.032948,10.082914,1939.6854,258.45062,0.7145641,0.018962204,0.724378,0.75481975,1746.6885
5630dbf12c7b43589b9fd6ba7fc9de02.jpg,1,53.08919,11.275679,4,46.465732,-1.299564,1162.3893,1.1107838,0.714011,0.0020174384,0.6974507,0.78025216,1162.3893
563c17f08908445da1a48b882a99b825.jpg,11,36.858162,34.471225,11,36.323521,32.437335,191.06465,10.226187,0.75655276,0.0005604625,0.7395784,0.82759106,100.39737
565ad493b46645c68de3ead89f066b93.jpg,3,64.384379,29.050382,3,64.380888,29.053629,0.41839403,0.41839403,0.8993453,0.07427943,0.89195025,0.9289253,0.41839403
567198b474a2475c9ab5fb5a89521da7.jpg,0,52.024361,26.333486,0,51.942545,26.923705,41.431484,0.73769754,0.85365224,0.024233222,0.8291713,0.9515759,41.431484
56982f9d1fd74efaa091615e3d899cdf.jpg,0,55.459073,29.127048,0,55.314532,29.494894,28.251305,0.5955457,0.91178936,0.0021523237,0.89404666,0.98276013,28.251305
569ef49958d2440697b32b7c9848018c.jpg,3,61.837052,29.733762,3,61.898763,29.807378,7.8729386,0.23072153,0.85956216,0.0065532327,0.8351568,0.9571836,7.8729386
56a409530f5f414ba247da86ac24f1b3.jpg,10,61.446445,17.032675,10,62.933443,16.216003,170.68481,5.1491084,0.7579816,0.0050245523,0.7513094,0.8784852,440.19025
56a5abbb68424e6898a870f2b5347259.jpg,7,38.910003,16.43089,7,38.907204,16.329004,8.821313,8.243571,0.7632904,0.03178978,0.73533523,0.87511086,8.821313
56bb483eb5c944c08e3c7aaefd32ef10.jpg,7,40.934809,9.310649,7,40.997164,9.222957,10.113692,0.3167405,0.79386884,0.044394612,0.77121806,0.8925521,9.764354
56c02a65547b49c4ae95b9a91180785a.jpg,0,55.309685,29.56766,0,55.306854,29.586746,1.2482579,0.92232895,0.9354228,0.09071064,0.9235014,0.98310816,1.2482579
56c2c09ed114438190b4b02c7421c4e0.jpg,6,64.778645,-23.644574,6,64.781125,-23.645431,0.2787372,0.09996796,0.8978398,0.00236547,0.88294417,0.95932096,0.09996796
56d796c48e2949e6bf758b5eacce38bc.jpg,5,50.712162,-2.485409,5,52.078732,1.336618,305.56573,62.248184,0.6886754,0.031068861,0.68217826,0.7226814,410.06955
570b50ac4e1b49ab81e349f3200c7527.jpg,5,58.494448,-4.838445,5,58.485889,-4.869899,2.0608804,1.5732305,0.7644227,0.008532941,0.74153084,0.8603403,2.5404932
5713b3d707d6442daceaaeeb0042c767.jpg,8,64.028629,10.080843,8,63.23496,9.775107,89.53415,0.49072403,0.7352262,0.021251857,0.7049771,0.8562225,89.53415
57250710187145859b7a7d7b90e1efe4.jpg,9,54.548395,18.549657,1,53.014535,11.179931,513.0679,78.62475,0.684921,0.03230697,0.6996357,0.6991434,1286.3445
574dd11413284e40b43ef877093e129c.jpg,7,42.061759,12.534816,11,39.851612,34.078153,1820.7866,1316.3925,0.68172914,0.019839346,0.6622462,0.7986748,1902.5055
57863a7bdf624cec979acfd92b5a7a6a.jpg,2,39.655976,3.250847,2,39.662993,3.223561,2.4626558,1.7187595,0.8254968,0.06947422,0.8115497,0.8812851,2.4626558
57ac4d950d7d463b9df2c5d976119e3e.jpg,0,52.287632,30.984972,0,52.214749,31.520143,37.32151,1.7009254,0.92553145,0.045762956,0.9118891,0.98010087,37.32151
57dc49440fb34394a5fa9b0f252e6b73.jpg,2,28.053232,-14.359174,2,28.068589,-14.418014,6.0208416,0.33180454,0.82662153,0.00056773424,0.8081387,0.9380239,0.49663177
57fce20494db4d478478217bc11bd875.jpg,0,51.694414,29.138182,0,51.699058,29.142993,0.6136809,0.028827248,0.9108916,0.0030124187,0.8957666,0.97139156,0.6136809
5819a195536540889ad33023d51c9fd7.jpg,6,65.739495,-23.820412,6,65.726408,-23.756688,3.2555332,1.5359037,0.8912937,0.031188965,0.87577426,0.95337147,3.2555332
582b2e1f8a124f488027eff8e8aee417.jpg,9,49.548284,22.183546,9,50.319569,18.945857,247.0668,21.8372,0.72921413,0.0019806623,0.7005377,0.84391975,247.0668
5832a97d0b414c51b8bdf3c3877865ec.jpg,2,43.625927,-7.604067,2,43.628609,-7.603044,0.30938324,0.30938324,0.75272274,0.017940164,0.72438407,0.8660772,0.30938324
5839485ed2c54425ac2a334c8e379238.jpg,4,45.624812,2.716712,3,64.160183,25.799596,2504.4866,1645.6326,0.8399037,0.0005238056,0.82955694,0.91735697,2329.9285
583a590dd95c4612952068a9bca0af2f.jpg,10,65.291475,16.284454,10,65.292876,16.280486,0.24141672,0.24141672,0.9432533,0.012996435,0.93771785,0.97540283,2.8877053
586e1a9fba874ee3bf047f32afa41105.jpg,10,66.051526,17.840445,10,55.531331,13.349853,1194.1512,116.90995,0.6403146,0.010499299,0.64354825,0.69697654,991.50275
588bd69d58f6467f8f5af9c86602c971.jpg,2,40.833984,-2.709432,2,41.732599,1.24984,345.55228,71.56474,0.77494293,0.037038445,0.7516583,0.86808133,345.55228
58a31109d4034333b1b959f1d970df1e.jpg,0,51.668089,30.401324,0,51.857816,30.011153,34.14794,2.3601594,0.90769506,0.04104048,0.9023799,0.92895555,34.14794
58b69364aef840e8a1edb83217f4bda9.jpg,10,58.358378,16.576488,7,44.756514,7.241439,1640.7792,132.00682,0.6385043,0.017812014,0.6210258,0.7737696,1616.7281
58beddf8e5ec424ea1bce51f603878a3.jpg,1,51.781754,7.28534,9,54.0757,16.198357,649.02496,115.12052,0.7349857,0.0031005144,0.7148433,0.84726405,529.3478
58ce1e33dc2f4d3a8d19bdc5523aea40.jpg,8,58.335695,6.26337,8,58.336997,6.262142,0.1615483,0.1615483,0.7775974,0.010403931,0.74430954,0.92676425,18.283665
5957c0f81e9d423f98ea55901a5931bd.jpg,4,46.556241,4.366981,4,48.414704,-4.791487,718.0392,104.00169,0.8010874,0.032759666,0.78737617,0.8559321,718.0392
5961168b52474abe9b7745398d27c78f.jpg,4,42.496652,9.470414,10,57.335909,18.484797,1768.1902,1340.9957,0.61276984,0.005903125,0.5805211,0.76682913,1784.9609
59709242a7e74b0c85c5168665e005c4.jpg,8,67.298007,14.789943,8,67.297864,14.786064,0.16722326,0.16722326,0.9257959,0.0616287,0.9111314,0.9844538,0.16722326
5974920a479b4ef1bbc4803922b5188d.jpg,8,67.071903,15.381277,8,67.068108,15.382515,0.42537996,0.26712397,0.87699157,0.0022267103,0.8566227,0.9584672,0.42537996
597797ae8db0418fa0c2b8bca499a9ea.jpg,4,49.178649,3.370074,4,49.924965,4.646958,123.97897,47.061592,0.61924505,0.0038669705,0.61586666,0.73361975,355.82782
5978a17c54a740cd8c89b98c71deecc0.jpg,8,69.298812,15.998679,8,69.298943,15.996955,0.06931262,0.06931262,0.69920075,0.032742918,0.72879875,0.724982,1258.165
59870f0241e84da78a677b2f5038664a.jpg,5,50.288091,-3.701623,5,50.375498,-4.618852,65.82626,4.780554,0.7917774,0.034037173,0.7605615,0.9295863,62.746883
5996fc01205a4f1ba3eb5611347ca0d3.jpg,7,43.510225,13.266156,5,55.200377,-6.198111,1905.556,2.876602,0.7111972,0.030523181,0.726859,0.742104,54.316906
599c9f4e0ae9445b9b86bad03d3f027d.jpg,4,47.969539,2.282805,1,49.146364,8.841426,499.9277,56.156162,0.7492415,0.028839588,0.7425589,0.78491807,452.82883
59c4d444ff4048d28010e882e7c21c86.jpg,6,63.852255,-22.114258,6,63.832103,-22.492297,18.66636,5.960623,0.83647186,0.0001180768,0.8142781,0.9531671,10.491456
59d7016bb6564055afb77053f7410566.jpg,10,64.005124,20.397858,3,68.119717,25.582658,513.4516,10.352502,0.6988622,0.007834494,0.6699064,0.85008323,486.5028
59e3e417067f49bbbcbf14f988b32ff5.jpg,6,65.522143,-22.417705,6,65.554549,-22.3615,4.4364038,0.95838463,0.78974766,0.015330434,0.7639775,0.89282805,4.4364038
59e41b5d97374481a5cf5d99715041af.jpg,11,38.659035,36.082338,11,38.657967,36.077699,0.41994733,0.41994733,0.79769,0.108392596,0.7756934,0.885676,0.41994733
59fb93aa932640d08efd4b7f58cd801c.jpg,1,52.804894,12.133277,9,53.172981,14.583945,169.0576,13.140177,0.71516716,0.04754746,0.68806803,0.82356375,169.0576
5a5d65b63610472ebaa7dbf145d11e31.jpg,0,53.931219,30.469006,0,53.638394,31.569048,79.26395,0.7555257,0.7871758,0.018597126,0.74668944,0.94912124,79.26395
5ac0a63e510847fc8b99b35399d12eba.jpg,5,51.979619,-1.391142,7,45.430578,7.376267,970.3428,162.12839,0.66560745,0.03322214,0.64618623,0.75311583,1028.8616
5ad43064f50b4b6a88e314be28be7994.jpg,7,37.267891,14.939691,7,37.267371,14.938757,0.100868255,0.100868255,0.9148395,0.05767715,0.90839493,0.94061744,0.100868255
5aed27363d7047c08be802c49f7cec89.jpg,1,53.830841,10.014934,7,44.179815,10.085065,1073.1587,261.37543,0.673302,0.008397698,0.66957927,0.7573849,560.95
5aed9a1566b44fdbba2592bbe052e08e.jpg,2,39.134058,-0.305732,2,39.321286,-0.410527,22.691486,18.463024,0.88217217,0.0059480667,0.86586374,0.9474057,22.691486
5b408c45d90c44d18ff853177914d8ae.jpg,2,42.8591,-2.355799,2,42.892322,-2.135828,18.301527,16.569489,0.7619764,0.048132062,0.75269705,0.79909384,18.301527
5b4a34b6ca494159bc9289112ecfe7b4.jpg,9,51.204089,18.585356,9,51.164924,18.605441,4.5744233,0.7107923,0.60925007,0.0075455904,0.60329866,0.74321955,43.98469
5b6712b1d271400a96a34348b69ca84d.jpg,11,41.773651,32.477228,11,41.442866,32.420501,37.082806,19.733393,0.81389964,0.010477543,0.79771805,0.90444255,65.01696
5bcc4b3acbd648efbc2de5ab1cfe0c9c.jpg,6,63.520838,-18.47613,6,63.522393,-18.474516,0.19052607,0.19052607,0.96691644,0.011481762,0.9619776,0.9902228,4.7664475
5c04f092df1445b38a180a066e45c4a8.jpg,2,39.450358,3.153892,2,39.413151,3.137122,4.380771,2.3181324,0.80252844,0.019127548,0.7855053,0.87062085,4.380771
5c171b664ee04700a77c714e2bb51d60.jpg,11,37.186347,32.232563,11,37.233542,32.228785,5.2585063,5.2585063,0.6331965,0.0036864877,0.62395394,0.7828386,607.4125
5c1d57624a034ff296cb279e09cb659f.jpg,8,69.631311,18.027557,8,69.60293,18.052288,3.2979708,3.2979708,0.74861646,0.023511171,0.74309176,0.86022305,145.3781
5c1f1746d12f4ddc929de4843d5f94c0.jpg,5,54.831834,-2.231758,5,54.84405,-2.236807,1.3963075,1.3963075,0.7462657,0.03647834,0.72304845,0.84307754,68.47666
5c2a3c2c101a4ee5aadf329537813a82.jpg,10,65.310913,16.207576,10,65.301572,16.035351,8.067637,3.9367123,0.856566,0.033432305,0.83816165,0.9301835,8.067637
5c2df5956f234b678df7cb51ffd39cd7.jpg,4,43.237116,5.502842,7,40.283859,9.144591,446.09198,177.89479,0.6945059,0.028882623,0.709388,0.7428274,986.3975
5c33d20f32544d30bc72392b76c910a9.jpg,3,63.02861,29.701861,3,63.019146,29.711215,1.1532793,1.1532793,0.8901172,0.0020785332,0.880301,0.9557177,5.4986134
5c458acdb12d433b96a83f771b9c6661.jpg,2,39.524434,-0.531218,11,39.125923,30.16177,2627.5745,2242.5686,0.78245544,0.026181936,0.7616114,0.8840495,2625.1348
5c4b2db433fe41e8b5043782ef866bcb.jpg,9,53.92782,14.903873,9,53.961078,15.11695,14.427062,14.427062,0.73337185,0.060298204,0.7119797,0.8189402,14.427062
5c7b8838d97149b0ad048655e20895d4.jpg,8,63.551359,10.187933,9,54.104391,16.979914,1119.3549,280.304,0.6698621,0.0022733808,0.6878637,0.733343,1376.6772
5c80824b7d8c4a71bcfa9ddf834efec0.jpg,3,66.005837,24.702322,3,66.106675,24.810967,12.237742,1.7558821,0.9477753,0.0010002255,0.9425985,0.97502065,12.289595
5c8ee20385ba4d5d8364a986fc7f893d.jpg,9,50.701176,22.491471,9,53.283219,18.8963,378.0948,30.467127,0.7261673,0.03968966,0.7186633,0.7561834,378.0948
5ca1b209b7954481b9245e3a20d988b0.jpg,10,65.053431,17.090103,10,65.004881,17.073022,5.457741,0.059846077,0.9353048,0.10886431,0.92861646,0.9620582,5.457741
5ca8274064624421a1ebfb3f981e35ad.jpg,7,39.003166,8.396459,7,39.066043,8.440207,7.947368,1.3032334,0.77554476,0.036726296,0.74993443,0.87798584,7.947368
5d0b27dad21f40289e1026dfe9f5ebea.jpg,1,48.499029,8.422719,1,53.183613,12.033052,579.1317,238.07825,0.7214353,0.001955986,0.71343136,0.7534509,579.1317
5d0e830b5cf64742b553f1532a8e3574.jpg,2,37.025678,-4.343586,7,45.763221,8.677704,1453.9221,43.113953,0.7235949,0.021097898,0.7027116,0.8156419,1911.8442
5d6208d045f742dc8556ac181df97d75.jpg,6,65.930239,-22.937684,6,65.936153,-22.931375,0.71714187,0.71714187,0.9199666,0.027178288,0.90729046,0.97338057,14.141234
5da29389ce664f059ad6fe3f798c722c.jpg,3,66.896565,28.772585,3,66.862371,28.720318,4.4345007,0.13348985,0.8984996,0.00021219254,0.883827,0.96689606,23.39379
5daeb15ca40d413c93a95779ee1ed5ab.jpg,2,39.038644,-1.907489,2,37.325082,-6.834047,470.7912,0.39230293,0.78207386,0.024230063,0.77766675,0.83601916,390.5369
5db52c01edb0470b8e77d4a9de7a6d30.jpg,4,48.498506,-4.538353,4,48.530172,-4.620303,6.988275,4.0073752,0.7171037,0.04581225,0.70321614,0.77265406,6.988275
5dcf2d875ef9415887d72feea84e6cc3.jpg,8,59.962699,6.574869,8,59.973889,6.572586,1.2507426,1.095283,0.7999383,0.022913277,0.78451985,0.8616122,1.2507426
5df8dbd8beab44ce977734524c091c4c.jpg,6,66.061912,-19.144186,6,66.062749,-19.147115,0.16163155,0.16163155,0.8818219,0.053563476,0.8699974,0.96353537,13.408278
5e0379f771634321b54364abbc6c10af.jpg,4,44.424481,2.131212,1,52.715939,7.691909,1007.9355,786.7271,0.6649475,0.005992949,0.6552035,0.7192862,1036.2179
5e09c3d7fc574c5b9af1348d7772e890.jpg,3,62.590906,22.753056,3,62.570099,22.745907,2.342417,2.342417,0.908111,0.1817407,0.9002849,0.9394153,2.342417
5e351fbaee9d4ec5a266d5d2675a97d6.jpg,1,54.53198,8.595765,4,47.33422,1.985384,923.82434,571.03784,0.635332,0.021187782,0.60288286,0.78714466,903.6854
5e63258843c341f7be2ebdbc594a42d7.jpg,9,54.641503,17.66953,9,54.641596,17.728339,3.7842245,3.7842245,0.720564,0.062140107,0.7108804,0.7592986,3.7842245
5e79a055af104ae0931493501083b58a.jpg,8,58.929372,9.316921,8,58.912374,9.301691,2.0824788,0.28609356,0.76752543,0.026657045,0.72786057,0.9261848,2.0824788
5e7de4f8d1994fbdb67004457a7e8552.jpg,3,67.925353,23.866442,3,67.889171,23.996242,6.7567797,2.578814,0.90942127,0.0047751665,0.90940446,0.93911767,2.578814
5e824409577f4b66b7349646ed3d2c57.jpg,3,65.747505,26.579166,3,65.487875,28.79542,105.74526,8.0935,0.8447214,0.0020872355,0.8285318,0.9094796,105.74526
5e841d586a774f0689c348b08c147a63.jpg,5,52.915544,-0.359086,5,53.139709,-0.70972,34.222195,32.609188,0.7339288,0.01666826,0.718204,0.80247164,34.14723
5e9977fa453d42819d3ce97ec3fbe5bd.jpg,1,47.855604,8.595836,1,49.68383,11.287435,283.2277,41.534985,0.66417336,0.0525288,0.64243066,0.8038854,480.2525
5ea91c2d7b154e5f94ba65e2f3472ee4.jpg,1,47.908422,8.052379,3,61.314102,28.496846,1971.8315,696.0493,0.7099013,0.0064864755,0.7147937,0.8207376,1793.9567
5ea9f05335464c45ba5838bfa1cc0ae9.jpg,2,42.541244,-8.799373,2,42.543759,-8.797509,0.31863388,0.31863388,0.7249741,0.050172985,0.7082159,0.8051523,13.347967
5eaa903ebbe743eea0711255359e71ef.jpg,3,64.162756,27.824154,3,64.175424,27.79155,2.116483,2.116483,0.86810315,0.028336465,0.8464799,0.95459604,2.116483
5eb5e83189ce437b982f0d2639c1767d.jpg,7,41.800206,12.228114,2,39.275893,-2.205168,1249.9326,84.64543,0.7982427,0.047997117,0.7833401,0.8578528,1249.9326
5ebcdd48025e4a5b87402f77337537de.jpg,4,43.441053,6.850058,2,39.413736,3.136744,544.2808,89.98542,0.71596414,0.0017243624,0.7161921,0.76502204,418.18924
5ee9cd6c53ea482b9f0250bb05936d3d.jpg,5,55.782219,-2.215803,6,64.945375,-22.900832,1514.2449,1.7447913,0.6992266,0.019453645,0.7291125,0.6941116,1837.0688
5eef17fb27d445a5970f7e672f30f1cd.jpg,6,65.588691,-20.650596,6,65.555348,-20.656337,3.7169647,1.783443,0.8936792,0.025791705,0.8782644,0.95533824,3.7169647
5eef8acc6273406d9f1f7eebd5b22230.jpg,8,69.633589,17.995253,8,69.60293,18.052288,4.0621123,0.3428157,0.74395204,0.01402241,0.71381295,0.86450833,4.0621123
5ef00ce6a2df43048339efe309f4ae80.jpg,3,62.890771,21.22455,3,62.920974,21.183411,3.952188,1.4051402,0.8983445,0.0106060505,0.88178444,0.9645847,3.952188
5f00d0a92ac04ec19b1ed15ed10ab7a5.jpg,2,36.229393,-5.843071,11,37.533725,36.917944,3772.9631,8.856292,0.73252356,0.03309977,0.74678135,0.7992718,620.4235
5f0a518d0533434e8e217aa05914d601.jpg,11,40.874086,26.985467,8,62.535577,6.126951,2776.5903,40.36657,0.61463046,0.015971422,0.572337,0.78380424,2776.5903
5f4eceb86bfd41438a37255d2088adb3.jpg,10,66.726631,19.844821,10,66.716755,19.83423,1.1927149,0.6834436,0.93923044,0.010836601,0.92766666,0.9854857,1.1927149
5f691ca41b8b4cf4862fcd4b449059ee.jpg,8,58.720579,5.6254,8,69.497685,19.248906,1361.7059,3.5953937,0.7313099,1.7106533e-05,0.70723486,0.8395989,1362.4926
5f9739e15d0c4713844e92108bb5a7de.jpg,8,70.162509,28.571518,8,70.163093,28.57018,0.08225545,0.08225545,0.8909981,0.0121359825,0.8739626,0.9591404,0.08225545
5fe03cbc8f1048a38f24cd93cff54bc0.jpg,9,52.990085,15.705428,9,53.307398,15.500943,37.82714,14.012107,0.6269459,0.040834606,0.64352536,0.6348604,101.9798
5fe802ffb6ba4c2c893e92c3d9152091.jpg,6,63.929596,-21.3398,6,64.934786,-13.740428,381.1626,1.6928895,0.8203031,0.0033087134,0.7873087,0.9558338,356.7842
5ff6ce99335c40b5bcf59703c4685f4e.jpg,4,45.946213,0.439878,1,47.681787,9.933334,747.2274,48.318825,0.6840868,0.0024561286,0.71433365,0.7126803,556.63214
5ff9816d9729468aa0e0c775eb502a02.jpg,11,41.396702,31.685663,11,41.386869,31.681452,1.1484245,1.1484245,0.8116434,0.093811154,0.7956457,0.87563413,1.1484245
601516ab371c4f598bcbf81d187efbbd.jpg,1,51.941015,12.405843,7,40.948755,9.038381,1248.8624,4.664092,0.6708811,0.014265478,0.6687068,0.7073182,1251.0283
602a14d8688f4873970cd14f91380838.jpg,5,50.888549,-1.578226,5,51.800631,-2.010241,105.76427,33.517254,0.7039149,0.0076385736,0.6655378,0.88263106,91.88091
60384eab246b42c4ac9269bedec63731.jpg,2,28.929767,-13.701559,2,28.931113,-13.701749,0.15080644,0.15080644,0.8630902,0.01193136,0.8422797,0.96075964,0.34810615
6038be37658b4718af89737a8eb16970.jpg,7,40.554271,16.271436,7,40.589654,16.250055,4.3290744,0.78262085,0.9256427,0.020310521,0.9114652,0.9823526,4.3290744
6043f37340fc4684bb86987ac50c9635.jpg,4,43.189635,2.606075,4,43.206483,2.801882,15.982349,11.155127,0.7890947,0.10418922,0.75664604,0.9188894,15.982349
6046239bc6b1484db82231b6ba6330fe.jpg,9,53.28925,20.263466,9,53.275009,20.226282,2.9357202,2.9357202,0.76101804,0.013825059,0.7315781,0.89871895,40.62526
608ba4a6cfe2489abc520a037c9287f4.jpg,2,40.107538,-3.841539,2,38.743157,-1.682322,239.59564,20.26751,0.86450547,0.015605509,0.8820701,0.8180665,228.9882
609fc22847d341ed917640b39aa7ff89.jpg,10,57.287064,18.186874,10,57.059921,18.311683,26.353838,15.308178,0.7558682,0.012830675,0.7282487,0.8726659,21.63627
60ad2cf52bba45beb388b826bc1afb1c.jpg,5,57.264332,-3.333366,5,57.261736,-3.337841,0.39463505,0.39463505,0.85157365,0.06680727,0.84239864,0.9311123,198.38602
60b2df22b3e240e4adc5606d8edd368f.jpg,10,62.726654,12.726467,7,37.877041,14.969214,2767.352,1132.0,0.66557795,0.011434019,0.66627187,0.72706324,3128.231
60b8073f2da94814a65e21d1a5f12b36.jpg,6,65.798755,-22.510126,6,65.936153,-22.931375,24.498293,1.4339164,0.86091465,0.0010064244,0.8389264,0.9488678,24.498293
60ca9512ae2d49c69a9c12ae39db8cde.jpg,11,40.031026,32.878117,11,40.029626,32.880176,0.2344508,0.2344508,0.91999346,0.08918339,0.9114218,0.95428014,0.2344508
60e773c0de524894a57f241a9783d886.jpg,10,67.903071,20.11436,10,67.664305,21.300287,56.487083,4.045993,0.8677913,0.002243042,0.85297596,0.93607295,179.822
60f60a8cedc34436bc97f350a01ad3ab.jpg,11,37.251083,38.703596,11,37.101373,38.173689,49.81264,42.14941,0.85657144,0.029190183,0.8495085,0.8901508,50.103764
617717ebceb84f5d900a73c602d4725e.jpg,2,42.92849,-7.663963,5,50.215247,-5.192653,831.85425,593.677,0.57095206,0.0021536946,0.55447084,0.7512157,824.72424
618e97d871cb485a8183ad5592ef89ce.jpg,1,49.894375,11.824159,4,49.655349,-1.416967,949.96423,58.228474,0.61657023,0.0017067194,0.62817055,0.65190804,975.08905
61e679e78d8e4766b7a37d5a5ddef115.jpg,9,52.447733,21.646522,9,52.415844,21.623862,3.86439,3.7901304,0.8271002,0.01908362,0.8083584,0.9020673,3.86439
6248425e91be49e2ac54ffb24751cd24.jpg,10,62.357892,17.247364,3,62.456905,23.961477,345.81976,22.317627,0.80720836,0.023302913,0.7771361,0.93251234,224.25082
624a3c9419da4aeabd9f84cddcacb12d.jpg,5,52.334976,-0.112842,5,53.165875,-2.238081,170.27274,22.946997,0.66926885,0.03715086,0.6763409,0.7144518,554.86774
625abb5eae7945cda47c8b92b3072aae.jpg,0,52.215612,31.511348,0,52.214232,31.52437,0.9003533,0.25798216,0.9248613,0.008530855,0.9130974,0.97191703,0.9003533
62681bd75ce74d73ba9a3c166c76fb28.jpg,1,51.555556,14.673342,0,52.648692,25.48476,747.64154,561.674,0.74768734,0.0017074943,0.7267844,0.86483085,753.4619
6279348b4f3646aaa2a920db7c8aa1ec.jpg,3,67.554351,27.900815,3,67.554637,27.897383,0.14913501,0.14913501,0.80143404,0.048167348,0.7624616,0.95732343,0.14913501
630423bd40384c6e98fe4e0a6f1cb6bd.jpg,4,48.115583,4.765371,4,46.568884,5.992501,195.25764,23.152893,0.7288908,0.012923658,0.7126643,0.7937963,195.25764
630bec0cb0644b0d95df55e07752e95c.jpg,9,49.855607,20.438508,9,49.641643,21.339885,68.993385,14.264411,0.7715886,0.048499644,0.7616044,0.83512497,63.73924
634aa52bd2794a42868ae5462cccf702.jpg,9,51.623804,17.772306,9,51.659431,17.800406,4.4106417,2.6721137,0.752305,0.0069859624,0.7409897,0.8280281,5.0409164
63545ff8ec3b406b85d9ffa4c7270daf.jpg,6,65.540946,-22.414205,6,65.53059,-22.41357,1.1519074,1.0989285,0.8094336,0.009573698,0.791485,0.9096159,59.694035
6358fb0883a0451db289f215e8d8ce54.jpg,4,44.267301,-0.897674,4,44.079734,-1.00317,22.489622,13.058307,0.67949355,0.02797246,0.6844796,0.77784467,1264.7361
635af73df9bf49e480927096a2af9fc6.jpg,6,65.03781,-22.754768,6,64.532197,-14.555784,392.1547,0.89274424,0.84642977,0.0023207068,0.84402937,0.9108232,76.15056
635f00aa95ad42519aecc99ba01c037a.jpg,5,51.776242,-2.592026,5,55.675223,-2.471782,433.61948,70.88189,0.633939,0.0072217584,0.61895657,0.7534276,456.9039
637a411cb1dd4ddd98d0f9804040114a.jpg,6,64.946517,-23.446352,6,64.912407,-23.800747,17.123386,13.100651,0.8483195,9.202957e-05,0.82882494,0.950622,31.585827
638060db69aa40c7b62afa68c4548034.jpg,5,53.361577,0.076184,5,52.041981,-1.193448,169.84326,18.389164,0.75180787,0.008446097,0.72083306,0.8899162,192.80275
63b286ca705642678712d58761ed1190.jpg,0,53.940111,30.468523,0,53.973585,30.466683,3.7240903,0.86805046,0.8418454,0.045648992,0.8281984,0.8993709,83.185425
63b4ca099ee846d3935c23de9e003bd3.jpg,11,36.406902,33.810349,11,36.410027,33.808137,0.39991367,0.39991367,0.822469,0.059505105,0.78588647,0.968799,0.39991367
63c22be16f3e49518e23dab955683065.jpg,9,49.64458,18.874802,11,37.778842,30.522679,1613.7261,244.31335,0.6988703,0.026159644,0.7047936,0.8429332,1289.7777
63cc8da725324eafbb26cc71b9c89c2e.jpg,1,51.500083,14.338792,1,52.484582,11.684961,212.11671,31.117504,0.76455724,0.07279372,0.75741214,0.79313743,212.11671
63e057eb1a3d44b89abc349ef1862ed9.jpg,11,40.711754,35.970284,11,40.995947,34.647819,115.62758,16.064175,0.84204376,0.010322809,0.82891726,0.921885,43.699276
640f28d88e404c9a862e634a186c465d.jpg,0,53.813011,30.797391,0,53.733883,28.486307,152.11852,1.6647209,0.914147,0.017849088,0.8981334,0.9782014,152.11852
64203472b62d495bbe28ea6f5b2c01d3.jpg,4,48.067272,-4.568772,7,41.111653,9.441256,1349.1019,34.688305,0.65642333,0.024944544,0.663708,0.68828785,34.688305
6433b2e0d66747d79a97438bce3edfd3.jpg,2,40.765362,0.561859,2,40.768182,0.555726,0.6042323,0.6042323,0.83396304,0.11000639,0.8088788,0.93430024,0.6042323
643635be216245fc8afa8f371b059fd4.jpg,2,40.625846,-4.1109,2,41.058264,-6.453487,202.83435,7.7500324,0.7084829,0.00960356,0.698775,0.8132256,589.8996
6470b2fdce3641bc9ad6e0bc594b6c1c.jpg,5,52.613468,-2.944851,5,52.926237,-3.611734,56.765488,6.9883237,0.76869965,0.011236966,0.7307801,0.9203776,56.765488
6486c0c9305c4d66ba88834a24131476.jpg,11,37.059845,30.617627,11,37.045993,30.621952,1.5873739,0.52101105,0.87615925,0.115763545,0.8596252,0.94229525,1.5873739
6495d0c8efd244a28a71d2fcfb971a38.jpg,10,64.496185,20.67606,10,65.054595,17.275649,172.66058,2.9356933,0.9067775,0.0038673878,0.89388883,0.9583322,172.66058
649da26c10f24437afdc9861a3029962.jpg,4,43.64727,-0.906021,4,43.647487,-0.906509,0.046086434,0.046086434,0.7620426,0.025935054,0.8129913,0.7181835,1140.7809
64f7c999e57a4801afb58aee00666f21.jpg,2,41.057206,-5.854759,2,38.883886,-3.023357,341.45584,13.296327,0.714542,0.019838989,0.70405096,0.8195708,378.45013
6504cd4995964f9ca6dc289b7c7073ab.jpg,8,61.936309,13.012515,8,61.960859,13.008505,2.7378807,0.11012489,0.87141645,0.030000806,0.8513622,0.951633,2.7378807
650bf0b7ec27484ebceeeefbb9dcac0e.jpg,9,52.715865,21.362382,1,52.764029,12.059239,625.8858,53.473236,0.6789606,0.01729238,0.6800327,0.75150186,336.77826
652087d6e5ff43eb9a56d601f4681005.jpg,1,51.12765,7.354771,10,58.864158,17.828195,1086.5917,25.572285,0.7002032,0.003553152,0.6751828,0.8002844,1086.5917
6522adc618a546e88e0a0cb7648cf1d2.jpg,1,47.744201,9.66889,1,52.867198,8.070968,580.8059,115.90752,0.64886945,0.0038222075,0.64885736,0.7371277,723.543
6535a2ec0c06492080a24196ddcfcbca.jpg,5,54.703484,-6.095077,7,41.958982,12.505943,1962.7574,2.5099385,0.6518879,0.0012378693,0.62462413,0.84389544,1981.8961
6558e889119740bbac59e02751801ac3.jpg,2,38.482631,-0.602481,2,39.736992,2.910084,333.58795,4.50047,0.7696191,0.03174174,0.7708051,0.7664983,341.55222
65714787cd804e12a103fe36b0e3704b.jpg,3,61.872171,24.50747,3,62.07395,21.531548,157.08525,0.16872619,0.87813324,0.02230066,0.8631915,0.9699944,142.75041
65c8055c74ca4de1b37629d0bf9268a6.jpg,8,62.02595,12.972693,8,61.957627,13.011371,7.861052,4.9005146,0.89483273,0.033200204,0.89530206,0.9344908,64.75741
66159cd2331e45fcad8ff53330db44c3.jpg,8,65.049269,13.306574,8,65.035963,13.276254,2.0525036,2.0525036,0.7899813,0.012047827,0.7723899,0.91246474,120.297455
662f4e3e06734148a8e6da2d82ebce97.jpg,6,63.566805,-18.446399,6,63.564236,-18.445589,0.2884604,0.2884604,0.9621818,0.0646773,0.95561385,0.98845375,0.2884604
6651b6aa7d334a0390c79b459fed06c8.jpg,1,49.953713,7.281604,3,60.84178,25.545941,1661.0387,588.9622,0.6910741,0.03696108,0.6920557,0.6981982,981.7121
6658a7e0a46d4a798c7fa27fa7fd67e1.jpg,6,65.909654,-22.988628,6,65.729805,-23.163249,21.521809,1.1907564,0.8357026,0.004621744,0.8157615,0.94295835,10.189416
66a67f4217494aef90ec5ed83efe2428.jpg,8,61.779958,6.210665,11,37.778842,30.522679,3147.951,0.38461107,0.7139516,0.0069921613,0.7164181,0.80253834,46.04683
66af189368cb4dd09a131f7d084458e3.jpg,4,47.33744,1.702782,4,47.338047,1.701208,0.13646749,0.13646749,0.8993256,0.2381115,0.8943229,0.91933644,0.13646749
66bcaccd0cac433889c8068bfd006966.jpg,4,41.832903,9.403586,4,41.740019,9.405671,10.32969,1.3339847,0.86035156,0.03235674,0.8468194,0.9144801,10.32969
66ca54008894487b9f1bd0750fbbe8c1.jpg,9,53.274467,22.617074,10,55.713087,14.080967,613.7921,12.608435,0.6383009,0.013857245,0.63093686,0.6767626,584.8102
66d0a0e0a819415dbc1a9f1b49bdf1a2.jpg,5,55.09167,-1.488232,2,28.078552,-14.490019,3180.5093,934.7849,0.69192076,0.021697164,0.68999434,0.69962645,3180.5093
66f5271f82254553b1ba123698307c70.jpg,9,53.604248,16.195481,9,53.643215,16.190676,4.3445106,2.7843246,0.7419591,0.08388418,0.70997787,0.869884,4.3445106
670fdf86209243d1b5d7fda2b57d8768.jpg,6,66.033356,-14.805793,6,65.652981,-16.791869,99.7781,10.714975,0.7986502,0.035176218,0.80466855,0.8035647,72.86708
671d4f92f9df4a99a04461e6cfd30a08.jpg,11,39.872539,40.645649,11,39.988068,41.520383,75.68403,15.6790495,0.74531966,0.0031530857,0.7236761,0.8699951,56.605152
6730a93f49b94b1e8363fc553e4f0ef3.jpg,0,53.85187,30.314262,10,63.134141,14.752372,1365.0621,931.895,0.6561097,0.007635534,0.66431594,0.76942587,1688.199
674218920d084e0fbf8a666a01e7253f.jpg,9,53.736296,22.358612,9,53.50781,22.569973,28.979252,28.979252,0.72931826,0.05573368,0.74946505,0.6865113,392.89615
67441560b09648ad905b5c1fc4cbb779.jpg,7,44.747533,8.529666,4,48.544304,-4.504034,1079.0286,676.1148,0.7151762,0.065883934,0.72222185,0.7038015,1086.5898
6764cbd41c97461fa5bcb75031b05ebb.jpg,5,57.476405,-3.31996,5,50.466347,-4.434402,782.8561,23.894201,0.79029953,0.00016278028,0.7788586,0.9210614,182.07178
679e6703e6514487921afc4dbdbf992a.jpg,1,52.479247,9.679701,1,52.536405,9.555615,10.531945,10.531945,0.7569317,0.010629714,0.7434676,0.8742493,83.0706
67b6c30a16d74c12b26ec21aab54199b.jpg,10,61.215445,17.043153,10,65.054595,17.275649,427.05365,20.858093,0.76757425,0.008799851,0.75836253,0.82555526,361.4371
67c8af6f03ea47eca4a826fc91733683.jpg,6,63.644176,-18.420903,6,63.646161,-18.419536,0.23080662,0.23080662,0.95916474,0.05152452,0.9499413,0.9960587,0.23080662
67e11bbecbb748d2bf60a118290a06ce.jpg,6,65.581349,-20.047073,6,65.582832,-20.051701,0.269163,0.269163,0.8769156,0.031060517,0.86767715,0.9286313,39.5359
67e8066cbc874301b8c1c4c0afc72b6c.jpg,0,55.46987,29.093657,0,55.477076,29.076364,1.352724,1.352724,0.8828481,0.067502975,0.87053585,0.93209684,1.352724
67faed969a8745db90ba1a21943b83d9.jpg,4,48.177673,3.113227,4,47.76826,3.936872,76.366684,25.012966,0.6904186,0.016351104,0.66234267,0.8036848,68.281265
67feb1fe6e8a43ef8fec130c938eeba2.jpg,1,51.883315,7.015623,1,52.503239,7.200847,70.079094,9.93483,0.7143844,0.057590127,0.748785,0.69214576,557.9763
6834b94943af4a179c2f7d9ad1145b36.jpg,2,42.075879,-1.640609,2,41.762404,-1.119712,55.42977,2.0500345,0.78158265,0.02360195,0.77261704,0.8461389,342.77563
683d94a1636c4414b5eb4123272ca3b0.jpg,1,52.644584,14.53638,1,51.912806,13.047439,129.92519,6.65742,0.7189062,0.06261182,0.7209112,0.75739396,262.54868
68c2bf605bf241ec9e26678f7405306a.jpg,9,50.574659,18.525898,9,50.562511,18.547283,2.0262709,1.6139829,0.8291178,0.008908033,0.8114953,0.89960766,2.0262709
68caed8442c84d26b3e6937ebb7d6701.jpg,9,53.47703,16.187632,9,53.46728,16.200415,1.3751981,1.055639,0.8621537,0.04383248,0.8420217,0.9426816,1.3751981
68e6708330e145b8b291132f986a9667.jpg,5,52.053704,-2.904181,5,51.910685,-2.937326,16.064196,16.064196,0.70577735,0.00891006,0.6780164,0.8570124,559.8173
68f802c83d6441a8b319bf322f8f1860.jpg,2,28.777887,-17.763926,2,28.782205,-17.764522,0.48364112,0.48364112,0.7738325,0.09869599,0.7355655,0.9269005,0.48364112
68ffe9a37e24489d8b81ceba6abd93dd.jpg,7,40.490055,17.760289,6,64.822637,-21.388155,3670.9849,691.34924,0.6272298,0.008977532,0.63520133,0.6723914,3653.849
6936aa29eadc422a836395cd7d974468.jpg,5,53.098157,-1.532503,5,53.183287,-0.607813,62.399063,4.428634,0.7536396,0.003760159,0.7097459,0.92921424,62.399063
693b55d035254cf3b472e07f4813f375.jpg,0,52.393926,25.059868,3,63.921099,26.877818,1286.0626,159.74272,0.6938996,0.02013731,0.6988236,0.6999285,401.40262
693f6843b1ab478db46bed7f3986bd87.jpg,10,57.31721,18.259045,10,66.684392,19.830604,1044.7267,476.67316,0.8829423,0.019406497,0.8644306,0.95698917,1044.7267
69440c67ccf8422c82d71e551d8e385f.jpg,11,39.540534,44.001591,11,39.547119,43.949012,4.56755,1.1309196,0.7671762,0.0021049976,0.7640519,0.8701917,521.5414
69a40fdece3c462bbe72b95e76688454.jpg,6,63.981125,-16.407766,6,63.980183,-16.409539,0.13583519,0.02559914,0.9690683,0.055240393,0.9679463,0.9777014,5.8666687
69c8663e04dd409ab8c53256b460a5ed.jpg,7,40.65669,17.630735,1,52.054843,14.231174,1293.6149,63.174828,0.6891938,0.04306215,0.69786364,0.6545143,1293.6149
69e2d1dddb924151a737b39d3222440d.jpg,9,51.137637,23.395299,9,51.12895,23.3736,1.7959609,1.7959609,0.761457,0.026054561,0.7543056,0.79006255,1.7959609
69ec0fa1a988474db3db954bda5c6017.jpg,10,66.39426,20.695077,10,66.59737,19.499125,57.64349,1.1881847,0.8739787,0.016407907,0.86432254,0.9270513,79.622246
6a31d25c25a1486480239c12de88ba58.jpg,7,42.482636,12.400208,7,43.559906,11.323641,148.34978,8.789164,0.5937094,0.0020486116,0.594635,0.7045472,149.06377
6a720ba4694841df96401b4d40bc3956.jpg,7,40.395052,9.477628,7,40.455633,9.565489,10.034435,10.034435,0.87519115,0.0029298067,0.85217094,0.98143816,32.89869
6a7b4450cc884106aa0667ebf25e29bd.jpg,6,65.927027,-14.836149,6,65.881945,-14.82761,5.027862,1.1934533,0.89192593,0.002020359,0.87613297,0.9631008,1.1934533
6a97038579fd4bc6a51f9b447a9570c4.jpg,6,65.653612,-17.858817,6,65.653944,-17.859816,0.058821443,0.058821443,0.88562787,0.09996319,0.87658155,0.921813,0.058821443
6a9804aa52c7489787d016cac12893d5.jpg,8,69.637215,18.409121,8,64.427028,14.330503,605.44904,4.9144945,0.741109,0.012775302,0.7230628,0.8580576,342.82172
6addee16877f42ee90be69a6b72f1df7.jpg,1,50.848793,8.776313,8,58.313554,6.369985,844.26465,21.752972,0.6863914,0.022599638,0.67777383,0.7520268,815.1217
6af049878d8b4225abf721bbad0ced8d.jpg,3,65.975273,23.984325,10,66.942733,23.017967,115.81852,9.544705,0.769264,0.022785485,0.78407454,0.71002156,115.81852
6af30a0774b24ee4bc253d6d57de9c83.jpg,3,60.253674,23.472703,10,62.065021,17.136773,394.7997,11.874945,0.72234845,0.015883863,0.71703833,0.83737236,390.447
6af9854812b54cf58de48ade45a3dc87.jpg,5,57.559171,-6.154662,5,57.556987,-6.153906,0.24700148,0.24700148,0.8663122,0.015463352,0.85901904,0.937651,0.96368855
6b1d17e9044243bf9635f4f6f3ae227a.jpg,1,53.819851,9.438115,4,47.958474,7.392711,667.28564,237.506,0.7344679,0.01647985,0.726359,0.81098545,791.1717
6b533c56ab034f25b8a8c6d7ee9ae861.jpg,11,39.250585,30.903112,11,39.248501,30.901392,0.27501816,0.27501816,0.8092625,0.15228695,0.7980366,0.85416627,0.27501816
6b5bd5074c2141808aea70eef20272d6.jpg,3,61.200444,27.511671,3,61.680837,27.036604,59.085823,12.151774,0.64249873,0.005942583,0.63357985,0.80273616,1934.8978
6b68947e5afb420b8c2081909c90a204.jpg,5,56.199409,-5.509458,5,50.833724,-3.799671,607.20197,0.3680749,0.77325416,0.014951408,0.7553575,0.86386317,249.35512
6b7b29ab68934892a75d38913e0fb26a.jpg,5,54.695307,-6.671441,5,52.098253,1.288018,601.0802,279.2899,0.6552386,0.0432505,0.66499585,0.6984564,1568.7145
6b878ee4a04c4d8293be246f956cddb7.jpg,9,53.489522,14.243927,1,52.054843,14.231174,159.53156,25.932152,0.71780103,0.001024425,0.7166479,0.790465,179.66582
6b9212dc3fe04a16aa7957e68156f220.jpg,5,56.311717,-4.725628,5,55.228838,-2.584845,180.06487,2.5770864,0.64952165,0.005350232,0.6208265,0.8103351,2.5770864
6b98f3cd5dfc4b9f88767477de1775e6.jpg,11,39.771982,42.776448,11,39.740129,42.940702,14.480909,8.599833,0.84775394,0.023045719,0.8234104,0.9451282,14.480909
6ba9f7ae03174b01b1a276502a4f2329.jpg,10,64.248047,15.831514,10,64.015091,15.303264,36.438683,1.3516971,0.85692513,0.0015275478,0.83796877,0.9327502,36.438683
6bb56e4e081641c7bfdcaae1ed46e400.jpg,11,36.380901,34.024324,11,36.363819,33.949463,6.9664054,6.9664054,0.83690923,0.051608384,0.8240955,0.89856833,12.563783
6bd3fca2408944729264714fd6c67fc1.jpg,9,53.608257,15.107757,9,53.944871,16.024034,70.89322,9.270797,0.7599275,0.0121718645,0.7239366,0.9038911,70.89322
6c184d674f334ca9a51b83e1393e26a5.jpg,0,54.483817,25.84286,0,53.951475,30.467951,306.41867,1.9267255,0.73333836,0.005223751,0.7041293,0.8501748,306.41867
6c3b3d80bd4341d7952a18a2f2f3c5c3.jpg,5,50.313677,-4.932781,5,50.318921,-4.926131,0.7503075,0.7503075,0.7666981,0.059198797,0.7475062,0.8434656,0.7503075
6c4eb63dcbf048d1bd33074e12eb2df8.jpg,1,49.000609,8.881824,8,61.982009,12.979908,1465.6482,530.3274,0.67790943,0.010653436,0.696335,0.710032,903.23584
6c5beb757345435682faeb232570a7eb.jpg,1,52.26065,12.049264,4,44.658946,-0.989251,1276.7438,957.39246,0.6317999,0.0006660223,0.604493,0.76829886,1277.4318
6c682a48e2584784b0b3605714bff9dc.jpg,9,51.624028,20.764479,1,49.49781,7.45484,967.922,459.49493,0.6277636,0.011963785,0.61258364,0.7021475,991.34796
6c9a62e0b3224cb682003f2156067ed7.jpg,6,63.59552,-19.972527,6,63.932493,-16.454364,176.92665,5.7703614,0.88992184,0.0038084388,0.8768129,0.97026104,180.80365
6cc3afcdc0a9421e889f6bb0368eb01a.jpg,7,46.118991,13.336305,9,51.31431,23.130998,920.68036,167.1872,0.69420373,0.03724724,0.6995677,0.7525378,828.61456
6cc61380f5bd40bfb2c0c309c33ee3cc.jpg,5,54.832253,-2.432403,5,55.360912,-1.826084,70.3115,12.59367,0.7359047,0.02433455,0.7059224,0.88596606,12.59367
6cc884794520433fb41bb8cfa5dc30b2.jpg,4,50.822033,2.670371,5,52.458289,1.568686,197.1822,25.91117,0.68932027,0.00872004,0.6802698,0.8097779,180.57236
6cebee5f7f2141ff843dbf6b92c823a7.jpg,8,65.67418,14.159172,10,65.326798,16.651808,121.24532,35.23023,0.8596404,0.009314239,0.8426886,0.94330096,139.31612
6d038d02124642768360c5b6bb13e5d0.jpg,0,54.990735,28.868015,0,55.02568,29.370973,32.305996,1.9525886,0.8239586,0.031474173,0.7988813,0.9460681,113.62266
6d4b1b9dc2b546208129d72e476d558e.jpg,8,68.908077,17.759884,8,68.913339,17.738911,1.0229896,0.06490113,0.88937956,0.013444006,0.87181944,0.9596199,1.0229896
6d6f0e16c28b42de901b0e8ed636db57.jpg,6,65.060138,-22.749384,6,65.0365,-22.753404,2.635185,1.4666337,0.83599824,0.004124522,0.8161304,0.9154695,2.635185
6d91d98381524b65acea9ddd89c5cbb2.jpg,0,55.609078,28.367715,0,55.618486,28.426372,3.8292944,3.8292944,0.8748425,0.063002884,0.85506535,0.953951,3.8292944
6db5d86fc93f4db2a57bd23c302fa653.jpg,6,65.538285,-19.908374,6,65.60288,-20.110525,11.747866,0.44845128,0.91217524,0.037067473,0.9063451,0.9354954,11.747866
6dc28fd407674f7cbb5055988f20462b.jpg,8,65.189994,13.372584,8,62.510117,11.27255,315.21738,2.569012,0.8207008,0.0012254715,0.7950167,0.92885536,371.17297
6dc52fb6cd1b47498d296b83661cf6e6.jpg,1,53.000128,13.868698,1,50.683417,10.121849,364.07886,3.025251,0.6817751,0.022124052,0.6762193,0.78132963,593.81647
6dcf98010f034455895eac5312547cd7.jpg,1,47.647723,10.484759,7,38.070302,16.142155,1159.7104,142.641,0.58059955,0.008131921,0.55546665,0.6811312,1159.7104
6dd5fccd0f584b619a11c65569124cbc.jpg,1,50.73684,7.198546,1,51.826717,14.072883,493.03134,8.124115,0.6405374,0.0074398518,0.62919235,0.7587588,314.1121
6decd53a63174a3980ad1d03c58a8f69.jpg,2,38.3433,-0.568651,2,28.436264,-13.87063,1651.6283,8.791964,0.7418526,0.035470963,0.73800856,0.7576076,2842.511
6df5a745dd424c74b5373499392ef53a.jpg,8,69.298049,15.993813,8,69.275906,15.970056,2.6335056,2.6335056,0.67378896,0.00816977,0.6783792,0.7533989,898.1618
6e053b67ce054f0190454bf0952e2d4a.jpg,2,43.410494,-5.207877,2,42.835816,-5.206527,63.90146,0.18522552,0.6803804,0.006995976,0.6539339,0.83412254,73.31054
6e26f65f778e40238d33dccf090768c5.jpg,1,48.816088,8.429603,8,60.212253,5.410286,1281.7567,0.22672653,0.69945,0.042419136,0.6882112,0.7444051,1281.7567
6e36d06704df4cac8f56dc2cbc92832d.jpg,7,37.137432,14.312501,11,40.642396,29.398549,1360.6023,3.2310345,0.7141011,0.016539097,0.6972785,0.81486,1613.4995
6e546039b1eb449ba31ca153a7759980.jpg,2,40.456357,-2.544307,2,37.930522,-4.082318,310.5499,63.12295,0.7662502,0.02902788,0.73515034,0.89064944,310.5499
6e8512f919d34de9bf991f5e76badcf9.jpg,0,55.605185,28.466964,0,55.605946,28.465349,0.1321023,0.1321023,0.9041459,0.22836155,0.8917472,0.9537407,0.1321023
6e855b71eea240208aae7a6ebbc9544b.jpg,7,37.136291,14.659518,7,37.270902,14.949212,29.703966,15.513971,0.77416587,0.019505084,0.7360611,0.92658484,29.703966
6ea0c7b1b25b481a85dfecbef28df851.jpg,4,43.769083,3.791606,5,54.611694,-2.065502,1277.4739,318.98953,0.6455516,0.003252089,0.645928,0.7514837,863.7637
6ea955d819a84c97bc0318d70fb9effa.jpg,8,69.689694,18.861018,5,54.225399,-0.771264,1981.9482,1695.4645,0.67107093,0.033308566,0.65861547,0.8272568,2077.0808
6eb9e0c042e64d50880c7cc218909171.jpg,11,36.923698,31.247381,11,36.945082,31.266611,2.9283457,2.9283457,0.8358847,0.11563921,0.8219868,0.8914761,2.9283457
6ed284a9b6544b62811adf0fb6a80481.jpg,10,58.751127,15.562821,3,62.289691,27.019037,738.5959,49.400307,0.6843251,0.002091825,0.6903092,0.68124574,206.13152
6eed389be0924d8f9f5fa3cdbeaea418.jpg,8,68.831645,17.373688,5,50.361676,-4.668444,2369.1438,283.38037,0.61115503,0.0010475516,0.6160693,0.7205687,2486.4595
6eefa1bae4284752823cf82316618c0d.jpg,11,40.421366,30.0416,11,40.399815,29.999134,4.3208394,4.3208394,0.7645635,0.0025722384,0.75432396,0.8917282,14.907131
6ef62b985ccb4975a336cb31f1ad43d9.jpg,1,52.901074,8.415136,1,54.791932,9.390087,219.76053,50.535297,0.6687356,0.018334031,0.6787739,0.71080303,985.8695
6efdc09c9383483f9622deaf10d5279d.jpg,2,43.245141,-8.196915,2,43.241758,-8.195742,0.38798654,0.38798654,0.77180296,0.12482536,0.7630048,0.82224894,15.254273
6f256d405b0b44ebb37657b445743f7b.jpg,4,44.145151,-0.908005,4,44.093315,-0.499746,33.095486,2.7403836,0.7504362,0.02126789,0.73291826,0.8702611,49.966755
6f62d83a3a664d948201764524beafe5.jpg,10,58.938706,16.607527,10,58.908828,16.625953,3.4865568,2.8844185,0.7304035,0.01589185,0.71390486,0.7963978,3.4865568
6f81092c7294439b98f2703a8f9ea175.jpg,0,53.205981,28.69684,0,53.215572,28.692562,1.1038654,0.56770754,0.8222729,0.023685873,0.8162532,0.84635174,1.1038654
6f97cdd8a4904743860f790fcc665733.jpg,4,43.280181,0.109793,4,43.445493,0.31345,24.676933,24.676933,0.6824409,0.01466012,0.6832792,0.7324872,1120.2472
6f97e7e2ac6045d6b0e95c018acfdcf4.jpg,9,51.72534,21.06443,9,51.706416,21.022276,3.5863047,3.5863047,0.76734006,0.024878144,0.75350475,0.8501688,5.0997562
6fcf935ee70e470ea11ee66e8c7459ef.jpg,2,41.956977,3.048326,2,42.027822,2.977389,9.819667,1.9024777,0.76564634,0.005718708,0.7320576,0.9000013,9.819667
7034d6cf82ef4d60807b690c8c1513ad.jpg,7,41.004705,8.893063,7,41.090086,9.234108,30.134499,0.85489774,0.6914101,0.0062048435,0.7178916,0.716477,2823.6008
7039008b17944086b8468a43dcc5f173.jpg,8,70.045302,18.892194,8,70.045651,18.888101,0.16009581,0.16009581,0.79572916,0.03096348,0.77642226,0.87295663,0.16009581
705b29a6c07949b892bd9400d3f9ce9c.jpg,4,48.460255,-4.580968,9,51.89062,21.342192,1874.4843,228.38925,0.70538056,0.024464905,0.7182247,0.68640614,364.5449
707be99dd934485dbd048304dc72c008.jpg,2,37.635803,-0.792813,2,37.641842,-0.788696,0.7631104,0.7631104,0.8007505,0.05897492,0.787928,0.8520404,0.7631104
70bdde0cbe8e42c2b36e7c750ac274ee.jpg,4,46.809702,-1.337613,9,54.209287,15.927798,1466.1802,38.35793,0.66212606,0.024264991,0.668482,0.7405822,1746.905
70dae8c6d80a45d69b93b7dbb18210db.jpg,3,64.821072,29.339583,3,64.59372,29.681802,30.056805,0.4099133,0.8675714,0.008702576,0.85353065,0.93032944,37.86476
70df22c67b4048d3aacb15843e13fa92.jpg,6,66.07504,-19.232384,6,66.075201,-19.195748,1.6521567,1.6521567,0.9010909,0.029865861,0.8808849,0.98191506,1.6521567
70f3686e51c54be18c63fac13108ccc6.jpg,10,63.289986,18.400588,3,63.122292,22.573384,209.95218,13.37262,0.7258482,0.006685853,0.7023269,0.8574626,388.3251
71027a91092c422fb57d5aa55348287b.jpg,1,53.385422,9.417583,1,53.991302,10.141287,82.520096,1.6757987,0.7419008,0.016121924,0.7579884,0.7643211,608.28174
71423957f8d249908446426ff71b70b9.jpg,7,45.192107,10.968573,7,45.183504,11.019211,4.082102,3.2124932,0.8431284,0.10092217,0.828023,0.9035498,4.082102
71c708752b3944169d5c7e765a52534b.jpg,2,42.921475,-5.292561,2,42.789596,-4.904219,34.886875,11.826571,0.8099432,0.012321889,0.7798873,0.93016636,34.886875
71f9948ce5de4dcd974c07bbf61f2ebb.jpg,11,39.872546,44.06372,11,40.40643,43.364708,83.99351,2.4889557,0.8564773,0.00057965517,0.8453845,0.9588771,46.409225
7206564441b44beaaacadccc8ac3d49b.jpg,6,65.142489,-14.735545,6,65.029038,-22.236636,351.38663,2.5864644,0.86640686,0.010667503,0.8488308,0.93671083,351.38663
724451d314c74488b90cbde8a8ca7408.jpg,1,49.005286,11.265709,10,59.979023,17.101885,1275.9069,927.73193,0.67058504,0.013260603,0.63984215,0.8327856,1187.1632
724749ee982043aaa843649235a5787a.jpg,3,63.057436,29.80908,3,63.069429,29.835529,1.885038,1.885038,0.7275646,0.008744597,0.6722673,0.9487535,1.885038
725db58f92a641d89c18671bc69f863a.jpg,8,69.780044,25.169465,8,69.779384,25.169283,0.07372126,0.07372126,0.9603968,0.06170386,0.95274395,0.99100834,0.07372126
726b56b62ea1465d818b94d556bf330c.jpg,11,39.550605,44.056219,5,57.557305,-3.001711,3891.5632,1210.0985,0.65974545,0.0050581694,0.6448912,0.7912477,2909.8901
7284d13612a94a49ad1e1e8bc0f20efc.jpg,3,64.190743,29.857479,3,67.116348,24.773358,399.91327,17.62429,0.7772995,0.0060628653,0.7611916,0.8417311,399.91327
7293c080fcdf422898515228f71a75ac.jpg,4,47.985125,4.895342,5,53.633915,-0.715546,741.07465,27.802452,0.5892939,0.00053316355,0.6051213,0.6155751,652.17096
72a2046b3d9f4fe3b50bf98c9d4bfd9f.jpg,2,41.543066,1.543423,2,40.807184,0.163785,141.5212,38.21334,0.6986019,0.03705716,0.7325789,0.73644346,359.08054
72a78b50bbf841909fa2d1a1cbde169e.jpg,6,66.025335,-14.808961,6,65.937757,-14.83553,9.812206,2.5473223,0.8847641,0.0030983686,0.87716675,0.94791424,22.060526
72d0599879b646759beb763d0257d100.jpg,4,45.006966,0.375337,2,42.987156,-8.130525,716.0889,241.52968,0.66075253,0.024133682,0.6569358,0.7244761,1498.9552
72d1af070abd438a8bc55cb3b31e6ec8.jpg,10,67.830541,19.621827,3,62.47935,23.604645,623.1311,13.492064,0.83344704,0.005542338,0.8375821,0.86829495,452.12552
72da9571040b418a923390de895a920f.jpg,1,51.578579,7.535342,11,41.231874,31.975106,2183.1218,392.5861,0.6627892,0.0066055655,0.6317933,0.78677267,2183.1218
72e12382240c4c40910a637b8f8cc9dd.jpg,11,39.196203,37.27616,11,39.195469,37.284151,0.69344527,0.69344527,0.9416591,0.092764676,0.93331784,0.9750242,0.69344527
72fcd8c1def34be183d5a68c42e080d3.jpg,5,58.531733,-4.138239,5,58.543023,-4.673232,31.074892,1.7165688,0.79151726,0.006963849,0.7756269,0.8983928,31.14657
7333223877424f71a5bf5d0f2367d95f.jpg,4,43.513348,-1.090258,4,43.786895,-0.936213,32.845238,32.845238,0.70391166,0.012968957,0.7115733,0.6759804,474.25085
736152bf5b994f5886d9cebc2d5e425f.jpg,10,56.933192,18.141771,10,57.625799,18.527501,80.428215,1.661452,0.7734231,0.062544525,0.73328996,0.93395555,80.428215
736c07df7b5441f6907dea5085f129d1.jpg,10,57.778784,13.293008,10,57.778879,13.292995,0.010591152,0.010591152,0.8784732,0.21291196,0.87267166,0.9016793,0.010591152
739d6ba0b0ad492ab8dac3e0ba1ba966.jpg,2,42.090583,2.17068,7,45.023547,8.151123,581.6485,472.88504,0.63103104,0.0017324686,0.61704326,0.8075236,607.7485
73c44db3d40945bd95328790604a2101.jpg,0,52.413007,24.339019,0,52.169271,23.93522,38.584427,1.4899752,0.86228865,0.014268339,0.84922785,0.9165424,1.4899752
73fc039f5b6b42d1af36cfb5a375504d.jpg,4,45.232722,0.07279,7,44.531121,9.158908,719.73206,446.94894,0.6838803,0.011899829,0.6881578,0.7456807,752.79865
740e24084a794d308a837b3ca3e34c33.jpg,2,36.738374,-4.238682,2,36.73528,-4.239885,0.36035225,0.36035225,0.7016865,0.033353448,0.6755657,0.8061695,0.36035225
742162b854794a449639b9cfcfc96edd.jpg,11,39.740085,42.935207,11,39.740129,42.940702,0.46986833,0.46986833,0.8538468,0.07637447,0.8599947,0.84463286,260.28833
74266ed23145438881f37fa56d6ff791.jpg,10,68.122348,19.817573,10,67.945904,20.046309,21.804678,9.975891,0.7989214,0.0057433844,0.77934504,0.9358672,25.728865
74380ce68d07493cbf2a60232c968a2d.jpg,9,49.729022,19.328733,1,53.07669,11.270557,670.9709,414.01532,0.7182041,0.002005279,0.68944776,0.83429587,592.623
744c32383f264fbbb6844a5da918d24b.jpg,2,38.323799,-4.979309,4,47.279471,3.86013,1227.7969,556.5576,0.6216202,0.000651598,0.596889,0.75015587,874.11926
7453020d93134140a1a10acec216389e.jpg,4,47.487689,-0.254745,4,46.829263,0.560205,95.69125,60.239902,0.7680464,0.021219015,0.7383063,0.88700664,95.69125
746758d5e4ff4cff8fda87653a215c57.jpg,5,54.45838,-3.564052,5,54.456937,-3.557871,0.43054476,0.43054476,0.7346238,0.026973248,0.716779,0.85902566,193.83208
7494f1a3e1b948de8104315f7c285433.jpg,10,67.292447,21.079796,10,67.152421,20.927566,16.89315,16.89315,0.8392688,0.03478706,0.8273018,0.8871367,16.89315
74a71e78f4b1484ba9077cd565569e8b.jpg,5,58.491875,-6.248598,5,58.498734,-6.255557,0.86325204,0.8222258,0.83941925,0.032004595,0.8245392,0.9136194,114.057495
74ce1c63beb341fb84a0549fbb04d9c0.jpg,5,58.104155,-5.269107,5,58.040677,-5.24709,7.176202,2.8330185,0.8160091,0.008072138,0.7992863,0.88290024,7.176202
74efd48c962648f09f4c30f9b4570a3e.jpg,1,47.604017,11.466747,1,47.724361,11.565606,15.293038,6.873974,0.7714527,0.07188016,0.76848876,0.7920021,1584.5648
753ecd890a0648b7b382556a27cc4d25.jpg,10,61.420106,14.839124,10,61.37949,14.786972,5.301225,1.5678242,0.8514818,0.00841856,0.8415477,0.9229954,37.98797
756799cde5304c92815e41bbd906692a.jpg,2,41.470259,-3.683737,2,28.653805,-13.831862,1695.4445,29.89834,0.6389011,0.0029258132,0.62438834,0.77414393,504.87433
75875dab85634008ad6187ca07d09e2c.jpg,10,64.459745,21.116136,10,64.46754,21.088204,1.594975,0.3372697,0.8563503,0.013914347,0.8362415,0.9367857,1.594975
75a57046081b40b4aee2678add90394e.jpg,0,52.606424,29.374216,0,52.803155,29.4057,21.978127,2.2328176,0.8043631,0.003916204,0.7780249,0.923069,33.44562
75ce1f04b9994d2e819744ef07b4297a.jpg,11,41.023815,37.804793,7,41.876557,12.378809,2113.4753,91.16364,0.63892084,0.012383103,0.6527927,0.75589776,2630.4836
76027a34e5ae4dacacd7cf950c65ad17.jpg,7,37.553554,14.289008,7,40.896219,14.307214,371.69122,14.642268,0.7455258,0.018679678,0.73075396,0.808572,433.45468
76139860517647fb9ca1ba083b14ff36.jpg,0,52.2402,27.498884,0,52.504842,27.474795,29.472294,0.83675706,0.7985469,0.0042794943,0.78448135,0.9202082,28.510403
76446470b7614c86a6a596feb67dda0f.jpg,10,59.998428,14.549238,3,60.979188,23.63445,508.99548,6.450016,0.69729817,0.013272285,0.68288875,0.7693126,409.67487
764eafc98b77491b8701e5bafcd15bd7.jpg,4,45.976683,5.407342,3,67.489827,24.848709,2643.2246,1063.5708,0.6540561,0.00564909,0.6559748,0.6992514,2078.9827
76699dbdc15d494db18333ae7ad49e92.jpg,11,39.195827,37.280531,11,39.195469,37.284151,0.31448442,0.31448442,0.9447187,0.0941661,0.9416157,0.9571307,0.31448442
767ecddb4c1447f699a2810ae005bd92.jpg,4,47.212777,0.071246,1,50.374468,7.799888,665.91187,48.985424,0.676806,0.056170106,0.71487916,0.65482676,297.86673
768558dac2c542958d615c85b58551df.jpg,9,53.36517,22.439988,9,53.335505,22.458968,3.530984,0.4221927,0.7435364,0.02856487,0.7130723,0.8653927,3.530984
76caf926fbe04298983dca2466d1b7e1.jpg,2,40.381443,-3.478168,2,40.330093,-3.448117,6.251926,6.251926,0.80175877,0.028972268,0.7884077,0.89794934,289.60934
770263a0b89d447db105220f8206addf.jpg,4,48.833381,6.255258,7,44.531121,9.158908,527.08136,476.52686,0.66599524,0.03342986,0.6620095,0.6857128,1028.5912
771bb90af7f747b99abb9f2ad17b4552.jpg,11,38.725691,35.460687,11,38.73891,35.35651,9.155165,2.1791117,0.7781097,0.04148072,0.7565319,0.9006645,52.65297
77373c9a3b754c5294e988812b0a3509.jpg,4,43.941326,5.057642,7,45.763221,8.677704,349.9064,0.020827241,0.7142907,0.00275141,0.69238085,0.84969264,95.41127
7757a6fe9cce499f82d40413cc7c8306.jpg,6,64.788093,-14.005102,6,64.787027,-14.005723,0.12212907,0.12212907,0.9308236,0.11364597,0.9204362,0.9723731,0.12212907
7786d1c7e92a4006b1b4fb76c762ceb0.jpg,0,52.209566,23.969911,9,51.383318,22.457828,138.7529,31.510223,0.70781994,0.0105089545,0.71973705,0.6983551,118.46644
77cd79df319d48b6a3e4d7cf73f86c9f.jpg,0,54.583553,29.014996,0,54.591302,29.066843,3.4499958,3.4499958,0.8643437,0.0670262,0.84550107,0.9397142,3.4499958
77ea6aa51ce5454ab33c0fcf755cfc8c.jpg,7,40.837256,14.572477,7,40.899587,14.584735,7.007126,7.007126,0.70102376,0.02908355,0.71992385,0.7728026,707.5243
77f1b91ed5bf454897d9f345444ee724.jpg,1,50.54176,13.129569,1,50.891988,9.993804,224.15921,26.667452,0.6645417,0.009633243,0.6405048,0.7941976,193.03922
7812e7a44aba4e70801b5b472309a611.jpg,7,45.143276,10.627674,7,45.866912,13.180943,214.61885,21.515314,0.69822717,0.018432915,0.67000014,0.86058366,188.9613
7815cfaadd7f4c68a1fdf99183cacbac.jpg,9,52.410689,21.622174,9,52.415844,21.623862,0.58453226,0.58453226,0.8377974,0.0833289,0.81899744,0.9129971,0.58453226
781e36c087294890a48f338c5a798e88.jpg,5,52.522789,-0.167534,5,52.544262,-0.199045,3.2006106,2.4339137,0.7876033,0.009415567,0.76151603,0.8919526,3.2006106
78350dd80a004ab5a5d36d4ae97c8fdb.jpg,3,64.054233,29.144659,3,62.326128,26.948462,221.45683,14.767348,0.8060038,0.00042146444,0.801734,0.8748472,288.8299
7854cd1ea3fd48ab8b6dd1b138c175b0.jpg,4,44.239828,-1.127176,4,44.237495,-1.128811,0.29028133,0.29028133,0.8350989,0.102752745,0.8655495,0.7267763,1727.9247
7878ebc11879402f8620a03af6216515.jpg,0,54.058433,27.539105,0,54.056359,27.54656,0.53846365,0.53846365,0.8773714,0.07109237,0.8612316,0.9419304,0.53846365
788535faf1f342edbfd6cc352b2c180a.jpg,10,62.875036,14.890709,10,63.718918,14.298585,98.388405,5.669096,0.84029835,0.012868226,0.8142131,0.94463944,98.388405
78b17f3ca1814ec5ab23c0204752019e.jpg,2,39.817117,4.246226,7,40.948755,9.038381,424.88907,357.54333,0.7048497,0.012020886,0.70130974,0.8245777,814.27826
78c12674e39849779722129560fc9182.jpg,11,38.203519,30.05099,11,38.199255,30.054815,0.58010167,0.58010167,0.7480203,0.048232973,0.73421776,0.855311,276.91855
790922767152460b8bd217ed69936a2f.jpg,6,63.539264,-18.457464,6,63.535437,-18.462659,0.49734166,0.20524399,0.95470005,0.006316304,0.94837177,0.980013,0.49734166
79506195a3b044fbb3ec84c5377f420e.jpg,2,28.546269,-16.21618,7,44.095861,8.127171,2764.741,1713.5428,0.73156494,0.016716063,0.71020734,0.882399,2705.891
7955da85f5a841fbad4fc3e0ddc92167.jpg,2,39.332135,3.106505,11,38.514323,27.960818,2145.2588,990.55646,0.731888,0.08917463,0.69592524,0.87573886,2145.2588
7960ce176849463ba6fed1e701e989f3.jpg,2,38.436571,-6.38455,7,39.604502,16.69146,1992.2753,0.65488243,0.668787,0.029094458,0.6765537,0.70186484,1928.8483
797921d98f9b4c9a949f359a33ec884e.jpg,5,55.748647,-5.050611,5,59.110368,-3.323543,387.80588,31.037498,0.7778288,0.0027185678,0.7765434,0.79511863,386.0372
79b5d00c42d842e38228b35e293f3328.jpg,0,53.062149,27.917112,0,52.971279,29.261425,90.48961,0.9272803,0.8550781,0.011732936,0.84222883,0.9334299,3.2642794
79f064016bf840a1a90212a259463c57.jpg,10,64.114084,20.717213,10,64.111643,20.723022,0.39141354,0.39141354,0.8520837,0.07481599,0.8374239,0.91072243,0.39141354
7a19f501deaf434e9ca139167c0609a6.jpg,0,55.774632,28.603931,0,55.782069,28.600845,0.8491775,0.012394438,0.8521927,0.0067335367,0.83139586,0.9353799,0.8491775
7a24310b00d2482c9eb0b304a69ccd42.jpg,0,52.13798,26.096416,0,52.597127,25.57838,61.997017,0.093139976,0.7867541,0.0015536547,0.77287817,0.9004917,109.87282
7a2a67e36a4a461b898f4799cdadd375.jpg,5,53.266332,-3.496186,5,53.275012,-3.550139,3.7153547,3.7153547,0.84030855,0.086043954,0.8198612,0.92209786,3.7153547
7a2bd7dbe0954c13a1f88f5ceb6b0777.jpg,0,52.092505,27.799804,0,52.081156,27.385775,28.316898,0.94895405,0.82728475,0.001953721,0.8150977,0.9225441,217.39526
7a6139449ea548f5ab8dc63b2a5e0b21.jpg,8,69.234026,19.332439,8,68.855995,17.975436,68.40136,0.20963538,0.76545227,0.005620539,0.7480495,0.88444626,39.24006
7a8351074dd14a3cb857b884aa61b4fb.jpg,8,59.849903,5.351223,8,59.883681,5.312277,4.339756,0.20922123,0.82595325,0.0013564825,0.794539,0.9517157,0.42755064
7ac8206b046c4c53bfbdd772b60584ee.jpg,9,53.297362,15.434612,9,53.363876,16.263603,55.543705,4.5467243,0.7618848,0.055106163,0.7693585,0.7764685,13.4191675
7ac8d16781e64b498c24a23d90991c79.jpg,11,38.190828,34.047163,11,38.216006,34.01376,4.0443964,4.0443964,0.7735435,0.013089418,0.7717147,0.78518724,11.9747505
7acb3ec70d364a5bb440886ae87ddef0.jpg,5,58.526457,-4.217065,5,58.528227,-4.21013,0.44813696,0.44813696,0.798567,0.041785896,0.7807243,0.90221995,27.188065
7adec232e87e4ad9bd41e97e0cc02dfa.jpg,0,53.445583,26.508028,9,53.548595,23.768023,181.59042,8.21892,0.7936475,0.0042159557,0.77029866,0.9046082,19.182497
7ae0782a33504071b4fb57e6839440c5.jpg,9,50.913585,23.17104,9,50.567062,21.676632,111.99339,6.368431,0.71283543,0.011512101,0.70694935,0.79569435,184.73997
7b18be668d1943609b2a2e89e1692690.jpg,10,60.694435,16.023354,10,60.694606,17.015753,54.01199,7.056403,0.77349734,0.031014502,0.7523625,0.88536155,112.03084
7b4b6601a3b84b4383283f3c9c6a3dcd.jpg,8,58.907531,9.298824,8,58.908369,9.299821,0.10936364,0.10936364,0.8732714,0.04479307,0.8484596,0.97251856,0.10936364
7b63733bd57b47718fe973d9efb6a8b2.jpg,7,41.365247,14.024905,11,38.632394,27.666155,1199.6323,21.177376,0.6817504,0.01470232,0.67420256,0.7854062,1307.2898
7b878f076a4649b4a3d4c4546125c00f.jpg,5,57.480178,-4.319265,5,56.85582,-5.030483,81.59794,44.669468,0.75805515,0.032107115,0.75671184,0.7699802,70.69023
7bdf55e78def4078a07633b22ad41fb5.jpg,8,69.611981,18.332726,8,69.650534,18.519711,8.411237,1.2091414,0.7815386,0.13370872,0.75212073,0.89921,8.411237
7c19117d8cdb436b8d7159686b8fa7d8.jpg,7,38.088568,12.753031,7,38.021491,12.786637,8.018053,0.39884382,0.7575765,0.02463919,0.7375835,0.83754843,8.018053
7c26f74afe5f475fa885fe18b02a33cc.jpg,8,62.485978,6.485301,8,62.486727,6.57758,4.740888,1.636318,0.80097514,0.0044626594,0.7719606,0.95358664,17.606873
7c30cf5193fe46c783d805b889395d91.jpg,5,51.787022,0.154028,5,51.929847,-3.917791,280.04526,20.078926,0.7801541,0.05803466,0.7523446,0.89139175,280.04526
7c36e8288de34cf4a18cd9b47880376d.jpg,4,46.414257,4.433881,1,49.864969,8.85714,504.74707,375.73535,0.6918771,0.00644511,0.69245595,0.7764467,1296.9409
7c3ed6d9171144959c185b1b57d2cd86.jpg,9,54.443978,17.330704,1,52.732333,12.287436,383.3141,4.8398905,0.70418733,0.0010033846,0.6910392,0.7567799,383.3141
7c47cb531481439da5402c875618ff38.jpg,8,58.0523,7.657863,8,58.390813,6.084916,99.50189,2.9791179,0.7831276,0.005904615,0.7426144,0.94599915,87.26804
7c7d4672ed34426ea8b1307e2c6dc257.jpg,0,55.236971,29.917374,0,55.316556,29.450466,30.868694,2.8586159,0.7032574,0.004938841,0.6969214,0.80628014,399.37564
7ca634597e23400bbb077e0b6e43f8e0.jpg,6,63.917892,-16.511339,6,63.918342,-16.510427,0.06701971,0.06701971,0.96268666,0.05385542,0.95823467,0.9804946,0.06701971
7ca7cd4fbf3d4e5995651ddfb174962c.jpg,10,67.094198,20.435839,10,65.409776,16.123972,268.89383,13.606253,0.85861707,0.03573674,0.8454025,0.92163897,801.30927
7cc1753eac6549ed96ba3be40da37508.jpg,6,65.58802,-16.940502,6,65.468234,-18.725244,83.27818,9.609434,0.7941177,0.0124515295,0.7828944,0.88890237,49.474525
7cd2092148c94dcf8ed71acf868f5584.jpg,8,69.217684,23.770756,8,69.304892,23.876597,10.554695,2.5832312,0.8661773,0.022854388,0.84117067,0.9662039,10.554695
7cd889750f314da7b43891e3963ddfe8.jpg,3,62.650267,23.2805,3,65.700923,24.662811,345.74152,29.930428,0.90938914,0.06133759,0.89869916,0.95214915,345.74152
7ce8d5eed53140828eb62903e466fbd4.jpg,6,64.118417,-20.625491,6,63.946844,-20.682292,19.277472,11.691529,0.88497233,0.02609706,0.86877793,0.9548397,42.216892
7cf4673616904072908f4d4e2cf5a14c.jpg,1,47.930142,8.378795,1,51.57148,13.903785,566.70874,54.078754,0.70261234,0.01362294,0.6992174,0.7279717,596.2222
7d1dd1a3f8e24f89990177f889ecc86a.jpg,11,37.229629,39.689374,11,37.228693,39.672141,1.5292863,1.5292863,0.8505639,0.0007838607,0.83139557,0.94378555,16.010931
7d2bb32bfa7b465f97cfc77b0daf9c4b.jpg,6,66.067794,-18.531692,6,66.065286,-18.531284,0.2794839,0.2794839,0.9334946,0.03677267,0.9202926,0.98630255,0.2794839
7d8fe3401cec426c8f78e81e90ad11d1.jpg,8,62.196623,12.946773,10,64.118617,16.100121,265.9074,0.43119696,0.8294102,0.0018311739,0.8116702,0.92772716,274.2494
7d978ec6cbdf48c38c715612dfbdd78a.jpg,8,58.428269,6.013318,8,58.427772,6.013623,0.058046475,0.058046475,0.8432905,0.007033944,0.8156322,0.95735013,5.8940372
7da171414380419eaa39945e62dff419.jpg,10,66.574306,19.957606,10,66.445829,20.508921,28.304478,6.087375,0.91923803,0.013794124,0.9076407,0.9845079,6.087375
7dbec6f915e143d5b3f4f939497ddf7b.jpg,8,66.325794,13.127179,8,66.318457,13.07483,2.4759333,2.4759333,0.7324308,0.002977252,0.70468533,0.89731836,7.843969
7dd47e08e73f4ba8a3cfe185acdd6f39.jpg,5,56.709477,-6.067294,5,56.701833,-6.072339,0.9040395,0.9040395,0.79731,0.014912665,0.77401507,0.89934117,179.31076
7e1e4117c98d41739553b09135828218.jpg,7,40.94695,17.183093,4,43.380781,6.503368,920.1276,479.64325,0.61513543,0.026290357,0.60339546,0.69583297,744.2658
7e5852caad524230b85d53a9d503ddf1.jpg,6,65.787343,-20.258106,6,65.769151,-20.256357,2.0244339,1.1352034,0.9147597,0.009756446,0.9035529,0.96539736,1.6087167
7ed5e3b7c3a44862bc29fadb9ba55a5f.jpg,4,43.256793,6.521564,5,50.121122,-5.440189,1187.0472,44.577473,0.64840823,0.02533251,0.63133526,0.7688123,1194.4142
7ee1e4f86c074a018b417744ce891066.jpg,6,64.834853,-22.881302,6,64.821965,-23.191003,14.717131,1.6073523,0.9323599,0.018599391,0.9226954,0.9712797,2.6636515
7f055be8382644ea81fad3cdf2d467d4.jpg,0,52.214834,24.867859,0,51.956651,25.564037,55.559525,17.714956,0.84989846,0.004666865,0.8276786,0.94864994,226.7847
7f0a9917bff4425780750bda1c952b96.jpg,9,54.581144,16.905119,5,50.64581,-4.105804,1478.0913,1068.1504,0.6963096,0.0022456646,0.6679121,0.8098996,1478.0913
7f224d375dbe4f949d193725f00831a8.jpg,4,43.802707,-1.379171,4,43.752959,-1.380459,5.532699,1.2038935,0.8076908,0.0027977228,0.78638303,0.89292157,5.532699
7f39431e60264b23ab38f8bac1c4b85f.jpg,7,43.183755,13.394224,1,53.595957,8.318884,1216.1428,596.6758,0.69658446,0.0061181188,0.69566125,0.76618165,1096.3687
7f3a88a3321a4a12bf21d3ddbeea51a8.jpg,4,43.770575,6.160239,7,43.523567,11.589749,437.6491,7.0431542,0.7223426,0.0051338673,0.71852064,0.7734833,401.26514
7f7f5546796046f7aaa6d7269e3fb32f.jpg,1,53.759318,9.07934,1,53.761078,9.072355,0.49912447,0.49912447,0.84809875,0.105993986,0.8549602,0.8206527,0.49912447
7faf4ca4a71b4f68b5f6b6b6a59b6aeb.jpg,7,45.644045,12.08884,5,50.76747,-0.80844,1110.4169,1025.5092,0.6796766,0.033779085,0.6470555,0.8101609,1110.4169
7fc05dd939b5441ba688c79eff9afb7e.jpg,4,48.388625,-4.630203,7,43.157811,11.753665,1393.7981,2.4044378,0.69573057,0.0031453967,0.68404174,0.76276904,1394.0278
7fd2477e02274140a5690a91b99a67e4.jpg,5,55.483453,-2.690683,5,55.440548,-2.435678,16.769073,5.757992,0.69990003,0.04007429,0.6959356,0.7390144,390.55368
7fef46d5e8804788b1aace77038f8901.jpg,4,45.96757,5.430747,9,53.158673,15.928122,1098.9923,538.706,0.6258428,0.004656613,0.61635834,0.7467953,1365.0326
80029498d3284c969ab27cc171b0afcf.jpg,11,41.144326,29.168462,11,40.990047,39.802249,891.08813,59.357445,0.7076502,0.0016124249,0.7478554,0.76970994,2802.3774
802814339df74effa54d2f942245a135.jpg,5,50.400495,-4.629452,5,50.240408,-3.704632,68.0294,68.0294,0.72934103,0.044476688,0.75038314,0.74528956,1741.6405
804da716464e4be8860e7feb55d81f98.jpg,1,54.503088,9.043323,9,49.990135,19.213565,853.79236,111.40318,0.6884933,0.00079244375,0.70241904,0.7513236,535.14636
8060408909364da5be033f2295d4badc.jpg,4,49.561628,-1.316647,1,54.686923,9.007493,904.844,12.682904,0.64098084,0.0054486394,0.66357625,0.6748496,878.28357
809785b9b83b43da8407911d773d1e1e.jpg,6,66.072837,-19.250017,6,65.837072,-19.355966,26.651745,2.461383,0.89083374,0.0028746724,0.87062305,0.97167623,26.651745
80eafa01decd4e14be48d09280c27fb2.jpg,10,67.756624,20.07438,10,67.850184,20.496553,20.560759,17.691,0.89029974,0.0064539313,0.8771931,0.94272614,20.560759
810b3dbe5fa3420f97f811dd52967b82.jpg,11,38.235157,40.976325,11,38.236333,40.97692,0.14071326,0.14071326,0.7566817,0.05682206,0.7683178,0.73304236,1202.5417
81370e484d97465eb13b4e86de163b44.jpg,3,65.157292,27.662605,3,64.921002,27.613078,26.376865,6.5605965,0.7790108,0.024300635,0.76148367,0.8789971,39.34682
817bbfb48dc5459b97b8bbcb28bd4cb0.jpg,11,38.934842,36.035273,6,65.168712,-21.057501,4625.652,1.8451288,0.7440558,0.0013192892,0.72510386,0.88930416,111.09362
8187d6580d484353b9db32df82046aea.jpg,3,60.571336,23.774094,3,61.205301,27.970565,237.66446,10.260164,0.75362605,0.009074211,0.7101268,0.927623,237.66446
81bd9a992eca4060bfb76d37b87cdf2b.jpg,4,48.14346,0.972931,1,48.932519,13.770348,945.15125,313.4336,0.62860215,0.017791033,0.597577,0.75270283,945.15125
81c8c3f8ef0448ec9a44450704f91bdf.jpg,7,45.773584,11.234605,3,61.669312,27.24568,2045.0695,732.85266,0.66489977,0.029725254,0.63022417,0.80360204,2045.0695
81f31b5e210643f29c6ab891556f0b91.jpg,8,58.880989,6.610231,8,59.194105,6.133937,44.211132,21.963524,0.7271193,0.0140506625,0.7209339,0.8031579,22.011724
81fa2271980444109f746b338e784191.jpg,5,50.67952,-4.708743,5,57.162041,-2.718103,732.433,4.1188054,0.75391114,0.010226965,0.73119557,0.89948666,682.94696
81fa2ee3f75c4878940c269b4429276b.jpg,11,38.290799,41.104076,11,38.283809,41.098755,0.9054275,0.9054275,0.8855581,0.014983892,0.88153225,0.9207874,10.025405
825f1c8c103b4f8c9446f569afbdc5d1.jpg,3,61.352665,27.429725,3,61.656168,27.146455,36.942528,5.389978,0.7938166,0.017745137,0.7674694,0.89920545,36.942528
828323c60e284c9ea66f1776ee86a89d.jpg,10,66.054581,22.804161,10,66.042989,22.820215,1.4787238,1.4787238,0.92351127,0.026162744,0.91245264,0.9824286,2.035026
82852341cdfd419ab0d5b2f2966908d3.jpg,3,61.137429,28.087668,3,61.205301,27.970565,9.817349,9.817349,0.7667416,0.015862823,0.7423278,0.87461853,658.0171
82b80dcf27b94fadb480557165c78ef9.jpg,3,65.579642,28.919944,3,65.487875,28.79542,11.705042,1.1035169,0.9053309,0.0079782605,0.89653254,0.95632184,35.127907
82c74060e1a24d3ea392976ca73db307.jpg,10,58.909758,16.809982,11,37.434354,30.554588,2584.6084,630.67535,0.7617809,0.012762308,0.71730477,0.9396853,2584.6084
8322832ef038490b9c8338385c3c1ccf.jpg,4,45.151805,4.384477,4,48.47549,-4.579769,775.1537,144.57199,0.72345245,0.02313888,0.7256538,0.74353516,711.60175
8335ee78a5b949a09bd4f8181c100b9e.jpg,7,37.163704,14.334031,10,57.033669,12.379459,2214.1667,927.20325,0.6631684,0.0029972196,0.67411256,0.8221055,1302.5302
83d1b8e41f0f46ddada8a873d6246ed7.jpg,6,65.645028,-20.294616,6,65.641213,-20.295537,0.42630666,0.42630666,0.93968457,0.004565537,0.93353045,0.97918165,3.757626
83d384686efe4dddbac3f368c9a9e753.jpg,3,61.133682,25.633391,3,60.159243,23.573084,156.03813,5.296828,0.66956866,0.014170706,0.65132844,0.8119206,882.22186
843f2a498fa14563b43702de09a2c0e9.jpg,9,53.634273,20.755456,9,53.373192,20.919251,30.986124,21.012583,0.6888887,0.014086604,0.68236625,0.81564844,251.38654
844e9170c833486b8996728338e491de.jpg,6,65.676264,-16.782004,6,63.951738,-16.843062,191.78055,3.7354002,0.65466624,0.0024084449,0.6520406,0.7270977,141.18173
846de83ac8244171a1dad42dcfec41ed.jpg,9,49.388712,22.127969,4,48.128184,-2.178469,1779.4999,4.404793,0.69604117,0.007069707,0.7246413,0.694595,223.01932
846e510486b345529a01611223c436a2.jpg,3,64.414732,24.123588,3,64.403874,24.094132,1.8599055,1.8599055,0.83938473,0.022159278,0.82456297,0.9289198,6.766223
8471fededa36401581c5d08c5def4af9.jpg,6,66.084466,-22.999535,6,65.894947,-22.832848,22.382446,3.2346659,0.8488506,0.006776631,0.8267672,0.9596762,3.2346659
84844c76f1dd4a998ca731f775a4791b.jpg,3,62.015428,23.660301,3,61.902054,23.706904,12.839849,2.8282347,0.8815199,0.012919068,0.8666108,0.9451106,76.24723
8485cb03dbdf4d82ae8991e797d1194c.jpg,7,40.212728,9.550849,7,40.068997,9.610283,16.76169,16.554956,0.71760356,0.011806726,0.70423675,0.78670895,25.122448
84d3ceab360e49738ac7fe357a3e7d66.jpg,1,51.59881,13.039168,1,52.054843,14.231174,96.34113,2.9521651,0.64553285,0.0077407956,0.6236444,0.74224186,76.02543
84e49f3a8c4647f49d9578538b831dbf.jpg,11,41.062521,40.779305,11,40.642396,29.398549,957.6662,461.76364,0.685772,0.00928086,0.6930936,0.81456673,2199.7043
84eb226a16084a28bdc7e341d1261c5c.jpg,10,64.55731,20.881952,10,64.517069,20.809847,5.648362,1.1823272,0.8171444,0.014572024,0.79778844,0.91164243,850.1215
84f8dc2800684712b4c4fa5191e84722.jpg,9,54.177344,17.500245,4,47.943763,4.513505,1139.0737,104.32869,0.71160847,0.00035226345,0.6910898,0.87643075,1066.056
8500bab161b54dd6b32af18f419701e1.jpg,1,50.280287,7.441146,1,47.988627,10.476559,337.14038,232.09827,0.73520386,0.014266193,0.72784126,0.8316921,365.1351
850e16dc64804dcb9c396774c685011f.jpg,8,68.434071,16.007621,8,68.548384,16.196959,14.871279,0.7156577,0.73142564,0.009040356,0.72488153,0.84539217,143.9918
855b02b553ec494c9814180edaa04f26.jpg,1,52.922383,10.366615,3,61.728771,29.699428,1508.2365,63.304882,0.73102975,0.004073739,0.7186078,0.7807174,1508.2365
85758f949be94f2d9b0be023c4a8a263.jpg,10,67.451696,22.063476,10,67.235525,23.312061,58.63253,15.624589,0.8441206,0.007983685,0.8198786,0.9410887,58.63253
85a2333d2ccc469c8535ed5b5a1c72ed.jpg,11,37.866998,32.491757,1,53.732006,10.324567,2442.7693,1981.5881,0.65598553,0.0024864674,0.64715415,0.7248344,2461.5427
85b735cb824f4708b30c72368f1bc29c.jpg,7,43.14721,11.893615,1,50.384297,10.172103,815.2789,395.98273,0.7119168,0.0061624646,0.7146855,0.70084196,815.2789
85be0f9aa5134568b5161246fca72f7f.jpg,11,39.558199,43.8849,11,39.554468,43.90872,2.0838344,2.0838344,0.8884614,0.004581809,0.86852217,0.9682183,2.0838344
85be254c6cfa4622a932f712280681ea.jpg,2,42.024263,2.986053,2,41.981803,3.022095,5.5821576,0.7857273,0.7372408,0.008362412,0.7248095,0.7869656,5.5821576
85c43339f49f400ba34b0d05cb313278.jpg,2,40.632187,-6.563168,9,51.900117,20.21935,2389.4407,43.556652,0.6948034,0.061699152,0.70487326,0.7282405,3294.0542
85c7877a816648f28bb80bcb9299bd75.jpg,10,65.815192,23.242426,10,65.804288,23.149873,4.3879414,4.3247113,0.8170365,0.034304798,0.7945859,0.92932665,36.19659
86103bc069574d46b678fbf0e6bf9934.jpg,11,36.407378,33.808129,11,36.42827,33.722287,8.024729,0.29455665,0.7213505,0.020265758,0.67781115,0.899091,76.536125
862217ed21354842817a487c2aac1d82.jpg,10,64.201544,19.583138,3,62.867699,21.710726,181.95139,15.8653345,0.7501121,0.019156039,0.747213,0.8226634,92.842964
86230a89bad54e20a2e3771703c11eaa.jpg,2,28.673789,-13.908279,2,29.007375,-13.598629,47.807644,3.5410817,0.77149284,0.012094021,0.7864047,0.805193,1568.7959
862c9b5438d14616941a7b70b0cd5737.jpg,8,70.664387,23.691224,8,70.659023,23.669649,0.9934131,0.8826626,0.72124445,0.0024134517,0.69808644,0.84061766,1.6851496
862f76de01d34882a35673a41d6aa9a5.jpg,7,40.713712,8.515494,7,40.731563,8.816723,25.46269,1.6938509,0.7898184,0.0010178089,0.7623866,0.901852,16.744453
8641d3a048ce48cf8ff43f79399daa80.jpg,10,65.878319,19.462936,10,65.902772,19.472748,2.7553356,0.04069996,0.94557524,0.014546573,0.9366216,0.9813895,2.7553356
8656410329404867bea7d0e156283958.jpg,5,52.867501,-1.341912,5,55.044597,-2.049236,246.46268,18.82418,0.79780054,0.0062500834,0.76319104,0.9362383,246.46268
866333ccb0534e60b6ae68f1357face0.jpg,3,63.20799,30.949348,3,62.83153,29.84284,69.77104,14.0414095,0.8588164,0.013020277,0.839769,0.93500584,69.77104
866bf71488314aa9bec7342f0e0ba6d9.jpg,2,43.016551,-8.431304,2,43.027356,-8.427511,1.2403996,1.2403996,0.7512909,0.0070237517,0.7779148,0.6447952,1.2403996
86b684b774cf4646adf726475c1b5d8f.jpg,5,54.86836,-6.249402,5,54.868984,-6.249519,0.069788456,0.069788456,0.92192346,0.21552444,0.9101602,0.9689766,0.069788456
8703888589d547838d6734e451a328a2.jpg,9,53.824566,15.064171,1,53.477083,8.386283,441.63922,166.3473,0.7234728,0.031467617,0.72339267,0.8046315,398.92786
870884bebb344eacbadfde6c37787408.jpg,11,40.787337,39.983244,11,40.755159,39.620403,30.76381,17.385466,0.7146993,0.016470611,0.7121179,0.725025,30.76381
871eebbfbeaa442c99d6ca41d9855c9e.jpg,3,67.336016,24.906071,3,67.326915,24.907221,1.0131857,0.81994736,0.9592149,0.0048306584,0.9527392,0.9863892,8.410482
87646959713644e68b04ed25d73c2a3a.jpg,3,63.954574,26.838124,3,63.56211,28.489071,92.15388,4.1970925,0.7811781,0.008324921,0.7495708,0.9260274,230.50742
877f9c9fede9481487e69f941ab58fa0.jpg,9,53.297707,19.960543,4,48.47549,-4.579769,1792.7399,165.85667,0.67488205,0.004338622,0.6967361,0.73792315,1531.346
8814ab78b4954be3ae5a39e7248ae6ae.jpg,6,64.179929,-15.831023,6,64.180994,-15.828245,0.17923266,0.17923266,0.94121706,0.06605518,0.9323407,0.97672236,0.17923266
88622b48b36f4b64a1a7bf80d1e7f574.jpg,2,39.930903,3.826913,2,39.742311,3.168865,59.97234,0.10972191,0.6679478,0.0074225664,0.67664325,0.80439043,2049.4702
8871ec95aac4422eb64642f665388200.jpg,5,55.355527,-1.854006,5,58.504177,-4.509209,385.32968,10.935801,0.8606726,0.00014668703,0.8431453,0.9442562,386.90048
889cae1384514eba957e67baf99e9090.jpg,6,65.622719,-16.884384,6,65.348176,-20.844856,185.22667,7.495543,0.8509475,0.010545015,0.8357837,0.9390855,131.4377
889f5eec8df94e79bb8bf5118816e81a.jpg,8,60.16893,9.693394,8,60.165344,9.711928,1.1000468,0.32860878,0.7898762,0.002060175,0.7520412,0.9573972,0.37275657
88a82cf91173486f82c85ec421579819.jpg,7,42.787413,13.429497,1,50.516203,7.934416,955.64404,394.40945,0.5761388,0.018059075,0.5522783,0.7060065,831.44293
88a901a3f2be4022b5ffc9ba7d0bb46a.jpg,2,28.075436,-14.4952,2,28.08008,-14.482755,1.3256705,0.61516154,0.9365362,0.017220855,0.92368686,0.98793364,1.3256705
88c68f5e6ba14604a94fbdbe69a21d84.jpg,4,43.707494,-1.020366,4,43.674455,-0.975548,5.1460347,5.1460347,0.69325215,0.0003861785,0.7266941,0.70033646,988.2464
88c72f6cfd4248f2b40798479f7c9e0c.jpg,1,51.641073,14.554234,9,51.349824,22.590907,557.01794,16.341974,0.75204086,0.012540877,0.7194183,0.8825309,557.01794
88f4424f055144a484dd3ef0047d1404.jpg,2,43.368403,-4.450061,2,38.143325,-0.934572,651.94904,193.50917,0.7159487,0.0027678013,0.72557366,0.7730121,291.71658
8909110dcfe54048a0e889499b483a5b.jpg,0,53.461111,30.381493,0,53.475745,30.3643,1.9856868,1.4012461,0.8279247,0.014071465,0.80344236,0.9505323,5.0071397
8912b4aad37547dd977b45b4718f90a1.jpg,0,53.870101,30.163003,0,53.300528,29.521461,76.186104,7.048402,0.8081593,0.03449607,0.8027758,0.84508854,21.92766
892cbddf1f99471daf94e11f1e42c4e2.jpg,6,63.541128,-18.455069,6,63.541667,-18.454466,0.06696697,0.033616528,0.97619504,0.0023106933,0.9745855,0.98377275,0.09332462
892f235a2c2b486b87c2c4c8fc2f384d.jpg,2,28.67346,-13.907615,2,29.007375,-13.598629,47.795315,3.4903247,0.7652578,0.035605907,0.79351854,0.8007623,1568.7734
89383ab8d73149239deaa8fcab831c0d.jpg,6,63.943798,-16.801992,6,63.982617,-16.871888,5.5018773,1.1324717,0.9045297,0.0039051175,0.8919904,0.95762086,2.2179275
8943bcd2bd614a3a89f75d2fc6b61788.jpg,11,36.88162,28.636747,11,36.878162,28.636278,0.38676876,0.38676876,0.9275903,0.25125802,0.92627406,0.9328552,0.38676876
89484c28049f466c94aa9afe0209796c.jpg,0,51.688986,29.13527,0,51.694168,29.13805,0.60724026,0.60724026,0.954183,0.005256176,0.9496132,0.9724618,0.60724026
894f7310f4d6460ea8b70122b6dc56e0.jpg,7,44.818645,11.662675,5,51.408451,-1.643913,1226.9137,488.95724,0.65057147,0.021165252,0.6305224,0.81406736,1324.8596
895d3f8570e241be807600a2a7a3a7ec.jpg,3,66.064196,24.757129,3,65.911734,24.59023,18.558987,5.3103943,0.9410601,0.004725039,0.92958504,0.9869605,18.558987
895f024219d7425da6ca56f330991a2b.jpg,1,52.999271,7.346178,9,52.479205,16.535006,620.87897,141.54729,0.7343057,0.018226445,0.71567035,0.82605153,536.7664
8980299c52e745d690caa071b8fc3f55.jpg,3,64.181248,28.88178,3,64.212071,28.953605,4.8818436,4.8818436,0.8365374,0.023991942,0.8200375,0.902537,4.8818436
89a3986f147b45f0a56fb93a53ffa39a.jpg,4,48.302319,4.334165,5,52.844367,1.063985,555.20264,152.97469,0.607326,0.004404545,0.59709626,0.7000835,1011.3444
89b0ec494f2c4a8481f6bb727e96f550.jpg,0,53.205248,29.125134,2,42.83402,-8.739643,2999.7188,1606.5184,0.70661294,0.017250419,0.7178558,0.75589645,1961.7435
89ded064137a469a8ea76b8874e65a0e.jpg,9,51.768065,17.709702,9,49.787482,22.117257,380.08038,13.068753,0.64306426,0.00015848875,0.63734627,0.79835093,1520.7023
89ec029b9ac0486994e02e6b20a15f33.jpg,9,51.476517,21.652104,9,51.509025,21.739742,7.0624757,3.081629,0.6954564,0.029829502,0.6792885,0.7993343,440.659
8a5fc50a709549daa2f2f62e075fa798.jpg,7,39.319968,16.052267,7,39.327102,16.047915,0.87715995,0.87715995,0.8112217,0.024891019,0.7855922,0.9141447,8.555302
8aba23594d7641a0bd28ffe5e2646539.jpg,7,42.592251,12.303031,7,42.558701,12.371049,6.7034726,4.114194,0.7571907,0.097204566,0.77261317,0.73233634,18.946169
8ad0dd33785542e287e1c5f38e349ca0.jpg,1,47.688948,11.000433,9,51.436566,22.366222,918.2088,619.8388,0.66221523,0.008823872,0.6329789,0.82667994,919.1726
8ade06e1bae8429794856fc0f5f981a8.jpg,3,66.231408,28.823469,3,66.296821,28.869785,7.56325,0.11308698,0.89313424,0.013462245,0.87487316,0.9708787,1.4414579
8b4ab2bd18e14da2b85bf5415ad8d0c4.jpg,7,45.042879,11.54058,0,52.896863,30.377933,1621.4176,570.2367,0.6964294,0.0016739368,0.6826992,0.8241217,1584.2758
8b4fa51e30084acd90788a08a6bc2d1a.jpg,6,65.775981,-14.833768,6,65.937757,-14.83553,17.988874,5.7331023,0.8426353,0.007277608,0.84731984,0.84443164,5.7331023
8b79e3ef970e4a35a485bf1de1d08f98.jpg,11,39.142017,37.508772,11,38.248852,41.02359,320.76984,19.054138,0.7665639,0.0051186085,0.7469977,0.9229406,500.9298
8b8c62c3e23b44d396c6d86026216f4d.jpg,9,49.966726,22.051367,9,49.958614,22.179809,9.231667,2.1768413,0.7374629,0.076814115,0.7556437,0.73346776,283.0567
8b972d130d1947e49bab37dd6f7d6d38.jpg,9,49.918228,21.314189,8,59.395396,6.189283,1427.7045,727.5142,0.70165545,0.023394704,0.672765,0.81721723,1427.7045
8bb47ccc738e464696bd470f92917e83.jpg,11,39.805486,44.094734,11,39.811804,44.085104,1.0817527,1.0817527,0.89601856,0.09556711,0.8871763,0.9578527,10.329584
8bce910418fc4a3dbeaee73d2cafc814.jpg,5,50.377206,-4.464514,5,50.455302,-4.728684,20.633835,2.9403992,0.7305487,0.006961167,0.73485345,0.8324473,2.9403992
8be84ef907ee4e73aa98fd51f7fc4007.jpg,11,38.672637,41.202072,11,38.671327,41.198874,0.31352437,0.28589803,0.79756564,0.0047355294,0.7698568,0.9191159,52.99336
8c079530afdf40649b366de2b7deb2c4.jpg,2,39.688449,-7.629331,4,43.754902,3.465007,1024.6428,357.36005,0.6767321,0.0028104782,0.6946613,0.7227669,2863.0137
8c7758bd5d3f4e70b5a254878d5a7203.jpg,2,39.358262,3.131218,2,39.354319,3.132359,0.44928315,0.22619879,0.7407275,0.039108217,0.748201,0.75738466,982.428
8c8a412c4aa24bd892f430fa6ad1c191.jpg,9,52.28413,18.843314,1,51.107727,12.599637,449.60522,80.81829,0.7573794,0.052608073,0.7624678,0.7523835,533.0795
8c9465e3df39426a99cef501d9db86b2.jpg,8,69.502923,19.250518,8,69.505676,19.251603,0.30902097,0.30902097,0.8940329,0.031757176,0.87152576,0.98406124,0.30902097
8c996f871983450eb32b37b6e9077bbe.jpg,11,40.264163,39.476666,8,60.545229,8.23731,3104.6218,7.498721,0.71182334,0.075734675,0.69462943,0.78059876,3104.6218
8cf744ee7efb4839b2ba54d6d549239e.jpg,11,39.797171,44.110018,11,39.797522,44.10919,0.08079111,0.08079111,0.9402068,0.10772371,0.9311923,0.97626495,0.08079111
8d0abd0e888843398ec9879b8b44cc0a.jpg,1,50.315272,8.780011,5,53.137395,0.321755,661.12524,429.46426,0.70359707,0.0036414862,0.7209586,0.702147,937.7494
8d1df1c210d5478b9910cdd6aa0fd05a.jpg,8,67.970176,13.174574,7,43.013803,11.910282,2776.034,128.06697,0.66846657,0.044002652,0.673367,0.7403332,951.6296
8d34a5885af9466e88794caeb869eb8f.jpg,11,37.78384,39.490982,11,37.832534,39.669233,16.569288,16.569288,0.9043347,0.028767645,0.8911333,0.9571402,16.569288
8d3dc4b60d0c4c098542134bf7d8e6b7.jpg,8,62.060226,7.258702,8,62.049625,7.25159,1.2356628,1.1547463,0.69711804,0.033928752,0.6832737,0.83952975,3094.259
8d43119189c042329721f18d523cf9ef.jpg,11,41.101226,39.443484,11,41.049121,39.542383,10.1140785,10.1140785,0.76674235,0.09595525,0.7710875,0.8207785,140.50159
8d80df343e0741069883d52bd86dee35.jpg,6,66.104728,-17.270412,6,65.652981,-16.791869,54.736633,14.015849,0.8604536,0.0024299622,0.8401092,0.9462153,37.024845
8da821e6a83649879a1aab812055797d.jpg,6,64.716473,-14.324796,6,64.716348,-14.324656,0.015407643,0.015407643,0.9704479,0.0004401207,0.96560997,0.99198943,0.053854838
8db39ed2c2204422aba27e4c71698f8b.jpg,3,64.426447,27.622723,3,64.422415,27.674665,2.533362,2.533362,0.8869865,0.055476904,0.87115604,0.95030797,2.533362
8db43c87591b48d3b9d4ced0220b088f.jpg,1,51.047949,11.540457,0,55.394973,28.44172,1220.6433,523.43195,0.67310774,0.0028865337,0.66507506,0.8017956,1339.7958
8dc3c12fc05a4f8eb558064d044c83a1.jpg,5,57.327991,-3.698684,5,55.259696,-1.892847,255.53555,7.3358483,0.8142627,0.03292334,0.7971213,0.8828282,255.53555
8dc44a48b7324f549cf32bdcc8ad5dd9.jpg,4,45.545315,1.800104,1,51.942696,14.036866,1142.4846,491.03467,0.66072714,0.0052362084,0.64227426,0.7345387,1142.4846
8dcec5d34dfb481592c33617dfa2bc85.jpg,1,53.147594,10.095165,1,53.234732,9.999449,11.59942,7.8368363,0.7336306,0.010180771,0.7159546,0.84742117,92.77962
8de8c8ed6fb84d7f918ef93e815b23cc.jpg,9,53.350906,16.431747,1,53.440619,9.945042,430.06104,11.251458,0.7374657,0.008518398,0.7395414,0.7752737,99.846115
8e0548dc5b8c4c8db7ee76d8816edae5.jpg,3,61.92056,24.718536,3,62.839438,22.029673,172.17848,12.232733,0.8011454,0.00242728,0.7681357,0.933184,172.17848
8e0fa14629f649938bd5cb407faba699.jpg,1,53.620759,9.102894,1,51.981521,8.044866,195.65573,6.5743074,0.7106267,0.027597368,0.7018077,0.84726477,593.90875
8e1187d3f805456db1a15587ceceb249.jpg,8,66.683327,16.10198,8,66.659162,16.158711,3.6688664,3.6688664,0.82252306,0.003835082,0.79489887,0.9330199,3.6688664
8e1a3ec4f3e242b99c232985fbed983c.jpg,3,61.183006,21.961342,3,62.464361,22.067496,142.5893,17.402206,0.8151488,0.023869038,0.80682504,0.9046174,142.25172
8e24db1c1e284e3aa576471ba581bd8c.jpg,0,52.769769,30.757316,0,52.676982,30.817168,11.076896,0.35967916,0.8343612,0.021496356,0.80265665,0.96117944,11.076896
8e2fe2fc172046f7b7fb20858453a0a9.jpg,11,38.788181,30.524962,11,38.993816,30.961527,44.163773,14.857156,0.80203146,0.027229786,0.79685956,0.822719,44.163773
8e64756839c240ef997fd3cbbf55b9f7.jpg,10,55.481991,14.250514,9,49.52454,18.993086,735.70905,8.897405,0.62612957,0.0047361255,0.62265,0.7303121,354.18277
8e7436b979144cc0888148e1f55cbee1.jpg,11,38.675343,29.249467,11,41.379008,31.95694,378.80206,5.263313,0.64413065,0.0042711496,0.6183784,0.76723933,21.16636
8e769c47bc734737b0c415c4bb845edf.jpg,7,40.560951,16.408526,7,40.585226,16.337901,6.547374,0.28036287,0.88083977,0.018654585,0.8614875,0.95824856,6.547374
8e94d1f508e549eead05ceb32e4d6018.jpg,3,66.105934,24.810868,3,66.107047,24.811739,0.12982845,0.08251609,0.9439561,0.014463484,0.9374461,0.96999586,0.12982845
8eb6407801ba4f38a8894615d323639c.jpg,11,37.808183,40.430224,11,37.838862,40.610379,16.18716,13.51021,0.8195775,0.037211776,0.8123293,0.8801614,214.40337
8ec82ed733ed46279d36a188b34a57db.jpg,2,42.766292,-8.451231,2,36.752177,-4.119478,764.13666,169.36165,0.7335326,0.023634076,0.73671293,0.81223214,2003.8046
8ee6293ebe2a4ed4971660e24b3281b3.jpg,11,40.324596,37.605758,11,40.324315,37.607316,0.13572396,0.13572396,0.9002306,0.18873876,0.88291454,0.9694946,0.13572396
8eee503a148140518feb4f51607935ea.jpg,1,52.100892,9.91935,9,53.312511,18.594576,599.38916,32.05147,0.68658274,0.007305324,0.66992307,0.7719397,649.55994
8ef0acc41fd648739db81a9ce846c32c.jpg,3,67.479148,27.941209,3,67.481408,27.918788,0.9873778,0.95436996,0.89898926,0.02073747,0.89062715,0.9324378,0.9873778
8ef878b370534109b9809f1429d4cdb8.jpg,8,65.676054,14.168402,8,69.276446,15.971742,407.60385,35.135742,0.7339021,0.011700213,0.7338266,0.90212846,139.71925
8f45d65b51a84a709dfcafe666e49952.jpg,6,65.570134,-19.349029,6,65.608191,-19.353538,4.236821,0.6310913,0.8942528,0.0061818957,0.8759972,0.96727526,4.236821
8f49d71593394a0eb108e7a60b2baa8d.jpg,0,55.267192,30.111688,0,55.192509,29.072382,66.425964,0.25338826,0.7708113,0.038658082,0.7310029,0.9300449,66.425964
8f70ff604f6b4e7e80614c8be775bda7.jpg,1,51.782584,7.302088,9,53.944871,16.024034,632.41534,88.59006,0.61421394,0.01477021,0.5984874,0.78546846,528.5328
8f8036e09fd848c89be07d45ad440451.jpg,3,60.945981,23.239374,3,62.63958,22.766858,189.94896,0.64455605,0.7538674,0.016699553,0.73142666,0.85013604,431.51718
8f9bcbc64d7b437ba371e113d264ca03.jpg,11,36.327937,33.428249,11,36.709153,30.560857,259.7122,0.2948041,0.74652207,0.011872649,0.74348027,0.87616765,20.699863
8f9bcca199a543ed8e27e444e393f359.jpg,3,66.191625,28.611127,3,66.138562,28.489213,8.051318,8.051318,0.79404485,0.021719933,0.77954745,0.85203445,8.051318
8fa61e60611f4d35ab18f88be85f2917.jpg,10,59.146031,15.167312,10,60.02624,16.218432,114.36679,3.4674392,0.7722044,0.014319062,0.7408901,0.9348712,141.81523
8fd2fb22db384bdcb1bee464181f9efc.jpg,11,39.523902,31.133649,11,39.52427,31.13215,0.13492559,0.13492559,0.951884,0.11627352,0.9495894,0.9610624,0.13492559
8fd8eef2f7d74dd583b94220ddf07f42.jpg,5,53.720084,-0.422087,5,53.762108,-0.616057,13.585304,13.585304,0.75506794,0.078288734,0.7539513,0.8055625,3061.1775
8fe3058357794e88921006161530897e.jpg,8,69.083631,17.979379,8,69.219644,18.090956,15.755361,0.2571498,0.800892,0.0023462176,0.77547455,0.9200274,21.22241
8fe57fa144624347845e74ee139f8032.jpg,3,64.815853,27.812411,3,64.842564,27.786258,3.2173758,1.3675555,0.8700096,0.027534187,0.8564562,0.92422307,3.2173758
9013440e930a41498b821f11d1030a61.jpg,2,41.84419,-0.797108,2,41.308427,-1.730046,97.832535,4.4061556,0.6976378,0.015542865,0.6750049,0.79137295,367.8866
901e08dbef0e4444ae425f2df42e4ee5.jpg,8,70.9886,25.750461,8,70.987527,25.7548,0.19732966,0.19732966,0.9526121,0.00079894066,0.94456184,0.984813,0.19732966
90326a1bc3ee4e9f87e7f96e718a4b58.jpg,8,62.375383,6.330879,4,48.240707,5.480299,1572.594,856.3458,0.6705143,0.04761535,0.66222227,0.7382421,1255.0615
904085cfb2494273b6a6e1495481028c.jpg,9,53.766513,20.547057,11,36.912014,31.125777,2043.2505,197.38788,0.60569257,0.012171268,0.6317109,0.6703373,1556.0795
9048da90105b4fcca1ca9f31cbaea2a1.jpg,11,37.916352,27.271414,11,37.88537,27.271146,3.4451263,3.4451263,0.7226013,0.038558066,0.7400117,0.8172857,2434.798
9052d173d0f74c9aae99773a2cb3cd55.jpg,9,53.116062,22.8425,10,57.251732,17.013225,589.8534,333.16156,0.6946163,0.028382301,0.7048316,0.7105675,1665.1785
90712db9a18e4fa282bdcfb6907738fd.jpg,6,66.009183,-14.87878,6,66.008338,-14.846748,1.4512622,0.25249904,0.9222153,0.011920691,0.9119058,0.97124934,34.536522
9093a497190d4061bd9b8280359c1369.jpg,9,52.430364,20.737443,9,54.705999,18.390373,296.69464,39.163433,0.716355,0.0044716,0.74011385,0.7965368,576.98193
90d0e2fa28764e62bddf2506a697659b.jpg,4,47.785803,5.592106,7,45.147205,11.042821,510.05554,66.213,0.7095086,0.0031545758,0.7144959,0.78039175,85.45609
90d856ae76f64b2590ab824496b139a2.jpg,2,38.407039,-0.551021,2,38.143325,-0.934572,44.507008,7.2489934,0.7369201,0.0023166537,0.7398032,0.7253876,44.507008
90f174ff3ab94da89c8451ff048e70a9.jpg,6,66.084803,-15.145187,6,66.087491,-15.163192,0.86485356,0.86485356,0.89588106,0.022564173,0.8821509,0.9508016,0.86485356
9118c406ba7e4e3dba45e4b502ba207f.jpg,1,52.819171,9.637205,1,52.818542,9.637454,0.071915455,0.071915455,0.85053724,0.070319474,0.8375964,0.90230036,0.071915455
9129fcb95bf645d29ff8ebfe25461fc0.jpg,2,43.112036,-8.146786,1,50.374468,7.799888,1454.2654,13.948765,0.6789434,0.02533102,0.71148497,0.6834909,2055.2612
91361d087e16430fa1b6d2ff1ea37091.jpg,3,62.495581,26.879078,3,62.450594,26.811532,6.0887365,6.0887365,0.88174796,0.10937339,0.8762613,0.90369475,6.0887365
915d7ea411574146a8fefb96e84d79b2.jpg,1,53.094623,10.756645,1,53.997436,11.540971,112.97236,29.135912,0.6890655,0.0151100755,0.7257132,0.72089785,688.4286
91743b3655134d22a1d591dbcfc000ca.jpg,3,67.198057,26.67986,3,67.077335,26.562892,14.343286,12.473455,0.9004772,0.008966744,0.88568807,0.9620329,58.576767
9190d9054fe74c7883b0c3ea43511680.jpg,5,57.139032,-2.345746,5,59.025661,-3.272149,216.73257,19.714293,0.79635835,0.002940476,0.7706005,0.89938974,216.73257
91e7766d434d4fb68218c0abb1a1b038.jpg,4,44.474473,-1.235359,4,44.51101,-1.235219,4.06275,2.9898233,0.7841304,0.086624384,0.75961983,0.8821725,4.06275
91ecbdfd3fe7494c97920acb4aa6ce0d.jpg,0,55.166443,30.321166,0,53.652873,23.979197,443.3781,2.390136,0.8003526,0.021887183,0.7926651,0.8632356,13.678351
9207dd2c84cb4b07b43f7971ae9780f7.jpg,0,52.755659,29.398282,0,52.845918,29.36257,10.319514,4.4815497,0.83860165,0.018018782,0.8335528,0.91409224,50.117596
92147138b99b46cb8aae780529466f45.jpg,9,53.726098,21.32721,9,53.733038,21.331534,0.8224476,0.8224476,0.8330282,0.0266006,0.80768454,0.93440264,0.8224476
9227d98ba37945fa9f00f43e49d5fb4d.jpg,10,64.199549,20.790814,10,60.814739,13.429015,532.7347,6.2914066,0.76656896,0.014971793,0.75144243,0.8310735,770.58997
9229bda5994b43f1a82a4250fa8f29fc.jpg,3,62.552665,22.034549,3,62.57908,22.030513,2.9444869,0.7336199,0.912081,0.009702861,0.8968977,0.97492164,52.189648
924ef722dfe641f7a9791ce66aaa527c.jpg,2,39.473074,2.895959,2,39.467962,2.899158,0.6312791,0.6312791,0.8304405,0.0049217343,0.7983636,0.9587481,0.6312791
9281cefe2c0a4f3ba8439b654ec0f2a0.jpg,10,65.922477,22.656767,10,65.924175,22.657625,0.1927792,0.1927792,0.9229709,0.06544006,0.90731823,0.9855814,0.1927792
92936f82c41a47d0b5e5e8cac3ee721c.jpg,11,39.550074,33.220289,11,39.564344,33.326767,9.265263,7.7218647,0.7901879,0.0060139894,0.7814926,0.8923429,7.7218647
92b878ace32d41579178b33839b202b3.jpg,8,64.836724,12.993865,8,64.743564,12.846071,12.502181,2.07489,0.84753275,0.0018901229,0.8178489,0.9662677,12.502181
92c6df64f73a485ba535f84f19ac7d78.jpg,1,47.995991,12.007422,7,38.031026,13.344114,1113.3236,125.001915,0.67659175,0.008851051,0.67250186,0.7644228,1114.3468
92e2b36fc0504cd5a9ab306a5daac784.jpg,3,62.646533,25.49426,9,54.556743,18.317263,989.58545,18.391634,0.77177525,0.024042785,0.7787943,0.864732,549.2041
92febcc0bfa042e087398059167e0a15.jpg,10,55.772907,13.635375,1,53.612949,7.85119,442.35004,41.27591,0.6857674,0.018769085,0.66768813,0.7856693,520.97205
930c8377574e4b76886576a6d74517af.jpg,7,38.018031,14.080718,7,38.020595,14.05986,1.849267,1.849267,0.72419876,0.045045733,0.7287785,0.7851329,297.16617
9320e37e08974233a3586f0d13dbc4c7.jpg,5,58.504171,-4.571285,5,58.503863,-4.571898,0.049407028,0.049407028,0.9336023,0.08116144,0.9247415,0.96904516,0.049407028
93265c41b3a04a458558e079a38590f3.jpg,5,55.441775,-3.503293,4,47.135668,5.59369,1117.4718,668.4218,0.6611997,0.0043522716,0.66323066,0.7001847,1104.4174
936915736a64478495ec3e9529e95a45.jpg,10,65.017095,17.653996,8,65.424406,14.630115,148.00822,8.629198,0.77930593,0.029794812,0.76213956,0.87185794,254.64076
937faab21e294ad69009c85dcc58209c.jpg,4,48.1022,0.166088,11,39.445754,27.633439,2389.6758,236.73126,0.7022534,0.030271709,0.6878591,0.77387244,2637.9004
938b038921af498dafd8f774a114d369.jpg,11,40.615055,43.200825,11,40.615791,43.17016,2.5896573,2.5896573,0.9180829,0.084477246,0.91941446,0.91275656,2.5896573
9392bf07dc514e6186d3b0223358a54a.jpg,1,48.448695,11.522224,5,51.447481,-1.248135,971.1289,133.16554,0.697893,0.0035545826,0.6710973,0.8050761,971.1289
939538b49c764308ac2d4356a65bb6c8.jpg,11,38.784368,35.455759,5,52.941973,-0.598363,3157.9043,0.38366753,0.71451175,0.009311438,0.68628854,0.8274046,3157.9043
9397e102ebdf4d698e8f8d71cfc1e562.jpg,1,52.239694,14.024172,9,53.41419,15.383925,159.37378,2.815896,0.68033946,0.00075900555,0.68155044,0.76877683,280.78284
93a93ee567fd43ebb841a60b17be8e18.jpg,3,68.385087,27.409191,3,68.378519,27.409217,0.73033005,0.67275333,0.94078416,0.0057203174,0.9301268,0.99030936,2.5095625
93c3791f203a4350b602793f2f97c11d.jpg,11,38.591998,27.956172,7,39.292201,9.589428,1587.6354,8.646522,0.70613563,0.014521539,0.7150795,0.8071763,1031.4055
93ec1b99f1c4474ab40ce04b8b5c5251.jpg,5,57.212318,-3.259059,5,56.209178,-4.382868,130.94002,1.1336104,0.7732459,0.011953473,0.74164206,0.9109957,26.948412
94050e8baef549b397168d11d1ad3f16.jpg,11,37.994249,30.289767,11,37.986476,30.285999,0.92524827,0.92524827,0.93470985,0.043914378,0.9299137,0.95389414,0.92524827
9408c509ca8d40d49d12a48057d1d813.jpg,7,43.495397,13.162527,7,43.495739,13.236606,5.975628,5.975628,0.8011703,0.06272167,0.796972,0.8179635,5.975628
941cd0a68ebb4524896304cde756e9b3.jpg,4,42.888519,1.400863,2,41.147517,1.013315,196.21964,65.89254,0.62503076,0.0035232902,0.5984658,0.7924664,170.52823
943a5dd699724cc89e6bd17d0ec65fa3.jpg,5,57.172904,-2.709073,5,57.162041,-2.718103,1.3249253,1.3249253,0.82836425,0.039543033,0.79900503,0.946026,215.04324
94846ad68a854084921f54f59aac065f.jpg,11,37.307217,30.376006,11,37.193641,30.254571,16.583742,6.178229,0.80408067,0.018100321,0.77233875,0.9310483,16.583742
94c5c6ab0ee84446a432957afb695d9b.jpg,11,36.719055,33.121519,11,36.708295,33.129364,1.385826,1.385826,0.7604432,0.13531864,0.7469167,0.81454885,1.385826
94cfd4f95e314e6a808810d72d9ef7ea.jpg,10,65.340937,16.04993,10,65.159919,16.557663,31.045166,4.4292183,0.94508773,0.0031288266,0.936866,0.9779746,31.045166
94d1091a3ec243aeb22e643cc8db9c54.jpg,0,55.706538,28.262722,1,51.026717,10.35973,1292.031,76.641014,0.6649804,0.017962992,0.6766754,0.80193484,1503.0743
94df2b6c9f9147fab776425b8ada1c27.jpg,8,60.52858,5.163211,8,60.523134,5.302453,7.6421533,2.9924924,0.7415911,0.041318238,0.7335618,0.7808453,97.57917
950106d6aa6f4d3292193c69dbfbfe7e.jpg,3,66.241134,25.341481,3,66.160254,25.101915,14.015531,1.1558406,0.8540833,0.00940609,0.8376901,0.9196558,14.015531
9537564c87a94e0d9ac1b81652958b11.jpg,1,51.174762,7.779689,9,52.479205,16.535006,618.5003,7.6746492,0.64960045,0.019631565,0.6563673,0.6995771,405.43546
954301a9569a4f61985cefeada75f1a2.jpg,6,65.102027,-14.328395,6,65.104617,-14.328541,0.28807634,0.28807634,0.9543516,0.040700555,0.9467765,0.9846519,0.28807634
955f565b4f214175bbbcac9ac5b5e204.jpg,4,49.941339,3.242309,4,50.045754,3.229318,11.647514,11.647514,0.8449986,0.12569189,0.83119243,0.9002232,11.647514
958cbaea32f34e84a15481cc36c95d0d.jpg,3,60.903334,21.644132,3,61.109459,21.510456,24.0258,20.892315,0.76685774,0.0024119616,0.74921477,0.86943567,255.28885
958fb16d0ada49d9b12b02a6436060cd.jpg,3,64.420799,29.67788,3,60.527143,27.549274,446.49667,266.40482,0.7626889,0.0019681454,0.7522878,0.8348619,831.2874
95c3114efafa4521a9757e27fac8da9d.jpg,0,52.218044,27.865128,0,52.536277,25.684381,152.19377,0.12115156,0.8421962,0.0055811405,0.82859695,0.9198153,36.07442
95cd286154e64122bd8148d2eab28703.jpg,4,48.24428,-1.699972,9,49.933161,21.362856,1683.1392,287.8508,0.59904,0.0055855513,0.58451146,0.7421031,475.08884
95cf857971354ed495ce47c1aeb24ce7.jpg,8,63.023762,8.595796,8,63.023488,8.596998,0.0678544,0.0678544,0.7704184,0.082148015,0.776646,0.78435606,2414.167
95f2a083d45c46b1882773e233a6da62.jpg,2,42.771244,-5.038867,2,42.789596,-4.904219,11.176889,2.7026901,0.8374765,0.036725163,0.8222189,0.9162103,23.505001
95ff9ec642c848e1959caa3870d67657.jpg,3,63.655323,26.611841,3,63.642007,26.598409,1.6223156,1.6223156,0.69523436,0.04588735,0.6790272,0.7993922,648.9088
960dc65c4846430596658469c7be179a.jpg,0,55.589331,28.575888,0,55.605946,28.465349,7.186197,0.25466657,0.65736854,0.017474115,0.67986435,0.66040915,1496.5728
9614d796de9449ee8bc42288439919e1.jpg,5,51.802147,-2.011716,9,54.757664,17.655163,1343.2941,0.19673131,0.7317677,0.013636529,0.69692886,0.8711231,1343.2941
9616c16033354ea388ce039c23734c37.jpg,1,48.974176,8.081471,4,44.687391,-0.537311,809.8165,0.5747424,0.7128089,0.013215482,0.7068962,0.80157554,270.68616
961e07530f24434da9b58af4486a1034.jpg,11,40.160884,29.371821,11,40.163973,29.367501,0.5027363,0.5027363,0.83184564,0.1322881,0.844,0.7832284,0.5027363
9636b37324f4456e8d815496e7bd24da.jpg,9,50.849987,20.273811,11,40.581937,35.651773,1645.8375,192.20573,0.66669434,0.006860256,0.6689441,0.7587357,1768.2301
965b5c70973c4890be6672464d3caab5.jpg,3,62.935637,23.039241,3,62.928149,23.037427,0.83767265,0.7223725,0.9296043,0.020535111,0.9222238,0.9625484,0.7223725
966727252a934967bac9c7104371be81.jpg,10,67.227809,19.244056,10,67.193841,19.412002,8.160265,7.7132483,0.9033114,0.010490358,0.89015305,0.95594454,8.160265
96899b6445d0482c98617f8d700c7239.jpg,6,64.769152,-14.467177,6,64.276197,-15.032096,61.111694,3.102564,0.8036159,0.030493855,0.78603995,0.9310731,50.826077
96a38a3843a54e389cdc3774da9d3548.jpg,6,66.161657,-17.233965,6,65.652981,-16.791869,60.0162,20.531761,0.8091339,0.03415346,0.79272044,0.87478745,60.0162
96f03ae8fb80446991a91be42accb493.jpg,9,54.659429,17.629052,9,54.62042,17.806495,12.214584,12.214584,0.73309726,0.07261616,0.7305521,0.7651712,1472.4442
96f1587669194e49a391b4d284c28f2f.jpg,0,52.05554,29.432712,0,52.231507,28.878247,42.59585,2.4871497,0.7706989,0.044097245,0.76671636,0.7874944,394.58447
96fd4d9b134a4b0c8d3b7e65dbf919d9.jpg,1,48.713101,13.142827,9,50.027773,19.307024,469.49265,12.261422,0.6535616,0.0067492723,0.66776574,0.69931644,1460.1311
9703ec512ee446e1a14a36d31e255c2c.jpg,0,51.676373,30.35687,0,53.391882,28.53611,227.03978,0.56564665,0.76568055,0.0015556812,0.75165105,0.8763405,72.88896
97237497b3a84fc3854c2e08415e4190.jpg,2,42.421361,0.013808,4,43.701882,5.582655,474.18622,231.3738,0.67777306,0.033234715,0.6802067,0.77624536,722.03656
9740a24e251e402eab9e257ec7608857.jpg,3,62.606023,22.749685,3,62.570099,22.745907,3.9992514,1.1283442,0.821218,0.03997135,0.7930549,0.9338704,3.9992514
9752e03c3f93437d8b1add8badb63753.jpg,0,52.902924,29.309302,0,52.803155,29.4057,12.844053,1.2805607,0.81543714,0.0075237155,0.7936946,0.94972396,10.931306
97671e5db74b4ce58a804c747f803b60.jpg,6,63.724435,-20.234328,6,63.547965,-20.086815,20.930874,2.7952716,0.826494,0.00651443,0.8055907,0.9457296,2.7952716
97896d2991344c66bbdd4227fca2d052.jpg,9,51.959381,20.573478,9,52.072733,20.369645,18.800064,8.2655525,0.8071197,0.020586312,0.80214316,0.86847425,14.630372
9790a075e09f45e695fb8aeb4f3fb931.jpg,2,27.96411,-15.602765,11,36.912014,31.125777,4451.237,11.805944,0.66987,0.029063582,0.6677928,0.7380729,2125.1897
97a0ced4073d4b648da081ead909d810.jpg,6,64.968431,-13.855779,6,64.968644,-13.856102,0.028140789,0.028140789,0.96386105,0.1598326,0.9575582,0.9890723,0.028140789
97a64c53c1a743a7906a19ea16c4d801.jpg,6,64.6716,-21.625595,6,64.67435,-21.665322,1.914295,1.914295,0.8732359,0.04781282,0.8618372,0.9188305,1.914295
97b0321b55a743088b91a7a002b48b6d.jpg,5,54.054408,-0.937117,5,54.030452,-0.960102,3.0574493,3.0574493,0.77542764,0.07692748,0.76242954,0.82742,3.0574493
97d62313c22e41c2bd8e64247c2e9ccc.jpg,8,60.48217,7.838525,3,63.198933,22.811163,839.36646,138.91754,0.8599633,0.0049067736,0.87020886,0.85627306,1037.241
98312312eb6b45df86f114d40f49f2fe.jpg,5,51.382712,-1.199315,5,50.905289,0.629369,138.16905,18.14808,0.6243327,0.043993175,0.6003747,0.78742486,43.03299
986b4ebe2e564dec9dfc30904333dc7a.jpg,3,67.92091,24.513736,3,67.614927,25.402213,50.54479,19.485569,0.8036519,0.0050450563,0.80072325,0.8856808,424.7576
9879a20755254e02adafdd11f0e4edb5.jpg,4,45.744849,3.793346,10,60.492783,17.424146,1866.8722,1108.9524,0.71059644,0.011367559,0.6998489,0.7759521,2460.7366
98827dda7e8d441eafdd649cb365e55b.jpg,3,65.034421,24.592728,3,61.648481,23.537009,380.15234,47.346798,0.74695104,0.0041104555,0.7113756,0.8920118,365.7907
9884077494114ca2b66b9395fced3ea3.jpg,11,39.655192,40.184981,11,39.632693,40.178891,2.5555425,2.5555425,0.80746865,0.0018811226,0.78029454,0.93140686,20.350409
988b58f2e4ca4fc4abd06c10fa1a9d39.jpg,4,44.239722,0.59674,4,44.23671,0.59138,0.542683,0.542683,0.75106317,0.05922097,0.75395525,0.84198487,2252.2075
9893c8a6e2a441f18c755d97227f8eaa.jpg,6,65.580756,-23.185385,6,65.988457,-22.943558,46.656643,1.3014433,0.8092927,0.00024843216,0.7824844,0.91652584,46.656643
98b3283f443d46b79a206961aeb6eb97.jpg,10,62.157194,17.448195,10,62.157733,17.449426,0.08763029,0.08763029,0.8020371,0.1284318,0.7925697,0.8763591,359.73688
98b9c3176ade4d3286f6142a2bf5e547.jpg,11,37.2329,32.228513,11,37.25257,32.211046,2.6785345,2.2456667,0.78619707,0.07383877,0.7594133,0.8933322,2.6785345
98ccca36be414e76b84a87dc895ba093.jpg,10,56.333729,15.145573,9,52.670344,16.90103,422.78943,39.273884,0.67640543,0.004616499,0.6698104,0.7174114,1307.1444
99410ad31e8a47dfbb21ee21f5d85ee7.jpg,2,39.408563,-0.333925,11,40.511476,36.146334,3089.365,310.56952,0.6916101,0.0036091805,0.68398154,0.7943393,3071.4807
996aa77cb3354fe5be6b8152e4b0fd2e.jpg,2,43.620952,-5.801134,2,43.623597,-5.80019,0.30376846,0.30376846,0.7898137,0.10794777,0.7513256,0.9437659,0.30376846
998840eeeaaf4d7ebad157366820d58d.jpg,0,55.481654,28.81624,10,55.401168,13.155297,985.7688,19.76257,0.6782434,0.014292419,0.68519783,0.7496565,1439.49
99af2160bf41459ca005e6d81eb03bd3.jpg,3,61.731686,29.390917,10,61.793972,13.502166,833.8369,2.369231,0.71356237,0.001080811,0.7037492,0.8580854,359.36417
99c17d510d1a4e339f911187e9c33d0d.jpg,0,55.809204,27.973134,0,53.870872,29.21401,229.70299,2.870522,0.7755046,0.02632922,0.74866194,0.9043718,258.1197
99d3878de78b4fdc8ab39f53879a2b26.jpg,11,37.21591,38.796745,9,52.366013,16.249205,2431.0952,1998.3031,0.689925,0.07674581,0.6770804,0.74130356,2431.0952
99e7824cb34446e6bcd1fb2746d9dab0.jpg,0,54.500964,25.875252,0,54.501517,25.876029,0.07936119,0.07936119,0.84664184,0.20961905,0.85271275,0.822358,0.07936119
9a127c97b126405f849b93de26f09ef4.jpg,1,51.830832,6.669022,1,48.790758,11.354066,474.1107,63.85327,0.7366078,0.014500558,0.71327305,0.8299467,474.1107
9a1515966fa24c36b8e59dbe5e107588.jpg,9,53.002843,15.012551,9,53.41419,15.383925,51.997757,19.109194,0.7695236,0.023664117,0.7615188,0.8015431,51.997757
9a1b1a0f6111468e84d12279638dd04e.jpg,2,38.940215,-0.187837,2,39.321286,-0.410527,46.523506,24.83584,0.7964877,0.0057991147,0.7823896,0.91013145,56.05362
9a36eabf377b43b4b6df3b8afa1033fc.jpg,2,42.112021,2.774026,9,52.399153,20.160652,1732.7062,1259.9236,0.69537175,0.0052802563,0.6697886,0.81429595,1541.6608
9a525dc86ecc48d28587bde846f4a2ac.jpg,11,36.857938,28.254946,7,37.333999,14.119502,1253.65,4.7628694,0.6777432,0.007543206,0.65956557,0.80285466,1319.7789
9a7b57c0d5dc4e5899b709b04b76aae8.jpg,5,54.200853,-6.094424,5,51.852888,-5.100313,269.4067,9.267942,0.78229445,0.004567325,0.7606884,0.8986246,31.624088
9a7c81e35bf14e5c9bbc6f5e971c6423.jpg,4,46.996654,5.695692,9,53.7192,21.319966,1332.3872,802.1034,0.73513657,0.010851264,0.710639,0.84854794,1310.2898
9ac0e49b634a43b2b78b1905221b810d.jpg,6,63.567348,-19.855503,6,63.93396,-16.447924,172.44594,0.47599107,0.7805401,0.0025529265,0.7427275,0.9317906,172.44594
9acd3535f2ab427fb6a347b3fc8cd7c4.jpg,2,39.360402,3.200645,2,39.54071,3.237928,20.303312,0.37317607,0.79791355,0.004954338,0.7693528,0.92709064,6.7092357
9ad567a94c0242449e69ed15d44d92a4.jpg,6,63.646774,-18.419041,6,63.657997,-18.41391,1.2733729,0.072409414,0.93811333,0.010024309,0.9339944,0.96318156,20.94087
9adb6a28385d4c9c902c7994141bd4a4.jpg,3,68.360408,27.415987,3,68.363119,27.411966,0.3435908,0.114595436,0.8906376,0.03001219,0.8709215,0.97121567,0.6854027
9b07ba5991cb481e9b36a2859d30812d.jpg,1,53.8256,12.138375,1,53.742047,9.336188,184.3197,5.7571645,0.8026067,0.01753211,0.7931894,0.840276,184.3197
9b16b888104440cbaad6eec6f5903ec2.jpg,10,65.247336,16.878074,10,65.249473,16.860178,0.86638474,0.86638474,0.8525998,0.009411156,0.84302264,0.93967915,197.57472
9b3c6b9a443347f08e53f2967f193a25.jpg,11,38.584397,30.226801,11,38.993816,30.961527,78.2792,1.1560636,0.89977694,0.014189482,0.8845074,0.9608549,78.2792
9b3f8cc0abf54a41a44823c87b525c89.jpg,3,63.67815,26.21818,3,63.679958,26.351708,6.586502,6.586502,0.9166154,0.01634115,0.9049368,0.96435297,80.92828
9b42f937a39e4dbd96a46900bbd83064.jpg,9,52.906779,14.341461,9,53.870583,14.615887,108.70419,7.819532,0.8076226,0.008494914,0.79117644,0.8896073,109.77589
9b58b4f868fc42b0a0695bebcb50b556.jpg,1,54.539908,9.896519,9,53.32512,22.456766,832.11066,228.95262,0.66929144,0.015727282,0.6613946,0.7726933,572.8261
9ba7a672f2ac4dc58f9adca2af5a5102.jpg,7,40.512732,16.476217,7,40.52729,16.464582,1.8941187,1.8941187,0.7107549,0.049050808,0.7277287,0.8608744,2462.535
9bb9da94ec41402da547ebfea964cff5.jpg,8,67.298351,14.777607,8,63.230691,9.432156,515.75665,33.64318,0.6929052,0.007366717,0.68324924,0.7687552,692.49396
9bdc5e94600d430fab75e2ae839efba1.jpg,1,51.527312,12.935344,9,50.533499,23.761766,764.4029,195.31464,0.7371737,0.017334223,0.731553,0.8032603,666.8194
9be2b2e0ece4400f8484a2bf8334518e.jpg,8,70.666224,23.693907,8,70.672751,23.653047,1.669915,1.0843956,0.75013995,0.016651034,0.7199056,0.8986381,1.0843956
9bff4c3bddbd4c0c840b65c229000bf6.jpg,6,65.438084,-20.692526,6,65.675744,-20.684976,26.428905,6.461496,0.819981,0.039257288,0.80268556,0.88916266,26.428905
9c12836067404d3dbe39ccd1536407aa.jpg,4,48.553248,-4.699288,4,48.554634,-4.678858,1.511559,1.4893929,0.8070757,0.013888836,0.80023044,0.85241616,14.279358
9c14eb2fd7d94ae7bfa286b4b375cc46.jpg,0,54.513904,30.500189,0,54.365033,29.165801,87.862785,0.18824771,0.84606886,0.012610257,0.8242612,0.9533068,334.26852
9c27b34830fb419fafb6045c2760905d.jpg,6,66.565602,-18.019812,6,66.565946,-18.020466,0.047953952,0.04768443,0.779092,0.060405314,0.7609,0.8518601,0.047953952
9c3f596a97f245a0b42ddd885be1fc38.jpg,0,54.768076,28.446439,0,56.002339,28.64517,137.81668,3.4988623,0.8085252,0.0021077394,0.78467244,0.9187522,120.261986
9c639609dd2a4913be61a6aa9a3d073b.jpg,6,63.501522,-18.869396,6,63.507824,-18.860086,0.8392549,0.8392549,0.82869124,0.049841285,0.80077004,0.940376,0.8392549
9c7551dd688c48c9af918a1360803a15.jpg,3,66.909681,28.806228,3,66.932382,28.909111,5.1461225,2.2012277,0.89000994,0.00091552734,0.87341213,0.9722295,6.4604316
9c83c35295624cc59231d639ba1ffd8c.jpg,7,36.833029,14.727737,2,36.752177,-4.119478,1675.5608,67.102036,0.67891246,0.0017748475,0.67610836,0.7526794,1051.0007
9ca34e8e243840948b5a6112953e93fe.jpg,8,70.062762,28.949091,8,70.062612,28.949834,0.032739375,0.032739375,0.91668326,0.10657966,0.90594995,0.9596162,0.032739375
9cd33686560c4605bce7ffc098ea0629.jpg,3,61.531291,24.252295,4,48.094103,-1.994316,2221.8982,845.89856,0.6909405,0.033032775,0.699708,0.74581647,1167.407
9d2cf3feaff64462a8aa3dd998fc34ad.jpg,5,53.871321,-2.757613,5,53.932996,-2.775358,6.95579,1.4225178,0.86255133,0.0075188875,0.8346698,0.9740772,6.95579
9d2e3d10dbb242d8bd72d3eef6225855.jpg,9,51.491333,22.06491,9,52.408238,21.088938,121.935776,0.96746397,0.7094066,0.019702733,0.6910895,0.7946396,224.45737
9d38e548d6e149d1a296d35fa7bec680.jpg,7,40.267917,18.050232,7,40.267473,18.051292,0.102596216,0.102596216,0.72890455,0.050340593,0.73891664,0.8138628,668.117
9d57183d8e6b473fa3fa3b543a0bc278.jpg,9,52.71076,21.374986,10,63.224145,18.507076,1180.9127,14.478429,0.7038399,0.006792307,0.70271707,0.7371129,582.00916
9d67ba7244f7443997f595001c4d3aac.jpg,9,52.404748,20.329306,1,53.742047,9.336188,748.4898,50.61882,0.7401035,0.017891347,0.7394409,0.7706216,566.38196
9d69a6d8e4804d6085b67c5c386f67b9.jpg,11,36.79093,31.380989,11,36.915397,31.133254,26.02717,26.02717,0.6438788,0.032343507,0.61626387,0.79176015,26.399548
9d7bd22c9beb43759dcdc6f8dc621e3d.jpg,10,65.494668,17.006987,10,65.462118,16.822604,9.24704,4.0445313,0.89348114,0.014372885,0.8805446,0.94522727,9.24704
9d9817cdf475491cbfc495f8c0f1ac39.jpg,11,41.065789,35.996895,11,41.290533,36.218134,31.102505,4.4946604,0.87789327,0.0013004541,0.8633444,0.9507616,4.4946604
9d9eb40e2c7b40058fa8320ec88cfd4a.jpg,7,44.431704,7.793345,11,37.580731,38.952449,2704.9038,54.43798,0.656449,0.0005504489,0.6451889,0.7014895,2704.9038
9dd92734904b4e29bdaa7902d069a1cf.jpg,1,52.242936,10.826642,9,51.790897,21.726338,746.8775,449.8668,0.688867,0.0004620552,0.67483205,0.77420104,739.7264
9deb681cccc84464bd5e0e74d276a2c7.jpg,2,39.476626,3.248868,2,39.514096,3.283268,5.10611,3.5217617,0.81091297,0.037620127,0.7940396,0.90014416,4.1819696
9df1c3de302d4aa19bb86527d565a2ce.jpg,7,44.510793,8.30105,0,54.770011,28.255829,1823.5905,170.89597,0.7274983,0.03469944,0.74101806,0.7029513,1559.9338
9dfdbade880f4068b8420862368474c6.jpg,9,53.258525,18.671283,8,67.322036,14.619379,1578.8372,26.726427,0.5807276,0.0011584163,0.587914,0.67159677,368.6397
9e219b61391c445baaa19752f34ccc6f.jpg,11,40.747462,31.413431,2,40.79926,-4.466284,2999.87,31.097569,0.6849419,0.0030094385,0.6855106,0.7342882,2937.1082
9e33b50f823e4590b49bc814f4816fc5.jpg,8,68.699009,16.557198,8,68.699197,16.555822,0.059382547,0.059382547,0.9436314,0.053201973,0.9349536,0.97834253,0.059382547
9e5534e4f21642eda86754f07c30b386.jpg,0,54.121541,26.599128,1,51.035506,10.860436,1114.6998,847.51514,0.6036909,0.0027509928,0.56704926,0.7955897,1350.2095
9e5f3c45a8a148458c60cc43aa210743.jpg,4,49.141765,0.213753,4,49.82919,0.912648,91.604965,13.833101,0.77592367,0.031826198,0.7502715,0.87853223,91.604965
9e9481d8e58b472892ba39766977b926.jpg,4,48.789244,3.032109,9,49.888544,20.051033,1236.415,62.98728,0.64782286,0.01935047,0.63733935,0.72107416,1408.2305
9e98c2c1a3754ef5ae0e3864f25ae37c.jpg,3,65.506142,27.969896,3,65.501672,27.952634,0.9383228,0.9383228,0.9306384,0.035412252,0.920355,0.97177184,0.9383228
9e9d703fb5b043669a5d5a9f6c0659a5.jpg,8,59.686383,5.186006,8,59.553484,5.276927,15.637232,15.637232,0.73420405,0.025705814,0.7444012,0.74472535,149.9183
9ea0dd1778604a0892430080a15eef5b.jpg,8,69.428441,25.078536,8,69.205414,23.619852,62.423656,1.7958474,0.8182734,0.003396988,0.7884812,0.9486455,30.336466
9ea1e23ec49542e1a8491b5fddab1293.jpg,6,64.845128,-22.660469,11,38.753316,34.750635,4651.1206,0.44258553,0.6594196,0.007187009,0.6607106,0.77278817,23.052927
9ebce84af03843709d3435e5ac9c80cd.jpg,10,64.512091,21.062322,10,64.46754,21.088204,5.1065536,5.1065536,0.856466,0.022887766,0.842785,0.9111899,5.1065536
9ed0d050e3234b9e89d5cff42dd0965d.jpg,10,61.431867,16.06693,10,60.928301,16.355499,58.091114,10.734916,0.78663,0.0010141134,0.7679973,0.8727349,773.1978
9f049e3ce44d41d7b60556560b2e68a7.jpg,7,42.783905,11.144538,7,43.156989,11.752249,64.54256,1.6803268,0.6316506,0.0052397847,0.6263548,0.6839696,194.71384
9f25a5637ea7423394e422b6e14c05d5.jpg,7,45.79368,10.942612,1,50.725449,12.577159,561.54083,18.484577,0.65675443,0.020329893,0.6574084,0.71585965,322.36874
9f2a58ce5df84261881c4ee0d6caaded.jpg,3,61.33908,21.961703,3,61.322985,22.767447,43.01991,6.305346,0.76780295,0.012965143,0.7372671,0.9249703,50.911495
9f40819af07d41ea8032e25a2d533e2e.jpg,10,56.23753,14.073136,10,56.2453,14.063098,1.063572,1.063572,0.7740613,0.023806691,0.7548628,0.8694014,614.06445
9f4dab7eb24a4784b6f896968eacdb2b.jpg,5,53.602599,-0.735479,5,53.633915,-0.715546,3.7221084,3.7221084,0.8912454,0.19434279,0.88382685,0.9209197,3.7221084
9f53598ef0044997a321318347e0a7be.jpg,6,63.520162,-18.47688,6,63.522393,-18.474516,0.27436876,0.27436876,0.9689838,0.002859652,0.9655186,0.98971987,4.684553
9f53c5b1dbc841d1948a56d3b9b6fa52.jpg,0,53.596495,29.935068,0,53.246339,29.443691,50.75576,9.266418,0.7725134,0.0093874335,0.75258267,0.92837125,42.816566
9f5ff1ece4bf49a4bf5077bc6a40289d.jpg,0,55.814841,28.602642,0,56.002339,28.64517,21.016672,0.099754825,0.84508693,0.00068473816,0.8218138,0.9587221,10.261545
9fb1e13cc78c4642b8522c14db6e0f98.jpg,0,52.112886,27.848929,0,54.58316,30.447457,324.29742,0.0077055763,0.8653312,0.0012871027,0.8473263,0.9373505,324.29742
9fbb966e7e48489a904c01d1ac3e93c6.jpg,2,28.723323,-17.785369,1,51.622136,14.08093,3663.999,7.465916,0.7036769,0.009919703,0.6996297,0.82357275,3426.8386
9fcc7c33ff8e449b8de5336f149a7784.jpg,7,41.72187,13.012273,11,38.185242,26.835566,1240.494,187.69244,0.7171352,0.0114274025,0.729548,0.7432544,1358.0939
9fd927ce69ec457691d2c809d1b44bee.jpg,7,40.917523,9.378381,4,43.710767,5.597279,439.36975,0.57340676,0.7183369,0.0034023523,0.67852503,0.90557563,80.646736
9fdfba7e8d814b1fa4c823e7a7c27134.jpg,10,59.692034,15.51265,10,60.080713,16.013748,51.472057,15.400834,0.84265697,0.0036456585,0.81057805,0.97356236,103.83807
9fe1424f54d3450ea483db2d729696f3.jpg,1,48.818829,10.566718,9,49.857184,19.364878,647.43713,46.143066,0.6640637,0.00082808733,0.6924319,0.732119,402.90048
a006c5f4997b4b65adfc1016911b1982.jpg,1,51.02413,11.217547,1,51.764687,9.501507,144.75664,17.482521,0.7490535,0.039227664,0.7353062,0.8263825,195.68831
a011f86446124fd2ac15983aad1e6318.jpg,9,51.392458,21.773709,9,51.61345,21.292811,41.373672,20.72124,0.7461469,0.030943394,0.74684334,0.81112057,449.19406
a047768405aa4c89ab092c54e2571dcd.jpg,11,40.266378,37.88446,11,40.270893,37.877089,0.80197227,0.80197227,0.8639792,0.0041822195,0.85628605,0.9527698,12.868709
a04ef04ae8364cb3b58222f52c5e7966.jpg,9,51.483719,22.260235,4,44.169215,5.83925,1466.0026,16.897749,0.67460346,0.011790335,0.6729659,0.7210947,1314.7576
a05481b473354b81b66205953e5e29df.jpg,5,52.672026,1.711217,5,58.233925,-4.48139,730.745,2.579196,0.698383,0.021274388,0.6901708,0.8073083,420.63422
a071ff25acfc4457b93091e0ce8ffbe7.jpg,0,56.033711,28.376573,7,38.743118,16.475035,2114.2021,1626.0142,0.5646504,0.0064949393,0.5477276,0.6905091,2256.6594
a079dc4e7ec94f0eab97665652973c60.jpg,6,64.82253,-22.488772,6,64.827938,-22.520807,1.6302259,1.6302259,0.888479,0.029370248,0.86662936,0.97587734,1.6302259
a09f00c9933b444cabf0f490f4870295.jpg,8,60.405895,9.496107,8,60.65516,8.036733,84.50536,0.41953665,0.66683924,0.012318134,0.6586827,0.7827889,2632.7524
a0cca3aa16da45d8b2499c3cb2fc733a.jpg,9,52.902897,14.330751,9,54.19818,17.391315,248.2075,8.642686,0.6738686,0.019211292,0.66026294,0.78574395,255.17035
a0ec52205d624d1d8fa747f4d56b04ed.jpg,1,53.483962,11.860258,4,43.630315,-0.931072,1440.1649,2.725428,0.72380614,0.005501151,0.7334112,0.72631,1438.3074
a0ef86ff4bd3441794757fb54c7b8c0e.jpg,3,61.381113,28.56632,3,62.30716,27.96757,107.65657,8.3212185,0.7216372,0.009868681,0.70078075,0.81031156,112.12291
a1a40f1248e24533ba40d043100df95c.jpg,3,63.501754,28.282486,3,63.614558,27.677383,32.480568,1.9049208,0.7771795,0.0029577613,0.76304054,0.8452374,97.521
a1f97accef8241eea62a9144a2b693f2.jpg,6,66.564855,-18.018815,6,66.565946,-18.020466,0.14158994,0.0463458,0.7334516,4.5776367e-05,0.7092744,0.8301603,0.14158994
a1fc904f180a4d499a5918a8c5268967.jpg,2,42.242002,2.306202,7,44.421204,10.457259,702.01764,292.6358,0.72290784,0.046195507,0.70022595,0.81948483,848.11346
a205f7bab07745a9a852452641e02440.jpg,1,52.788186,13.736857,1,51.57148,13.903785,135.76952,14.208442,0.7147654,0.00079375505,0.692024,0.8231883,109.323944
a2371b2a380d4368a1755fc68f5454c6.jpg,1,50.212763,11.144669,9,51.57047,17.83131,492.4945,21.968935,0.7038995,0.005823612,0.7205571,0.8076788,321.83478
a240f2cb45af4ea3ac1d9ce7583bf78f.jpg,9,49.97578,20.508276,10,63.829725,15.615979,1567.7488,449.52072,0.6653191,0.016985595,0.6720988,0.74958205,1657.1755
a27201a08b8345e0ab4d618fea81aa81.jpg,4,44.161989,-1.078002,4,44.10611,-0.284358,63.64143,3.1311932,0.7891041,0.0086013675,0.78356856,0.8112463,63.64143
a283698af4984f6fbc8bed654a7f3972.jpg,2,28.953952,-13.6672,2,28.952993,-13.669843,0.2783894,0.2783894,0.8414961,0.034232676,0.84108377,0.84314567,0.2783894
a2df3ef4fd274ebf81013f12625417ea.jpg,5,50.61909,-4.491216,5,50.833724,-3.799671,54.21294,1.4845102,0.82414794,0.00510782,0.797202,0.9319804,28.327578
a2e52d73cf094f139534185bb9c86d6a.jpg,8,68.383406,14.590031,5,56.104474,-5.518473,1700.2438,0.050897434,0.7335741,0.012799442,0.7128227,0.8179978,1554.389
a2fac261b9f44032abd3c5dc07ad585e.jpg,5,50.887392,-0.281515,5,50.949396,-0.275751,6.9063697,4.0080414,0.7197086,0.00019466877,0.70725965,0.8385247,618.4105
a2fea83377bb448d90c93360ac4a24c5.jpg,4,49.840568,3.078557,11,40.544976,43.201066,3264.9094,553.8512,0.66194814,0.0014454126,0.68047523,0.73314506,1180.4806
a34e89ca305d47aea208af01224bbe8c.jpg,1,53.077526,10.073367,9,51.89062,21.342192,773.56134,18.16205,0.71886533,0.013543546,0.6870023,0.86628807,796.57947
a357cb29443a4f37bbe90d1abf22d19c.jpg,2,40.659997,-3.603688,2,36.469184,-5.861424,505.6031,35.765068,0.66952544,0.006298661,0.67292655,0.8086269,383.19504
a36d4c6b190948b4818b1f351b370997.jpg,9,53.499282,17.855084,4,44.487337,4.674636,1384.6075,343.68744,0.70375687,0.0012753606,0.6959145,0.7983128,1352.0872
a384367916324b6d96356ae19755860d.jpg,9,52.545181,21.069081,9,51.589535,18.659561,195.99234,1.9625169,0.6709536,0.019429862,0.65896887,0.7784892,266.3262
a39dd77b5ae347d6a94c9fb2bcf47436.jpg,5,58.279209,-4.437166,5,56.196136,-5.506862,240.39684,24.280283,0.73622113,0.0072599053,0.7309514,0.824095,293.7895
a3b7e23965fd4871bc64247cba87981a.jpg,3,66.040597,29.130346,3,68.025868,26.985819,239.52686,0.10959147,0.82532007,0.05564028,0.80818796,0.8938485,239.52686
a3c223df0466494ea31bc443e6ed0a12.jpg,10,65.188021,18.230342,10,65.038537,17.018265,59.102016,30.35262,0.9127428,0.014149845,0.9043981,0.94612145,59.102016
a3e754bdf1a0459d838e2c7370193be0.jpg,6,65.476516,-19.2753,6,65.47706,-19.276229,0.07414451,0.07414451,0.9689076,0.088850856,0.963236,0.9915937,0.07414451
a40d849fcaf5466b98ad0096544d6c67.jpg,5,52.382053,-1.714093,5,54.466247,-5.964945,364.63882,3.0748541,0.6798208,0.014131308,0.6499745,0.8137137,363.8876
a445981fa11a45fca23d9bc84fcec001.jpg,3,66.976692,25.299274,3,66.980534,25.284476,0.7723998,0.16256103,0.95374316,0.018351495,0.9455267,0.98660874,0.7723998
a468208741694941ba19d1075a34fd51.jpg,4,48.239126,1.067804,7,42.035768,12.670716,1139.918,151.78038,0.656397,0.009005547,0.6389597,0.7261459,1139.918
a509691309034b2b92fb422c6ebef07d.jpg,10,60.283559,17.945113,10,66.436399,20.533514,696.0803,2.6353664,0.8615728,0.01326853,0.84739137,0.9249549,657.85547
a544f4ab48fa4a31ae39041d6fe49936.jpg,11,38.82007,34.043699,7,36.82738,14.532361,1724.6566,244.60356,0.6725701,0.009616077,0.6638502,0.8227538,1534.425
a550555f4d6e43c1bdef5cddbe0ac21a.jpg,5,52.380967,-0.046549,5,53.170048,-0.828869,102.31133,19.931633,0.81031597,0.017538369,0.7932254,0.89894974,250.08171
a576677b450d485e8908a5f1431b131c.jpg,6,65.593375,-23.824322,6,65.632626,-23.267904,25.916437,2.298593,0.83251935,0.0011156797,0.8221501,0.8999052,24.81844
a58454858f374bd592625f74fc63c0a8.jpg,10,65.293765,16.276208,10,65.301572,16.035351,11.225962,0.22204468,0.8607299,0.04556781,0.8392598,0.94660985,11.225962
a58cb28572e54fea8cfcc4c2fca562bb.jpg,11,38.152628,33.570097,11,38.132628,33.531928,4.010953,4.010953,0.7079901,0.007187605,0.6929308,0.8494613,706.2826
a5b3f40c202b4888aba0ec1495531cb9.jpg,6,63.474078,-18.575599,6,63.482379,-18.54682,1.7011486,0.23772968,0.89251566,0.03329146,0.887297,0.9133902,1.7011486
a5e24fcdcb9543bbadf92918c84234e9.jpg,1,53.516205,10.527297,1,53.331896,10.013984,39.709194,5.503027,0.7245245,0.013150632,0.70403683,0.83716273,87.1516
a651efd8ede14851b88726af7b2968a6.jpg,8,69.151995,19.050857,8,69.505676,19.251603,40.109165,0.77273136,0.7230543,0.002432704,0.6982486,0.8956964,0.77273136
a66cca5ccbcf44c08e946b7eb5d30d64.jpg,5,52.80594,-3.537168,5,50.35077,-3.80685,273.63757,14.282238,0.67397034,0.0020566583,0.67361164,0.75522685,136.7416
a678a75f66b844a986b1885f746890f8.jpg,5,50.135649,-5.307914,5,50.321913,-4.829861,39.816612,0.03558268,0.770543,0.020972729,0.73393416,0.9382443,0.1737447
a684ba94b74b4ce3a27eff895e6d77d4.jpg,6,65.610774,-23.209587,6,65.680993,-23.198784,7.823705,4.055249,0.93168646,0.010643661,0.92371,0.9769165,24.102024
a6b22673bcef42f88707eeacfcdb1cd4.jpg,0,54.477797,28.654856,0,52.529622,24.581232,345.60806,29.229658,0.6132504,0.00903672,0.6280321,0.68588525,173.3613
a6c7821c133341dd89172081498e86bb.jpg,10,59.867246,17.837756,10,57.251732,17.013225,294.7319,0.13530263,0.68296134,0.02315396,0.6912888,0.72352475,517.47784
a6fdbb7078744a398ae00e7218a2304c.jpg,2,37.107374,-3.412285,4,42.639294,2.445722,792.20996,65.26166,0.6425099,0.022565603,0.6169605,0.7674387,644.8309
a7561b1b25e0461da9b7c81b3aab52bc.jpg,3,62.502772,26.883848,3,62.450594,26.811532,6.8898787,6.8898787,0.89813364,0.10092205,0.8856945,0.94789,6.8898787
a76e710b307d46e29ae434326808dbcb.jpg,2,29.008471,-13.531969,2,29.044595,-13.679358,14.882713,0.40545347,0.86262107,0.036816657,0.8468553,0.92568433,14.882713
a76ee490d5014546b697678125911ecd.jpg,8,69.378727,24.129898,8,69.378812,24.129599,0.015048089,0.015048089,0.9746658,0.027471721,0.969663,0.99467695,0.015048089
a76ef1e2b84e4510a7bb033d73fc219b.jpg,2,39.351836,3.034461,2,39.673322,2.957416,36.353516,2.2713988,0.83470446,0.011087894,0.80592144,0.9500127,27.733767
a77b8d081b79458e82359427ba096f4e.jpg,8,69.378636,24.060428,8,69.378863,24.061204,0.03950489,0.03950489,0.96740913,0.09733528,0.9604826,0.9951154,0.03950489
a794178f07e64b32b54fa00ea65ee940.jpg,4,43.236962,5.504842,7,40.283859,9.144591,445.96744,177.78673,0.76434845,0.015912473,0.7469909,0.83377826,445.96744
a79768e8fbce47ec8808783b95d86be7.jpg,9,49.96434,21.611205,9,51.29785,22.142687,152.94371,44.09557,0.6378672,0.023159862,0.63487697,0.6961762,183.41298
a7a086b10d7c42f095fb8769d4de681b.jpg,5,54.32522,-6.461995,5,50.321913,-4.829861,458.7267,1.2288016,0.81024396,0.030751288,0.7919438,0.915843,251.23912
a7c0d55760cc48499994f542ce3fb4ba.jpg,6,65.88985,-22.429647,6,65.936153,-22.931375,23.343868,2.555062,0.8327142,0.011082292,0.8008648,0.9601116,23.343868
a7ed1295f0c24acfac1a4b754ce3ae43.jpg,1,51.82978,7.737757,1,53.867233,12.190548,375.0372,18.45348,0.6824507,0.0052794814,0.67786187,0.74363863,449.75034
a7f441ebf7364f0e8bf77090654ee429.jpg,2,40.66797,-6.625292,2,43.744959,-7.693173,353.2615,41.724163,0.61071813,0.009043634,0.6050671,0.6979301,3458.6133
a81b11105be440a48b10faf1555f84b2.jpg,9,53.806069,17.245581,9,53.981866,17.070246,22.673952,22.673952,0.6378392,0.033943713,0.6423348,0.7390652,190.91507
a8425c1337a849d588c43ff2ef14242e.jpg,1,52.412484,11.745119,2,42.767198,-5.071515,1648.4052,132.97795,0.6445938,0.011964977,0.6768568,0.6598571,795.34644
a85e1ae87e9b4a6198ea6661e8e6866e.jpg,11,41.859552,35.079983,11,41.634078,35.516713,44.06058,6.0539303,0.7853276,0.039401174,0.7865947,0.84869003,15.887779
a88271534f4a4758b81d3e17308a3435.jpg,1,51.130197,6.131027,1,53.192195,7.7251,253.74448,37.73341,0.71533114,0.012466133,0.7092,0.8403256,412.2466
a88c3d33a6b24dc9aae6149336e4cf98.jpg,8,69.453678,17.346293,8,69.454939,17.347546,0.1484984,0.1484984,0.9230882,0.08442688,0.91206163,0.96719456,0.1484984
a891979202314953b02b395ba0bf076a.jpg,5,55.792948,-3.213811,5,57.685429,-5.643552,257.33478,5.7558355,0.75475454,0.0041490197,0.7298204,0.87852657,103.11804
a89824057f6348f583b1bcc3de3a20b4.jpg,10,62.658266,17.261015,10,62.501876,16.162225,58.890152,23.453629,0.702946,0.02259463,0.6771717,0.8060431,58.890152
a8b0bc5bf5a94f79ac0f0daad3092414.jpg,1,50.705494,10.422536,1,52.038616,7.868371,231.07776,21.321318,0.67006344,0.003106892,0.66384923,0.76182884,199.8924
a8be64145a08481f95f7d0e5712ee53e.jpg,2,43.237431,-8.196038,5,54.611694,-2.065502,1340.471,448.71494,0.59027106,0.02235508,0.6059772,0.72758317,1569.1317
a8d39dc8371546be9340d79e88347b47.jpg,1,49.643446,6.745526,0,54.025989,27.952648,1529.6194,54.225075,0.73408306,0.029142201,0.7555796,0.7447419,466.15802
a8d52147aed44fa5a75f518452e26016.jpg,10,58.754614,14.396253,10,59.939451,18.600144,272.24594,16.633673,0.8767517,0.020262241,0.88164204,0.91034544,609.1672
a8daefe3639f4e75ae21e5a2eb85006b.jpg,10,67.118082,20.472978,10,67.100624,20.450622,2.1687326,1.9558991,0.9408317,0.0066682696,0.9357135,0.96130425,2.1687326
a8f654777fc54d04831d67437df29684.jpg,4,47.209642,6.824378,1,49.889983,6.468276,299.19012,26.434946,0.6598845,0.004668355,0.6526907,0.700112,462.66208
a92494d9e6044861aa88b9799898b9fd.jpg,9,54.254955,22.271033,9,53.892177,22.346202,40.63615,9.850836,0.7263085,0.012657046,0.70267665,0.8208358,40.63615
a92e4714745e4b4b83063896629fd27f.jpg,1,53.815747,9.572399,1,53.824837,9.593526,1.7160506,1.7160506,0.8243734,0.09513539,0.8084254,0.8881653,1.7160506
a93194335ce04ae4881c971d8be56cf5.jpg,8,65.102115,14.600888,8,65.116402,14.524211,3.924468,3.924468,0.8958037,0.06540239,0.89170766,0.91218764,3.924468
a98bb2a38c4a44ca8cdc72b6a6b3cc88.jpg,3,61.221214,27.151996,8,62.676144,8.562279,981.8653,76.39044,0.56686455,0.0049669743,0.5384401,0.82719886,1103.2603
a991c3777ec640d9b96a5a980bb86a08.jpg,5,51.821019,-2.964576,5,51.824071,-2.945212,1.3734667,1.3734667,0.7383849,0.05404973,0.7540966,0.8664658,268.77197
a9a6cd9245ba41f886f184cb675e68e0.jpg,9,54.30194,18.313491,9,53.892177,22.346202,266.83783,6.2326975,0.6939763,0.013015866,0.6829914,0.78136206,70.87426
a9bf1b26e31145a3bb7fdc54edd20df5.jpg,1,52.099402,12.456277,9,49.34303,21.719716,719.8556,12.4865885,0.64298636,0.023447573,0.64889777,0.7480707,439.9458
a9e7044022f2455ebed4aa394a59e633.jpg,2,28.654008,-13.831868,2,28.653805,-13.831862,0.022580069,0.022580069,0.97131664,0.17551869,0.9674734,0.98668957,0.022580069
a9e80f137cc14c57aa3f52b83b0e8b08.jpg,8,69.37418,24.232841,8,69.376279,24.218811,0.5970391,0.5970391,0.9424325,0.063105464,0.93111527,0.9877013,0.5970391
aa08dfe6a2d24d0d8677e166334aac01.jpg,4,47.220166,-1.833826,4,48.553453,-1.79099,148.28935,21.298363,0.8011507,0.020171106,0.7692023,0.928944,148.28935
aa20a95148ca4acdb73ee4b42b257abb.jpg,0,55.607787,28.311598,0,55.61922,28.264955,3.1931589,1.8071737,0.80661064,0.07259971,0.7899031,0.87344086,3.1931589
aa26bd7de1524488a6013263a2d5ff23.jpg,7,42.810918,11.801192,7,42.480225,11.766709,36.879436,3.4837747,0.6027637,0.02166164,0.59524536,0.7036064,1200.7759
aa366d0825a8460bae71130f24f295d1.jpg,9,51.458339,22.453319,9,51.383318,22.457828,8.347823,0.03158683,0.7628261,0.03792405,0.76181984,0.8362417,240.88702
aa5670d8c98c42eeb65cf5f16a7c7cd3.jpg,3,68.370478,27.415897,3,68.379037,27.409327,0.98906773,0.07141751,0.92095155,0.0036014915,0.9082188,0.9897943,2.1952538
aa5baa9a889c424496e947116facdb33.jpg,9,52.046645,21.271491,9,51.793037,22.527617,90.6432,1.5202978,0.7238502,0.00711149,0.7197056,0.80463403,166.18973
aa5eb2ff4f014b6682928e6f14ba09ba.jpg,7,44.456561,8.044564,7,44.531273,7.518321,42.559273,2.0409596,0.7921468,0.0051031113,0.7673967,0.89916766,2.7284555
aa640d7385834298975dd1a4aea2c6ac.jpg,7,45.652006,11.388946,4,48.469003,6.925506,460.75516,31.924446,0.6941639,0.003459096,0.7018714,0.8050289,512.3013
aaa9111a5c084ff7852112ca49e68cf8.jpg,5,50.388473,-4.624638,5,50.375498,-4.618852,1.4999524,0.74658847,0.8184473,0.06839657,0.7990906,0.911716,5.719266
aabab79796794843a98f8276fe841207.jpg,5,58.481955,-4.876698,5,58.48256,-4.875774,0.086084396,0.086084396,0.92762196,0.02589178,0.91388094,0.98258567,0.086084396
aaca9c763359403db44a21df33086f08.jpg,11,36.905317,31.13108,11,36.912014,31.125777,0.8813885,0.8813885,0.75948477,0.05979395,0.7503383,0.8460616,429.31906
ab1f2525ce38410fba32b82806faa611.jpg,2,38.005728,-3.820097,7,37.257817,14.917591,1649.3678,2.5817814,0.7178627,0.006557584,0.69488716,0.8513753,1640.1262
ab63b0a8089a40fd80851e23f2864318.jpg,1,54.64195,13.380937,10,56.879623,13.806792,250.23927,103.54554,0.6483322,0.028646171,0.64297783,0.70715344,1414.8694
ab81433bede34acd83bb809b45f66166.jpg,4,44.944373,4.726726,4,44.955045,4.687367,3.3169265,3.3169265,0.63293844,0.0009357333,0.6118046,0.72903645,438.27914
aba3271533e745c8ba71e61aaf0935c4.jpg,11,38.135943,33.508943,11,39.007267,35.563393,203.18379,2.0438342,0.6040116,0.015819907,0.60817945,0.7165457,74.90185
abd2d726cfb54345bfe790e198099208.jpg,3,62.100731,29.968609,3,62.172736,29.957261,8.028292,4.0792356,0.8791746,0.004671097,0.859958,0.9588692,7.5988092
abfca459a4b5427baa13e51cdd85d7ee.jpg,3,65.741418,29.173334,3,65.670957,29.100408,8.515631,6.6132655,0.8793504,0.14962524,0.8711506,0.9121494,8.515631
ac1b6318d29f4aa6b116b09c411a9658.jpg,0,52.321045,30.86769,0,52.275684,31.100535,16.61773,3.6883957,0.7481889,0.002720654,0.7435863,0.79880005,50.754646
ac1c823943f64892a8f19f72eef8b806.jpg,10,67.855012,20.621583,10,67.83499,20.705882,4.1775956,0.5852594,0.87649554,0.0018334985,0.8806315,0.87238276,0.5852594
ac23e89217744b048b48abddb7b8cf80.jpg,5,53.386774,-0.76904,5,53.385987,-0.768089,0.10786929,0.10786929,0.80671036,0.044632316,0.7839091,0.9077766,90.82252
ac2719e6eb3f4eabaf13d03cacb6a5f2.jpg,9,51.623764,20.768016,11,36.674129,29.13136,1788.4332,598.95514,0.6309039,0.009785056,0.63260615,0.7468265,1496.4937
ac9250dbef3f41aba9ee24aec474ff6e.jpg,1,52.370253,11.774952,1,53.100093,11.560021,82.43461,82.43461,0.68943745,0.013396919,0.7159515,0.79185,910.376
ac93b0ca8e1f4518bf5ab67c55dd72d8.jpg,9,53.436462,19.843187,4,45.134991,0.538277,1668.7314,9.514917,0.6522604,0.009344578,0.6272068,0.7524748,1668.7314
acb1a31121d9482a8ded71029296ad27.jpg,0,53.454596,27.476346,0,52.704815,27.450029,83.39049,6.4058857,0.76305026,0.007607639,0.75658107,0.8636658,171.32207
acbddba5b7ae40bca30e81f249340047.jpg,10,57.34134,17.118944,1,53.297859,8.354596,712.9602,134.24667,0.66570437,0.014022291,0.6582223,0.7841662,302.57584
acd23838920f4569bf5f5721420fc1f1.jpg,9,54.233978,17.47706,9,54.212391,17.48138,2.4167407,2.4167407,0.7431165,0.013832808,0.72452575,0.8174796,2.4167407
acd7514b905f485cac653ed1fa5d206c.jpg,11,40.767287,30.614463,5,53.077668,-4.003143,2924.825,15.28866,0.6454716,0.0051418543,0.6152867,0.80991906,2662.622
acef0f908662468bbda90a638538a55e.jpg,4,43.342539,6.697776,7,41.550205,14.12204,640.68024,227.30847,0.74030346,0.0056172013,0.72657657,0.8450874,798.0207
ad1b05f0a9764d849987b18a09408989.jpg,8,63.984191,10.131267,10,63.429312,14.061881,203.1599,2.4728622,0.69078016,0.024617672,0.67226326,0.7648477,203.1599
ad1cdea6fcf14bf395e81b105f2fb27a.jpg,6,64.917245,-13.821163,6,64.923776,-13.865313,2.2039952,2.2039952,0.8278216,0.010705888,0.7955878,0.95675683,2.2039952
ad438fcb63564fb6b146d0dce9d7e505.jpg,4,49.801249,2.043512,4,49.338508,1.518027,63.902035,12.144755,0.7635523,0.023940265,0.76854986,0.7774786,310.8907
ad54f49597614f13af4e5ff8cf17baab.jpg,2,36.776369,-4.106447,0,53.480877,28.098512,3092.806,386.8465,0.6512874,0.0061631203,0.6608362,0.678822,3219.941
ad727faa85bb464e8145a31b7815956d.jpg,7,40.782331,16.426794,7,40.790392,16.419336,1.09439,0.30580187,0.85910976,0.021800518,0.84872913,0.90869695,0.30580187
adada265911b42daa014b0a1e1b71616.jpg,0,53.853226,30.30094,4,44.615424,-1.061537,2471.7004,1026.6187,0.69963664,0.018920898,0.6822821,0.8197572,1872.6514
adbb1d31331446f3a7b36658dc1e4e44.jpg,2,42.95604,-7.530611,2,37.126415,-4.367489,701.7846,305.24652,0.7397491,0.0012921691,0.75887674,0.7631351,1460.0939
ade2fd39f31a48ccac5dc19ad4fd3b07.jpg,3,65.853104,24.532256,3,65.929477,24.620006,9.381046,1.5743117,0.94832265,0.002039194,0.9444083,0.97053885,9.305994
adf6256bdcd84e53bddd59901a70edd1.jpg,7,38.401963,16.499628,7,38.402193,16.499423,0.031195933,0.031195933,0.8073653,0.12176973,0.79535043,0.8554245,0.031195933
ae06448e2401459792af9f59ae4bb2df.jpg,3,65.392206,27.197451,3,66.383732,25.871219,125.63262,17.399035,0.8884561,0.016360402,0.88049984,0.94203,67.03849
ae2d9c8781094d0da1ff4f192f29afbe.jpg,8,70.179302,23.9321,8,70.176525,23.895657,1.4083989,1.4083989,0.983898,0.00403291,0.9808404,0.99612826,1.4083989
ae3f285d33c141f091ebd9e7c7676a9b.jpg,4,48.90494,7.70726,4,45.993767,4.370182,409.4896,14.325646,0.7114416,0.0066127777,0.7414927,0.74312615,248.73203
ae52a6b50b724aab9b93f0bd0973e0ac.jpg,1,51.83436,9.204222,11,36.105315,32.969787,2562.147,136.28319,0.6827502,0.03150773,0.6862504,0.7219452,1357.7512
ae663b31e61845ae8513925ef91784c4.jpg,2,39.680318,-0.322079,2,40.21861,-0.937353,79.58263,17.965338,0.7477669,0.0071421266,0.75402015,0.797623,784.8139
ae716c57a290455a858a2e9f41fe6973.jpg,0,54.649332,26.91281,0,54.000322,25.890224,98.00498,14.80659,0.6748229,0.008241892,0.6252719,0.87302667,98.00498
ae789be49b93430793afe3f12c79b883.jpg,0,55.91802,28.644719,0,55.926252,28.647646,0.9333474,0.60172206,0.8615285,0.051735997,0.8432445,0.9411225,6.653535
aea72eb765b6413ca755daf9dfa660b2.jpg,4,47.525681,3.684241,4,47.520222,3.541332,10.748113,4.596763,0.71419466,0.017061532,0.70246077,0.78822976,462.94345
aeaa75dce092445194990c14ade14021.jpg,9,51.332313,22.085814,9,51.587893,22.071876,28.435638,3.5975218,0.7128402,0.08094388,0.7222653,0.67989194,31.332544
aeac6f5088e24cda87944a85c3017796.jpg,10,62.836156,16.014726,10,63.096906,15.191861,50.69599,14.868838,0.83084106,0.014449954,0.8053745,0.9389649,135.36456
aecb6465fbfe454db61637a98b2b90bb.jpg,7,45.718012,13.702257,9,53.051852,20.436047,949.1029,211.66263,0.6170705,0.0028523207,0.62820095,0.6903478,1052.6072
aee584288e8445de874d706ac0ac992e.jpg,11,40.296074,32.472457,11,40.239261,32.50932,7.0491753,7.0491753,0.8037943,0.06665802,0.8061912,0.82924557,1623.3589
aef8280f2d9c4bbd848a02b7c7a89e27.jpg,8,69.695842,29.377341,1,53.603695,7.180543,2111.9307,0.013796048,0.6740125,0.01590693,0.6652082,0.7092294,2111.9307
af0acf115e1b4e798fd22dd948a2514d.jpg,11,39.212922,37.36006,11,39.201744,37.242913,10.169745,5.712867,0.7455638,0.025457203,0.7562001,0.70301855,10.169745
af0b998e7cff476eb9c3a3bedb2691ae.jpg,5,50.337254,-4.643967,5,50.37843,-4.942082,21.63863,1.0541588,0.79784214,0.03455025,0.7744168,0.893703,20.85702
af0c69bf2db84884a12c9180fc6d2c67.jpg,0,53.474426,31.078883,0,53.638394,31.569048,37.15757,1.1641355,0.8194617,0.008972526,0.7969423,0.9274171,66.4731
af2c5333079c4a9a8fc11c6852f4f669.jpg,0,51.654212,29.115745,0,51.653464,29.114803,0.10555095,0.10555095,0.8871736,0.008877933,0.86868095,0.96790206,31.703873
af77ae82b4ad4fbd9824f637bfb56327.jpg,7,44.850019,8.512352,1,51.964758,10.663356,806.8019,65.57608,0.65565056,0.060177684,0.644701,0.7503621,872.66144
af78de68883b4e54b72a313c91e29765.jpg,3,67.628723,24.204512,3,67.628428,24.204299,0.03401869,0.03401869,0.9521527,0.023393333,0.9435991,0.9863673,0.03401869
b00232123c0040c1885ddde730095f8f.jpg,8,60.388665,9.561476,8,60.409667,9.495933,4.291095,4.291095,0.8410842,0.046862185,0.81206024,0.9571799,4.291095
b006abc20dfb474f8f260a69d6bb91e1.jpg,11,37.571273,41.382193,11,37.868235,41.148929,38.875668,0.46882084,0.77767164,0.0010742545,0.7537219,0.87347054,38.875668
b037636e8aa240388fb1334eb7f1fdd3.jpg,5,50.119022,-5.30536,5,50.338522,-5.097503,28.53653,0.952986,0.8359479,0.031246781,0.8081168,0.9485476,62.667576
b04f4ef8a98c4c18ba49962ea4bc077e.jpg,7,42.163085,11.764379,7,42.204487,11.735947,5.1654687,3.1505978,0.6433063,0.0077880025,0.6388829,0.7409954,586.9703
b04fb7565eab4e3f998fd8e7f381df4e.jpg,7,38.674213,16.461918,7,41.077739,14.714217,306.03912,7.7459707,0.6652132,0.011786103,0.63496614,0.823853,308.29413
b063fbea38f04cc48ca585edf7f93424.jpg,10,59.757224,15.894199,10,59.761521,15.895004,0.47992727,0.47992727,0.7237612,0.013708949,0.7221321,0.8349427,513.89386
b073f35afeb9480cbf37344bbcc918da.jpg,5,55.813308,-3.502197,5,55.693739,-3.563796,13.842966,6.358067,0.7962302,0.013100326,0.7824205,0.8858745,157.50589
b08b1eca1a70412bbb87003574df7756.jpg,11,35.967913,36.033367,7,40.194826,8.987326,2403.6208,0.1391136,0.6797926,0.0025052428,0.6572424,0.80483633,3005.7405
b0b7e6c0921d4cb2a76889f0026ef58a.jpg,5,56.501966,-3.350105,5,54.338769,-6.342118,305.73764,30.79347,0.74084675,0.016508222,0.7243654,0.86284477,480.69717
b103279b57694b46b43d3e49e48bf78c.jpg,4,43.905822,0.334496,1,52.92649,10.338025,1242.9706,73.83567,0.63167524,0.0043845773,0.648166,0.7040013,1377.3688
b1332408fd5348ec9b9eb0fe4959d7e3.jpg,4,46.508821,5.310979,2,41.80035,2.830866,559.62024,284.67654,0.6590858,0.0020626187,0.63340634,0.7741978,1061.31
b14596eb0b9143588df8db29bf5cfd8a.jpg,10,66.657957,19.94757,10,66.65806,19.946702,0.039920095,0.039920095,0.9495413,0.07132089,0.9419387,0.9799515,0.039920095
b153afb267a34141b409b5c268d044c3.jpg,9,53.797447,14.643786,9,53.681477,14.631165,12.92198,8.3358755,0.75473756,0.08046287,0.7393626,0.8162372,12.92198
b158368942274803a27bd3a726bdcfb2.jpg,0,55.296359,29.610909,0,55.306854,29.586746,1.9238468,0.8010112,0.8502959,0.009847701,0.82501304,0.95142734,1.9238468
b165d20435a44270bbf00cffade41d73.jpg,11,41.344256,27.449796,2,39.512192,2.767183,2092.0278,0.25550914,0.7203211,0.021484435,0.7092875,0.76445544,2092.0278
b1a9e45b7bd74671a84bdc70e7456c20.jpg,5,55.159541,-2.207734,5,55.369446,-2.513646,30.338562,3.764303,0.7994092,0.018601,0.7689322,0.93947595,35.130013
b1b41ffe0f4c4aabb79a01810bb8cc23.jpg,4,42.237992,8.634028,4,42.20833,8.65199,3.6147175,3.6147175,0.7362976,0.016236007,0.7121575,0.83285797,3.6147175
b1de0ec1714044e59843195c8b82d72a.jpg,11,39.161004,31.254261,11,39.198574,31.315228,6.7132525,3.795699,0.86352384,0.018141925,0.8371168,0.969152,6.7132525
b1f24f42a8db4a458cba3e70eb0a5dfe.jpg,9,53.799178,20.078828,9,51.664633,17.799788,282.6047,9.24552,0.7087964,0.0037227273,0.7189467,0.8163922,97.37384
b1f5f9cfd95f43109b43dcaffbe20c32.jpg,9,52.190118,22.102179,9,51.802244,19.727956,168.16547,59.376526,0.7117352,0.00393641,0.69157535,0.8035298,203.87685
b26b8ef0ab09491b8308e11cb6b855c6.jpg,2,43.728971,-7.690226,2,43.730344,-7.692376,0.23054776,0.18788098,0.72918487,0.083204925,0.70910037,0.80952275,0.23054776
b28e3bb7678343489730baf28a773735.jpg,4,44.053625,0.200031,9,51.444503,23.271385,1899.8892,1236.5912,0.66395247,0.0125104785,0.633746,0.8189881,1623.6124
b28e8e9cfb3248c69cd2e77299ee6682.jpg,7,36.803362,14.541935,7,37.784742,14.052452,117.40061,2.8033764,0.69424456,0.033043623,0.68500185,0.79538035,1048.7817
b2969916caa743c68755ab4d9b2858bd.jpg,4,45.477815,-1.146608,4,45.475836,-1.147614,0.23361653,0.23361653,0.74858713,0.05045402,0.7599754,0.7626779,639.2266
b2b3cdac6f704261aabffb510af6b23d.jpg,5,52.083831,-0.246744,5,54.193645,-2.39616,274.91345,124.696465,0.7133269,0.006126702,0.6869129,0.91948473,399.07114
b2cb726b41b046c4999de3b21390d2d2.jpg,8,69.075762,17.542147,8,69.074718,17.547244,0.23334055,0.23334055,0.85488766,0.068623364,0.84099525,0.9104574,0.23334055
b30fb82c8df543858d772154ea027212.jpg,3,67.98955,25.180279,3,67.997382,25.181752,0.87303984,0.7549142,0.93379617,0.004675567,0.92390233,0.9739449,0.7549142
b340968fc21342d2a3e07b90c8b44b11.jpg,7,41.22437,9.207108,7,41.176966,9.27941,8.023446,1.4859835,0.7891343,0.015670598,0.7630556,0.8934492,8.023446
b3424e592c7b4b4e9043b5cc1b6d3921.jpg,0,55.395885,29.23059,0,55.51477,28.894869,24.95686,1.024318,0.86339295,0.0047438145,0.8466035,0.936455,13.272527
b3761049cd80463a97f3e031c3493f1c.jpg,2,43.165531,-4.370305,5,58.547413,-4.674586,1710.5186,34.278175,0.6879361,0.031367064,0.67934906,0.7427531,1557.2976
b3a73f630e7644b7bebf873ec8d6267e.jpg,4,43.490688,5.662337,4,46.829263,0.560205,545.5385,68.8022,0.7431852,0.010078549,0.7243291,0.8186096,545.5385
b3a9b3f44f3543f08fac79300ca53dfb.jpg,7,40.89018,14.352884,7,40.890871,14.348968,0.33802444,0.33802444,0.8298431,0.078767836,0.8475872,0.852253,430.25836
b3cba04300614532a456b277833eff89.jpg,6,64.891122,-21.516893,6,65.311367,-21.743107,47.914093,4.808151,0.7188059,0.04260993,0.71800935,0.7610246,265.63245
b3cce84d1e334091a5dd3452b6b34fa3.jpg,1,51.003275,14.411943,1,48.342902,9.823468,443.1669,15.5805,0.6435357,0.005723238,0.6510319,0.74582756,463.679
b42723ad254b416c97079d185f683da4.jpg,6,65.577999,-19.347365,6,65.576362,-19.344951,0.21319292,0.21319292,0.93582463,0.022092223,0.92383736,0.9837739,0.21319292
b442ed50db934dceac7bf688c5cb5ae6.jpg,7,40.054391,8.577498,4,45.702243,5.121857,688.07404,7.5871334,0.6215432,0.004608929,0.6128093,0.7625481,759.49567
b464c2bce652483a9221b3055640f460.jpg,4,41.652348,8.932397,4,41.644318,9.211905,23.241234,22.922768,0.7069185,0.016487539,0.6855471,0.8729703,55.48233
b489aecb21aa4c1abf79d5d09c0cc647.jpg,2,28.917154,-13.709456,2,36.73528,-4.239885,1239.1173,395.20676,0.70669645,0.0195148,0.6947626,0.8074996,1728.5204
b48ff83b062a4d78ad85a89616463aa2.jpg,8,69.612478,18.938375,8,69.61203,18.93814,0.05064029,0.05064029,0.9336604,0.077554345,0.9219512,0.98049736,0.05064029
b4b3ac64cae94534a4e9acb6d4c3de1e.jpg,11,38.511847,27.599452,11,38.615044,27.668099,12.934416,12.934416,0.8326815,0.01766622,0.8394101,0.8145335,1119.3429
b4b6a7f42c8045739b5e6b1d41076f86.jpg,3,60.263201,24.17803,8,58.263116,8.166065,934.2112,35.36116,0.7187097,0.020810008,0.7167825,0.7520864,372.06723
b4de3d8613864df683e7ed660e38972d.jpg,10,66.483439,20.280697,10,66.473153,20.319885,2.0814722,2.0814722,0.9454082,0.046570897,0.93805885,0.9748056,2.0814722
b4fef3da9a37494596f0e8a0dcf8ccb9.jpg,5,57.541454,-6.601144,5,57.54566,-6.615333,0.9672901,0.56273544,0.8401798,0.03108573,0.8121881,0.95214665,0.9672901
b5043979dfed4968a4faf6995b13cd51.jpg,8,61.106855,9.108772,8,61.108933,9.107127,0.24738829,0.12996778,0.87305367,0.0058482885,0.84987175,0.9657813,0.24738829
b53a8e99b4324f559a7885b2fdc7ff13.jpg,11,37.597876,34.744383,11,37.602148,34.742611,0.5000197,0.5000197,0.91109514,0.12991083,0.8957789,0.9723601,0.5000197
b53e0b4eeae546f5a7db6856cd8476bd.jpg,4,41.980368,8.720721,7,42.57131,14.099177,447.2845,250.02971,0.68387824,0.01155597,0.6621547,0.7981895,1985.8569
b58361495a87498fa49958d5c2062cee.jpg,5,50.066051,-5.67393,5,50.338522,-5.097503,51.00074,10.300221,0.7508481,0.0288589,0.74093133,0.81022024,54.126423
b58d4101efa24f9c8814092fddb30ded.jpg,3,67.491632,27.817059,3,67.487938,27.853556,1.6070863,1.6070863,0.9390375,0.0076318383,0.9300724,0.9787994,3.5136454
b590fbe22b164a9f97f66e5c8b3f4aca.jpg,5,50.612053,-1.35517,5,56.218678,-5.541628,682.0736,84.76937,0.7317202,0.013453662,0.7208656,0.77513826,682.0736
b5912e78f81448e5a23ab7a0062a213a.jpg,9,49.613406,21.880444,7,42.55573,14.112832,986.1829,14.813297,0.6648824,0.010217488,0.65194154,0.7611588,985.394
b59b7d2b77a04d1790f56296bc774670.jpg,1,49.702115,8.963045,1,51.076696,8.63294,154.6274,11.210118,0.764241,0.05586487,0.74031687,0.8599373,154.6274
b5ea2af14efd4cc89e04b0a2a2a87f16.jpg,5,53.646299,-0.747264,5,53.603625,-0.65156,7.8961444,2.5036452,0.6785863,0.006118357,0.6645179,0.75163037,256.11838
b6050c41ff1c4a93a9882493830fb541.jpg,8,59.482232,11.712211,0,54.341532,26.20063,1045.5715,28.275461,0.663008,0.014264464,0.6829,0.7682619,622.5452
b6088233090545d18b56226ad176a4fe.jpg,0,52.980358,26.912436,0,52.981241,26.936207,1.5944617,1.5944617,0.90771264,0.0030984879,0.89392024,0.9633138,36.555374
b62568b6c10140c496d9909a0ec2fde7.jpg,1,52.807581,8.591847,1,52.010784,13.66717,355.39786,15.706307,0.7304575,0.06466639,0.72375923,0.7874162,166.95645
b697f7ccca3b4a2c822eefdf7f526164.jpg,2,38.719957,0.062116,11,36.42827,33.722287,2960.697,737.156,0.68084216,0.021968544,0.67088413,0.80268705,2968.6418
b69c5a6c84cb466488575959b5eb4287.jpg,1,50.833789,10.429341,4,45.903716,-0.959794,1002.47156,396.7178,0.66491234,0.012000799,0.65962654,0.7686212,874.281
b69d494d63a349a7b535e66cba2efe32.jpg,6,64.118252,-16.080174,6,64.122871,-16.072287,0.64056504,0.56968176,0.88443017,0.024047494,0.8755843,0.9415827,131.29318
b6b817ce9e34458cb7123c2ee7624c70.jpg,0,52.469873,29.280301,0,52.803155,29.4057,38.013126,0.30359167,0.7989386,0.0035817623,0.7670761,0.93248343,39.978294
b740f2d4d0694ae2a466ba99934ca6f4.jpg,7,45.325146,11.543744,2,39.281877,-0.403333,1188.3531,20.289646,0.7431402,0.0026803017,0.7513654,0.8355154,1401.7219
b78f56190c7947ee9952d0cd1b29df6e.jpg,8,67.96518,13.167468,7,38.046737,13.141233,3326.7842,2711.701,0.6121355,0.0033764243,0.5936129,0.72084403,3239.7878
b7a6687860f6424db014aea4b6d7e056.jpg,5,54.335665,-6.636037,5,54.338769,-6.342118,19.057364,1.2785226,0.6943327,0.03157133,0.70325595,0.69337285,67.83448
b7b11990351d46278aa38e6f70a30c2f.jpg,10,58.34958,12.005409,10,64.417478,21.224463,832.7097,33.479828,0.83873963,0.010692358,0.8216194,0.91582704,788.7535
b7c3b72928c549fb8a54cb02bd8c211f.jpg,11,40.627886,30.331917,11,40.587531,30.325543,4.519423,4.519423,0.78641844,0.040109277,0.75933516,0.89812243,45.8876
b80301b87312475ab21d15b25239f39c.jpg,1,50.704711,9.929686,1,50.384297,10.172103,39.532383,5.4831915,0.78594685,0.009330034,0.762999,0.87773824,39.532383
b82b61dbf9a94241bad0bd3e640ac4c3.jpg,8,62.4708,6.185923,8,62.470561,6.190151,0.21891563,0.026743835,0.77261454,0.004216671,0.73474973,0.93321455,3.5067554
b8387d5082fe49079e5790eb7c8d9d5c.jpg,1,54.249037,8.997669,3,60.995724,21.981058,1073.6874,42.188175,0.6505908,0.015398383,0.651361,0.7232849,593.08966
b83af8ac28d94ea7b50a0b7a53d01b8c.jpg,6,65.060186,-14.025438,6,65.03562,-14.109742,4.8063073,4.8063073,0.6754634,0.011900187,0.65798163,0.7636991,184.12335
b881bf105f544303b88b4b1e46a76738.jpg,11,40.049282,43.743256,11,40.215919,43.58449,22.924059,12.799759,0.82841,0.0039392114,0.8101899,0.9012905,22.924059
b897a3513ad94a19aa7ae973ddb6aa1e.jpg,6,63.84916,-22.210397,6,63.852498,-22.26444,2.6742468,1.3514037,0.9095418,0.0007085204,0.890297,0.986521,2.6742468
b8b64181a82840268a03a50091a129b0.jpg,7,41.022901,16.845796,11,36.171288,36.126764,1755.9722,673.249,0.6402234,0.0116119385,0.6021234,0.82765895,1600.7528
b8bf150ed1ce4de59993c15469fffc4c.jpg,7,44.369709,8.031063,7,41.549988,14.692774,625.9519,197.6618,0.7269405,0.032200992,0.74995303,0.7197207,2328.1968
b8cbbc485a2e443bb6ea89dd5c8c3a18.jpg,9,52.381076,21.122096,9,52.408238,21.088938,3.7661734,3.7661734,0.7726753,0.007160306,0.7830802,0.81135714,355.25583
b8faebf1c0d64eefa10bf0899df2ec1f.jpg,6,63.923894,-21.359713,6,63.917507,-21.360853,0.71238595,0.71238595,0.90182006,0.037060797,0.89426917,0.94373274,1.31922
b90f3aa811864e4395d249d1ebd20961.jpg,1,53.141094,11.171088,1,53.192195,7.7251,229.75864,8.468027,0.726614,0.03370881,0.70066744,0.84173983,225.08475
b918e9ff72c14d8f8fed7e9c8cab3944.jpg,3,66.13501,28.480281,3,66.138562,28.489213,0.5634195,0.5634195,0.7558041,0.0039187074,0.7319634,0.8662356,183.41371
b93b15fec1dd45bdabb2a8745b716fb3.jpg,1,47.805091,10.264952,2,42.425237,1.903293,886.9642,90.972145,0.6528638,0.028745055,0.64736366,0.7337805,695.1268
b9555b3ebcbd4ef98eb64a2d70ebfbea.jpg,4,43.994231,1.124698,2,39.514966,3.284247,529.2538,19.682968,0.6971231,0.037549615,0.7047615,0.73573166,481.0512
b95966543f274a2caba6ccd9b83673df.jpg,6,66.083216,-16.775368,6,66.091412,-16.831575,2.6923156,0.916044,0.8942163,0.023241103,0.88311476,0.95582324,5.1811953
b95e9b30711d42a2856820f00f51c1a3.jpg,5,55.211707,-4.847982,5,59.093421,-3.321005,441.31284,18.83558,0.7569766,0.0058757663,0.7410158,0.8634497,441.89044
b9627b4bb1b1462ca838ce19add25930.jpg,5,54.391744,-3.400268,5,50.922559,-0.268975,439.68585,21.537325,0.6689163,0.009581566,0.68826115,0.74897504,898.3128
b98bbdb2098c4b519bb02bc91257b8cc.jpg,11,40.981471,38.768047,11,40.970559,38.751946,1.8163984,1.2958187,0.91704065,0.055712223,0.9038173,0.96993387,1.8163984
b98bf11265214bde9933a8beb955efc6.jpg,7,40.936322,9.471971,11,37.078024,35.361869,2269.0852,8.194482,0.72736275,0.019825041,0.7381686,0.693076,646.7016
b98e0b94800a4140aba4e0b1d72c42c2.jpg,1,48.657661,13.362701,9,50.488328,19.321573,475.2738,249.74178,0.68923545,0.055509686,0.660195,0.81075895,520.21466
b9996282121a4e64b35a7fa6c768b762.jpg,10,63.252289,18.518978,10,63.224145,18.507076,3.1857078,3.1857078,0.76001906,0.01866901,0.7647405,0.7411332,3.1857078
b9a3d623292d4e139dd8df813ba883c8.jpg,3,64.575716,29.699802,3,64.746363,29.495029,21.331087,2.1784654,0.8822385,0.008906364,0.8683214,0.9563304,28.01027
b9a6638f2b454a7e971f6be3fc45a55b.jpg,6,65.722925,-23.743884,6,65.73374,-23.785132,2.2362516,0.70186067,0.84775144,0.004092276,0.8243366,0.94141066,2.2362516
b9d22eed6d8847339d4bc87c2079eeaf.jpg,1,52.755508,8.007032,1,53.211736,9.550637,115.113075,13.141796,0.7787156,0.033821642,0.77448606,0.8371304,104.05547
b9f3f8cb3fd04942916d81b6ce758505.jpg,2,37.543553,-5.04636,2,37.521548,-5.162227,10.505891,10.505891,0.7535041,0.022363067,0.73789036,0.815959,10.505891
b9f412ad02a64654a1cae945bce1df7e.jpg,8,60.878976,7.25755,8,61.517575,6.64354,78.256874,6.019271,0.6894595,0.0056504607,0.6588219,0.85789585,122.24156
b9fef6e33b074e02b32c3bfd8b52af70.jpg,9,51.288355,18.564826,4,46.829666,-0.247771,1452.7261,253.83643,0.57552534,0.0048009157,0.5773313,0.5865864,1549.5033
ba2c38769b5f4ec79a3ec611b9873991.jpg,2,28.317492,-16.565578,2,28.472232,-16.424577,22.051897,6.1219687,0.7796047,0.008522332,0.75473785,0.87907207,22.051897
ba389401beaa45ba9cd911126cb0ac90.jpg,4,49.667399,3.264503,9,52.072733,20.369645,1226.657,402.33154,0.71830356,0.048646748,0.698189,0.7987615,1226.657
ba43b7debb9d407eafd10641d6c65b2b.jpg,11,38.261159,30.186317,11,37.986476,30.285999,31.763678,13.390933,0.8707291,0.024152577,0.8544041,0.93602896,31.763678
ba461c6cec34475686f4389bb3b9f6ab.jpg,2,39.947188,-0.56801,2,28.778207,-17.942317,2014.9612,6.177934,0.68471533,0.00792253,0.7087006,0.6775104,2013.2207
ba4ee0546f4647bdad88b186bce501af.jpg,4,48.464208,-4.51439,4,48.554634,-4.678858,15.744621,2.528606,0.8875616,0.030144751,0.86996806,0.95793563,15.744621
ba8755b2ec7a4ac2b0af24d36a8cf652.jpg,7,42.045423,14.817839,7,41.914684,15.138913,30.260658,30.260658,0.7566091,0.06331658,0.7512981,0.8037887,93.60153
badd65f7dc474d4b92098fefa986fe3c.jpg,10,59.143595,15.166211,10,60.02624,16.218432,114.63178,3.2842937,0.78104764,0.0593127,0.7654115,0.8476348,40.99175
baf31be2366441418aa8897937604066.jpg,4,48.149411,-4.235565,4,48.148855,-4.235381,0.0633136,0.0633136,0.88093793,0.00014477968,0.8622271,0.957274,50.680996
baf86750ee514a69a87c50db49a07c88.jpg,5,54.994759,-3.224624,2,39.488821,2.809053,1781.6957,20.245127,0.73085105,0.0054576993,0.742105,0.7114297,1794.9918
bb0805cf525c4d58800556573c26b911.jpg,8,70.316104,24.220235,8,70.29497,24.155149,3.3869035,2.4492972,0.96152025,0.017633975,0.95353895,0.99344546,3.3869035
bb098f3cd349444784ce21986310e054.jpg,1,49.157768,10.615479,1,51.64054,12.589013,309.46002,17.92968,0.6612822,0.008689225,0.6425929,0.7798599,346.2082
bb2662e79f46496e8338b68e21033cb0.jpg,6,65.666484,-20.705522,6,65.675744,-20.684976,1.395017,1.395017,0.875417,0.028406024,0.8697289,0.9366858,242.07918
bb3ad36da27a42f1a6025bbdd24c0a91.jpg,7,45.37427,10.699576,1,52.906032,13.501122,861.758,37.20456,0.6276315,0.00474602,0.62065876,0.7050558,421.8556
bb3d84b484cf4ed1bf804a845f2e5454.jpg,5,56.867098,-4.703095,5,56.843272,-4.71192,2.703116,2.2922227,0.8441672,0.026183844,0.83899593,0.87129134,87.53301
bb5443f19861463791c24e97262d6d79.jpg,11,37.057493,34.940148,11,37.918798,29.11447,522.75793,6.6740675,0.7213254,0.026026964,0.6925278,0.8365157,522.75793
bb5e834d61414dd58dc49bdfdc03b7b4.jpg,0,54.580498,29.004764,0,54.421805,29.029361,17.71721,4.1766,0.8410579,0.11475134,0.83743095,0.8555658,17.71721
bb6dc57e430e42b6a2c7adbff485c16d.jpg,2,36.863494,-2.573487,2,36.836365,-2.631628,5.9886103,1.6792014,0.7124113,0.034805,0.728689,0.6479862,1680.124
bb878c00d2b945e1bc4b02d196bb069b.jpg,6,65.979514,-22.85889,6,65.983133,-22.856357,0.41842693,0.41842693,0.9248475,0.020290613,0.92114335,0.95388174,55.815342
bbac1159056a49c8913cf79d9e46956a.jpg,9,54.645518,17.683472,4,47.602684,-0.335128,1474.9779,8.395318,0.6670982,0.0003771186,0.6635866,0.7111325,1529.2644
bbc2d0eeb83e4a0498ec7be663e7fe8c.jpg,2,38.171952,-0.864267,2,38.143325,-0.934572,6.9223576,4.991165,0.86288947,0.06450337,0.87788224,0.8392576,39.702362
bbeafd41e87e4852aeebb38e77ad9675.jpg,8,69.27776,15.975718,8,69.278004,15.976458,0.039797314,0.039797314,0.9630748,0.039919734,0.9585289,0.9812584,0.039797314
bbfaf74292dd4d5fb40a4843f6e10f17.jpg,7,40.936212,9.093987,7,40.987765,9.134418,6.6623106,1.6776025,0.81640524,0.004896164,0.80349284,0.9071573,32.051495
bc0af7a3ba98410e81d2c78de61a30e2.jpg,2,41.347832,1.178807,2,38.132169,-0.951758,401.26236,22.182924,0.79165685,0.094968915,0.7826515,0.827678,401.26236
bc2b5821c3a2433ab7b7cbf10efee1e9.jpg,2,39.612311,2.646076,2,39.625231,2.648001,1.4460714,1.4460714,0.89695764,0.10659897,0.88285536,0.95336676,1.4460714
bc3c7fa33a8e4d5a9f70a96f204e54db.jpg,7,43.4302,10.403303,11,38.58438,27.35098,1517.3563,86.06315,0.6540253,0.005410135,0.6561838,0.6629925,94.15194
bc49ba27cf3848b6aace26eb262053a1.jpg,11,40.877845,37.76063,11,40.880918,37.762452,0.3744666,0.3744666,0.79649436,0.10900682,0.7832054,0.84965,0.3744666
bc7426e4bf3a40c2a1296f6426186bec.jpg,2,41.947476,3.120049,0,53.051938,25.544566,2074.1445,0.39553463,0.6816722,0.00036984682,0.66774094,0.796844,1.1922829
bc97ab5b499749cf955edbf9a1aefeb4.jpg,8,59.910769,5.298652,8,59.914491,5.295024,0.46063864,0.46063864,0.80389404,0.027994633,0.76698536,0.9548882,174.42322
bc9b462296864fc781da7d75331b1546.jpg,10,57.108945,18.325469,10,58.773715,12.201952,405.85696,0.39440605,0.83537143,0.0036683083,0.8140024,0.93291295,6.453392
bc9d9ace296c43a0a50bcdbd69b50597.jpg,7,40.60985,8.377353,7,40.637793,8.811133,36.74137,1.549346,0.85578954,0.001558125,0.8366296,0.95465493,2.0440032
bcbd4558b1014b75bc367af28f36abc7.jpg,10,65.341524,16.14451,10,65.301572,16.035351,6.7393684,3.9108613,0.86923766,0.012924075,0.85032856,0.94487405,6.7393684
bccea56bdf6842299c7799002f27afce.jpg,8,67.65252,12.595429,8,67.651837,12.595054,0.07758357,0.07758357,0.8022053,0.1224938,0.7845567,0.8727999,0.07758357
bcd3e26944514ebe92d84173ed633717.jpg,1,51.338446,14.565977,1,54.564042,9.837347,478.32956,16.224852,0.7357696,0.0043896437,0.7233391,0.80664897,476.269
bcdc1b6fac53495285951e1fb8cb9e1f.jpg,0,51.648639,30.4409,0,51.649546,30.440048,0.11673445,0.11673445,0.9147716,0.043977916,0.908206,0.941034,0.11673445
bd137b536b4246e1b7159b892aa4cbb2.jpg,10,59.176348,16.211198,1,49.734777,11.693424,1089.0933,104.17481,0.7278218,0.012993813,0.7313192,0.8081876,943.6968
bd1b4c862d5d423bb217527ee2f660fd.jpg,6,65.842997,-17.541373,6,65.802066,-17.568896,4.720771,2.3224342,0.9365548,0.023009896,0.92445534,0.98495245,4.720771
bd1e822b6ff546c18f4d6babd44b240e.jpg,1,52.023061,13.612706,1,52.732333,12.287436,119.63187,3.969257,0.75653976,0.012437284,0.74562335,0.8078991,287.98874
bd22e36ff5a84b578057b270f00c5b9d.jpg,5,54.558802,-7.254872,5,57.5645,-4.440971,377.0417,377.0417,0.7540685,0.025706708,0.76919556,0.7775904,1433.5159
bd2b066556f3438e802ae217f17a5692.jpg,5,56.104471,-5.54044,5,56.104474,-5.518473,1.3622024,1.3622024,0.72358334,0.01342386,0.69719243,0.8291466,1.3622024
bd60e14b356f45f582def310f9700050.jpg,2,28.049492,-14.331906,7,43.485511,13.633364,3028.0972,0.1880257,0.8020472,0.0014651418,0.7946899,0.85676634,3724.394
bd708d2bb14d4d6489114c97b256010e.jpg,8,60.81791,5.820652,8,60.817826,5.821557,0.049947765,0.049947765,0.7949188,0.06233865,0.7738974,0.87900436,0.049947765
bde047c28a3f40848c6f70c4cd13d647.jpg,5,58.491803,-6.231896,5,58.500075,-6.258564,1.8020021,1.8020021,0.7529254,0.020237446,0.73995304,0.80943286,1136.2716
be059905e0e04f269a270ffc0ffcad52.jpg,4,49.029153,-1.435479,9,54.337051,17.848722,1448.5474,152.57053,0.74665856,0.04999894,0.74852884,0.7791504,1419.1732
be25921fbb684456bd8dd7ca3e31b538.jpg,4,48.554249,-4.703108,11,39.34618,26.780973,2696.54,1245.0625,0.70679545,0.008846164,0.6759822,0.83004844,2696.54
beaae91efad7495f9e4820a233687bbe.jpg,10,65.20823,17.957804,10,67.026274,19.828802,218.98004,29.763577,0.8547723,0.011898041,0.8455627,0.8998526,243.5838
beb5ef4815cb49459c1eff818abc5154.jpg,4,49.274334,-0.568652,4,44.185302,-1.292811,568.5529,11.691791,0.651844,0.0021643639,0.6337394,0.72426224,568.5529
bec8455f86b845118f8d7403fc8a0e19.jpg,10,61.813616,14.676518,10,61.991905,14.578735,20.475542,6.9704437,0.874117,0.015078425,0.84945774,0.9727539,20.475542
bed8c29f30bc4399a43c0fb5c7bc322e.jpg,4,49.29135,2.453289,2,42.632736,-5.743861,973.3427,94.25931,0.7262101,0.004169941,0.74419177,0.7048408,1527.3108
bee4e8b9180849a1968c9f3a67d77497.jpg,8,61.943373,13.009515,8,61.937187,13.011541,0.6959678,0.6959678,0.90788317,0.021541476,0.8942025,0.9626057,0.6959678
bf4a1d2ce2424e5e983f7b0e137a296e.jpg,4,44.746035,-0.756461,4,44.656498,-0.927089,16.762674,16.656374,0.79643106,0.025616467,0.8016464,0.7755698,16.762674
bf595da5fd7445daa99fe01beae1e23c.jpg,9,54.055262,15.50284,9,50.319569,18.945857,476.98407,308.5574,0.72821087,0.0124361515,0.7221359,0.8106934,2308.4097
bf622f1e912c4a11938bf60a569faada.jpg,7,40.059532,18.315827,9,54.701546,18.358303,1628.1229,1035.4183,0.5675582,0.008015573,0.5566409,0.7224331,1355.0834
bf6eb818345d4881927d64fb0595829e.jpg,9,53.172059,14.614218,1,53.183613,12.033052,172.0119,2.0203338,0.74137056,0.0026073456,0.76465756,0.7692431,36.23656
bf722bae5b9a483c92e9c21ab7d19d0e.jpg,2,39.256442,-3.75607,2,39.625231,2.648001,551.3508,29.180887,0.6873473,0.037939727,0.70319915,0.70532274,910.99896
bfa070b0086243f885cec8b64762c9f7.jpg,0,52.851645,29.352829,0,52.845918,29.36257,0.9129229,0.9129229,0.8859628,0.043961585,0.8748853,0.9302726,0.9129229
bfaa3c67f8884a6da495324500b9e5f5.jpg,9,53.553129,23.7307,0,53.769295,23.839714,25.086878,2.4941313,0.8018594,0.017343163,0.77442944,0.9266114,2.5166478
bfac732b79c34fcdb1a9a8b77cb930c3.jpg,8,70.296963,24.175423,8,70.297101,24.175768,0.020068461,0.020068461,0.99072075,0.008330166,0.9893464,0.99621785,0.020068461
bfadb75b7e584ca4b33f9ce568378267.jpg,5,53.334171,-0.231633,5,50.33687,-5.120444,472.99142,25.654919,0.8345362,0.06981403,0.8393095,0.8898231,139.63864
bfe4cb97c6614800b775519c2cfaa980.jpg,7,38.11415,14.700488,7,40.89337,14.610598,309.13174,26.766617,0.74506646,0.0030528903,0.7287373,0.82921535,322.8626
bff8b4bfe29949608d7a63cce9be5b56.jpg,10,61.379953,15.78675,10,61.377771,15.781186,0.38301256,0.38301256,0.8310944,0.05531043,0.806698,0.9286796,0.38301256
c0283bb437ed4dbbb4811bcd9c41ddd6.jpg,11,38.304725,43.145444,8,63.23496,9.775107,3552.0874,35.95034,0.68117166,0.014642954,0.65160656,0.7994321,3552.0874
c03e1af85ecf4c8bb5c7615596860e91.jpg,10,67.09855,20.960342,10,67.245686,23.267129,100.84394,2.588997,0.9039279,0.054332554,0.8877676,0.96856916,100.84394
c078fbbe8d2143f49bde3db9a77a6e67.jpg,3,68.710698,26.370941,3,68.893102,26.960099,31.18508,11.27236,0.8131973,0.0022982955,0.7804906,0.9478008,184.73729
c08b541a39844157ac4e35268d17b083.jpg,9,51.730112,19.630377,4,43.936445,5.913326,1337.5746,778.0667,0.6743625,0.0008815527,0.6372748,0.82271314,1337.5746
c0a932d776d343dab249ea95682eab48.jpg,4,45.520643,-0.861232,7,40.912198,9.416038,976.70654,364.25143,0.72258943,0.0066340566,0.71574926,0.783189,950.5218
c0d9db5f5fe94bc28f9b25f030d4ab94.jpg,7,42.294356,12.497596,11,39.287131,29.972519,1505.7479,204.98218,0.717691,0.0067976713,0.71272624,0.7881307,1508.8457
c10734ff848048939f28bf4af674edd9.jpg,11,38.254469,41.003336,11,38.252545,41.016081,1.1332599,1.1332599,0.79640377,0.008304298,0.8570912,0.74945414,1014.0882
c1317aab70984c76bd592e87d78a11ba.jpg,4,41.892012,9.392696,7,45.234371,11.011128,393.84396,325.4991,0.6736668,0.015637338,0.6799021,0.7646407,1398.3755
c1540adcd0114f5aa1b2593eacc4cccf.jpg,4,47.761046,2.5202,4,49.422375,1.05173,213.97589,6.2529464,0.6645619,0.019399107,0.69418585,0.7182906,445.76917
c16e12ce5f4443218719db00018fffc6.jpg,3,64.280799,29.840035,10,67.297081,19.055061,594.0422,27.417114,0.7686504,0.026878655,0.7647971,0.79959506,505.59396
c17bc827f8944ac498a5687e2796fb94.jpg,2,28.075177,-14.495811,2,28.08008,-14.482755,1.3921033,0.680988,0.931792,0.021314323,0.9175218,0.988873,1.3921033
c19694f0ac144a1881041eda0efc5a76.jpg,6,65.560905,-22.429463,6,65.740456,-22.046593,26.583982,0.9742618,0.8285154,0.00035220385,0.8052825,0.93559045,58.587414
c1b18121ada14123a2f407a973864551.jpg,4,44.925971,4.920953,2,39.520292,3.28774,615.90753,18.667246,0.6193466,0.0051618814,0.58356255,0.762483,615.90753
c1bcc3c8594e42ea9bfa7de993c9330a.jpg,8,63.992221,10.182607,8,63.992046,10.182165,0.029036433,0.029036433,0.9615896,0.14242566,0.95743155,0.9782215,0.029036433
c1cde1d9a2b443ec97d420d408ef4260.jpg,0,54.187928,28.585545,0,54.218213,28.62032,4.056583,4.056583,0.73882776,0.01871103,0.7307044,0.79003334,41.398594
c1ef3abb541a48a08bcb2c219fa32bc6.jpg,7,36.75188,14.97577,7,36.730816,15.030871,5.439865,5.439865,0.77353275,0.070555985,0.7741207,0.77440715,121.06362
c1fa14fc71a34947babe94ce76222dee.jpg,3,62.640303,25.090395,10,63.718918,14.298585,553.8355,42.75212,0.7283063,0.004116535,0.72145784,0.8405267,296.56555
c200b4ba9aad44a6abee49ea7058769b.jpg,5,57.305901,-6.220845,5,57.556987,-6.153906,28.20557,0.8509841,0.7789448,0.014775336,0.7552549,0.92531693,82.62538
c25cffc7b44346f18d8e8819f8b1ec7b.jpg,4,47.446445,-2.260486,4,47.977211,-1.203199,98.69379,35.957813,0.6810254,0.038267434,0.7021065,0.78339547,273.42972
c2642c45e32a4ad4aba3fcb678991aba.jpg,7,42.229282,14.440995,2,41.058017,-1.252225,1308.6449,77.5571,0.7451394,0.01706791,0.74390984,0.7873147,1302.3934
c276ae69cc024d37bcc519421f25e608.jpg,11,39.08802,37.578245,11,38.982479,33.940907,314.36127,15.400079,0.6522357,0.018517077,0.66008264,0.67213094,4789.7397
c2827b92f3a04ccea64114122e8a8ff3.jpg,2,39.029208,-3.670766,2,38.996304,-3.800679,11.805646,6.8322334,0.85761786,0.03632772,0.8436296,0.9135708,11.805646
c28e002300c74c2287265c6e0733833d.jpg,6,65.604036,-17.202462,6,65.731416,-17.391428,16.600378,2.0296853,0.9057118,0.015965044,0.8932371,0.9556105,16.600378
c2d463922b0e4135932956e62ffcabb1.jpg,4,46.010833,5.951341,1,51.366931,14.490984,863.6219,485.55362,0.6617168,0.010692835,0.6409997,0.7445855,863.6219
c2f5a08a91464fe9b0fed2ec3de6f605.jpg,8,59.586895,5.299061,8,58.189005,6.736159,175.99866,3.9186916,0.7266512,0.017226875,0.6884185,0.90777004,73.66187
c2f8f437df3e447da6574eb58879ee21.jpg,3,62.929168,28.238683,3,62.961849,28.558986,16.602125,8.6154785,0.8815804,0.0024408698,0.8648,0.948702,16.602125
c2ff368c9297429d99e6f2769082f6a3.jpg,3,67.910251,23.918936,3,67.911444,23.915808,0.1862936,0.1862936,0.944126,0.018558681,0.9374136,0.97097564,0.1862936
c312fab61afd44a3a9a8f64890eb2a96.jpg,9,52.415285,20.754915,9,52.397456,20.844057,6.363665,6.363665,0.78198045,0.06116873,0.78232014,0.83386755,236.70175
c350a5d8e2844ccea6229496839dde0c.jpg,0,53.721923,32.024923,0,53.870872,29.21401,185.34448,2.133278,0.8209043,0.009794116,0.79211104,0.94053996,25.574005
c352ab6b058c4fc8ab4894ca41e56703.jpg,2,43.273342,-5.597113,4,48.555877,-3.355627,612.3783,13.095332,0.6950986,0.07546908,0.688554,0.721277,612.3783
c37eed289a2b49339a1c68872d4d6e3d.jpg,10,65.63316,15.531155,10,65.304519,16.719152,65.90363,5.0750666,0.8401942,0.006990075,0.83231306,0.92469084,407.22464
c389c15f458d4f91835d6863e4f5c66c.jpg,7,42.035478,14.837423,7,42.224476,14.481409,36.10523,22.888468,0.8322737,0.012101173,0.8348139,0.8418761,22.888468
c38d3c9eb55d4799bdaf30548202db73.jpg,9,53.271944,20.220767,9,53.275009,20.226282,0.5006335,0.5006335,0.86381,0.13895124,0.8410618,0.9548029,0.5006335
c39c6b49e84241f9aae01222eaeb7075.jpg,10,64.165574,19.680119,10,64.151277,19.685873,1.6140327,1.5724322,0.78254336,0.03042847,0.75314283,0.9001454,1.6140327
c3a93e4a8e884341af0abc19edb56b5e.jpg,11,36.857952,30.623418,11,37.028802,35.442698,428.6666,2.783579,0.69620824,0.017801106,0.6914834,0.7952149,2.783579
c3c4fd97c6d84d66899fd5b095220bdd.jpg,5,58.50786,-4.810098,5,58.510915,-4.80936,0.34239486,0.34239486,0.90659606,0.08580595,0.8932776,0.9598698,0.34239486
c3c67de04df44f4dad71b66757a6b75e.jpg,3,62.301981,26.998262,3,62.307525,27.241755,12.598797,1.7380946,0.8179748,0.0067626834,0.8101847,0.89789486,171.32454
c3e4ddebe0e84d7c83d394cbc1d7b297.jpg,1,52.054588,12.500035,1,51.911262,13.542135,73.124954,8.999956,0.70512813,0.025212467,0.6678245,0.8543425,73.124954
c3fda65c92534c1c9fc08356960a5ca5.jpg,3,63.103346,22.189698,3,63.081532,22.155151,2.984263,2.984263,0.90419537,0.0004631281,0.88835645,0.96755075,2.984263
c41872292e9f4515b154575962969a45.jpg,2,40.49764,-4.676647,2,40.79926,-4.466284,37.944862,5.0396633,0.8201246,0.02320993,0.8023619,0.8911754,37.944862
c4538f85d6f14aa88b5b35f80aa5d295.jpg,9,49.75507,21.693078,1,51.552957,12.337423,688.62506,547.47235,0.66708344,0.017410219,0.6914696,0.8061831,1023.6937
c462058b02b24aa18c892d6814f64b5a.jpg,7,40.764531,17.29263,4,43.755638,6.219259,969.1438,15.207401,0.7350734,0.010403216,0.74406254,0.80412215,15.207401
c463745c9c154aa8aa6be45112adc7ff.jpg,1,49.07215,9.76942,4,44.658946,-0.989251,952.5326,195.65791,0.64592046,0.0030135512,0.6771722,0.6781833,763.92914
c4948358203742628b1ef265bec303c8.jpg,7,40.872417,17.410479,7,40.402283,17.640853,55.773724,2.66067,0.6946954,0.0010681152,0.66622543,0.80857515,55.773724
c4cefec38f8f4fefa5162bbbb9d087be.jpg,8,60.099917,11.435486,3,67.432208,23.819598,1013.5872,66.052155,0.6935264,0.020698488,0.6984292,0.74751604,942.6269
c4cf0ac195ae4ef5915a84af105da4f9.jpg,10,68.247748,19.517819,10,67.664305,21.300287,98.69784,2.5290656,0.7241148,0.013705254,0.6906846,0.86974585,5.99851
c4cf52b905ec452e9510a36c2a2a4e16.jpg,9,51.460447,16.121583,6,65.645611,-23.68849,2724.5469,2269.5952,0.70828456,0.0019348264,0.68308264,0.8192144,2731.9011
c4d01f8baf4940a99d8d312623cd306b.jpg,9,51.512592,23.389521,10,59.577443,16.845407,985.6447,5.4758906,0.7325132,0.04355806,0.7420854,0.6942241,985.6447
c4da6674ff26447c83f9eb397618ba04.jpg,11,37.308875,35.87748,11,37.313592,35.882454,0.68455696,0.68455696,0.818949,0.079178154,0.7949752,0.9148439,0.68455696
c4f18661607743dc8be1ba3e66bc4289.jpg,9,49.557724,21.517636,9,49.654955,21.269644,20.885965,1.8427578,0.6784792,0.00065255165,0.63195765,0.8645652,20.885965
c507dd368d714e7ab11d2f1a206c71a6.jpg,1,48.060954,10.024301,7,42.280911,12.601198,673.60455,343.19553,0.6059656,0.0008392334,0.6077802,0.77158076,818.2852
c51a2d62ce654955a50b11f17098feed.jpg,1,51.536783,13.971422,9,53.94893,22.440389,629.5136,112.95842,0.6591774,0.012047887,0.67708576,0.6854262,362.54855
c5235560bfb44af2ba53e56cb79f02e6.jpg,1,52.152133,7.681115,4,49.304136,1.12845,559.13556,66.76116,0.7331421,0.016414642,0.73695207,0.71790224,559.13556
c54526fae9eb4054a267ac55928d402f.jpg,1,50.202678,7.017817,1,51.787159,13.665057,497.22812,117.33292,0.7669726,0.012093961,0.74952567,0.8367604,497.22812
c568daae0aa240a3930b0f0e35c56d5f.jpg,0,53.08861,29.832342,0,52.226357,31.44655,145.0681,8.973893,0.8699357,0.049330175,0.8535893,0.93532115,145.0681
c56a536c5c2542f992653d72b3057a1b.jpg,3,64.769238,25.548094,3,64.770137,25.548143,0.099991344,0.099991344,0.94971585,0.025118232,0.94266236,0.97792995,0.099991344
c56f4f29defd4297a48a7ef9c1f95125.jpg,9,54.702913,18.356784,9,54.701546,18.358303,0.18063903,0.18063903,0.7615019,0.030436933,0.7753191,0.70748574,59.481544
c5b860bbb33f42e1a4c8ca263a48c448.jpg,5,58.38742,-3.707751,3,63.144236,28.044601,1782.5094,540.6959,0.6104192,0.022563934,0.6154322,0.7910845,777.4473
c5c87b90000e4225bac418d2174195dc.jpg,0,54.606572,27.904786,0,54.653524,27.963787,6.4559383,0.631958,0.88454056,0.07120776,0.868903,0.94709074,6.4559383
c5debb7009324e82ad36e52320372e4f.jpg,6,64.791456,-14.003116,6,66.070804,-18.657404,257.85764,0.18125021,0.7307348,0.0067858696,0.7029752,0.869552,225.04918
c5fb9bc0b1e74c2f9ad6d21ffb24bbcd.jpg,3,62.904603,21.207949,3,62.902019,21.211909,0.35040718,0.35040718,0.93107706,0.093521595,0.9170319,0.9872577,0.35040718
c6046e55f47e4b6fbeb2dfcdaddbf817.jpg,3,62.214179,30.096282,3,62.16148,30.060976,6.139479,6.139479,0.8809681,0.00029873848,0.8680515,0.9578432,6.5568795
c61d2aaa97554b358b7c2617f2b08810.jpg,8,69.221403,15.923508,8,69.690788,29.576055,534.1555,4.0443916,0.640716,0.011837125,0.59189475,0.836001,534.1555
c623703cedfc4b2cb1d87325305a90f1.jpg,11,41.53093,27.837857,11,41.53471,27.833521,0.5540125,0.5540125,0.7876166,0.0825519,0.79089785,0.7744918,0.5540125
c65870a21ca541059d418561d9252123.jpg,6,64.157563,-19.60615,6,64.144102,-19.694342,4.5300994,0.7239581,0.84352815,0.016476154,0.8253674,0.9161711,4.5300994
c66281d495d346a1a8bcab87714c0d78.jpg,11,36.998985,28.562815,11,36.970139,28.703006,12.858575,12.385793,0.73996025,0.037710547,0.74153185,0.77886164,123.66363
c72792bb35f64be09e8d650f266c47c9.jpg,6,65.764133,-23.918904,6,65.749459,-23.843698,3.8017085,0.2404395,0.82251024,0.0030896664,0.7895114,0.9545055,3.8017085
c72f3f6e4ab64bdaac4402a4e0feb6a2.jpg,4,50.22624,3.316372,4,50.045754,3.229318,21.006363,5.489211,0.7759435,0.078271866,0.7650952,0.81933665,21.006363
c7431fc92bb941dfa59e1dac12c7e948.jpg,11,40.470279,31.595921,2,39.861605,-2.564393,2885.227,81.17488,0.69436705,0.010981977,0.713247,0.72760487,3992.358
c7653718fabd4532a0d863bf1e3a058b.jpg,5,52.408436,-3.837765,5,52.417762,-3.560485,18.835073,3.7083678,0.74611187,0.025204718,0.74074084,0.82954174,83.632095
c76cbc00eae14f598540d7528b184b65.jpg,8,70.870635,25.787087,8,70.976823,25.781795,11.80915,2.1145282,0.8865619,0.0018060207,0.87929726,0.9156202,11.80915
c78eed6832e645c6b19ad675237305e6.jpg,11,41.566274,33.782703,11,41.623602,32.338467,120.2674,31.168427,0.81775093,0.03923583,0.801649,0.88511693,114.26218
c799dfcfc0704fbda65f66bc0bbf4757.jpg,2,28.991314,-13.59759,2,28.985871,-13.584265,1.4303988,1.4303988,0.8804456,0.039950132,0.86565787,0.93959665,1.4303988
c7a2bd358a91459d97d00e15b0a4cb87.jpg,10,61.835335,15.841833,2,41.068452,-1.028365,2570.3142,15.248204,0.6508715,0.0022916198,0.6770505,0.73207843,2637.021
c7a3348421a344e6924c6a6da1ce83e6.jpg,5,50.336847,-4.64219,5,50.348578,-4.662883,1.9641558,1.1879,0.7457256,0.020344794,0.7479136,0.7931479,24.484005
c7ed73e57d624410b31906a8c34e0273.jpg,8,69.206673,23.692123,8,69.20478,23.716327,0.97838247,0.17688602,0.8730823,0.009655714,0.84567404,0.9841224,0.17688602
c821f080eca24b31b5315d08510780f6.jpg,8,65.212591,13.37817,8,64.752732,12.860303,56.6362,0.038437713,0.8321297,0.01300019,0.817069,0.9258301,76.724525
c84431e4f2194059b1764a1a9ce16088.jpg,4,48.601527,-2.979748,8,67.653363,12.596821,2291.8906,274.7212,0.6187199,0.008686662,0.6221746,0.6926991,805.86536
c84c661b4e7043a1a6b23d3f31d58c25.jpg,1,49.560805,10.863148,1,53.480627,13.226439,465.45972,224.07568,0.66561836,0.0031349063,0.656632,0.82359445,636.6879
c87df3c67378445ea168449655dd6155.jpg,8,69.212354,15.874445,8,69.275906,15.970056,8.008308,5.8245215,0.67281157,0.0013533235,0.64666164,0.77741104,8.008308
c8853efe39d94386a006c8273d3e2258.jpg,8,70.673592,23.651493,8,70.659975,23.671296,1.6804956,0.07431795,0.72403,0.037681103,0.7008921,0.8295576,0.07431795
c8a7a5f053db4550a95c38595be9828e.jpg,7,41.90954,12.749692,7,42.035768,12.670716,15.480117,7.1777506,0.8284627,0.007168412,0.8107518,0.89930624,15.480117
c8b7e36900864fbba953f6f7bd7a4553.jpg,9,50.688506,22.983528,0,53.960304,30.467409,624.8123,22.798077,0.7239405,0.0011496544,0.73961747,0.767102,112.77948
c8bc1d669d43430d9b66d057ed0a358b.jpg,11,39.87254,39.256192,11,39.869157,39.264491,0.8019478,0.8019478,0.88529205,0.021799088,0.8725433,0.9561529,5.2002215
c8bd5688de2e4ce084bfda7a92e67cb7.jpg,0,52.346379,25.983258,0,52.286438,25.992935,6.6975236,3.7848094,0.7915659,0.0002501011,0.7694387,0.8800746,6.6975236
c8cb3e2fb212478a9cdf0f4db191f99c.jpg,3,61.654994,25.28434,3,61.337578,21.843519,185.94064,37.53731,0.7444724,0.009379268,0.7184557,0.87883854,127.3368
c8cead672fe243ec8b4ddebb58cf5710.jpg,0,55.719023,28.244802,3,60.527296,27.547288,536.21484,35.22829,0.6534437,0.024792314,0.6159423,0.8034492,536.21484
c939c857f5a24fe88cec2adb05783a02.jpg,6,65.568282,-15.35923,6,65.668297,-19.596623,194.789,1.184548,0.9150492,0.00430727,0.89962757,0.97673553,194.789
c946d14fc9d74419bdf7ec0c8ab822d2.jpg,7,45.520621,9.687131,5,51.069915,-0.61249,978.90924,932.87427,0.6931188,0.009457231,0.66800797,0.8143622,1065.5219
c95e624bfea54a0b994ee2ebd9c79ffa.jpg,0,53.630588,24.742174,0,53.652873,23.979197,50.35625,12.005759,0.84907424,0.038480878,0.832467,0.93674934,64.93812
c9629448ce914c88a1cec044b7b1ef0b.jpg,0,54.261009,28.668641,0,52.083983,27.563951,253.01595,9.481418,0.90151054,0.010451674,0.8852584,0.976084,184.93272
c96c29c11d1e4c1fba287d20d7d0cdf8.jpg,10,63.014939,17.099603,10,67.267094,22.704391,540.0761,16.664515,0.9092609,0.0022543073,0.8980129,0.95425296,540.0761
c98e0aebda5b4e3b9b2ea7bcfca9f5d4.jpg,5,58.511901,-4.698556,5,58.503842,-4.707442,1.0341414,0.33570746,0.79999644,0.0025398135,0.7778553,0.93431175,1.6455809
c99b642c4a344ac4bc6f64b30d42ec49.jpg,7,43.530462,10.540627,4,44.034086,6.08792,361.77643,40.176872,0.6990036,0.020121694,0.71369106,0.71766,355.6936
ca43d73f68cf43b29a8735b66df435fe.jpg,7,40.598118,16.98899,1,48.355179,12.397015,935.8966,370.15082,0.5917793,0.0024097562,0.59717715,0.70796686,2323.611
cabae459ee164e8899c3fc909a3655df.jpg,8,69.689056,18.858549,8,69.650534,18.519711,13.773154,0.35974345,0.6714532,0.0035921931,0.6643684,0.8485086,33.865643
cac003c3e5cb4f2989c2954de43ea239.jpg,0,55.839809,28.608745,0,55.862421,28.605279,2.5236335,0.26345766,0.8575993,0.006660044,0.82945204,0.97018826,2.5236335
cad52e3f9432434999d613818471fbfc.jpg,6,65.744679,-22.084042,6,65.640513,-22.537809,23.780912,1.7740598,0.88224214,0.0018306375,0.8640182,0.959472,3.1444824
cadc567de38b4d989d51a22916e5e183.jpg,0,54.736175,25.831063,1,50.45064,9.145261,1219.8766,4.713981,0.6721009,0.012591183,0.66059387,0.7230687,753.2293
cb0a3be55b7442f6a99bbd6321302f83.jpg,5,50.144846,-5.307452,5,50.137199,-5.307606,0.8503796,0.12247035,0.7612814,0.048931003,0.7111455,0.96182466,0.8503796
cb1510eef2a542e09e26b80bd7974f1a.jpg,9,50.644666,22.685262,9,51.021673,22.656825,41.968864,24.51811,0.71696883,0.054564834,0.6832304,0.8519226,41.968864
cb38c4d4a54e48f69761d6fe1cb24b76.jpg,6,63.960528,-21.262063,6,65.665402,-14.996241,351.69608,6.795162,0.8083385,0.0066913962,0.77844167,0.92964995,372.01285
cb5decc726944d33945fc3eeb71cd9e2.jpg,11,40.868218,30.473355,9,51.969015,22.365206,1379.9924,26.891422,0.6525604,0.0046320558,0.64546174,0.8126365,1584.2949
cb65e8a359b64f689bd6c8b50de0f9a6.jpg,8,69.926533,23.262431,8,68.439475,22.47126,168.27972,165.58908,0.7452226,0.026062727,0.73659164,0.81705767,679.15
cb8c1b04ebe448b38fcf6a557d4ad70b.jpg,8,69.544083,18.989859,8,69.549169,19.022912,1.4033271,1.4033271,0.81694055,0.00786227,0.79391664,0.910496,15.453269
cbea6d372f9840539b37834a5341da37.jpg,1,53.757152,10.316938,8,63.23496,9.775107,1054.3461,677.49054,0.57337636,0.002918005,0.56375545,0.70801055,1092.2571
cc376d0317d946adafd0d85dfc7644f7.jpg,3,65.007151,28.839384,3,65.00938,28.858275,0.9214321,0.82746774,0.8952179,0.014169276,0.8838817,0.95982635,435.0277
cc546b1e6c5949b4a10b1b43c8ad5bb2.jpg,5,56.992464,-2.279252,5,57.223565,-2.633292,33.4275,20.790352,0.7577437,0.023091853,0.72666126,0.9172664,138.88068
cc5f73e0196846c0b747ebd48f66d0c1.jpg,10,61.723387,17.301878,2,39.66495,3.267195,2631.3115,0.48521483,0.6763362,0.01871866,0.67492473,0.76943237,23.119978
cc88ff2c6d0145d1b2dd7a7f8c5c2b4a.jpg,5,50.226573,-3.710687,5,50.228452,-3.710068,0.21352515,0.21352515,0.8321663,0.055109978,0.8012836,0.95569694,0.21352515
cc995c430c2a4d1cbae122cfcd7f53ae.jpg,4,45.373897,-1.079638,4,45.36972,-1.076177,0.537417,0.124868855,0.7752577,0.007617235,0.75172514,0.869388,0.537417
ccb89daa468e49b8b655b97a3b67b35b.jpg,1,52.776367,14.052741,1,49.042671,10.836405,472.34683,11.83696,0.60569274,0.0009268522,0.61080104,0.6918733,515.2704
cce79247df0f451c980e190ef3e9edc1.jpg,10,59.358865,16.887215,10,57.452758,12.171271,346.84988,27.169783,0.66967976,0.0008252263,0.65520406,0.7833929,370.44
cceb4c02cdfa4ad4905e7eb44943efdf.jpg,3,62.298626,22.243543,3,61.802653,24.444865,127.283,17.480345,0.8431216,0.001052618,0.8252414,0.95657575,83.32457
ccf77e88bf2b4a0292e0698dff936fe5.jpg,2,38.199715,-0.679126,2,40.514723,0.251152,269.55197,0.98275363,0.7564227,0.048542976,0.72383595,0.8867696,269.55197
cd309689b2f844ce9ebcf0bb2da83617.jpg,2,38.313329,-1.482958,2,38.509096,-1.654367,26.398981,3.7010002,0.8888521,0.044550896,0.88889337,0.888687,26.398981
cd559004fc5f43f38cde2bfde1018df5.jpg,10,56.849456,16.641989,10,61.60086,13.253221,562.22675,51.2965,0.7019984,0.018116057,0.68678284,0.8016434,266.1387
cd5a44711164425b918ff074c927d78e.jpg,6,64.925304,-21.534835,6,64.848768,-21.496379,8.701774,6.949621,0.74992883,0.018753767,0.7084913,0.91567886,8.701774
cd67dfb6274d417ab2983a56dedf0893.jpg,2,43.376913,-4.516835,11,40.875985,26.518914,2559.6682,36.474545,0.7398542,0.028173268,0.76519376,0.73841345,303.1414
cd84b4cbbe8243d4a42ac58666a55141.jpg,8,64.56366,14.051542,10,62.252036,14.129205,257.07022,13.523528,0.86592674,0.022231877,0.84844047,0.9358717,257.07022
cde9b8b497f1445da315caf1c8fb2f26.jpg,10,63.314465,18.988083,10,61.362866,13.531905,355.36588,66.50423,0.7838421,0.014418185,0.75387686,0.914835,354.8785
ce085b99a96a464d8158ba3d5c0cb721.jpg,9,51.855126,19.405695,9,51.828378,19.426653,3.3044245,3.3044245,0.7141515,0.07332885,0.6949973,0.79076815,3.3044245
ce3abbae1d6642029a1af83e7368bd82.jpg,6,64.807618,-23.009311,6,64.836218,-22.847459,8.290762,8.290762,0.85459495,0.01906699,0.8373921,0.9398559,23.222878
ce55f228a0a549cda0e5af69869b51bf.jpg,2,36.619581,-4.707008,2,38.723606,0.028132,477.8408,171.18787,0.685644,0.059874,0.67760396,0.76330245,892.35077
ce97289e9f384ef1bfcf01479f74d7bc.jpg,10,57.651015,18.38467,3,61.309372,23.478915,497.91547,187.31723,0.6509852,0.008317471,0.60317624,0.84813535,617.06964
cecd1f7dd65443589db30d4274681429.jpg,1,49.624782,10.533024,2,42.835816,-5.206527,1422.5022,596.53107,0.63089347,0.019777477,0.5994605,0.7566254,1422.5022
ced1809b14374d7a91bbefc468631a52.jpg,10,63.21224,15.586439,10,63.267603,15.568664,6.2200847,5.377667,0.6870346,0.021976471,0.6647154,0.7763114,6.2200847
cf0a0517558e4744bbc6d7357364903d.jpg,9,49.96007,23.0958,7,45.514572,8.822987,1173.7585,683.3245,0.67621213,0.038211524,0.68359816,0.7363764,905.9965
cf1763cb5b244a0ba9ff89d86963989b.jpg,4,44.63269,-1.160036,5,56.569212,-3.311706,1335.7705,507.47256,0.70541763,0.020853281,0.70782524,0.7334143,1194.7213
cf23764742664df08aade55ad512749a.jpg,7,41.367971,14.021304,5,53.621937,-3.047574,1861.6606,64.40336,0.63281065,0.0146228075,0.6401136,0.6785509,622.9652
cf4ae5a256e44bb38e7a3aea4156dccf.jpg,8,59.94705,6.584035,8,59.953252,6.58044,0.718096,0.718096,0.6746218,0.02981639,0.69546247,0.7366729,1660.8683
cf6889ddc2f848b990453b36f8f4f059.jpg,4,44.632143,-0.846068,4,44.086921,-1.000352,61.854305,6.9584637,0.76982546,0.008070171,0.78292555,0.74488723,3231.0518
cf97127bd2b5431bbf90309e2580c86b.jpg,9,52.560906,15.874136,1,49.340651,12.207289,440.55643,33.396122,0.69422245,0.03240186,0.6948427,0.7781814,172.34636
cfaae8f37acd4bd484eace188a1739bc.jpg,7,43.907924,10.275545,7,42.812222,12.05325,188.40376,16.71357,0.6352543,0.0009230375,0.65279806,0.68560153,1871.8505
cfb796b888d64ebf88862d7bf1bc3fa2.jpg,10,63.241942,18.512855,10,63.224145,18.507076,1.9999881,1.9999881,0.8622493,0.026780427,0.8456668,0.92857933,1.9999881
cfc3f6a5276f4c30b226fb1a53c71303.jpg,10,55.403192,13.607212,10,55.402082,13.605754,0.15397424,0.15397424,0.710361,0.09786737,0.7140749,0.6955053,0.15397424
cfd9f5c9f56a4676a17de1f0318be452.jpg,9,51.314027,15.585624,2,38.820351,0.043384,1841.6023,205.63066,0.69939774,0.00197649,0.72948617,0.7290406,2099.0344
cfdf0979a9954e4a934d235ef0597669.jpg,10,64.077023,20.775767,10,64.095004,20.754648,2.247404,2.247404,0.6994266,0.013428271,0.7250984,0.7489672,1375.6252
d0493c99f1e64535bc043e4d4a60d77a.jpg,1,49.750467,8.528452,9,54.757664,17.655163,833.0449,401.17368,0.63603175,0.0129980445,0.61112416,0.7746798,974.16455
d088fafef57d47ef8789acf75c13a990.jpg,7,40.930937,9.36785,7,40.90686,9.381842,2.924003,2.282516,0.8935863,0.0132754445,0.87861013,0.9712249,20.595037
d0b52124701b4d688acd31c9cbbec99a.jpg,9,52.206483,21.358505,7,42.57131,14.099177,1201.2886,28.968515,0.7379291,0.0259462,0.76414835,0.7893285,93.17074
d0bf2aba011e4dc2ad1fa643df719ae2.jpg,6,64.946968,-14.115853,6,64.938218,-14.093906,1.4194778,1.2520794,0.9272464,0.042851985,0.91460437,0.97781444,1.4194778
d0d3319ceb414b0b9f904a4d805e45a4.jpg,11,40.073148,38.54619,11,39.593058,39.871287,125.10692,12.17773,0.769764,0.0109375715,0.7493903,0.8512585,125.10692
d0d9f555f35d419e9d5fe6b6756ce7fb.jpg,0,53.644553,31.586142,0,53.638394,31.569048,1.318635,1.318635,0.85066324,0.040005982,0.821396,0.96773213,1.318635
d0f6c292d21c49e38ad2f441cdee146d.jpg,3,63.315251,25.823853,3,63.31275,25.82813,0.3506524,0.3506524,0.73619616,0.019323766,0.6916816,0.91425407,0.3506524
d11c3479bda34406886cbe36f165b8de.jpg,3,61.543878,24.303675,9,54.167212,18.716769,883.5719,339.17297,0.65435725,0.07212716,0.6531579,0.7144203,1158.9792
d11f61b7948646aca9401c75ef0d02b1.jpg,11,36.495563,33.967135,11,36.457739,33.962671,4.224739,4.224739,0.6657226,0.016709328,0.6503757,0.7641969,67.16393
d1360cf6dcf34d3b90d3c3228704aaf0.jpg,7,40.951472,8.871,7,40.939751,8.864987,1.3977442,0.3423302,0.90534276,0.08339262,0.8920216,0.95862746,1.3977442
d171ba1d4bf04480b42efa58c33dac43.jpg,5,57.530361,-4.271472,5,55.590178,-2.586019,239.1666,11.209773,0.6968348,0.02430433,0.64910346,0.8877603,239.1666
d1843b7afdfa48c5b69dc60d7e4e0ee3.jpg,3,61.505708,22.966829,3,62.347669,26.673625,215.34117,23.048477,0.7864075,0.0016155839,0.7739798,0.85624224,193.70116
d188404c308f4fe5a38b475aa0e71731.jpg,7,40.66264,18.011801,8,70.8914,25.678986,3389.2778,959.1652,0.69689953,0.01052475,0.7005295,0.77650976,1202.778
d18ff07570504639a10737d482965b37.jpg,8,67.091848,15.412091,8,67.147835,15.455766,6.50553,2.3848796,0.8802031,0.030662954,0.8581853,0.9682744,6.50553
d1952294fa5441a789992ec7218fd760.jpg,7,41.923093,15.092242,7,41.914684,15.138913,3.9731195,1.6042901,0.8375958,0.08681822,0.82599336,0.89358664,61.66963
d1960923fbf146edac5952af01764d2b.jpg,5,56.315696,-5.565526,5,56.102788,-5.476811,24.301714,10.888385,0.8588518,0.0019871593,0.8390351,0.9516927,10.888385
d1a2935d23524f818eb0d80c2284ec1d.jpg,6,66.17751,-23.443202,6,65.615748,-22.514635,75.36347,0.6593963,0.91708314,0.0069156885,0.90041226,0.9837665,75.36347
d1f607296266477a8b9af023b2ffb91c.jpg,11,38.692554,35.577662,11,38.694065,35.576418,0.19971384,0.19971384,0.8416928,0.11335695,0.8262053,0.9036426,0.19971384
d1fdbd4677074e58bfeeed3ea8cf2c69.jpg,9,50.796866,19.300308,9,51.900117,20.21935,138.28467,115.96429,0.6436622,0.0114837885,0.62505335,0.7180975,138.28467
d2090a6a5e424034bb0a6dd7bb7ec084.jpg,7,45.401837,12.14855,7,45.411804,12.159605,1.4046711,1.4046711,0.84019464,0.083193004,0.81745744,0.9311434,1.4046711
d219dd4c3ac64dd78022433cb170d6b2.jpg,0,55.767992,27.963082,0,55.774886,27.965713,0.78404295,0.78404295,0.952787,0.108653486,0.9444663,0.9860697,0.78404295
d21aa47661f445ffb15085ee2793966d.jpg,8,58.33808,6.255782,8,58.336997,6.262142,0.39026403,0.34572893,0.8672383,0.058845878,0.8394568,0.9783639,0.39026403
d221b24cda17421d88b1cbdada907cd8.jpg,4,47.282038,-0.236546,10,55.683652,13.837499,1345.3179,823.60223,0.6048877,0.0032567978,0.59301007,0.770682,1651.8348
d249474c5f314dc180a6c6d5670de506.jpg,10,66.085372,17.539422,10,66.121516,17.411756,7.0157924,3.6612363,0.77492094,0.023792803,0.7607993,0.8617455,126.418
d2674c146cf44232a01482f01dd35a2a.jpg,5,53.897798,-2.749479,2,39.861605,-2.564393,1560.8176,72.118034,0.6624374,0.0012047887,0.66601884,0.7641331,1313.355
d28b1a0322764a42bbc6a4772977a9e3.jpg,11,38.550772,35.184035,11,39.791325,34.196772,162.08253,4.4035516,0.66875756,0.00013381243,0.6363759,0.8261323,144.59721
d2c9ef824391480aa7e332a9c222fb67.jpg,2,40.795479,-4.455789,2,40.79926,-4.466284,0.9783817,0.9783817,0.8224458,0.007940769,0.79455197,0.938745,21.836498
d2cb053986f7445d9cc574e3e30e8d92.jpg,7,45.797534,13.049166,4,45.74292,-0.853386,1076.9755,12.79647,0.7565578,0.049479365,0.752517,0.77272105,1076.9755
d2ce5e4794f04d8ea53f5c36ba78c39c.jpg,3,61.633318,21.77482,3,62.07395,21.531548,50.63042,32.457134,0.9128172,0.03808528,0.8941469,0.9874981,50.63042
d2d4b83634ee421cab7b246559fde7f1.jpg,10,56.955931,18.302545,10,56.958665,18.303057,0.3055882,0.22441778,0.7734277,0.02356863,0.7420338,0.9361223,56.744823
d3394540e74346bf8ead3534e1fbfe80.jpg,0,51.640983,29.098483,0,51.644104,29.102623,0.44949684,0.32501867,0.92923653,0.040492594,0.9172147,0.9773238,0.44949684
d3471e731ad94298954d8e6fc5ac515b.jpg,10,59.345193,16.025236,10,59.95768,17.29381,98.57667,3.3973925,0.79616886,0.009882152,0.77377236,0.9020688,128.62694
d353e4cf89b84018824cafea2cf2dfb2.jpg,3,63.31794,30.189953,3,63.280436,30.301395,6.956579,6.956579,0.8239124,0.020196974,0.81015897,0.90044194,129.1501
d3541bc1939c42bcaa70a86915d38a51.jpg,7,36.862037,14.993042,8,59.883681,5.312277,2651.476,868.2778,0.66726756,0.0024023056,0.67453027,0.75284666,1011.85474
d356709ac0454ab59e597399cc874e3e.jpg,6,65.713411,-17.057121,6,65.841824,-17.295279,17.942532,5.0678563,0.8812368,0.023882866,0.86303854,0.9540297,17.942532
d3903dd052504f0ea4ef76cbc79ab90c.jpg,4,47.246236,-1.436118,1,52.224396,12.591949,1147.4037,91.82151,0.7065042,0.016132772,0.7043477,0.7151301,1147.4037
d40ac3b1156a42c08c84aae47528ebaa.jpg,9,53.401443,22.421509,0,52.2617,25.68012,252.91504,0.9200469,0.704843,0.0040416718,0.71791804,0.68701583,7.4282103
d4540ccc1e034355bc6737659af0014e.jpg,3,62.314165,29.831165,9,53.993526,17.961104,1154.2539,1.6313502,0.70463824,0.0027930737,0.69591105,0.78535277,1097.709
d45ec253f39245d18958764f9f43302f.jpg,11,37.571929,41.384092,11,37.634792,41.419543,7.6559978,0.63317245,0.8258534,0.03831327,0.7954334,0.94753325,7.6559978
d46ec6f413054acfaec79a4351991ca7.jpg,0,53.631027,31.548626,0,53.187424,28.73116,193.1397,7.653467,0.78529036,0.007906616,0.79862815,0.7958051,376.27777
d49bae266cc5451c9f7ec72c90fd0bce.jpg,5,54.250208,-2.044291,5,51.078988,-0.110678,375.92508,59.5648,0.72757375,0.050709605,0.71863306,0.76333636,375.92508
d4e4c15f976e45dba6cfff15c77fa58b.jpg,5,50.530964,-4.697898,5,50.508885,-4.697502,2.4552357,1.2317142,0.85433733,0.06103587,0.82946515,0.95382607,2.4552357
d515eb36e96541d4bd6b368166541d90.jpg,4,44.224642,2.772608,4,44.545985,2.715446,36.01933,10.905461,0.7389303,0.016449273,0.7430336,0.810197,1501.5206
d531c0f33de94a0f9eae1f713b983e2e.jpg,0,55.617705,28.271003,0,55.618486,28.426372,9.756404,0.4154529,0.8593127,0.050490916,0.83693755,0.9488132,9.756404
d53ce4407b8b42fb922f863265e0fb35.jpg,2,42.150664,2.611594,4,42.506531,2.651461,39.706142,16.70701,0.63808876,0.00032573938,0.6421627,0.68521535,273.23505
d545ad8b4e3544e7b584e4173ee38e2d.jpg,10,66.390924,20.697868,10,66.579899,20.477323,23.179388,1.5786346,0.89135164,0.0018770695,0.88218373,0.94370246,57.90669
d57c28737fcd44fe9d36075415e4d7b2.jpg,10,67.969906,19.962094,10,67.969163,19.963645,0.1049317,0.1049317,0.9369126,0.037115216,0.9274858,0.97461975,0.1049317
d5955d3cc9e04af1836a5a54d1b96e77.jpg,4,42.092946,9.513861,4,42.02809,9.414713,10.908973,1.5674951,0.7558994,0.008173168,0.7300265,0.8593911,10.908973
d5d5c7641913440fa8cffc016954641b.jpg,10,66.528366,19.707093,10,65.356283,19.485203,130.71718,11.028909,0.8616564,0.041512728,0.8440368,0.9321345,130.71718
d5de03cf3762474bb13ebb567733170b.jpg,8,61.93019,5.11204,11,40.029626,32.880176,3067.1062,663.578,0.73139757,0.0061579347,0.74666303,0.74391115,1074.2604
d61545dfa4f14269af451f0a51e4ad70.jpg,0,52.233295,28.419575,0,52.179945,29.901519,101.15509,7.410284,0.8094549,0.01433599,0.79375243,0.89041054,248.344
d6200e3bd3c34c27a79c8ad97f0a4c7d.jpg,6,64.936256,-14.072839,6,64.951997,-14.139647,3.600198,0.7822048,0.9089473,0.019777596,0.8916906,0.9779738,3.600198
d6201fce663344578526ce0b13257845.jpg,5,56.147549,-4.007098,5,56.124052,-4.038382,3.2532742,3.2532742,0.7562139,0.00069749355,0.73882097,0.88985336,318.1594
d663dfe8e03546d780349293d5ca24d1.jpg,7,36.789105,14.515586,11,36.843423,28.705681,1262.0314,4.5104136,0.7081755,0.025018334,0.68546975,0.79899836,1262.0314
d69a02d9cdf643cfbabbbd96411fb2f7.jpg,10,65.6403,15.517551,10,65.326798,16.651808,62.881245,4.0961704,0.7632741,0.00017863512,0.7498766,0.87178546,160.75923
d6a8bdca603c40b5b147f8381680bb38.jpg,9,51.593643,17.674859,9,51.591838,17.720545,3.162347,3.162347,0.8417969,0.05174762,0.82852536,0.8948828,3.162347
d6b7008b0c3c4efda9b35b2fdd51ae45.jpg,3,61.767932,24.362808,9,51.89062,21.342192,1113.2723,69.60848,0.6870171,0.0024976134,0.68278784,0.750461,1137.0144
d6bf8ae0dc274ceab670098faaf991c0.jpg,3,63.298492,28.371361,3,63.299987,28.374453,0.22693786,0.22693786,0.9146847,0.083524466,0.9110364,0.929278,0.22693786
d6c11ea84466459d8cc190e3263d5883.jpg,3,66.035261,29.129666,3,65.677299,29.109101,39.8146,0.48857462,0.9456927,0.0005182624,0.938704,0.9799025,24.219553
d6d5aa0ecc0a4720925b5d0ed27afff7.jpg,8,61.77811,6.214931,7,43.236229,13.755899,2120.6514,1783.2955,0.6779115,0.010178089,0.6338742,0.86530244,2129.7546
d6e57964e6c541f1a2b910b64a508fad.jpg,11,38.696322,35.115604,11,38.696582,35.114386,0.10958567,0.10958567,0.94201195,0.24846196,0.94130945,0.94482183,0.10958567
d6f0221fb51c40cd9d9ad94f1f57eae3.jpg,10,66.189704,21.154381,10,63.616549,15.043235,405.79385,12.121832,0.8536743,0.005262792,0.8463305,0.90785396,52.088356
d70b1555fb524b38858072165e650cc5.jpg,1,49.72925,8.417897,1,52.764029,12.059239,421.91855,5.654282,0.7034188,0.0020297766,0.71626025,0.76019305,179.14876
d70f50cc8ef54d6287c3bded82b6291e.jpg,3,68.15734,25.762579,3,68.169352,25.779127,1.5008243,1.5008243,0.92752004,0.058034837,0.9146861,0.9788559,1.5008243
d71851dcc5f34c5f812d4b0250941052.jpg,1,48.488715,9.880833,1,50.466483,11.49748,248.99564,12.32148,0.6405971,0.0028722286,0.6240908,0.7878393,89.20443
d7283b877a8445a493b47aff0ff9b736.jpg,2,41.596439,-2.519617,2,41.660931,-2.504293,7.2834187,7.2834187,0.73294723,0.004270792,0.72364277,0.8237102,509.61548
d742e97f2b75414885c6370c63cde4d9.jpg,2,41.980235,2.868886,2,41.968908,2.867241,1.2668266,0.08917566,0.7090219,0.027187228,0.6811309,0.8205862,1.2668266
d746f5a5bb5046229480ba199a65adc3.jpg,8,59.27329,6.206296,8,58.991888,6.927006,51.667736,9.719445,0.7864208,0.01018405,0.7521023,0.9419389,70.92086
d75f9ad5eefd40fa83cc8c0eb6e2c98e.jpg,4,45.672626,0.006687,11,39.084557,31.129855,2640.6768,32.243687,0.75639904,0.019113243,0.75522745,0.7635467,512.0252
d7a14f2df20447d08ddc4d4224cf40f9.jpg,4,41.566957,9.273613,4,41.470449,9.225225,11.462485,3.4673996,0.623685,0.011060119,0.6221871,0.7089616,333.25537
d7ac6c81699140788468e77ad7f8623c.jpg,8,69.29608,16.004599,8,69.296517,16.003784,0.058203857,0.058203857,0.790653,0.059756577,0.76496756,0.89339465,0.058203857
d7afb379cf124bdb85786e9557c07ab6.jpg,7,36.733321,15.117304,2,36.849531,-4.130738,1711.1248,192.9093,0.6995127,0.0028140545,0.6812053,0.858988,1513.2969
d7b261a05b3a4de7836754cbc0e7d6ee.jpg,2,37.181748,-4.776373,2,40.684517,-4.620094,389.72498,2.31578,0.7734705,0.016633213,0.7689444,0.8771335,347.54736
d7c57dabd2eb444d9787b4b841819541.jpg,2,42.920351,-8.203875,4,43.752959,-1.380459,559.39325,6.955026,0.7225382,0.0006853342,0.7269757,0.8182043,580.7959
d7d37a98633741ad934c469c6cb26571.jpg,2,38.916251,-1.823491,2,38.76998,-1.704557,19.251907,6.357331,0.86520463,0.017581046,0.85434496,0.90864336,19.251907
d7dce27aba974467ba732d13da8f03de.jpg,8,58.351459,6.175411,8,58.390813,6.084916,6.8553333,1.0779703,0.7929297,0.012811124,0.7583421,0.94968265,10.959269
d817693a475b432f9d3761351d2dbb20.jpg,3,66.752272,25.446638,3,66.875414,25.431186,13.709485,2.9184318,0.8220201,0.002244413,0.7992829,0.92256135,99.171
d84c7200ba6d4628be02c2813c2f384e.jpg,3,68.36029,27.416246,3,68.372554,27.412926,1.3704712,0.098778434,0.7137417,0.0029634833,0.6758109,0.8707011,1.203239
d85d293a48834dc4b2b94e8f2e708000.jpg,11,41.879808,27.988952,8,68.440496,16.006595,3037.2537,72.93735,0.6585453,0.012715042,0.67077637,0.765871,948.19824
d89b28fc02064353bc8483ebb7d870fa.jpg,3,61.977189,23.64588,3,61.946042,23.665719,3.6152973,3.6152973,0.83922446,0.012142897,0.81486654,0.9391718,46.52202
d90527e33bf242ca80204b6e7e0f7a4b.jpg,3,63.541396,28.945601,3,62.47935,23.604645,294.1452,4.2791524,0.8839358,0.024812162,0.8725996,0.92928064,294.1452
d91232ed6ba447f2afde0a4ae5cdcdaa.jpg,9,53.246982,20.898107,7,36.824433,14.973957,1882.8934,3.1920464,0.7094076,0.042822957,0.7092097,0.71019953,1882.8934
d931a092ffe9441ca9b4e95a310f1029.jpg,8,65.118552,14.522694,5,58.503863,-4.571898,1235.7058,4.2524295,0.75340974,0.008170128,0.7476517,0.7771597,1308.4615
d93eeed866e84cdc8e56d5d7099cc0cf.jpg,10,64.92568,17.038206,10,65.004881,17.073022,8.957838,8.957838,0.9140793,0.10910559,0.9046311,0.9518722,8.957838
d954aa9beccf46789707fd8f5d6827e5.jpg,2,38.859999,-2.20809,1,48.342902,9.823468,1428.5779,259.12262,0.69898224,0.010916591,0.69489455,0.7546729,1478.7208
d964f47b6b3847dca923d940771abfba.jpg,10,65.337463,16.14951,10,65.301572,16.035351,6.6349053,4.403601,0.8708777,0.025275946,0.85078466,0.9512495,6.6349053
d9a0b817c1c44668bb449532742139d8.jpg,7,37.188444,14.763702,7,37.045877,14.385193,37.117012,15.657817,0.7402768,0.0019559264,0.7339694,0.78738517,3675.7651
d9a35e5e5c5c4500b07adf02d46b2153.jpg,5,53.145725,-0.760296,5,52.035974,-0.351193,126.45492,3.43898,0.8081199,0.03322035,0.78563404,0.92303324,107.081055
d9ba96a641624561901992c1f22977f1.jpg,0,53.917087,25.845466,0,53.919431,25.841653,0.3609503,0.3609503,0.89435595,0.06869435,0.87743914,0.96202314,0.3609503
d9bc5ff6684d4c5db3a8c9c804452095.jpg,10,65.302917,16.766547,10,65.304519,16.719152,2.2090805,1.8477296,0.8853856,0.004548013,0.8745805,0.9286057,2.2090805
d9cc8326650941b6a395942742de4345.jpg,6,65.752018,-23.856479,6,65.759239,-23.871757,1.0636483,0.21124217,0.9015433,0.027875364,0.88918024,0.9509957,1.0636483
da1bc6f28dc6430180499dd5fee91f1a.jpg,6,64.609046,-21.719617,6,64.617349,-21.77484,2.7898078,1.1977609,0.9222759,0.04659611,0.914649,0.95278335,2.7898078
da28a228901f429eba19fe989a8b4141.jpg,8,61.878139,12.660124,10,64.354768,16.684909,341.60947,43.882114,0.7459903,0.0027680397,0.7181829,0.8572196,341.60947
da2a69bf125942dea033204d21545eaf.jpg,4,44.952448,-0.858606,0,56.015009,28.652042,2396.2622,24.94712,0.6867929,0.01671052,0.7265297,0.79279727,373.43607
da4215b7574648b59f23caa8b7e0771b.jpg,7,38.018268,14.063273,2,42.154682,2.073288,1117.5853,249.06569,0.6216323,0.0069578886,0.62528795,0.813325,896.9455
da489b132532478e84f1e87deaed43d5.jpg,7,44.965162,7.185361,7,44.955409,7.202041,1.7025018,1.7025018,0.74387777,0.0014667511,0.7274887,0.80975544,676.7819
da4e06b22b6f4686a4f18d9d33520e54.jpg,10,65.584316,18.574997,10,65.600354,18.594167,1.9890198,0.9939526,0.86288005,0.010907769,0.8460709,0.9301168,1.9890198
da54c421a832492ba03a2b4e16d2197c.jpg,4,45.987653,4.861631,11,40.275004,27.156026,1909.7958,919.6211,0.70623136,0.027130067,0.6964867,0.7452099,1909.7958
da5734a548e64e6b90a620b4963172b2.jpg,7,45.952691,9.041908,10,58.347411,11.509414,1388.2369,776.0648,0.6385263,0.011056662,0.605245,0.7716514,1388.2369
da7750ac57854d98bb101cd27f1fdb28.jpg,4,49.450707,5.882982,4,43.622517,-0.923664,830.58636,44.445816,0.71439755,0.006406784,0.75006545,0.6673477,2084.6292
daa0fb441920470d9dc4e1a91db1e83f.jpg,1,47.524923,10.031629,7,39.014463,17.162415,1107.431,366.49423,0.5936826,0.0061085224,0.6033294,0.68383026,1358.8066
daa901a53e684896bca20d4763896d5e.jpg,1,54.566019,8.54932,5,53.761475,-0.526509,597.1501,524.66296,0.68728095,0.036059797,0.6746931,0.78231025,998.253
dab8a655e66941b1828b740891aa655c.jpg,2,39.41489,2.900536,2,39.413275,2.901878,0.21340118,0.21340118,0.80606884,0.017558753,0.7789714,0.91445863,0.21340118
dad3a8d6846e4b1985f6928b2494e1ac.jpg,6,65.493457,-21.892925,6,65.492461,-21.893478,0.11364956,0.11364956,0.9187859,0.1331808,0.9123112,0.9446848,0.11364956
db043bb520214f8b9b1b70ee4ee2f322.jpg,11,39.561066,40.029479,11,39.560536,40.030707,0.120644815,0.120644815,0.9269729,0.0013639331,0.9140861,0.9807836,4.508725
db06f0b29d6542d2afca4166c2ac836f.jpg,2,38.324859,-0.537684,11,38.615044,27.668099,2446.0288,388.81946,0.7027667,0.028103411,0.7161573,0.7423346,2072.627
db2477067c0748feae622051d5ab2aec.jpg,2,38.094182,-0.712794,2,37.051734,-5.929738,474.08548,11.29152,0.76512396,0.007613957,0.74490476,0.87387156,1113.2762
db3e30805a0e4c35bd484c895ca9faa7.jpg,10,56.35992,13.852611,1,53.356219,7.915865,505.58582,89.12511,0.6148627,0.023682356,0.59755075,0.71728164,515.0932
db757a7709894a348ae9f5b6237d5b25.jpg,7,41.642298,13.5805,7,43.8111,10.727295,335.33136,149.96341,0.69223464,0.007786274,0.71555436,0.84225464,1900.7052
dba11757290347779ae68796f1f48533.jpg,6,64.901411,-23.932289,6,64.900637,-23.934748,0.14442793,0.14442793,0.91086686,0.03710562,0.89553344,0.9722003,0.14442793
dba528cafd384c6398f96f287c07145d.jpg,3,60.474133,24.13925,3,62.346175,23.823572,208.83783,18.420326,0.73711485,0.011071384,0.7141377,0.8449021,160.16876
dbb20abbb9cf41e1b6ea924bfeb2a7a8.jpg,11,40.730784,36.396438,11,40.746809,36.354833,3.9322054,3.9322054,0.9068219,0.01286906,0.89032745,0.9727997,3.9322054
dbc786794bbf4f04a5fc3df0bb4cd6ae.jpg,7,39.559102,8.888875,4,48.613797,-4.542128,1467.2385,0.8504033,0.6662528,0.008524895,0.6738757,0.72467244,1223.2682
dbc7f7e3b0474914a16a712519057dcb.jpg,6,66.078519,-19.052722,6,66.061764,-19.029455,2.1382923,1.6478502,0.8738662,0.010006487,0.8500366,0.97935617,12.832471
dbcf74fea9934856947e6253ee1b03eb.jpg,11,40.735334,30.115311,11,38.692755,35.472794,511.3268,21.269419,0.67611206,0.03326869,0.68716466,0.76056755,360.1181
dbf49b88b7874914ad7568d8efcd6e19.jpg,1,49.596058,11.629635,1,49.591092,11.622326,0.7631844,0.7631844,0.767297,0.054636717,0.76590025,0.77288425,0.7631844
dbff8be73c5a4ed88aff2eefa0ef2224.jpg,6,65.446993,-18.9967,6,65.468234,-18.725244,12.758176,10.2037115,0.880998,0.02648437,0.87144744,0.94119406,25.85104
dc139ba7e8c249488f8e5100baf36315.jpg,10,64.31727,15.727648,10,62.862276,15.080281,164.92374,5.617333,0.8742547,0.010336757,0.85885704,0.9525294,44.331303
dc4a4f3ed1cd42a392063567e71904b9.jpg,0,53.783178,30.113307,8,60.24325,5.367878,1648.1735,1301.1877,0.617581,0.0031868815,0.59682393,0.73739076,1411.3972
dc4ac182db1d4169a1f01c2c902406b3.jpg,9,51.968555,20.950895,9,50.708475,20.561708,142.69847,28.194529,0.70653975,0.012295663,0.6954684,0.792148,502.49066
dc823f33221345868436236d513d8525.jpg,0,53.13244,26.063628,9,50.291373,22.248856,410.83206,0.69079,0.68647367,0.0016081929,0.6587405,0.8561332,442.5463
dce13b92ef18493da15e5f75b5fec0c0.jpg,3,67.814461,24.792823,3,67.826049,24.829041,1.992927,0.089432046,0.8839629,0.032361746,0.8626164,0.9693489,1.992927
dcf6ce56f5ef4cfcbb80f1abee5057ac.jpg,7,42.918409,13.889585,11,37.04994,27.38825,1319.9945,80.37922,0.69745576,0.00085014105,0.6642659,0.83381474,1858.1791
dd108f386ffb4edbbbe83217c053f6fa.jpg,9,54.169744,22.931066,4,49.111249,5.115409,1347.0874,432.5106,0.57951814,0.031698048,0.5862378,0.66491586,1973.1543
dd1e99f81bbc419c934095a7d8ec4430.jpg,7,36.799302,14.490966,7,36.786647,14.535252,4.187016,1.4013011,0.7629781,0.008854151,0.7476318,0.84680873,39.68183
dd28d87a03084421bc2662597be58ddd.jpg,6,65.718157,-19.375574,6,65.620466,-19.363188,10.877569,3.0820727,0.93062747,0.004331231,0.91827565,0.9840394,10.833296
dd614a56898d4c04868327086f7bded4.jpg,10,65.86766,23.600935,3,66.099693,23.920341,29.57417,1.1534792,0.8895385,0.023329139,0.87493265,0.9479619,29.57417
dd745b3bcc1a4101b691577462a1fbb8.jpg,2,43.02848,-4.858196,2,42.789596,-4.904219,26.825878,7.2376904,0.7190909,0.004450023,0.71669614,0.80546767,825.88464
dd7cdf92b5bc4faeba255ae565a040d3.jpg,0,52.082157,27.448349,0,55.517583,28.874466,393.2936,4.277354,0.8734511,0.013082802,0.8748182,0.92446506,77.25695
dd8d18d4546741f2963b9ebd1c9c0b6c.jpg,5,54.51044,-3.479725,11,39.207999,30.701662,3060.2056,118.51089,0.72448283,0.09919387,0.7134816,0.80248827,2971.9656
dd8ef592678942df903bddc16558e57a.jpg,1,54.129983,9.065803,4,49.186167,5.809514,593.6876,409.1264,0.76247215,0.018705964,0.7392609,0.85531723,593.6876
dd8fa34216e44561a916ddedf3836ea1.jpg,6,65.447901,-21.902775,11,41.0752,42.828503,4781.4062,3.8188975,0.6891869,0.043120205,0.68676263,0.7608718,4584.385
dd982601a1784f22ac10e3be828f398d.jpg,11,40.305208,31.356899,7,41.075191,14.926437,1385.8923,329.11145,0.717885,0.02119404,0.7300893,0.75124407,2436.635
dde23ac5b49f4a9fa251ca111998464b.jpg,3,61.457804,24.746751,3,61.496873,24.624596,7.806455,5.167603,0.7985321,0.02551645,0.78957963,0.85703456,5.167603
ddf675d7c46e40bf844fe3e0d60194f1.jpg,4,46.418634,3.065332,9,51.831564,21.682899,1477.0012,513.87085,0.67507726,0.0005734563,0.67404366,0.7732128,1456.1465
de07d40fd1d9469aabda35672a899f5c.jpg,5,55.12779,-2.987722,5,55.044597,-2.049236,60.438576,2.9661422,0.7985431,0.005560875,0.78265375,0.87362826,303.19885
de0de4695e3a41fdbda0e4322669eaa7.jpg,7,38.014888,12.913387,11,41.188229,26.664603,1228.3022,21.480686,0.68226904,0.013073206,0.6748513,0.73917496,1184.9061
de173982a11f45368192bc8cd5b125a4.jpg,11,38.447395,42.336896,8,62.544315,6.124137,3617.2583,317.3394,0.64556956,0.019838333,0.6141509,0.7712443,3617.2583
de6cdabef18f4cb88993f56c6dfcf13a.jpg,5,50.357493,-5.092295,5,50.394877,-5.075635,4.3215423,1.8018935,0.8213169,0.02069527,0.7885622,0.9523356,4.3215423
deb52e9dae734b84ab2232623360f8f9.jpg,6,65.448396,-21.904555,11,41.0752,42.828503,4781.49,35.93523,0.6984034,0.010151446,0.72877616,0.7455797,1473.5537
ded1c03823764c28b1478b911ac4775b.jpg,6,65.249274,-14.359948,6,65.249567,-14.361441,0.07676203,0.07676203,0.95950925,0.034912944,0.95220196,0.98873836,0.07676203
ded7d47fd9c84fb798bdc49a1c83e926.jpg,4,43.337603,6.318008,11,38.86398,35.667095,2495.4492,3.6680586,0.67502046,0.015271425,0.6562579,0.75007045,2495.4492
dee35d741d7f49e290121aee8041fa6a.jpg,5,53.566743,-0.266771,5,53.189223,0.288444,55.84324,5.0427685,0.87779665,0.06831789,0.8578151,0.957723,55.84324
df174db4dce14980a3460877fc0f85de.jpg,10,67.139484,20.799931,10,67.143007,20.794396,0.45893523,0.45893523,0.8298963,0.029380083,0.8130841,0.8984511,106.990326
df34132c110947b390ee6fd74bd12f12.jpg,8,59.909556,7.211085,8,60.259332,6.401557,59.396732,9.04938,0.7075961,0.009243906,0.7222501,0.7600514,105.44744
df640cdcb8654e81adc06819e0fcdc39.jpg,10,58.45843,13.473962,10,59.130476,15.114625,120.486824,55.634335,0.5829705,0.012729168,0.583748,0.6386074,984.6912
dfd2d37cef5d4bacbd32739d54e2ba5e.jpg,2,42.458516,-5.42088,0,53.10895,29.66455,2839.688,312.84946,0.72501755,0.007468164,0.7241614,0.72844195,2839.688
dff3ff49cc184788ab0a0fd675c06196.jpg,1,51.632525,14.448222,1,50.399316,7.84631,481.558,17.960983,0.6775313,0.002091527,0.66131926,0.77220994,38.209503
dff71121f98f4ac7ae8683badbc34ea5.jpg,8,61.756879,6.262234,8,61.7496,6.361047,5.262675,0.7484742,0.89432466,0.05201876,0.8742202,0.9747424,5.262675
dff89e9605ff4c1c965b0ccf0e6ec61c.jpg,9,53.423191,20.512171,9,53.513195,20.685154,15.207248,11.604957,0.841221,0.039880633,0.81435764,0.9486742,15.207248
e02766bb77ad40bea4a9c82cc46a1ee5.jpg,7,41.446315,13.929981,5,50.004261,-5.167933,1753.8064,79.16726,0.7565814,0.04173273,0.7360616,0.83866096,1753.8064
e02e4d99efa947a89520314a84301fe4.jpg,10,62.704429,12.524822,8,63.23496,9.775107,150.9424,60.476215,0.75846094,0.057265162,0.74753636,0.8021592,150.9424
e09047fab04145d3bc779eb1f6b67418.jpg,2,42.131636,3.064628,2,42.177951,3.033926,5.7382665,5.7382665,0.78082734,0.11956638,0.79957867,0.7499425,620.18744
e0a6cd6125c047488a27a14650e540ca.jpg,3,60.636461,22.978176,0,55.35547,29.22418,692.3755,67.07549,0.7234718,0.028888881,0.7341929,0.7467646,798.0715
e0ece58801e84fd9a4d2c9fc96287a80.jpg,5,53.122552,-0.743857,5,53.139709,-0.70972,2.9709342,2.9709342,0.83074856,0.027525723,0.81374496,0.9204649,123.700455
e0f74e96ee524f94a46403a7dd814550.jpg,7,40.91812,9.378273,7,40.912462,9.37969,0.64030963,0.64030963,0.74293864,0.052510977,0.71950525,0.86335045,77.59772
e0fcd529eb7b4d0eabe8d061858ca2eb.jpg,5,54.215778,-0.31556,5,53.794496,-0.071866,49.477493,7.2932634,0.7135945,0.0031083226,0.67341924,0.8742956,49.477493
e15eb196ec6b405584cee70c4c9e2152.jpg,4,48.649486,-4.430597,4,48.414704,-4.791487,37.25189,6.2756896,0.6847399,0.0030770302,0.69139755,0.75718045,195.96255
e15f65a19c7248feba25d39f5766a341.jpg,8,66.329463,14.102175,8,66.317583,13.301638,35.770382,3.0739331,0.6914448,0.0013833642,0.66911316,0.8414408,27.799265
e179b59ba353407d8bd55939b3363199.jpg,7,36.785061,14.535972,7,41.324397,15.398246,510.20523,0.18764982,0.6925344,0.011953235,0.6990344,0.82641184,31.949486
e17d7edfcf454c92a05d13616d1efcfd.jpg,10,64.917548,15.505597,10,64.34068,14.833467,71.693245,0.7271702,0.81342316,0.003108561,0.7861692,0.9224392,71.693245
e18229ffa8654f5794827a3c4f13cb83.jpg,4,44.242028,0.663451,4,45.124963,4.177179,294.60324,89.38259,0.6080917,0.010019481,0.59609866,0.72404444,507.27222
e1bff04d9fad46ffbca2c39859c4dd20.jpg,8,62.368762,6.008613,8,62.337188,5.877566,7.618796,7.440936,0.8442091,0.06113565,0.8153949,0.96004844,14.572853
e1c0ece1abbb45d19647fbdf26b08d82.jpg,11,38.185375,30.063727,11,37.045993,30.621952,135.89923,1.7287691,0.8111432,0.015674531,0.787311,0.90647197,135.89923
e1dc31ff6e254a8f8a191fcdb1351a1a.jpg,6,64.418293,-14.592235,6,64.419587,-14.595558,0.2148447,0.2148447,0.9142664,0.049566388,0.8988122,0.97608316,0.2148447
e1ec65dde3444629acdb91fae420aae4.jpg,5,50.433565,-4.571904,5,50.404452,-4.55773,3.3894074,0.4550026,0.8567055,0.041522443,0.8306416,0.9609609,3.3894074
e213fcdc013a4672a17d80f60a5af088.jpg,11,39.590036,39.879933,11,39.593058,39.871287,0.8135017,0.8135017,0.80697554,0.0033142567,0.790285,0.88566613,1.2011156
e2235ae793784d3baa208007aea5a015.jpg,7,37.03828,14.392382,7,37.040093,14.390464,0.26386076,0.26386076,0.8489724,0.07835966,0.8267623,0.9378126,0.26386076
e22b69cc423b419ca4ea3424896a6261.jpg,1,50.633125,12.64889,5,52.941973,-0.598363,945.1081,138.26698,0.66038203,0.011408627,0.6453903,0.755759,981.34106
e232ac5b3ade465d8224076e48331df6.jpg,10,61.37987,14.787376,10,61.37949,14.786972,0.047417656,0.047417656,0.9347613,0.09752065,0.9208975,0.9902165,0.047417656
e24779a3647c4423b8b5a93d5077ed51.jpg,10,58.413225,14.819913,3,61.193146,22.500203,528.6734,81.54412,0.76169175,0.0255875,0.73046565,0.8865962,528.6734
e248dd6ed62547e29d559b19713ebeb1.jpg,3,61.747037,24.348989,3,62.455777,22.234715,135.30968,0.06130712,0.78118205,0.017199755,0.7591288,0.918792,137.77043
e284bd07849d49ebb654a49470aad71a.jpg,8,58.33454,6.250226,8,58.336997,6.262142,0.74727935,0.12881829,0.7809289,0.013453901,0.75543076,0.9043437,3.7246711
e2d7cd532c0048e1a59d05ee74e97f0d.jpg,3,66.932351,28.907266,3,66.932382,28.909111,0.08045709,0.08045709,0.94690406,0.03238374,0.93937695,0.9777498,11.273051
e2e9706c3e2e4fa9b30170f0fee15dae.jpg,8,67.046747,15.237464,10,66.671413,20.166142,219.32295,6.7209105,0.8028085,0.0008686781,0.7924297,0.87696004,202.63875
e2ee48fdad064990a24781341dc573c6.jpg,2,41.187775,1.484347,5,52.916378,-1.120093,1318.773,191.00821,0.6561144,0.0069931746,0.6463939,0.7124765,1165.2297
e2fbcaa483da4a70bcbf6a4bac756bbd.jpg,4,41.578553,9.243642,7,38.650818,8.262431,336.0654,39.86062,0.7021145,0.018808186,0.7118361,0.7656684,694.1628
e315bd46d3c5469a8067adf99e00ccc1.jpg,9,53.447354,17.202095,9,53.42637,17.16252,3.509462,3.509462,0.7771051,0.014827669,0.75437546,0.86802363,3.509462
e33613cf8b634673988c73ad06024e4d.jpg,5,51.25854,-0.104649,2,41.449719,1.785866,1100.1997,58.052444,0.7214805,0.008498967,0.7313844,0.74771,1023.5289
e343ab4aadc949289ecc587383a0f782.jpg,8,59.055397,10.009263,8,58.895161,9.279777,45.445526,2.6481092,0.7174727,0.022021234,0.67244154,0.9064828,43.815014
e376b40a256e45639365d8c7ea7bf738.jpg,4,42.762955,9.46738,9,50.008563,21.832757,1241.6443,385.02585,0.6062155,0.012263238,0.6093233,0.7234191,2495.5938
e3884ab289e94ac5aa660b1edbd04118.jpg,7,37.43956,14.959847,7,37.254237,14.565956,40.45994,10.182992,0.83062243,0.0274387,0.8192481,0.8761197,40.45994
e39d5074837747c4bb1b743debd8c927.jpg,4,50.366908,2.7965,9,53.41419,15.383925,926.3426,17.20877,0.6350652,0.020694256,0.630246,0.7199526,131.63214
e3e64184b67e4845a21c155e6a11f907.jpg,5,55.569415,-3.087947,5,58.468328,-4.685517,336.5127,5.0077105,0.8157363,0.0002645254,0.7885529,0.9493923,69.04576
e4022a80bc3440578422d8887dcc155f.jpg,10,58.192244,15.403752,10,58.278021,15.379167,9.64594,8.860934,0.71574783,0.0104112625,0.6821475,0.8657613,41.91671
e41ec41d17d14b869d7a935d110f8482.jpg,10,64.066429,19.83367,10,64.517321,20.810443,68.79897,11.853757,0.88578916,0.021493018,0.8742249,0.93204606,68.79897
e42588fb3f624e90a93d93c909cbbc85.jpg,8,58.379656,6.115144,8,58.320093,8.058448,113.5762,6.12279,0.6955095,0.00724113,0.6976525,0.78961587,326.69946
e43b4714e4344ee7bdb74cdd0d3fff4d.jpg,10,60.343566,16.891008,10,59.896179,15.078111,112.068054,19.162018,0.7149966,0.017082512,0.6952972,0.7937939,112.068054
e46a8e053b0d473485e4fdbc2e56631e.jpg,5,58.501682,-4.816372,5,58.510915,-4.80936,1.1045126,0.065307155,0.8401857,0.018636346,0.82125604,0.9159044,1.1045126
e47c2eb1b30f46fab1ae4f3a142985a3.jpg,10,58.272039,12.981051,6,63.831076,-22.508856,1977.6093,1146.4089,0.66069907,0.011354625,0.6789601,0.8330201,2727.1855
e48d1aed77b446a7bad4e624c2554a49.jpg,1,51.452945,10.684736,2,41.732599,1.24984,1296.8925,539.377,0.7125219,0.011740565,0.69328827,0.8272462,1346.4574
e4bcb9363b79479c8f96871a1598d135.jpg,1,48.741984,8.210608,9,53.988527,17.05107,845.6219,260.0992,0.7539539,0.009293675,0.7382982,0.8356242,614.52277
e4c829e6319d40deafd9855e33da7d68.jpg,11,40.989417,35.711736,11,41.263993,36.295249,57.626656,10.122136,0.87187195,0.0065184236,0.84753823,0.9692067,57.626656
e4d61d5690464df69f3bcd56d48b158d.jpg,7,42.188566,13.499189,11,41.443647,31.83006,1518.4532,1085.5188,0.7043686,0.05021757,0.6843436,0.8134481,1982.6923
e4f23bd956d34641af704c577a23ea85.jpg,3,63.061953,29.79972,3,61.314102,28.496846,205.76065,43.15793,0.6016747,0.0030976534,0.5999683,0.69756186,409.5222
e4f47e20f37b4d059ee78be2408143fd.jpg,8,62.507846,6.106246,11,38.58438,27.35098,3022.4333,202.79826,0.7182886,0.11961663,0.76598316,0.6979312,1623.59
e53895b9ea8447188cb6c8a5f95e2aac.jpg,2,37.486248,-5.626076,11,39.201744,37.242913,3708.469,191.19109,0.77108276,0.02207017,0.7922976,0.80198467,3428.746
e54c7f2f13424424b6af8f326f164660.jpg,11,39.781665,42.755866,11,40.012655,42.210837,53.118206,10.6307955,0.8193588,0.0005879402,0.81037295,0.88547254,16.460625
e56636da022640eca2038de90d1a2023.jpg,3,63.057574,22.110661,3,61.746607,24.34826,185.81566,3.480964,0.82848907,0.001409173,0.80185425,0.9415654,11.680237
e58a4a4e0f3e473e82a463b437bacced.jpg,3,63.508109,30.01536,3,63.349379,30.012586,17.650534,1.5643029,0.80308115,0.009410083,0.77279615,0.9308975,1.5643029
e590a3d5b31f43b38ee0c49b0b462e66.jpg,8,58.34455,6.316961,8,58.336997,6.262142,3.3077726,2.8296838,0.70230645,0.0054157376,0.6598901,0.8823106,47.25207
e59eccec7aa04c57a27cd965faf6757f.jpg,10,56.387257,14.014869,10,62.105074,13.714929,636.02,31.639372,0.64322305,0.025981724,0.64570856,0.7656239,2514.0527
e5a03d773890494a86bdf7d57a93bf3c.jpg,7,44.463488,8.035675,7,44.469665,8.026556,0.997709,0.997709,0.72333705,0.008620679,0.7343338,0.7167142,130.82498
e5ae2cc17b5e49b69db525d1c8eea6a6.jpg,0,53.936709,30.204444,0,53.681016,30.050874,30.166819,0.9090722,0.8550589,0.017501831,0.8368907,0.9418451,210.84297
e5d3924ddaf84212a2d4f5092fefc2e3.jpg,3,64.278348,29.16094,3,64.316096,29.099932,5.1258492,0.690553,0.9066544,0.019305944,0.8926276,0.9627616,5.1258492
e5ecf7de99aa4eb4b2f9a88b22f060dc.jpg,7,37.595268,14.130346,7,41.442617,13.944146,428.10397,0.16942024,0.75281477,0.019100606,0.7349002,0.8244733,428.10397
e5f116567851462cbbcdcc41b3ccbb6a.jpg,5,57.507617,-6.557777,5,58.040677,-5.24709,97.738945,5.098468,0.84489053,0.019089282,0.82758206,0.91412413,97.738945
e60d8019387b4532936955bb269743bc.jpg,0,54.064275,28.436898,3,62.91159,28.765358,983.9598,12.431249,0.7296142,0.011541545,0.71854293,0.79880375,1258.983
e61ba178d4a84f95a130eb67bf6fdcfd.jpg,9,53.187499,23.261098,9,53.186151,23.258711,0.21854536,0.21854536,0.78855336,0.02532792,0.77029,0.8616067,0.21854536
e61d68cb6b124daa973862eda3298365.jpg,1,49.306413,11.120816,9,53.600136,21.043647,835.8887,257.52615,0.6678127,0.0016245246,0.6704099,0.7316938,846.8717
e61f7aca6dd448a5860c1b41fe9e7029.jpg,8,69.603866,18.302982,8,69.603067,18.302801,0.08912131,0.08912131,0.6285949,0.012513638,0.60735613,0.79745674,621.13116
e6408bfe9d154277ab314687e8cf6737.jpg,11,37.333767,40.772906,11,37.273831,40.687948,10.044041,1.8728299,0.74970776,0.030003488,0.74156123,0.8013685,2103.3435
e64e870a5d204866a2d668115e673c06.jpg,5,55.918652,-4.857573,5,56.124052,-4.038382,55.796864,16.99068,0.7540246,0.030466795,0.73863494,0.84602463,200.17119
e6582a1002464449a418cb63c0356161.jpg,7,40.702331,13.917072,7,40.912551,14.544998,57.78777,39.284634,0.75870645,0.0014904737,0.768242,0.81762797,62.123333
e65ca9f0c9f946239fa257bc20a1df6b.jpg,7,40.593841,17.773062,7,40.356473,17.641353,28.648962,16.136297,0.6373936,0.00021409988,0.6215751,0.7793968,233.47462
e6621d6b1bd3454d911c34294d852228.jpg,7,40.941926,9.04993,7,40.99501,9.220094,15.458319,1.2318705,0.8578373,0.03370446,0.8363916,0.94361997,15.458319
e6e1bf51be454dbabf9316368e0fca22.jpg,8,69.308741,23.880471,8,69.308313,23.879877,0.05300569,0.05300569,0.9527358,0.07206011,0.9444102,0.9860382,0.05300569
e6e4d0dec2b14d34952fc918a4966975.jpg,6,63.463536,-18.610843,6,63.463021,-18.61233,0.09346903,0.09346903,0.9550692,0.040056407,0.9495957,0.97696286,0.09346903
e734af15ea2b4d289c33e9cb535ce1a7.jpg,2,39.999973,3.850715,2,39.994325,3.845642,0.7623416,0.68126047,0.8817314,0.010068715,0.8661477,0.94636226,0.68126047
e739210db7fa4c0ea0b2b61fcf9a2726.jpg,3,61.201091,27.981701,10,60.694606,17.015753,594.0915,73.25438,0.69566494,0.0344761,0.7224997,0.75685364,2335.3638
e74748b75fc14b3fb06997c353e5b007.jpg,3,67.333708,24.907615,3,67.411314,24.924669,8.6601925,0.56064564,0.96128243,0.0065774918,0.95417595,0.9897083,8.6601925
e75a980b2c824b6ea8a900cbb1d842f3.jpg,2,28.958284,-13.573914,2,28.9583,-13.570205,0.36086273,0.36086273,0.85053617,0.03319633,0.846898,0.86508876,0.36086273
e78fbca6f40d405ba715fc6e8ac9a3dc.jpg,2,38.097347,-0.721066,2,37.167563,-4.552014,352.8089,12.08712,0.7638439,0.01437217,0.7466013,0.84417456,390.7718
e7917ffa350d427fb986d569b41f90b4.jpg,6,65.412002,-14.555716,6,65.364323,-14.850339,14.637615,1.7402956,0.92491645,0.002011776,0.91539764,0.9667475,18.002964
e7d9cea1d6c149e8bf1055017e4aaa81.jpg,5,54.850177,-4.315069,5,55.590178,-2.586019,137.10071,17.343174,0.7548703,0.01822406,0.7446662,0.8165948,211.31581
e8013523007d4aa08edddb8d303ce094.jpg,10,64.063458,20.803907,10,64.07138,20.786963,1.2061656,1.2061656,0.75241363,0.036491334,0.7274382,0.85231525,1.2061656
e82ea2b937f740ba9a2c9a174705a9aa.jpg,1,49.853634,8.577605,4,43.710767,5.597279,719.61194,52.687862,0.5750669,0.0072340965,0.5798309,0.7401814,475.25018
e8383c6aa70f43599c0dbb4cc486044c.jpg,9,51.31873,15.663962,9,51.349538,15.610458,5.054878,5.054878,0.7125765,0.00041598082,0.70926124,0.79199827,69.82956
e8411b633a9241308747bdeaa83a30a6.jpg,0,53.473673,26.419556,0,53.652873,23.979197,162.38657,1.6075394,0.8578468,0.0076041818,0.8327972,0.9580451,162.38657
e87dd927acf54d909727b862858b3e73.jpg,1,52.324838,10.827175,1,53.673713,9.05853,191.05038,23.303001,0.7587427,0.0011982918,0.741042,0.8660862,254.72588
e87f1a3b641449b89804f973a2f05647.jpg,4,47.327247,-0.709276,4,47.042449,4.339953,382.8247,86.93964,0.6918779,0.0032624602,0.70045036,0.75121164,344.53955
e8a04276637449b4bc9d2707975bb1ca.jpg,4,48.255853,-4.531581,4,48.47549,-4.579769,24.68064,0.55099636,0.7406814,0.005843878,0.71409726,0.848576,52.94712
e8ab3935358f4308acd4efc98a9051d8.jpg,4,48.572815,-4.509819,4,48.577364,-4.510391,0.50757396,0.50757396,0.90886056,0.08245838,0.8998857,0.94475996,0.50757396
e8ac3d5c3c1a4571acad9b3af81650cc.jpg,1,48.364855,9.09555,1,48.3829,9.127957,3.123433,3.123433,0.6783521,0.010029674,0.6779673,0.750804,1459.2665
e8ba7053627a4cf18b0918e8310e743b.jpg,9,54.515728,16.534236,1,53.221308,13.389592,251.41107,1.2203357,0.7485914,0.0001193881,0.7396734,0.8699168,277.4367
e8baff9c8e894ff68aae7ff589acf1e9.jpg,1,48.300984,8.871537,1,48.366369,8.980725,10.863084,8.753021,0.71006155,0.06405932,0.69661343,0.76385415,10.863084
e92d7e67020f46e7bd1b3218091f745f.jpg,4,46.504489,3.818491,1,53.385144,9.442847,863.8561,73.66253,0.7380762,0.0060397387,0.73487824,0.8195501,633.881
e92da08cb17245d8a7c1da949d1ad656.jpg,10,67.083369,20.357679,10,65.054595,17.275649,264.9132,4.1895967,0.8472098,0.0074006915,0.83346766,0.91554105,196.73378
e9350548f7494778be1ba46fd8ff6e24.jpg,1,47.622436,11.726609,8,61.269084,12.839996,1519.0911,104.077415,0.6851613,0.0010071397,0.70604545,0.6868334,831.1403
e951482acc92473f9eab669d932d25ed.jpg,11,41.408072,27.822158,9,49.595965,20.583141,1069.9403,1010.42096,0.66353357,0.0070825815,0.67135566,0.7711389,1499.2338
e951608f6a144072a6b0ec98392398b3.jpg,11,41.567105,41.570834,9,52.45754,16.61844,2228.6824,876.0269,0.63233006,0.003570795,0.6061648,0.7369909,2228.6824
e95d06ad3e5646479dc24ee69961152e.jpg,1,48.195134,10.927748,5,51.173904,-1.423806,946.9056,288.6412,0.6620617,0.004560709,0.6416229,0.7870457,862.90125
e95fe25983584ce1a0a8611ce1862169.jpg,0,51.712439,30.349922,0,51.912363,29.789544,44.47719,0.11571542,0.9261742,0.000107228756,0.91766596,0.97639537,0.11571542
e977d35ac3f04d58ad7ac5031928dfaf.jpg,11,37.511912,30.543635,11,37.511398,30.548993,0.47603634,0.47603634,0.8929963,0.11302495,0.8894807,0.9070586,0.47603634
e97ad2782752422c8888b345ff85751b.jpg,2,37.395991,-3.442087,3,64.605682,27.792109,3654.3696,1398.6302,0.71960706,0.03874302,0.7082703,0.81196785,1398.6302
e9bc8716a1824d6bbb311acc8baf49df.jpg,4,42.628014,9.356277,8,60.786139,5.988071,2031.7375,340.97794,0.67652047,0.013476431,0.6559787,0.75868744,2031.7375
e9d5fe63ea854cbdbbb2211c8b51aa22.jpg,4,47.548604,-2.07733,2,39.510918,-0.386116,904.028,221.88022,0.71312803,0.025326908,0.70725274,0.79555357,1206.5109
e9d6874c04eb41c4bc877f792ee2a70a.jpg,7,46.665326,10.503575,2,41.982395,2.882943,798.4922,14.905972,0.70380193,0.0025783181,0.6993333,0.7994174,105.92181
e9e1f2104ecb4763b1eb4cd7a3ff2dd3.jpg,9,53.541766,20.967552,8,58.492778,5.9095,1082.2916,73.67208,0.6468763,0.026617587,0.66064936,0.7236598,538.56934
e9fc3452558841a7be2a254cc42d0247.jpg,4,43.51043,6.761436,11,41.188229,26.664603,1651.782,459.5388,0.71888685,0.016599119,0.7155348,0.7718885,1819.7887
e9fcb91d77174d1ca94c8c74c6488047.jpg,8,67.315696,14.539568,10,62.2577,17.471562,579.15784,32.763897,0.76552016,0.012168765,0.74656206,0.85461134,823.2941
ea055f0bf72b41bc9263a7a0781937b2.jpg,2,41.442299,1.558577,7,42.394402,12.666454,924.46796,414.29697,0.6392882,0.01843524,0.6334672,0.7738174,821.5142
ea0e6bd458024e07bc52e4a16d2ee1bc.jpg,1,52.632934,13.240766,7,41.785208,12.624254,1207.1003,395.52472,0.6466376,0.001060307,0.6666022,0.70745313,674.4403
ea59f149dfe9467aa48051acc66ab59c.jpg,0,54.659489,30.436626,0,55.527597,28.815137,141.28395,4.3654466,0.8762299,0.016681314,0.863343,0.9446003,79.45747
ea6666feae514a5f9447be3610710106.jpg,9,52.360964,14.779414,9,52.452773,14.719045,10.999436,10.999436,0.6377605,0.0143738985,0.6300849,0.66846305,10.999436
ea71eabefb6f419580ee93fcb3d623d1.jpg,8,64.562845,12.498129,8,64.562131,12.496298,0.1181141,0.1181141,0.8847927,0.09328115,0.8585535,0.98974925,0.1181141
ea8c5fca88744ff295e9f936db831567.jpg,1,54.803606,8.879703,1,53.440619,9.945042,166.6969,72.46852,0.782298,0.02474624,0.7604883,0.86953694,166.6969
eaac55db2aa247949c38a20831a236a5.jpg,10,58.864398,16.642665,10,56.574401,15.967201,257.77295,5.032851,0.62938523,0.022825241,0.59129345,0.78175247,257.77295
eaad98ec139b4e6197032a09e4c2df50.jpg,9,54.451978,17.244233,9,54.449775,17.316472,4.676592,0.35363844,0.7636663,0.015993953,0.745847,0.8349434,4.676592
eabae36a4d32440c85c85bb05cfe3bb8.jpg,11,40.10249,35.608901,5,53.137395,0.321755,3017.4016,11.649101,0.71844894,0.029557705,0.72220397,0.7201022,3295.7031
eabd99f939a64d6e81c7159d62414d8d.jpg,7,40.281931,18.069181,7,40.261685,18.09904,3.389026,2.210839,0.8602954,0.056637406,0.8600848,0.8611377,3.389026
eac386a6a4e64e51b86207df0d3ec4b4.jpg,5,50.375563,-5.041491,5,50.377908,-5.028227,0.97606677,0.97606677,0.79054326,0.006399572,0.7614073,0.9216838,5.580794
eaeae6071f2242768e531f566e5c289c.jpg,1,49.932232,8.459739,9,53.283219,18.8963,810.2679,17.301683,0.644199,0.023587942,0.6276793,0.7102779,810.2679
eaebe75f69884643b81f1a4010b07242.jpg,8,61.738356,10.185951,6,63.946844,-20.682292,1569.755,1246.089,0.7547352,0.010716319,0.7250631,0.8997295,1603.3055
eaf1b8f7b84c4a5fba21a4a5fb9023d3.jpg,7,46.43282,11.210057,10,59.95768,17.29381,1555.9529,1020.5661,0.7506317,0.0118379,0.7325864,0.86177266,1466.1412
eaf712ad1d6a4b409eac6a35bbf5e9ad.jpg,5,52.837641,-1.344528,5,52.479605,-2.899058,112.14924,0.0757286,0.81631666,0.00087559223,0.78884,0.9339409,92.18103
eb06c70880e1424cba8416e86004605f.jpg,10,55.595339,13.722277,10,55.540224,13.765482,6.703561,5.74991,0.72100747,0.024959862,0.7190738,0.72874206,6.703561
eb1f5c25079b4c03afefa4624b780112.jpg,5,54.709994,-7.596016,5,54.534103,-7.65869,19.970068,9.002433,0.80934054,0.079021156,0.7908733,0.88320947,19.970068
eb402cb3c2c34acdafae4e7cf2c89675.jpg,7,43.917429,7.648722,4,42.639294,2.445722,444.4379,11.293983,0.6502875,0.010752559,0.6713736,0.6993413,353.05896
eb694035e45340f3a13fc0ecfde7afcb.jpg,10,61.159412,15.129742,10,61.252572,15.448635,19.9753,7.655343,0.8542907,0.007569909,0.835201,0.9554405,7.655343
eb80d7b22ac64aa6b1d1d5f9ed384285.jpg,7,39.55812,8.879755,7,39.558714,8.878968,0.09441709,0.09441709,0.6716362,0.0101082325,0.6847967,0.76907605,776.81464
ebaf9cbd01c2497c9c4718dded2cad63.jpg,6,65.732063,-19.645586,6,65.654048,-19.568319,9.368076,0.16786753,0.8863785,0.004101455,0.8654829,0.97831607,26.505695
ebb4d43be3a24a85b675caf0b5124cb8.jpg,11,41.100488,28.330175,11,41.10023,28.331875,0.14530674,0.14530674,0.9478078,0.18832433,0.93830246,0.9858288,0.14530674
ebc7aff06e5b44279106c310996418e2.jpg,10,67.64169,20.943695,10,67.64128,20.943796,0.04578979,0.04578979,0.8271724,0.04973042,0.81043047,0.89414,0.04578979
ebd38765dbd44aefabd1af177d256ce9.jpg,3,63.484984,28.823582,3,63.689793,29.319848,33.48406,10.7441435,0.918142,0.02286923,0.9082508,0.9577069,33.48406
ebd4b37ffcb445ca8b96109bb7c8729a.jpg,8,70.611289,23.653194,8,69.4412,25.023601,140.12573,0.6491685,0.8028417,0.0036943555,0.7728058,0.96131885,2.548785
ebd7601d972d4aaba07e57852b8377be.jpg,2,36.861112,-2.552078,2,36.836365,-2.631628,7.594475,3.391658,0.75262994,0.027199805,0.759408,0.7449461,7.464086
ec05dba4a8314f32864d88fc93de229e.jpg,0,54.516964,25.776136,6,65.191485,-14.013813,2461.4985,123.00103,0.6648357,0.0053141117,0.6826958,0.69153273,838.4967
ec0db404a8a9481ea629f14cb74bf791.jpg,9,49.94108,19.893478,11,39.709868,39.592382,1915.8672,1397.492,0.6858573,0.029138744,0.6880639,0.8118082,1794.7523
ec48974184144eafa6d48160aa6fe080.jpg,2,40.390559,-3.491888,2,38.20467,-0.723269,340.31076,7.6785455,0.6928267,0.026716053,0.6953384,0.74239933,1086.4413
ec6912dfe5924edc8f7f5a13e37afac4.jpg,11,39.446009,32.865233,11,39.342938,32.918283,12.334318,12.334318,0.86688906,0.05583465,0.86394703,0.9066845,79.11537
ec869fc071d542b6a8984839ab18cab2.jpg,4,45.864535,-1.198733,4,45.813418,-1.073504,11.2436285,4.359244,0.77626795,0.001744628,0.7989793,0.7673576,861.6703
ecb347b86bc6483fa27a25587f9e93f1.jpg,9,51.269849,20.158565,9,51.334549,19.996041,13.394781,13.394781,0.727719,0.019958258,0.74739933,0.7268368,282.7327
ecbddb106ad54a508f08355175566892.jpg,8,70.162901,28.570629,8,70.163125,28.570106,0.031778138,0.027255068,0.9324943,0.02031982,0.9228429,0.97109985,0.031778138
ecea7536ab5e4d83996127e6746bda70.jpg,6,65.84703,-18.199743,6,66.169234,-18.902905,47.89862,0.15248477,0.67975885,0.0060432553,0.6740245,0.721449,1283.6929
ed0b1ea0b85846718edfeab7afb16166.jpg,4,46.859451,-1.206017,4,44.684883,-0.533954,247.35301,44.357822,0.668259,0.0047619343,0.64384377,0.76592004,247.35301
ed19acb3b7514de3ac9574e9971ff24a.jpg,7,37.3717,15.08085,5,53.251856,-1.44785,2176.9395,1003.71985,0.71689725,0.07143986,0.7270267,0.71038455,2041.2533
ed3339962b904534bce968f39cf329e7.jpg,11,37.228447,30.503555,11,37.232682,30.501363,0.50933236,0.50933236,0.9510452,0.087561786,0.94571435,0.9723687,0.50933236
ed7907097dbe48c99d52a578690ecc11.jpg,9,54.518449,16.553223,10,58.281304,12.745366,479.3781,47.64472,0.6386805,0.026093423,0.6072968,0.76875174,517.6772
ed91f748076341d8866a1e89a3a8ccaf.jpg,11,41.23063,33.298588,11,41.442866,32.420501,77.015724,40.747986,0.7418406,0.008569777,0.7363404,0.7926786,61.55258
edbe03a5244441b1a4a6e83a1c3c00cb.jpg,2,29.063582,-13.58522,11,37.506818,41.44583,5128.0957,1195.104,0.77165616,0.026766181,0.7741194,0.8410648,4908.0312
edf47c1038da4b5985a32a7e76b680f0.jpg,6,65.511953,-19.735448,6,65.518638,-19.781944,2.2680333,2.2680333,0.8083762,0.006375313,0.7981698,0.8835421,119.29526
edfbdca33e4045eb87c88c30c0f18e3c.jpg,3,66.63735,25.538324,3,66.657346,25.485262,3.2270257,3.2270257,0.9418149,0.013527632,0.9327916,0.97790813,3.2270257
edfc6eac501049478abfef9177878be5.jpg,1,50.730307,9.237267,1,50.891988,9.993804,56.113277,16.575481,0.72923905,0.0069372654,0.7018024,0.84582543,161.77007
ee3298b4d6f540dfb8426237876348fb.jpg,6,65.0262,-14.256776,6,65.028916,-14.264416,0.4688733,0.4688733,0.87718755,0.062466085,0.8630093,0.93390036,0.4688733
ee49763f4c4e4198a46a26fca71e00f2.jpg,9,54.412743,16.72552,1,48.81384,8.749654,830.1751,80.02481,0.6390019,0.008106232,0.65313625,0.69757855,1227.1233
ee5629b7a4734230bcfcaa5fcc9fc389.jpg,5,56.324567,-6.362092,5,57.163975,-3.687504,187.8895,31.000973,0.6690889,0.009257436,0.6704543,0.74378294,589.8552
ee72644a35a44483804f4801aec6f9c0.jpg,6,64.410568,-14.904087,6,64.326507,-14.937856,9.487254,9.200019,0.8679708,0.007773161,0.8458543,0.956437,9.487254
ee9c2606f3ba4192bc9b2419c5aed179.jpg,4,48.85775,-0.876955,4,49.17094,6.823893,562.4538,492.73157,0.6659347,0.025572658,0.66998315,0.7476808,625.37915
eeb123845fc4433aa19235f45bc9f172.jpg,3,66.093071,28.414964,3,66.094553,28.406416,0.41894996,0.41894996,0.82081765,0.08253461,0.7963829,0.91855633,0.41894996
eeb58e3fb7eb4c39938aaca45cafe664.jpg,6,64.826734,-13.929454,6,64.828025,-13.935836,0.33424318,0.33424318,0.94872296,0.11063182,0.94882315,0.94832194,0.33424318
eecb1453cfd246798e6912115044c096.jpg,2,40.806906,-4.539404,2,40.79926,-4.466284,6.2129726,6.071123,0.7723359,0.02681756,0.7397429,0.90270776,6.2129726
ef75bf97f76c4505ba26210d7715d9e7.jpg,10,57.862884,11.706913,8,69.699748,19.003698,1361.842,31.833199,0.67367333,0.009768069,0.681518,0.72422856,287.68964
ef794c077b1c448da0d2326b1fd5b242.jpg,5,51.907226,-1.521096,1,53.369239,8.470098,692.87726,23.511198,0.72903043,0.045460284,0.738323,0.7501996,208.71463
ef7af9833b4344e7842ee968081600b4.jpg,10,57.069847,12.509087,10,57.057636,12.499418,1.4782904,1.4782904,0.69210446,0.0384565,0.6988841,0.70060253,2071.4792
ef84cfe774684ea9b732a2dd0ae140a3.jpg,3,61.27953,22.096408,3,62.262973,24.653811,173.32794,14.9638815,0.87413347,0.0013874173,0.8550078,0.963647,206.16653
efb5f6f2fe674cee840d1fc089370f85.jpg,1,48.444032,11.120169,1,53.190469,13.998941,565.0836,349.95706,0.71462816,0.0032327175,0.71728677,0.8004669,468.0738
efe754d15b6c4cc4afea029730700826.jpg,7,40.485919,16.309423,7,40.486163,16.302527,0.5838323,0.53211737,0.887414,0.0029054284,0.8666317,0.970543,0.5838323
effde20543d54c85ab59a3b900363d82.jpg,5,50.663986,-3.769693,5,57.261736,-3.337841,734.17706,98.705605,0.6803887,0.020763993,0.6741408,0.7651379,719.31146
f00bca50869941778d25481a9834b3bc.jpg,0,55.266033,30.331848,0,55.257495,29.787999,34.47239,0.62851995,0.8993902,0.005913973,0.88455,0.96137655,49.53798
f00e1d06d75a4b70a064cbb1d85465aa.jpg,1,51.794413,11.596427,1,51.794381,11.823231,15.597876,15.597876,0.7156677,0.019393682,0.7607143,0.71517646,1262.8043
f03650e96ff047e9b7beee06698c22bf.jpg,8,61.761546,8.405501,8,61.65758,8.163929,17.196472,13.849117,0.72752684,0.034662545,0.6888188,0.8823588,17.196472
f038a17e43ee4c29a8abb0411d512009.jpg,2,40.231349,-5.160796,1,49.916962,8.757513,1529.7158,1230.9487,0.6434764,0.011060417,0.6589254,0.6715458,1520.4082
f0497f2e37b94f72afe23b88f47fec3f.jpg,5,51.194001,0.782273,5,54.575214,-5.667154,572.84955,21.644592,0.63650227,0.002745092,0.6084306,0.80042255,582.3523
f05e805fbacb4bd4a74808989b67f328.jpg,5,58.522621,-4.797917,5,58.502176,-4.815764,2.4985335,1.1000183,0.82126266,0.0016670823,0.8048404,0.9083781,2.9485655
f074a87333524dedbbb60cf46a165539.jpg,2,38.804812,-3.012269,2,38.883886,-3.023357,8.844921,8.844921,0.90956634,0.080394626,0.90203416,0.9396948,8.844921
f08eccc37c874ed8aa0e9c4c32ec4d43.jpg,7,40.639182,14.689358,7,39.175228,9.380768,481.07498,1.2824563,0.73666364,0.0038340688,0.71696925,0.86608535,111.901375
f0ca21f3e4bc4b98a28a5088b15e5b7b.jpg,5,53.608758,-0.238837,5,53.60807,-0.23531,0.24493727,0.24493727,0.6933036,0.01922679,0.7325345,0.615651,64.35589
f0ca7e171adb4a929eeb5de7d192b52c.jpg,11,40.983443,34.749593,11,40.995947,34.647819,8.654622,8.654622,0.8731562,0.020732343,0.8648385,0.9064268,8.654622
f10ad5b8ec794b0aad0b26cf23f3eab7.jpg,9,53.935259,15.435788,5,57.196967,-2.717285,1193.4406,11.269321,0.69732934,0.0099951625,0.72275674,0.80903745,27.586922
f10e20a9d99d4b37b52af4a881a4193e.jpg,6,65.564624,-22.482616,6,65.615748,-22.514635,5.8720627,3.1573124,0.8642522,0.0030068755,0.8387142,0.9718076,36.900696
f1123ad21d5f41d184490c47f21a27e1.jpg,3,61.647403,29.585908,3,61.637853,29.568197,1.4151398,1.4151398,0.8257953,0.016877174,0.8118255,0.90200317,6.7477107
f12c13ee9fb544ab942b9b37cfad0c97.jpg,7,39.000255,8.423055,7,39.066043,8.440207,7.46381,0.2948302,0.709417,0.01095283,0.6823906,0.83198416,0.5084245
f16818bdedcb4bc8b34bae9d651f72db.jpg,7,45.264543,11.767353,7,45.064135,10.87783,73.21281,16.336998,0.7598287,0.008139908,0.73284566,0.8677608,73.21281
f18ccd9888c6463b85167bf9da8398e9.jpg,10,63.236829,18.511952,10,63.224145,18.507076,1.4313834,1.4313834,0.88724643,0.0029634237,0.8749739,0.9538245,16.417717
f191ad0259e6438db8bd4e38aff9c67e.jpg,0,53.672121,26.905508,0,53.187424,28.73116,132.4106,36.177544,0.67389196,0.029953122,0.6970273,0.68031704,1997.1274
f197f56479624a8cafb47892dda3a165.jpg,8,60.53028,5.156333,8,59.110323,6.352322,171.456,3.4133143,0.6677991,0.02599293,0.61983126,0.85967034,171.456
f1a82fe2833b4a2dbc13206e030af6a6.jpg,6,65.68417,-16.772296,6,65.037045,-22.542044,276.87222,19.431868,0.7536063,0.032093048,0.7280294,0.8559139,276.87222
f1d36996bb8e4be18257a73f3084c33b.jpg,6,63.456764,-18.870472,6,63.52851,-18.468825,21.470024,1.169732,0.7587678,1.3768673e-05,0.73842156,0.86539274,55.43273
f22513b3d0144efbb775e987f1c0376a.jpg,6,65.730156,-20.215983,6,65.797523,-20.259985,7.7554684,0.23057173,0.8267488,0.0028497577,0.8108216,0.9162916,8.23133
f2251982b4354c3481cd3c2e50f4d8c7.jpg,0,51.979109,26.979143,0,54.007957,28.166794,239.18298,5.564081,0.81097126,0.013721228,0.7928135,0.883602,239.18298
f2477f12a88148438aba37086747e300.jpg,10,63.44018,19.666109,10,63.964249,14.073303,281.5178,2.7288904,0.7766434,0.005353391,0.758598,0.87340164,548.5318
f25fc2a0785e4d0790c05c3918a264a3.jpg,4,48.321224,2.694251,4,45.358459,0.098982,384.00424,31.886023,0.73203874,0.02869308,0.716921,0.83613324,223.45758
f263ffc062a8470d8e08b02a4e121276.jpg,4,47.347926,-0.457613,4,47.375226,-0.414861,4.4253793,4.4253793,0.6716702,0.0028027892,0.65112025,0.8237177,321.128
f2ae07e74fdf4975897af3b48bd1f7a3.jpg,7,40.33384,16.799942,7,40.479531,16.718881,17.59408,17.59408,0.722757,0.038147807,0.7181361,0.74124074,17.59408
f2ba047276b74ff895be93455333928d.jpg,5,51.135478,0.174604,5,50.121122,-5.440189,411.67737,20.884115,0.6828252,0.0028627515,0.65962946,0.86900425,372.62357
f2db3b2978dd44e8b1979f7a1c9ee9aa.jpg,11,37.977557,30.287003,11,37.986476,30.285999,0.99564505,0.99564505,0.8757612,0.030115545,0.8630807,0.9264832,0.99564505
f2dc589b1f714639af9f346a0d66bc56.jpg,11,38.950926,27.720077,11,38.321575,29.868116,199.25899,27.35516,0.7457029,0.042530417,0.7371843,0.7797774,199.25899
f2ed201d69b841c68ef702998eec1d5b.jpg,7,37.664873,14.859964,7,37.74387,14.830348,9.16234,7.5683045,0.80866945,0.0041670203,0.82131124,0.7581022,9.16234
f2f739861c824b399812b94fcfe73981.jpg,6,63.601536,-19.983192,7,45.570605,8.328793,2666.9133,1304.7023,0.70446676,0.0015897751,0.6983999,0.7948994,1464.5255
f2f7e014e1bc4e20a62ee0398276226b.jpg,7,40.276341,18.12709,7,40.261685,18.09904,2.8843756,2.8843756,0.7226726,0.012529135,0.7470388,0.76818043,1903.8131
f34b99722eb647e995004541fd2c2680.jpg,9,54.135739,18.721373,4,43.985798,5.928253,1459.1918,29.3124,0.6948622,0.004403293,0.68913215,0.7413077,1216.8473
f365c77afb0e407fa66082f6ccc7cb89.jpg,3,61.742984,22.139353,10,60.13121,13.509109,498.961,11.462613,0.7825072,0.006300688,0.79108304,0.8705474,88.68268
f36f7788a9e44064b03e3c21d4481da4.jpg,5,56.496207,-5.776487,5,56.516485,-5.936348,10.065265,5.2428265,0.7900083,0.037894726,0.76686317,0.8993937,5.2428265
f40baf064e5c4904abcb1f19128088c4.jpg,5,54.832713,-4.605536,5,59.093421,-3.321005,480.1028,7.2850213,0.75484794,0.0022055507,0.7715286,0.75482166,478.9938
f40c9f3c52d04d91b47e7ea1afbf9708.jpg,0,53.721031,32.014413,0,53.638394,31.569048,30.73759,2.831859,0.81953,0.023050666,0.79029477,0.93954337,184.66798
f412c383fda146f88dae842e97b8d91f.jpg,6,65.868055,-14.82009,6,65.881945,-14.82761,1.5818623,1.5818623,0.91896904,0.045152307,0.90449446,0.9768672,1.5818623
f4225ea755694ddf82d089f8a1b2bca0.jpg,11,40.674106,36.375058,7,43.722043,11.450498,2072.8733,454.72757,0.6527201,0.012685537,0.6479176,0.71544397,1908.3162
f46fafd5830841398cd678d8aeaa8674.jpg,11,36.911598,31.126239,11,36.912014,31.125777,0.061861925,0.061861925,0.7749535,0.16509652,0.77590704,0.7711394,0.061861925
f4aa252f760f40d8a254671f83cfaf1a.jpg,3,62.5783,23.608721,3,62.47935,23.604645,11.00474,11.00474,0.9316522,0.004106164,0.92334425,0.97796524,132.66937
f4b8edd537dd46a1b92c6817eb3f3df7.jpg,0,53.524904,31.236663,0,53.513809,31.201687,2.6208375,2.6208375,0.8924413,0.117549896,0.8773625,0.95275646,2.6208375
f4d99a3b8c2e40baabcc013eda937444.jpg,10,60.589548,16.330361,10,60.468645,17.167411,47.723892,15.984843,0.71235025,0.014663637,0.7129323,0.75575554,2509.4019
f4e79bf77cf24d86bb3e8526dc9116a1.jpg,10,66.373814,17.001689,10,66.419856,16.893402,7.032407,1.7695119,0.8336321,0.006783664,0.8103564,0.92673516,7.032407
f5216d4b162d450d839dd7d8fae8b32c.jpg,11,39.06583,27.853095,2,39.564296,-4.236263,2746.403,131.91115,0.7592577,0.014324367,0.78096545,0.7607389,2648.356
f532bede5c4c46c8a973c16e80f2625a.jpg,5,58.567325,-4.738535,5,58.567459,-4.738909,0.026312875,0.026312875,0.92124164,0.10319996,0.9128206,0.9549256,0.026312875
f5502109d8e04eaaaa4506101cf1578f.jpg,4,49.414637,1.04436,4,49.198823,-0.29326,99.90126,99.90126,0.67474586,0.027353406,0.7015142,0.690803,748.93787
f5562fa3f2ac4fe5b580f8a3a9815c6f.jpg,2,37.950606,-3.533241,2,37.70403,-3.378868,30.587223,22.664934,0.82159406,0.045765698,0.7985188,0.91637206,56.26717
f59f71d433e84de6b84efe6b8b8e0ce4.jpg,4,44.881332,-0.662645,4,44.887437,-0.667241,0.76938045,0.76938045,0.8885825,0.22720712,0.89539623,0.86132765,0.76938045
f5bf5931375744508a9c48ba03662319.jpg,3,63.114169,22.943532,3,63.243423,22.840747,15.269578,3.5073013,0.87053823,0.009697795,0.8557405,0.9297289,15.269578
f5d2f898b5e540e098848d467fb7d14a.jpg,1,52.842536,11.331514,1,53.100093,11.560021,32.470486,4.1868105,0.83867913,0.11489195,0.8315177,0.8673247,32.470486
f5e8ceb7285048b996b81751f3087141.jpg,2,38.681827,-0.051148,2,41.982467,2.870921,442.70767,0.99849427,0.71215093,0.0076072216,0.71628463,0.82440114,849.9704
f603c6e0b3644972b1cb7324c467e238.jpg,3,66.999972,25.217886,3,66.992849,25.256661,1.8617973,1.3539962,0.9334433,0.0005081892,0.9200326,0.9870858,1.8617973
f6172d08b37140e4817ecebfa2e9cc65.jpg,10,57.46371,18.444812,10,57.455964,18.342597,6.173936,6.173936,0.85068715,0.046209753,0.8462819,0.90586287,904.9469
f64015b4043f4c75ae7b710d4561ea9c.jpg,3,66.157612,28.566838,3,66.516713,29.053126,45.446556,4.082852,0.8270984,0.0043460727,0.80510277,0.9291109,143.64973
f6455abaade1452fbc88fa142c48d02f.jpg,10,63.627392,14.751056,10,61.45792,14.875105,241.31831,39.323727,0.7657181,0.013371289,0.7619853,0.8676282,405.19885
f656844f686a47579acb57e474006528.jpg,9,49.670334,19.784017,8,61.580103,10.062454,1454.5527,1003.6336,0.68158317,0.017146766,0.67433244,0.76681674,1582.2433
f65d2c1c3d944288a49da5a4ac2b11b2.jpg,9,51.589805,20.070908,9,50.976933,22.312752,170.15137,0.48338223,0.70367247,0.01580739,0.7201268,0.78686774,1162.8458
f66ba110ae2e461686280088bcec4fdd.jpg,1,53.097555,9.929222,1,53.234732,9.999449,15.955625,4.714878,0.7408845,0.025235832,0.7364021,0.7725485,51.56309
f673ac3e428a44659d1dd4669f998294.jpg,11,39.558915,43.879001,11,39.554468,43.90872,2.595376,2.595376,0.90324384,0.009652913,0.8869244,0.9685215,2.595376
f6b1b2b851ff4d5bac3c090063859d35.jpg,5,56.521364,-3.221892,5,56.587265,-6.015271,171.33643,21.223171,0.77418464,0.0033422112,0.74052936,0.92508876,38.335938
f6b522a5077146febbdfae4f0c7bb4c6.jpg,8,69.379068,24.12802,8,69.378205,24.133565,0.23741065,0.06807327,0.93593365,0.009180486,0.92287016,0.9881874,0.23741065
f6cff2354ecf42e793d3fe3b3390575a.jpg,1,49.883692,6.618844,1,53.498403,8.761759,428.1696,10.809787,0.7477052,0.021333575,0.7261698,0.83384657,428.1696
f6d3ef34d4454b61ba51044be208f018.jpg,11,37.403292,38.874127,11,37.832534,39.669233,84.74877,20.388086,0.79686725,0.0048490167,0.78348434,0.8503988,84.74877
f6d6ae43c20745108479f1130d590296.jpg,1,53.955753,11.85958,11,40.864768,26.758173,1829.4977,296.40475,0.6702001,0.02342683,0.6771739,0.70182836,1876.5903
f6e16164e5bb4dc4970fb81b01c2ce8e.jpg,1,48.418309,13.131406,4,48.878142,2.97675,747.1966,32.80204,0.57544047,0.008164585,0.5609047,0.68989277,693.9717
f6f595b590114dd19be1d2aadcc283f4.jpg,3,68.559403,27.503438,3,68.499001,27.478275,6.7940392,5.544275,0.8912226,0.00015169382,0.87358904,0.9743153,217.41132
f710b4ad5ef14da1aabd10a0a9323ea6.jpg,3,62.504306,22.625298,3,62.464361,22.067496,28.997032,5.5815024,0.87444663,0.01689148,0.85091674,0.96856606,28.997032
f724a277602945c1a90ebbd558596521.jpg,10,65.567704,19.274034,10,56.821508,14.472795,1005.26587,28.117521,0.7365477,0.006587982,0.6896512,0.9241337,1005.26587
f73b704e187845ecb5a1d3bc921dcce9.jpg,8,59.71341,7.576165,8,59.686158,7.551419,3.3331635,3.3331635,0.87615067,0.029501736,0.8517616,0.9737068,3.3331635
f75ad218ed3b478ab76250783131d3ad.jpg,3,62.019374,24.493438,3,62.026453,24.529548,2.0414863,2.0414863,0.85715723,0.020372033,0.8494828,0.8980572,210.4682
f7691ecef47c40238e7ec878ac3b5eaa.jpg,2,41.623925,-3.05308,2,41.618922,-3.053264,0.5565192,0.5565192,0.89359665,0.09602702,0.88523465,0.9270444,0.5565192
f76fff62fb1848ec86b860ccee8c44b0.jpg,0,53.032695,25.655488,0,53.0376,25.627371,1.9575421,0.08609963,0.80518705,0.02983898,0.8018631,0.9022268,0.08609963
f79314bad98b4a1fa23c2d59c4e8d8ba.jpg,3,62.891352,25.813222,3,62.950203,25.821468,6.55724,2.675654,0.90696794,0.009466469,0.89473885,0.966629,9.759533
f7be483ddbce41a0b267f3b009773548.jpg,9,52.085213,23.574169,9,52.165458,23.394654,15.159138,3.2477963,0.783468,0.008236587,0.7872727,0.8305645,198.61057
f7fcd9ec8b0f4d74b05607cac7f20f5c.jpg,9,51.644384,16.925847,9,51.216971,18.478096,117.63549,45.35157,0.7714784,0.020146668,0.7514906,0.8514295,117.63549
f80351ccedb14f0d81c53e2999af7199.jpg,2,42.497455,-2.723674,2,42.554245,-2.946299,19.305576,19.305576,0.71989566,0.015076578,0.7172854,0.73033667,19.305576
f809e1d365f24f06ab95738625997fe7.jpg,6,65.637714,-14.996258,6,66.008338,-14.846748,41.770206,0.052803732,0.79199815,0.00670439,0.7887294,0.8676472,260.70227
f843fff299d34fd78da4745d434ba8c1.jpg,7,44.864482,7.303171,7,44.861659,7.301967,0.32793316,0.32793316,0.7115072,0.07627779,0.68196034,0.8296946,0.32793316
f8463dfc4fb44c5fb16d6dcb7829f95c.jpg,9,50.759628,20.4284,9,51.39295,21.102648,84.723,10.971466,0.7806791,0.010708749,0.750015,0.9042152,72.85635
f8866e07ac61407aa737fb3514251fd5.jpg,5,57.21414,-3.26112,5,55.453742,-3.500029,196.30045,0.8962605,0.7603433,0.0038341284,0.73849756,0.8491936,232.30539
f890d89a9794472db53003ad0d1e43f3.jpg,10,63.221391,14.467226,7,40.716095,8.495644,2533.1436,872.56757,0.71368337,0.050923765,0.7235611,0.68776226,2818.9224
f8c5ebbbb813431aa13a4ded427066a9.jpg,8,63.189188,8.811897,8,63.185411,8.717695,4.743552,4.743552,0.7092316,0.03966385,0.70254207,0.82597864,287.3742
f8cb6ee651094039b121b454fd156029.jpg,11,39.775241,30.180514,11,36.996556,30.16285,308.97995,67.83203,0.7760229,0.0054041147,0.7681037,0.8628832,393.12802
f8ea6a3af63b43aea57a8efb79e7ccd5.jpg,8,58.797884,9.054682,8,58.592525,8.862289,25.396658,1.4510922,0.86474365,0.0023491979,0.84249413,0.9544405,1.4510922
f8f7085bebb948308dbd3534006a40a2.jpg,7,42.646733,11.136837,4,49.512464,4.762281,907.318,76.38951,0.6651256,0.005210042,0.6794668,0.663406,678.036
f8f87b4286304ac8be4c01a3dd268175.jpg,2,28.77719,-17.909895,2,28.776841,-17.911587,0.16941118,0.16941118,0.8241101,0.073589265,0.809116,0.8840865,0.16941118
f941328325964d9d8e21357ccd39a591.jpg,3,67.139356,28.717167,3,66.680404,28.924532,51.828114,1.0733291,0.9133243,0.0025932193,0.90146625,0.973796,24.863192
f952a0a69ec9445db5921fe2ae84c252.jpg,9,53.109285,20.695099,1,50.374468,7.799888,936.9429,4.005562,0.6343123,0.006934345,0.6535734,0.7290939,119.72166
f9535ad87a9b4f149b4ca209a5ad002d.jpg,3,61.959233,22.8661,3,61.940198,22.786027,4.691532,4.691532,0.89795274,0.018362105,0.88577056,0.9466814,4.691532
f954e528f8e94a37b5a4366237187d5a.jpg,10,63.829296,15.617103,10,64.324468,15.720818,55.291008,0.0728978,0.8565501,0.0063109994,0.8309592,0.9589134,55.291008
f97a2b77f558420fb0039eb376b440fb.jpg,9,50.504938,16.459517,4,44.59625,-0.754132,1444.6456,136.6018,0.6130635,0.005659759,0.61531186,0.6693423,1759.1624
f9844277936e4ba8af7a4eef28ddc32b.jpg,2,37.884983,-4.369356,2,37.930522,-4.082318,25.686758,0.41432023,0.84686375,0.0486629,0.831128,0.9098066,25.686758
f98914ebb264432caa11639813b1529c.jpg,4,46.98522,5.146732,11,40.989824,31.202115,2176.7595,22.631443,0.7261776,0.034481823,0.73774064,0.6891519,470.96005
f993666b61cb4eb587eb543bb7a1686b.jpg,7,38.909648,16.416398,7,41.317631,15.406956,281.17337,7.566782,0.66403794,0.010723412,0.6743772,0.69371116,1172.5415
f99652db3f5f4f8494b1becb842ff12a.jpg,5,52.628743,-4.090378,5,53.077668,-4.003143,50.26073,39.048378,0.7368057,0.015206575,0.7121482,0.8763971,111.62174
f99ea88f7b4c4e0494f7521f0e65c3b1.jpg,2,41.59951,1.400205,7,36.870597,14.451284,1239.211,33.78424,0.66604894,0.0047301054,0.68133533,0.7399392,929.8376
f9a64741027d4d3aa55ddef96f3f9531.jpg,0,51.936005,26.906404,0,52.078378,27.702365,56.73472,1.3912065,0.87154937,0.024914563,0.8551094,0.9391655,106.67492
f9bdeb583a7648e7bb5b5adddf842ac9.jpg,7,38.650466,8.342764,7,38.650966,8.355067,1.0698355,0.305231,0.8819593,0.046038866,0.8667315,0.9435868,5.4721103
f9c5849eb2814f1488baf2618ef18876.jpg,11,37.033084,37.377579,11,39.125923,30.16177,672.85016,1.364886,0.7247843,0.0035144687,0.6948612,0.8589001,675.7908
f9e8cc39d87748e28a62d48936dbc561.jpg,10,61.662931,16.058988,10,61.661723,16.059412,0.1361751,0.1361751,0.89687175,0.061784863,0.89059305,0.9251796,78.39806
f9e9859afaa448cdb8d43609848ae3dd.jpg,0,54.532042,27.867387,0,54.653524,27.963787,14.867485,4.822321,0.81063443,0.069568574,0.79497254,0.87328196,14.867485
f9fa252d1e6d4fc9b98b557b349245ad.jpg,10,63.818499,18.826901,10,65.054595,17.275649,156.29683,25.366484,0.9243206,0.0012857914,0.92012733,0.9502865,62.125805
fa18ff8d981d461eb728e07b0a064aa1.jpg,0,55.299091,30.152382,9,51.290018,23.02246,650.0028,52.110462,0.6990783,0.041159272,0.69077647,0.78660464,645.0824
fa2781d14ec444a39508fca3578100b8.jpg,4,48.1162,-1.969941,5,51.069915,-0.61249,342.68625,3.051715,0.6999556,0.02547878,0.67378545,0.8213093,3.051715
fa714bd6c19d4da89e1e55fa8634eb69.jpg,5,54.770221,-6.537912,9,49.300481,22.602961,2066.9226,18.884684,0.6886647,0.004857838,0.695574,0.7685462,123.64544
fa720bc176994310a48ff61a35ee984b.jpg,5,56.837529,-4.712546,5,56.84157,-4.711865,0.45124432,0.45124432,0.81445366,0.0016127229,0.820655,0.7896482,0.45124432
fa780a8abe6a4248a5dbab9a05757cff.jpg,9,52.693814,21.751113,9,53.469542,16.197437,380.7313,12.263985,0.6781817,0.0021610856,0.6596129,0.78007096,74.68481
faafee10ffff49f8825faebb70d698e9.jpg,1,51.846408,12.319028,5,58.532714,-4.286441,1284.3331,285.69,0.69011533,0.022229671,0.6997515,0.7100999,831.1739
facd234f95a54c23b28a3fc2b54796f9.jpg,9,53.835336,22.914931,9,53.839714,22.872442,2.830043,2.830043,0.8545066,0.1541245,0.8487512,0.877528,2.830043
fad7a4d8f0db4aecb4a9c13f6e60a48b.jpg,10,66.471514,19.692954,10,65.038537,17.018265,200.7242,16.416548,0.84462,0.00028795004,0.82759297,0.9229974,121.85768
fadab2104f2942c8a0eb610632642890.jpg,6,63.990542,-18.923977,6,63.986265,-18.909235,0.8619655,0.41567487,0.7858485,0.016697705,0.7685488,0.9066583,65.760826
fb13921ff2c449b09fcda3fb172fad57.jpg,6,65.696904,-17.031581,6,65.841824,-17.295279,20.111937,10.660662,0.8902186,0.025774598,0.8755174,0.9490232,20.111937
fb6f4a0dd17e4853b1d95a5fa4a58679.jpg,1,50.183277,10.110673,3,62.91159,28.765358,1805.6204,624.49677,0.7350118,0.017004848,0.7208878,0.8082073,1323.4962
fbc31e776e15466181e179500e5a3b9d.jpg,3,61.93088,24.7247,10,59.95768,17.29381,456.98114,13.043221,0.74434423,0.0017104149,0.7307781,0.8685909,524.0056
fbce1eaeca77456db598f71d98b0d6e3.jpg,7,38.111306,14.97837,7,38.004936,14.97563,11.830254,2.9801702,0.8627984,0.04092741,0.845998,0.93193275,2.9801702
fc49ab8dbf0941d6934d7f6b116f382a.jpg,1,53.271739,10.105549,1,53.331896,10.013984,9.042461,8.170305,0.828946,0.025516093,0.8054333,0.9229967,9.042461
fc4d39a3ae1f4e108564771fadb90e76.jpg,2,28.723326,-17.789903,6,65.881348,-22.300504,4143.482,1526.656,0.7250634,0.00059849024,0.7472863,0.7018415,2077.7007
fc6543df8b784598810e2f0d7db9beb2.jpg,4,41.819108,9.402401,4,41.82091,9.403181,0.2105408,0.2105408,0.7047855,0.023579955,0.7173116,0.76297486,2166.2832
fc722dbdfec24e5287331fd22ee2e345.jpg,0,55.92554,28.647401,0,55.926252,28.647646,0.080628745,0.080628745,0.8385004,0.05698818,0.81581354,0.93352795,23.451622
fc9dec5428e34346ad8a5223b24684f1.jpg,4,49.688398,0.545141,4,43.644337,-0.894385,680.95135,1.3520552,0.6948043,0.012161195,0.686907,0.7438557,564.49536
fcca4d9c9b20464a85998f444ac6029a.jpg,8,61.225185,5.823877,8,69.800536,23.236568,1237.2018,7.119161,0.6503044,0.0019769669,0.6554217,0.6731998,1206.7952
fd296eecd74e4d4e99ee5a2d33db6d77.jpg,0,53.726094,32.076557,0,53.669267,31.654703,28.481485,1.29532,0.7954922,0.010867596,0.7667321,0.9105323,28.481485
fd2df341542f4f37af9cca5835f02ad6.jpg,1,51.855968,9.616165,9,50.474981,18.337896,626.8058,23.73428,0.69909996,0.0019612312,0.7087052,0.7943093,416.05963
fd6ba2c2bcb84ce7946db0585077ff41.jpg,1,54.052473,9.983646,9,53.360994,19.775542,648.52563,34.035023,0.68589777,0.0018014908,0.687222,0.74870455,402.06137
fdbf4ab79c0848fc893146d68ff76d3f.jpg,4,49.994325,1.737158,1,51.40101,14.94923,942.2657,378.2974,0.64532137,0.009649396,0.6174815,0.8160856,893.1187
fdd1ddc66e85414d9aa99ad15d188002.jpg,0,53.089221,25.250501,11,37.202984,39.221144,2070.4492,46.823463,0.6746545,0.0021671057,0.66346395,0.71941644,2070.4492
fdd60ee9a2d24cb182691119dd31a0f5.jpg,10,66.064834,17.689346,10,66.121516,17.411756,14.006871,14.006871,0.6872364,0.05758232,0.7020443,0.73438317,695.9362
fdd8240e17044d8584cd7508ca033419.jpg,2,40.386291,0.095599,4,42.108165,8.659787,740.7951,5.5283093,0.7117375,0.016740978,0.69018775,0.8635316,764.5882
fde45ac61fd943b6a6de64f5a84f24b3.jpg,8,64.264426,12.268181,8,64.26603,12.273134,0.29832605,0.29832605,0.858448,0.030408382,0.8316549,0.9656204,0.29832605
fde8c8d39bfa423e85374e84eab8f496.jpg,11,37.831982,40.279989,11,37.832155,40.279438,0.052073967,0.052073967,0.85719204,0.07109308,0.8402407,0.92499727,0.052073967
fdfc3accf4a44086a07f5a65a8775546.jpg,11,37.350063,27.508666,7,38.013963,12.870509,1288.9614,25.862295,0.7133795,0.014481604,0.7229195,0.78733593,1164.689
fe02835a37314e60b1e9817bd778c532.jpg,3,66.15668,26.256173,3,65.261506,27.538558,115.53219,9.504525,0.8500105,0.004420638,0.82475364,0.97085035,17.684145
fe1cf855a446456faf85fa3c6d905532.jpg,11,38.954789,37.545282,11,38.951585,37.547606,0.40903896,0.40903896,0.72022915,0.08119804,0.70807636,0.8483479,536.42004
fe2712590da643fdbfd1054f70fcf062.jpg,2,28.061374,-15.503301,9,50.561307,20.209516,3899.446,2895.7422,0.6340246,0.012239218,0.63880694,0.7260344,3857.2935
fe346701e4a1408f890a54bf4e3eb174.jpg,9,50.092875,20.309997,1,49.251349,8.613812,845.97186,199.5978,0.703804,0.010678768,0.712301,0.73322886,789.09814
fe3730cf2750424084412216a8e7dc6d.jpg,9,53.092148,14.501921,9,53.089796,14.485743,1.1115365,1.1115365,0.7763342,0.05236429,0.7844718,0.78458214,384.05136
fe57f1f556cd4d589af8c3a070e87e40.jpg,1,50.784476,8.121639,7,41.549988,14.692774,1143.6531,296.82306,0.66706586,0.0041713715,0.6399209,0.8083513,1002.4874
fe74cb85e81f4efc843f9d4db7687502.jpg,6,63.852789,-22.361325,6,63.852085,-22.36296,0.112012945,0.112012945,0.9445319,0.082665384,0.93334377,0.9892846,0.112012945
feb1bc22d3f44e548716a76fcf21efa8.jpg,9,52.642068,14.608754,9,52.69867,14.552196,7.3591094,7.3591094,0.81859624,0.19676006,0.8008429,0.8896096,7.3591094
fed373ea9ecb453aa99c3c1040c70e94.jpg,5,58.544871,-4.673834,5,58.546354,-4.674198,0.16624936,0.16624936,0.8907349,0.029434204,0.87006664,0.97340775,0.16624936
fef949c0ed1b4df5bbf6834a983dd4c1.jpg,3,61.992931,23.014117,3,61.802653,24.444865,77.86739,20.512993,0.87971914,0.0036714673,0.864328,0.95642906,69.11939
ff10123e1b2a4f1e8493d35e117f1c24.jpg,0,55.665773,28.210474,0,55.670459,28.194004,1.156863,1.156863,0.8154933,0.011841595,0.80725515,0.8574881,14.533013
ff22134760d64075b0df8e1dfdc42841.jpg,8,62.468812,6.292679,8,62.471209,6.329362,1.9040987,1.3580734,0.7675059,0.011569142,0.73323846,0.9045755,1.9040987
ff4f708244c3461db67bd2f2b30ea4b0.jpg,0,52.212441,31.532717,0,52.211255,31.537906,0.37734285,0.09336126,0.94123244,0.0030171871,0.92956173,0.987915,0.37734285
ff5efda18d0748ba96e90c0eb9ef670d.jpg,3,64.153153,29.928197,3,62.158051,30.057539,221.94044,21.220608,0.81840146,0.012620807,0.810897,0.91565305,458.38812
ff620bf5ccd24f9f88b97ba6fe3d07c3.jpg,5,51.601605,-1.213626,0,54.472637,26.397905,1861.0331,251.20161,0.7564837,0.046871305,0.7621524,0.7598956,2535.1467
ff62a682757b44b382a67917d6d9c313.jpg,9,52.000945,20.672922,9,52.001249,20.673199,0.03875866,0.03875866,0.8775355,0.13459253,0.8615329,0.94154596,0.03875866
ff67a0b0d78344818daac081cdf5ac42.jpg,6,63.673065,-20.133444,6,63.678188,-20.15654,1.2733816,1.2733816,0.8191734,0.0374496,0.80405045,0.88694376,1.4603276
ff6b33adb8ac4bde9ec7dd3e56951971.jpg,3,63.175531,25.73665,3,63.176112,25.735485,0.08712559,0.08712559,0.94418365,0.0052555203,0.9357288,0.9801033,21.456606
ff7f3048fd804f1f9dd4ce972c721719.jpg,7,39.922022,18.389644,4,49.099791,0.738573,1725.2479,1044.4963,0.63823444,0.022267163,0.6202922,0.74787545,1537.1299
ffa48afbf6b344cdbcdf48579c6e42d2.jpg,10,59.400386,15.366067,10,60.1992,16.592087,112.21183,4.166451,0.72144663,0.0023562908,0.69474816,0.86661386,4.166451
ffb7400457c7451ab0c38b3bc7ad161a.jpg,6,65.739633,-23.820766,6,65.777903,-23.952217,7.3569355,1.5136337,0.847904,0.00389719,0.84153366,0.87338525,7.3569355
ffd6286ef15d42c680e80e7924cb42ee.jpg,9,50.1903,19.7965,9,50.233471,19.709155,7.8533554,0.69492936,0.8137584,0.03609824,0.7953852,0.8872511,7.8533554
ffe62bcacaa64013a35ba11dbf5d742d.jpg,9,53.152705,14.355501,9,53.166212,15.520818,77.70705,15.39547,0.7220001,0.013746619,0.71733177,0.74067354,77.70705
