filename,true_country,true_lat,true_lng,predicted_country,predicted_lat,predicted_lng,distance_km,top200_oracle_km,top1_similarity,score_margin,top1_local_similarity,global_top1_similarity,global_top1_distance_km
001d942139a74bc7a3dc6f15fda203fe.jpg,5,57.398188,-3.408784,11,35.967369,36.034759,3751.9878,30.087399,0.6308923,0.0025230646,0.6233007,0.73879313,43.202034
00413a2cbe4740afa40dd8b5d9236855.jpg,8,58.671712,5.596509,8,58.672607,5.595401,0.11835368,0.11835368,0.8544098,0.07441354,0.8350965,0.9316631,0.11835368
0057bf0f91f64f04b899dee57ade9960.jpg,10,62.448483,17.308534,4,45.953445,-0.554727,2154.908,22.820953,0.6684995,0.01311034,0.68187517,0.7712699,517.61084
0069ba77e4454caca74a367303668dd2.jpg,7,42.779707,11.124759,1,53.183613,12.033052,1158.8113,570.16547,0.73714507,0.0014091134,0.7390066,0.8021209,784.1565
008aaac423a34be6bf455d8433560fe5.jpg,6,66.01157,-19.387095,6,66.056718,-19.329587,5.6523843,0.69623244,0.8351221,0.0036618114,0.8058162,0.9552202,6.0319085
00962bcda8a74486be91dc7fe4986b4c.jpg,2,41.103312,-1.168238,2,41.332482,0.810697,167.46817,1.6091783,0.70637405,0.0016869307,0.6876803,0.7836616,10.969281
00a75e537d2744aca7570fe2033b6617.jpg,6,63.89848,-16.606319,6,63.482903,-19.329734,141.9383,1.3819056,0.7090313,0.013434112,0.7037785,0.82165575,93.94486
00c1b46f23a742efb330ae46aa173c56.jpg,2,39.561229,3.249621,2,39.485393,3.158413,11.5025835,0.48247918,0.85242933,0.0038243532,0.82565165,0.962273,23.008806
00e7b198280a4879bb6d1d89e222bace.jpg,5,56.901067,-5.019641,5,56.900806,-5.02005,0.038197797,0.038197797,0.83798456,0.06713718,0.8164261,0.9242184,0.038197797
011cd0131f1b4a7db7a62155c7279d37.jpg,4,47.289175,1.796063,0,51.634304,29.086037,2017.7291,1668.0479,0.80426854,0.021737397,0.783898,0.91397524,2022.9369
012e938238004624a16cf5740c81b0a8.jpg,2,39.994325,3.845642,2,39.99515,3.845783,0.09251895,0.09251895,0.9537442,0.064647794,0.946087,0.9843726,0.09251895
014d4abc27f042ceb0791d6dcd16b882.jpg,8,63.465881,11.130797,0,52.2617,25.68012,1506.5054,348.34955,0.66327316,0.0047737956,0.66372573,0.69502735,1493.4191
0178f2f56de942f2bdc7976c3174084c.jpg,2,43.036498,-8.797333,2,43.018288,-8.835299,3.691106,3.691106,0.71849114,0.09405762,0.7027811,0.78133124,3.691106
01978ef358174653a2a83b2f0bc5c205.jpg,2,42.543759,-8.797509,2,42.541244,-8.799373,0.31863388,0.31863388,0.74958843,0.08866638,0.7335867,0.82349724,1044.5668
019f59e0d286453985d10740ede42939.jpg,1,55.006625,8.397612,7,40.840505,9.401918,1576.9369,178.44147,0.8014599,0.0005097985,0.79610616,0.83512574,1574.5177
01a2220866b64047ab36bfcaa2e850fa.jpg,1,50.457473,7.179745,2,39.373791,-0.566865,1373.3555,225.64919,0.7283149,0.048131943,0.72204053,0.7534121,1373.3555
01b988b26a784750bb4b3ab63b95c5fe.jpg,1,53.579789,12.725136,1,53.548036,12.712733,3.6245465,3.6245465,0.8106351,0.02905929,0.7856676,0.9203346,10.314153
01ca771cd492488aa068bdf46f79b6e9.jpg,6,65.492488,-23.648453,6,65.674532,-23.208376,28.61666,3.3838766,0.9185747,0.0031729937,0.90437615,0.98348397,11.0143385
01d314a2d5234c0d824d257ec1266d5a.jpg,4,43.668955,0.535842,4,46.829263,0.560205,351.41586,48.804623,0.76366377,0.08361274,0.749663,0.8720967,870.4251
01e1b61af7f54304a4ce4857438d0898.jpg,7,42.819265,10.288272,7,40.580063,8.242867,301.3614,66.43911,0.6503375,0.012053847,0.6721669,0.7726518,144.2838
01f43d18fb644adebebfc2358b031672.jpg,8,62.957201,11.011846,8,64.335762,12.338559,166.68309,31.010296,0.76748216,0.011826754,0.7320767,0.94802505,158.31529
01f6bbca55144eb195c98ac212cc173c.jpg,7,42.651416,12.373669,1,53.091262,11.291951,1163.6239,656.659,0.6182598,0.003671527,0.60373116,0.75523806,1172.9159
020a0bcad3054bcfb79fe79379332747.jpg,5,52.141722,-1.904786,5,51.640981,-2.483109,68.37586,14.103109,0.7161674,0.0073903203,0.687683,0.85572654,75.26153
0241c8cb9e7845c0a58ba7a608fe289c.jpg,9,50.670538,20.29991,9,50.754494,20.284491,9.398409,6.3659673,0.8238209,0.09221244,0.8169901,0.8511441,9.398409
025337a5ed2e4200a52b619aed5e46fd.jpg,6,65.414525,-21.883301,6,65.31446,-21.744239,12.858875,12.858875,0.7776326,0.038782597,0.75462604,0.8783324,36.57567
025aebdfbf544dcd8c09491fd660f8a3.jpg,11,38.671617,41.199049,11,38.671327,41.198874,0.0356462,0.0356462,0.93520117,0.11440897,0.9214017,0.9903991,0.0356462
027ecf3cb22b43458e094200e1e8dfeb.jpg,2,42.546068,-6.545819,2,42.455701,-6.13377,35.242767,35.242767,0.724651,0.04660523,0.73511285,0.849295,613.8335
029b77143bc645849e89ed967a36190e.jpg,9,53.979933,16.029387,1,49.520647,7.675764,758.4388,211.87563,0.72583234,0.044939756,0.71801484,0.75727403,770.76544
029c1b07044c4beba4c9a99d3ad87b66.jpg,11,40.929574,40.071086,11,40.92845,40.07226,0.15921156,0.15921156,0.7228537,0.08641869,0.7277479,0.7140314,2349.743
02a71b085fcf43c0a221177eee9831f2.jpg,10,60.156197,13.536888,4,47.625203,-2.995025,1754.6353,310.71088,0.6530777,0.0072318316,0.6291659,0.7593496,1848.6896
02ce317562c24466bff1177201f4737c.jpg,9,52.841454,17.986882,9,50.291373,22.248856,408.75192,73.06956,0.7027851,0.019601107,0.6932388,0.7757938,462.754
02f49a8f8a614cc1a870d1d9003ec954.jpg,11,39.524323,44.238627,11,39.51939,44.242153,0.6263778,0.09943425,0.9551671,0.14793122,0.9467776,0.9887252,0.6263778
02fcc433a3684106b68a8457cb7ea6a1.jpg,7,44.516523,8.9887,4,44.650906,2.271396,532.04266,44.48833,0.6397637,0.0034778118,0.63166326,0.7437935,98.28153
037031643b474867a73ac8b7ffe9a2b3.jpg,2,37.824225,-0.8189,2,39.758108,3.061792,399.1433,357.97992,0.67328775,0.011892736,0.67580366,0.7498765,2586.8474
037db81e9d9c4c3dba8d632c8d5f23b1.jpg,10,56.975206,18.314161,10,56.957938,18.302935,2.0371275,1.8655523,0.8446738,0.037476182,0.8302799,0.9022494,2.0371275
038bf801b12c483c8bbe81ccc36020cc.jpg,4,49.514203,3.765998,1,53.603695,7.180543,512.20526,339.3594,0.71605515,0.010436237,0.7059233,0.80967164,844.574
0394061466c844b88b9a45bad423f525.jpg,7,43.579006,13.517528,3,65.395837,27.157416,2567.8127,408.71164,0.5295399,0.007812321,0.5602098,0.467103,606.8566
039b2faa13de41afb097b0a731850244.jpg,10,62.395855,13.938966,10,62.252036,14.129205,18.769077,8.875369,0.8981114,0.01205039,0.8800807,0.97023416,18.769077
03a611932d1142008a2bd85c70ec7682.jpg,9,52.519537,21.122723,11,41.062521,40.779305,1953.9293,4.6148047,0.6492317,0.019519389,0.6456396,0.67769384,1934.9409
03b6cdffb18d444faf01788645b56ef1.jpg,0,54.611587,27.909403,0,54.597116,27.896206,1.8197981,0.631958,0.83276695,0.021843433,0.8170882,0.9193203,21.488535
03cc568ab0ff44b99ddd24421bed6a5d.jpg,9,53.172641,23.041911,9,53.50781,22.569973,48.68953,10.604305,0.66107,0.0015326738,0.63725,0.7630874,126.53375
03e2bda4d68f46a0bd56093ba2cea011.jpg,8,62.239873,11.768325,8,62.235066,11.772583,0.57822686,0.57822686,0.8109537,0.000112354755,0.7942261,0.89224106,1.2102033
0417f7e29a564468875c73edaae482fa.jpg,9,51.349278,21.054446,3,61.702628,23.151498,1158.2499,69.23,0.68394536,0.033217072,0.67328155,0.7652076,758.7489
041d2441f5374cfa8838b04acbc3d85e.jpg,8,69.219544,19.314335,8,69.081363,17.978113,55.068027,1.7615099,0.80115074,0.001850903,0.7849779,0.93539315,52.52312
04201d82064b486a963192ee906c1d10.jpg,2,40.358605,-1.086697,2,39.548292,-0.442968,105.49462,27.488493,0.8309467,0.046033204,0.8035052,0.9407126,105.49462
042748125d7a4d99bad3aea7843856db.jpg,9,50.23943,18.938704,0,53.258407,26.98964,647.4172,40.43965,0.7091865,0.0035823584,0.71783787,0.7322867,482.2267
044cb462376441d3b3f91753383bbf44.jpg,9,51.188283,17.165946,1,50.049652,11.318586,431.38797,188.98708,0.6892277,5.4359436e-05,0.6989871,0.7399552,766.35376
04e582fc17904e848809409115d074a3.jpg,11,38.271251,40.949277,11,38.270758,40.9521,0.25246608,0.057260074,0.88828313,0.08795345,0.8721456,0.9528334,0.25246608
04f4c44aee764ddb916de149a250b0ab.jpg,8,65.212997,13.37772,8,65.212879,13.377714,0.013124115,0.013124115,0.73487294,0.055027127,0.7020738,0.8727972,83.47278
04f79578dbe3471394e0b5469edd72a8.jpg,3,61.680837,27.036604,8,69.081363,17.978113,921.5158,2.5929177,0.7555145,0.0013750792,0.7600391,0.8709265,6.413101
04f7d760e8ce4562ae2600cdfc4e78d3.jpg,8,61.762604,6.24775,8,61.750603,6.342939,5.183516,0.9929703,0.8300907,0.050600708,0.8036603,0.9486393,292.8254
050610f384af478ab6c60a60a75993d9.jpg,4,44.006018,-1.027782,4,43.971117,-1.063066,4.798854,4.798854,0.81718606,0.07046819,0.79673755,0.89897984,4.798854
052b421b96fb40579bb0c3bb9d45f007.jpg,4,49.020105,2.702849,4,49.643606,-1.488336,311.47437,25.480354,0.7188575,0.035978854,0.7032172,0.8700405,62.617004
0530fd077d5a47d48fd26ccc14d6d61e.jpg,7,44.581672,10.910893,7,44.529318,10.89839,5.9051986,1.304604,0.71325755,0.002601862,0.7150115,0.8008655,228.08742
0549ff1cb8cc4dc5b234ff5f52be5522.jpg,9,50.02902,19.80091,1,49.269064,9.011042,780.709,78.98458,0.6767142,0.027428508,0.70177865,0.72383267,843.12885
059e1d91ace34517ae074aca3f4c1ba9.jpg,7,38.125682,15.007121,7,38.004936,14.97563,13.706477,2.9801702,0.7473445,0.034690976,0.72362864,0.8422081,13.706477
05bb10f8738f4a008667dde7aeb929b5.jpg,0,54.501517,25.876029,0,54.500964,25.875252,0.07936119,0.07936119,0.88493407,0.15036988,0.87918127,0.9079453,0.07936119
05de84694a26477b85651132549583d7.jpg,9,51.436566,22.366222,10,57.7972,13.068563,924.9469,6.5033064,0.7071367,0.03477454,0.6998352,0.76897365,472.38803
061280e864e34f96ac22414f154ac568.jpg,1,53.671187,7.473126,7,43.387667,11.82205,1186.9,485.34567,0.65653867,0.0062556267,0.6497295,0.7230978,524.4026
06148a313b5a4ef19b7b84eb0c000b1e.jpg,9,53.283219,18.8963,9,50.027773,19.307024,363.095,15.213094,0.68107766,0.003046155,0.6695687,0.80664015,29.329603
061e5dfca3b74607ab295f97e3f05dc2.jpg,7,37.805217,12.451233,7,37.822699,12.484546,3.513182,0.670348,0.72872436,0.010456204,0.7032098,0.8307822,3.513182
065af1d897f24e32892db300c218d95a.jpg,8,68.502395,16.894419,8,68.504077,16.912181,0.74752873,0.22124429,0.8880073,0.0046369433,0.8682977,0.96857274,8.328994
06a126a9fa3248b591188a4ad3cf32e2.jpg,2,39.421305,2.896097,2,39.412506,2.902598,1.1265665,0.80884117,0.7808933,0.035323262,0.7395781,0.94651234,2.6210918
06f96ca127b544e7a69158771342d6a0.jpg,8,58.989666,9.567324,8,58.995221,9.581974,1.0420034,1.0420034,0.80487514,0.035200596,0.8058531,0.86174333,56.246193
071c748067174ee782744d776c2f12ba.jpg,11,39.89692,33.929452,11,38.372008,42.737787,778.05774,41.27061,0.6440584,0.0009807348,0.6123069,0.7839029,698.7682
072b8a94f3eb4c64ac48e804607c7c03.jpg,2,37.031067,-4.544283,4,47.890379,3.239056,1364.24,810.80884,0.6598933,0.008012533,0.6305338,0.7773309,1364.24
072dd6d632bd4ef3a2f1969e0cb0e62b.jpg,3,63.610009,29.190994,3,63.835635,29.464602,28.475348,0.43978807,0.8048138,0.035432994,0.7986865,0.85799545,43.62647
0742eee3051f4845a6bf8724b9d87ca2.jpg,4,49.303198,-1.458641,1,54.445027,11.249409,1040.7108,320.74518,0.611287,0.011758268,0.60766673,0.73774815,1170.7113
07460d18bec644e4a047df062012a378.jpg,5,54.918787,-6.319737,5,55.266469,-4.842996,101.606926,7.1882606,0.65992093,0.00024718046,0.63134027,0.8269967,212.33746
074e0107c6134324996ba19db1f381fe.jpg,5,52.916378,-1.120093,5,51.292805,-0.295012,189.12035,15.842408,0.67093587,0.0011619925,0.6542815,0.84143794,17.42145
0755e2a791a94fe2bf81f17ef7b729bd.jpg,3,65.909199,24.101246,3,66.099693,23.920341,22.706709,0.26567978,0.90015525,0.018188179,0.8869622,0.95292735,22.706709
076556722350427a9f1114a87f0bb64a.jpg,8,69.438057,19.246305,8,69.436642,19.251199,0.24756664,0.24756664,0.9506277,0.02893269,0.9417719,0.98605055,0.24756664
07f9050f4345415daaca53083a814c1f.jpg,11,38.886565,35.590934,11,38.890409,35.594218,0.5133109,0.15922318,0.8883508,0.00018519163,0.87467754,0.9537224,5.62201
0818d3d55128436697cfd24553368d6a.jpg,3,68.371108,27.415558,3,68.372554,27.412926,0.19362071,0.07141751,0.89674234,0.007310629,0.8823924,0.954142,0.19362071
083559d1008249b1b9e874df157b3342.jpg,4,42.285407,9.121775,4,42.539268,2.254169,564.35724,37.439804,0.6714291,0.018092275,0.69998837,0.68354917,2617.7007
0843c62b4096470ebe073c3aab4420b1.jpg,7,44.708228,8.164091,7,44.459939,8.378712,32.42108,32.42108,0.62211204,0.025626361,0.5786786,0.7958455,32.42108
084714dde65046578900a7e6055fe0f8.jpg,3,67.682854,24.865754,3,67.813946,24.794459,14.882694,8.097025,0.8505854,0.071896315,0.834304,0.9157109,14.882694
08709ac553b54d3a8803377418608716.jpg,8,61.630944,5.333329,8,61.446748,6.004196,41.02796,39.394524,0.7263081,0.042743683,0.7035953,0.8171595,41.02796
08868c5599be4a5582a2c0bc69e40129.jpg,7,40.570273,16.577622,7,40.569379,16.577708,0.09967343,0.09967343,0.8950158,0.026362836,0.8726833,0.98434556,0.09967343
08952adbb6844320bd4fac03208d3b63.jpg,8,68.247469,17.412896,8,68.227348,17.441107,2.5215967,0.10206247,0.7986705,0.028682232,0.7724846,0.93470216,0.10206247
089c554c5cdb4639a09c077054540de9.jpg,4,48.735921,2.986122,4,47.544324,-0.607768,297.73392,28.552069,0.6901013,0.0027090907,0.6699848,0.8115112,418.91083
08a1b11bac72440fb9b90fe46bae9eaa.jpg,7,45.820641,9.265958,8,69.219644,18.090956,2648.4192,143.63356,0.63027805,0.01746726,0.64644,0.70472795,772.2323
08b93ac27c0e47e5b9d568907ccc037d.jpg,8,58.881875,9.212862,8,58.874145,9.162002,3.0468073,3.0468073,0.82474804,0.0062390566,0.80048746,0.93769526,14.4129925
08bba0c47b74404db368fe02a5aff9e1.jpg,4,45.534759,2.353654,4,45.454263,2.071068,23.775417,19.498669,0.70417464,0.042495966,0.6931484,0.7482797,23.775417
08c10d97567a46fb9cf8d3e21e43e631.jpg,7,40.530349,16.486546,7,40.599087,16.174433,27.4503,1.887239,0.72885007,0.023452878,0.7114634,0.89662194,42.772835
08c8549f87e04e22a880855bab2267d6.jpg,11,40.104911,29.467789,7,36.81853,15.051085,1305.6371,32.341656,0.75781643,0.018130422,0.76808953,0.78388506,324.53455
08e3236138304108b6b792a6a2f85611.jpg,4,48.369579,-4.686,4,48.414704,-4.791487,9.265134,2.0883667,0.7920458,0.028563797,0.77776897,0.88979596,3215.3347
0904e4a00bee4c709711fd3d41861507.jpg,4,46.051633,4.355845,7,42.348313,12.675463,780.03973,313.0041,0.6957077,0.03455627,0.6675681,0.8082662,780.03973
092ab4fea8544b3cb1395e61c6a5f45a.jpg,9,52.670618,16.823882,1,48.648046,13.410859,507.74878,5.575989,0.6986464,0.006176293,0.6648096,0.8339938,507.74878
095224997ec745b796d7636e7ef5ad95.jpg,1,50.898492,9.423125,1,50.891988,9.993804,40.031128,16.5328,0.75183326,0.040554583,0.7213508,0.87376297,40.031128
09566f71a066472c8a1489874641403f.jpg,11,41.469507,36.106126,11,41.634078,35.516713,52.349586,0.56856513,0.7887254,0.046913683,0.757852,0.9122186,52.349586
099716f5169048258d82bf7ee320996a.jpg,7,40.652379,9.722033,7,40.70569,9.695099,6.348143,4.957586,0.91029227,0.018492103,0.8939514,0.97959715,74.153
09aa4257218444c893f6470d865fe3ac.jpg,8,69.621868,23.463642,8,69.620631,23.463896,0.13789949,0.13789949,0.9289087,0.19281203,0.9162222,0.97965455,0.13789949
09dcc5208c664cc7bebc6d421b39e389.jpg,3,62.91159,28.765358,3,62.913378,28.766222,0.20357282,0.20357282,0.8192209,0.02235502,0.7984621,0.90225613,0.20357282
09eedc1f4c244103885bd178d8e38bf1.jpg,9,52.105639,23.540185,9,52.165458,23.394654,11.954112,11.954112,0.73547155,0.0062529445,0.76456344,0.72713333,670.95123
09fd4abdf0b547fcb7a572a2bf3bab0b.jpg,3,65.725181,29.154556,3,65.685457,29.12437,4.6279573,1.9990373,0.9661212,0.0019463897,0.96171474,0.98883736,6.4745545
09ff25b9255a40f3ada0ee0bd20285b9.jpg,8,69.603067,18.302801,8,69.603791,18.283336,0.758616,0.08912131,0.6358503,0.01832652,0.64879966,0.7013354,1198.9436
0a13f06b1f4a4b6b897b36a1bf230f04.jpg,4,44.101876,7.10316,10,60.526679,16.484767,1929.984,1366.1691,0.6877871,0.026140928,0.661105,0.79698217,1861.9866
0aacc91e47c7467594e58902b8dd628e.jpg,4,43.781889,6.361586,10,62.162712,17.498828,2168.4773,967.68616,0.6673693,0.030011177,0.6537225,0.8168168,2163.6978
0abc3ea7d98a486ebcff13c3ed682c55.jpg,11,36.924922,35.410655,7,38.013241,14.373972,1856.5422,100.89328,0.61685306,0.0032506585,0.59539557,0.7417658,2269.4607
0ad511428b7246088d0358ff665b654c.jpg,9,53.282632,19.370504,1,52.286476,14.281298,359.64548,19.368807,0.6472087,0.0037369132,0.62065893,0.80013657,396.5647
0b0e59e39c674705a1230dba42169f75.jpg,5,50.58229,-4.703927,5,50.552351,-4.7217,3.5578654,1.1325111,0.8938193,0.035120904,0.87292457,0.97739816,3.5578654
0b1f45f0de0c4a64856aef2f42e2888a.jpg,1,51.139887,14.269294,5,50.298969,-4.964571,1353.4014,889.0414,0.70220864,0.041095316,0.71404517,0.69579303,1617.3823
0b2faa4f68a64d43981e9a15d1e532bb.jpg,7,41.222383,9.189538,7,41.172029,9.291977,10.237702,1.4859835,0.8705212,0.027313948,0.85473514,0.9336652,10.237702
0b3872e61eeb48848d45fc0818a7984b.jpg,8,69.097039,17.638162,8,69.081067,17.541947,4.2113285,3.735162,0.80146235,0.02107048,0.777445,0.90057313,4.4857016
0b4c649c555041ad88dee6e3b2c8179d.jpg,3,61.746607,24.34826,3,62.906381,21.452183,197.45036,0.06130712,0.87832326,0.009625971,0.86177564,0.9522133,206.7082
0b4fb2c121ac479497f640a063c833c4.jpg,6,64.256819,-21.368206,6,64.118417,-20.625491,39.11459,0.7058985,0.8281792,0.01078707,0.79755175,0.960271,111.23066
0b692c60a9144d7b83043a2f5fa5013a.jpg,10,62.185213,14.176863,10,61.758814,14.156599,47.425293,7.8301754,0.8480767,0.0031174421,0.83508146,0.90005744,47.425293
0b793a915a4b4c1bac068578ff0f8238.jpg,5,56.428121,-5.208831,5,56.269644,-3.318502,117.79801,17.055601,0.66372,0.0015672445,0.6494592,0.8349682,45.74961
0b94862c0f894281880e6915e9ea209d.jpg,4,44.377523,-0.841028,4,44.048219,-1.009445,38.99964,0.2234301,0.82746446,0.016753554,0.80860716,0.90289354,38.99964
0bbd0d872e6d47fd948ca115b34555e8.jpg,2,38.675353,-0.043177,2,38.681827,-0.051148,0.99849427,0.99849427,0.6697886,0.004931748,0.65979475,0.733363,185.91972
0bbdfe3584c24a4692f7784ab59d9d6e.jpg,8,60.276865,6.375572,10,59.154464,15.448828,523.4019,162.41089,0.6496807,0.008744478,0.65744406,0.75788856,1204.3892
0c24eeb0af0d47e0a4f93eaa0f4a9537.jpg,0,54.144518,26.462357,0,54.160862,26.455054,1.878564,1.878564,0.72078514,0.004344821,0.70291847,0.79225177,1.878564
0c5061c0c3ff469cb158ce89ec82ecf2.jpg,11,40.227757,38.027394,11,40.183884,38.079536,6.5884056,1.8327715,0.81145173,0.011737168,0.78120995,0.9324187,6.5884056
0c8be74e4bab40b4bffd8f0add31fde5.jpg,4,45.807773,3.319766,4,45.793745,3.300974,2.1343074,2.1343074,0.60928756,0.016859233,0.58933896,0.7182176,456.8831
0c924f7cc1bf410c9cdcaef19d508b0d.jpg,5,58.485889,-4.869899,5,58.48256,-4.875774,0.5036246,0.5036246,0.9282103,0.021182597,0.9167841,0.9739152,0.5036246
0cc188a6a6d74a2090f5ec7922d59186.jpg,5,58.547413,-4.674586,5,58.546754,-4.674359,0.074451774,0.074451774,0.69387263,0.019677162,0.70772475,0.7123966,1114.3647
0d07ddc16cac4de58e2d85891e55f943.jpg,9,53.087998,20.518187,1,48.293478,11.681075,818.56305,376.1969,0.62098366,0.010371149,0.62236345,0.74637556,645.4765
0d0ae6edeb564796ad083f7d32d8fe5a.jpg,9,50.884844,17.027788,5,57.81025,-5.05747,1614.969,86.13659,0.6883748,0.047522366,0.6920333,0.67374074,1614.969
0d2f4d3c5b6e4b4ca11fc29561fa7d31.jpg,6,65.461626,-22.169696,6,65.485469,-23.251026,49.98238,2.8082976,0.8326917,0.00030732155,0.8171076,0.9307514,53.1407
0d4003ca3515444a830a14c8601ebe0b.jpg,7,36.816285,15.049098,7,36.81853,15.051085,0.30594462,0.30594462,0.91030645,0.070153594,0.9006355,0.9489901,0.30594462
0d4c172d1cc8401891b2fa10be90855c.jpg,0,52.290326,25.682711,0,52.368024,25.59693,10.422206,2.3526657,0.81193566,0.037349164,0.79570407,0.87686193,10.422206
0d4e8dd6419244b6895775e0a3812ea3.jpg,0,54.489111,25.836298,0,54.246893,26.328196,41.72259,0.72538507,0.82274574,0.008141875,0.791114,0.94927275,41.72259
0d60ea30a976484dbf73afc0b5fd57d5.jpg,6,66.091412,-16.831575,6,66.099395,-16.883186,2.489143,2.489143,0.88232887,0.009393096,0.8634736,0.9577497,2.489143
0d7e49be675d4b64bdf182bff7caa096.jpg,3,60.984228,22.089863,3,61.27953,22.096408,32.83801,5.866461,0.8204617,0.0022053123,0.794844,0.9492868,47.413754
0d8e91e4e4104719817cf042fdb8568e.jpg,9,51.429984,22.494215,10,57.7972,13.068563,930.8337,2.0385141,0.72599196,0.01601088,0.71069413,0.78718317,930.8337
0d942a3ae503404a99e9c164dd703f9f.jpg,1,47.589539,10.334677,1,47.58642,10.326442,0.70831186,0.70831186,0.66107315,0.01523304,0.6661985,0.7288597,789.15466
0ddb7d95af37437f946a9d7f90896653.jpg,7,44.534928,11.121658,7,44.541313,11.105077,1.4936988,1.4936988,0.8284841,0.14360273,0.84037316,0.7809279,1.4936988
0ddfc9865f7f45aa8648ed8d2ea8cda6.jpg,0,55.59862,28.659509,0,55.997854,28.645426,44.40158,2.2258732,0.8682394,0.013707638,0.8442075,0.96580315,39.59591
0e2dda6253f74dc7834dd2a877b42da4.jpg,3,64.605682,27.792109,3,64.827373,27.802288,24.655687,21.514616,0.7175463,0.019735634,0.71099126,0.7437665,24.655687
0e64adf5e28a41e9819f47a7535d9a38.jpg,7,46.429611,13.616613,4,45.658693,5.615884,623.14813,314.825,0.68988085,0.034411848,0.6663035,0.7913096,663.857
0ea8e9702a8c414d9cf2b82759540363.jpg,11,39.894883,44.061837,11,40.124544,43.629412,44.816353,2.4889557,0.78462887,0.014270365,0.75754166,0.8951188,10.329584
0eb950d6cb474fe09c122c2412ff1011.jpg,6,64.909923,-13.99471,6,64.903645,-13.937835,2.771412,0.61293733,0.89606947,0.0060070157,0.8807114,0.95750177,2.771412
0ee91a857206457f9f51b0fb397ec27a.jpg,10,58.954557,17.785427,8,62.536714,6.127765,746.6686,248.97696,0.682519,0.009560585,0.69703865,0.6918805,747.77765
0ef78a91f6ff4a1d98f9aa79a631a7e7.jpg,11,40.991257,39.797712,11,41.144326,29.168462,890.6978,0.102656856,0.7551431,0.0041791797,0.73488116,0.8544058,1033.4667
0ef8793f4a4f4f9b85105158d9c7d9e9.jpg,5,51.827793,-1.004549,5,50.321913,-4.829861,315.3148,4.865741,0.79439354,0.0007224083,0.7622404,0.93147707,16.174728
0f0d78d7fcda4fee8c7621dea60c2024.jpg,10,66.445829,20.508921,10,66.574306,19.957606,28.304478,9.093164,0.9036782,0.02944225,0.89931047,0.9589623,9.093164
0f2cfecd53dd41049024cfeb0c2236ef.jpg,1,51.136112,11.456007,4,49.378158,3.368019,606.9274,190.2388,0.6080932,0.012088656,0.5816691,0.7137897,606.9274
0f4d82f125c64aa88852f372455dd290.jpg,3,66.269103,29.402569,3,63.815708,29.193987,272.98053,1.8648267,0.7372867,0.0403049,0.7005191,0.90457934,278.282
0f59fc7a0dc846c8bd63e9fa76dff23e.jpg,4,44.848998,0.939576,0,53.002563,25.796617,2015.6761,29.072044,0.5970022,0.0012412071,0.5994248,0.6563237,1016.1504
0f8f617d0b67446597d7256424f37868.jpg,3,66.599493,25.964024,3,66.599134,25.922703,1.8252592,1.8252592,0.88090295,0.05325061,0.875172,0.9038267,1.8252592
0fbf5296f7264de8b68bfe4e0a08e599.jpg,11,40.833621,26.632051,9,49.982188,20.912998,1110.1158,33.48603,0.71308094,0.0038134456,0.7207185,0.72739804,747.9205
0fd50a383e9a4b14ac0c0fb8451b6a39.jpg,11,39.601147,40.184913,11,39.598656,40.185145,0.27769923,0.27769923,0.89043534,0.031893194,0.8726996,0.96137834,0.27769923
0fe2bed47ad347d7a6e4f12231d23616.jpg,0,55.364061,29.16154,3,62.294843,29.664285,771.20575,4.0728188,0.7003741,0.01575166,0.6835953,0.76748925,771.20575
104d235ddae2412d95ee2dd359f14e31.jpg,3,62.632474,29.403171,3,65.422309,25.387218,366.55655,174.15912,0.66088593,0.004793048,0.64335155,0.80919933,860.9658
1051b9bbaeb849af9e49402c948932dd.jpg,8,58.683881,8.996984,8,58.69433,9.014572,1.543667,0.9066387,0.7929233,0.027883768,0.7623443,0.91523916,1.543667
109cda5b1a794ff9b4812dee091bc63b.jpg,11,38.931003,36.056874,11,38.931696,36.056218,0.09569609,0.09569609,0.7397987,0.11710781,0.75885713,0.6658309,3568.6348
10a2317fa0904dbd82a6402f0602c739.jpg,6,65.320718,-14.474249,6,65.321149,-14.474638,0.05121518,0.05121518,0.97930753,0.09166664,0.97534674,0.9951506,0.05121518
10c1936ec77347db93ec4a346cd13bee.jpg,5,53.239405,-0.583517,5,53.192242,-0.6244,5.9086976,2.7997653,0.88804895,0.091519415,0.8891863,0.8913873,116.07089
10d238bfcb384b938d9668cc07ca0942.jpg,1,47.675617,10.406114,7,45.005416,8.192759,342.0564,44.515957,0.6738377,0.0013713241,0.66462016,0.80877805,256.99127
11134130c82b480fb5564b262b053a4f.jpg,6,64.834836,-22.449557,6,64.965791,-22.895596,25.586523,0.51908755,0.7628959,0.012341678,0.7449351,0.8460845,27.515629
1123283d475f46d3a70fb8db3c5750f4.jpg,5,53.595203,-2.504685,11,40.851512,35.626371,3159.0212,1356.9619,0.688463,0.0003426075,0.6767675,0.74744713,2537.1907
115f30c50e2b435e83b173910724ee17.jpg,0,55.774583,28.604109,0,55.617381,28.64715,17.686968,0.012394438,0.861082,0.009897709,0.8431519,0.9482628,0.37730175
119d856f70554024a34788b5f32ecc47.jpg,5,50.375006,-4.667428,5,50.348435,-4.662825,2.9725518,0.9614313,0.82421607,0.014575005,0.79323447,0.9481423,2.9725518
119e4f3286874bbf980fd8780153a2ce.jpg,5,56.381316,-3.8231,5,56.517059,-3.763898,15.526244,15.526244,0.70117193,0.05882567,0.7052821,0.72408533,43.722862
11c3f2b020594ecba4a988ca9ea12e6f.jpg,6,64.796828,-14.0202,6,64.695151,-14.188312,13.835738,1.2060841,0.8475943,0.009896636,0.82507014,0.93769103,13.835738
11f5105981854d03b7288e73c1f6602f.jpg,0,53.846884,30.336635,4,49.71856,0.328706,2097.8008,201.29251,0.6769085,0.011931479,0.6878948,0.73088574,1627.9972
11f69554abb044f096170981e4cb22cd.jpg,8,58.631728,7.978469,8,60.613223,9.066565,228.66185,42.931576,0.5519217,0.013755083,0.55249465,0.7176257,319.61398
120682ff1427405d874693dd89e3375f.jpg,9,51.386758,21.629585,9,51.484899,21.609688,10.999608,5.7607846,0.7770835,0.07074392,0.7674091,0.8157812,10.999608
123c4cb230e44ccca2cdb83cc25e170f.jpg,5,55.681212,-4.30107,5,55.68122,-4.30114,0.004477089,0.004477089,0.89963084,0.15157032,0.8864945,0.95217603,0.004477089
1265d79fa59e478b8fa87f429e7c8784.jpg,7,36.841353,14.460171,7,36.843245,14.457916,0.290737,0.290737,0.795559,0.008799493,0.79584676,0.8089493,7.6215215
126a605ad8cb4d519007cdc399f70820.jpg,3,66.994231,25.249841,3,67.084424,25.081534,12.404869,0.3338591,0.87133837,0.016742766,0.8489497,0.97819155,159.27103
126dc9ff2a814993a0f09335b68dde49.jpg,0,53.714018,27.466959,1,49.426614,7.651493,1444.4152,397.10416,0.63840044,0.014923811,0.6375708,0.7945073,1175.4694
1277bc78aa8f41a9b340aa4804428766.jpg,8,63.079286,7.7694,9,51.478109,15.268282,1364.2903,837.63544,0.67097145,0.0037747025,0.65978986,0.7527399,1389.052
127815462dc8497dba0696d794c01005.jpg,11,40.716686,31.576032,4,44.639475,-1.116209,2689.3389,1590.6257,0.67893994,0.0015149713,0.6752066,0.72770166,2426.7544
12a42b086d2a483392ec3a8f103f456f.jpg,8,58.895161,9.279777,8,58.592525,8.862289,41.383636,1.7574581,0.8294197,0.04460329,0.80509675,0.9469685,18.189651
12af8ea9b0744424aa78266f99cf87b8.jpg,4,45.830071,5.640525,7,40.934809,9.310649,619.7217,172.54652,0.77722913,0.00411886,0.7526903,0.8753842,619.7217
12ba16b7ff4d444a87a149d016458801.jpg,1,54.537353,9.897974,10,56.879623,13.806792,357.38077,12.280148,0.70542985,0.0037770271,0.71139455,0.77634096,307.73438
12de4d401d184064b119ffba3252144a.jpg,5,50.922559,-0.268975,5,50.949396,-0.275751,3.0216815,3.0216815,0.7911197,0.06857818,0.7765721,0.8493099,3.0216815
12e3964343dc4d8b990bc018608051c2.jpg,4,46.388097,3.885522,4,46.829263,0.560205,258.68826,36.362736,0.80846727,0.03448099,0.7853295,0.901018,258.68826
12f71d76b01044c5ac130001189ae120.jpg,5,51.871741,0.216859,5,51.635913,0.308871,26.976938,10.362682,0.73651475,0.07246834,0.7294301,0.8189753,79.79415
1329806b387347e28e2fc67e5f97ee0e.jpg,9,50.970347,23.18315,9,50.242799,18.643505,330.35544,6.368431,0.643893,0.013963401,0.61953497,0.74132514,330.35544
133b6e151a6642b78cf80b9a66ec99b1.jpg,4,49.087573,6.13898,4,43.408601,6.02898,631.5302,154.85872,0.63544595,0.0027267933,0.6407744,0.7117762,336.01825
134c67f244fa4b1cba8d24932f3fcca1.jpg,1,52.049789,10.00103,1,49.426614,7.651493,335.24402,11.401277,0.71780014,0.03596717,0.704386,0.8120729,86.69466
135730551c0c485da116ba71c8ef0058.jpg,0,54.128382,27.348824,11,40.325496,32.491929,1582.1271,1141.5038,0.6336372,0.0010392666,0.6250442,0.6812433,2019.2776
136ca674ddac4466b5bf9370b3c2edca.jpg,1,50.406464,9.297596,4,46.234088,-1.018614,891.6216,420.63947,0.67019725,0.026483119,0.6337559,0.81596243,891.6216
13998e5bb65e484d9ddee1db0b8acca6.jpg,8,61.299884,10.250967,7,37.333999,14.119502,2678.5017,1841.774,0.7257109,0.01870358,0.71582913,0.78446794,2673.3486
13b4ad53b8664e65a11d8800753a2a43.jpg,6,66.061764,-19.029455,6,65.751023,-19.178236,35.20668,0.53348494,0.86224407,0.014597595,0.83848655,0.96315944,43.903816
13c54be115754fa5870b5b3b7eeabf5c.jpg,3,66.096795,29.145661,3,66.229694,29.133889,14.78718,6.2870064,0.8785368,0.029865205,0.85734624,0.96329904,14.78718
13e6b8a7f6304f83a76eb33ab79df2c7.jpg,0,51.703745,29.147891,0,51.699058,29.142993,0.6209301,0.33299252,0.97458774,0.0114709735,0.97158194,0.9866109,0.6209301
14122c86b01649bba1bcef3b19600707.jpg,3,64.380888,29.053629,3,64.384379,29.050382,0.41839403,0.41839403,0.8858787,0.043596625,0.87052727,0.94728446,0.41839403
1425c4264dcd4aaeb04366e88620225c.jpg,7,42.570272,12.343454,7,43.495739,13.236606,125.93433,92.0044,0.6157177,0.010672092,0.60218084,0.7279268,1862.9282
143d249f9da24674be2c0937e9e7150a.jpg,6,63.545429,-18.451523,6,63.539264,-18.457464,0.74603087,0.11185223,0.92832065,0.002469778,0.914354,0.9841871,0.74603087
1443911d65b14207a02dd0871e4fb430.jpg,2,29.002457,-13.551451,2,29.008471,-13.531969,2.0091467,0.23533975,0.82570195,0.029722929,0.81185293,0.8864759,0.23533975
146247f0ba974b82988cc12942acc3d8.jpg,1,47.566076,8.386487,1,52.448097,12.508369,617.38556,32.065575,0.67910373,0.01392585,0.6910332,0.74570906,519.47485
14797e264ef7445da08cacc2aedc80ce.jpg,11,40.647636,29.414427,7,40.60985,8.377353,1771.0847,28.665491,0.7807923,0.0263049,0.75684613,0.91601336,1687.7167
1486ca863dbb43ed97c29280746c1a4b.jpg,3,62.168422,27.837157,3,61.058832,24.083158,233.62524,26.9196,0.61921465,0.016286254,0.63247883,0.66652584,1570.7838
148d1a6829d14d88b84f930731316411.jpg,2,42.48693,-6.760733,11,41.566274,33.782703,3318.2183,169.74371,0.6686628,0.0070686936,0.63799626,0.79132867,3318.2183
14991449bd8241359d6a4a52b1cdbae3.jpg,1,51.622136,14.08093,5,50.888549,-1.578226,1090.689,141.43877,0.68128526,0.00293535,0.6763419,0.7548877,576.6007
1499c09b8ee74296bdc1388ffa60e4ab.jpg,10,66.038569,22.825992,10,66.054581,22.804161,2.035026,2.035026,0.86439323,0.035906196,0.84589684,0.9383788,2.035026
1527e75841ad4582ae517b7666551689.jpg,6,65.762811,-22.167692,6,65.569417,-23.17837,51.05637,2.2198086,0.8765863,0.007144928,0.8587112,0.96215874,21.719072
152a13ef249d4efa95c51ed93f026284.jpg,11,41.324741,27.961821,4,47.943763,4.513505,1986.2852,812.1756,0.6273866,0.04136634,0.630792,0.6908587,2192.4917
1545e62f0ba14e3495e31a2d1d7975d7.jpg,4,45.661635,4.85752,4,46.568884,5.992501,133.52942,15.440192,0.68333524,0.02689743,0.67262423,0.789508,332.8922
155ad3bd15b44fa69b5b7423a45ffb50.jpg,3,64.82915,29.449727,3,64.777926,29.348593,7.4406366,5.286727,0.7320363,0.018349946,0.72639847,0.78952646,67.37101
155d0015019a453dbb42a0e73cfcef09.jpg,0,52.129349,29.42728,0,52.947802,29.924348,97.01788,7.7641172,0.8926,0.0062367916,0.8711907,0.97823703,97.01788
156db1dde5b748e78501c2bfd23cb62a.jpg,1,49.796686,7.301667,5,50.424598,-4.668645,855.52124,3.4595551,0.691486,0.004480839,0.72688043,0.72375214,1419.2872
15c7d8fb55044879a40b503b19914d8d.jpg,4,48.159422,1.255136,9,49.636277,21.137074,1458.2888,751.0476,0.6638982,0.01636517,0.6682389,0.715066,2347.8945
15d44694639c43b2a187882477716379.jpg,11,38.185242,26.835566,7,45.268766,12.299719,1437.2885,754.1236,0.76326835,0.030381978,0.7587365,0.8676242,1414.3441
15f6840bf24742a1959b9b31c04bf9c7.jpg,0,52.991452,27.226969,0,52.993727,27.295023,4.5618973,3.0794187,0.8410464,0.020999134,0.81301814,0.95315933,4.5618973
1640c720e16947e386f7c36a3f5fa568.jpg,6,63.842889,-22.402544,6,63.8177,-22.541795,7.381017,0.13488895,0.86213493,0.0043864846,0.8393214,0.959965,5.37532
165f710811d14b1880a2dd9ccdebf906.jpg,9,51.699425,21.005155,9,51.706416,21.022276,1.4129124,0.10164956,0.72900665,0.003731668,0.7257134,0.82853484,1560.7731
1690cf75b2ec475db6bb4d2d56bc33db.jpg,1,52.852131,11.391801,5,54.150958,-0.717171,812.7343,51.088104,0.65341955,0.0014679432,0.6699061,0.7131007,1154.2931
16df52bef748451381102fede487fa5d.jpg,0,52.256911,27.858082,0,52.149481,27.890113,12.143483,4.252528,0.8846622,0.030483425,0.87872237,0.90842164,12.143483
16e7045e8fbd473ca49d21c75c1f231d.jpg,8,58.163771,7.949776,8,58.427187,6.014318,116.82955,0.31655496,0.7214035,0.019061089,0.7104876,0.82212913,93.95259
16f7a975105d4f54876c7ad4bd1de8a9.jpg,3,62.969804,25.819453,3,63.536019,25.748219,63.06115,0.32815415,0.92667735,2.861023e-06,0.91309047,0.9899654,73.46894
172373a1a122422aaa74c53a75800165.jpg,5,58.513234,-6.255527,5,58.514496,-6.259057,0.24843685,0.24843685,0.8061119,0.04251343,0.80239713,0.8209709,0.24843685
172df88a965549baa6b0aba885c3fc98.jpg,4,50.470094,2.977522,4,49.378158,3.368019,124.59394,35.0351,0.6983655,0.017165184,0.6748125,0.7925776,124.59394
172e2bed96044727aafdb9cebdecebfa.jpg,10,59.58412,13.16943,10,61.104801,13.30346,169.25285,67.12023,0.70350915,0.020810902,0.67865837,0.8029121,169.25285
1731c7fb77a94a96a4d697118a7051a9.jpg,7,46.016867,11.987493,0,51.990212,23.905724,1091.8031,678.0891,0.63941985,0.006852567,0.60390615,0.8141001,986.4985
175ebea3c0f94be98c2bf9d1145d8dc6.jpg,2,43.623804,-5.80003,2,43.369474,-5.534352,35.482746,0.026375482,0.78440154,0.034973145,0.7438371,0.9466591,35.482746
17a9d20af793460381af4bc442a47c4d.jpg,1,50.354742,11.552608,4,47.544324,-0.607768,940.0759,275.92438,0.62386453,0.029175282,0.60682595,0.71659833,1683.774
18140d75644a47d7bec1dcec88d015e0.jpg,9,51.12895,23.3736,9,51.137637,23.395299,1.7959609,1.7959609,0.718647,0.05926299,0.72219914,0.7319591,2.1231225
182bf2e6b4194555bdeac06a2fddd1e1.jpg,0,53.781052,30.926095,1,48.977213,8.075099,1664.8679,713.87634,0.6438007,0.00010448694,0.6391237,0.6625085,1664.8679
1883be9485264aa8b77b4b7aa27bd83d.jpg,10,56.947266,18.157056,10,56.946506,18.154203,0.19256221,0.19256221,0.85679674,0.07095474,0.84125006,0.9189836,0.19256221
18a05ee1438e41e1a0e792462bdbc7a8.jpg,7,40.939751,8.864987,7,40.951472,8.871,1.3977442,1.3977442,0.920587,0.07320553,0.91010845,0.96250117,1.3977442
18aac20d790a484382f21f9a89fcb116.jpg,4,47.909739,4.718497,1,50.070451,7.429349,311.16196,15.612569,0.6994864,0.044555902,0.71047103,0.8151175,167.13524
18cd40760fff4e40852d78a2c567f2c0.jpg,2,41.068452,-1.028365,2,41.080506,-1.04089,1.7025967,1.7025967,0.8064352,0.0993284,0.7957674,0.8491064,1.7025967
18cf52bafde14a06a2ba51563fd3527d.jpg,8,70.820849,25.766476,8,70.961083,25.694829,15.80993,5.5867977,0.894192,0.027160227,0.87495613,0.971135,15.80993
18d29e708ab64bf9b480cf48d98a8a9f.jpg,0,54.174509,28.46868,0,54.144475,28.492804,3.690549,0.41555697,0.75447947,0.0043132305,0.749966,0.84752715,389.1726
1910306cdb0d4317b0500e32fc66ab78.jpg,11,38.825602,35.640365,11,37.473438,30.56402,468.58777,14.841252,0.63775086,0.016881227,0.61765665,0.8103853,490.2857
1941c8768069462e90c64edb021af36b.jpg,5,59.133826,-2.858779,6,65.926596,-22.438013,1247.8405,466.23862,0.64298785,0.0005326867,0.65378183,0.82914203,697.09534
1961b47cea1343e6ad19681c46ae63be.jpg,5,57.775103,-4.093784,1,49.311141,10.188513,1327.7087,0.2626816,0.6276474,0.011828482,0.6396842,0.68606055,709.1573
1988169150dd4ad5bc236057d28457a4.jpg,3,64.425479,28.445756,3,64.444237,29.413344,46.475883,25.879652,0.8388911,0.092654705,0.83227,0.8653753,46.475883
198f19b80f98459d90a326f91fdab27e.jpg,6,64.155791,-19.591778,6,64.157563,-19.60615,0.7239581,0.7239581,0.8705794,0.023632586,0.8591137,0.92317915,5.139671
19d5359aaf3542ff9e5f90dc384a920a.jpg,5,53.932996,-2.775358,5,53.871321,-2.757613,6.95579,6.95579,0.85494626,0.028591871,0.8377598,0.92369205,6.95579
19da798f4f0a4c01a43d361044c345d7.jpg,9,51.788596,23.387368,0,55.590397,28.572301,543.0792,36.80865,0.7434372,0.000295043,0.7042459,0.90020204,543.0792
19e147bcb8744845949c2a33f90162b0.jpg,1,51.156396,7.029348,2,28.052552,-16.600723,3240.851,1084.8975,0.6352208,0.0037988424,0.60769427,0.7659694,3243.1597
19e62abb8dbf4828bce386060ffc9a79.jpg,5,51.983513,-0.973073,5,50.508131,-4.746179,309.6001,14.464461,0.7449534,0.007309675,0.71965593,0.92601883,327.97382
1a07a72fd8ba47939af12eaaab6c54c0.jpg,10,61.378246,15.899194,10,61.252572,15.448635,27.812805,5.9922,0.7985472,0.0034294724,0.77759147,0.8895527,12.676987
1a22e1b982d14e7cb9347eea4f6e8e5b.jpg,8,59.022242,9.719295,8,59.016574,9.724087,0.6873501,0.6873501,0.6821066,0.067917466,0.6551217,0.7900463,0.6873501
1a2b3a7977bc4be0afc84e0c105ebecd.jpg,2,41.719467,-2.840767,7,40.979115,8.930611,985.2673,6.4095144,0.7380194,0.018839598,0.7415377,0.8452357,228.45354
1a309b22a4fc48b89dee6fe7268227ba.jpg,5,50.240931,-5.06483,5,50.28046,-4.990212,6.8888135,1.7746929,0.7589097,0.043946862,0.77713144,0.7769846,1345.6759
1a4d13f7414b46cbbda273e54f30f86a.jpg,8,69.257743,17.95031,8,69.250589,17.954936,0.8160904,0.8160904,0.73185563,0.020027637,0.70027936,0.88199735,19.96441
1a6aa42d155b4073815cee78504068d2.jpg,5,50.397154,-4.437288,5,50.377206,-4.464514,2.9403992,2.9403992,0.69903994,0.0019447207,0.6846313,0.8176917,284.39273
1a7c03a3ef5a42759df6f16701de4d4b.jpg,7,40.749722,17.639666,7,40.860294,9.335879,698.7576,0.6005476,0.71615034,0.008607209,0.67962044,0.8622699,698.7576
1a8ed7b951ff4d4db72ffb871771dc6b.jpg,6,63.844285,-22.415007,6,63.854989,-22.448342,2.0212471,0.43496,0.8219264,0.0058858395,0.79981536,0.9103707,2.0212471
1ad9fd20eb38421abea444ec252cb328.jpg,3,61.181278,25.629373,8,60.708576,11.301606,773.9482,5.296828,0.7138778,0.0060459375,0.7272366,0.8828809,172.57037
1ae7639a71c443ed87a1af5cb0e90ebc.jpg,1,51.476377,13.138438,10,56.879623,13.806792,602.37885,15.155752,0.7620595,0.0043043494,0.7571007,0.8146101,437.61237
1ae90f5758f24d9f94133e8784aaf386.jpg,7,40.570798,8.341528,7,40.634666,8.898934,47.591106,1.6569728,0.8501521,0.00094276667,0.82029295,0.9699821,3.7061808
1aed1e95587c493e8951e3b3e3fe1fb2.jpg,10,65.583338,18.112624,10,65.630805,18.928662,37.844246,2.0157077,0.8950324,0.017234683,0.888405,0.9458306,79.39403
1b64270937e747e089c43d22d4a46ac4.jpg,11,41.444743,32.712725,11,41.855755,32.819442,46.554676,9.564209,0.8002229,0.027003646,0.7788202,0.89942527,136.0987
1b7ad5d9e67143bab430a73c33ee514f.jpg,11,40.738613,31.696477,11,41.219019,28.466169,276.36826,23.865866,0.6933086,0.0196172,0.6975316,0.70217115,197.42453
1b95e43fc59b416681b17098ebd13a15.jpg,5,57.822505,-5.06339,5,58.065262,-4.982217,27.415178,2.3927252,0.7962253,0.022149444,0.765756,0.92811954,79.26192
1b9e868022c84801ae011a8f23b7052b.jpg,7,39.427388,16.241555,7,40.466279,15.539392,130.10501,19.580822,0.7575408,0.0048674345,0.726569,0.89634776,89.820274
1bc1d50e7554495492245e048dae9e42.jpg,2,39.931881,3.827084,2,39.99515,3.845783,7.213442,0.10972191,0.7464331,0.0016650558,0.74715936,0.7762974,10.485618
1bc9a389f8f24f90a1f5844ec962b961.jpg,8,58.899947,5.613494,8,58.324959,6.286022,74.86403,4.948573,0.6696509,0.011060536,0.67687446,0.74437225,2135.564
1bd33d64f7c14e9f863d22c6ebefbd9f.jpg,6,63.474913,-18.571192,6,63.472723,-18.580568,0.52545166,0.13505529,0.937187,0.022290528,0.92555815,0.9837025,0.52545166
1be431ed96954724a3e260eb00e04ad0.jpg,0,53.518425,30.2718,2,37.62893,-0.796453,2956.5015,1339.2236,0.7621842,0.015714228,0.7658984,0.78534365,1577.5135
1bfed17847704ab6b795dc6d4151f35c.jpg,5,56.192415,-4.77638,5,50.283408,-4.983344,657.19604,0.14274052,0.6499669,0.003139913,0.66573775,0.7148244,560.2108
1c0f89d505ff447fa4d31f9d5bbd1287.jpg,4,49.229324,6.060934,4,43.630315,-0.931072,820.7263,123.30201,0.7296822,0.0077030063,0.7234928,0.7771542,819.1041
1c3b404a780842f6a6f915dd64f7f0fd.jpg,9,54.167212,18.716769,5,51.983434,-0.492355,1301.7151,287.72714,0.71220696,0.02002871,0.7273851,0.73517317,1305.3137
1c54c1e093e94a4d9792cf8531f037e6.jpg,4,48.773356,-1.540852,4,47.220166,-1.833826,174.07709,2.957897,0.76696694,0.044392228,0.7575099,0.8047949,174.07709
1c5c7c796bf04ec798f4e7493acb6c36.jpg,10,62.095429,17.43106,10,62.117481,17.430198,2.452484,2.452484,0.7067096,0.028562546,0.6839981,0.7975558,2.452484
1c718d69698947009b28a10b9b2b0d18.jpg,2,43.662866,-7.602585,2,43.662095,-7.602835,0.08805849,0.08805849,0.815766,0.08252627,0.8026389,0.9021299,2.6295965
1c7985bc37d84a0ba2309ab38b73226e.jpg,9,50.755842,20.886815,1,52.511421,10.350112,752.19324,139.63835,0.67919815,0.013238728,0.6740205,0.70761,645.88086
1c85efa56b3142cf8fd6d0f5878436b2.jpg,4,42.193651,8.628155,7,41.000414,9.239631,142.09038,1.0063295,0.816831,0.047763944,0.7996912,0.9189911,23.60054
1c88ceb995ab443f94ddd7fb9440a88d.jpg,3,66.98215,25.279853,3,66.977386,25.295984,0.878991,0.878991,0.94045323,0.001990676,0.9323169,0.9752103,9.986305
1c88eb409bd747728f3d5c577e0f3ea0.jpg,11,41.444897,31.81685,11,41.41228,31.905386,8.224317,1.1098157,0.7539916,0.024755657,0.7499527,0.83459187,750.0955
1ca9cacd2a2443fa93024530adc59436.jpg,6,63.984302,-18.778122,6,63.985002,-18.779825,0.113829404,0.113829404,0.8177037,0.0050735474,0.78915393,0.93359137,7.6247115
1cf621d229cd4ebf90b6d1aa1e82ef82.jpg,4,47.977211,-1.203199,9,50.720034,20.673634,1607.5851,849.78906,0.64582896,0.010399163,0.62756574,0.7637079,1659.7736
1cff8d2686ce4e379b0107f9861ce10b.jpg,1,48.239171,11.856685,10,57.488121,18.514754,1120.0911,387.66183,0.5987728,0.021903932,0.5865769,0.74415624,1224.8324
1d219b5ab2fe4a5f9e5693404e12dc45.jpg,11,41.019947,34.608301,11,40.995947,34.647819,4.2564526,0.37061107,0.87281644,0.007527113,0.85246015,0.9542414,4.2564526
1d6d2431f50b40efb1f4a7de55b1a5b5.jpg,2,43.028325,-8.427142,2,43.027356,-8.427511,0.111845054,0.111845054,0.8880321,0.08705276,0.88188267,0.9126296,0.111845054
1d6f897c3b334cedbdc9f4dd9f8cf8fc.jpg,8,69.296497,15.993463,2,41.543066,1.543423,3198.6804,1111.3239,0.58518964,0.0062342286,0.5543339,0.70861256,3198.6804
1d7febd628364cc09edfadbcfef326a8.jpg,4,43.666115,-0.964898,4,43.627323,-0.928263,5.2244754,1.262435,0.7578118,0.058312595,0.75773525,0.75811756,5.2244754
1d8742b44bbf47f284997094e5890abd.jpg,2,28.985871,-13.584265,2,28.991314,-13.59759,1.4303988,1.4303988,0.85541654,0.042973995,0.845665,0.8944229,1.4303988
1da95a80c8894af6ae75dae7510c69f5.jpg,4,44.88852,-0.742298,9,50.574659,18.525898,1567.7456,4.703057,0.6947531,0.019487858,0.7027464,0.70966905,1371.1934
1db544b3527a4163ae54ca4b2d7a7509.jpg,1,48.234588,10.10181,1,49.864969,8.85714,202.70984,117.08224,0.69495696,0.014901102,0.70195186,0.7133293,742.28534
1dbdf20054024aa9b9a2263bd07decff.jpg,9,50.435721,20.945649,9,50.008248,21.076695,48.438572,19.994347,0.6818016,0.051304996,0.6958434,0.7177781,172.84364
1dca445912be4973857450372e642309.jpg,5,54.87708,-4.521793,5,55.128033,-4.993662,41.03987,7.2850213,0.78546876,0.012808144,0.78818095,0.7746198,41.03987
1e1f0068fd2c4d32a46719cd6cad30ce.jpg,0,54.632554,27.931983,0,54.594797,27.894512,4.8423324,3.3782754,0.84869844,0.016101599,0.8348094,0.93556374,109.04682
1e51c0651be5414d81c678d6ba1a5f70.jpg,9,52.670344,16.90103,9,52.669271,16.906546,0.39060944,0.39060944,0.76198506,0.051944256,0.74457806,0.83161277,0.39060944
1e68f9d32e664c39bb49a64b3986fc33.jpg,10,57.686589,18.384492,10,56.969489,18.183153,80.64858,8.69321,0.77999085,0.035140336,0.7399795,0.9420874,58.032063
1e6da03f92994be5aebdefff26e04354.jpg,1,50.96977,12.794626,2,43.255797,-8.865562,1840.4012,203.87578,0.6400643,0.025795996,0.6556377,0.7002564,2319.8916
1e8880a8ed314cc4bebff1b8e8bae561.jpg,8,58.476945,8.873414,11,37.305185,27.90911,2727.372,175.67351,0.70062506,0.014916122,0.68595344,0.77025825,2586.5618
1e8c433d73f5476398f798823a2d4048.jpg,2,28.546979,-13.94608,11,39.195827,37.280531,4809.529,3834.9983,0.7324269,0.0021101236,0.7096608,0.823491,4809.529
1e9d16dcfaeb40788afbd75b316715cf.jpg,7,40.092176,15.731892,7,40.112316,15.750876,2.7608485,2.7608485,0.7922029,0.027156293,0.761065,0.91675436,2.7608485
1ea7477b824b4183bacab03d7c53acc2.jpg,5,57.266733,-5.763897,5,56.345831,-3.469585,173.17018,56.52435,0.6968911,0.0027333498,0.6938822,0.780948,280.85037
1ec5d0b50a464c4da8549d618089e0e9.jpg,3,67.50344,27.465031,3,66.263948,29.362918,160.79538,11.796937,0.80898565,0.0058270097,0.7781891,0.9386495,89.89227
1eef601098464fc6bc4efcb2da796428.jpg,8,58.43395,6.011861,8,58.424308,6.018055,1.1311578,0.6373679,0.8648367,0.009475768,0.83889604,0.97427607,1.0880796
1ef1095d42a84763861b3d4e8fe11535.jpg,11,39.207999,30.701662,5,54.51044,-3.479725,3060.2056,1828.3187,0.6718759,0.010725796,0.64204365,0.79202396,3155.1516
1ef510ba7e9e4caa8dfe78612e80cf3c.jpg,0,51.978862,30.45619,0,53.268626,30.658973,144.06697,5.5835123,0.8238441,0.003084004,0.79985106,0.919816,144.06697
1f056cf2b47c4e20b0c0bae243978552.jpg,5,54.483485,-6.875178,7,41.090202,15.232416,2206.7007,24.382332,0.6684671,0.007204294,0.6643113,0.72676176,1877.7759
1f06ca8f03c247939beb68c3511da11e.jpg,6,65.948285,-18.151452,6,65.941434,-18.130607,1.2136621,1.2136621,0.83177316,0.041164815,0.8254529,0.9005108,46.785202
1f42168e6646466fb41db94776725a75.jpg,0,51.643276,29.101404,0,51.653464,29.114803,1.4621884,0.12470729,0.89717436,0.008672118,0.8793436,0.96849704,1.4621884
1f60d168012146609615a55c035f07e4.jpg,4,47.033685,5.825506,9,51.749842,21.770093,1264.0898,699.04956,0.73269063,0.012852132,0.7268021,0.78543633,1178.2002
1f9f7ed3b1ef414f9669fbc22179429a.jpg,0,52.084291,27.536428,0,51.979109,26.979143,39.877453,6.0232177,0.8935102,0.011279643,0.8758997,0.9639521,39.877453
1fc6d892c8bb486ba1d3e27ae40b5b0d.jpg,4,44.642677,-0.978022,7,43.907924,10.275545,898.94617,415.92966,0.6759581,0.021446407,0.671641,0.7641276,1156.599
1fd7b8ef63e84e8fb3839eb7130461da.jpg,8,66.339523,13.411082,8,66.343592,13.471508,2.7339525,2.7339525,0.7936523,0.0014359951,0.7621252,0.9197608,2.7339525
1fd7bd2201a64100aaacb78e51647b86.jpg,11,41.53471,27.833521,11,41.53093,27.837857,0.5540125,0.5540125,0.82592833,0.080123365,0.8108695,0.8861635,0.5540125
200061848e434f19a696c54e923ad257.jpg,1,53.186977,7.764347,1,53.192195,7.7251,2.6784182,2.6784182,0.8198891,0.038050294,0.7966363,0.9129006,2.6784182
2008f5e0a7734ae8b3f3c1e083d1851e.jpg,11,38.132628,33.531928,11,38.152628,33.570097,4.010953,2.0438342,0.62368375,0.017283618,0.60295504,0.7065986,4.010953
200963b7e2d34b8ca3dc0c6c6f9e2626.jpg,3,66.980534,25.284476,3,66.977386,25.295984,0.6107001,0.6107001,0.95101476,8.21352e-05,0.94263643,0.98452806,0.6107001
201443c427f844afb17e24da17798f12.jpg,3,62.40754,30.087501,3,62.214179,30.096282,21.505579,4.3760524,0.845018,0.008619845,0.8244506,0.9272877,21.505579
2066c735483b43ef9dd0db775907effa.jpg,11,38.855913,29.278934,11,38.95656,29.356569,13.0528145,13.0528145,0.85656255,0.1186291,0.8553898,0.86125374,13.0528145
2069cfe010414505b233ead41a92468e.jpg,10,57.487277,15.025628,10,57.48945,15.023168,0.28283983,0.14322022,0.82755065,0.027240276,0.80778265,0.91894186,0.14322022
206f35da53204a0984af3ae6bf36d19c.jpg,4,43.842928,3.742679,4,43.992367,4.336861,50.410107,9.101628,0.6888032,0.057489038,0.65197635,0.8361105,50.410107
207d9e4900da4738abfae98ec0ba1a10.jpg,8,58.086695,7.295165,8,59.21619,5.454634,164.63943,19.880959,0.7980408,0.0027113557,0.7691754,0.9135022,164.63943
20a274b00713408fbba0bd61fdce4ee4.jpg,4,42.087861,8.71208,11,38.598072,33.929874,2163.9573,4.8695292,0.74030524,0.010586977,0.7417958,0.8066395,1332.4404
20c88c1253654f5184c7e0a2e59b1aeb.jpg,2,39.569032,2.775868,2,39.56841,2.770324,0.48021606,0.48021606,0.89659,0.04060626,0.8773136,0.98153555,39.711323
20d20a35e4fc4637b3f96b7dc8ea7db6.jpg,4,43.329161,2.372819,7,45.264543,11.767353,777.5019,257.87143,0.6909645,0.004655361,0.7172904,0.67779654,1676.1749
20edb80df4024f0eaa61846c3b6eab8f.jpg,1,50.725449,12.577159,9,52.399153,20.160652,555.94916,29.703043,0.67153,0.0006494522,0.7049212,0.63154244,454.87512
2111bf5fbc4544b08b379703b4215962.jpg,1,53.766891,9.012731,4,44.405663,-1.074967,1271.3759,56.913013,0.68183446,0.01568544,0.6769344,0.8018363,1102.9929
21215fa75acd48469e6fae1f7e25c5ed.jpg,2,42.549467,-8.864157,7,41.077739,14.714217,1954.572,5.3854313,0.6691476,0.020745158,0.65022814,0.74482536,1954.572
21217e8321eb47fbace4c5edce87956a.jpg,4,42.466604,9.208585,2,39.548292,-0.442968,871.8105,1.7519702,0.7200085,0.010831416,0.68707293,0.87462354,1055.1227
212270b517504f6e93b7676daee61b11.jpg,11,39.248501,30.901392,11,39.250585,30.903112,0.27501816,0.27501816,0.84410554,0.1579107,0.8356986,0.8777332,0.27501816
212d0507cfe94eb2853c52b37ea9aa23.jpg,9,51.929485,23.61029,9,54.214683,16.01653,566.99445,193.77913,0.7143489,0.0035918355,0.709029,0.78535265,1141.8828
212f530406de43d8ba27bd3127f52d58.jpg,3,63.34256,25.60384,3,63.339899,25.606026,0.31534934,0.31534934,0.8971695,0.015499711,0.8794029,0.9686942,19.64524
21301ba5a71c47868de0384efab4f0f6.jpg,1,52.972402,13.841704,3,60.584207,24.251295,1055.0123,23.737982,0.7088416,0.011643529,0.6891979,0.78741634,1055.0123
213ba62e23ff4528a1b1402cdf725ca1.jpg,3,62.867699,21.710726,3,62.626092,21.526014,28.464249,2.333842,0.7958556,0.05198288,0.78243184,0.84955037,28.464249
214101e188c4415a8486757e3b26b5b2.jpg,10,55.527148,13.983926,1,54.460789,9.148157,330.38428,148.8854,0.6601041,0.004894078,0.7042466,0.72263694,370.79626
2159cae3728b468bb0711a3499421a4b.jpg,11,40.500473,30.202935,11,38.427501,42.128318,1048.4719,14.178948,0.65757436,0.029018879,0.62949944,0.78807354,838.1975
216c8f89888b4361853ee7ba0b0a6e65.jpg,11,40.013586,32.697056,11,40.239261,32.50932,29.740267,11.510725,0.84584266,0.09633523,0.84152436,0.87396663,91.945915
21b68f67357e4dcb9728589885494aea.jpg,5,54.690502,-6.12703,5,50.12468,-5.441154,509.81744,24.514935,0.75503147,0.0014162064,0.74765354,0.897699,450.6163
21eaf9824d8843af9f5f82338bc8c269.jpg,0,52.636384,30.840298,0,52.93188,30.636684,35.596935,0.017243786,0.7862795,0.004685104,0.7940144,0.84079593,7.421846
21ee0f70cafa4093904b00d1383c1972.jpg,11,36.639271,29.1682,11,36.632633,29.223868,5.021672,3.2944522,0.7388482,0.06734848,0.72033834,0.8767539,82.41562
21fd438dab804c22ae9810a5039a2690.jpg,3,66.657978,25.482965,3,66.662138,25.463644,0.9687388,0.9687388,0.9547756,0.008467972,0.9478304,0.9895574,3.348853
21ff89d32f2b40b29f8a9a807ffbd1de.jpg,7,41.420077,13.199073,7,43.25145,13.748886,208.59264,36.98124,0.6132163,0.00464046,0.5956713,0.7540496,69.15831
220fdffbe755474ea4eeb42f6c26da78.jpg,11,41.093368,30.55773,11,41.105806,30.533168,2.4796555,2.4796555,0.6405772,0.06406957,0.6373122,0.6536373,2.4796555
221b72b74637413fb16f17a9603145fd.jpg,9,53.275009,20.226282,9,53.271944,20.220767,0.5006335,0.5006335,0.90558136,0.072475076,0.8914317,0.96217984,0.5006335
224077ff311b42098a8ddf403853f132.jpg,10,65.953719,22.675857,10,65.922477,22.656767,3.580144,3.580144,0.8557333,0.0047175884,0.8244463,0.980881,3.580144
224f48e8c71d45e0b91f8c5bca1916f0.jpg,1,50.891208,8.276213,1,52.234691,14.626627,463.5098,64.09482,0.7387272,0.002472341,0.71294814,0.84184337,463.5098
2252900de3714b6daa418002f822fb52.jpg,9,54.299711,22.401978,9,54.301681,22.635894,15.179404,6.1240506,0.70016444,0.043336213,0.7150277,0.7660893,277.6483
2256987df64748a19edba5afa5391075.jpg,6,65.496183,-23.955158,6,65.645611,-23.68849,20.650995,1.7144916,0.79619294,0.033587158,0.7881519,0.8778561,27.173431
225b2e4a79d9407c8888607e166fae83.jpg,0,55.262017,29.765111,0,55.306854,29.586746,12.3465185,1.5349969,0.8673499,0.0077730417,0.84182787,0.96943796,12.3465185
2288688b3aa94d00a7487dccbe34b2d6.jpg,4,48.378409,6.14214,4,45.702243,5.121857,307.44818,17.172556,0.7081851,0.008911848,0.6895843,0.8116057,209.23598
22a3f50f9bf44d59be040080135ea1f6.jpg,7,46.667301,11.204218,4,42.621449,1.822425,867.0531,29.365385,0.6719136,0.011808574,0.6630014,0.74113274,1555.4922
22a7b46106f145faa762b8e3a0579b81.jpg,7,40.56147,16.582552,7,40.568418,16.578157,0.8571542,0.8571542,0.85811555,0.059561014,0.8376642,0.9436264,14.701167
22d429ebda654085a70fed1f94747a40.jpg,8,61.014441,9.20456,11,37.403292,38.874127,3338.519,2268.8625,0.7138436,0.029953718,0.7211904,0.7891151,2640.544
22d92b62491146ef9f6a7add2d1b0d69.jpg,4,49.364641,-1.187889,5,55.590178,-2.586019,698.65656,42.98572,0.7165693,0.0071071386,0.69981384,0.8165337,985.1625
22de519bef544ee69c3ccbdffdf0651a.jpg,0,52.661699,25.421355,0,52.633636,25.503006,6.3309274,4.063684,0.86205417,0.02500093,0.8656673,0.8899795,35.50719
22e650aa6840429fb0dd508725a30962.jpg,5,56.50321,-6.957209,5,56.501132,-6.960155,0.2933881,0.2933881,0.9357509,0.19323474,0.92679185,0.9715869,0.2933881
22eb0e1b73ec4239a972b840f291623c.jpg,3,66.575294,25.89746,3,67.628723,24.204512,138.14035,2.8759656,0.74791414,0.016786754,0.79019296,0.6856652,142.0736
22ebd40d5e52400ea940938cff164779.jpg,5,58.567658,-4.739574,5,58.567459,-4.738909,0.044459388,0.044459388,0.8269948,0.021929145,0.80600834,0.9109405,0.044459388
22fb4a10195145b79be63dffc8113f21.jpg,0,55.605946,28.465349,0,55.605185,28.466964,0.1321023,0.1321023,0.89769423,0.23823082,0.89430463,0.9112524,0.1321023
2302c40ddb074bfcbde379e0ce86f409.jpg,11,41.19107,29.036466,11,41.062521,40.779305,982.9177,240.90211,0.6640511,0.014172614,0.6825074,0.7078106,627.1576
23215980412240909ef243a801b9048b.jpg,0,53.264946,30.422466,0,53.48928,31.125004,52.857357,1.5550781,0.811647,0.003765285,0.7940639,0.9222535,50.551437
232f6b82dec441dd8d5126bc0a5f3f8e.jpg,4,43.483449,5.68614,0,52.676982,30.817168,2112.856,264.47583,0.7101804,0.012106419,0.7231092,0.70557994,2116.4307
232fefb2fe344f63bf02592dfcfffc66.jpg,10,67.711093,20.740547,10,67.844216,20.40036,20.586044,1.7467642,0.84145594,0.054575324,0.8138006,0.95207715,20.586044
23784eec959142dc8491a1dd10a71364.jpg,6,65.717725,-23.710202,6,65.752018,-23.856479,7.6955442,0.88651663,0.86241984,0.004174292,0.84407175,0.9415343,1.6449927
237b963f619b4bc3acb3e1513918592b.jpg,2,41.630391,-2.515324,7,40.790392,16.419336,1583.4779,36.607433,0.7013765,0.015974998,0.694374,0.7735201,1583.4534
2384602a12a146aabf0025152ebfeced.jpg,5,52.69879,-2.626899,5,52.945554,-3.642905,73.576645,10.80616,0.678817,0.004388094,0.6591823,0.7573557,73.576645
23cebf03e2ba4dc1b479faf624e65cdb.jpg,0,54.427992,27.893968,2,42.092848,-1.650321,2552.8975,796.1431,0.58641106,0.009563625,0.58418596,0.70421755,1748.5767
23d144c7af5d4ef28c8283bec7d6dc29.jpg,10,65.932911,21.820551,10,56.211379,13.736622,1162.9401,0.40511274,0.73781055,0.010484099,0.72211623,0.826686,1744.5706
23f1683f497a4dedbb253038844ba894.jpg,10,65.410185,19.684866,10,65.44812,19.405075,13.606996,13.606996,0.8507655,0.005058527,0.8362384,0.908874,13.606996
2404cd04c70a49c08ed5b8c4f1f46eb0.jpg,8,62.22618,11.782424,8,64.743823,12.846214,284.87622,1.7881839,0.87212646,0.009333789,0.85535,0.939232,284.87622
242256210a7043f6ac63e5b920a684a2.jpg,10,63.68418,19.378303,10,65.038537,17.018265,188.58235,7.712728,0.830601,0.0050555468,0.82744366,0.89715123,89.68726
243299c474fa45938d36a53c8b1d01e6.jpg,10,65.980633,22.866528,10,66.054581,22.804161,8.6923685,8.6923685,0.8604843,0.007881522,0.84072053,0.9444666,11.110538
2432c6509b5d48c49d398c587e2fc894.jpg,8,62.237901,8.257082,8,61.857906,6.203139,115.08391,28.630386,0.65744835,0.002335608,0.6111245,0.8582485,118.17142
2457a360e89b4948a2019907e560c929.jpg,7,45.87796,9.210452,1,50.683417,10.121849,538.57056,208.13756,0.67972654,0.007338941,0.6683756,0.75610906,1010.99066
245b67c717e34ed785091738ab850e1c.jpg,5,55.718009,-3.773253,5,55.364795,-3.498452,42.912544,18.413626,0.65818965,0.006870806,0.6576981,0.7929311,253.4481
246398e261ac4ff89830b2a0fe271c96.jpg,11,40.84288,35.49093,9,51.587893,22.071876,1574.0553,65.47122,0.6486999,0.003138721,0.6447611,0.7513846,1425.6853
247a5964b5e5495e8dcaf47b2d5c28ad.jpg,10,57.466247,18.305007,10,56.955931,18.302545,56.744823,2.5222716,0.75130785,0.011317611,0.7205781,0.9043697,56.440742
24880a0404fb4866a476f44df12e73a1.jpg,3,66.073338,28.913387,3,66.073273,28.799317,5.144232,1.7892793,0.958897,0.019412518,0.95988464,0.96924675,35.738613
24a8be8548954b4dbbb24bae44f37def.jpg,1,51.883493,13.951599,9,53.489522,14.243927,179.66582,50.16357,0.70674616,0.01789856,0.72650725,0.737427,268.12958
24ad253bfa124e1c9bdad1c58bea0628.jpg,5,52.151115,1.501395,4,45.529555,4.516941,768.46985,10.895993,0.68735826,0.022508085,0.67389715,0.7412025,768.46985
24ddb99739c640c2b7b6752c5df710c3.jpg,2,39.413275,2.901878,2,39.41489,2.900536,0.21340118,0.10553532,0.8335726,0.0069918633,0.8063787,0.9777216,3.5044484
24fdbca72a6b4065aea4361c4032e36d.jpg,7,41.429915,15.591096,7,41.437702,15.607738,1.6353966,0.7942093,0.8114791,0.0017949343,0.7998928,0.8578242,1.6353966
2508e9b2fde248faa66e3e6bfe4a46fb.jpg,9,53.181008,23.241389,9,53.176312,23.226686,1.1102858,1.1102858,0.84219694,0.090174735,0.8409088,0.84734946,1.1102858
25177c85620e40bd9a0e1f71fc651c90.jpg,2,28.884392,-13.832873,2,28.88029,-13.832304,0.45947433,0.45947433,0.9234692,0.10975015,0.90976155,0.9782995,0.45947433
25261d18df6c452eaaab4cc097c37ac3.jpg,2,38.665632,-4.182748,2,38.734116,-4.090279,11.062626,11.062626,0.8044518,0.05926597,0.80302405,0.8512193,265.8266
252b3721e033410587754e85faee1b8d.jpg,2,43.343123,-8.304673,2,43.345176,-8.308373,0.37634614,0.37634614,0.6749803,0.0066686273,0.6340413,0.8704211,14.309759
2536e3ed4f134f178085eba33423b283.jpg,3,61.718063,23.549185,3,62.015428,23.660301,33.574837,19.95715,0.87387645,0.024284303,0.8510852,0.96504134,33.574837
2559637850ef4173b098944f04e01b2a.jpg,11,39.988068,41.520383,11,40.012733,41.980479,39.286724,19.07979,0.7968769,0.060841978,0.77971005,0.8655445,39.286724
255a2e97d5034c33acc22b985667e513.jpg,3,62.599349,21.506946,3,62.672043,21.571735,8.735198,3.1295524,0.84686106,0.018949509,0.8263168,0.93368083,34.20202
256056b757a8459da79c6a7ef7095436.jpg,2,42.009427,1.716789,7,44.236522,9.711035,694.09863,20.624144,0.66288036,0.010650098,0.65432197,0.82146627,58.489685
256cdeabb1d1432a859a014f4307e1d2.jpg,4,49.655832,-1.2545,4,46.478379,5.688193,624.88043,239.55467,0.65534556,0.008351386,0.66109633,0.80533123,923.6662
25876dea885c4e16a0db3769d196754d.jpg,4,42.250137,9.057913,7,44.510793,8.30105,258.7054,38.407185,0.6088113,0.024856389,0.61468995,0.62031925,2788.3274
25bcb2f91ba44e5ba6898e5fdf470352.jpg,8,62.056898,10.723747,7,45.952691,9.041908,1793.9293,141.13834,0.68580544,0.019028842,0.6673558,0.75960386,1793.9293
25ce7b989f604b25ad0a33b30cd30019.jpg,6,63.975548,-16.97803,6,65.680334,-17.345093,190.35625,5.237058,0.87597835,0.013968706,0.85731775,0.95062065,190.35625
25d9a16c6f1242acb52c7c9cc0aa9fd0.jpg,6,64.834871,-22.83082,6,64.834197,-22.82499,0.28567135,0.28567135,0.9243175,0.033668697,0.909118,0.9851153,0.28567135
25ed8bf12eb3484d896bdd3691668b90.jpg,2,38.723606,0.028132,2,42.309565,3.056967,473.7864,180.18272,0.66969293,0.024101198,0.65967166,0.7302793,479.16702
266e3b057759429b9be658f3717421db.jpg,0,53.441361,23.930519,0,53.456701,23.890183,3.169261,3.169261,0.7173027,0.057706237,0.6911826,0.82178307,3.169261
266efd3931274dd5b322fb3613ed6f28.jpg,5,55.310863,-1.948639,5,55.044597,-2.049236,30.288645,6.6972184,0.8016822,0.018341422,0.7630279,0.9562992,30.288645
2672fc971988404d88c34d8bf72d68da.jpg,3,62.525664,21.782142,3,61.633318,21.77482,99.22522,13.286277,0.8258544,0.0064651966,0.80568063,0.93842435,48.80597
2691e23b3d634ffe9ec948fa039e6639.jpg,9,53.256726,20.852975,11,36.944458,33.271389,2052.3828,138.25072,0.6530578,0.0026512146,0.67025477,0.6873054,1486.6167
269392f465d5411bb382ba011a6edddd.jpg,8,59.669294,7.533961,8,59.71341,7.576165,5.447255,2.1158626,0.8347415,0.038529813,0.8044002,0.9561066,5.447255
26d4be663c824d288c1fb19550307b03.jpg,3,63.161651,21.878575,3,63.160986,21.943244,3.247378,3.247378,0.7152038,0.038175523,0.70582294,0.7571354,2799.513
26dbc2a4329443d6a1b8cdb74ec81389.jpg,9,52.254153,18.917164,9,52.28413,18.843314,6.0302224,6.0302224,0.72362864,0.037622094,0.7175021,0.7593905,95.46871
26ead912f57847b98c7403f478bd24a8.jpg,11,38.144117,27.329551,11,38.120623,27.345683,2.9691045,2.9691045,0.83131474,0.011531115,0.8187375,0.8816236,2.9691045
27338b4ac7d24d08a0bdc39a6125d925.jpg,2,36.85139,-4.132186,7,44.236522,9.711035,1426.0889,378.21896,0.6290896,0.019374967,0.596684,0.75871193,1426.0889
2744fa0138024df9b0af43458abe1881.jpg,10,63.819623,13.10823,10,63.820755,13.107238,0.134953,0.134953,0.8367907,0.054456413,0.8089411,0.9481888,0.134953
275b29b599d64e62aa5aa6457a5eb4e0.jpg,8,58.424937,6.016844,8,58.427187,6.014318,0.2902127,0.051984582,0.8146384,0.0026764274,0.80046904,0.88786554,19.119816
275e5155811a464aa149c2c09ac9e819.jpg,3,61.916374,23.693425,3,62.040821,23.663412,13.926432,1.7417033,0.89731413,0.021369278,0.87893045,0.97349155,1.7417033
27611122791b4b8bbce76459ee845b8d.jpg,3,65.933526,24.624904,3,65.912019,24.590762,2.8492062,0.5772701,0.92595553,0.0035159588,0.9120643,0.98152053,2.8492062
276a2b938d7a4757b9cb3d3b848fef5d.jpg,9,50.006581,19.87459,8,59.475373,6.293143,1361.652,7.4075828,0.7023916,0.027629018,0.72216904,0.70656955,961.4966
277b972635804cab851bf4fe1e29895a.jpg,4,44.573644,2.158079,4,42.98385,1.571075,182.94987,69.83128,0.6603914,0.009001315,0.6543977,0.7037715,267.80667
27b82bf79f354f168299c7fa13e9b5f0.jpg,2,42.728825,-0.525206,7,44.236522,9.711035,842.11957,2.0035641,0.69127876,0.00093495846,0.6756752,0.820649,1065.9153
27bc5f84bc724be29b3c1e74c19fdd02.jpg,6,64.813266,-23.950678,6,64.815584,-23.955016,0.32950154,0.32950154,0.96915865,0.063859105,0.96384585,0.99040985,0.32950154
27bc613702ac46f79fca1b54dac9294e.jpg,2,37.622885,-0.782986,2,37.630485,-0.799938,1.7155044,0.13715525,0.87115866,0.09387773,0.8606198,0.9133142,1.7155044
27c472bbcf8943909ad86c3e2c488091.jpg,3,68.363119,27.411966,3,68.360777,27.41541,0.29624107,0.29624107,0.8718881,0.005784154,0.85139817,0.95384765,0.29624107
2805bafcfc9e4290b1f6336ebe4ac597.jpg,10,65.414853,16.527094,10,65.461734,16.795965,13.476476,10.937005,0.8839786,0.0063508153,0.8688638,0.9444377,13.476476
287bd11e618d47bf8cfb610980f291fe.jpg,1,49.602831,8.101491,1,49.563117,8.015287,7.6238775,7.6238775,0.6700113,0.00020503998,0.6635418,0.7670253,462.33954
28a41a7987594bfcbd61f2c37aa316db.jpg,5,50.287389,-4.987159,5,50.066051,-5.67393,54.749577,0.51906174,0.7523727,0.024995744,0.7609111,0.7182189,54.749577
28c3898245134a968ac5d2bfe8f49a9a.jpg,4,49.426979,2.694839,2,36.772698,-6.04207,1573.2771,176.22894,0.79277503,0.04237628,0.78308713,0.839332,1540.8661
28c482f1b0874434ae80f33705658b55.jpg,10,60.34533,18.127956,10,59.595855,17.129667,100.153435,41.968372,0.7568275,0.0383538,0.74610883,0.81313837,97.72814
29220dd7d34d49dda24e362e66b3d4d2.jpg,7,40.546533,16.485082,7,40.599087,16.174433,26.880772,2.753109,0.6387905,0.021579027,0.6504233,0.70453453,1487.1785
2931ee28b80a444fbda39167a68d4799.jpg,7,43.578869,13.498627,7,43.581867,13.495568,0.41454297,0.41454297,0.7949419,0.09184396,0.790655,0.85866773,380.7687
29439e30ee2e40f386dabdb6ef85c262.jpg,5,50.318921,-4.926131,5,50.313677,-4.932781,0.7503075,0.7503075,0.7744274,0.075455666,0.78522086,0.75868607,13.667977
298ba9fb0efe4d74903569f985742d14.jpg,4,47.633338,-2.989563,1,50.590824,6.516806,765.3489,37.22739,0.65463793,0.0007147789,0.63839656,0.78929436,1194.7762
29b9edd2b3cb487fa88c7adcc2fd0989.jpg,11,38.754117,33.850617,11,38.756186,33.089389,66.00862,8.653889,0.69402575,0.044463217,0.68668675,0.7233815,66.00862
29bb92e8379846cd91bf9da8190085d6.jpg,11,36.33455,33.65906,11,36.334401,33.659188,0.020148689,0.020148689,0.885131,0.09010106,0.8614619,0.97980726,0.020148689
29f1f2c725904b30bca272a91285f3c5.jpg,2,38.5898,-1.689196,7,43.907924,10.275545,1160.2993,249.48859,0.65177655,0.023632467,0.6479242,0.7571715,937.97015
29fa19e4dc73459daed901b2ab45fa1e.jpg,3,67.460373,26.949271,3,67.084424,25.081534,90.47021,4.053058,0.8288977,0.010818243,0.7994442,0.9666152,91.10524
2a0a1ecfb8994bf19bce7fa1b3f2dd48.jpg,6,65.900993,-18.061126,6,66.135107,-18.929184,47.082596,0.6115645,0.852341,0.013112724,0.8334913,0.961774,220.26768
2a439d6e2cd2406fb55f65d70c6715e8.jpg,1,51.500331,8.341294,9,53.138968,19.265042,763.6699,529.40204,0.7441969,0.02318728,0.7437303,0.7721233,820.7705
2a4d211f3ed7430db75b55b45214d4d1.jpg,11,39.799968,33.491669,11,38.696322,35.115604,186.04483,6.237384,0.6717892,0.005680859,0.64030343,0.84532964,176.92624
2a7a87f11be34a6badd1c12debb5db7a.jpg,8,61.429089,8.805149,4,43.136877,2.729555,2073.425,4.563628,0.6650854,0.018504381,0.6631673,0.75345474,698.025
2ab4d5a40dab4c34863df762e99782a0.jpg,3,64.748403,28.330205,3,64.778826,28.301374,3.6485837,3.6485837,0.840696,0.008509338,0.8231859,0.92672586,68.381805
2ac01eb1b84f46729dbf015269242ef2.jpg,7,46.159143,12.836418,7,39.323828,9.146098,817.37683,401.13464,0.74683446,0.032093823,0.7373752,0.82824653,821.4596
2ac246926c05477baf3d88383d8d2de5.jpg,11,38.20203,41.478458,11,38.201675,41.479896,0.13170874,0.13170874,0.76273686,0.022795677,0.7506728,0.8125949,94.872604
2b0b47ac87404ce2a42adadf1d00df68.jpg,10,62.159805,17.454101,10,62.160904,17.456813,0.18645741,0.18645741,0.7499223,0.031717956,0.71317446,0.9045882,182.46527
2b1550ac27af48e4a3ae09484a0e1f97.jpg,2,42.062302,-3.427818,2,41.256836,-2.19453,136.08066,41.17903,0.7156684,0.016608119,0.6860456,0.88312495,56.14354
2b33bea8bfd945f0809995a7066f61da.jpg,4,44.776565,-1.05512,0,52.09437,27.813359,2261.469,24.94712,0.76461583,0.084080994,0.7618595,0.7756411,2261.469
2b36a32d743448c19ce6adcbf863a72a.jpg,9,50.411218,22.418742,7,42.872925,13.906706,1059.1553,110.35709,0.664575,0.034404993,0.66148055,0.75869477,1203.6556
2b450f3fadc1473e82cf1299efd1c2a3.jpg,0,54.791226,30.414827,0,55.035073,29.332589,74.29668,2.572915,0.73100346,0.008944571,0.7313566,0.72959054,74.29668
2b67683d63914075b8e48bdc9aeaf34f.jpg,4,47.943643,0.277282,4,47.412727,0.609483,64.06013,2.354421,0.63519776,0.00073593855,0.60701615,0.7885835,103.89013
2b8956d1c0de4b3aba9fe692b6c12690.jpg,7,46.447868,11.905943,7,46.44734,11.906221,0.062455103,0.062455103,0.90894556,0.27106637,0.8950194,0.9646501,0.062455103
2baf3c187cd848af9f69abc43f7cbd27.jpg,4,41.470449,9.225225,4,41.566957,9.273613,11.462485,5.340968,0.647938,0.03376299,0.60250545,0.82966805,11.462485
2bbfc5ca1ab2441b9876dcd8a0638f9b.jpg,8,58.804293,5.601954,8,58.800378,5.600375,0.4447275,0.4447275,0.6986966,0.0108837485,0.7117424,0.7033553,1440.0859
2be70845ead040fd9ae79d4d63e67515.jpg,3,64.153272,28.256495,3,64.128374,28.104289,7.8839164,7.1937714,0.7905241,0.003322661,0.7791122,0.86201566,61.76117
2becb1dc3c8142b3bad999b40cf89ec2.jpg,1,51.40101,14.94923,1,52.376536,12.855789,180.00882,6.559157,0.7094376,0.024293602,0.7068329,0.7382489,291.99103
2c00206fb99b41df96648360e3a7e611.jpg,11,40.565718,35.992789,11,40.442594,36.11413,17.108118,3.9094236,0.7491431,0.020736635,0.7420599,0.80588067,191.44624
2c29d4b1e7a043488faf3f563f0ef874.jpg,3,61.940198,22.786027,3,61.959233,22.8661,4.691532,4.691532,0.87326527,0.04808241,0.86079204,0.92719877,51.08879
2c4c18d460b54a06b83f8f9feb06349b.jpg,2,39.321286,-0.410527,2,39.319087,-0.408522,0.29922673,0.29922673,0.92251945,0.007929146,0.9079826,0.98066676,0.29922673
2c55ff6fdc004f00a0bcebc8677f38f9.jpg,2,37.494225,-2.772559,7,45.74436,12.218655,1543.2256,800.9655,0.67227644,0.004503548,0.6555524,0.7725951,1321.7585
2ca59707f4bc49c2bac3a1571635ce1c.jpg,3,67.014232,25.156054,3,66.977386,25.295984,7.332143,1.7757429,0.9392671,0.00066781044,0.9304706,0.97445315,7.332143
2cb5b2c85d794f4faf980218dd47e37a.jpg,0,52.157202,26.091599,0,52.161358,26.090681,0.46635023,0.46635023,0.8311868,0.011066318,0.8215076,0.89906645,47.648277
2cdd764a9159486fa22c73d3f0b59bcf.jpg,2,36.736364,-2.205532,2,36.820921,-2.253433,10.324914,10.0148325,0.6969739,0.013334751,0.70812374,0.7256933,3043.0945
2ce71407477147ce990eb4dde3d5dc13.jpg,4,44.118076,-0.057828,5,51.820034,-4.69954,923.03424,16.683723,0.6111099,0.022537827,0.60092646,0.7080101,644.9228
2d222b5408134241adb0a4cd8d9f1bad.jpg,3,65.98544,25.06029,3,65.985036,25.061583,0.07376831,0.07376831,0.8959515,0.09739375,0.8914584,0.91392386,0.07376831
2d36fb18aef64d94b6e17eaf0fb9ef9a.jpg,4,44.55499,5.872598,4,46.34976,6.105462,200.39424,76.53055,0.73241127,0.04404676,0.71554005,0.79989624,200.39424
2d376fe3d8c241c3bca5d079fcf684bf.jpg,10,60.005599,13.330053,10,60.978921,16.415239,200.62883,25.291517,0.7072818,0.0069482327,0.6889348,0.82633114,226.20596
2d413baf3f6142bcae35d06bd52dadeb.jpg,1,52.694084,8.9186,1,52.510465,8.39983,40.549686,10.365879,0.84908533,0.056976914,0.836309,0.9085665,44.89415
2d6845b1d4c24aa784065c9830fd15fb.jpg,5,53.490757,-0.553824,5,53.465614,-0.552037,2.7982779,2.7982779,0.78817666,0.10553169,0.7621796,0.89216465,2.7982779
2da0f13e6f564748bb8027f2a3519089.jpg,7,41.549988,14.692774,2,41.172185,0.928257,1148.3191,47.49397,0.6856694,0.016551197,0.6926014,0.7640325,1443.5422
2dae7fa55b9b4ddb95695f1c97acd263.jpg,2,38.370117,-5.961787,2,39.765064,-4.072511,225.07329,5.421947,0.7392599,0.011932671,0.7046299,0.8777796,225.07329
2ddc35db117548e0a257c04c7b5fc5ea.jpg,2,41.539384,-3.203965,2,41.561614,-3.207067,2.4853084,0.87731254,0.74721014,0.021880627,0.7310117,0.8566438,125.54534
2deeb7498be54bc29e2828516797d28c.jpg,1,47.724361,11.565606,1,47.604017,11.466747,15.293038,6.145165,0.7423517,0.056804955,0.7502448,0.75340223,100.99624
2df5629baa76401bbbaa0df0c630304a.jpg,2,42.04,-8.839769,0,53.579059,23.875464,2726.1204,209.97919,0.6064713,0.046438932,0.6116234,0.61517286,2774.277
2df79f2af0684748a0e150c325d8d204.jpg,9,53.98536,15.022793,5,55.295296,-2.939892,1161.7244,974.7808,0.645959,0.0042747855,0.62572074,0.7460237,1198.017
2e0bf467d1ce467798ba3d2f9d193ada.jpg,8,69.604287,18.303148,4,44.504556,1.04975,2954.4807,297.52542,0.6666439,0.038889706,0.65907097,0.6987622,1359.2911
2e8f018a780e4fe89c2fb815ee561788.jpg,7,40.997164,9.222957,7,40.99501,9.220094,0.33926418,0.33926418,0.8253437,0.0035791993,0.7934973,0.9586394,1.4452199
2e9fe5c715e944dc8ec9f356de35a396.jpg,8,59.685614,6.508011,8,69.075762,17.542147,1167.0973,117.07171,0.70601,0.028941989,0.68772,0.8284434,929.996
2efdad6b40014c05aefc719d830a1b65.jpg,5,50.458489,-4.673857,5,50.508381,-4.719895,6.4333363,1.9113559,0.8281396,0.002275169,0.7917249,0.9737983,6.4333363
2f08ee87b74047949fa707c4632168f0.jpg,1,48.747978,12.880488,11,41.344256,27.449796,1406.0729,586.757,0.6459036,0.012084961,0.62180173,0.74231106,1406.0729
2f0c9463213043db9e8db93873f5e017.jpg,5,55.534396,-2.674281,5,53.871321,-2.757613,185.00322,5.757992,0.69435227,0.01619625,0.68951595,0.7802927,567.5822
2f16ccb416ee4f89a359f63c9640fc28.jpg,3,66.231336,28.820952,3,66.230858,28.800119,0.9351848,0.11308698,0.85438037,0.011302233,0.8393159,0.9146382,0.9351848
2f35b8fbfb2a418488b05a9cd6dff992.jpg,10,67.852909,20.948671,10,67.039015,19.79509,103.00586,9.89869,0.7441977,0.04593754,0.7243913,0.837523,9.89869
2f3f2edd6e3e4cebaf4f2b4107205acf.jpg,4,44.094448,-1.318053,4,43.811529,-1.370474,31.737837,6.693936,0.8461565,0.0076366067,0.8171277,0.97425663,32.80708
2f42adce0408491daaf6d4fd4ed2221c.jpg,6,66.198104,-17.119832,6,66.099395,-16.883186,15.286873,14.824649,0.86379075,0.020170271,0.84638155,0.93342745,15.286873
2f5ae300ae614e86a83153269657868e.jpg,1,51.459403,14.229138,1,53.462868,11.628761,283.9809,6.8212004,0.7304271,0.005276084,0.7363794,0.7987093,279.5566
2f683cff9dad4ec1b96ebce31c18a2ef.jpg,11,41.941525,34.317575,11,40.183884,38.079536,370.99243,22.094116,0.6938834,0.0030098557,0.6733673,0.8645912,358.65463
2f6c09e93b0d436f9884c2a31d8ff7c9.jpg,9,54.407548,16.515417,5,55.047064,-1.814868,1175.7736,939.5759,0.75912726,0.028094769,0.7383081,0.842404,1175.7736
2fbb7a2d805849f2947ff1fb00336aac.jpg,2,28.348655,-16.514013,2,43.65764,-5.843969,1950.3557,1377.095,0.73105305,0.022895575,0.7275283,0.81739557,2164.9001
301dedbef035438696c97ae3b5914b0d.jpg,6,65.654307,-23.252679,6,65.654932,-23.255917,0.16389,0.16389,0.95440036,0.02263385,0.9452538,0.99098647,0.16389
3061d64c3bf84593bb385ad3ce16ef31.jpg,7,44.577141,8.787369,5,50.888549,-1.578226,1043.9269,422.1211,0.643448,0.007334888,0.6465284,0.7621767,636.1498
3072665078a64deb9262179eff0debad.jpg,11,39.519994,44.241817,11,39.523523,44.239145,0.45443457,0.07308462,0.9575546,0.15298194,0.94877243,0.9926831,0.45443457
3080beaaec8a4068abb7195529218847.jpg,3,66.261623,29.304173,3,66.261153,29.302348,0.096979365,0.096979365,0.90582496,0.05575943,0.887974,0.97722864,0.096979365
308fcd2adebd4021b092b4b68d629e63.jpg,5,54.508672,-6.458169,4,42.02809,9.414713,1809.7476,29.532202,0.70439243,0.030828893,0.7017449,0.7969684,45.052704
30ab5842b0e44d59a8a75bb71e9b22fc.jpg,11,41.664153,26.614502,11,41.642205,26.7513,11.624645,11.624645,0.9044749,0.08345741,0.907861,0.94678736,820.1276
30d001757c54463d826c984263540804.jpg,1,51.911262,13.542135,1,51.64054,12.589013,72.15417,16.17778,0.69395196,0.00039470196,0.65168214,0.8692814,73.124954
30eac8bc175e4efeba2e81c5a27f7479.jpg,1,47.954703,8.860221,8,60.50297,7.966255,1396.482,28.470766,0.7232542,0.0020062923,0.7048917,0.7967042,1396.482
3100179f3a2e4faf841e5b109a8dc21d.jpg,10,61.642555,14.803993,10,61.509374,14.849688,15.005264,6.589033,0.8738767,0.013637066,0.8677969,0.8981956,15.005264
3104db88d9b94dd1b28a3272e73de5a5.jpg,11,38.16627,26.818858,4,48.524769,6.227074,2014.3119,19.463596,0.6406044,0.016523302,0.63656956,0.66584665,2101.9453
311adaa394444291842296c03769a743.jpg,6,66.03148,-14.806878,6,65.733884,-14.859265,33.1767,3.1413732,0.7501582,0.0001783967,0.7388718,0.7989758,212.5811
314cbce466a64555aad37c2fe8ff11e8.jpg,9,51.460756,22.642346,1,48.082727,12.569816,814.0917,2.541875,0.6994723,0.002246499,0.70915353,0.74838006,650.5967
3153bafdbce24cb4ab57db96dba053dc.jpg,5,58.464777,-4.903575,5,57.544358,-6.608867,143.41068,7.5035744,0.83380175,0.04070258,0.8168503,0.9016075,143.41068
315b954dc715466389f4ad5b890cf74b.jpg,5,59.092966,-3.320566,5,59.093421,-3.321005,0.056465913,0.056465913,0.96262115,0.04613298,0.9554909,0.991142,0.056465913
315f2b2574174e06ac26d369eab3ad12.jpg,4,41.888574,9.393459,4,41.744882,9.405779,16.01043,0.3874708,0.8320054,0.02650696,0.8103428,0.9588069,7.145047
315f9cbcf9b84128bc228c90fce1f535.jpg,2,41.363281,0.913832,2,41.332482,0.810697,9.265402,9.265402,0.73718476,0.027121246,0.7640056,0.7044584,978.47107
316048b52f1a413dbbfebe3865ee4d24.jpg,6,63.850238,-22.439286,6,63.831076,-22.508856,4.0213714,0.57608867,0.8646487,0.0025806427,0.8441667,0.9465767,4.0213714
316b8973bcda4e1da72a7892dbace087.jpg,1,54.141228,12.002187,1,52.100892,9.91935,266.03824,36.208286,0.76541346,0.02955097,0.7626437,0.80137515,429.3543
317348d9797d460aaa1519dc82ba768c.jpg,7,41.457321,13.80261,5,50.116171,-5.419448,1766.3977,316.92905,0.69344586,0.01764363,0.7150929,0.8080172,807.10004
31802f84c62643178be84c035ca48d50.jpg,3,68.097726,25.459562,3,68.097884,25.459827,0.020723993,0.020723993,0.9613646,0.008225262,0.9545419,0.99109346,5.6589866
318bca29a6ab4ba8a1eb0aa50a63424a.jpg,1,51.620887,14.184331,1,51.796118,13.755521,35.392746,16.18936,0.78280205,0.08305675,0.77598,0.81009024,35.392746
319cbb83264746a68e6b2cd8b96ed727.jpg,1,52.186165,9.27995,2,40.795479,-4.455789,1640.5427,397.70163,0.70868856,0.026498735,0.71820277,0.76657593,1121.4491
31a32521b7d54e14a660b500a27d5a4d.jpg,6,64.883816,-13.818665,6,64.882839,-13.810714,0.3906812,0.3906812,0.9085172,0.014343381,0.898214,0.9664719,4.4603367
31a9b3cf63f24911a5b9677282d9177f.jpg,7,42.593051,12.237133,7,41.851262,12.786974,94.092285,5.3951454,0.8055539,0.02854085,0.7665637,0.9615147,94.092285
31ab0aad9004422b892423c1013172de.jpg,9,51.151336,15.457783,10,57.488121,18.514754,731.7901,4.400943,0.68255466,0.0249089,0.6654607,0.7509302,731.7901
31b70a40d16b4e1db0cc01eb591c9524.jpg,5,50.129463,-5.62196,5,50.361676,-4.668444,72.55315,4.028777,0.7232056,0.018307269,0.71481234,0.7579583,639.40955
31dcc9e61f854a949e1edd7c77169387.jpg,0,52.577014,30.504958,0,53.021904,29.709603,72.844246,21.484383,0.92846686,0.004468143,0.9193417,0.9649675,72.844246
32cea9c8cffc4c9499ea2de1a79e5d07.jpg,9,51.39295,21.102648,9,50.759628,20.4284,84.723,3.5152097,0.7832791,0.015336037,0.763373,0.8742989,11.982071
32d1385c28894607a32aad33db51602c.jpg,8,68.682781,16.539285,8,68.684487,16.538142,0.195244,0.195244,0.8246352,0.1330846,0.8088553,0.8877549,0.195244
32d91b0bd0da4000a4cd680364198443.jpg,2,38.509096,-1.654367,2,38.313329,-1.482958,26.398981,9.634142,0.8621502,0.06446111,0.86266345,0.9151921,142.29405
32f4d8fde8f04b52b377155037b327ec.jpg,3,67.73801,24.07949,3,67.889171,23.996242,17.167984,9.365027,0.8350307,0.032957435,0.8164347,0.9094144,17.167984
332c45e6c69b44b2befaf24791e41748.jpg,1,52.847888,12.54426,1,53.486864,8.480539,280.00354,83.77447,0.70347977,0.024563968,0.72240275,0.7239031,392.8784
335a7efb9f294bb6ae95810ed182df09.jpg,9,52.070997,22.293914,11,41.361898,26.949945,1241.9141,761.9342,0.6308509,0.008146167,0.61748695,0.75745773,1291.8254
33a19a5c799049ac8742026c23193dc7.jpg,9,50.9688,18.746015,9,50.980623,18.732433,1.6225398,1.6225398,0.8169853,0.12478942,0.82344854,0.8034811,109.295456
33ad011d39124b2e9b650b84a1dd5b1e.jpg,3,67.12356,25.058337,3,67.14385,25.010443,3.0614893,0.091348305,0.974066,0.00051891804,0.9702251,0.98942953,3.0614893
33be3fbd542b4acfb51eff24fab0cec1.jpg,1,50.898315,12.496634,1,53.548036,12.712733,295.00302,5.2069755,0.6883515,0.036985338,0.6810992,0.7282858,308.34027
33cfd6f159004228a87b584177f9cb42.jpg,0,52.0407,30.50996,0,53.021574,29.710862,121.72608,2.2177541,0.82218456,0.010392308,0.81249404,0.8628758,38.180813
33ee45ccc32c4847b18e8904eaf2b3d3.jpg,1,52.08898,13.800782,1,53.067468,13.2877,114.19231,14.801622,0.75326943,0.03554809,0.76128316,0.7457527,96.870285
34451a545ae6436094522677baeb1dd4.jpg,2,28.074514,-14.424764,2,28.070307,-14.420452,0.6307286,0.6307286,0.9043455,0.006494701,0.8852731,0.98063505,0.6307286
346c223646c24ca98d1b55af6e32acf5.jpg,1,51.375593,11.089958,7,45.430578,7.376267,715.4115,181.95644,0.6402134,0.016647816,0.6331015,0.7615628,797.5785
346dc99b7a9247ffb988617b72ceb2d2.jpg,3,62.539117,22.041555,3,62.435993,22.779096,39.581364,1.548694,0.89505243,0.044754148,0.8829651,0.9434018,39.581364
34956e92ea6c4deab6eb78cda1123fe8.jpg,11,41.759981,35.217465,11,39.352844,30.038543,512.76465,15.887779,0.7090971,0.034001827,0.66703844,0.8773315,512.76465
34a514b6f7a94ec390e37b011057b809.jpg,4,49.290472,1.47945,4,49.263229,1.544308,5.595916,5.595916,0.812225,0.08953929,0.8305283,0.7738737,539.9297
34db83d9e5ec4afabd05268e68f76ad0.jpg,9,50.976933,22.312752,9,51.589805,20.070908,170.15137,16.618298,0.70323414,0.0062226057,0.68234444,0.78679293,170.15137
34ea7c7277944fc6b30e92beb6fe2bbe.jpg,8,61.957627,13.011371,8,62.02595,12.972693,7.861052,0.38935834,0.8918966,0.02366662,0.87948465,0.94154435,7.861052
34f908380113444f9d23724697c26787.jpg,5,54.277397,-2.764489,5,54.28438,-2.767693,0.80385035,0.80385035,0.77424955,0.077277064,0.75808036,0.83892626,0.80385035
353e35f668b648859c4faad165397a97.jpg,8,61.847824,6.37821,8,60.082473,9.846815,271.1753,0.4045955,0.7384202,0.0025980473,0.7114605,0.8697528,15.621202
356230f216aa4f65a207d97676238e3a.jpg,10,57.251732,17.013225,10,59.867246,17.837756,294.7319,82.91033,0.6956667,0.0013824105,0.70233476,0.8063091,280.37906
3570f8ba997047d19831e4eec0b1dec4.jpg,0,52.979181,26.881763,0,54.493287,30.028954,266.77744,2.0577304,0.89994705,0.015348494,0.89007604,0.9671612,116.00805
358e44cea1ad402094f9a1bc1bac1a6e.jpg,3,62.666242,25.742619,3,61.800039,24.439971,117.59923,12.872793,0.71381915,0.010293186,0.6923944,0.80535203,111.49402
3598520c6d8f49bf8172785e0fd57e23.jpg,1,51.551537,8.737811,5,56.521364,-3.221892,954.6305,121.63712,0.7059847,0.008530557,0.7036929,0.7575505,541.2512
35aac1a9a3294a27b9e5fa915cfada60.jpg,1,52.475422,13.828399,4,45.69699,5.178455,980.902,43.097202,0.70448345,0.019626379,0.7328208,0.7060126,916.9535
35b150e312e9463e8280da6e96bb0890.jpg,3,60.979188,23.63445,8,60.737006,10.2382,724.62885,27.60589,0.661382,0.00249058,0.6782327,0.696601,667.49097
35dfe69ab56b4902a9c321ff21ce94a3.jpg,4,48.47549,-4.579769,4,48.476178,-4.58356,0.28973666,0.28973666,0.8873917,0.03394121,0.8757617,0.9339116,0.28973666
35e90275e2e9419db173925f3a90bdf6.jpg,1,48.051635,12.119969,7,37.808312,12.444685,1139.3109,235.22502,0.60300165,0.0180884,0.5914049,0.72021645,812.20746
361d7bf480bc4c3d90af171398ca2d27.jpg,4,49.539075,-1.466038,4,44.439159,-1.126209,567.6694,175.82516,0.6607157,0.031790197,0.6315222,0.8397595,742.78125
3628046bebfb445fa81b1dd4de24f528.jpg,4,44.093315,-0.499746,9,52.880253,14.812698,1487.2412,368.8503,0.64736897,0.009476662,0.65152574,0.6619775,1634.5533
363873bd94144d3a95d1b63f34adf892.jpg,8,69.690788,29.576055,8,70.102049,28.635123,58.175404,7.688876,0.83370256,0.03876543,0.8095808,0.94233257,23.010172
369259f582c0418586f9ac0429f68f57.jpg,6,65.013299,-14.114524,6,65.012691,-14.12565,0.52694553,0.52694553,0.8743824,0.05154848,0.8576469,0.9413243,0.52694553
3696efd0486d454a9bc2eb81c0928260.jpg,1,50.451678,9.139756,4,48.585429,6.44637,284.3336,0.40649498,0.6642531,0.011753917,0.65293586,0.7100451,118.31614
36c1ae5b4fdc42cb9755245a53393ee5.jpg,1,48.019862,12.734615,1,51.854688,14.489142,444.48224,26.281693,0.6517876,0.02112782,0.67252755,0.716886,396.98822
36d31a08f10242a5b8a2bd3ab1708a65.jpg,0,54.511927,30.501918,0,54.473022,30.504516,4.329297,1.7062148,0.89588296,0.071742415,0.88768613,0.92867005,4.329297
36e465dbafe74ed983076d9d04763a7a.jpg,6,65.522619,-19.833164,6,65.534,-19.895781,3.1496735,3.1496735,0.8231131,0.023758113,0.7999085,0.9159313,3.1496735
36ede0714d5548b294b0ed3e1be886ed.jpg,3,64.005835,29.429391,3,64.054233,29.144659,14.872091,2.4264116,0.800109,0.0023726225,0.7938235,0.87084943,27.707888
36faa5f83e964fa5ac26edd87e2db374.jpg,3,62.851369,27.698972,7,40.956426,14.835434,2578.3447,2329.5383,0.6231421,0.0036547184,0.5868331,0.81577957,2810.5518
3728eb4b80514092ac647f770d633b44.jpg,7,37.56623,14.917226,7,37.43956,14.959847,14.578244,12.072654,0.81495476,0.0039098263,0.7901728,0.92888856,46.541336
37607e5fbc4140d1b5f2323f203df4ef.jpg,4,48.408696,-4.371644,1,53.385144,9.442847,1113.0408,302.27844,0.7104604,0.025104702,0.7351391,0.7238672,1901.4285
3763ab3dc6ee4b1b8765e27976c3198e.jpg,2,43.729027,-7.718543,2,43.728035,-7.716684,0.18568812,0.18568812,0.7451822,0.026805103,0.7246275,0.87088513,1.9016159
37641abfe31243c8b5ea2a5c25bad077.jpg,8,69.234997,19.336997,8,69.250589,17.954936,54.49138,0.20963538,0.70906925,0.001314342,0.6897909,0.7861825,54.49138
3770bb0e8a9f406fb3cc124200d0cfb5.jpg,5,53.878598,-2.77546,5,53.864711,-2.820451,3.3293684,3.3293684,0.63151246,0.007187605,0.65170556,0.6731665,1272.7599
377acd998ea647688ce9ac0d01f37299.jpg,9,53.426352,22.590535,9,53.392691,22.582994,3.7761645,3.7761645,0.7563776,0.075140834,0.77399373,0.7533163,445.62537
378c7a955f574de0ad6caed24296b300.jpg,6,63.483745,-20.176067,6,65.491433,-23.213946,266.40454,36.8882,0.739568,0.01236403,0.7482449,0.8015791,292.07404
379efd9ac6504b059d77ae5967a00ac3.jpg,9,50.349326,19.188116,1,52.632934,13.240766,483.53067,156.83467,0.5687872,0.029594243,0.55872,0.6983915,385.32202
379f2af394b44c0ab0e24525dc0b0804.jpg,8,61.801527,10.223131,8,70.162509,28.571518,1236.6943,32.79403,0.70512474,0.033807337,0.71894836,0.6987897,864.9889
37b4f6f825b04391bd5f9f8bdd526b66.jpg,0,55.528486,28.798667,0,55.527125,28.822805,1.5266951,1.0412709,0.8837423,0.051176727,0.86630774,0.96461296,30.675482
37d57266425c44efaafa9398b6a8bc74.jpg,11,39.342938,32.918283,11,39.446009,32.865233,12.334318,12.334318,0.8627306,0.07500398,0.85136795,0.9081813,12.334318
37e1519fc3e64e07ac8513000b3e55c0.jpg,7,41.712179,12.692136,5,51.831776,-2.985666,1634.2443,10.745817,0.69521904,0.035486758,0.6952981,0.792176,1800.5411
37ed19eb6fbb4e508934697db59c2576.jpg,2,39.719718,2.886209,4,48.546943,-4.505528,1143.9213,228.98506,0.71252406,0.031356573,0.6630945,0.9197391,1152.4786
37f68dd24ec1488fa9f7a74e533326ae.jpg,1,51.317257,13.623711,7,45.120061,11.729516,703.17694,425.0046,0.7585812,0.0180462,0.74309635,0.82052046,703.17694
37f89b4740e5447f9f94abb8892525b5.jpg,11,40.696665,36.360976,11,40.581937,35.651773,61.185356,4.829771,0.7443882,0.0125489235,0.73847985,0.8428129,604.6727
383433b087624c2db0e71effd285246e.jpg,1,47.830898,10.29488,1,47.839285,10.278374,1.545198,1.545198,0.74539125,0.049732745,0.74758404,0.76162493,167.68027
3839e87d9b134206a55bd5fbfa313a26.jpg,8,62.331679,7.51906,8,62.434281,7.898411,22.638727,0.56100565,0.68198526,0.0122689605,0.68442273,0.7102848,1572.4012
3860d93fb0f046bf847dc98ae8b1fc9a.jpg,2,43.654934,-7.598379,2,43.633525,-7.601127,2.3908226,0.18984784,0.66490185,6.9618225e-05,0.64836454,0.7833742,90.77061
386209f926f145649276f752f982e763.jpg,4,48.258588,-4.621273,4,48.149411,-4.235565,31.055641,8.7652,0.7239809,0.023727775,0.7201172,0.74330056,40.836037
3876b87ff4c643a6a89d4966ba68d5c0.jpg,6,64.936459,-22.901872,6,64.839332,-22.576228,18.782711,3.129676,0.8539066,0.012368143,0.8320876,0.9516038,47.8838
387f94b7227449d7b6b104fabb9b9982.jpg,6,65.555348,-20.656337,6,65.572723,-20.654239,1.9344233,1.9344233,0.8961152,0.010495067,0.88026994,0.959496,1.9344233
389f6a01f09f4fe48f0875d1bd7c142d.jpg,2,40.377346,-1.11557,2,40.17504,-0.869698,30.677685,30.677685,0.8386825,0.026417434,0.8232572,0.90038353,30.677685
38b074750cc64304adfdc54ca297e7fd.jpg,4,49.079918,6.059378,4,44.184349,3.435827,579.957,21.68072,0.7294313,0.046263933,0.7105299,0.80503666,579.957
38c4ac8828894c7dabbd4431b3b60b8e.jpg,0,54.41224,26.048687,0,55.06955,27.385304,112.70554,4.529379,0.77793205,0.015636027,0.7455392,0.91592854,149.13112
38e715a3d69b48d8814f25c936a7c5f5.jpg,11,36.76281,28.921411,11,41.485609,31.834918,582.0979,108.506996,0.70412135,0.021994114,0.69225043,0.7703848,635.5788
3924d254a72c447d9a2e92ec8428f62a.jpg,9,50.474981,18.337896,9,51.644384,16.925847,163.23198,11.047609,0.73017824,0.024979591,0.7400331,0.74300957,26.001589
398fdc84fe8c4a9f92051e64adec1645.jpg,9,53.089796,14.485743,9,53.092148,14.501921,1.1115365,1.1115365,0.7964087,0.032781243,0.7996495,0.83470786,400.5177
39a36cf8ad88496f8a379ba5be60833e.jpg,1,53.405743,11.598151,1,53.991302,10.141287,115.917305,6.6678185,0.8170102,0.03493619,0.8155985,0.8867394,6.6678185
39a37c3ac53440e3a8bfc04e8793fa20.jpg,6,64.900637,-23.934748,6,64.901411,-23.932289,0.14442793,0.14442793,0.92007935,0.028377354,0.9069845,0.9724586,0.14442793
39e409b30d74474fbc8de27c5b95aa4f.jpg,5,51.929847,-3.917791,5,51.852888,-5.100313,81.59906,45.47003,0.7747858,0.0046723485,0.7516291,0.88694084,80.8047
39edffa5aea34a87a31358f7edf6dae1.jpg,11,37.138737,44.336239,11,38.468944,42.465505,221.10384,0.70410424,0.7428285,0.009872794,0.7110096,0.8852502,192.23535
3a2122af5b5b4974846e54de501eb8a9.jpg,11,38.615044,27.668099,11,38.632394,27.666155,1.9366122,1.9366122,0.8869377,0.030674458,0.87113404,0.95015216,1.9366122
3a2b85b684ce42db9bc9ef494e85392f.jpg,7,44.588406,7.61681,7,44.455987,12.016259,349.05545,9.25955,0.74167013,0.004737854,0.71577907,0.8452343,349.05545
3a44efcab3ad4bfb8971fcdb8ed07f12.jpg,11,40.471631,43.327216,11,40.474542,43.326374,0.33143196,0.33143196,0.90349466,0.038687766,0.88797283,0.9655819,0.33143196
3a72cd7f3fae4d6097b9d205a9af822f.jpg,11,37.947871,32.533801,11,39.208583,33.072174,147.78955,8.787807,0.72375387,0.009580731,0.72866666,0.7914413,402.98065
3a77cc5462cd4e1c8941e5f97d912a4f.jpg,9,49.654955,21.269644,9,49.641643,21.339885,5.269277,5.269277,0.7593159,0.016902804,0.72922325,0.88362837,77.79295
3a86ae89b0ff443aaae58d5c74be1fa0.jpg,9,52.976343,16.32581,9,51.459902,14.943839,193.11414,38.018864,0.62907064,0.0076100826,0.6052413,0.7612243,193.05713
3a8cf6d45d194ebcb938cf7e68d885bb.jpg,0,53.454697,26.679343,10,67.844798,20.396218,1634.3292,11.3895035,0.7189068,0.05310327,0.7444463,0.7684003,100.28542
3abb4306dc024259a037ed1d420b0e06.jpg,2,43.168306,-3.44145,1,50.824073,11.423585,1408.335,348.37582,0.6214253,0.0045652986,0.6404126,0.63901484,1486.0194
3ac5f403dfae452aa8783595f2afd073.jpg,3,67.133101,24.022751,3,66.23329,28.855293,234.96956,32.49782,0.83129305,0.013196111,0.8096772,0.92592776,232.38661
3ac69f45fb5841389dcf6f99277c8f50.jpg,7,36.913522,14.442323,7,37.270902,14.949212,60.004128,0.9065248,0.71982765,0.02793461,0.7150684,0.7658528,41.808475
3aed9af5773e4956b96adbeefb5237c0.jpg,6,63.972086,-16.86272,6,63.97621,-16.863628,0.46070346,0.46070346,0.913586,0.018525243,0.8968972,0.9803411,0.46070346
3af40ae51ba54adf8ef4531cdaf57128.jpg,10,64.345682,15.702938,10,64.157467,16.037874,26.453148,1.3078648,0.88527286,0.015748978,0.86568993,0.96360433,26.453148
3af7b851f8624c1b85c010974185bf45.jpg,8,60.267544,5.441657,8,69.4412,25.023601,1364.9724,179.6038,0.70059556,0.009113252,0.6980922,0.81058323,783.2427
3b2f9c238e654455bb83b3ca3199c18c.jpg,7,46.593065,12.086592,8,60.258014,6.229936,1566.7417,143.81166,0.6061888,0.010333538,0.58813906,0.7164837,1569.369
3b581c3dceb646b2a59ec971cbcdc098.jpg,7,40.668206,16.703925,2,36.879965,-2.592287,1721.1157,625.70154,0.6801957,0.017145514,0.6856805,0.8199742,1337.1466
3b73cc942fcd4643b8630b85f67a8a81.jpg,7,45.356371,10.750228,7,40.792529,16.167957,671.3714,183.74886,0.76218355,0.019746304,0.72906065,0.91790545,687.9905
3b9676bc0f25446496b1c6e88b3bea9f.jpg,1,53.380435,9.685406,5,50.199853,-5.340589,1089.8447,617.0168,0.6740748,0.03938347,0.66306454,0.73136663,1015.88403
3bd0d6113dfb438880cbad9d6d12f238.jpg,9,53.729954,15.779017,1,48.831689,13.329756,570.59186,62.71439,0.70735085,0.03591758,0.6965019,0.7507464,570.59186
3bd7941aa3414198bd26b7ef5d5c128e.jpg,11,38.953184,35.586203,11,38.95388,35.593001,0.5929061,0.5929061,0.77651465,0.03944868,0.7903798,0.74984884,484.2928
3bf8f4d5f3d64087847e40223bde3c68.jpg,4,44.23671,0.59138,4,44.239722,0.59674,0.542683,0.542683,0.7445833,0.06984669,0.7515305,0.7584713,2166.0635
3c1100e8b0c844c7948b0386a93b1290.jpg,4,49.619285,1.521688,9,53.870583,14.615887,1015.79095,489.63577,0.7841848,0.010376811,0.7638435,0.87059987,1109.3206
3c298cc3607e4cf6b93544143d76d953.jpg,5,56.588056,-6.177545,5,56.595056,-6.141277,2.3529594,0.57501584,0.85126567,0.04029149,0.8320348,0.9281887,2.3529594
3c455ebc64c64e25b6cdf7e0f37d1ff2.jpg,9,49.775246,22.072855,9,52.560982,21.082013,317.36212,0.4676395,0.67586565,0.0008099079,0.6632589,0.74214697,235.48915
3c4d8402ce24423b9ddd39e5b62e00ff.jpg,0,55.77185,28.605137,0,55.774632,28.603931,0.31840777,0.31840777,0.8306456,0.0025513768,0.79744864,0.96343327,0.31840777
3c8e820ca98f4fa0ae56f1c491a0d89c.jpg,0,55.07434,26.87851,0,55.083012,26.87828,0.96439487,0.96439487,0.79836833,0.17108786,0.7941225,0.8153517,0.96439487
3cbc96d4b43d48a0ac9612e2805d4b09.jpg,11,38.47864,30.249796,11,38.977039,30.930378,80.97357,0.2874414,0.8271464,0.002517581,0.7999938,0.94293666,0.2874414
3cc42fced49743db81b51e38598baaad.jpg,6,63.684204,-18.359394,6,63.687219,-18.348212,0.6451356,0.10789477,0.95754844,0.033562005,0.954445,0.96996206,0.6451356
3cd7576b456b464ebf7d1682a73972c5.jpg,1,51.038639,10.443183,5,52.327509,1.494786,632.9,0.7899894,0.65553844,0.0046901107,0.64496493,0.7130168,240.68953
3cebe0d58f2b414bb7ee428b9c997c2d.jpg,10,64.151277,19.685873,10,64.151653,19.685822,0.041882344,0.041882344,0.8729634,0.09867686,0.8612562,0.9197925,0.041882344
3cfcde5290c549d5a4a32a38a14acd24.jpg,9,53.961078,15.11695,9,53.958856,15.121846,0.40452597,0.40452597,0.7186382,0.03500384,0.7094263,0.76337737,87.47236
3d0759ee5d8e406ea796f723c25ca356.jpg,2,42.725483,0.960231,8,60.220276,6.43698,1980.3286,532.7347,0.7502638,0.035824835,0.75010836,0.76065487,1980.4927
3d489fbdd97f44f19d4bc13bab8ce968.jpg,2,38.29099,-6.302999,2,37.622647,-0.78506,489.37967,14.90339,0.80758417,0.033557296,0.80080366,0.9331089,390.73294
3d5c235691ac479cac16eb4ea55775b4.jpg,3,64.284155,29.155867,3,64.278348,29.16094,0.690553,0.690553,0.8799276,0.033961594,0.8689705,0.92824715,6.5553365
3d773591511243f39940e32ae0fe656e.jpg,10,64.073764,14.077745,10,63.821629,14.39159,31.952082,10.422278,0.9044364,0.03196174,0.8924302,0.9524614,31.952082
3d7be63b8af844e59a9abed08911b6b8.jpg,7,43.473131,13.453769,7,43.314658,13.643625,23.363188,9.328388,0.7411771,0.047380447,0.7168311,0.86581355,26.0667
3d7bffdf0ec445849ef6a2670112156b.jpg,9,51.924201,18.982082,4,45.358459,0.098982,1561.3677,489.93375,0.6925692,0.013656735,0.662362,0.813398,1561.3677
3d8884e039dc45ca84d4bd4af9635e96.jpg,1,48.355179,12.397015,7,45.83152,12.600464,281.0405,9.446795,0.6911279,0.0026248693,0.6920887,0.7653209,476.60846
3d92bcb8c21e47b09fb087347d274a65.jpg,3,62.405718,30.088962,3,62.436761,30.030559,4.577617,4.577617,0.8505961,0.012824893,0.83780116,0.9017755,4.577617
3da036bf1da54487a50b25edd0a33b8a.jpg,4,47.119156,5.371658,7,45.268766,12.299719,571.3298,16.897612,0.72301656,0.016486943,0.73450845,0.80322975,376.97794
3db3b91f88794476b7c3e4f4bd88f8c8.jpg,11,39.945716,40.802781,11,39.781665,42.755866,167.6878,15.6790495,0.79533625,0.00043404102,0.7583125,0.94900596,106.63587
3dbfb79ef83f436cb95c40f89e11abe6.jpg,11,36.380153,33.937964,11,36.373725,33.941007,0.7649201,0.7649201,0.7781688,0.013210833,0.7738864,0.8260234,2.0877602
3ddefc3819f240ce90d5a12f9c783cd8.jpg,1,50.578327,10.936993,2,37.604184,-5.757007,1955.4164,537.8969,0.6655948,0.039392352,0.6624731,0.7087271,899.817
3e0bafe5481843908e5a9dcbb4cd313f.jpg,9,51.248668,18.540473,2,40.795479,-4.455789,2108.263,5.860026,0.7619832,0.009550989,0.76526433,0.8243212,98.32973
3e3498ed1f764294b40329feea0ca237.jpg,1,47.658689,10.740538,1,47.659986,10.740767,0.14523625,0.14523625,0.9493495,0.27598256,0.9469992,0.95875096,0.14523625
3e74b9b19fa24985bb3ff6db2caf68d2.jpg,5,55.947528,-4.578062,5,58.514496,-6.259057,302.8093,21.024818,0.6658082,0.0085577965,0.6654333,0.7556199,976.4127
3ebc43711d824779977557b95507bebf.jpg,4,44.732792,-1.079183,7,43.116177,11.723434,1039.8439,351.9599,0.6609602,0.01614958,0.65310186,0.69818825,1263.3324
3ebcaca0a13742b7b6064cdc5c795151.jpg,0,55.314532,29.494894,0,55.257495,29.787999,19.614073,2.8202329,0.9541882,0.008358955,0.94644165,0.98517454,19.614073
3edad4cdf5b84f23a8eb2b36bb8c6cad.jpg,10,58.6145,15.293063,7,40.593841,17.773062,2011.4226,1119.1938,0.6644226,0.031795442,0.6744539,0.7551442,1499.4796
3ee5112c10d2461cbc0da44868c3418a.jpg,1,53.608195,7.286373,1,54.686923,9.007493,164.16196,7.0001435,0.71610194,0.013987243,0.7067887,0.8046435,460.93008
3f1a9cde015b41d685f867c1e923f6ad.jpg,6,65.432057,-21.889582,6,65.242388,-21.769507,21.81373,6.7190366,0.7961893,0.0127424,0.76161546,0.9357153,17.243887
3f513374635445a2a137b287f4329342.jpg,9,49.888544,20.051033,11,41.289535,27.606488,1121.1481,314.85706,0.60330164,0.0023320913,0.619012,0.6625294,1445.6465
3f56cd6dd0644dc6bed302e32c987aaf.jpg,7,40.556778,9.676255,7,40.598532,9.694532,4.892712,1.6625059,0.8580469,0.014456749,0.8343874,0.96036756,53.419434
3f6a3da0691f448e954f324eb9ea9f25.jpg,0,53.612217,26.177462,0,53.631027,31.548626,354.1583,7.224646,0.7434887,0.022914529,0.73702824,0.8180898,223.38216
3f7b50a5a2ac48ee9f5c3448cf75eae5.jpg,4,45.079301,0.061473,1,54.060049,10.145483,1232.7502,714.32526,0.6820093,0.0131697655,0.67156994,0.75980914,1233.9521
3f8af61e7d61435db83c481839eea5ae.jpg,5,56.20383,-3.12925,1,50.158089,6.643577,934.2838,775.5818,0.6735363,0.0006235838,0.65219235,0.8138428,956.6554
3fa67db005e34a55bf89b44ad8a0900a.jpg,7,42.396003,14.334747,2,40.448122,-0.219346,1231.1005,20.493979,0.6858573,0.003817618,0.68065464,0.8186549,308.036
3fb3f1190c7c4056a7a71911fcce0a20.jpg,10,60.383603,13.294023,10,60.221507,13.473628,20.561314,18.526655,0.6936647,0.010783434,0.6896819,0.75073236,554.7462
3fbd0844d47b45a2b51f57031ffbf2fc.jpg,8,59.711911,6.549526,5,50.433565,-4.571904,1247.7257,265.24612,0.67047805,0.026613653,0.68618107,0.70492345,678.57446
3fe68ef606bd4a3e96d72006b5013f18.jpg,8,68.42661,14.668645,8,68.416129,14.678166,1.2287567,1.2287567,0.8645247,0.01588738,0.842848,0.9672371,85.49421
3ff21f6bdd17444ea66145e3c924d0e8.jpg,8,67.297742,14.854269,8,67.298007,14.789943,2.7606854,2.7606854,0.7050483,0.01214546,0.6942386,0.8515627,517.4154
400338bc013e4091be6da8d33a701fe1.jpg,5,53.708658,-0.122285,5,54.517056,-5.548987,364.86038,10.104032,0.7659014,0.011897504,0.7362127,0.90461314,419.67343
400b1f77ceab4c85b5fcbab85c07b24b.jpg,2,38.591771,-1.689358,11,36.330829,33.661533,3111.0537,241.10344,0.68381584,0.006380439,0.6629497,0.7855176,3087.3384
402a80a5760d4463ae8fe8b65a6d9750.jpg,7,40.64124,8.367372,7,40.637793,8.811133,37.44528,3.5906174,0.86947834,0.004114449,0.8507966,0.94696,44.858707
404299ba681c494c98841c605cf26f6b.jpg,1,50.38475,6.735052,10,56.808036,14.415889,874.6681,9.05962,0.5988362,0.01896578,0.59798574,0.6657404,1100.9127
405df5e71b4a4d77a29a22e2cf4ac91b.jpg,5,55.440548,-2.435678,1,52.732333,12.287436,1004.1674,9.313312,0.7255865,0.013413966,0.74582416,0.7205821,25.361126
40687b3c8fcf446e88e36b3e75daeb4e.jpg,0,53.138475,24.304861,0,53.13568,24.258322,3.1199586,3.1199586,0.76870745,0.14235222,0.77481997,0.7976395,412.51627
408024e484e74a7683a4b42df3305fd3.jpg,10,58.533458,11.5742,8,62.02595,12.972693,395.9023,95.15028,0.6699609,0.01210922,0.64359504,0.7861817,384.63644
408194b16195447fb1b0f877cf8c34ea.jpg,2,28.397363,-13.87153,2,28.396482,-13.870392,0.14828187,0.14828187,0.61840177,0.01662302,0.6156487,0.7822552,3116.742
40ab6aee2c1a422380b4e54651e20fd3.jpg,10,59.820785,15.614007,10,60.065633,16.139518,39.972546,15.400834,0.80750644,0.025200307,0.7903162,0.8771869,54.496162
40b8ef040ccc41dba253eafd5f72da11.jpg,9,51.85543,21.38546,9,51.578738,21.78193,41.14101,4.9127216,0.77380383,0.049461067,0.76405597,0.8127953,41.14101
40bac880c69142fb82430e785d24f73e.jpg,5,56.589019,-6.165753,5,56.595056,-6.141277,1.6419975,1.2908952,0.82827073,0.03762585,0.8080487,0.94480574,321.87405
40cd59db01a34983813b0548418d6ce7.jpg,5,54.261687,-7.779656,5,54.466247,-5.964945,119.74451,31.28704,0.7189772,0.0031135082,0.67957354,0.8940555,119.00546
40d22cdca4fa46b498425e60005c31b4.jpg,3,60.996162,21.981878,3,61.27953,22.096408,32.103176,6.7443676,0.8278275,6.5386295e-05,0.80130357,0.93458176,53.102005
40e6419049c742b1a13ad79ee1708e6d.jpg,11,38.248852,41.02359,11,38.263719,40.958063,5.9555798,0.115041845,0.83376646,0.0045884848,0.8198793,0.92042136,0.115041845
411c3f4d5d0d4ae2b142402177f14244.jpg,3,63.165724,28.086182,3,63.17401,28.478785,19.725285,19.725285,0.74496895,0.08574736,0.7342434,0.78787124,19.725285
4128a7d6c1924516ace06c456a88ae50.jpg,2,39.861441,3.19788,8,60.817826,5.821557,2337.2256,213.01497,0.5401935,9.328127e-05,0.52817976,0.70491004,935.4902
417d0df3cc8f4a11af2df487b294e316.jpg,7,43.891483,10.520337,4,45.197348,0.158143,833.3262,163.11758,0.6412801,0.036334097,0.64840615,0.70148325,948.87036
4199e165aaf441d3b91b6db8fea6da12.jpg,0,52.083983,27.563951,0,54.261009,28.668641,253.01595,7.9018564,0.8999754,0.01591897,0.8854958,0.9578941,253.01595
41b3ce157ae84b48bad7fcfc0d2b5bc9.jpg,6,63.839884,-22.427676,6,63.850377,-22.440329,1.3213549,0.5361984,0.7866326,0.04927063,0.7700558,0.8529398,1.3213549
41cf026db8b94f68959099625888bab4.jpg,3,67.826049,24.829041,3,67.814461,24.792823,1.992927,1.9795343,0.9093461,0.057594955,0.89452237,0.96864116,1.992927
41decc09a5334b6f889df0fcb344f3dc.jpg,3,64.004789,27.422327,3,64.005952,27.423579,0.14299186,0.14299186,0.83737886,0.020743966,0.8230134,0.9171608,1.5628228
41df8bc7702f492aa9839ca4c99a5167.jpg,6,65.861742,-17.495107,6,65.851187,-17.489915,1.1971838,1.1971838,0.82185674,0.026044488,0.806418,0.88361186,1.1971838
41fb5f7ad0e44875ade13301ef9e1196.jpg,0,53.870872,29.21401,0,53.724558,32.05704,187.4136,50.15606,0.8309654,0.011241555,0.8042348,0.9690575,185.34448
420b02b4f9924f94a5b78e4be014116d.jpg,0,55.167441,30.312024,0,55.16685,30.316846,0.31323043,0.31323043,0.88031346,0.199902,0.8788383,0.886214,0.31323043
4220e4d08941478593470087efdc58cb.jpg,3,67.628428,24.204299,3,67.628723,24.204512,0.03401869,0.03401869,0.8765948,0.031710267,0.87114644,0.92563677,5.153686
4224de4f082e494a9774871b005b5011.jpg,3,64.407709,25.827226,3,64.657272,25.61598,29.531162,0.46650964,0.8965196,0.0038567185,0.8790257,0.97904646,24.152603
425a9b210a3c40659a4d45a5c28c6929.jpg,11,37.506818,41.44583,11,38.252436,41.018467,90.99844,8.98597,0.80330753,0.027750134,0.79719007,0.8796141,220.51405
42a3d5bcf9c3435f94bb82e6bed91692.jpg,1,49.276041,8.463965,7,44.124608,10.006682,584.7352,219.11028,0.6451984,0.009113729,0.62933356,0.7698408,419.6957
42bc1af66b5d454f86da0a685c5f93d4.jpg,4,45.124963,4.177179,9,53.147455,19.187651,1405.2134,954.7896,0.68154037,0.010043979,0.63218045,0.8789797,1405.2134
42c908f2017f4e338eab2ecfc0323fd5.jpg,7,45.746048,12.202128,7,45.74436,12.218655,1.2961172,1.2961172,0.73549026,0.036735475,0.73057014,0.812694,263.98972
42c9e43285c448dabcb5d4e00f05368a.jpg,5,57.267736,-3.458337,5,57.263073,-3.666012,12.497952,6.947003,0.6910391,0.011576235,0.6932175,0.77063227,12.551558
42e1f211711d4fc58ad166c8368081eb.jpg,11,40.990047,39.802249,11,40.990886,39.798832,0.30158833,0.30158833,0.85232496,0.110375166,0.8356549,0.91900486,0.30158833
42f2d7b445e44eb995137c62f23d1571.jpg,3,61.09517,25.178308,3,63.02861,29.701861,318.86246,11.830939,0.8023848,0.0040875673,0.7924806,0.9048715,380.6241
42fc0ed08cac40678d1a41f4929fd404.jpg,5,57.747867,-5.631429,5,58.50259,-6.264269,91.77929,7.0509143,0.7170013,0.007814527,0.6981159,0.80394274,90.34615
42fce5a21c4d491a8ae78535e65e9732.jpg,7,44.093478,8.052919,11,40.348342,37.858847,2475.5059,134.67653,0.58621794,0.00069493055,0.59979796,0.6490613,1035.5527
4309c247133544b1b6bbb2fdd9705247.jpg,7,39.040277,8.424858,7,39.046161,8.424981,0.6543581,0.6543581,0.79737794,0.01724708,0.770349,0.9054936,0.6543581
433ee5299c194834b53ae022b8d831cd.jpg,2,42.78306,-8.467047,11,38.54303,36.454291,3773.2107,1415.0737,0.5437495,0.0028880239,0.51856714,0.6986889,2103.2017
4341895ca1fb4feb995fb10d0dd332a2.jpg,5,50.395363,-4.92397,5,50.373914,-4.958151,3.400234,3.400234,0.6414408,0.03235793,0.6695525,0.6948205,494.37686
435964c0279a43378b9a1eb2954951ee.jpg,9,49.671829,21.483944,9,49.970286,20.305502,90.82123,77.72321,0.6205492,0.012544036,0.6075156,0.7639873,605.93805
435ea6d31809481a8677b9fa9ae3e93b.jpg,6,65.654048,-19.568319,6,65.649881,-19.552607,0.85645264,0.85645264,0.89560944,0.0034311414,0.8866861,0.9635834,17.682146
437fb30cb9fb45a486fc99de66abaea2.jpg,10,65.804743,23.151,10,65.804288,23.149873,0.07209513,0.07209513,0.75281215,0.0014336705,0.73597383,0.831839,4.3247113
4387a3d31ee44d75a34b0e9e2ca133a5.jpg,5,52.627365,-0.269235,5,50.022582,-5.247881,451.0064,10.386327,0.836578,0.023620963,0.8160938,0.932806,450.91895
438fc918d7a742c380c6d7e370ea2edf.jpg,10,60.351208,18.205365,10,59.595855,17.129667,103.13333,45.676773,0.7142658,0.0086349845,0.7001133,0.82063067,115.62362
439966e5f4764efd87aee2607b3f2f7d.jpg,10,59.252049,12.931398,10,65.600684,18.125367,754.25476,71.776306,0.85063607,0.00806433,0.8392056,0.92101955,441.505
43c85225f2404278ae54c43f1acd7bfb.jpg,10,62.157733,17.449426,10,62.157194,17.448195,0.08763029,0.08763029,0.78113925,0.059056222,0.75638163,0.8801694,0.08763029
43d290974cef4c2bafe0d623f44ee2f4.jpg,3,62.506848,25.686576,9,50.082249,22.375839,1396.1187,18.391634,0.6780785,0.004707873,0.66155523,0.7870896,157.43579
43ffd39193fd49b99d5195eef8eef40a.jpg,4,48.653212,1.963364,5,56.709477,-6.067294,1045.1208,19.912468,0.6956909,0.012619317,0.69139266,0.7435082,79.846085
441727e3878f4625a71d1ebebe84f484.jpg,2,38.409107,-1.565166,2,35.881251,-5.506237,448.28372,16.537348,0.73056865,0.01892823,0.7066207,0.86289066,452.68362
441acc01a81343fda84cffdca08c5d19.jpg,9,49.476253,19.672129,4,48.340432,5.404579,1048.7539,81.83824,0.642879,0.0048647523,0.6318935,0.73905635,1529.7158
44289fc632f54d468a5808d4c01a802b.jpg,0,55.827938,27.94152,0,55.61922,28.264955,30.803843,2.870522,0.7649369,0.05624628,0.7723093,0.7354475,30.803843
4471a91c201248bb913b1d312a04e7d1.jpg,8,62.717222,11.34993,8,64.246367,12.183871,174.9976,0.74425197,0.8221777,0.011675477,0.79069334,0.96586686,186.52054
4472581da8ad4fd79abaa2634652e0ac.jpg,0,51.907063,29.815212,0,51.920187,29.714205,7.0801506,0.33873087,0.8867998,0.06625605,0.88421917,0.9291338,45.23055
447513ec939e4d45b3efe2d331273b0b.jpg,7,40.912551,14.544998,4,49.512464,4.762281,1223.3229,3.6373234,0.7391159,0.016418397,0.7472271,0.8162426,374.1536
448f09644f12461cb5ef3e613de39e9a.jpg,6,63.895745,-16.612111,6,63.893207,-16.61787,0.39880374,0.39880374,0.7989455,0.04848373,0.7931489,0.82213193,0.39880374
449201e5385a4f7a8d25d5bce122853e.jpg,3,67.898402,23.954186,3,67.889171,23.996242,2.0373178,1.9773084,0.896488,0.031451225,0.89669853,0.8956459,2.0373178
44caa0e234db47b5adeac1a17f83f6c3.jpg,2,28.055729,-14.354486,2,40.242464,0.191044,1899.6769,1308.8008,0.65451914,0.013431728,0.67069614,0.648556,3471.8455
44d60e5ec4f64395a99253349224e382.jpg,7,38.859747,16.609788,11,39.34618,26.780973,878.85944,849.76337,0.6602166,0.0020918846,0.6185991,0.88497454,1620.9122
4524a7be7896482499627624ab70fbd2.jpg,8,69.093764,17.661971,8,69.081067,17.541947,4.9686017,4.537973,0.8070776,0.035030663,0.7806148,0.9129286,4.9686017
452ab9e07a7e4e11abb5572b7ef6f4d0.jpg,10,65.018048,20.193125,3,63.331846,25.607077,322.21017,101.39306,0.8112553,0.02832228,0.8051887,0.8669322,334.9278
452efff7a7434a59bb3d4ae35d95f0c3.jpg,5,58.546354,-4.674198,5,58.544871,-4.673834,0.16624936,0.045448396,0.8861262,0.01823306,0.8676327,0.9607886,0.045448396
4530115b30074d199bd4a3e44b0927fc.jpg,10,61.725978,17.30929,6,64.091349,-19.07027,1834.9341,354.2153,0.59699416,0.00722754,0.58073574,0.7641002,2788.3
459148b6fa824fcd8d0c6d94f03141bb.jpg,8,69.487119,19.251727,8,69.489595,19.251477,0.27549127,0.27549127,0.93017834,0.049036622,0.91665125,0.98428667,0.27549127
45b86a6a8887478c8d2e0823eab45d77.jpg,0,54.508769,30.127898,9,52.602289,21.496234,607.8093,22.209055,0.727612,0.013927996,0.69347703,0.8641519,607.8093
45b8f987527148ac805f971a3a51acc8.jpg,4,48.37847,-4.601458,4,44.483317,-1.075284,510.38394,2.4044378,0.6912025,0.0014051199,0.6632552,0.8088201,598.2897
45ba5786769f4688a0785fbbae9240dd.jpg,5,54.263745,-0.393683,5,54.263262,-0.392985,0.07028069,0.07028069,0.78352743,0.07748097,0.7676762,0.85547864,310.48267
45de143fdd5743da8ea79f8627c04153.jpg,10,65.462118,16.822604,10,65.321013,16.675509,17.104702,1.2309052,0.90961933,0.02255702,0.8964301,0.9623761,17.104702
45f4fe7c2fc44a769ebb4cdc5112f9d2.jpg,9,53.600136,21.043647,9,53.602058,21.045088,0.23391362,0.23391362,0.8372884,0.031949162,0.80323684,0.9734944,0.23391362
45f804ab719844b4a5d0be66c90e5962.jpg,4,48.554479,-4.656976,4,48.414704,-4.791487,18.43491,1.610624,0.8446344,0.008327603,0.82815826,0.910539,18.43491
463f96bd224b45d1847d986b3d2e6c94.jpg,4,50.599382,2.158705,4,43.630315,-0.931072,809.2389,25.306673,0.7437227,0.01643145,0.76142204,0.82613206,200.21474
4644dd05848c43efadeabf25efe9df2c.jpg,1,50.948551,8.83332,1,50.685391,11.480519,188.25107,12.176283,0.62493104,0.013384163,0.60810184,0.77522963,303.18164
464de76d89824b89805e347415e0c8a6.jpg,2,38.626391,-0.544308,2,39.5648,2.676283,296.85052,19.410582,0.7058334,0.03799033,0.68730116,0.80062485,167.12442
4694feb77bce421bbb866b3bb6bfb932.jpg,4,44.887437,-0.667241,4,44.881332,-0.662645,0.76938045,0.76938045,0.868122,0.22650272,0.85193384,0.93287444,0.76938045
46ac073844e045f1971766b5273daa6d.jpg,2,28.368709,-16.849223,7,41.166497,16.732165,3353.909,64.95902,0.6947549,0.015038967,0.677577,0.80675775,3049.749
46b2e1de02ad4449895020701dfce516.jpg,8,68.842188,18.268426,8,69.081363,17.978113,29.010212,2.248835,0.828176,0.03118372,0.8129016,0.9100385,11.855173
46dc094e29434527a8d565eb049d4bd7.jpg,1,48.534154,10.206352,1,48.713101,13.142827,216.73318,10.684665,0.6771724,0.05563456,0.66811085,0.73403484,182.77876
46ecd255788c406bb5fb2b0525498655.jpg,6,63.51754,-18.479927,6,63.520162,-18.47688,0.32837135,0.03588886,0.9663573,0.0038078427,0.9635722,0.98701966,0.41222203
472168a1177a4a2ebd3d6fb52b018152.jpg,0,54.400628,26.096383,9,52.71076,21.374986,363.99078,197.9201,0.64724815,0.03744185,0.63137877,0.7176459,593.0638
473622b2912c4d3ab2520aa6c8dea222.jpg,11,37.226503,39.637939,11,37.226793,39.642362,0.3929331,0.3929331,0.92569286,0.065331995,0.91197634,0.9805589,0.3929331
473648cecb804f679d810fe4145d0108.jpg,4,49.646897,-1.244611,1,52.733323,12.065867,987.27893,1.518357,0.70846975,0.024927974,0.7299044,0.7258147,567.0356
477184d5b8e742849af6d7831725ce3b.jpg,10,64.377302,15.644258,10,64.066429,19.83367,205.47734,6.9349256,0.85835874,0.0040605664,0.84895027,0.92293286,34.59122
47a38cdfe6dc46e18c28a0b430e93460.jpg,2,41.254274,-3.897115,2,41.133848,-4.088747,20.89047,6.521398,0.81853956,0.013819516,0.7952947,0.9117193,47.71776
47c636b90903435ebdc2b06fd330d419.jpg,6,66.020685,-23.378411,6,65.740456,-22.046593,68.06542,15.510954,0.90376973,0.001886785,0.8880287,0.9781076,19.902927
4804822430614f1691cfc3c601ee106a.jpg,7,40.532443,16.458766,7,40.52729,16.464582,0.75493747,0.75493747,0.8074069,0.043504834,0.7903636,0.87558,0.75493747
481ac66838a4403d968b2218ca4a0d52.jpg,7,38.650818,8.262431,7,38.651099,8.350504,7.6482787,0.43975914,0.7879238,0.008944988,0.7830696,0.8715509,1.5127727
481aee8c22e44169a35e8530da85c156.jpg,8,68.122873,13.370794,8,69.376497,24.057266,451.99603,0.2340477,0.7221024,0.00085145235,0.71942955,0.83069324,0.98008
4827d63ee5584a5683b582f6a69f8694.jpg,3,61.496873,24.624596,3,61.486386,24.670022,2.6780558,2.6780558,0.7769376,0.011376739,0.7487724,0.88959837,2.6780558
48283a5942ff4050a185118676a813fb.jpg,1,51.224737,11.970631,8,58.625675,5.746338,913.1041,351.5232,0.6460245,0.006911576,0.6460165,0.86733323,901.82416
48392bf0408f43e7abb8fab1704bdddb.jpg,7,46.48805,10.280229,7,46.085522,10.342558,45.014645,26.0767,0.7034006,0.008713543,0.6781868,0.80587053,108.81614
483f13ef218c4b35aee069d916a485b7.jpg,10,57.315579,12.422665,6,63.69813,-20.208479,1896.2112,218.87253,0.6155276,0.0018667579,0.6228386,0.68755865,1970.1404
4857229e796546a3850e544fc64ec179.jpg,4,48.316771,6.495734,9,52.693814,21.751113,1180.5449,557.7752,0.6657719,0.009477675,0.64117223,0.7794021,1046.4255
486ea24ae5654234918e8e1c4727c9e2.jpg,10,66.674849,20.165057,10,66.676505,20.164274,0.18733804,0.18733804,0.9423783,0.023605108,0.9359633,0.9680381,0.18733804
48798a569c744d9194200147fd85e2e6.jpg,8,69.205414,23.619852,8,69.20478,23.716327,3.809186,1.2474953,0.85081244,0.006371379,0.822014,0.97897923,30.25972
48c73efbeaf64b648bfa335af4142cc4.jpg,3,65.480003,25.344841,3,65.48287,25.341775,0.34878004,0.34878004,0.8910079,0.082490206,0.88561314,0.9125866,0.34878004
48cd2aca6b8940dc9c917b5462e7be08.jpg,4,44.687391,-0.537311,4,44.715829,-0.56003,3.6364095,0.38497466,0.7876345,0.03214252,0.7856721,0.79548395,3.6364095
48d033aa12994159be0c23b39a260438.jpg,8,60.354723,5.242916,5,56.626356,-2.525955,612.2428,1.0171645,0.6486943,0.018307686,0.64708877,0.7863403,291.20465
48ed1e0e8ca34d3f813ad8410845aba5.jpg,5,54.595621,-5.686439,5,54.655349,-5.675576,6.678172,0.64094,0.6928825,0.013915122,0.71694624,0.7106816,279.24017
48ef3e9fad6144be84eb884a97d3d1f0.jpg,7,37.729188,14.831812,7,37.664873,14.859964,7.5683045,7.5683045,0.82534355,0.052740812,0.8017128,0.91986656,7.5683045
49023824bfd84b088d913bac84be700d.jpg,10,64.182535,17.452505,10,65.239386,18.82696,134.42746,74.99318,0.6835321,0.015168488,0.69996643,0.7241811,649.68115
49063b9efb884d7b8d9d72dc9942f4f6.jpg,3,64.71005,28.459498,3,64.778826,28.301374,10.712655,2.7245884,0.8279393,0.008797765,0.8142728,0.90392625,2.7245884
4908568c950a4f1fa251bed9ac95b121.jpg,1,50.16294,8.021961,0,52.270312,29.320298,1496.2103,945.75305,0.6811784,0.00079506636,0.66513824,0.7799843,1502.9108
491c2def07ed44efb1c456f9485d1b38.jpg,7,43.684268,10.557372,9,52.165235,22.743178,1305.7626,6.620374,0.61973447,0.012650192,0.64355344,0.6516538,591.02203
4923a89129d34ec5a34b2f9351e28371.jpg,11,40.100987,31.035593,11,39.713357,27.801312,279.2018,43.584904,0.65779096,0.029603481,0.6627235,0.6732953,1200.8904
4948cc6bcee4437b80e8e9443937ef8b.jpg,9,52.746049,19.235066,0,53.902245,28.001327,595.82153,47.94969,0.69274443,0.012754977,0.6585026,0.8297119,595.82153
49666edf299a45eabac82e7be5b918b0.jpg,3,64.59372,29.681802,3,64.594594,29.682092,0.098164245,0.098164245,0.904589,0.05271125,0.88903296,0.96681297,0.098164245
49b2355f194d455b929ffcc6c155a552.jpg,8,67.102071,15.470053,8,67.069381,15.382024,5.2666683,0.060661066,0.8572043,0.004423082,0.8300456,0.96583927,5.2666683
49b65c91ac5d419e8ba080a6a7f565ce.jpg,9,52.944761,20.487399,9,52.964016,20.474304,2.3138003,2.3138003,0.8604791,0.0629766,0.8432675,0.92932546,2.3138003
49ba82e66f9442c6ade7c8b5daad6ad9.jpg,1,53.98442,10.071185,1,51.942696,14.036866,349.31732,9.70962,0.71891505,0.0021541715,0.70648754,0.7911177,365.5858
49c13131a83547998668a05635718801.jpg,10,64.353747,21.104445,10,58.024496,13.000754,825.5603,9.161481,0.6950861,0.000600338,0.6888833,0.7585489,427.3532
49c847324c2a43548590a30f4cdb93e9.jpg,10,66.038811,21.04479,10,66.483439,20.280697,60.11767,2.5514667,0.8906532,0.0011373758,0.8842499,0.94946456,17.48905
49ef73ac9eeb4be08f94fbd622271e7b.jpg,0,54.007957,28.166794,0,54.365033,29.165801,76.16738,23.814741,0.8280698,0.035143495,0.82653123,0.83422405,76.16738
49f22f4da50341f78cfe428608941cf4.jpg,3,62.665652,22.447857,3,62.637052,22.430047,3.307759,3.307759,0.70715874,0.072975576,0.70658195,0.745506,1377.0098
49f514a662024414bb91f1a51b273443.jpg,5,50.200644,-5.339589,11,40.854263,38.866651,3539.2012,6.613139,0.64434075,0.027817428,0.6366764,0.6926219,18.724642
49f75f8e7c094d98bbf478a8f7eb4606.jpg,5,50.455302,-4.728684,5,50.530964,-4.697898,8.690531,1.417934,0.7596267,0.005527258,0.75493276,0.81975985,38.455315
4a08c1fa8533450484855060e6b41ee3.jpg,11,37.022185,30.176414,11,36.996556,30.16285,3.09387,3.09387,0.79277486,0.057242215,0.7555896,0.9415158,3.09387
4a0d8378f5974233bd0bf4252c80789c.jpg,0,55.842148,28.608072,0,55.862421,28.605279,2.2609887,0.26345766,0.88621783,0.004740119,0.86887187,0.9685398,0.26345766
4a1fbf593551403487a03e909e4ead76.jpg,8,68.467435,22.423452,3,67.925353,23.866442,84.76066,3.6682367,0.7073252,0.013098538,0.7005125,0.75141764,87.493805
4a2f5a08ca8546db8ed45634b434cc64.jpg,5,55.566601,-3.394363,5,57.476405,-3.31996,212.4098,14.20397,0.7570938,0.015434444,0.72499746,0.9166176,99.903725
4a3208e471eb4195b0726bb9d0812a1f.jpg,4,47.628645,-1.864753,4,47.628623,-1.862795,0.14674911,0.14674911,0.63736284,0.015988588,0.6587249,0.66957474,1604.7506
4aa234b127914c9cad80b7d2c8887c40.jpg,10,64.402499,15.642567,10,64.31727,15.727648,10.32343,0.29445475,0.884446,0.0075650215,0.86133313,0.9768973,10.32343
4ab119e3ca5d4f49a670def065888d81.jpg,10,59.461055,17.007971,1,54.503088,9.043323,731.6943,137.25447,0.7233391,0.029396296,0.7329501,0.68489504,731.6943
4ab2c587856b4487ab1f1abb8078b4b5.jpg,1,50.042922,9.331095,1,50.05904,9.307823,2.44398,2.44398,0.78029186,0.122176945,0.7600412,0.86129445,2.44398
4ab7b542c981460eaed88bd080e72ce9.jpg,7,40.609019,8.327648,7,40.655248,8.32896,5.1416297,0.433551,0.8629936,0.00611037,0.8445138,0.9594882,71.26923
4ace73e9ad7a483086e8eac4903a36d3.jpg,10,62.17306,17.157395,10,62.170708,17.158308,0.26579013,0.26579013,0.7808506,0.0009825826,0.75642896,0.87853706,0.26579013
4ad004538b2e4fbe952538306938c788.jpg,4,46.375004,5.971699,9,50.849987,20.273811,1160.6726,485.758,0.6883665,0.022957087,0.67061234,0.77015173,1164.2483
4aedd276966d4867be424ca45a2d3b60.jpg,11,41.442866,32.420501,11,41.823263,33.258729,81.49934,16.316723,0.8523451,0.06302297,0.834983,0.93289363,114.26218
4af5a65109914e95936fdadab5a1cb77.jpg,1,50.169099,8.807887,4,48.530023,-4.619672,988.156,16.006481,0.61634994,0.002890706,0.62260455,0.72299457,290.704
4b11fc3e19994444af4e929dfc44cdfa.jpg,3,63.330447,29.994058,3,63.33203,29.995646,0.19304101,0.19304101,0.8917093,0.030609906,0.8795482,0.95060647,19.783552
4b239e91a4b447e69ea2b93181e2ca4c.jpg,9,50.561307,20.209516,9,50.138131,19.0465,94.991844,42.768753,0.66690123,0.030682862,0.6898414,0.6658431,2370.216
4b23f7ec28cd47eaa896afb5cc39ff93.jpg,11,36.277184,33.474835,7,40.677043,17.463929,1474.5203,1379.2722,0.729517,0.026022911,0.70166916,0.8616343,2155.0679
4b71214227b34b8dbfb2b110f770052e.jpg,6,63.949013,-22.427366,2,40.684517,-4.620094,2833.2412,8.698689,0.6665232,0.009102583,0.67507845,0.7241335,4621.183
4b7362c646c14b13b26c6937fff9ad5a.jpg,4,43.504551,1.149117,7,45.952691,9.041908,679.956,155.83437,0.6313934,0.0027397275,0.6140729,0.77451,640.20605
4b8582d1963e4d11af8d82073d0ced49.jpg,5,56.438233,-5.26918,5,56.515266,-5.931793,41.58287,14.393205,0.75913346,0.025504947,0.73106605,0.87140274,41.58287
4bcff252abed4ab3a7c668f2f3a52646.jpg,1,51.491568,11.57866,7,41.166497,16.732165,1213.6,733.02936,0.73163605,0.015230119,0.70504427,0.8380031,1213.6
4c71dbc0b4154eeaa6456cf40be71902.jpg,8,64.607245,12.586425,8,64.609139,12.589056,0.24513523,0.24513523,0.89047104,0.012154341,0.8743944,0.9685807,32.440254
4c72a4aaba754925a3db77d024fb464b.jpg,0,52.064618,27.75813,0,54.513904,30.500189,327.6544,0.048068274,0.8610478,0.005055666,0.84766376,0.91694045,18.024635
4caaf8accba64648b30b5f9c20b119de.jpg,11,40.568817,36.033407,11,40.568607,36.038915,0.46582842,0.46582842,0.73825526,0.01312989,0.7482817,0.7626809,3099.2378
4cb45c988b3b4bdd9c3dcd4c9423c4d6.jpg,5,53.853535,-0.415425,5,53.606422,-0.67208,32.250103,3.4576347,0.667078,0.0038011074,0.6348705,0.79590786,32.250103
4d06b77001bc4f5d94de6c02cc5579cd.jpg,4,43.833669,-0.469146,4,43.776769,-0.945641,38.75818,14.064996,0.65518415,0.0048264265,0.664513,0.6927409,14.064996
4d2a6cfdb61e4fc89815de0272a4919b.jpg,6,64.716007,-14.324487,6,64.716473,-14.324796,0.053854838,0.053854838,0.97183764,0.034896493,0.96710366,0.9907733,0.053854838
4d3dc4ed08d54d97b229b9c315070e63.jpg,8,62.972573,7.306313,10,65.864086,16.448039,543.25555,12.94648,0.6542134,0.0067514777,0.66843796,0.68047667,510.74655
4da259ccb9c248d19c69f9be2f4ce27a.jpg,0,54.514199,25.782936,0,54.246893,26.328196,46.155254,5.1367173,0.85620165,0.018538892,0.83238256,0.9709533,15.939541
4deb8e697cfa4125a7657ba236040cd1.jpg,2,38.791971,-7.048533,2,37.335646,-5.949848,188.34431,48.138596,0.74781495,0.01347667,0.7300062,0.8867564,289.0538
4df8d1b16e4642f5956be8b4c89c505a.jpg,6,64.188529,-21.227998,8,69.60293,18.052288,1779.3618,1360.391,0.6708892,0.024211884,0.64307374,0.8787475,1716.5939
4e1227c3cf2341e6aca1555500ba4e9f.jpg,7,40.772062,8.85737,7,40.735743,8.820233,5.1082993,5.1082993,0.78685164,0.0054557323,0.76034915,0.91860867,39.29923
4e3dff2f495b4e359f668c7db7086d60.jpg,5,56.389328,-5.094769,5,56.424635,-4.834722,16.473549,15.727665,0.6904688,0.017980397,0.6916611,0.7059126,121.528496
4e4c3c5c64e6449baa097fee75d5643a.jpg,11,40.99108,37.875621,11,40.729999,39.637411,150.97632,0.25081313,0.628383,0.0046367645,0.58774173,0.79094803,150.97632
4e4f82ecf4404e219eca242ad734a7cd.jpg,11,39.903426,38.796714,11,39.568996,43.841361,432.9017,16.339998,0.76524794,0.0010873079,0.7235681,0.93196714,432.9017
4e6b188301e548eda7cfabfc952bed4b.jpg,7,46.158649,13.33613,1,53.356219,7.915865,889.40314,143.03227,0.69422823,0.031458497,0.6774166,0.7614747,889.40314
4e84ada1e5f548998c9fd37cd4ed42f7.jpg,1,48.754269,12.987729,4,48.789244,3.032109,729.0808,1.2851499,0.64944935,0.01060456,0.6384157,0.71946156,240.35898
4e8ebd2714694ef3a24ecb6cbaa4e788.jpg,11,38.446744,42.342086,11,38.45382,42.395646,4.730024,1.8980653,0.73595893,0.0147948265,0.72623515,0.84379625,579.0299
4e95ac4518214f6885615830e9790564.jpg,11,40.148921,25.929809,11,40.147015,25.932565,0.3158949,0.3158949,0.8575176,0.019178867,0.85061526,0.9000565,9.475653
4e977464ce3241bcb2c85b1d41d89093.jpg,6,63.979769,-18.779054,6,63.985002,-18.779825,0.58309776,0.58309776,0.83703935,0.03155434,0.81220156,0.9363903,0.58309776
4ebea882e4f64e70be4211049459051c.jpg,9,53.931246,22.399695,9,53.076853,22.148214,96.44894,3.3107498,0.73940796,0.015626192,0.7180392,0.84814954,6.8970833
4ed1ef6db4b346df94bb58f7a3f60b57.jpg,6,65.572453,-22.296899,6,65.615748,-22.514635,11.102096,3.576868,0.8936067,0.0076521635,0.8721173,0.9795644,11.102096
4edf4ec4758f40a59a98e1aad2154427.jpg,0,54.773036,28.184641,0,54.606572,27.904786,25.80958,4.5784836,0.76709044,0.038243413,0.74451494,0.8573923,25.80958
4f14825c3b104c0ca7398c66f8eef927.jpg,5,51.897599,-4.970636,9,50.299603,19.418888,1704.2306,0.87866646,0.6321658,0.011835873,0.6497445,0.7536346,1491.2725
4f18445c57494ad286b57b701b79ee07.jpg,8,69.30772,23.879711,8,69.304892,23.876597,0.33742648,0.06626051,0.9111762,0.018097281,0.8937718,0.98079365,0.33742648
4f2e0e875dc948918b4702577badc62a.jpg,7,38.481045,16.518357,7,38.650059,15.846778,61.33885,2.1968977,0.65162575,0.01657617,0.67616105,0.7614552,331.75107
4f516fa2690e43ceb15e0815ccd0395d.jpg,3,61.276248,23.472137,3,61.172788,23.217867,17.820969,3.0465302,0.7765336,0.013339579,0.74424666,0.90568125,17.820969
4f5dcaf1d3014dc3bdcd5a02916aea60.jpg,0,52.508711,30.817148,0,52.612886,30.85318,11.837049,3.2291753,0.87873983,0.011532724,0.8694398,0.91594005,11.837049
4f8a76c8703449f882a70fc4147db0ed.jpg,7,41.718807,14.698933,7,42.324351,12.214533,215.98003,32.95508,0.6577956,0.0016009212,0.63154685,0.7866435,463.46298
4fc7ac70ce494feab2b868b3d2f2628b.jpg,10,65.599353,19.14741,10,66.000502,19.792407,53.422573,6.801423,0.8181711,0.0064898133,0.81492794,0.83114344,53.422573
4fd0e4aeb450408690c86d54a2280a87.jpg,2,39.501628,-4.214675,2,38.839954,-4.690554,84.23857,7.2101226,0.8866049,0.024796546,0.8801129,0.912573,84.23857
4ff89b0525524252a0a9ee236d70b641.jpg,4,43.755638,6.219259,7,40.561074,17.33895,982.01227,19.02389,0.71937466,0.028788328,0.7331926,0.7760189,534.94464
5032e723b1ae44e7aeea10c615f9f840.jpg,7,40.21993,9.01629,7,40.269767,9.126023,10.837473,0.723516,0.79269063,0.017834961,0.7671336,0.8949188,10.837473
503a57fbe2b14b81b0293cbb0827525b.jpg,6,64.959747,-14.171955,6,64.118417,-20.625491,322.20157,4.3857427,0.7967452,0.0009499788,0.7688302,0.9381057,355.989
503e297ed4ec436489c3701117964902.jpg,9,51.770393,19.204202,1,54.694021,9.992826,693.2036,42.50533,0.682566,0.0011337996,0.6742983,0.76420254,741.19904
5066bd3bded7460bad77f1af6817610f.jpg,4,49.216169,-0.383786,9,50.668366,21.761074,1586.9062,10.648898,0.6272701,0.014086604,0.63191164,0.71616054,771.86835
506ec462589c420183b949f562f2584c.jpg,2,41.690568,-3.776182,2,41.762114,-3.893498,12.572916,12.572916,0.8970629,0.24029356,0.90438545,0.8677727,12.572916
5090849c05004fe087feb9fbe4f269b0.jpg,5,55.045468,-1.451735,5,51.430748,-0.556247,406.32367,166.86353,0.61219496,0.010360837,0.60184395,0.7152364,1299.091
50925c28edba4bec8c460b273fc5d225.jpg,7,38.217675,16.248982,7,40.967831,9.071465,686.5392,100.61131,0.71851623,0.018246114,0.67343676,0.9420934,666.7295
50b532144f8b49c399e1d00ca0204db1.jpg,6,65.761556,-21.752328,6,64.824301,-23.964661,146.38768,12.336792,0.8003859,0.0030118823,0.78499943,0.93669325,49.71627
50d7ad150bae4d688dff0aa74cceeab6.jpg,10,60.569152,12.690098,10,63.727183,20.087109,519.9741,77.270706,0.7239919,0.041823506,0.7036966,0.83766127,750.0836
50e472e8c51e427b9bc79d578ee93ce9.jpg,3,67.525319,27.939589,3,67.545593,27.918662,2.4233851,1.2165965,0.87182045,0.0069214106,0.8514717,0.96307766,2.5774565
5145f61964244a278251426c879b68b0.jpg,8,68.128985,13.385203,8,68.129661,13.385885,0.08030101,0.08030101,0.84470713,0.08930564,0.81497544,0.9636341,0.08030101
515dd87b42f04b488f0ec46d4d3749db.jpg,0,51.969796,30.447273,0,51.922898,30.420236,5.534303,5.534303,0.8179636,0.009779632,0.7873223,0.94052887,5.534303
517028db5ab442e4800ce745836436be.jpg,5,51.944389,-1.183564,5,51.874963,-0.972836,16.387459,2.4358597,0.7040701,0.0217762,0.66927385,0.8436638,292.00143
51821bd7091c445683dc5b2661036cfd.jpg,4,43.214925,6.498748,5,50.095049,-5.559013,1194.1965,282.8148,0.6373636,0.0026558638,0.6576781,0.69096863,320.87363
5192f5db60be437f99639839fb087066.jpg,10,63.404518,19.019493,10,63.587738,19.364633,26.615349,26.615349,0.78473604,0.008871198,0.76152515,0.8870067,259.53027
51a99e554d2547829fc1a117a6ca8661.jpg,9,49.52454,18.993086,4,43.665106,0.566328,1546.0504,866.20685,0.65564644,0.01358676,0.63798124,0.783063,972.1633
51ac622a683749e0ae1e62d35a6cef4e.jpg,4,43.634223,-0.934776,4,43.627323,-0.928263,0.92921376,0.52697146,0.8118734,0.042947948,0.7876148,0.90890765,0.92921376
51afe775b7a14d7dbafdedbfac82014f.jpg,5,52.553555,-2.913614,5,51.741735,-4.993446,168.1797,6.9883237,0.8305919,0.0236004,0.79974616,0.95397496,168.1797
51b2386e2aa34bc79516b8302955be07.jpg,1,51.627331,10.743465,3,64.042592,29.671213,1763.7715,747.4469,0.7333932,0.053818107,0.73185474,0.73954695,1763.7715
51ec1b0fac3040febc10839b327a0aff.jpg,0,54.026925,26.869174,0,53.582155,23.925059,199.53542,5.079992,0.79153955,0.016585112,0.7617043,0.9108804,199.53542
520272ed8bd84627bb91edb6316aae41.jpg,11,38.552681,28.61241,7,38.088568,12.753031,1382.7947,148.55777,0.6578294,0.003453374,0.6514905,0.8139365,1698.7526
52111cd279914947bee675c78501b5bb.jpg,7,41.930916,15.075948,7,42.035478,14.837423,22.888468,1.6042901,0.80385625,0.030351639,0.7906376,0.86530954,58.93454
521a53c42c0a427fa7c725acb67de59c.jpg,7,37.471197,14.035684,7,41.111653,9.441256,565.68726,565.68726,0.70331985,0.024753988,0.72564733,0.7597182,1437.6326
521af041d9ee43808604bec39a11560e.jpg,4,44.554741,1.100156,2,37.845897,-0.788254,762.4751,168.44695,0.74505866,0.06478202,0.7358446,0.78191483,762.4751
522c129725dc4802a486e5ab73e3a43c.jpg,10,65.052901,17.089881,10,64.679159,20.946116,186.77377,0.059846077,0.727999,0.0038579702,0.7279377,0.84544504,291.78683
523c8a5fe8654463931f705b3747b95b.jpg,2,28.498568,-16.206482,2,28.652656,-17.929139,169.08632,0.93062216,0.7543228,0.004229605,0.749698,0.7989088,1915.0533
524d029287604d00ad0e3da1d29e7cba.jpg,11,41.09496,42.819787,11,40.883534,43.009098,28.375614,2.3154666,0.8278621,0.021132529,0.80784786,0.9516483,53.41929
52abc630d71246d49162b184f35f1d1e.jpg,3,60.593473,27.977427,7,41.090086,9.234108,2516.5461,2174.8455,0.70100737,0.025595665,0.6910043,0.7790519,2596.3423
52bea8a29b07461e82768e7bd7ac4bc8.jpg,10,66.452131,22.54676,10,66.540744,22.366148,12.697896,12.697896,0.9079442,0.041484654,0.9015896,0.9333626,12.697896
52c44844da2f4d25bae8a42506b547a1.jpg,2,37.84299,-1.040445,7,40.664551,8.32778,864.9451,19.645483,0.73690236,0.013999939,0.72562957,0.82196987,928.9844
52c5bdbb209544ef9d4fbab2e9d4513d.jpg,5,50.439338,-4.932637,5,54.345099,-6.647312,449.58127,10.478431,0.6985476,0.0088739395,0.65515447,0.88376486,254.42673
52df4bfdfc79442fa235fa79e4363406.jpg,10,57.286316,18.385241,10,57.51573,18.373488,25.519423,14.601384,0.7194322,0.06208068,0.716786,0.7584207,32.0736
530f320e19a5466d84bc4ee6ed0c6355.jpg,9,53.438824,19.221802,7,42.66305,12.513669,1296.4244,358.38864,0.67722416,0.0014050007,0.6628488,0.8167275,1209.284
5321ffd22a2740e8bda1e42bc4725621.jpg,1,52.643084,13.756178,1,53.440619,9.945042,269.74127,6.4812565,0.80549884,0.049538672,0.80498075,0.85590035,108.63875
532d7d96767547019d44b955c1a905ca.jpg,0,55.674621,28.179766,0,53.119865,30.489643,320.9831,2.162447,0.8050276,0.007709503,0.79019445,0.907814,8.533929
53484e58a8ad4c47a781d86bc2fd2f7e.jpg,7,41.263957,13.744894,7,38.11415,14.700488,359.6538,25.908709,0.6127081,0.00039881468,0.57447124,0.81285286,250.92468
5370e9b8fd7a4fc185b1dd0b3851e8a6.jpg,9,51.820743,19.28101,9,52.321906,17.676167,123.03026,10.045472,0.64918816,0.025859952,0.6595935,0.7305051,17.56675
539e575bd42f404b971e38377ac10f78.jpg,7,37.045877,14.385193,7,40.820809,14.061276,420.6869,1.0586419,0.7317024,0.00053852797,0.7001723,0.8894069,30.015018
53a54e7a07ef46e19c0a1a91aa457af9.jpg,5,51.128059,-1.134947,1,50.662183,7.077611,578.01117,76.956795,0.65942883,0.00483644,0.64894605,0.75353456,479.55386
53ac9f35d368487ab2eeedf560ee59f8.jpg,10,58.070875,12.842856,6,64.238924,-21.349923,1929.6697,10.62688,0.6817407,0.0063695908,0.6601448,0.78546345,1887.8557
53d11cff7c814b4e8c0e78c0680a42a5.jpg,5,57.685429,-5.643552,5,55.792948,-3.213811,257.33478,2.8530076,0.72287315,0.002928257,0.7151646,0.863695,200.22302
53e8396281ab403cb3a7cd59e39065f2.jpg,5,58.502176,-4.815764,5,58.501682,-4.816372,0.065307155,0.065307155,0.82779914,0.010604262,0.8111011,0.9300793,1.0405043
53f8ec31ab2f41d2b2a7d782dd8699ae.jpg,6,65.352373,-14.956168,6,65.364323,-14.850339,5.0831785,0.9126741,0.9560623,0.003939271,0.94898975,0.9843524,5.0831785
54278207a86549b5a9fd41459ab61317.jpg,8,61.865314,6.273277,8,61.166661,7.444682,99.4661,0.20937638,0.7745586,0.0033172965,0.74360025,0.89839184,99.4661
542c9e88ee344371a84aa947787945c1.jpg,11,36.801284,28.817346,7,40.221418,18.098324,1006.3414,4.1533093,0.76015747,0.012329817,0.79620373,0.7844954,265.62253
543f041a613f472f9604adca358921fb.jpg,1,47.908264,11.335501,1,51.849653,6.657076,551.53064,43.181538,0.63170576,0.006043434,0.64677036,0.7104831,375.79584
54647b12b55045dab470e8d3ce36e39d.jpg,5,50.35077,-3.80685,5,54.419356,-3.080131,455.08044,45.313786,0.67865855,0.0025071502,0.6708552,0.8722275,298.1277
5496a2b8176d49089f78c41a02781261.jpg,11,36.642992,29.310465,11,36.632633,29.223868,7.812054,7.812054,0.8613559,0.1727714,0.8357132,0.96392673,7.812054
54dd57335463463c99cd72fdb0169038.jpg,3,62.583639,27.03097,3,62.434618,26.761369,21.588713,1.0995133,0.81370234,0.009305477,0.79602176,0.9078514,1.0995133
54ec5a494f004b0ead3ef9a9829f19d5.jpg,8,69.606652,18.305521,8,69.651206,18.529645,9.990086,0.9166441,0.7471362,0.04543817,0.71138215,0.8901521,9.990086
54f43909126243a5b2530e727ed04f09.jpg,7,42.812222,12.05325,4,41.65003,9.194713,268.4762,7.6176786,0.73351306,0.02283281,0.6897157,0.9087025,268.4762
54f684b34d38418780f09459233f8901.jpg,1,47.97772,9.295304,1,52.462526,6.776451,529.82587,38.09246,0.6748116,0.007062018,0.68240917,0.7589903,460.63254
553cd855e197464589460b15a5f8a590.jpg,6,64.824824,-23.536206,6,65.722925,-23.743884,100.33032,0.28725922,0.798256,0.0029414296,0.7801547,0.878253,104.16845
5543626640bb464b8b2a86a442157f00.jpg,10,64.929175,15.675046,10,62.862276,15.080281,231.66122,1.3376863,0.8494942,0.007280469,0.8384805,0.9593794,68.08698
555b8ce22a1a4c928ff4b3de3c15a75e.jpg,9,50.650905,20.961143,9,52.590765,18.989648,255.03174,39.41594,0.6296811,0.010925412,0.604303,0.7504943,1839.0309
557c6c61b8834ca4992035cc000d5e36.jpg,0,53.092916,30.511326,0,52.569924,30.830132,61.97246,3.3278558,0.761081,0.009204924,0.728898,0.9234766,6.0791883
55b8508c8c2a417bb3da0389eb1a23eb.jpg,1,52.556188,14.225522,9,52.225771,17.352686,215.34532,10.103397,0.7079961,0.008013964,0.7087375,0.78018993,240.61095
55e246b9a4a1408892e13b75be2ed3aa.jpg,1,52.638381,12.471269,6,65.729805,-23.163249,2444.2686,110.460785,0.7061938,0.008666694,0.6977897,0.7805356,2176.4216
55fe85c134104bdc8698785294b5170b.jpg,0,53.529282,26.249698,0,53.688484,25.606208,45.994823,0.2868285,0.8470146,0.0007711053,0.8197117,0.95622635,45.994823
56084701128641dd960964f2631e0c07.jpg,11,38.694065,35.576418,11,38.692554,35.577662,0.19971384,0.19971384,0.82564294,0.056311905,0.8148514,0.86880887,0.19971384
560a4ca0db594e799e41c3a6b383b7f7.jpg,6,65.848037,-18.202018,6,65.823367,-18.240259,3.248839,3.248839,0.74301237,0.0649907,0.7374423,0.7652926,3.248839
560ac93a5ad24a03ba3c691368839e53.jpg,6,63.849054,-22.433356,6,63.8555,-21.930911,24.63129,0.36446437,0.8018785,0.008396506,0.77183044,0.9220706,24.63129
561959572d854ae49426efe58e367876.jpg,9,53.495405,19.912589,9,54.075742,15.637246,288.13748,22.211782,0.6601518,0.016001463,0.6395328,0.7658108,136.09068
56266918870f4dcc96dd42448a7f2856.jpg,9,53.394029,22.5828,9,53.392691,22.582994,0.14933409,0.14933409,0.78309137,0.098734915,0.7864094,0.7698194,0.14933409
5632fd150804465785139c089fef871a.jpg,1,50.355211,7.518331,1,49.864969,8.85714,109.9361,32.290775,0.69492084,0.0136422515,0.69825006,0.7613377,144.40157
565202c58e7d4a3dbb176556969dfbe2.jpg,11,39.007267,35.563393,11,38.798155,35.594043,23.403,6.464548,0.7466425,0.035066366,0.7362101,0.864609,41.58136
567b0aee47ba4788b7181c6e3f74bb16.jpg,4,45.151862,-0.805173,4,47.832511,2.842163,408.32986,115.708755,0.71557385,0.014784515,0.6923678,0.8083981,408.32986
56a924ceb92d43d08193711b45e91bdb.jpg,3,65.393088,27.180634,3,65.395837,27.157416,1.1175668,0.7848019,0.9241686,0.01001519,0.9179884,0.97808504,5.333667
56ee38ea109349fb89981b5b7b18d0b9.jpg,5,52.943261,-0.858985,5,52.559354,-1.871884,80.43339,21.371,0.7968463,0.003793776,0.7673816,0.9174378,89.02
56f8ccc65be7485ba7f17bac9adacc6e.jpg,11,40.423096,29.27184,11,40.391804,29.456193,15.992271,13.743248,0.7280112,0.023090243,0.75526315,0.7248614,2048.6826
5702fc3f9c3c453daf6686e013314a97.jpg,9,53.94172,19.025272,4,47.761046,2.5202,1342.4149,29.3124,0.6818131,0.043456852,0.699263,0.7143253,172.28299
57168fe64a234a45a774890ef9a9bb99.jpg,4,47.562966,6.861212,5,53.60807,-0.23531,837.4929,598.3306,0.56898904,0.0013911724,0.5319679,0.78392994,865.0632
573650fb70f744d3b3917f00bf6474e4.jpg,5,50.410299,-4.551573,5,50.608049,-4.443934,23.268995,0.12780397,0.77929986,4.631281e-05,0.7485107,0.90717185,1.0736109
575fd5316bb44b528b8ce6bbdaf1815a.jpg,7,37.808161,15.130501,7,37.75543,15.130626,5.863438,0.40772018,0.79191625,0.045442045,0.77037966,0.89442194,19.714481
57ec998674b1430d8ff25bce6f13b99f.jpg,10,59.875058,17.397116,10,59.980547,17.157321,17.77942,8.13204,0.7759172,0.011296928,0.75926155,0.8836137,34.47459
57ec9f1f344148ca8e82a47294d5ee3a.jpg,11,38.190585,34.201296,5,53.649641,-1.597352,3208.9692,138.76317,0.6910393,0.013947904,0.68394315,0.74515915,3151.623
57ee8ca4a590467dbf6f6026b6168f9b.jpg,3,61.939643,29.84355,3,62.069955,29.92596,15.115003,1.6204597,0.85480654,0.0011428595,0.8313958,0.9577286,13.353616
57efd500f9fe4fce8b10fcda1d678911.jpg,3,66.57139,28.423003,5,53.147811,0.172069,2136.9055,337.31583,0.7733379,0.018030465,0.76661706,0.81466883,2133.7026
57ffc3899690411c9761dfd3c088553e.jpg,7,40.113997,15.751762,7,40.112316,15.750876,0.20153287,0.20153287,0.82002395,0.034201503,0.7895576,0.9535291,2.7506988
58ab269fcf00412fad52d5ee56f3f552.jpg,5,60.772729,-0.830742,5,60.777798,-0.826542,0.6080215,0.49516118,0.8372233,0.00704962,0.81938374,0.910673,235.34105
58d3701782b8409497b84400016a9fbf.jpg,8,59.395396,6.189283,8,59.654376,6.447989,32.28211,0.44105476,0.7500922,0.04168421,0.72510684,0.8825605,13.611825
58f9e2c984b64f10911ecfa6cb13520f.jpg,8,60.165479,9.711237,8,60.165344,9.711928,0.041067448,0.041067448,0.84855604,0.04510832,0.8272624,0.94338286,252.13649
58fd2eec482c4af1846dacf230c58be7.jpg,8,61.613345,5.349419,8,61.504297,5.74456,24.184893,24.184893,0.8092718,0.059218824,0.80301756,0.83428895,24.184893
594181d6de51417bb676397fe48ca939.jpg,9,53.245927,14.654734,11,38.817606,33.908362,2173.228,2.310134,0.6006369,0.00043284893,0.60376835,0.6737083,2252.1978
59afa8eace674226bbb03f8929ac278a.jpg,6,65.348176,-20.844856,6,65.347791,-20.841971,0.1404882,0.1404882,0.9537702,0.08440417,0.9475634,0.9785973,0.1404882
59c2dbf45dae4a61a4ed3b12b5a11f4c.jpg,9,53.033603,15.373936,5,56.992464,-2.279252,1204.282,1140.2433,0.7309564,0.013502359,0.7004587,0.8951746,1380.9437
59d02e32839f4cc5bfda58f10d54ffb1.jpg,0,52.330604,30.850796,0,53.940111,30.468523,180.77617,7.398633,0.7984659,0.008210003,0.779831,0.87331694,46.907722
59e454eeb9b643bbadcf2c738e4985f6.jpg,9,50.124413,22.104306,9,49.875124,22.373807,33.75541,5.5423493,0.8045795,0.06231785,0.78372645,0.88799137,33.75541
59fea02ee1af4f6d9e2132ed2278f56b.jpg,9,51.039568,15.907589,9,51.283682,18.192478,161.62148,30.27293,0.6767925,0.009234607,0.66682225,0.78998256,392.99695
5a13245540aa4d04805ea6bf1a03b73b.jpg,9,50.840575,19.054758,2,41.973599,3.028578,1569.6547,87.33226,0.6602571,0.011260152,0.645556,0.74144316,1534.4342
5a17c7bb89f14878ad47e5c14da12d12.jpg,11,38.641537,27.442074,11,36.674129,29.13136,264.511,56.25919,0.67355216,0.007912874,0.6798764,0.6879453,2020.781
5a2870c9184f44d6a30d1f230e18415e.jpg,1,53.599485,13.978644,2,41.080506,-1.04089,1786.4772,111.43051,0.73360664,0.028714538,0.72520304,0.78860104,1791.3887
5a426dbafe684042815d84c7e779cd71.jpg,3,61.596239,27.52327,3,61.656168,27.146455,20.997238,20.997238,0.7863905,0.019497633,0.7871455,0.8386096,363.72253
5a566776197a4c01a78e87103fb92f1e.jpg,3,65.17925,25.355982,9,50.720034,20.673634,1630.2717,4.6935215,0.62198454,0.0037360787,0.61655635,0.7752116,1633.3823
5a5db6c4680649bd88de106dbb7b1009.jpg,10,55.862868,13.749743,9,51.578738,21.78193,710.6906,253.93019,0.6276237,0.001286149,0.62496495,0.7759286,772.5636
5a6c1de5fcfd49aa8f340a3fc47e99b0.jpg,11,41.386869,31.681452,11,41.396702,31.685663,1.1484245,1.1484245,0.7665763,0.08818245,0.7766336,0.8262297,4497.8154
5a6e4435101f458bafb15ae4c473059b.jpg,1,49.241265,9.972794,5,56.260214,-4.931949,1266.5227,391.31793,0.6948239,0.02969873,0.67219025,0.7853586,1266.5227
5a6e480d5280404c98843bcb6405a945.jpg,0,53.900517,27.997902,0,53.902245,28.001327,0.29541144,0.29541144,0.8340307,0.23577285,0.82384276,0.8747822,0.29541144
5a7728c4257c4c29858bf518bd234046.jpg,1,51.228503,12.750939,1,51.475156,12.10533,52.55783,52.55783,0.6978881,0.039669573,0.7081853,0.7651901,1063.2477
5a8b5bcaffaf44eab1c6900e5272c6d5.jpg,7,43.316477,13.639219,7,43.314658,13.643625,0.40984952,0.2948767,0.7417212,0.033749282,0.7059803,0.8846849,0.40984952
5aa61e5cd5ed4ad281ffc0536e31cece.jpg,4,48.549198,-4.704527,5,50.28046,-4.990212,193.61356,33.60304,0.68539065,0.0030859113,0.6615768,0.78810537,607.0792
5aeda7a1201f447e96e80394c2260d3d.jpg,8,70.892083,25.67787,11,37.251083,38.703596,3817.132,1917.468,0.6362146,0.0031803846,0.6143712,0.78443485,3456.0686
5b4264cee895439b851d79c249ca6f80.jpg,4,43.683212,4.590902,4,43.695075,4.540955,4.2270775,4.2270775,0.8127761,0.053225398,0.7995826,0.86555016,4.2270775
5b5766eb05e14bbdac52beb2edda9b45.jpg,1,49.927481,11.765194,0,53.510827,27.381564,1144.3026,29.456343,0.6198955,0.0022735596,0.6300187,0.6730266,1089.4396
5bba2001bc2a4f4aad8215e4954c7600.jpg,3,60.488891,25.104142,3,60.319308,25.270864,20.96206,3.1162407,0.6921972,0.0523113,0.6764693,0.75641006,74.536545
5bc76ee9a12a4dfb8bfcf8b86eac7f9e.jpg,7,39.654097,15.837828,7,40.135859,15.736623,54.260864,4.2205534,0.7393743,0.012339413,0.72393954,0.81144965,31.239544
5be5e2c40e1f4039896474d8bf8380fb.jpg,2,38.521515,-0.616833,2,38.53533,-0.623838,1.6526024,1.6526024,0.8697899,0.18675292,0.86906266,0.8726987,1.6526024
5bf4bae616664234aa18e3167fccb416.jpg,1,53.769189,11.420896,1,51.301835,7.023162,404.51993,172.92691,0.69018936,0.014111102,0.6861107,0.7940466,662.4635
5c2d35be56c940529362caac0c106c82.jpg,7,43.261186,12.687915,7,43.495739,13.236606,51.446262,37.89951,0.84364563,0.047209144,0.8165827,0.9518974,51.446262
5c45d89d495e4b179961dd5719dab5df.jpg,8,59.914545,10.338974,9,53.423191,20.512171,950.458,12.536788,0.6723479,0.0447284,0.6691234,0.7603838,1008.97394
5c4c2306941a47f9983c931d9a66cdee.jpg,11,40.575924,34.841295,9,51.420163,22.260113,1544.2174,203.28394,0.6122308,0.017827392,0.5637416,0.8061875,1544.2174
5c5dc165d1134b28bf0b4b8d0bbbeb61.jpg,7,40.830539,14.563944,7,41.366056,14.023897,74.79047,1.0359647,0.76623106,0.008927226,0.73833597,0.89399356,31.978601
5c675ac95d1b42048a7fb8725e5d9e7b.jpg,7,45.399089,11.398154,1,53.867233,12.190548,943.32745,646.48694,0.74525446,0.0001258254,0.7386236,0.8509169,922.646
5c6839dd30b74577921bfc2c7cf816ce.jpg,4,47.799092,-1.334456,4,47.922951,-1.426644,15.394272,2.9832737,0.7555518,0.068382144,0.7419841,0.80982244,15.394272
5c6ca0864d98496d9dd9dcfbb3c2d100.jpg,2,42.454776,-6.144019,10,56.808036,14.415889,2160.3254,0.84709835,0.63408566,0.00063604116,0.64140105,0.7049795,854.3579
5cbca56b8cd34f279fd209ebb4b658d8.jpg,7,40.89337,14.610598,7,40.702331,13.917072,62.123333,2.2811015,0.7446134,0.01107949,0.72916436,0.8064094,62.123333
5cbfd05eb5cb4e8babe0aa85b8842dbf.jpg,11,38.485231,42.295997,7,40.934809,9.310649,2817.9375,5.1084685,0.6865239,0.004960239,0.70351726,0.755342,1237.9258
5cf8e6b4838e425e8eadc3a8d7481b8a.jpg,2,37.788112,-3.843595,2,37.332484,-3.276836,71.15121,19.176193,0.75696117,0.0010083318,0.72492635,0.92613995,41.91727
5cf9651b9a4e4efe8b27470d6c34a642.jpg,11,41.198494,27.194293,10,55.732714,13.55481,1895.8561,874.472,0.64478284,0.02661258,0.634359,0.6864779,1895.8561
5cfcfaa8bd324973a56cd9e115344db9.jpg,10,63.412606,18.26598,10,63.431467,18.194187,4.1419435,1.8896338,0.81167054,0.0037617087,0.81323445,0.86156416,409.9869
5cfe77de1afd421d89991d547a68e0cb.jpg,5,55.702568,-3.657646,6,64.522963,-21.556729,1385.626,5.9624224,0.6329605,0.0012612939,0.62767804,0.7273616,1192.6644
5d2bbca369664a95819884cb8a318711.jpg,2,42.027822,2.977389,2,42.024263,2.986053,0.8177807,0.8177807,0.8306507,0.0018707514,0.80987996,0.91373336,0.8177807
5d2e6d86e15d4a27889b7f21f94acb8b.jpg,7,41.170738,9.298414,7,41.172029,9.291977,0.557582,0.557582,0.8666876,0.04032904,0.8516094,0.92700034,0.557582
5d65183cf4e64c15b7302c0688cc4c78.jpg,7,38.637448,16.371711,7,38.625583,16.330254,3.835156,3.835156,0.7943203,0.052794814,0.79367507,0.86952496,172.4604
5d801b5d667c4890920c1eb61ce630e3.jpg,8,59.990304,9.924418,8,59.990617,9.923499,0.061833944,0.061833944,0.90708166,0.09948945,0.89209175,0.9670412,0.061833944
5dc944861ea347d284d9898afc2e1a8b.jpg,3,67.698476,26.752308,3,68.018824,26.945526,36.529858,28.794317,0.81411815,0.017032444,0.7954077,0.94214785,47.13833
5df11daf818f4b24b47fe1262b558fa7.jpg,0,53.475745,30.3643,0,53.461111,30.381493,1.9856868,1.9856868,0.8569266,0.011232913,0.831118,0.960161,1.9856868
5dffa39053ea4469ae7b595ebe526de1.jpg,5,57.576629,-4.101386,5,56.324567,-6.362092,195.37079,0.40485805,0.62586254,0.010366678,0.6545181,0.70864546,1293.9619
5e06b6863ae942d2a5673076fff88c61.jpg,2,28.778207,-17.942317,2,36.861112,-2.552078,1692.5457,0.622347,0.68635905,0.01859343,0.6892724,0.70246375,1686.4542
5e218f9bdb184d7c85d684b1562cfb2a.jpg,9,53.476343,17.240533,8,59.553484,5.276927,994.9832,364.95532,0.6999325,0.0038921237,0.7164794,0.7140332,1224.4558
5e49be01937a482e81014e89bf913cdc.jpg,11,38.324818,43.189121,11,38.018659,41.775604,128.16817,0.09870601,0.7768127,0.020858526,0.7544112,0.8851292,520.97314
5e53189ed13e439188e42a739b35751d.jpg,2,37.126415,-4.367489,2,37.025678,-4.343586,11.400415,4.722703,0.7629635,0.02257353,0.7715474,0.77397275,31.941568
5e585d8cf571420794c6aac8208154d9.jpg,5,53.854416,-0.416005,5,53.864766,-0.36626,3.4592853,3.4592853,0.77639675,0.059711456,0.77497894,0.7886105,3.5126548
5eca2fc7b450417a8fee8610320a6050.jpg,5,52.844367,1.063985,5,52.833242,1.073067,1.3792788,1.3792788,0.7325877,0.030685067,0.7043576,0.84550786,1.3792788
5ed1bd8039614f7982cf664922efd1f5.jpg,11,39.082056,29.463706,11,39.084027,29.46473,0.23631631,0.23631631,0.7838002,0.06852186,0.76572025,0.85611993,0.23631631
5f13b75d13944cd7b0cea097b891c3d5.jpg,7,41.783997,12.854971,7,41.848715,12.78907,9.034017,7.8452926,0.79058605,0.008619428,0.7636178,0.9191537,9.364616
5f1f382c2c5a43fd975929f7b729cead.jpg,8,61.513316,9.973832,3,64.138889,28.008733,957.458,64.61426,0.61875224,0.0025764108,0.58237165,0.8305942,880.8029
5f5ad8bf6ce6413c8e0d1309c3a188fc.jpg,3,63.461218,22.587565,3,63.114169,22.943532,42.494198,4.7728763,0.72546124,0.019452214,0.70040834,0.82567286,42.494198
5f736dafc3ee41b8a33cca2b504ec758.jpg,9,54.111781,18.691341,2,38.186952,-0.809817,2306.2927,3.3055818,0.6611929,0.031413972,0.68926823,0.6858645,2211.446
5faab3f69cc34477bdecedaa2339eb2a.jpg,11,36.171288,36.126764,11,36.167091,36.131945,0.6588547,0.6588547,0.87645715,0.033519566,0.8628338,0.93095064,0.6588547
5fdb8de3949841c9ac13f77c65c27b86.jpg,0,51.942545,26.923705,0,51.8645,26.797806,12.24404,1.3912065,0.8721249,0.009305477,0.85838056,0.971959,376.53705
600cc5715ed440758bb13d7d3c798ded.jpg,8,68.678589,17.915426,8,60.2219,6.436061,1085.692,81.974236,0.71756196,0.0014562011,0.7213563,0.75511265,1272.5065
6028864566084c35b12666b511a7c50b.jpg,2,36.853029,-4.445483,4,44.881332,-0.662645,947.3952,251.69217,0.61471915,0.015851974,0.61116856,0.6905408,742.6932
60288a2f022541ecbb9df56bc721f580.jpg,9,54.231867,16.533357,1,53.742047,9.336188,473.47696,1.1823097,0.7875471,0.0025491714,0.78777224,0.86779,259.60492
602c0bae33614d21a112c31aab2a8cc7.jpg,10,57.335909,18.484797,9,52.71391,21.36695,545.66534,11.85719,0.63061965,0.0057243705,0.6192977,0.7647947,22.544243
60554c4da1154225b68ceca6daba038b.jpg,6,64.708597,-14.317648,6,64.710209,-14.319509,0.19986142,0.19986142,0.91588753,0.0042576194,0.90458417,0.9682219,6.3248878
60638e55d5a84d7199ec4c9058829557.jpg,1,53.488028,8.482683,2,28.049872,-14.330039,3387.1135,561.4878,0.6518097,0.012301445,0.6196505,0.78310037,3387.2346
606e95933517401c9c338c09ee837e54.jpg,9,53.564135,17.297759,9,53.092148,14.501921,192.9297,14.444614,0.6888202,0.005993843,0.699584,0.7320621,360.4548
6082e74c430b48d6b9ea43cf8f41aa72.jpg,9,52.061518,22.292929,9,51.793037,22.527617,33.91478,18.429668,0.7171091,0.0007072687,0.6932261,0.8304045,158.94186
60e9c4a323d44c03a86b6c7454445ecb.jpg,2,28.248965,-14.040299,2,28.64289,-13.899496,45.91483,5.4574986,0.6940455,0.028557122,0.6739379,0.7744757,45.91483
613377baec2343639fd21a4d130af806.jpg,8,71.102416,25.740126,8,71.116361,25.700246,2.1132143,2.0109675,0.9332663,0.016875267,0.91942155,0.9886453,2.1132143
614038715f414488a5e23ad13a02613b.jpg,5,55.521598,-1.993641,5,56.519081,-5.851202,264.1005,12.555876,0.8235248,0.00013160706,0.79865307,0.94171,372.60147
6163d40fdd82407c84bc5a2abcdcea3f.jpg,1,47.708571,10.95021,4,48.0531,1.992234,668.7664,4.3460126,0.6919583,0.006336212,0.7045824,0.78220487,174.83757
616b530319b849a4b457eb83ea93ea10.jpg,6,63.429756,-18.882641,6,63.629313,-18.437822,31.28005,3.0634835,0.7878603,0.0040386915,0.79468966,0.8528047,248.54884
616fbaec68974fbda121ddef021e1715.jpg,4,49.833129,2.073239,2,40.632187,-6.563168,1224.6134,358.98572,0.6484436,0.008968294,0.6437993,0.72133327,2130.5461
61707b0e8ade49b0924b31fd165284c4.jpg,3,67.948201,24.032038,3,67.981043,24.075276,4.073065,3.808781,0.76277333,0.0071656704,0.74454117,0.8611202,3.808781
617448d2ab414ed69250fc33c33d488d.jpg,3,67.527933,24.361737,3,67.489827,24.848709,21.143002,2.2485263,0.7168637,0.0039969087,0.7350755,0.706684,2.2485263
622c9daac697482bb0d6630557dac221.jpg,8,69.298943,15.996955,8,69.298812,15.998679,0.06931262,0.06931262,0.7464044,0.076673865,0.76308095,0.75988936,0.15854092
626ff93687e14d4482067257572ebbdc.jpg,7,40.080701,15.740663,7,40.135859,15.736623,6.1429143,3.6211784,0.7594171,0.01696986,0.7359152,0.85499704,3.6211784
6282439863424aa7a6592c53d406cf3c.jpg,3,63.107755,23.011817,3,60.903334,21.644132,255.28885,14.729115,0.77420384,0.047692418,0.76063603,0.8475824,231.55634
629becfd90a649b783806256a4e146ca.jpg,5,53.397503,-1.464898,9,52.399153,20.160652,1449.2072,28.064476,0.66835976,0.0039245486,0.67861235,0.82071835,1518.2792
62a8628a1fff48f8b9dc2629a8655d98.jpg,2,28.08008,-14.482755,2,28.078552,-14.490019,0.7326239,0.23904029,0.9473936,0.0021862388,0.93720925,0.98813075,0.7326239
62e288aa0802415491dffac3b14cced2.jpg,0,53.471605,26.705499,0,54.473022,30.504516,272.22913,72.60655,0.6902317,0.016370177,0.6949278,0.75620544,291.258
62f1085393214e6b86bbc2be57277e66.jpg,3,60.818839,22.640649,3,60.951691,23.24143,35.703373,22.2754,0.7675431,0.0049147606,0.72908545,0.93244255,68.464714
6310e81d76bc40eaa7192d764bcb2a5c.jpg,4,47.30832,4.112524,4,48.353309,-4.70012,667.6342,84.90513,0.63055265,0.00970459,0.63176715,0.73461694,1158.1748
6317d9d71b02446eb6c0c51abb625b39.jpg,9,53.435936,19.84439,9,53.658057,19.037787,58.7356,8.2019005,0.66698456,0.009092033,0.66448164,0.8249893,176.25883
63420e02f9ff41889873e5b30e082637.jpg,6,66.007947,-14.874095,6,66.009183,-14.87878,0.25249904,0.25249904,0.7730613,0.02364242,0.78887504,0.78139853,60.30881
6384a320e6a64c9c9bd9ad73fc5602e0.jpg,5,52.364091,-1.607946,5,51.787022,0.154028,136.44264,7.477626,0.74174714,0.022975683,0.71895194,0.84894204,185.93529
638b570d219d4978bcac659b4ceec6b1.jpg,11,38.951585,37.547606,2,43.332439,-4.691646,3532.3015,327.6604,0.6904665,0.018516898,0.69359773,0.8113755,3267.8894
63aae00d022c44778bfbe4c3c4c29b3e.jpg,0,53.604489,27.464654,0,51.920299,26.672082,194.71556,0.97410655,0.82387006,0.0017762184,0.8021824,0.95665497,242.59401
63b1bb23cb1f49c9b303faf8da174f43.jpg,7,41.719796,15.410901,11,37.058975,35.77008,1819.7754,61.00453,0.7234379,0.04247284,0.69046736,0.85532016,1819.7754
63c81a921f764cb2bfe119d15db5304f.jpg,2,41.241776,-3.779279,2,40.921562,-4.256722,53.56465,3.462331,0.81441724,0.026680231,0.7834925,0.955067,3.462331
63cdaa5c9d894699ab84cc3c24c96984.jpg,0,51.673509,30.368234,0,52.179286,29.907571,64.50346,0.2531882,0.7736166,0.031106949,0.7541623,0.8514339,64.50346
63e3f89773dc4e87a89ebc065ce6a9ad.jpg,8,58.321753,6.285106,1,53.369239,8.470098,567.2589,357.36346,0.65244406,0.012168646,0.64798605,0.723936,1584.6829
63f09ba10bf44b2ca89e7294362814ad.jpg,6,66.564181,-18.018397,6,66.565896,-18.019027,0.19272397,0.05087104,0.78113675,0.011104405,0.7622915,0.8565177,0.19272397
642e3b76c374463bacf6416577f0df61.jpg,11,39.869157,39.264491,11,39.87254,39.256192,0.8019478,0.8019478,0.87610126,0.06647521,0.86798215,0.9085776,0.8019478
6438ebdf04264c17b66f63d7829cc48a.jpg,5,51.977629,-1.555235,5,56.239355,-5.02462,524.9248,145.29092,0.6814114,0.011120498,0.65994596,0.87415373,546.93774
64682079e6ae46aabf994b0f58264484.jpg,8,60.172467,9.675134,8,60.167333,9.699319,1.4544343,0.7578822,0.8402785,0.05246854,0.8063747,0.97589326,1.4544343
6469a99e0e97431c88ad1d2d4e58d4f1.jpg,11,39.090766,29.470921,2,40.806906,-4.539404,2887.2712,17.531403,0.6596133,0.0162974,0.6432507,0.7728598,3214.9155
648e34fbe88f420fbef33ce4d8a34f15.jpg,2,39.512192,2.767183,2,39.636156,2.650821,17.013826,0.1634793,0.8407993,0.07407808,0.8174517,0.93418956,17.013826
64b1182ebf9040b8a9f3835fc7184d16.jpg,8,68.548384,16.196959,8,68.434071,16.007621,14.871279,9.727457,0.7224059,0.10289627,0.735216,0.7469873,14.287529
64c4d83a8ce24b0989e1e73c74821470.jpg,2,40.485412,-5.594538,11,36.815334,31.767091,3245.649,24.250647,0.72101027,0.008500755,0.71197635,0.7912744,216.44553
65234fc0bae8405488a5817d7b25d8a0.jpg,11,36.215915,33.532584,11,36.330829,33.661533,17.23083,5.546787,0.74985147,0.009227872,0.7371728,0.81466293,5.546787
653918a2252a4471953f8ae1e425cdf5.jpg,4,44.615424,-1.061537,4,44.976626,-1.078499,40.18618,3.3039358,0.77626747,0.00023698807,0.7630832,0.86023927,728.02155
654328a8aa764d0fb90937f4fbc560c1.jpg,3,64.212071,28.953605,3,64.181248,28.88178,4.8818436,4.8818436,0.83858603,0.03042239,0.81788135,0.9312012,13.4227915
656c2600fd3949e497d0d46f026459ee.jpg,0,53.420691,27.122306,2,42.092848,-1.650321,2467.672,2.6485322,0.6348502,0.011030436,0.6297534,0.75712967,200.13712
65743ea4e2584b2bba13e6e570d63268.jpg,5,57.477558,-4.047267,5,52.327509,1.494786,672.9201,11.811293,0.68657094,0.027236342,0.6829041,0.7283459,131.9909
65845d84ea1a4d36b7f04b5d6c29a02a.jpg,9,53.519438,20.579973,9,53.664052,14.32877,412.74792,9.721453,0.669907,0.002701044,0.6744385,0.7110331,184.1838
6588874218d1446fa3829c93d029a2cb.jpg,0,55.51477,28.894869,0,55.515581,28.88616,0.55566174,0.55566174,0.8939567,0.0012678504,0.88224953,0.9763713,13.4810095
65ba2e7403174d7fb1e6fd21a0766d6c.jpg,5,57.783214,-4.090049,3,63.125703,30.601843,1964.9601,0.6660367,0.6926409,0.0037087202,0.7006846,0.7275737,1947.4904
65cc2e507f6f4c7fa530db226ebae5c1.jpg,2,37.880116,-0.940902,11,38.34327,26.863905,2423.9348,21.50281,0.7599178,0.0071335435,0.74379593,0.83386564,2423.9612
65e22f9b309b4eb6ba4b780fb5c00f24.jpg,11,39.889285,33.672381,11,39.446009,32.865233,84.86681,34.881718,0.75050384,0.011747956,0.71510625,0.89209414,84.86681
65f1a2b2b68f4805b4081a759a550fcb.jpg,11,36.215241,29.649751,7,42.984286,12.415629,1652.9846,547.7516,0.60594475,0.004719734,0.592543,0.79849863,1564.913
65fe6b2299e440a6a2a4f3f44289837c.jpg,10,58.649581,12.054396,10,58.178218,11.476442,62.290833,12.548038,0.8716576,0.082336426,0.8546823,0.93955874,62.290833
660ad3c00c1e4251b15585c765a680cc.jpg,10,55.590822,14.235687,0,55.06955,27.385304,832.51465,673.6452,0.63627523,0.012084663,0.6494465,0.67283666,765.416
660eed5b3ff44d0093b34c9a76094128.jpg,1,53.173157,7.725568,1,53.173396,7.68784,2.5147116,2.1171615,0.7417533,0.02608502,0.7200612,0.8584264,133.88672
66246befa17a426fbc9a80146c2dd7bf.jpg,1,51.495669,14.680962,10,56.877637,13.814168,601.0868,6.0230722,0.715208,0.0052188635,0.70029104,0.82098186,6.0230722
6662206c69df4c6b82c3768f190f1866.jpg,8,68.317605,14.598216,8,68.402442,17.471848,118.20162,7.324448,0.8449191,0.008243084,0.8195168,0.9595338,86.416725
668595cd77254aca95803cf256cf5ba8.jpg,4,43.774598,4.891925,4,43.754902,3.465007,114.60605,40.04806,0.70019853,0.04460126,0.69278824,0.7458159,463.8845
66907e758caa4d54a3d1fad2de1fe8fa.jpg,7,42.326596,12.214835,1,52.941441,7.834432,1224.5131,0.25086454,0.67724454,0.027292073,0.67344576,0.69261026,1059.6191
66a6efd25f2447eebbb6d6572c31ef30.jpg,6,65.564971,-22.192136,6,65.611402,-22.802872,28.537804,0.44935822,0.9033993,0.010469198,0.88769644,0.9730032,20.622189
66ae147ec1ba4dabb77d1114ade4eb6a.jpg,9,54.322859,18.85807,1,53.037142,13.040981,408.77118,67.56934,0.70140815,0.0057469606,0.6832187,0.8394885,343.7715
66d94dbecbf04cf08551cd6be02d530e.jpg,8,59.895929,6.479414,8,59.27329,6.206296,70.92086,8.142899,0.75463796,0.04952407,0.7100404,0.933028,70.92086
66f3e57b97844c2e8b6e910ef1bd2786.jpg,0,51.708689,29.152945,0,51.710682,29.154923,0.26016542,0.26016542,0.9198298,0.02043575,0.90537375,0.97765374,0.26016542
670d58acd23f491e85ec572a1b491502.jpg,10,67.098068,20.4468,10,67.051946,20.112081,15.378147,0.32882762,0.86852944,0.013785958,0.8671438,0.8885936,1091.0763
671c5e8bf35b425dafa451f589ba1b1a.jpg,11,40.361351,39.887415,11,40.347052,39.946394,5.2445216,5.2445216,0.77458113,0.06497949,0.76884115,0.797541,5.2445216
673f0453a36942a0963d19671d2636e6.jpg,1,53.595957,8.318884,9,51.613886,17.733664,672.2834,52.672825,0.7370504,0.010476708,0.7078042,0.8540354,672.2834
6748efa86d5f43409d2aa83ae9eea760.jpg,10,65.593912,21.122561,10,65.691216,20.476206,31.554585,31.554585,0.8577845,0.00016891956,0.8446731,0.93478596,182.10791
6765e7d602b942a19897c059c44f87df.jpg,2,29.123607,-13.467053,2,29.104045,-13.469375,2.1868632,2.1868632,0.78884614,0.039874375,0.81104076,0.85100096,1134.72
676be160077c4cf1aa8fbaba79e003da.jpg,11,38.239731,35.098602,11,38.240835,35.099689,0.1551843,0.1551843,0.8764373,0.020465374,0.8643906,0.9246237,0.1551843
677a503a6d40464d8138caa249819c86.jpg,7,37.040093,14.390464,7,37.03828,14.392382,0.26386076,0.26386076,0.83012855,0.10080415,0.81093967,0.9068841,0.26386076
67da3cf6b9af44ee999b15214cd4329f.jpg,9,51.488531,22.078139,5,50.535795,-4.790332,1872.091,275.60367,0.6639701,0.020914614,0.6253455,0.8325035,1868.2007
67ffef82ea624669bfc698d3ce8bde7d.jpg,7,45.147205,11.042821,4,47.785803,5.592106,510.05554,4.9580307,0.6980426,0.022954583,0.70890915,0.7090356,476.7021
6845c32454714fbdb12389fc4ade0b00.jpg,7,46.648788,11.709369,11,40.787337,39.983244,2349.6057,954.31824,0.64529335,0.011466682,0.6334779,0.7474314,1146.6982
684ec929545c4d35aee40ae881cbe5e6.jpg,6,64.876734,-23.950222,6,63.842171,-21.51297,164.2552,2.8446846,0.8082924,0.009572983,0.78624916,0.94248116,2.8714833
685eb95286a44e568ac2ce992145dfca.jpg,10,63.49659,12.470929,10,63.488399,12.488396,1.2573737,0.19109164,0.9129906,0.0037410855,0.89894545,0.96917117,1.2573737
68db775651e7432c9f674cde6e6a3da7.jpg,6,65.863942,-19.375504,6,65.885434,-19.387353,2.4497302,1.0359899,0.9144726,0.0012866259,0.9038875,0.97729486,23.307396
68f9e19a7e7b4f1d90815ec7266b38c3.jpg,6,64.747057,-23.816201,6,64.838157,-22.569522,59.901352,0.44580084,0.88891196,0.0059115887,0.87243223,0.95619285,63.438324
69485f12c5ed4e3983e9aefdec5699fa.jpg,0,53.215572,28.692562,0,53.205981,28.69684,1.1038654,1.1038654,0.75580466,0.040314376,0.77949667,0.7179182,1132.7938
69496590056040e4bb0cce28271084b8.jpg,0,55.169436,27.053138,0,55.161528,27.130061,4.9643044,4.9643044,0.7284732,0.06414771,0.71894896,0.76657,4.9643044
6950642bb1224365992f6787a2cf9cf9.jpg,2,36.73528,-4.239885,2,36.745051,-4.236473,1.1282244,0.36035225,0.7118949,0.042994976,0.69723094,0.7870903,12.735581
697307879c95499ab4ebd4030de74d7f.jpg,0,53.649936,30.045455,0,52.537745,30.816128,133.9475,3.4743352,0.8406784,0.008420169,0.8253802,0.9018709,133.9475
69807988fadd4c6a83bf8fd677d26b22.jpg,1,50.743487,13.334097,1,52.857153,7.809499,446.5321,26.667452,0.7964548,0.061880052,0.804322,0.7735339,227.63332
6983441be7754cae86de9d590f17f8e8.jpg,4,42.086544,9.496937,9,53.907523,18.338616,1467.2611,10.686611,0.6252484,0.0050210953,0.60482574,0.70695364,866.4323
69a2375003c8476ba27cb4cc908d95d3.jpg,9,53.879826,14.621169,9,53.870583,14.615887,1.0845364,1.0845364,0.83138156,0.08183485,0.83461326,0.8184546,1.0845364
69a49f72758344cf8c5f6caa90484dd5.jpg,10,62.558781,14.308742,10,63.096906,15.191861,74.774376,48.75404,0.7032373,0.014041603,0.70143974,0.81651807,153.02376
69b2c09dd1844321a3ffc357e007c8f1.jpg,0,54.153845,27.111581,3,62.725724,29.018005,959.479,75.85802,0.63072354,0.00969398,0.6320677,0.7804651,554.89154
69bd279219b340ac8ff1c39040a881c9.jpg,8,69.497685,19.248906,8,69.513817,19.252509,1.7992749,0.58581275,0.8840592,0.00740242,0.8723104,0.9310543,1.7992749
69e901ba710842a381895cb9c4aaca59.jpg,4,47.921112,4.772134,4,47.520819,4.324779,55.6871,11.612695,0.7766455,0.024259329,0.76211774,0.84242916,168.86838
69fc8d6663fd474bb9ea6f518a1f3d62.jpg,11,37.753412,27.272156,7,40.787341,16.555149,981.4945,1.9836738,0.6528604,0.0004453659,0.6573556,0.7533517,1546.4594
6a21667f3a1f4f5ab1ebfbb7d161eae7.jpg,5,57.12932,-3.936096,2,37.70403,-3.378868,2160.3857,290.24695,0.67534804,0.018089294,0.6548412,0.80805695,2124.7405
6a39ee239fa84a45b6957747b7e3d2ce.jpg,9,53.839714,22.872442,9,53.835336,22.914931,2.830043,2.830043,0.87892866,0.17084813,0.87248474,0.9047042,2.830043
6a4432cd6fe54b2398834071104d9e5b.jpg,5,52.383836,-1.168162,5,52.225477,-0.993327,21.2456,14.819708,0.82845354,0.060686827,0.8205858,0.85992444,21.2456
6a806660db6f4fe3917e348ff87933b0.jpg,2,28.076307,-14.42836,2,28.068589,-14.418014,1.3292487,0.5324449,0.89600146,0.013381004,0.8762063,0.976861,1.0232776
6a8e0ee5b7a845c08f33730565817cb3.jpg,2,41.618922,-3.053264,2,41.623925,-3.05308,0.5565192,0.5565192,0.8877275,0.10817075,0.8712427,0.95366645,0.5565192
6aafb9e2d2524da889f4ce7e078ad160.jpg,9,52.942967,15.38666,1,50.48496,8.944076,520.9734,257.20828,0.6589523,0.007247746,0.64829296,0.73443514,957.31903
6ab7874e912e495e81b30fa807607cd0.jpg,4,41.644318,9.211905,4,41.634377,9.231767,1.9865028,0.68378526,0.8222416,0.012333095,0.7965694,0.94732165,0.68378526
6ad8a8a193cd428789e6ee01db25160f.jpg,6,66.184741,-18.941231,6,66.166371,-18.988946,2.960663,1.4024459,0.8553404,0.032456458,0.8249619,0.9768546,2.960663
6aded972a79d4ad5b3fd26e58e8128e7.jpg,7,43.523567,11.589749,7,40.896219,14.307214,367.9784,4.703037,0.717608,0.0048514605,0.71587324,0.77333754,2981.0288
6ae2fc7f747744ce8693154d1384953d.jpg,6,65.745342,-19.362416,6,65.710488,-19.375733,3.9231043,0.3832761,0.9249893,0.01288563,0.91860604,0.98320603,23.256987
6b00e00fdf004e478e04212f51fafe4d.jpg,8,58.258576,7.971341,8,58.263116,8.166065,11.401461,0.059248682,0.7949629,0.00013190508,0.7951418,0.8256474,0.14461292
6b09e9db79a94148904eb47f2d0a107e.jpg,5,53.077668,-4.003143,5,56.380135,-5.042364,373.21973,5.478872,0.770898,0.03996098,0.75422525,0.837589,373.21973
6b0c157af06548578387b161d02c549c.jpg,3,64.824329,27.936259,3,64.82365,27.941439,0.25639522,0.25639522,0.76992834,0.084154606,0.7766786,0.8193852,1255.6981
6b229521ed7e49a89112270eeeb96402.jpg,3,66.668381,25.441364,3,66.876698,25.463651,23.184435,0.7434695,0.9500816,0.009793222,0.9437059,0.9755839,23.184435
6b2faf8da204445796074d3e69796a73.jpg,7,40.609056,17.985908,1,52.303567,13.56936,1343.0105,41.75309,0.70790124,0.0035223365,0.69543046,0.7618407,573.5988
6b5550e8a6e443f7abbb4069e373142b.jpg,4,45.602265,2.727763,4,44.419577,2.317002,135.41483,15.656584,0.66828716,0.0058872104,0.6494479,0.7625634,159.72601
6b91ff129b0742e3810fbd44fd4f8ae6.jpg,10,67.152421,20.927566,10,67.292447,21.079796,16.89315,5.6967278,0.8617836,0.029183865,0.84137344,0.94766265,50.09594
6b95be0f5ead41378892e663c6fcd3c4.jpg,6,65.820387,-17.356904,6,66.008617,-22.933184,253.8234,3.3004317,0.8586514,0.0057008266,0.8504541,0.929404,9.871184
6ba94773690540f99da75a0c40794abe.jpg,2,39.554201,2.703213,7,45.234371,11.011128,928.8065,34.760098,0.66631365,0.031036615,0.68373054,0.73367614,1074.8569
6bc485e8a2c043dfa09cd31cf8862dad.jpg,3,66.244943,26.159261,3,66.289368,26.038715,7.3147645,0.42754102,0.85793805,0.0150485635,0.8305606,0.9696617,20.092642
6bcc2ee6758e4882af9d30be50269f5d.jpg,4,48.79919,7.819093,9,51.491333,22.06491,1056.399,560.5334,0.6877556,0.040869355,0.69409895,0.72914827,777.66077
6bcd4c4adeb546cd8eac094c5b19b61a.jpg,1,48.332528,10.245098,3,60.242717,22.947205,1554.0624,209.45625,0.7115635,0.013556838,0.69368196,0.78308976,1554.0624
6be11a4fbd614123b6b072157020202f.jpg,1,50.847742,13.935541,5,54.622706,-5.764378,1385.8298,135.77766,0.70764136,0.0697248,0.70359886,0.74383545,982.8463
6c1bbf81792e40029335c191a83ecbb8.jpg,6,63.690435,-18.337182,6,63.687219,-18.348212,0.6507051,0.6507051,0.9447303,0.025372505,0.9366963,0.97686625,0.6507051
6c1cc3a6edb147b48dae5c96307d3258.jpg,1,54.423636,11.172715,1,54.445027,11.249409,5.501005,5.501005,0.67931855,0.014492869,0.6905092,0.7542882,1899.5607
6c1d2fc7fae943a2a0e3f6d2c8e1f5f3.jpg,3,64.158282,29.261762,3,64.180149,29.22105,3.130949,3.130949,0.81163543,0.046644926,0.7785881,0.9438245,3.130949
6c3274cfc6c545f597dc5895368d2020.jpg,6,63.840114,-22.429127,6,63.842857,-22.439221,0.5812702,0.5812702,0.7436475,0.0027346015,0.72770953,0.80739945,0.5812702
6cee474bac854a3c9b346639e437d3ce.jpg,2,43.656914,-5.844533,2,43.657099,-5.844271,0.029452177,0.029452177,0.6313273,0.036453962,0.63415563,0.70748746,925.3419
6d00b84e3b914aa6b2a0ec23ea708cbd.jpg,11,40.875985,26.518914,11,40.87746,26.479525,3.3157582,3.3157582,0.8127722,0.07126188,0.79410046,0.8874593,3.3157582
6d108596f9654fb1b21e0c6a6d529a31.jpg,6,64.80067,-13.991081,6,65.86159,-22.305459,403.15176,1.5481092,0.89685476,0.004501939,0.8787072,0.969445,403.15176
6d1a60b12f0a471c99a7889785fbe25a.jpg,10,61.797304,13.505918,10,63.821629,14.39159,229.54358,14.467795,0.7275904,0.026794732,0.7078702,0.80647117,229.54358
6d3448634df64af3a91dc8c35eb07dcc.jpg,5,54.272595,-0.640336,1,47.898262,8.094647,933.83777,185.70892,0.6248133,0.008174539,0.5994762,0.7261619,933.83777
6d42a6217aab4a0db86dd5e16ae88083.jpg,11,37.112709,34.91065,11,37.088642,34.944621,4.0297003,4.0297003,0.82174146,0.06297529,0.8124656,0.8939628,9.056313
6d9f0c6d73b240febe3680f216c18b86.jpg,11,41.290533,36.218134,11,41.067639,36.050452,28.481966,6.3683105,0.8866186,0.02208972,0.86736155,0.965391,20.933416
6dbc08546b9c486492c784f66b8040b8.jpg,9,51.350279,22.732794,9,51.307329,22.695685,5.4273744,5.4273744,0.787231,0.026578248,0.7589431,0.90038276,5.4273744
6dc2f4bc764b4e02a3dc57eb0e9bedf6.jpg,7,38.195616,15.3124,7,44.411731,7.223532,965.65375,33.12419,0.62435156,0.028949082,0.60909903,0.6853615,965.65375
6de982f3a6744058b12f6815b095449b.jpg,1,51.85685,13.237698,1,51.839736,13.036492,13.95129,10.338029,0.5665278,0.0040888786,0.5601725,0.71525806,578.29285
6e0899342e6d4a4182b6ccdb3e6e8f2f.jpg,2,37.634291,-1.058203,2,37.636477,-0.904824,13.508248,13.508248,0.7730427,0.039724946,0.76091003,0.8215732,13.508248
6e112c8ddb1b479d8e47c0fc8d30ce11.jpg,2,42.656992,0.926214,2,41.308427,-1.730046,265.8571,26.527655,0.62075716,0.014422476,0.60727954,0.747344,467.3173
6e3368fd21e34f2fb5a35f9ffcc4571a.jpg,9,53.74462,22.747075,11,37.994249,30.289767,1843.6451,505.44095,0.6446322,0.004116714,0.64100313,0.709319,2076.9297
6e611ac7024d438cb31c529930a80f3b.jpg,7,42.988745,13.869328,7,43.241006,13.498804,41.126072,7.992884,0.6683178,0.020727932,0.6368313,0.8778412,72.56002
6ec68418e61844a2b5766b0c24bac9ae.jpg,9,50.517603,21.604167,9,50.797647,21.165974,43.861202,7.514506,0.7930405,0.041005492,0.75633097,0.93987834,43.861202
6ed2a6fa88b54cf9870860f6faedb3ad.jpg,2,39.512541,3.281414,2,39.514966,3.284247,0.36300355,0.2349306,0.8275986,0.00445503,0.7991264,0.9577044,27.733767
6ed69c13bd104b1bb5139a685bebb5cb.jpg,9,50.342451,18.939051,7,45.514572,8.822987,924.06555,644.67914,0.67912674,0.0050052404,0.68345,0.7630259,1417.7552
6eedd2ab914c42929696f45066e12664.jpg,10,62.195182,17.499965,10,62.258956,17.468233,7.279459,2.7974887,0.66776484,0.011326432,0.69367677,0.66787374,2512.566
6eef7eb353034deb9351af2b3d3afe70.jpg,5,51.482422,-2.085375,5,56.521364,-3.221892,565.1864,32.66147,0.6697628,0.0010828972,0.6549051,0.8312856,166.38582
6f6f7c34fc404980a4f94e2b63e95dc9.jpg,11,38.928137,36.061165,5,57.21414,-3.26112,3484.4604,3054.5732,0.6211175,0.011885166,0.59359705,0.85194993,3178.094
6f77b99968f54a23b003cd68f68f2c95.jpg,6,65.442743,-20.580636,6,65.405404,-20.633793,4.8250995,1.1957082,0.948437,0.0143921375,0.93948555,0.9842427,4.8250995
6fae3da18149483598450bcc2d800342.jpg,1,51.752153,6.239854,1,53.192195,7.7251,189.09608,13.734783,0.6649962,0.011932731,0.69025624,0.71508,197.42677
6fbcfe523e1349759e6060d632d52e54.jpg,5,55.698094,-4.305315,5,55.696597,-4.30866,0.26767078,0.26767078,0.767679,0.05099976,0.77579486,0.85428786,235.8185
6fe39927e1304d7e90b65301a3ae2e0e.jpg,4,47.591357,-2.980008,4,47.585855,-2.971004,0.9111905,0.9111905,0.75327516,0.06628537,0.72410053,0.8699736,0.9111905
703a3dc490fe44f4ba809a2d295ffed2.jpg,4,47.375226,-0.414861,4,44.474473,-1.235359,328.72803,4.4253793,0.6591515,0.004288614,0.62389886,0.80016196,328.72803
7088ca21b3144a7aa701979b4fe31507.jpg,1,50.869201,10.43737,1,50.365148,6.551673,279.78342,18.228445,0.65754604,0.013117552,0.63177687,0.8190279,295.69675
709c66922fba48f19d4499e77abff974.jpg,9,52.740526,20.298494,10,61.991905,14.578735,1083.3634,621.3015,0.82183015,0.026190877,0.8194423,0.8622577,857.51044
70e25afc311f4c909c488fc27bd7204d.jpg,3,62.528151,28.772305,3,62.347669,26.673625,109.82317,11.877064,0.7589793,0.010079026,0.72870266,0.8898035,79.401695
7109df9423c14bcaa34ba83978e0ab24.jpg,11,37.867859,32.49473,11,37.85877,32.508617,1.5835351,0.2779801,0.7671149,0.023916721,0.74227494,0.8664744,1.5835351
710ff5b811054213a9ed5cd960c24e36.jpg,9,50.686864,20.293262,9,51.589805,20.070908,101.59388,7.5454297,0.7391252,0.0015144944,0.7313889,0.8136933,74.96101
71161654ea7347f7ae3c29e8d2b9fdd7.jpg,4,48.99436,6.454724,7,40.466279,15.539392,1187.4222,376.18893,0.69787383,0.0025365353,0.7175244,0.73990047,1094.8303
7142412b772f4f6a9839a54b2c3cb671.jpg,8,64.622946,12.605335,8,64.589067,12.562835,4.277707,1.7202312,0.8745748,0.010633528,0.85142744,0.96716386,4.277707
716d7adf61c346dba2e1da6471f0c5e4.jpg,6,65.53059,-22.41357,6,65.549995,-22.423803,2.208577,0.95838463,0.90167946,0.04251033,0.8836403,0.9738361,2.208577
718dde12c1f6480baf43353d632f67f7.jpg,3,61.647707,28.224475,3,61.279776,28.7249,48.78926,38.09645,0.76741683,0.015288055,0.7469576,0.8492538,48.78926
7197764d61494cf5bf5074f497983dac.jpg,10,56.354125,15.577375,10,58.773715,12.201952,335.93643,173.30501,0.7706598,0.0045689344,0.74915874,0.85666376,335.93643
719d021e420d4118a057627f0a5c8eb0.jpg,7,38.18974,13.122771,9,50.39645,18.997926,1434.4688,537.5,0.64174056,0.0070745945,0.6446893,0.7577258,967.0125
71a318817d7149668683675d04d3afa5.jpg,7,40.636949,9.703734,7,40.696279,9.711771,6.631938,4.3418164,0.8349665,0.0075936913,0.8105733,0.9396534,71.877495
71a65e3274fa4908b6327b73de44c0db.jpg,1,48.493503,9.508635,9,52.28413,18.843314,783.69904,315.21497,0.6360578,0.013043404,0.65787387,0.7142047,1029.5392
71c119b7692642d08e1c07413b72b84a.jpg,9,54.353226,22.727182,9,54.352818,22.711807,0.9973834,0.9973834,0.7683463,0.014389634,0.7582184,0.8308345,8.202137
720fa8650cad4405bf42a4a1b9938317.jpg,2,39.520131,3.287639,2,39.514096,3.283268,0.7687048,0.019888462,0.7665396,0.010656595,0.75301945,0.82061994,0.7687048
72284cfcad2c44c2b914457565ba9d1a.jpg,10,55.713087,14.080967,3,64.316096,29.099932,1263.1976,58.317516,0.69046736,0.009987712,0.6992439,0.80604607,1124.4653
7239085819194fbeb079b1a5e8bae751.jpg,1,49.447038,8.782049,9,53.829135,16.141221,703.1407,74.59654,0.7594591,0.021820009,0.75049084,0.88141584,442.10303
7239631cf7974c83946d0516364ba132.jpg,3,68.788203,26.551226,3,68.796682,26.574339,1.3241132,1.3241132,0.86803675,0.002119124,0.84997445,0.95283264,46.151436
7243886f5b6d4710bf7b834544e56279.jpg,6,64.716348,-14.324656,6,64.716473,-14.324796,0.015407643,0.015407643,0.9790197,0.04528302,0.9750438,0.9949235,0.015407643
727e7972c442477193d8d872575f9f08.jpg,0,54.238541,25.994534,0,54.236407,25.992668,0.26647955,0.26647955,0.7907928,0.10930294,0.7847909,0.8448758,128.61287
72ab1a08c8574da78b15770cb9aa5f51.jpg,0,53.051938,25.544566,0,53.032974,25.65375,7.5977726,5.7604914,0.84283364,0.009003639,0.82922006,0.90140676,7.804117
72bc43668c2e44b998cd67a993942740.jpg,8,61.400907,8.808536,8,70.04132,18.818739,1061.0638,2.8572109,0.59186316,0.029259741,0.5878924,0.6746645,288.45612
72bf6d7f30644054ab4ed76f5e6f0d26.jpg,9,51.932388,23.612608,9,53.463153,16.367078,516.7903,17.195847,0.73326516,0.0055122375,0.74026227,0.73202544,438.53928
72ce6f0827ab4e93987115f5ac124e14.jpg,0,53.900822,25.93554,0,53.578153,24.318129,112.25753,1.7302836,0.8458282,0.00384593,0.81942,0.9514609,112.25753
72d90b17cbd94980abdb2ebf80f98ec1.jpg,3,61.673612,27.049963,5,55.276007,-1.6739,1796.3405,3.2812276,0.6616867,0.0033288002,0.6469145,0.7558546,61.978035
72f833fb23f440f2aa7c1f0eb815fcab.jpg,9,49.990135,19.213565,9,51.593643,17.674859,208.53043,37.3926,0.7516257,0.0033928156,0.75244987,0.80429673,195.91255
732ce7c6978447fa9766f600691a4fd2.jpg,1,52.30227,10.257636,2,38.53533,-0.623838,1746.243,98.94858,0.6582794,0.0059186816,0.64649045,0.7054354,1746.243
736abc6bb09c4aecb72d47cbbb35a6ee.jpg,7,40.530801,18.04382,4,48.476178,-4.58356,1989.9443,994.6033,0.683536,0.05955285,0.68873566,0.7660652,1415.5203
73ba86048b65458a84eaca7ada69c04f.jpg,3,63.644904,27.447163,3,62.5783,23.608721,226.499,11.8605795,0.8117803,0.0023328662,0.785612,0.9591987,84.89128
73bb2b78be6845f3bbdba53540a3cd6f.jpg,5,57.17607,-2.214259,11,37.305121,30.448507,3255.3108,103.73888,0.60287356,0.011072278,0.6253021,0.6720156,1662.686
73ea127dd5cc46d4974ea885c7b0651c.jpg,10,63.848498,16.401938,11,38.862125,35.668869,3055.4373,184.72876,0.6142891,0.014463007,0.61677074,0.7671268,3127.5837
73f4e9ee9c0d434f9f8f2b4da430ad96.jpg,2,28.951643,-13.673207,2,28.952993,-13.669843,0.3600926,0.3600926,0.89098334,0.015579402,0.87689817,0.9570066,0.3909448
7422582bcc8444669a52a994a9b7a1eb.jpg,2,38.525041,-1.675094,2,38.313329,-1.482958,28.88567,7.507152,0.7277831,0.042659044,0.71168554,0.79217327,28.88567
742f45b0211c44ffb19ad84931ea519c.jpg,4,48.094103,-1.994316,4,48.1162,-1.969941,3.051715,3.051715,0.7019248,0.022141218,0.6448831,0.9300914,3.051715
743149532c444f7caee56ec17268e7e4.jpg,8,71.125607,25.716872,8,71.116361,25.700246,1.1894734,1.1894734,0.9228361,0.019453704,0.9095231,0.97722363,1.3104408
745f1b42d3064c5688496d7807ef7ed9.jpg,9,51.349824,22.590907,9,51.44814,22.611754,11.027502,7.8796678,0.69314295,0.0059265494,0.67637986,0.80235976,30.718643
74748e9324854b528b28e10610d6c567.jpg,11,36.254631,29.769181,11,36.25154,29.953458,16.52753,16.52753,0.80007946,0.11251438,0.76578236,0.9372677,16.52753
74a5c9024d964173a580e2c81c58bd7c.jpg,3,67.276266,28.23593,3,66.862371,28.720318,50.58137,1.1015725,0.9019803,0.0013785958,0.8876701,0.95968544,24.64768
74c7533dd5de4d3d8f1bcd8572b92a83.jpg,10,66.042989,22.820215,10,66.054581,22.804161,1.4787238,1.4787238,0.90201557,0.06600869,0.88464606,0.97149324,1.4787238
74de821fc8a248a2b789eccca38b4fab.jpg,3,61.12339,24.665995,3,61.488511,22.70362,112.35403,7.8900194,0.7835077,0.027374387,0.76673716,0.8674067,380.2977
752df4cb14ca40f68fefd4b01c7122bc.jpg,3,64.746486,29.483094,3,64.746363,29.495029,0.5663451,0.105340086,0.87241876,0.028678358,0.8726677,0.8869858,21.608469
7535386eff2b4ad786a7408d00fcb5d9.jpg,5,57.554154,-2.834662,5,57.557649,-2.833036,0.40054858,0.40054858,0.75800574,0.054922104,0.78501654,0.7409252,1565.4312
754e071668174dd3a0573a7504f806b8.jpg,5,58.01386,-4.28483,5,59.066087,-3.329179,129.47777,9.837075,0.77576655,0.0021015406,0.7485323,0.9018018,9.837075
755b059fcc84455e9419c6b8fc6b2c3e.jpg,10,61.330769,13.490004,10,61.165365,14.703564,67.4638,4.1469927,0.6639649,0.028779566,0.6271292,0.8113078,67.4638
756f54f678644dc187b81023805ff728.jpg,5,58.086823,-5.233773,5,57.507617,-6.557777,101.503334,2.8330185,0.7081604,0.014966011,0.72292155,0.7237507,1561.6356
75728f07e40340a08100634b547da30c.jpg,2,38.550228,-2.980345,2,38.883886,-3.023357,37.288322,16.070133,0.7893708,0.0042260885,0.76292,0.8951739,37.288322
757929daf21045288daace15cb7c8426.jpg,11,38.337116,26.895847,11,38.337797,26.863291,2.8404853,0.22666895,0.76317793,0.01843685,0.7374468,0.86610246,2.8404853
759cdbc20b6e441faa315bcba5436e5a.jpg,1,50.406239,10.725955,4,48.878142,2.97675,582.9644,36.700985,0.6918037,0.02800858,0.67234427,0.7696414,582.9644
75bccb44f893431bafc91f6a23b04d19.jpg,2,39.992107,3.845867,2,40.006393,3.882051,3.4674768,0.3384423,0.74968934,0.04982376,0.7234682,0.85457385,3.4674768
75c5038ebd3349e1a8a4109eea9ea35d.jpg,8,62.555558,11.321415,8,62.240684,11.767514,41.881516,5.6401978,0.7897133,0.011230171,0.7777565,0.8782283,254.67792
75f16653f96f4eed950276ca76831af1.jpg,6,63.547192,-19.744967,6,63.59552,-19.972527,12.478564,6.386908,0.8147446,0.019006371,0.790577,0.9187474,323.01016
765a73b59fa943f28dc2bfb872c8142f.jpg,7,46.596419,12.720964,4,42.621449,1.822425,968.2013,265.16458,0.6413918,0.038922608,0.6410973,0.72674656,922.79944
767bd67d442f419b8f5930b540f3373d.jpg,5,57.739604,-5.659865,5,58.065262,-4.982217,53.984535,6.9445367,0.70857096,0.05133438,0.7102736,0.75802463,1510.0939
76b885c63b654ac78d9013396c6440c0.jpg,11,38.281585,41.098895,11,38.281309,41.098862,0.030824643,0.030824643,0.9133399,0.054168046,0.89681333,0.97944605,0.030824643
76d8168c7542409faafbdc7bb5914049.jpg,10,67.105587,20.9033,10,66.579899,20.477323,61.349728,20.266064,0.82402444,0.004627764,0.80820453,0.9195028,198.04408
771a2536504d4d07b613dfe10113b783.jpg,3,62.07395,21.531548,3,61.633318,21.77482,50.63042,15.917414,0.90879834,0.017486751,0.89372087,0.96910787,50.63042
7733f7f72712448fb2c09213a6cfec87.jpg,1,52.228871,14.061555,1,52.905445,10.719542,238.05159,1.8910369,0.7360211,0.01478368,0.711737,0.83315754,238.05159
77c57c58a657484e93fb004d944d715a.jpg,0,55.34547,29.332742,0,55.35547,29.22418,6.9528384,6.9528384,0.82735467,0.12748283,0.8030069,0.92474574,6.9528384
77c8e92b955e4e789b7a26a4815968f0.jpg,10,60.737041,16.555975,3,64.126339,28.06992,700.69037,54.601795,0.75574577,0.0019016266,0.75539815,0.87331146,350.14252
78058608d2b447e99a6673e6db4eb6f5.jpg,1,53.762852,9.299304,1,51.942696,14.036866,376.91974,3.3514993,0.7208613,0.011781812,0.71336067,0.78969973,430.13943
7826090d1de44516aaa9051bde6ee107.jpg,2,41.613388,2.266637,2,41.639021,-3.604182,487.88303,15.787452,0.6599115,0.0012080669,0.6231544,0.8472002,87.67189
78366bda8c774e63872ecc52031d5d12.jpg,2,39.857179,3.19553,2,37.817728,-0.819055,415.06213,15.870152,0.5918158,0.0007972121,0.5816704,0.651281,2127.5369
78676f39170840fc802f6dafce900872.jpg,1,51.671062,9.443881,1,53.147594,10.095165,170.02069,11.141847,0.8042681,0.012965143,0.78315175,0.8887336,170.02069
787a2f1cddb7494eabafefee6999ffa4.jpg,4,44.942239,6.568655,8,58.785985,9.04434,1548.4463,295.41412,0.6340953,0.017962396,0.64738834,0.72303134,2084.873
787c8ad2560f445aa1f85bf0b12f8643.jpg,11,36.633191,34.344399,11,36.362004,33.946935,46.600025,24.727558,0.702829,0.00030648708,0.67227983,0.86748457,88.66429
78ad456b7cf6475c9340da6570d785f8.jpg,10,62.11729,13.215281,10,63.98777,20.370601,415.91318,8.941649,0.78082937,0.002214849,0.7643563,0.91904813,383.8641
78e3310180de496cbf5cebe31864ab9d.jpg,4,47.543567,3.452662,4,47.554581,3.411008,3.3575494,3.3575494,0.74159425,0.0066846013,0.7187036,0.8331566,3.3575494
7913dec0cedb4f3e81fb57c249518255.jpg,10,67.773348,20.616517,10,65.442824,19.37279,264.88205,4.4023237,0.8083333,0.0070626736,0.791282,0.95058876,9.336382
79359d916cbc4b43b8bbca57bee8219b.jpg,1,53.463519,7.556725,1,52.989853,12.135383,309.24814,6.7458167,0.8009498,0.017722368,0.77633715,0.89940023,309.24814
7947270b17c74e0ead67354790840d82.jpg,0,52.138815,26.096308,0,55.125597,29.793207,411.84442,2.5359013,0.78850526,0.0109452605,0.7757919,0.86762786,45.77857
79ad47a32dd84107b5335c5d243d5ba7.jpg,9,50.530526,23.535872,9,50.482974,23.446198,8.256777,7.3989725,0.82003474,0.0070097446,0.8024871,0.9217969,7.3989725
79d17514920e4da8b84b9b61d9a844f9.jpg,1,54.06844,10.218448,7,41.090202,15.232416,1490.3667,83.971794,0.66931593,0.048517704,0.6627648,0.72082406,1348.8162
7a48ec4d2f9f424bb3aa7cd4b3509a8f.jpg,2,41.947239,3.124821,2,41.973599,3.028578,8.480532,0.39553463,0.789139,0.016543984,0.78564906,0.81440145,712.1172
7a7577f6ffd84504913f7e1d2273ba9f.jpg,5,57.583569,-2.810756,8,68.562618,17.57135,1579.3635,3.173637,0.6538582,0.023115575,0.65781605,0.6847678,1907.0266
7a772b4e605c4180aebfadc4adf28180.jpg,3,62.269224,22.606891,3,61.805713,22.312318,53.779728,37.011738,0.72240156,0.0351066,0.7391448,0.6775281,2551.5837
7a7f5a4cfcca450bb078da914e422836.jpg,10,67.143219,20.855925,10,67.100624,20.450622,18.149887,2.454044,0.8063536,0.0017562509,0.79538727,0.9243988,46.838623
7ac425ae738d4a65b47758b157953051.jpg,2,39.394493,2.941892,2,39.39569,2.977685,3.078579,2.376015,0.8358205,0.05017823,0.8057412,0.9616052,2.376015
7ad0c69479bf40ab8f8255598f98e6ac.jpg,7,37.625233,15.159198,7,37.742168,15.143908,13.072028,1.5678921,0.78234017,0.03585404,0.7474898,0.9217413,13.072028
7ad2794fd7294302900ee5b7589c771c.jpg,4,50.796974,2.746503,2,28.052552,-16.600723,3006.0342,460.3002,0.5780261,0.018894613,0.56385,0.69916314,2948.5315
7aee9a8802f1423f9fd28dcf895bd80c.jpg,8,69.278004,15.976458,8,69.27776,15.975718,0.039797314,0.039797314,0.96791947,0.056616426,0.96151966,0.9935185,0.039797314
7af0e6fa1d3b4c74a60f6b2569db0249.jpg,7,44.220399,12.373445,9,50.291373,22.248856,1004.0431,185.54099,0.67018867,0.0049399734,0.69637245,0.69059616,1431.9943
7b0955b267bb449f9bd6cc2eda6f3516.jpg,10,58.555231,11.563833,9,49.777361,22.067226,1188.7603,23.324442,0.68132657,0.00467664,0.7121599,0.66420937,1239.2402
7b7ebe491c0949b4b04b3ce720676622.jpg,10,58.555319,15.597105,10,58.379225,15.896588,26.205347,21.863018,0.7776419,0.016262293,0.7439126,0.92128253,41.91671
7b9d310c25c7427695a62de25f4eab06.jpg,11,39.632693,40.178891,11,39.609539,40.188321,2.69833,0.69177145,0.89472103,0.040510356,0.87504244,0.97343534,2.69833
7bb97f91b3d841d5af8fc2b55bcce73f.jpg,2,36.580595,-4.707666,7,37.718488,14.038213,1663.4606,4.335449,0.6601064,0.004197538,0.6780507,0.7074108,1326.1813
7bbb166f6ca24e8db9a56394b5f3b290.jpg,9,51.351261,22.736211,9,51.307329,22.695685,5.638418,5.638418,0.8403738,0.06929803,0.8187134,0.9270151,5.638418
7bd3b8d0b4a04f039355e34730f63828.jpg,8,69.443907,25.301104,8,69.439946,25.012518,11.2769785,7.256405,0.8746108,0.0068422556,0.8539753,0.96022004,7.339432
7bdbe31150b945178f762b6308ad7103.jpg,3,60.995724,21.981058,3,61.036514,22.07533,6.809785,6.809785,0.86114573,0.045767903,0.83579683,0.9625412,6.809785
7bdf7280e6e54c20a8c01b81d5b8b102.jpg,0,55.114673,30.31978,0,55.517583,28.874466,101.834366,3.8906527,0.8992796,0.0044825077,0.8851471,0.964255,36.991364
7be413bab395454daf663a61614b49d5.jpg,7,40.817584,16.937368,7,40.841572,17.005575,6.328308,1.1013877,0.61014736,0.025562823,0.58913136,0.7326944,685.3
7c47bd5ef3764b99901afc965911a924.jpg,5,53.067132,-1.490926,4,44.487337,4.674636,1054.6576,353.76437,0.6730911,0.0009636283,0.63692063,0.817773,1054.6576
7c7125c6eac84354881a8a9a1234c1ec.jpg,3,67.554637,27.897383,3,67.554351,27.900815,0.14913501,0.14913501,0.81047463,0.0030952096,0.7753664,0.9626402,0.20774618
7ca709b1cc044107a24911e34f9b22d6.jpg,4,45.134991,0.538277,7,37.742168,15.143908,1465.5029,833.82465,0.7479562,0.008224845,0.7123413,0.89041597,1465.5029
7cc3084d9ea5491ba06c24acd2f26abf.jpg,4,47.508065,4.3255,4,47.834133,6.434561,162.0235,1.4192154,0.70073533,0.026634276,0.67430633,0.8064511,162.0235
7ce50282a30c4ba9b21e62c75c963cd4.jpg,10,58.908828,16.625953,6,63.982126,-22.38325,2111.533,3.4865568,0.7392679,0.0017932653,0.73527247,0.81062436,1654.6792
7cfa80427f8c4e37ba1ce7902f38ae51.jpg,10,65.609963,18.981421,10,65.670617,20.250252,58.582115,0.7781488,0.75410616,0.005753875,0.7314868,0.8988787,188.4412
7cfebcb32cab46558e3bbef9b293880f.jpg,11,39.537159,33.131806,11,39.550074,33.220289,7.7218647,7.7218647,0.7761532,0.06069559,0.7723416,0.8233831,195.01283
7d1d206d7177419488aca9582357d5e7.jpg,5,59.101919,-3.326187,5,59.060786,-3.334604,4.598999,0.28934878,0.91017896,0.008742809,0.89786714,0.9618001,0.99019074
7d30e9f331654414b160bb6885c3db6e.jpg,0,54.19014,28.587532,0,54.596199,30.443418,128.349,9.481418,0.8573301,0.0041484833,0.8463904,0.9315076,108.54912
7d312676a7a547b8af1dbed122c99469.jpg,3,62.47935,23.604645,3,62.5783,23.608721,11.00474,11.00474,0.9176994,0.022666454,0.9075866,0.97706556,168.668
7d361abeb07c4c85b55751e9a56ace74.jpg,4,50.284515,3.662148,1,52.303567,13.56936,723.8491,246.08675,0.6799089,0.017169476,0.6882217,0.7400498,876.09863
7d4046cba4ae4406863ca2ca0dcd83fd.jpg,5,50.18545,-5.578729,5,50.199801,-5.534756,3.5136242,1.3222355,0.7888161,0.076357424,0.7611766,0.8993741,3.5136242
7d8e332668e3480b983c461b06d6e453.jpg,0,51.659761,29.120256,0,51.677604,29.129361,2.0810454,0.6910476,0.91439104,0.011502624,0.8975524,0.9817456,2.0810454
7da79c7f50274af89a76ca3ce84d0243.jpg,1,53.915244,11.782163,9,50.721512,20.585252,695.0823,240.39479,0.72793937,0.013073206,0.70829093,0.8205329,645.4003
7daa10289fa44b048fbf7540fc4d40b0.jpg,9,51.044551,23.041529,2,42.745708,-0.516635,2001.7032,888.2766,0.65053445,0.016057909,0.62872213,0.74699205,1268.8846
7dabdd85d17140f093762d1604aa8f87.jpg,0,51.910855,29.797803,0,51.920187,29.714205,5.8269296,0.5908098,0.7728896,0.00860846,0.78650224,0.81357336,46.455666
7dad8605721f49d48b887b49e7f0ce7e.jpg,10,59.705361,15.108296,3,62.294843,29.664285,833.658,81.50666,0.7121136,0.007349491,0.69128835,0.81351876,521.10065
7db606f3a36546c8af378f723adf60da.jpg,0,53.195771,27.524467,6,65.575295,-19.343319,2896.9163,192.55089,0.7611316,0.002776742,0.7959922,0.7483542,1806.0878
7dbf219369154cf5a1b4b84ab10d2355.jpg,4,49.673245,5.081747,5,53.137395,0.321755,507.11224,239.45213,0.64313805,0.0034517646,0.6331014,0.7270502,507.25354
7dc400f4e6ab49ab9496bad354e760a1.jpg,8,60.347274,5.244383,8,60.345641,5.245126,0.18612546,0.18612546,0.78587896,0.05320835,0.763036,0.8772508,0.18612546
7dcd72b0ed384a109d3ab17d75a92d26.jpg,2,28.661902,-17.816287,7,45.952691,9.041908,3030.3062,1700.5017,0.6776055,0.0403319,0.6588155,0.7735211,2879.9355
7dd13a1f978d40d3a87a4e43fa5a034a.jpg,2,41.058264,-6.453487,7,37.72838,14.056392,1796.4658,76.2418,0.71073407,0.0071545243,0.7104472,0.85521156,1860.7076
7e43b1f8ba914a26bc6e8dca866d8678.jpg,7,37.267371,14.938757,7,37.267891,14.939691,0.100868255,0.100868255,0.9058442,0.0472579,0.90173995,0.93036455,2.153413
7e5c5c1f8df846a1b4965e94c386b11d.jpg,1,53.211736,9.550637,9,53.604102,21.047086,762.45605,77.336266,0.74258345,0.016758442,0.7562497,0.7601057,507.474
7e6fb5afbfc94871b5f7faa17e527e31.jpg,4,50.545104,2.475844,0,52.520251,24.638502,1542.4052,1033.1156,0.6328886,0.01620382,0.6386491,0.71052986,2059.1438
7e7e640f51464c5198caba3640fb7310.jpg,1,53.444042,10.894591,1,52.989853,12.135383,96.82656,11.323577,0.7588737,0.00086188316,0.7379291,0.89006263,108.92241
7eb4848bab5447c19d3bb5df6914c432.jpg,2,43.379525,-4.065546,1,50.037722,12.037186,1429.3024,45.221653,0.6856082,0.021402061,0.6761348,0.7235018,1429.3024
7ebb453e1a194219b33897fa326f461c.jpg,2,42.266787,-0.679079,4,43.422411,4.995993,480.08035,10.971736,0.6381663,0.008339703,0.6131546,0.76448286,623.00494
7ebf95132d5b4186b44f32aa77330a85.jpg,0,52.797969,29.406642,0,52.795608,29.407099,0.2643235,0.2643235,0.87682,0.009202421,0.85204285,0.97592854,0.2643235
7edc350776184f9cacf382263c5a38b2.jpg,5,50.539184,-4.70958,5,50.508131,-4.746179,4.3147364,1.2317142,0.8700374,0.016721368,0.84247935,0.98420966,4.5480514
7efff6a6ef5045ef9c3bdea17bfcb417.jpg,1,53.250157,11.54703,4,43.682663,5.095597,1164.2035,27.825237,0.6828151,0.05411458,0.6827542,0.7774475,1229.489
7f0d6c1f9ddc42d2afb1fd58f6db6a76.jpg,11,37.811449,41.229488,11,37.567868,41.379056,30.113203,9.482353,0.87750226,0.042529285,0.8570102,0.9594705,30.113203
7f2f5ea4250d49738f10dc946edd7dcf.jpg,8,66.315559,13.292764,8,66.316632,13.297645,0.24852742,0.24852742,0.89680713,0.042115033,0.88793635,0.9322903,0.24852742
7f8e58e187a54e3199ec30580d57883f.jpg,6,63.946844,-20.682292,6,63.911098,-20.603066,5.54875,1.3856207,0.84989804,0.038897693,0.8277632,0.93843734,5.54875
7fcfc6752f7a4546ac032a76345ddb12.jpg,11,38.993816,30.961527,11,38.584397,30.226801,78.2792,3.275452,0.92161816,0.052287757,0.9058938,0.98451555,78.2792
7fcfe6bdbd5644c597d195beb496d540.jpg,8,68.419775,18.685813,8,68.354185,18.808385,8.854057,0.17679311,0.6907399,0.00938648,0.7188275,0.67471284,1880.1981
804fae2f48e0416c93af5cded9f70974.jpg,9,50.645644,21.072279,4,41.594061,9.324456,1350.6116,53.54056,0.63586605,0.004362941,0.6228099,0.73812675,1280.1577
8062ea74be7c46f19767f21b52dda5fb.jpg,5,55.442724,-2.446593,5,55.369446,-2.513646,9.182162,9.182162,0.76588976,0.02544111,0.73029375,0.9082738,9.182162
807dcb258ca04609988d53bea6e4e178.jpg,4,50.90448,1.80958,5,56.340248,-3.548863,699.67914,78.69695,0.64766455,0.014225483,0.64886284,0.7327292,990.1441
80d7bf9652654dcaa3aa9e3d15b967a9.jpg,0,55.291132,29.619615,0,55.296359,29.610909,0.8010112,0.8010112,0.7397307,0.06215489,0.7595712,0.7450497,2711.0117
80dc873a9f724c7a97c7dad6322330a0.jpg,7,41.876557,12.378809,4,44.986662,-0.745127,1113.2493,29.78284,0.68300176,0.0005233288,0.6954228,0.7838533,1661.0703
8114ea8dc537487c9f21729989a37fee.jpg,7,41.429254,15.599621,7,41.437702,15.607738,1.1577228,1.1577228,0.82126164,0.031354368,0.82145375,0.82049304,1.1577228
816cee8006a3466ebe5e9bd134b23941.jpg,4,49.131304,1.254226,4,48.530023,-4.619672,435.0113,11.754092,0.6830999,0.000819087,0.66130894,0.7702637,435.0113
816f37f14a19454bbe4d5fc204d6dea5.jpg,8,67.651837,12.595054,8,67.65252,12.595429,0.07758357,0.07758357,0.77711105,0.13113433,0.7724134,0.79590154,0.07758357
817eb5392add4aa790a79d986e17ca6e.jpg,6,64.910588,-13.742746,6,65.588691,-20.650596,330.12225,2.6929154,0.73676175,0.038098752,0.75010383,0.7998996,18.474245
81b0e55831024a5ba5b6d80bb77f08b8.jpg,4,43.786895,-0.936213,7,40.491209,16.290735,1463.9305,32.845238,0.71696883,0.0063866973,0.7158138,0.73640424,804.7474
81b10f8706774973b82e84e4d0231a05.jpg,6,63.945431,-16.807802,6,63.948635,-16.822398,0.7968994,0.33689186,0.8296841,0.012313485,0.804223,0.9391985,1.267027
81c2782ff2de4821a7b203eca539fb49.jpg,5,50.135329,-5.307912,5,50.163039,-5.307379,3.0814497,0.03558268,0.7980435,0.03681016,0.77786344,0.9195076,38.127613
81f7a7c50ed445b3ae52fe821a2d8823.jpg,2,37.809949,-0.880417,2,38.313329,-1.482958,76.913795,5.4592986,0.7832408,0.010044217,0.8002717,0.7976017,199.60663
81f7b007d2244fdf97c70e798b541ac4.jpg,6,65.817323,-17.552908,6,65.848367,-17.492047,4.426293,1.578564,0.7982952,0.000315547,0.77873904,0.9360554,256.22406
82014ae6a43a4092bd161da9cc86533a.jpg,2,42.018403,2.707649,2,41.968908,2.867241,14.291274,5.2381372,0.65489227,0.032245398,0.63181716,0.8601935,943.20404
820e5f36b49940fa8f92ffacfc02c1ff.jpg,4,43.988064,7.54734,8,60.814143,5.803621,1874.5497,47.870983,0.6803205,0.022926033,0.6594164,0.8320731,1878.1133
82182e486a93418c9ab08038886d227a.jpg,2,43.220112,-8.985345,4,44.632143,-0.846068,670.1725,10.483268,0.64623743,0.002849996,0.6478224,0.758161,68.538284
821b52a8ec064350b21399255ea4175c.jpg,6,65.632626,-23.267904,6,65.631008,-23.291513,1.0979962,1.0979962,0.8222128,0.016057849,0.79729366,0.9259013,18.86148
821c4db0e35d4d379583653128c7e316.jpg,8,61.846566,8.598131,8,69.065081,18.461958,920.4351,31.044422,0.6088763,0.00020176172,0.58687234,0.7744024,911.36816
824306886a7a46df9accc061289a4e4a.jpg,7,43.690431,10.468323,7,43.632844,10.598848,12.298226,12.298226,0.7256194,0.013352752,0.7179862,0.8333628,1426.7346
8299e0f9cd8b450ab631738410712ca9.jpg,6,65.937757,-14.83553,6,65.896257,-14.829971,4.6214843,1.1934533,0.86875284,0.017189205,0.84507835,0.96345055,4.6214843
82caa7b9a8ae468b8338ed2d32c82e9c.jpg,5,55.781039,-4.453462,5,54.200853,-6.094424,204.51544,14.812025,0.7503042,0.004715085,0.7241893,0.8868098,63.93979
82ccc41c692146ff922bea2b6668b80c.jpg,0,54.632033,30.506119,0,54.538322,30.18654,23.078876,23.078876,0.8181167,0.058001935,0.7953483,0.9091904,23.078876
82d5a904db924e048b4cb8cd2364e60a.jpg,9,54.357282,19.679806,1,53.683157,9.21983,686.7744,413.64767,0.6914921,0.0060317516,0.6667663,0.79039526,686.7744
82ecca74bd1345a590dba9a9fb8cf32a.jpg,1,48.137174,7.951792,7,40.580063,8.242867,840.6304,248.61867,0.71483576,0.007517159,0.7085555,0.7399566,840.6304
82f26707093e47cf8349fb36db15525c.jpg,0,53.057885,29.463351,0,53.044577,29.567911,7.143677,0.3441778,0.9165007,0.019491911,0.90889156,0.9655224,17.033358
831da0efd39c42b894059cadd55db8ff.jpg,0,52.316614,31.368534,0,53.733883,28.486307,248.95009,11.072437,0.8897571,0.0024168491,0.87701476,0.9598276,196.17053
8329c0f3c4734d5aab6a5d6cf972211e.jpg,6,64.847656,-22.667702,6,64.839332,-22.576228,4.421768,4.1334844,0.9178821,0.03346914,0.90318274,0.97667927,4.421768
834bf5a7f4f5447a963e1895f2f03e3f.jpg,5,52.743821,0.433933,5,53.192242,-0.6244,86.655846,27.410622,0.82632184,0.019323647,0.80900466,0.9349372,41.595688
83569ac696f44ea8bc9c6ee052bbdf8f.jpg,3,63.778483,29.406286,3,63.835635,29.464602,6.9698286,0.46332598,0.89000237,0.013141036,0.8770611,0.94176733,6.9698286
8359204c3d814998b3eb539a181eeb78.jpg,1,50.479003,12.973328,2,41.332482,0.810697,1382.1669,686.97705,0.80505836,0.09430146,0.78133804,0.9012637,1323.8291
83869dda68554de8accc0137cb682ce2.jpg,6,65.827414,-14.842555,6,66.025335,-14.808961,22.060526,0.2807495,0.8322929,0.030989766,0.8085699,0.9409107,31.734919
8396fa1ae1204d94b46152f8ca55843a.jpg,1,51.359374,9.902927,7,42.55573,14.112832,1029.2997,579.72614,0.64992416,0.028761387,0.6267992,0.7998481,996.2018
83ca0214f41f4fd4a270f95d8eb3e14b.jpg,5,53.621937,-3.047574,5,53.684229,-2.774966,19.254501,19.254501,0.7114371,0.0115276575,0.69126785,0.80586797,83.065094
841185386f764350a5168743ed15e524.jpg,8,68.557179,17.222902,8,68.391602,16.641245,30.0356,0.9988616,0.8158085,0.03564328,0.80099845,0.8995378,0.9988616
8445462cbc5c43a4b10d13d9e1bc5882.jpg,8,61.386876,8.810942,8,61.375302,8.813035,1.2917906,0.14038257,0.7890041,0.1525966,0.7645777,0.8867097,1.2917906
8483a9fed25b4fc49503f4cff9d08276.jpg,4,49.13933,-1.336914,4,49.011569,-1.428763,15.702909,8.983268,0.6507496,0.029984534,0.664333,0.663628,1660.3939
849af21c1b894bc9b0fb0eb559475789.jpg,5,50.374954,-4.44263,5,50.372257,-4.444762,0.33585173,0.33585173,0.758133,0.10363883,0.7426545,0.83167315,29.368752
84cd825216154424bb212dc76254f5cd.jpg,1,51.07726,10.10035,9,50.488328,19.321573,651.158,121.08766,0.6376213,0.01732713,0.6451731,0.68704695,747.9921
84d9cfb1006f4382a3706e3fa30ef6ff.jpg,2,28.982436,-13.744076,2,28.986756,-13.741806,0.52867776,0.52867776,0.8318455,0.12621582,0.81960833,0.88079405,0.52867776
84f643a5d70d4dae8e68f6989eb509d3.jpg,5,57.782351,-5.037308,5,57.488961,-5.28596,35.823795,3.3243577,0.72335213,0.025328994,0.71347296,0.81988484,28.57814
8529017f9e06438caa2ab10c074068da.jpg,2,40.451703,-4.685186,2,40.453107,-4.687721,0.26529387,0.26529387,0.794067,0.053389013,0.787127,0.8218272,0.26529387
852cd3d35aca44f1be70dfbe75f8f740.jpg,8,61.861721,6.095785,8,61.753985,6.275076,15.238807,3.1081812,0.7985605,0.023548484,0.7740102,0.9334123,29.925516
8533aad7b67b45c5850d19b560fa8e2d.jpg,7,40.935194,9.314385,7,40.930937,9.36785,4.516211,0.3167405,0.8512417,0.013227224,0.8277317,0.9589759,22.226337
8535e3a6fe464fe69f23050d087d3415.jpg,3,65.491232,28.701995,3,65.579642,28.919944,14.048932,4.325858,0.8436154,0.010114074,0.8364115,0.89753985,9.4977665
85437818ce7d4ce788e6db2cb9bae219.jpg,0,53.093124,30.308757,0,53.722179,32.027986,133.7088,2.9821088,0.8249495,0.0065892935,0.7903044,0.9650506,99.80733
855851cd6fd34993902ebaf3b4d857e5.jpg,5,54.551251,-3.211184,7,40.647544,17.316788,2166.068,23.826473,0.69400406,0.00464499,0.7023214,0.69148403,528.332
85610ffaf87b41f59cb300b64a697f00.jpg,5,50.170414,-5.328276,5,50.141467,-5.395962,5.7977085,1.6993847,0.7253744,0.02969259,0.70543474,0.8339733,27.567106
856d90f024c44dc9a253c000a65ce77a.jpg,6,63.840899,-22.423927,6,63.850377,-22.440329,1.3255241,0.54927915,0.6695071,0.009522855,0.6672152,0.7543392,180.44691
856dcf002141473480339195b8b477f1.jpg,3,64.048022,25.791236,3,64.344708,25.877472,33.253017,11.5398655,0.9390496,0.0109092,0.925933,0.99151564,33.253017
857a30a4dbc14250ae217fb2a2e70421.jpg,9,51.480548,22.084133,9,51.491333,22.06491,1.7916011,0.2165853,0.7067467,0.013090372,0.6751118,0.83328646,1.7916011
8589e97d80474ec4b2c33fa57a4b03a5.jpg,11,39.697756,34.394158,11,38.252436,41.018467,594.5996,13.001351,0.7452036,0.027087629,0.73479277,0.84253716,121.86537
85a6422d6bc545918a7007b70bbb4381.jpg,3,66.726201,25.454301,3,66.661498,25.438167,7.2295833,2.9184318,0.81944704,0.0092381835,0.7897607,0.93819237,7.2295833
85baeb45dc534952aad9d84e2781c463.jpg,6,64.838096,-13.807728,6,64.835651,-13.811599,0.32773575,0.32773575,0.9317282,0.02006501,0.91780704,0.9874125,0.32773575
85c1238742374f06ba5a828526050858.jpg,3,66.075353,28.460163,3,66.138562,28.489213,7.149264,7.149264,0.66856337,0.011217177,0.6481209,0.85281754,599.5299
865f1e8cf5324b1b8b44612988ca1e07.jpg,7,44.543646,10.942637,7,45.621394,9.605065,159.33861,3.8519552,0.7137981,0.03311175,0.70299995,0.811709,231.44125
86684afc29fb460f9498380b5b8615d3.jpg,7,44.446661,8.076016,7,44.456561,8.044564,2.7284555,2.7284555,0.76251435,0.054541647,0.7529577,0.8007411,2.7284555
8693964882e24829a766415a02ba6982.jpg,10,67.969163,19.963645,10,67.969906,19.962094,0.1049317,0.1049317,0.9392841,0.05616659,0.93160737,0.96999073,0.1049317
86a322bdd5f243159d9212cc083d239d.jpg,6,63.847865,-22.42704,6,63.847514,-22.420016,0.34645322,0.34645322,0.842287,0.13893771,0.82295084,0.9196316,0.34645322
86b6ffe1d7dd4c3c994ddb20257ad2d1.jpg,0,55.391993,29.086734,4,49.523653,-1.872275,2176.04,19.76257,0.6207442,0.0015791059,0.6054159,0.7266269,2396.5574
86c46e8f67824cc7811166648f5e3174.jpg,7,40.598784,16.978595,7,40.598043,16.993397,1.2524348,1.2524348,0.7921491,0.08462608,0.8153575,0.8388823,1984.179
86c7743d6e064b778e7af55450128e68.jpg,2,39.467666,2.899223,2,39.473074,2.895959,0.6634082,0.6634082,0.79254925,0.010642469,0.7589742,0.9609843,2.5498836
86d9ae910e0e462797a87e642e53a8f0.jpg,4,41.740019,9.405671,4,41.832903,9.403586,10.32969,0.5408159,0.87508804,0.010868669,0.8513021,0.9702319,10.32969
87051d18f4d043f3ab592226b89b60c4.jpg,8,62.903278,7.482746,8,63.057982,7.638123,18.90831,12.553689,0.68586373,0.034647822,0.66456795,0.7710469,18.90831
8716709bd75d49629b6db0dc86780736.jpg,2,37.362366,-3.824284,2,37.453851,-3.940316,14.440108,2.5040994,0.79661477,0.0049077272,0.77222157,0.8941875,14.440108
87217a087f00471aa61bdd3915239220.jpg,7,46.672239,11.674572,7,46.874528,12.122645,40.870014,16.500013,0.6781775,0.044881523,0.6493698,0.83560896,219.98936
87232e47e9a7470eb6f3e5b98d764971.jpg,10,56.528036,15.126717,4,49.150955,0.770498,1261.5938,653.9134,0.64794815,0.0011790395,0.6401815,0.7356225,1307.2179
87256039f750448583db12c56685fe6e.jpg,5,54.701701,-6.100977,5,50.132999,-5.565709,509.30835,269.866,0.6453087,0.0042148232,0.6130558,0.7743201,509.30835
873fc2ebdd634823a10e73cce7932699.jpg,7,40.59346,16.157511,7,40.599087,16.174433,1.5597568,1.5597568,0.84183896,0.086628616,0.81326836,0.9561212,1.5597568
8772ffa234584c86a9801cf688c63747.jpg,2,42.764643,-1.10566,7,39.414284,16.013789,1479.3995,396.34256,0.74564296,0.0146743655,0.71792656,0.87436604,1459.0781
8796b176059f45f2b1cd1b042c3fc8b4.jpg,7,41.836047,12.798332,7,41.851262,12.786974,1.9358505,1.6040199,0.82297057,0.018840194,0.79569954,0.9353559,1.6040199
87a9c80df4354589b2f4b9581ac26b5f.jpg,0,53.769295,23.839714,0,54.160862,26.455054,176.52103,15.869853,0.84823537,0.0034601688,0.82756925,0.9401798,116.55047
87b8cea675344184835c758c98044e00.jpg,9,50.002377,22.262985,3,61.200444,27.511671,1287.0679,83.18615,0.5988469,0.00012516975,0.5879959,0.7417084,1157.4048
87ba00ec71164ced8f45220b713b0c2d.jpg,8,68.913339,17.738911,8,68.908077,17.759884,1.0229896,1.0229896,0.855181,0.055462122,0.84443915,0.8981482,1.0229896
87be1b84ecd34e8ab696d03565835290.jpg,5,51.808049,-2.016484,5,57.327991,-3.698684,623.2451,0.7335986,0.7108997,0.002860725,0.6978371,0.8214084,505.58096
87f34c027be84da8a3df5a622129a27b.jpg,7,37.742061,15.140207,7,37.729181,15.162413,2.4216528,0.32564697,0.6979022,0.011077285,0.6874816,0.8366575,1127.4891
87f66045df064abbb14942a0b4e23c20.jpg,5,50.579372,-4.873813,5,50.532992,-4.809237,6.8853717,0.41395453,0.7941278,0.0064679384,0.7793372,0.8784201,7.1117573
882e2847eee9464899fd6b57780fdf52.jpg,5,54.451617,-5.530446,5,54.517056,-5.548987,7.374402,7.374402,0.79887825,0.007762313,0.7660036,0.9353398,16.332554
882e31cca3e0417baa36718550539b91.jpg,1,54.531682,9.825026,1,54.564042,9.837347,3.6849744,3.6849744,0.8138143,0.08283591,0.8011197,0.8645925,3.6849744
882e9df534454c4e88b71939831296af.jpg,11,37.712231,39.280617,11,37.619433,39.161097,14.736025,6.711305,0.7019271,0.015699089,0.7061796,0.79907703,261.6526
88437aed33944aac8ca89e7c0dd62c73.jpg,5,50.375498,-4.618852,5,50.833724,-3.799671,77.05948,0.2346443,0.79958725,0.005612135,0.7694996,0.9561155,28.551165
8849482ec0454036b092664b8e02339d.jpg,11,37.224303,39.85981,11,37.223707,39.870056,0.9096191,0.9096191,0.8723585,0.008424282,0.85398424,0.94585526,0.9096191
88577de2d15c4c408be34ecab5c9af80.jpg,7,41.177412,9.278804,7,41.215209,9.245403,5.047169,0.07093544,0.8514476,0.017656684,0.8370197,0.909159,5.047169
887398f6a3af485b9475271c55ccf063.jpg,8,62.94322,7.20125,8,62.839373,7.233919,11.665318,7.8809285,0.68055326,0.051635623,0.6907143,0.6676221,323.8166
8875b3ee497a4d618f172b70d5c4efca.jpg,2,42.177951,3.033926,2,42.131636,3.064628,5.7382665,5.7382665,0.82437027,0.09361559,0.79222697,0.9529434,5.7382665
888032c378e24c7b873862d7facbfcc9.jpg,6,65.914164,-16.396201,6,66.013048,-16.417667,11.038314,7.430572,0.78102106,0.01679641,0.7526154,0.89464355,11.038314
88804c1dc28e4823a352b237b3934c8e.jpg,0,52.37505,27.460804,0,52.481454,27.475619,11.874164,0.26702097,0.9084781,0.021372736,0.8940126,0.96634,11.874164
88ab955fb447459fbbd1c440734d2673.jpg,8,68.795455,16.537051,7,39.723141,16.390583,3232.7102,17.929495,0.6780066,0.009109199,0.6897462,0.7524147,3478.2666
88d203a33d9341bdb3dcba89708afe23.jpg,6,65.279291,-14.43447,6,65.420121,-14.587878,17.200016,0.62394434,0.75676453,0.0045170784,0.73781097,0.8884978,0.62394434
88d49067ff914c3ab7170250d1c56901.jpg,10,62.065021,17.136773,10,62.170708,17.158308,11.805108,8.968933,0.7582833,0.023652613,0.76237404,0.7419205,11.805108
88d9e7bd557e4a019c557d760678e346.jpg,10,57.520359,18.372938,10,57.51573,18.373488,0.5157688,0.5157688,0.68361723,0.04173231,0.66822594,0.7561366,11.578214
890ba1cd285b4001a2fe5e889ca6c504.jpg,6,65.046489,-22.349808,6,65.007627,-21.919515,20.657299,9.080558,0.7573499,0.002557695,0.77785605,0.7190696,246.77473
890cab81d2e342f9875447a4e10946f4.jpg,11,41.167039,28.391396,4,49.111249,5.115409,2017.1047,61.418438,0.66043156,0.01978451,0.691268,0.7018825,2516.743
8927d92b64e6438b8bb58faecd2459ac.jpg,8,68.522875,17.154944,8,69.423994,19.277515,131.17755,2.66102,0.7809937,0.006162405,0.74524665,0.9239819,131.17755
893bbd90459748c983c0e51663ca16bf.jpg,5,51.650422,-2.371041,7,43.80519,10.722652,1308.0127,7.80352,0.70129395,0.0014275908,0.7131717,0.8327496,229.90208
893f8c3d238c44e3b8777b1610aed456.jpg,10,66.436399,20.533514,10,66.473153,20.319885,10.3319235,2.5670357,0.8718936,7.1942806e-05,0.8823604,0.85337937,232.14977
898be4c2ea314797a20881c849417516.jpg,4,48.342153,-4.576636,3,64.787787,25.542515,2551.6753,63.321304,0.64015436,0.00041407347,0.64649534,0.6840177,494.23688
899d1459a151443f8265999832ce421c.jpg,0,55.032563,29.304935,0,55.103895,29.695055,26.074717,6.748613,0.9320429,0.021469355,0.9269733,0.97291934,39.59684
89b73b9102dc46508c6ba0be13d169d9.jpg,11,38.578091,30.216227,11,38.584397,30.226801,1.1560636,1.1560636,0.868678,0.03603834,0.8470962,0.9550048,1.1560636
89c6d7d9dc61441da12b7e6480e217ad.jpg,2,42.709318,-9.015408,1,49.827913,11.379738,1748.4692,785.3153,0.6508027,0.012229145,0.6526306,0.6691234,2431.7358
89df2531d39f4befaf862be50e246295.jpg,5,56.85582,-5.030483,5,56.98482,-4.873062,17.234669,5.042227,0.7632436,0.031097174,0.7278905,0.90465593,17.234669
89faeb4e1cb94c1d883b94eaecfd84ac.jpg,1,51.465042,13.180692,1,51.788599,12.82498,43.558025,18.227478,0.7483653,0.0027003288,0.739276,0.79098606,438.68182
8a02caa054114e00b05eaab7299ced66.jpg,3,61.70945,28.033044,4,48.529572,-4.619243,2498.9402,13.22095,0.6586816,0.015425026,0.6467854,0.731653,2315.0117
8a28c6fa991b4ecc951c0fe2ec9fbcc2.jpg,8,68.375271,14.460021,10,63.771995,20.226488,573.57544,5.4028897,0.7470019,0.0038271546,0.74434555,0.84595066,231.81561
8a3c95fa18314f26963ebb46b2df5447.jpg,11,37.078024,35.361869,7,40.936322,9.471971,2269.0852,35.056065,0.73803645,0.053470492,0.7233201,0.7969016,2269.0852
8a4c6865109b4219883d6032fdfc4cde.jpg,6,64.499487,-14.478084,6,64.500585,-14.480743,0.17637675,0.15437669,0.9219321,0.00095534325,0.9101511,0.97386974,0.15437669
8a4e43bc925b4780a2ecc38a6d3c0599.jpg,1,51.192832,14.551046,1,54.564042,9.837347,490.27103,16.224852,0.6721479,0.012594223,0.67421865,0.81033266,347.37234
8a646525236342f19285e58126244ae0.jpg,9,53.018656,20.452052,9,52.922097,20.516812,11.579599,1.8405998,0.79129976,0.050343394,0.7837891,0.82134247,11.579599
8a91ba79d19c4e268e913cac4e12115d.jpg,0,54.187906,28.532601,9,51.560992,22.015205,525.6467,14.7173395,0.6870233,0.028427541,0.6752874,0.7834481,915.0462
8ad4cecb9fa04f06a171f4119b17b06f.jpg,5,56.717557,-6.059076,5,58.040677,-5.24709,154.96364,1.0289526,0.7733106,0.037225902,0.7546468,0.904036,97.7391
8ae12a3554ef4100b318f2acc9b3fc93.jpg,7,40.869272,17.40883,5,53.098157,-1.532503,1966.873,643.1755,0.71516204,0.018771112,0.73770636,0.8498213,1317.9526
8b03e1427df04619b784431aeed7bc62.jpg,6,63.849947,-22.372982,6,63.852085,-22.36296,0.5456364,0.5456364,0.8369576,0.0016354322,0.8118702,0.9418718,0.6528235
8b0560f1d9474a81b6c14c4a5b4e7fce.jpg,9,53.123049,19.517809,1,54.409451,13.46609,422.52487,365.89722,0.74809754,0.0038107634,0.7487611,0.79943895,661.9763
8b1061bc672a4af39af7aa3a110abd92.jpg,7,46.509899,10.375653,7,40.068997,9.610283,718.8604,66.36176,0.6236585,0.015334845,0.6248553,0.79934955,339.93845
8b20d3539e2a4c34aac25d0930642440.jpg,4,48.240707,5.480299,4,49.512464,4.762281,150.8454,51.900066,0.684834,0.0018283725,0.6701491,0.814952,608.655
8b21ae914b4640b6b46e22481e74831e.jpg,6,65.866301,-23.325932,6,65.988457,-22.943558,22.028957,1.1261914,0.77555084,0.050248265,0.7500527,0.8870253,32.39479
8b252b72c04446109dd3cf3af18168f8.jpg,11,39.604715,40.184767,11,39.609539,40.188321,0.6167899,0.6167899,0.92258567,0.038616598,0.90964264,0.9743577,0.6167899
8b323c2b18fd4acb8980b396ec95d685.jpg,4,49.468449,1.036082,5,50.64581,-4.105804,389.62497,40.212654,0.59898144,0.00551188,0.59748775,0.68683356,400.46667
8b5d4be6b14e4bfd92d262a5e593241c.jpg,0,52.222396,27.867509,0,52.212889,27.864871,1.0722986,0.39289302,0.8713773,0.06372172,0.86102283,0.91931343,19.580786
8baf8260c36a417d913eecadb7e16d41.jpg,8,68.439475,22.47126,8,68.441166,22.477791,0.32645234,0.32645234,0.9414264,0.022625089,0.9321842,0.9783951,0.32645234
8c12e2a32c194381b1e3e6fd8f8b0ecc.jpg,0,51.934283,29.55821,0,51.907775,29.810411,17.545107,1.4047787,0.7886095,0.021510601,0.7587827,0.90791655,17.545107
8c34a9143c9a472a9bb283310ee0952f.jpg,4,44.16342,-1.031942,4,44.161989,-1.078002,3.6775293,3.6775293,0.76353824,0.013587475,0.7489318,0.8219638,3.6775293
8c4772c7b2ef41b1bb59b8e61955857b.jpg,1,47.691755,9.253587,1,47.692513,9.250256,0.26317716,0.26317716,0.91777915,0.3214873,0.91780996,0.9176557,0.26317716
8c4cd664baaa4ad68a7942afe4f60eb1.jpg,2,42.489206,-6.440836,7,43.554193,11.549508,1464.4207,231.67773,0.6661544,0.018145502,0.6868482,0.8010673,1281.6472
8c76ee99183242448dc03f4c516bca3a.jpg,3,65.929477,24.620006,3,65.928897,24.619141,0.07548746,0.07548746,0.9552031,0.014211595,0.9463766,0.99050903,0.07548746
8c7fcee57b6a4a60a90c0090a3af2ec9.jpg,1,53.014535,11.179931,1,53.612949,7.85119,230.90263,8.253753,0.76674134,0.018295467,0.79165304,0.6985593,84.44883
8c8eca06a9d9462cb236e6ac8e6abdf5.jpg,6,65.938213,-18.404188,6,65.937498,-18.401524,0.14459738,0.14459738,0.9614483,0.043069124,0.9550141,0.98718494,0.14459738
8cb44f683bca416292efad8e93d31b1a.jpg,1,49.423292,11.185826,9,52.389206,20.430847,726.5817,152.62769,0.7026921,0.016164303,0.7128093,0.79142416,490.63904
8cb9a02126f84d2ea0012338f02e2868.jpg,6,65.854988,-23.318098,6,65.611402,-22.802872,35.888844,0.26704985,0.84935033,0.010996699,0.8296098,0.951331,59.078854
8cf201eded7044658311436a847587d2.jpg,10,60.1992,16.592087,10,59.343457,15.833518,104.19863,0.14844872,0.7020876,0.00959444,0.6825879,0.7804905,106.981606
8d002b3fdc074969b18287aba20cbd0f.jpg,10,65.230798,19.511493,10,66.998655,19.844396,197.14685,5.1822944,0.8897822,0.015062273,0.86983323,0.96957785,197.14685
8d10d305750340a4b1a37aef1536d98d.jpg,7,40.934013,17.173062,8,62.201286,12.950278,2381.5596,653.13635,0.6331011,0.013382196,0.6409776,0.6422233,1803.6493
8d14d9d5ec04444294f095decf1a61d0.jpg,0,55.866851,28.605033,0,55.862421,28.605279,0.49283332,0.49283332,0.82907563,0.008445561,0.8084471,0.9329666,66.40512
8d2357072ff94d5c8c699e5af11c9a0f.jpg,11,40.964481,40.534978,5,52.624791,-1.411929,3387.9238,1861.3068,0.6030734,0.011329353,0.590503,0.73750657,2963.1406
8d53bb2f84bd4af584f34742762b4578.jpg,9,53.351449,19.228265,9,53.420427,19.543763,22.285057,11.034287,0.7216836,0.018422723,0.7386333,0.7369294,23.32415
8d5ff6b7a7cf447c818eb28f0c8879d6.jpg,7,38.048346,13.376082,7,38.023083,13.361467,3.0869927,3.0869927,0.7231115,0.0143043995,0.69334275,0.8421866,3.0869927
8d70df6ce83e450ca018c5f963406c47.jpg,10,61.765973,17.165021,3,64.224445,29.361985,672.3859,2.6532016,0.66277313,0.0031362176,0.6647845,0.75420046,504.53384
8d75a469716b42b292f9e2ef408e6644.jpg,9,50.631738,20.773438,1,48.987973,8.770371,879.4348,130.22588,0.5827097,0.00063961744,0.55719054,0.7206971,1281.9991
8d77528bde0e4816b5c45fee10e90d53.jpg,3,61.782048,29.845352,3,63.017775,29.71258,137.57681,4.691724,0.8406118,0.015883088,0.8373178,0.8817685,190.8629
8db23d233ada4f14967df8a31939fcd4.jpg,11,38.564305,33.235199,11,38.756186,33.089389,24.809683,16.726828,0.73391205,0.009711564,0.7224339,0.8130262,16.726828
8dbe933f34b04aa299cddde5059e39b7.jpg,6,63.662148,-20.106536,6,63.463536,-18.610843,77.26675,0.34108478,0.79899126,0.015119612,0.800401,0.8430654,45.061825
8ddedbf716ba405c95bf257305348a64.jpg,7,40.991622,9.138444,7,40.987765,9.134418,0.5460073,0.5460073,0.88259727,0.04256302,0.86291564,0.9613236,0.5460073
8de6da23c9ee4268bca1a2d25094c7d6.jpg,8,62.446761,11.399143,8,64.736661,12.827589,264.22705,4.0853357,0.79327613,0.03640735,0.7781105,0.8831141,244.12354
8debe4811cb74b4f9ca0a8e83015d121.jpg,9,49.787482,22.117257,9,52.900615,19.226635,400.09872,3.7642825,0.6706127,0.01587671,0.67623305,0.7602922,248.82173
8e1412518e5842e2a1d0c7ba343f9157.jpg,0,55.260661,30.112753,0,55.264923,30.112058,0.4759549,0.4759549,0.87824416,0.156299,0.87685937,0.88378346,0.4759549
8e1cc8261cb3458f86d709557a3486da.jpg,8,58.991888,6.927006,8,59.013299,6.895682,2.9809139,2.9809139,0.83881205,0.027803063,0.8237779,0.89894867,2.9809139
8e2396450f1f4734839c3e5f2887828f.jpg,11,38.57407,41.121955,4,42.518416,9.397703,2699.9978,4.5005493,0.7059595,0.0018773675,0.72355837,0.75244683,3213.6038
8e2a2fb6bb0946f8b04d2fa9bf172220.jpg,11,37.715281,30.255341,11,37.483791,30.564502,37.475574,24.545061,0.7104319,0.013342917,0.70602435,0.7538751,24.545061
8e36bdef61ac4c5997fe08efd926b6d3.jpg,1,52.555389,11.809157,9,51.216971,18.478096,481.08328,26.29523,0.71224743,0.0031892061,0.71017253,0.78815806,377.8683
8e5d0939a76b454f9d556fe5339baaf3.jpg,3,65.238803,26.453585,3,65.25382,26.500389,2.7453692,2.7453692,0.87373847,0.029562473,0.8659805,0.9184754,44.887295
8e793de48bf847c686a421d785ea712f.jpg,6,65.945211,-16.567453,6,65.943556,-16.568617,0.19144134,0.19144134,0.8323598,0.026198149,0.8069135,0.9341448,0.19144134
8eba751b1d534ae2a1bc5ec1a2cda7bb.jpg,7,39.090338,8.387709,7,39.08097,8.415868,2.6442318,2.0942216,0.85293233,0.07245296,0.8271396,0.95610315,2.6442318
8ebbd7bfb3224bfda299b960ff2e98b3.jpg,6,65.179211,-21.496417,6,65.207334,-21.394387,5.6953053,5.6953053,0.89975166,0.026168823,0.8805558,0.9765351,5.6953053
8f2c60d7a15a412d95b3972d36ef8c90.jpg,1,54.834637,9.260121,4,43.64727,-0.906021,1443.1283,10.332382,0.6792615,0.018847942,0.7138274,0.680109,241.1477
8f44a674fd2747a1b8bcf2db8987ac38.jpg,7,44.18213,9.863866,2,37.845897,-0.788254,1136.4462,94.15194,0.7697766,0.062354505,0.7745347,0.7874256,1113.2762
8f4c9eb6d731463985d2079f0d456f38.jpg,0,53.605371,25.764625,0,53.545808,23.784002,130.9308,6.755102,0.83111715,0.047593296,0.823,0.86358565,130.9308
8f93d959fba645c2a9defc8de600aecf.jpg,8,66.748909,15.735507,3,67.541653,27.919456,532.6247,14.902086,0.72697437,0.0054270625,0.732332,0.82450247,58.579674
90029bad59ea4c3cbaee881c9e657f97.jpg,7,42.739112,12.076198,2,40.386291,0.095599,1029.5393,0.76658064,0.6536092,0.0028122067,0.66636455,0.69946355,645.7972
90aa79a1a9314244834948c0259300b9.jpg,8,63.012362,8.525577,3,61.414292,26.3755,938.9689,3.7625332,0.67686063,0.030846894,0.668252,0.73701036,312.3388
90cee8bd4283491995a58834d08d8daa.jpg,10,56.201712,13.744897,10,56.211379,13.736622,1.1905377,1.1905377,0.80187035,0.08755261,0.79111993,0.84487194,1.1905377
90e2b5b8e3654ab7828afd7cadafeb2a.jpg,10,62.814665,13.08409,10,62.170708,17.158308,221.10631,68.54967,0.6851909,0.00033384562,0.6619186,0.84142566,213.43034
912404824fe84470958fb1b4d8257bda.jpg,6,65.586593,-17.149567,6,65.652924,-16.935315,12.292775,0.6702142,0.8751135,0.0071693063,0.86279064,0.9459722,181.5729
9124389c947e49aba2fbb8bc8e99f081.jpg,6,65.491134,-23.309672,6,65.487117,-23.26191,2.2481315,2.2481315,0.92589927,0.0006195307,0.91364896,0.98552513,5.972614
913bc277fffa44da96a1dbe24fb12326.jpg,6,65.497519,-23.341379,6,65.519996,-23.418932,4.3619556,3.8436997,0.92052764,0.0009947419,0.9049039,0.98302233,4.3619556
91454d7a758b4b1c9d023b7f4508cdf9.jpg,0,53.622429,24.729773,2,39.358262,3.131218,2274.0605,863.33234,0.62367177,0.025728047,0.59437484,0.7820789,2274.3416
915633d5a300494cad8a84e6022659db.jpg,7,36.729164,14.837922,2,42.248432,-0.648802,1460.9388,12.5401745,0.72295696,0.0018370152,0.715435,0.80225194,1737.8849
91855e0188134adbad5148fb28a4f5a6.jpg,11,36.536438,33.454857,11,36.535977,33.454614,0.055668842,0.055668842,0.93162274,0.031273127,0.9207951,0.9749333,0.055668842
91916dbb1a9d484782697b43fa606fa6.jpg,6,63.846113,-22.434733,6,63.845141,-22.435238,0.11087962,0.087403625,0.757632,0.027951956,0.7572783,0.87375456,59.508705
91bf54cfd85d4b6cb42367475b678c39.jpg,6,63.639137,-20.047058,6,63.64331,-20.054867,0.6032768,0.6032768,0.9209954,0.01982832,0.904256,0.9879528,0.6032768
91c1630908ad477f8d27daae8088eced.jpg,5,57.914782,-4.059769,5,57.128072,-3.937631,87.78171,0.17954195,0.74599653,0.024028003,0.7214917,0.8440158,87.78171
91e4c0875b3b4c32afa4dfbeec711560.jpg,6,66.030732,-19.364741,6,66.034041,-19.361062,0.403731,0.403731,0.8645105,0.029572904,0.844537,0.94440424,0.403731
91f4eaead9df4602b06f3a2f1d7e9f51.jpg,0,54.698617,30.442176,0,54.725033,30.433098,2.9946537,2.9946537,0.838182,0.0024776459,0.8140922,0.96028197,129.92427
92244ea846d54f0ba929c51470814bea.jpg,11,36.820451,35.598413,11,36.858162,34.471225,100.39737,81.45201,0.6804713,0.01558888,0.7007868,0.7270168,413.1688
922e350a39ae4066b248d24367803308.jpg,1,52.906508,10.631579,1,51.206794,13.650132,279.8047,29.285053,0.70134425,0.008883119,0.69249415,0.7636478,678.06104
924dc9e6197643e783f284dfead1d2ac.jpg,1,51.240002,14.931397,8,64.032948,10.082914,1450.4653,846.6235,0.7350278,0.0052666664,0.7319451,0.8078054,1397.4475
9256c7a478594893a5337d3d32e5ca28.jpg,4,44.474481,6.315997,2,38.482631,-0.602481,880.2907,15.656455,0.7548425,0.050040185,0.74765694,0.7835848,880.2907
927f1e3b54a14bd2893a31498a866285.jpg,7,41.015234,14.81206,7,40.997245,14.835634,2.813219,2.813219,0.7351632,0.063363016,0.7414769,0.73113537,649.87585
92e4c71d7df04e0cbb1de79abec3da07.jpg,2,43.171861,-8.3686,2,39.051851,-3.597225,607.78204,313.5449,0.600197,0.0046548843,0.59535956,0.75708526,3370.3088
92f401d1ab6942a58034a61089b8e1c2.jpg,10,56.574401,15.967201,9,49.034874,22.353636,940.9426,4.4216614,0.6628027,0.0067867637,0.66144276,0.800243,890.91016
92fe2c87182f44f0bd2f48d10dbbb498.jpg,9,51.435748,22.381817,9,51.503922,23.561949,82.0933,5.555517,0.68903905,0.00757581,0.6749463,0.78198797,468.94833
93013b7ad055460fb1cad0d6cf173414.jpg,5,50.544111,-4.72749,5,50.552351,-4.7217,1.0034307,1.0034307,0.9133509,0.067465186,0.8950496,0.9865562,1.0034307
931565d20b4a4adf90eeb1f2821fb271.jpg,10,55.897707,14.195552,3,63.72945,26.929663,1120.6895,27.631556,0.6041761,0.00066167116,0.630479,0.59169126,887.59015
9327cb2fcdbd4b6f8d86b020f5c38578.jpg,9,51.383318,22.457828,9,51.458339,22.453319,8.347823,8.347823,0.75595844,0.044230342,0.7318117,0.85254526,8.347823
933c074bc123446da31e1ab0d1da7466.jpg,8,68.704582,16.527617,8,68.699009,16.557198,1.345883,1.2869396,0.85577697,0.019640386,0.8276832,0.9721018,1.2869396
934c5f351e1048b9be12c0b0fd891410.jpg,7,43.792224,11.513217,10,62.157194,17.448195,2078.3257,1414.8636,0.6292244,0.01122731,0.61913145,0.7926642,1788.4952
9350f2e9a89f4c43b7fec534f0c4d310.jpg,9,53.526849,20.592238,9,53.767322,19.94884,50.133408,8.856316,0.70496607,0.011022568,0.70429695,0.88800275,172.3287
9399d6a3555b4aaca8cc342cdd65b96f.jpg,11,38.754891,33.083116,11,38.756186,33.089389,0.5626854,0.5626854,0.95101386,0.16317374,0.9443672,0.9776006,0.5626854
93b5b1fedc084d48b91e1b21babeeea1.jpg,4,44.649895,6.62544,7,38.151481,12.737976,883.7598,789.03265,0.69357216,0.01931858,0.6814019,0.78111565,2507.721
93b7e1adfe2e4967a4420da33a7a939a.jpg,4,46.182598,2.083808,4,46.190241,2.080769,0.88147634,0.88147634,0.6508808,0.00058841705,0.6221924,0.7685788,1.4404967
93cab81be6984e91b1fec75723bb6345.jpg,3,65.563669,28.366291,3,65.531504,28.520274,7.9388022,7.894382,0.9248141,0.015242159,0.91548896,0.9621146,7.9388022
93ff5bc05d01431aa2dc7d93bb48fa64.jpg,11,38.221927,27.253593,11,38.120623,27.345683,13.845454,13.845454,0.77984804,0.009944558,0.7749389,0.80276966,17.386154
93ff85eecb0940dabeef6f9d8f707cd2.jpg,4,45.813418,-1.073504,4,45.8433,-1.151418,6.8909335,6.5674763,0.8328459,0.0009230375,0.82392377,0.8759583,7.371085
9423ef877e9047808c97b07ae33f08d9.jpg,9,54.511241,16.551489,1,50.886671,9.658093,614.48846,0.80927145,0.70219517,0.031976998,0.72353566,0.7853968,46.955032
945e11a8e97f4f0fa5cebf7bf1f05d45.jpg,6,63.832662,-22.48974,6,63.832103,-22.492297,0.13994858,0.13994858,0.8852141,0.0225451,0.8730459,0.93388677,0.13994858
946a93570a6d4c519da3d296764dbb5d.jpg,1,47.847501,8.754111,1,53.264812,14.34853,719.96436,97.101875,0.7551855,0.0074932575,0.77605057,0.77711,276.1312
9499f87ca9b04fd5838861a53f1b055f.jpg,0,53.019013,30.5697,0,53.119865,30.489643,12.424488,0.634353,0.8587183,0.017586589,0.8493304,0.8962698,12.424488
94ea2a64aabf411396d06a63703cd5cc.jpg,1,54.348578,8.691335,1,54.130028,8.930127,28.833254,4.050115,0.69556975,0.01749599,0.6877909,0.74328196,730.9983
9518f6eb862c4e4484bbac965a40bd3c.jpg,1,50.660286,11.531397,1,49.967649,8.798602,208.75703,4.5439544,0.66536784,0.0009082556,0.64356,0.78977036,161.77007
957e88353a454ee8a5be620873105261.jpg,10,57.258961,18.459621,3,61.181298,23.85222,532.90094,444.08334,0.785005,0.021014214,0.75493896,0.90526915,532.90094
95c8dde7d79a4cdf82f1a09eb3f769b7.jpg,5,55.841474,-3.156091,5,58.234758,-4.480909,277.91522,6.4898496,0.81176865,0.004581332,0.7866459,0.9391464,310.90622
95f87e5e447d402b872b7176db6d98bf.jpg,6,65.541558,-19.914065,6,65.534,-19.895781,1.1895672,1.1895672,0.89379525,0.0027903318,0.875444,0.9767486,3.4421682
9610734d71c64634aad24ea6a759c0e9.jpg,11,38.408084,30.227403,11,38.392576,30.222073,1.7858703,1.7858703,0.8764814,0.059075713,0.85089946,0.9788091,1.7858703
9618382e6dc64411a52ba84883c2b474.jpg,1,48.536445,11.692141,0,54.238388,28.468573,1320.9552,13.125595,0.590035,0.005840659,0.6151223,0.61950415,759.25616
964f77e1e9554ded8be92b5c5339bc43.jpg,7,45.947614,12.734162,7,45.165376,10.174545,217.4314,25.307915,0.73104465,0.041490853,0.7191162,0.79696834,849.283
96974a19efff4492a4124b0a49f3d336.jpg,3,65.543498,28.11578,3,65.555956,28.184113,3.4365294,2.1853497,0.92998177,0.00029700994,0.9170147,0.98555166,2.1853497
96b369fb65554bc9a7f219cdc59dc13b.jpg,2,39.026074,-3.925277,11,40.325496,32.491929,3098.0164,2.8591096,0.7052656,0.009218335,0.6897988,0.77974176,319.05865
96ba1acba2ac4522ac893e0035c9b910.jpg,5,58.562294,-4.743877,5,58.564902,-4.741442,0.32255217,0.32255217,0.77379054,0.048874557,0.7571591,0.84031606,0.32255217
96c40306d67b4a7085d57447bd147e36.jpg,5,52.390261,-0.602995,5,51.635913,0.308871,104.54682,104.54682,0.6845798,0.014946938,0.68269247,0.79123044,942.26575
96d512aea6d04d3eb895f0f4395f28e9.jpg,10,63.902702,15.253195,8,64.641555,13.822004,107.33621,1.6865826,0.8429123,0.0024760962,0.82021046,0.9535895,47.83113
96e1fa4e120e455282993567e998d72c.jpg,8,70.405211,24.488382,8,70.407415,24.492517,0.2895442,0.2895442,0.9598551,0.03931701,0.9528743,0.98777795,0.2895442
96f761ccdd7c4e979bdd6360964bc848.jpg,11,39.139732,31.219835,11,39.161004,31.254261,3.795699,3.795699,0.83841,0.05652082,0.81166387,0.94539475,3.795699
970005b2526a40afb4983fdb2fe42a02.jpg,3,61.648481,23.537009,3,61.977189,23.64588,36.9953,21.211235,0.83545905,0.0010378957,0.8128406,0.92593277,36.9953
970b85d63f6041da8ad37260ef779150.jpg,11,37.528436,36.917013,4,44.154553,-0.959047,3239.8875,0.5938131,0.6925279,0.003323853,0.6967565,0.7119461,420.63477
971b309b03ec400b8fb1298097fa3ac7.jpg,1,53.123965,9.984485,1,52.49548,11.026611,98.94304,4.714878,0.59829307,0.007585764,0.57427996,0.71802783,84.111305
971fc4df80c84f7ea5897f3688a4bf29.jpg,5,52.145155,1.259349,5,52.413651,0.723316,47.128925,5.570464,0.7659004,0.011485159,0.7366276,0.88575375,103.096436
973f832eb6e742aaba85e33bd20a44e9.jpg,7,45.631374,8.237244,2,43.042244,-4.216932,1030.2631,9.576964,0.6369676,0.0071086287,0.63778865,0.74141955,255.67969
976f78ee1ebe4441af5bc1665540f734.jpg,4,43.572758,6.804976,4,43.408601,6.02898,65.206665,5.026313,0.6797153,0.015910208,0.64703465,0.8104379,65.206665
976f9965ef2f4fa88a698c3373febf6e.jpg,11,40.230588,34.767729,2,28.651833,-13.831988,4578.0674,68.28954,0.7510031,0.005865097,0.7330333,0.87971866,76.39965
9787a6eede644cce80bbca2654343f4d.jpg,11,38.844934,30.743631,11,38.455411,30.263784,60.10321,5.320799,0.7405089,0.009521842,0.7024465,0.903538,67.69968
97a2e05a2b9a4cffa2d2d56899f18f64.jpg,6,65.20667,-13.882543,6,65.198652,-13.931677,2.4587657,2.4587657,0.7874264,0.004683256,0.77442974,0.8424285,3.194345
97bfc1630d6142979a021b95f1ec6313.jpg,4,47.944255,-1.229127,4,49.82919,0.912648,261.61206,5.852978,0.7862345,0.050039113,0.7607006,0.88837004,261.61206
97cb844a6b2e461bb3692973d0596384.jpg,10,66.057486,17.76844,10,64.915074,18.238231,128.86545,14.208643,0.83552176,0.0038202405,0.8105018,0.95442575,99.71126
97ce386518ce4a38950219f9c8cd60d2.jpg,3,64.403874,24.094132,3,64.337273,23.959168,9.84798,1.8599055,0.86477315,0.0030559301,0.8468709,0.9482623,1.8599055
97e943108a46447691335b790c3fe694.jpg,6,65.731707,-19.641975,6,65.732172,-19.637462,0.21263489,0.16971104,0.88501036,0.13357985,0.864149,0.968456,0.21263489
987f994eb07048d2bace5db35ce37a71.jpg,10,59.387461,12.176241,3,62.347669,26.673625,848.69086,28.275461,0.76393104,0.019740641,0.7332945,0.9080804,1002.0698
9881e45c544b4e9badee57435a0ea734.jpg,2,40.931791,-3.830881,7,40.832784,17.167955,1761.1372,97.23111,0.75395715,0.0022109747,0.71842265,0.90774596,1493.1193
989d1df7cca549d08c57dd177ed42525.jpg,4,50.494227,1.624388,4,50.156859,1.739208,38.388973,38.388973,0.69292945,0.01125735,0.713847,0.8113991,1422.1371
98a80b6752d84bacb8e27a41c7fcb446.jpg,4,45.807284,3.535326,5,56.900806,-5.02005,1366.7118,96.71085,0.7022983,0.011150181,0.69851303,0.7561741,1365.6819
994cd0c389f24bee9dfc27ccfc920938.jpg,5,51.404269,-1.710589,3,62.557253,23.862313,1962.0934,1182.3312,0.58594584,0.017240763,0.57679725,0.72310036,1945.3461
99621534847948ed83f5cf6e903ee9c4.jpg,9,49.949015,21.651658,1,51.206794,13.650132,581.7308,288.19193,0.71021193,0.029445708,0.7085637,0.71896195,1342.6012
99b486b7e20b44a49ad7bf1c515646bf.jpg,10,60.550257,15.774208,10,61.09386,15.173316,68.66383,14.001371,0.79532266,0.00037634373,0.76419973,0.9291475,76.19693
99e9f730da1a412cbe7dab9049aff46c.jpg,2,42.048934,-7.662925,11,38.152628,33.570097,3499.559,80.97067,0.6662833,0.0265854,0.6607939,0.7535349,3629.6592
9a346f22fc9647c9ac4ebca65ad32424.jpg,0,52.239056,31.443447,0,53.93057,30.195273,205.72556,1.4277912,0.9021136,0.01731491,0.88708645,0.9622222,205.72556
9a3e754c81134557a6d1e54c1107452c.jpg,2,39.567145,3.078549,2,39.570213,2.829393,21.359377,1.3368638,0.8668772,0.0008583665,0.8437704,0.97669667,26.420525
9a4f40fb9a174f5eba37b2fd6756eed5.jpg,9,53.41419,15.383925,9,52.864569,14.793641,72.69973,7.2277594,0.7471809,0.018745482,0.72887295,0.8225527,11.151625
9a72dace5cf042968160d2d04ea35cd7.jpg,1,51.606446,14.078887,9,53.664052,14.32877,229.41583,19.933298,0.7178411,0.027320564,0.6968723,0.8345605,559.7412
9abe20466a7d47b0ac920dc3170c9fec.jpg,8,60.367575,7.507791,8,60.422335,7.723457,13.320245,13.320245,0.7387805,0.04607314,0.74490017,0.79642326,1495.1365
9aca7a456c354b3f80c871c899ab8639.jpg,4,48.530172,-4.620303,4,48.498506,-4.538353,6.988275,6.3558083,0.7188694,0.10121173,0.73461556,0.74727076,695.61774
9ae0a7adcbe04286b06051e5a402ad25.jpg,9,51.706544,17.966264,9,51.725976,18.003765,3.3679821,3.3679821,0.83347255,0.14010078,0.84161025,0.8009217,3.3679821
9b04b465accc4dddb1ae90cdc88110f0.jpg,4,48.56658,-4.517927,4,48.546943,-4.505528,2.36655,0.2633127,0.64295155,0.0041970015,0.63781774,0.8214352,185.9449
9b420012c8a346ddbeb1b79954bc71c3.jpg,9,50.565075,18.543061,9,50.562511,18.547283,0.41257194,0.41257194,0.8438241,0.0032194257,0.8370365,0.8761208,19.024466
9b8c821f36e340d7866886d52a51263f.jpg,0,51.657872,29.119244,0,51.668967,29.12494,1.2947516,0.47316864,0.8221137,0.004153371,0.79391086,0.94000417,2.361879
9b950812414d450390acbc6b9814ad05.jpg,8,66.730596,16.011548,10,66.382257,16.968025,57.363403,6.5907135,0.7483673,0.03695774,0.73409045,0.80547476,57.363403
9bd78cda74d14cdf8b248fb21b7b8b03.jpg,3,68.499001,27.478275,3,68.559403,27.503438,6.7940392,6.7940392,0.8404446,0.008788466,0.8088786,0.96670854,6.7940392
9bd89edd48024492b67ad81b802a7713.jpg,8,60.607641,9.070547,8,60.613223,9.066565,0.6576267,0.6576267,0.8209474,0.07030016,0.8102561,0.8754697,61.473473
9be3870571ff4f53b355b3644742e179.jpg,0,54.653524,27.963787,0,54.606572,27.904786,6.4559383,1.0026746,0.83827895,0.030435383,0.8201084,0.9109609,6.4559383
9c026977c2aa4330911db8b3c89282ff.jpg,8,68.660639,15.531064,8,68.661288,15.525995,0.21742891,0.21742891,0.9219445,0.038289964,0.907868,0.980018,1.0966322
9c0c92af3379454f94d3c1b833271cf7.jpg,0,52.080309,25.558226,0,52.077767,25.558038,0.28294972,0.28294972,0.83127296,0.022177458,0.8069091,0.9287282,0.28294972
9c49f6359ec54d1ba263acf11d474a3f.jpg,0,55.959831,28.646283,0,55.92554,28.647401,3.813626,0.5804378,0.8063264,0.00343436,0.78739417,0.8955224,95.01542
9ca5d7090daf4b929769805e19781dcf.jpg,1,50.360241,9.255665,5,51.614129,-2.591593,839.93604,72.61088,0.6881323,0.009532869,0.68994474,0.84841156,475.96204
9d1faf53681e460fbfeda001d90265b4.jpg,2,28.141437,-16.456745,2,37.621898,-0.782052,1799.6567,16.81166,0.7421958,0.007961452,0.72128475,0.8329248,1499.9667
9d2f44362e82432b948a493535b9a052.jpg,9,50.674478,18.649124,3,62.725724,29.018005,1477.7897,0.5179854,0.5698843,0.003116548,0.56702626,0.68377143,34.892723
9d319ff802bd40459c48c9188246fd51.jpg,5,57.430275,-4.635663,5,57.384431,-4.699248,6.363229,6.363229,0.70190233,0.05661434,0.742337,0.7350205,1498.6365
9d381b0872d641468556e9aa185130ed.jpg,11,37.035784,30.003802,11,38.397965,33.513222,343.81354,100.61551,0.6925844,0.0016845465,0.67274535,0.8511774,433.5851
9d51eb2c2956460eaacd0e7032e498ae.jpg,6,65.518638,-19.781944,6,65.563596,-19.966594,9.862069,2.2680333,0.8463197,0.00817579,0.82946706,0.94773686,23.775152
9d9df8dc934e491ab44796af9464d1b2.jpg,7,36.730816,15.030871,7,36.75188,14.97577,5.439865,5.439865,0.76982737,0.06278038,0.7537496,0.83413833,5.439865
9da324fd3b554685bf4b56a59e833457.jpg,7,43.438383,13.243565,7,38.65265,8.266919,676.0081,6.4023843,0.6627042,0.00078964233,0.6480666,0.7661649,1611.6749
9da823da1fa34784a4aa7e279db7e60e.jpg,6,65.578864,-22.13482,6,65.674532,-23.208376,50.39812,3.0512002,0.9310238,0.008543074,0.91594034,0.9913575,50.39812
9da9b201b2e0400d8c6c39340d500b62.jpg,10,60.0019,17.515881,3,65.413605,25.397876,722.45215,32.94107,0.65158534,0.017730653,0.6630143,0.7212961,2249.582
9daaa8c95deb466a90492dafd54dc83a.jpg,1,48.687349,10.341128,1,50.685391,11.480519,236.80301,7.391888,0.70797694,0.016692579,0.71045184,0.81550974,198.00719
9dc61300b78f40169d18363f62fd5e84.jpg,1,47.898617,12.176085,9,53.297707,19.960543,812.90405,596.4898,0.6989066,0.0015916228,0.6878543,0.75190794,809.1982
9dd9a8cf7acc456ea5e6b197ad80fda6.jpg,6,66.126602,-18.891686,4,42.621449,1.822425,2905.8767,57.295624,0.6291089,0.009037316,0.6195478,0.73986816,2934.221
9de34b96632c499c8bc7d4e6e3fc519d.jpg,11,37.912698,30.488287,11,37.473438,30.56402,49.296,15.187389,0.7984437,0.0022364855,0.7876843,0.9007668,74.695724
9dfc0ec323ca45e7ab56e9b86d6b64aa.jpg,0,53.615614,27.465529,0,53.616386,27.465608,0.0860006,0.0860006,0.9144599,0.030805886,0.90047425,0.97040224,0.0860006
9dfcd9bf58004a86ae0536ba0c78657e.jpg,7,37.833132,15.13862,7,37.82692,15.133666,0.8163509,0.2902415,0.8298721,0.075006306,0.79970706,0.950532,0.8163509
9e012585bfec4d59bf1e8c45c5ae4c3d.jpg,10,56.276972,12.832465,0,55.317235,30.322307,1095.4178,4.9829464,0.6982103,0.0005158782,0.69314736,0.7411483,985.236
9e32b722b5da4465b7b6604017289d40.jpg,6,65.644345,-22.571875,6,66.02771,-22.988935,46.663967,1.6193385,0.8469026,0.007080078,0.82271177,0.9545479,26.120728
9e33cdc1bff14ef0a124bc61692b3820.jpg,1,48.074023,11.163125,5,57.77739,-4.092674,1480.0072,114.64973,0.6367653,0.013410568,0.65103745,0.6460465,445.21185
9e73d0d4346f4ae7948696d29c7adf8b.jpg,9,54.612728,18.389594,4,46.504489,3.818491,1363.5803,436.49762,0.7369213,0.04939109,0.7463771,0.78601193,937.4111
9e75dba79763497c84dcbb668a8bd851.jpg,9,49.933161,21.362856,1,50.027031,10.5588,771.93567,653.37634,0.6214807,0.007988811,0.6259874,0.7263385,817.8669
9e823eec50a74fdabdb81a3a2834e32c.jpg,7,45.707949,11.712426,4,49.298242,-0.308172,985.8354,4.534167,0.7115641,0.03608626,0.7192551,0.68881536,560.355
9e9fafb19cd3437b90bb3e3d762ad6bd.jpg,2,42.783271,-8.467285,11,37.093204,38.102587,3969.3691,2897.6353,0.62477136,0.016660094,0.5893091,0.87612855,3528.0222
9ea7421bc17a4baa80455fbddf42074c.jpg,5,50.395038,-4.626846,5,50.833724,-3.799671,76.06318,4.100738,0.71737456,0.03098309,0.7103454,0.7970965,751.99646
9efe456471254b6b81b3a5eed33119f7.jpg,8,67.308332,14.531155,3,61.725151,29.392166,939.6418,4.030066,0.68393844,2.2888184e-05,0.66942936,0.74419725,1363.0851
9f138c1b541740a9aef5ef8a9495a28b.jpg,6,65.797523,-20.259985,6,65.801715,-20.262154,0.4764995,0.4764995,0.904963,0.04022318,0.8922509,0.95581126,0.4764995
9f2d9e7034334ff29a9e63c3123fdb3b.jpg,6,65.777903,-23.952217,6,65.749061,-23.842507,5.946743,2.1576223,0.91154695,0.054481268,0.90037113,0.95624995,5.946743
9f39e60bbc574c618b37b45a13e75db7.jpg,9,52.001249,20.673199,9,52.000945,20.672922,0.03875866,0.03875866,0.87939173,0.1382038,0.87006986,0.9166792,0.03875866
9f3ede3fae7f45a08fa99b7ea976b1d3.jpg,2,38.850565,-0.495731,2,41.627697,1.028547,334.7965,9.091817,0.72477984,0.026683748,0.7076545,0.878263,453.6995
9f44d68c30ed439e9ce57cf3ecd048c1.jpg,6,65.637273,-14.995831,6,65.626167,-14.995762,1.2349366,0.052803732,0.87728125,0.022715926,0.8701496,0.9058076,1.2349366
9f58cf8f997444d6a0dd724095f2ffde.jpg,9,51.416347,15.600969,9,51.704219,15.607054,32.012714,11.427248,0.7237083,0.019677758,0.7320647,0.73918295,323.5463
9f8dae7f64394b629449ea3e440ccfc8.jpg,5,57.59418,-2.794363,4,45.109586,1.851809,1424.3909,4.670836,0.68808824,0.0033327937,0.6615616,0.8077126,1440.6157
9fe11d99ff414fe59e1ff34b6ceb6cc1.jpg,1,49.229025,9.690034,1,51.077885,13.833644,359.66043,139.25102,0.6725918,0.009492636,0.6469791,0.77504253,359.66043
9ff07eca30ab4ac8a2f733fc1e972b00.jpg,6,64.00936,-20.942937,6,65.123306,-13.804808,362.4438,0.632804,0.7750809,0.018269002,0.7740295,0.87228525,80.63985
a0136e5425bb42a8bb0fc0c40222c31b.jpg,7,43.755134,13.046593,4,44.485385,5.385263,616.6961,42.579323,0.6133039,0.018243015,0.61372674,0.7095569,145.86493
a015f3210e5b4f05a190ee2ddfd1102e.jpg,8,63.23496,9.775107,8,64.028629,10.080843,89.53415,12.809864,0.7579222,0.014951587,0.74327064,0.8165281,89.53415
a0164bc301c54f0ea4c0ce1756f4a3cc.jpg,5,56.390604,-5.099123,4,43.877962,7.451246,1648.4025,1136.7253,0.6100466,0.0036236048,0.58744246,0.75673354,1728.0032
a018353626c8458aa13c1e777ea9a6af.jpg,2,40.017907,3.870115,2,39.999973,3.850715,2.589742,0.30470237,0.8083564,0.010403514,0.78968775,0.90635943,0.30470237
a0357e6e63344f94859520101cf7ac58.jpg,10,58.899209,12.381447,1,53.141094,11.171088,644.6492,484.02588,0.69988304,0.049838006,0.6933138,0.74310464,1253.6003
a03d4573fb2d40faa4abdcf161d87357.jpg,9,50.661393,21.845422,3,61.91961,28.575552,1317.2703,754.3777,0.674298,0.018974483,0.6498493,0.8521368,1891.2382
a0438af3699b40c98bc20af71f23094b.jpg,5,55.690846,-3.893328,4,48.464208,-4.51439,804.67786,39.666233,0.630799,0.0030186772,0.6246915,0.69775295,808.3601
a04acb862c8f4e56a48c87f35050ce54.jpg,2,37.167563,-4.552014,7,39.300522,9.091151,1213.7482,17.301645,0.77872956,0.009109557,0.7823324,0.87573296,75.28198
a087c43d1ba94b329fddf1026facdb21.jpg,1,49.702736,7.388237,1,50.891988,9.993804,227.4444,0.39451393,0.66900337,0.008751988,0.6811161,0.7421169,1473.185
a0a0e314b74e48fdbf75fb843a02170e.jpg,4,43.991427,7.546897,2,42.768897,-7.515129,1223.1163,11.581934,0.6753445,0.0154541135,0.65314007,0.76524806,2595.9822
a0a626946bd64108a6ee6cca73d05f78.jpg,9,51.969015,22.365206,4,48.045137,-2.900435,1847.3527,22.520618,0.6699487,0.0017940998,0.67922354,0.72534186,360.77023
a0b06d379aeb421ba1d72802891df3f1.jpg,9,50.479941,18.552559,4,49.941339,3.242309,1089.2035,335.63226,0.66562045,0.006288886,0.67346334,0.75168455,791.0368
a0d1ff5ca1144090ba91d4c964818043.jpg,0,55.588243,28.666912,0,55.997854,28.645426,45.56653,1.5359977,0.9089863,0.0110682845,0.89686173,0.95748425,45.56653
a0ec71aa5d8a487f8b495fe911d3e56e.jpg,6,64.912182,-14.005282,6,64.912267,-14.006476,0.057081856,0.057081856,0.95618105,0.07252145,0.95137155,0.97541904,0.057081856
a0ed0f23766544478d42d516aedae7da.jpg,7,40.612822,9.703914,7,40.455633,9.565489,21.032204,1.7754323,0.84228265,0.0022792816,0.81640834,0.96623325,30.860989
a142c979f36146c8a734f2127da6d10e.jpg,2,43.371682,-5.375104,4,47.398473,2.792689,778.6797,326.16882,0.73914576,0.04310316,0.75114477,0.8228004,513.02057
a17c60cbf4cd4cda831d00678eb5e583.jpg,4,45.366231,-1.052541,4,45.373897,-1.079638,2.281936,1.8867663,0.706636,0.028647304,0.6803732,0.8116871,2.281936
a184e96d34e142bd9f5de99471b60c37.jpg,8,60.565676,5.358534,8,60.56509,5.350247,0.45750386,0.45750386,0.6890825,0.032116055,0.67851955,0.7339341,2909.3674
a1a4c9827ec440a48d3677171971e5fb.jpg,7,40.66102,8.32831,7,40.664551,8.32778,0.39516664,0.39516664,0.9147477,0.006832421,0.90321195,0.9630645,0.6441558
a1ab33492d26408ba0728576259e7911.jpg,4,49.304136,1.12845,4,49.263229,1.544308,30.504898,11.525624,0.8107667,0.041541815,0.7897793,0.894716,30.504898
a1d72c6f07174c3cac8630978c1b11a2.jpg,11,40.307029,40.120247,11,41.008878,40.352816,80.47008,15.394976,0.6989931,0.010079265,0.70123047,0.7669133,15.394976
a1e83fd898564579aff9a51abb432459.jpg,11,39.593058,39.871287,11,39.59408,39.868964,0.22920291,0.22920291,0.85488695,0.020106852,0.8391267,0.943969,0.38784668
a1f391e67f8f49be998c42118f9ff52c.jpg,2,37.669856,-0.925546,2,38.208125,-0.682584,63.53214,18.921852,0.77036595,0.052493334,0.7672185,0.7829557,63.53214
a20537094ee2412a8c21d2a4656871a8.jpg,2,40.212322,-0.012824,2,40.236013,0.140438,13.275941,13.275941,0.7294086,0.04579729,0.7179348,0.8434762,487.54825
a20e4e331ebb4889af1be9c37ed13a74.jpg,1,50.776522,10.607172,1,49.744238,10.526168,114.92923,27.142872,0.6464042,0.028824687,0.65133727,0.7167624,206.38522
a22a2ffff72149bd89e22c58c57abf24.jpg,11,39.932911,33.831631,11,39.851612,34.078153,22.892447,22.892447,0.7747117,0.012471199,0.7449515,0.8937527,22.892447
a22a4f1335c34355897bafc7301fabbd.jpg,3,63.307775,25.625051,3,63.339899,25.606026,3.6961348,2.823011,0.9193792,0.012200773,0.90543354,0.9811683,36.743237
a2401d826fb24c4f9eb8ee6992711b0d.jpg,1,51.772927,13.271293,2,41.94892,3.106373,1335.4027,19.854053,0.67086107,0.008671403,0.6688118,0.70953673,672.7179
a284bb5c149646d888f0059b21640789.jpg,8,60.545229,8.23731,3,68.360408,27.415987,1255.4374,15.557214,0.72302526,0.003929436,0.71758103,0.8217399,98.70385
a28851ae19f24b57a63ca8e4ee266d68.jpg,5,54.820865,-1.489114,5,53.185413,-0.592806,191.05142,43.720707,0.69001734,0.0031508207,0.67035896,0.78438675,208.82358
a2a687703be049c5b35b30c52909f098.jpg,4,44.500189,-1.053215,4,44.530403,-1.014092,4.5727253,2.1471503,0.8036372,0.019885123,0.7968216,0.8670043,29.821941
a2a974b4ebf54106a1363a4dd5c61615.jpg,1,53.139368,10.566135,3,61.702628,23.151498,1209.9795,74.337364,0.7323186,0.01359576,0.70403767,0.8727614,1249.9575
a2d3f3190bea4e3fa21d917f95f1a8ee.jpg,3,61.309372,23.478915,3,61.633318,21.77482,97.40032,3.636398,0.78372085,0.026092052,0.7666553,0.8836548,98.54538
a2e768ebdfae41cdbef1ec191927041c.jpg,11,36.632732,29.152735,11,36.632633,29.223868,6.3473153,1.7347989,0.7718726,0.039830625,0.74626994,0.8781236,83.22762
a2efe4f6611e4143bbb6ee2faca37046.jpg,11,41.441869,31.832301,11,41.41228,31.905386,6.924911,0.27199242,0.7828057,0.057042956,0.7751838,0.813293,6.924911
a35b936897b34f668f45bbdbd6facd43.jpg,7,45.183504,11.019211,7,45.192107,10.968573,4.082102,0.87673,0.82980776,0.09104872,0.813205,0.89621866,4.082102
a35bb6ac098845e887270794bd3e6e0f.jpg,7,44.471996,7.888568,7,45.573062,12.248754,363.84787,76.14202,0.67912304,0.015168667,0.6674823,0.72568583,363.84787
a35e7109c456410fa027c12dae3db3a6.jpg,7,44.531273,7.518321,7,44.456561,8.044564,42.559273,8.3377905,0.77167,0.04807377,0.7562342,0.8334129,42.559273
a36b6c6977f54506a78dd7270ab58afe.jpg,9,53.096039,20.677067,9,54.443978,17.330704,266.09558,5.9000688,0.7069829,0.0114148855,0.6801822,0.8208339,220.54507
a3c62d8755c24468aa02fca28d18c022.jpg,2,40.575921,-5.031685,2,40.804594,-4.345912,63.16353,11.490102,0.7496175,0.038511693,0.72073627,0.86514235,63.16353
a4102b5c3eaf440b99ab76e560f2cee1.jpg,4,45.552667,0.175833,9,53.360994,19.775542,1653.3575,548.3301,0.7567605,0.04105687,0.7553592,0.7623658,1653.3575
a43eed1145a84abd96cb08edb4dc033d.jpg,9,52.328847,20.620727,1,52.557244,10.148854,709.6027,14.536544,0.7457507,0.01332289,0.7398785,0.7692396,709.6027
a4881cc1011d472885cf928337d05c44.jpg,8,69.454939,17.347546,8,69.453678,17.346293,0.1484984,0.1484984,0.916415,0.09154868,0.89992404,0.98237884,0.1484984
a48c358bc78c48b9862bc3a2a3c80c37.jpg,10,57.743226,16.711276,7,38.74428,16.481695,2112.6548,173.25603,0.6559368,0.049995482,0.6669046,0.6835011,1961.6763
a4f44d53ecc84c77b02243b017a58666.jpg,3,66.932382,28.909111,3,66.932351,28.907266,0.08045709,0.08045709,0.9287652,0.029769778,0.9135475,0.9896358,0.08045709
a50a68d63df74e25aaa8b31ccf9f5e01.jpg,3,61.693186,29.689476,3,61.693866,29.687774,0.11734941,0.11734941,0.7433781,0.054092884,0.72025067,0.83902407,799.7515
a50c3e7ec2ee445ba9b3435fc293e083.jpg,4,47.334217,1.992622,4,47.33422,1.985384,0.54545003,0.54545003,0.80287206,0.15759945,0.79850173,0.8203534,0.54545003
a51a925ffc80438e9d164f671750a7a3.jpg,8,68.661968,15.499171,8,68.66138,15.504038,0.20749438,0.20749438,0.8826847,0.029001355,0.858139,0.98086727,0.20749438
a51dafde5892499f9db55efdb4b4f32c.jpg,10,67.241422,23.279879,10,67.246537,23.155209,5.3922763,1.5319299,0.8129183,0.07117933,0.79198337,0.89665794,5.3922763
a5255890d11445fd8f55a69e040f43ba.jpg,5,59.942297,-1.292977,5,59.066087,-3.329179,150.63608,96.261345,0.805795,0.050076485,0.7809657,0.90511227,150.63608
a53dcf6b40984150a09a3c2fe2469123.jpg,6,65.0365,-22.753404,6,65.047983,-22.761526,1.3325057,0.15910895,0.8812719,0.043083727,0.87553024,0.923764,2.635185
a553488352ca47c795029db2351ee4a7.jpg,3,64.709324,27.758713,3,64.827373,27.802288,13.287974,13.287974,0.69040954,0.027471423,0.71052194,0.6906866,1201.7706
a5674e4004824e50a9be3d17870d4b3a.jpg,8,66.755091,15.834581,8,67.251914,15.429909,57.97353,19.163412,0.80094004,0.031771183,0.80155814,0.82017136,59.06016
a5826ca8bf894e79b1596189212a704b.jpg,8,68.340864,16.330012,8,68.337369,16.349202,0.87828404,0.21644449,0.81759274,0.012591362,0.7999775,0.9065461,15.208462
a61fbc7a795d4a1193b5997a1b003782.jpg,2,42.758768,-8.438119,2,42.758555,-8.426856,0.91983473,0.91983473,0.81793267,0.077513635,0.81770176,0.83843076,612.1642
a6206b4814b449d1949ec57e9358d94c.jpg,9,53.721142,20.472132,5,53.658867,-0.701792,1389.0344,7.051852,0.67236453,0.05198425,0.69232273,0.72793365,333.99023
a6234ad2fd094321a041d766678bb0e6.jpg,7,40.402283,17.640853,11,39.208583,33.072174,1323.1453,5.343447,0.6933719,0.0056824684,0.67647463,0.7609608,1323.1453
a6324e8885a34bb583077885c8ae96a8.jpg,10,62.147288,17.344779,10,63.771135,20.230912,232.09622,13.926741,0.714748,0.031089902,0.7199093,0.73739254,336.7506
a640b0c0bc254899973a19f23ddabe22.jpg,6,64.941332,-22.904077,6,64.839332,-22.576228,19.182108,2.6224864,0.8453395,0.0050529838,0.8313652,0.9129783,12.611383
a64395467d65475d8c3c38013794f844.jpg,8,70.976823,25.781795,8,70.97815,25.776461,0.24319783,0.24319783,0.91206396,0.0082861185,0.89391303,0.98466766,0.24319783
a6449b70df0a4e72b929793240639f52.jpg,8,63.301408,9.74615,8,63.331146,9.916129,9.109086,9.109086,0.675274,0.021252394,0.66951287,0.790729,561.85156
a64889e5442344daa14514d27c7f38ea.jpg,0,54.218213,28.62032,0,53.976447,28.063213,45.19196,4.056583,0.8205966,0.052295387,0.8215042,0.86522454,4.056583
a67085b2223f42ae981857cec4103f2a.jpg,9,53.761527,16.681334,0,53.998808,28.631085,782.782,259.7447,0.66077995,0.00096303225,0.6705518,0.78713965,550.1407
a6848a74f5a84ff3a88d81bf3c6a2ae5.jpg,1,48.00025,11.096244,3,61.058832,24.083158,1669.6134,25.02339,0.67580134,0.0008838177,0.683241,0.65520966,1637.289
a6902cae92fb4758a26ea36ec414f021.jpg,8,68.645163,15.623384,8,68.66138,15.504038,5.156271,4.3305736,0.8427568,0.0019200444,0.8169097,0.9586257,79.94109
a6984d8416ae4d22badf25993319c32a.jpg,3,61.389104,23.325375,3,62.906381,21.452183,194.7478,15.703107,0.8520238,0.0033177733,0.8297322,0.9548778,139.6943
a6dba9d930d6472b890030f738cde815.jpg,7,37.856413,14.921862,7,37.83082,14.895635,3.6609256,1.9267579,0.8946171,0.006210923,0.8748793,0.9735681,3.6609256
a6df43a46dc244e6ae00b0c91481c474.jpg,2,36.748422,-3.511172,1,47.995991,12.007422,1779.4883,1081.8253,0.6677613,0.019984543,0.65298593,0.7268627,1779.4883
a6f57f1b193a4194b95cdfd31db60209.jpg,9,52.045399,20.544355,0,54.72232,26.048922,470.8082,9.03159,0.653146,0.00039446354,0.6494467,0.6955532,472.36273
a70c2397ce3545cf9cda79742f6748f0.jpg,2,41.538885,-3.203448,2,41.561614,-3.207067,2.5452325,0.9397444,0.7547443,0.02493906,0.72901106,0.8790395,125.49226
a7332c9dee164a73974132da8e6685ab.jpg,9,53.672103,21.289722,9,53.602058,21.045088,17.910255,1.5508064,0.6791281,0.0060679317,0.6626346,0.78274417,81.12639
a7a15509624e439e96c74338512c2eb3.jpg,0,55.450088,28.672523,0,55.453307,28.6804,0.612245,0.612245,0.812369,0.016456425,0.8067732,0.91112363,276.9523
a7c74a8a75ef4be5a0da48ff56b88162.jpg,1,52.510105,8.401544,1,52.47004,8.365829,5.068994,0.12270873,0.7758583,0.0044213533,0.7770513,0.85026133,16.196177
a8379a0f089e4fc691068e8cdba05e06.jpg,2,36.713366,-4.327232,2,39.53824,3.246388,732.83875,376.36392,0.67602116,0.0051683187,0.6539157,0.7899008,656.97205
a84c5868c1e143d59f05ffb7ab5cb47f.jpg,2,42.015788,2.711862,2,41.973599,3.028578,26.590778,9.748996,0.6460526,0.0069437027,0.65541744,0.74995685,3087.0107
a865cf84866440018fa570db90d5576d.jpg,2,38.011527,-3.838726,11,38.950926,27.720077,2735.258,2606.502,0.7570907,0.015429139,0.72084,0.9022007,2724.037
a86a6d93ae4849a680b2e9ccc7190e97.jpg,7,45.601697,12.076961,7,45.600994,12.077029,0.07834894,0.07834894,0.82220477,0.0875662,0.8127553,0.86000264,0.07834894
a886f634989b449ba2e8fa02dfa3896d.jpg,9,52.124093,22.754503,9,53.401443,22.421509,143.79097,109.44791,0.6929786,0.012802482,0.6948941,0.7927017,199.99164
a895043956294b9bba63b73719ffc7ce.jpg,0,51.675431,29.128281,0,51.676078,29.12862,0.07564537,0.07564537,0.95930403,0.003317356,0.95094097,0.9927561,0.07564537
a8a35faedde44bb9b76b1a305d9b05b7.jpg,10,64.303073,14.958715,10,63.976214,15.264572,39.25579,0.9828371,0.8695145,0.008067429,0.8574105,0.9354266,1.890514
a8cd0323affd46cd88e128e5522fff72.jpg,0,51.901973,29.853323,0,51.912363,29.789544,4.5252295,3.0137937,0.9366681,0.02179271,0.9294654,0.96547866,4.5252295
a8db269dab3d49eeb871448f3852789f.jpg,8,63.936447,10.222638,8,64.037518,10.04995,14.043798,14.043798,0.6510089,0.006932199,0.6268891,0.7592945,460.49402
a8dd87fdec024e7e8e2a85b06089e4f9.jpg,1,48.780567,9.649726,0,54.185632,28.473198,1429.5552,151.0768,0.6446461,0.0017356873,0.6608418,0.7256561,988.61176
a8fb145158eb4e8897fe1a6b2fa2bd8a.jpg,10,67.845502,19.516311,10,67.854182,20.635371,46.925274,4.728266,0.9111161,0.00073957443,0.89808106,0.9632564,46.925274
a8fb67e0b38e44579a672107a5fa9f27.jpg,8,59.194105,6.133937,8,58.880989,6.610231,44.211132,9.719445,0.7918931,0.007452488,0.7638539,0.9332603,9.719445
a9201807b1da42d08824d640c463942a.jpg,10,57.775374,16.420735,5,50.508131,-4.746179,1588.2484,1085.5206,0.68414843,0.0008031726,0.6474782,0.8368331,1585.4025
a92023e9142b48439084aee63b4af8d7.jpg,6,65.999136,-22.940159,6,65.995941,-22.942427,0.3697827,0.3697827,0.9273276,0.007210791,0.91754174,0.9857211,1.1004124
a929a6ab62c9495faad31732d8314c25.jpg,0,53.130191,26.07328,9,50.291373,22.248856,411.0694,0.69079,0.70930856,0.007252276,0.71112597,0.7493969,361.09775
a940f0833b004a6c8ebebc38c0c10d74.jpg,1,51.619344,10.947875,1,53.767567,12.570469,262.69443,18.330116,0.6689222,0.02258879,0.68934053,0.7092105,344.2946
a954af64fc4343ee95aa4816c0aff385.jpg,9,54.659258,17.34502,11,38.324498,42.923129,2643.2434,580.8387,0.72992104,0.009570003,0.72445697,0.8421415,1125.2318
a9660b7323554246ace052c3865fcdfc.jpg,2,37.987135,-3.212737,11,41.343285,27.45257,2637.262,53.26129,0.7128788,0.008199394,0.6831331,0.8318614,2637.262
a9a74f774547491a9de3e4a3e8d2b871.jpg,10,56.245551,16.466547,10,56.331336,16.52501,10.198423,10.198423,0.68280816,0.009255767,0.6890864,0.78054535,1186.7095
a9c65c969a3b40df923e0610e58e7c55.jpg,10,66.716755,19.83423,10,66.686073,19.830746,3.4151266,1.1927149,0.9600631,0.031774104,0.9555975,0.9779252,3.4151266
a9c99a7147034b99afe6ff7ce7c01598.jpg,11,40.012662,32.715546,11,40.239261,32.50932,30.697098,10.441633,0.82912946,0.123802066,0.82936937,0.85252035,395.26276
a9dbeee1c94341e6952ac18a616132f6.jpg,11,36.968532,35.035434,7,41.090202,15.232416,1766.5522,6.3111825,0.67501587,0.01545018,0.68011665,0.82605636,586.1722
a9facce028494588881d170ea10e4d1b.jpg,6,63.84336,-22.43187,6,63.852255,-22.114258,15.597544,0.25782317,0.7268245,0.009142399,0.7082007,0.8013196,15.597544
a9fbecfae4c642cb8ff2e0670a3cd4f5.jpg,3,66.657346,25.485262,3,66.63735,25.538324,3.2270257,1.0912988,0.9509226,0.0007074475,0.9408064,0.99138725,3.2270257
aa1353d6bbf54672989b6adab6b02362.jpg,1,48.707367,8.428841,8,58.254256,7.517902,1063.2515,140.89322,0.6506579,0.007753432,0.6762582,0.64440477,604.9923
aa18f50e75594c86b12365c9266cf3d6.jpg,0,55.381749,29.110177,3,60.636461,22.978176,686.3009,7.774101,0.71884185,0.0011956692,0.6986294,0.7996917,686.3009
aa283f183a724bdc8aa3139900ff3195.jpg,5,60.779106,-0.827004,5,60.776725,-0.826717,0.2652135,0.14758958,0.8792793,0.0007645488,0.8641216,0.9399102,0.2652135
aa2e8992a889401e8dc9f03bd0a7cd1a.jpg,0,52.288532,30.960008,0,53.524904,31.236663,138.72447,3.555395,0.6935665,0.006327331,0.7189288,0.7634077,3140.9116
aa4b60c0d93647b78dd0f3b7ff333c8d.jpg,1,47.646983,10.486856,7,43.233988,13.758248,552.9858,11.54954,0.6530944,0.008871317,0.6137227,0.81058145,552.9858
aa53882888f64beab318912805332aea.jpg,2,39.704498,3.242097,2,41.73234,1.264926,280.35574,7.5435767,0.628213,0.005957544,0.61123586,0.7731025,595.2642
aa5bb6b3475241f1afd655af9d6cb3fa.jpg,5,55.626261,-4.562941,5,55.63851,-4.595552,2.4587104,2.4587104,0.75374925,0.033877492,0.73214877,0.85758746,212.71446
aa70b4a35d7f4478bd278e6b6e75b4a2.jpg,7,45.401273,9.600237,4,48.039563,-1.784924,915.1036,424.19205,0.700497,0.008306265,0.7096741,0.8006737,936.09576
aa9e12ee2eab4309a7b46b09141f8dbc.jpg,3,64.393847,24.058792,3,64.370729,24.026343,3.0069523,3.0069523,0.8991728,0.03580779,0.88377964,0.9607451,3.0069523
aa9fd6e1ca9848fd876e1ea6ab35e65f.jpg,8,66.751893,15.478085,8,66.577339,16.299927,41.073566,3.619041,0.7353852,0.004748404,0.7197411,0.8568452,170.41936
aaa502aff0d04743b686518e5973f5e7.jpg,11,39.142632,26.838121,4,43.490688,5.662337,1827.7809,23.162392,0.67336535,0.010578036,0.6763141,0.8293258,250.19545
ab057285c05b4695b0edd44c4e1fb65e.jpg,3,60.322894,23.876627,1,50.543333,8.101098,1466.7017,421.31464,0.7216842,0.05900991,0.7285941,0.7280401,1538.0547
ab0e5b2bee1d450f80b26a17f801ff0c.jpg,2,36.808881,-6.061391,2,36.733591,-6.089131,8.728878,4.3758006,0.8055986,0.17264682,0.7931444,0.8554156,8.728878
ab2bc1a88fa54ab484b0cdbceb7d471b.jpg,1,51.813712,14.098966,9,52.234214,17.385475,229.65723,65.40587,0.70863533,0.004593253,0.7065395,0.7930813,443.06763
ab42dc351e8c4040a2c8f706148a9d6c.jpg,8,68.908495,17.758752,8,68.993804,17.72014,9.610463,0.06490113,0.855502,0.011548877,0.8515357,0.9062947,0.06490113
ab71d6fd23b74eddb3b4bd9043cb3b97.jpg,3,63.146978,28.048931,3,63.147365,28.049237,0.04569482,0.04569482,0.8332623,0.042862535,0.8203307,0.92145896,13.299169
ab815c1fe5bd4aa087122258c4560cdb.jpg,3,68.50969,27.513921,3,68.559403,27.503438,5.544275,5.544275,0.7876285,0.014780164,0.75436926,0.9267642,26.188473
abbabb9ba44c4beb967d12d755348afd.jpg,11,39.566686,27.039999,11,36.362004,33.946935,702.2632,33.102,0.7004485,0.012274325,0.6726068,0.8515155,176.87378
abce2f6fd7e147f9a371fcb19d2aa905.jpg,2,39.349653,3.008196,2,39.636156,2.650821,44.219044,2.488913,0.67063576,0.0021792054,0.66233265,0.78812623,813.58795
abd532800d6941bc9efc5e23cf330c1d.jpg,5,50.186519,-5.122671,5,50.121122,-5.440189,23.76187,5.542968,0.736077,0.027729511,0.72265136,0.8730377,673.0771
abd96472513144c29bfde49d1c631949.jpg,9,51.024972,16.210393,5,52.12557,-1.414392,1221.0659,166.96759,0.6662734,0.012930512,0.6573889,0.76299095,1237.2418
abe38d465a824fbdb63375f7417e4bf0.jpg,3,63.795966,29.189846,3,63.768026,29.19247,3.1094635,2.2046027,0.76359874,0.019934237,0.7172594,0.9489559,3.1094635
abef441737774d10baf3fa645633dfa8.jpg,4,43.019473,1.963161,4,44.145151,-0.908005,262.945,45.72254,0.65668213,0.00048422813,0.6416532,0.82716984,635.1236
abf983a51e2f4ae9ab77123671f7ea5d.jpg,11,36.222032,29.696394,11,36.632633,29.223868,62.223843,23.287813,0.7560463,0.004244387,0.71911573,0.93635225,23.287813
ac2f847aeeff48d5be2c7cf1927916ef.jpg,6,63.513897,-18.484581,6,63.517242,-18.480205,0.43061888,0.43061888,0.9344256,0.03722918,0.9234239,0.97843224,0.43061888
ac3f20d27faa461fbce9a7c57c336a22.jpg,4,41.485247,9.240302,4,43.280181,0.109793,775.58856,7.4099627,0.7130213,0.02610153,0.69054705,0.8489285,775.1636
ac435b3a412643bfbd0560f7ede01c54.jpg,11,36.42827,33.722287,11,36.407378,33.808129,8.024729,5.435291,0.7517787,0.028895676,0.7125354,0.9087522,8.024729
ac584830efa44ccaaa8e937f77b3fe26.jpg,9,51.590299,21.329363,1,53.097555,9.929222,791.43964,184.43015,0.67852694,0.0070703626,0.6754426,0.7009196,893.78326
ac802301b8414c868884232ac503c3a8.jpg,5,54.783766,-2.230555,6,65.878805,-17.493162,1483.9141,374.84186,0.65432876,0.030590951,0.6636263,0.77823496,1674.7542
ac98e580619c44b680f73afbd26fceb8.jpg,7,44.861659,7.301967,4,44.388842,2.040605,419.61075,0.32793316,0.67113197,0.00032544136,0.6658849,0.8103019,139.2055
ac9d86afc35340dc96346f9c96989f86.jpg,10,60.13121,13.509109,3,61.742984,22.139353,498.961,10.230505,0.7009041,0.04729712,0.6770968,0.8182654,542.5586
aca190e0235c4ab9b001c00e41ad3fde.jpg,11,39.532817,31.099073,11,39.533479,31.09653,0.23017548,0.23017548,0.9421286,0.23686397,0.930992,0.9866749,0.23017548
acc94a3dbd9d4b309610b0c4168b3f36.jpg,5,51.824071,-2.945212,5,51.821019,-2.964576,1.3734667,1.3734667,0.77581596,0.04545957,0.77484477,0.7797005,1.3734667
acd936e3599f4f07a09d794a5f31f4f6.jpg,5,56.899627,-5.024047,5,56.900806,-5.02005,0.275855,0.275855,0.8130471,0.08630115,0.7796603,0.9465945,0.275855
acf34b209ebd4c3e84e9821274f8dafe.jpg,11,40.005743,42.21293,11,40.012733,41.980479,19.81283,0.78898156,0.84788346,0.016821861,0.8270328,0.93128574,19.81283
ad15498460914b97ac0fadce69726520.jpg,6,65.550515,-23.952548,6,65.614,-24.212991,13.897944,7.581625,0.82878643,0.002517879,0.8128332,0.929269,8.660357
ad19416ac088481fbd837467ade364c5.jpg,0,52.156136,26.091831,0,52.13798,26.096416,2.0429542,0.58593595,0.77887535,0.0026674867,0.77160096,0.8166146,0.9428042
ad1d9c6b9fd446a98343acace387db02.jpg,8,62.989831,7.851297,5,55.159541,-2.207734,1040.7156,13.154604,0.6659172,0.005783379,0.64046896,0.7677101,1040.7156
ad35ddf23dae430684bfb6f1780dfa87.jpg,10,57.647849,18.636977,10,57.652833,18.653089,1.1073089,1.1073089,0.73989975,0.067190945,0.735194,0.75872266,1.1073089
ad79622c234942a7bc760d821e19b18c.jpg,6,63.847535,-22.378925,6,63.852789,-22.361325,1.0417414,0.93172187,0.7932056,0.0016669035,0.79687166,0.7963048,1.8151616
adbf0740e1384e869522e0bc734c1816.jpg,6,64.827938,-22.520807,6,64.838157,-22.569522,2.5685766,1.6302259,0.92045933,0.031297386,0.90686774,0.98249906,1.6302259
adccd57173b84073937d279c35a2f524.jpg,9,52.496954,20.877391,9,52.4992,20.909518,2.1891055,2.1891055,0.78654295,0.01414305,0.7751227,0.8322238,2.1891055
adcebc84dfb945f59d29db0e5745d574.jpg,9,53.513195,20.685154,9,53.423191,20.512171,15.207248,3.2223108,0.7948124,0.069162905,0.7737583,0.8790288,15.207248
adebb2b9ed9d4f479f494ca08606ce65.jpg,7,40.948755,9.038381,7,40.941926,9.04993,1.2318705,1.2318705,0.7994476,0.0002746582,0.7670611,0.9289936,1.2318705
ae1f4be409a14240b6b157facae3ae4c.jpg,11,36.429686,36.383425,11,36.085495,36.152501,43.51424,15.362112,0.7654184,0.045918584,0.7471789,0.8665502,17.583654
ae26c6cea1214944bfd1275acdd5f7a6.jpg,6,64.201828,-15.736508,6,64.209619,-15.720971,1.1470242,1.1470242,0.90403616,0.041859448,0.8878043,0.9755087,26.290222
ae30d8a7775542f8bb87a77e503d374c.jpg,6,64.416895,-14.588153,6,64.416867,-14.587286,0.041746337,0.041746337,0.9294266,0.05022323,0.9270084,0.93909943,0.041746337
ae42d17b569549ecba4196bb0f1bed76.jpg,9,51.921287,19.385935,9,52.590765,18.989648,79.17855,27.094328,0.7275927,0.018861651,0.7262542,0.73294663,79.17855
ae5adc2acac8406280211bb62037238b.jpg,7,38.614548,16.347276,7,38.625583,16.330254,1.9215951,1.9215951,0.7763613,0.06505418,0.7597622,0.84303105,174.25673
ae608f2b8ca94186bbc2d51eba04f6a1.jpg,2,42.436649,-7.705097,2,42.306883,-7.615863,16.184637,0.51088387,0.7163812,0.008378029,0.6916484,0.85304105,0.51088387
ae96b33ba99544e7b7e47caf88debced.jpg,10,62.987129,15.149624,10,62.933443,16.216003,54.23454,12.390954,0.7282639,0.010153592,0.717929,0.78301185,137.18155
ae9bc0863dac44758bb9bc98f02ad2dd.jpg,3,60.159243,23.573084,10,62.2577,17.471562,401.26343,11.874945,0.7254396,0.0033434033,0.7388953,0.7330763,753.5755
aeca9a2bd21d4086b8a90da3ab4de21a.jpg,6,63.961375,-16.860194,6,66.008824,-22.933042,364.93112,14.080834,0.8747709,0.0026328564,0.8576747,0.9613184,207.60889
af03c0f6c9ee4ccaa35f9e1692fadc62.jpg,3,66.598129,28.989443,3,66.602971,28.973661,0.880679,0.880679,0.8986548,0.011824667,0.8835475,0.9781655,61.345604
af1280e9ea72484f8d023d8cba708709.jpg,2,41.968898,3.031821,2,41.956977,3.048326,1.9024777,0.58747256,0.7253964,0.006363511,0.70882255,0.81595767,7.2253194
af2816345fd04d6d9c46ea3d74f4ef8f.jpg,10,65.924175,22.657625,10,65.922477,22.656767,0.1927792,0.1927792,0.9267045,0.0957557,0.9121509,0.9849187,0.1927792
af2abc8c70ac4a03beeaf93dd23f3dc5.jpg,3,66.680404,28.924532,3,67.139356,28.717167,51.828114,8.878415,0.876426,0.0042101145,0.8549966,0.96492267,72.29435
af3b62fec2e940ab9ab8e8eef90d58bb.jpg,10,58.548535,16.646527,1,53.605215,7.1682,803.6921,355.02884,0.59010285,0.0025734305,0.5662541,0.7761166,966.34766
af3cd0aa6cc045f3b2dd668d310245c1.jpg,1,47.856465,10.896259,10,59.772994,16.115573,1367.6003,13.763155,0.6553386,0.0058924556,0.62866104,0.7823204,1392.031
af3f21f7378a4f8894834450d80535fb.jpg,11,38.73891,35.35651,11,38.725691,35.460687,9.155165,1.2299341,0.75812733,0.03165102,0.774635,0.80374235,1928.8063
af9ed71ef4504babbbae58e1b3f7b88e.jpg,11,40.245439,38.973363,7,40.936322,9.471971,2480.3892,1839.543,0.6038407,0.019289613,0.6113403,0.65309274,3483.0452
af9f915b1cf64f08b31013fae3e59a34.jpg,4,44.545985,2.715446,4,44.224642,2.772608,36.01933,29.650585,0.7644289,0.038520873,0.75713557,0.8700809,178.87332
afb780ee35f04fb7a529bf1773024dc7.jpg,10,61.60086,13.253221,10,61.98461,14.580846,81.78798,61.073,0.66497755,0.04557395,0.65644336,0.72407746,2137.2744
afc1c809b90747279b4ba2a05fe7f456.jpg,4,47.525253,3.570431,4,47.5104,3.741117,12.923933,8.545653,0.76214373,0.01989919,0.7486961,0.89207834,595.3945
afd66ab99eb44d2e8ad1547b14c70d81.jpg,0,52.048745,29.441186,0,51.674486,30.364488,75.83989,0.95217615,0.8638625,0.015909493,0.84761864,0.9493777,75.866325
afef9eff19794fcd82fcb2ec09e06cfb.jpg,5,57.806826,-5.151205,7,46.44734,11.906221,1708.3859,67.32514,0.64939564,0.024867833,0.6430725,0.69598216,1115.509
affaa8ea7ab548ebab5e4947af1bc852.jpg,1,53.503283,11.834907,7,43.136857,11.793897,1152.6995,331.02304,0.72110444,0.04118979,0.74781406,0.70512056,1225.0754
b007b12609ad4cd4a72237203a80d785.jpg,5,54.26768,-7.538676,5,50.199853,-5.340589,476.38705,35.9754,0.7457084,0.008479655,0.73317045,0.79586023,476.38705
b009dcdd8bab411ea248eba2e1eb9ced.jpg,1,49.748021,10.194909,7,42.045423,14.817839,927.7494,424.0328,0.60207975,0.008287251,0.617792,0.60333216,2211.1978
b00a49e95c2241898c8592ab3c899a39.jpg,2,28.54494,-17.810161,7,40.07073,9.609386,2809.7593,238.5603,0.6471316,0.008938551,0.61768925,0.7649011,2809.7593
b01505c0d7cb41e09c4d8f0e8df8cb0c.jpg,8,67.133911,16.068319,8,68.129061,13.395933,158.1937,25.96581,0.61825675,0.0054692626,0.5708623,0.8090277,158.54321
b01546f7b1fe47958cfa6b8ea4ae7f25.jpg,3,61.834983,29.73343,3,61.831539,29.732559,0.38567507,0.23072153,0.8569609,0.018743157,0.8482766,0.89728236,7.2114673
b0239a6738f94dd791f6820078ed84d5.jpg,2,37.286284,-6.994538,2,39.339619,3.095482,908.90247,629.35944,0.63586444,0.05020243,0.6296349,0.69677925,2789.41
b08439d787f44886b585816330b77549.jpg,8,68.775596,17.801596,8,68.775022,17.801352,0.06457731,0.06457731,0.8651383,0.006307125,0.8589698,0.9456401,11.929892
b084fcb9af6449e89a495ec279b7ab3d.jpg,8,58.905317,5.72673,1,52.116332,8.205522,770.7293,486.85748,0.66377544,0.010714173,0.66285145,0.75021887,638.54224
b08d1747970640229cca14996978fd8a.jpg,8,62.468273,6.104138,8,62.339427,5.871033,18.693176,0.7293043,0.70520914,0.016151786,0.6660605,0.8618037,18.693176
b0af8395aacf43d1a171418d2ee3af5e.jpg,0,52.597127,25.57838,0,52.254585,27.793529,154.94626,0.8901328,0.85597134,0.009342313,0.83628565,0.95956445,159.45802
b0c001ed9e424825a36ab23de39ef781.jpg,9,49.477097,19.671189,4,45.689551,-1.021596,1602.435,331.66153,0.66961014,0.012364924,0.67443436,0.7668555,1155.6982
b0c6066a50d44e1daedfda1c90fe4f43.jpg,4,44.271386,-1.18401,4,42.962556,9.403071,863.9762,83.587685,0.6427523,0.021030247,0.62111133,0.7293161,863.9762
b102d6f6a25f40b68011d29df1470238.jpg,3,67.427241,24.937528,3,67.084424,25.081534,38.618973,1.8541585,0.8832197,0.012686014,0.86265886,0.9780813,39.613667
b11dfaeeabe041be8b68dbc4b1118cf9.jpg,8,63.239134,9.509742,3,62.026523,29.486027,1025.6804,3.9969308,0.6266162,0.011053264,0.61138016,0.8537352,31.993736
b12510c6c36a43f8926904898ef0c8b3.jpg,6,64.539214,-14.58192,6,64.607301,-14.40961,11.180073,2.296006,0.8444323,0.005112946,0.82552814,0.9200489,11.180073
b143a34308b948bf80e0247b17693214.jpg,8,60.598869,8.481029,8,60.50297,7.966255,30.094648,2.9335983,0.7609165,0.01989317,0.74780464,0.8222297,31.99586
b1676addbf3048e4b4a257f1ec0f5bbb.jpg,8,70.674659,23.650857,8,70.674224,23.65215,0.067849286,0.067849286,0.7983917,0.02451682,0.7819405,0.92972225,154.96527
b1b1d0eaf839457fbcb139a36cad12aa.jpg,11,41.379008,31.95694,11,38.882632,35.130271,387.03293,22.716433,0.6905575,0.020100892,0.70646703,0.7383202,273.92514
b1b5c1f627564851bf6e7eecd8c50718.jpg,7,44.911918,11.857416,4,47.5104,3.741117,687.67316,13.715098,0.681154,0.03735459,0.6840755,0.69111097,1656.4202
b1c8c24e60624d42aabc73316944d0bb.jpg,3,63.004689,22.310788,3,61.873685,24.507255,169.0567,9.411278,0.89486665,0.0071026087,0.87752867,0.96571386,60.979362
b20456dc51664fe0b4be901e05a13bb3.jpg,11,40.615791,43.17016,11,40.615055,43.200825,2.5896573,2.5896573,0.91771096,0.064296305,0.90379703,0.9733665,2.5896573
b21ed21355c8482d99d4f47094c58b09.jpg,5,53.144221,-0.699911,5,52.413651,0.723316,125.5467,3.7948155,0.7477322,0.005227864,0.73419964,0.851772,7.521017
b23f189b19b0426d8f9c3b44539b444e.jpg,3,63.00816,21.862343,3,61.677678,22.55367,152.18307,10.990767,0.79564965,0.01108247,0.7671007,0.90984565,152.18307
b24864735ae74e95964a700d008a9241.jpg,11,38.371668,42.799228,11,38.443551,42.320676,42.457123,0.35577634,0.76438636,0.050929964,0.7581346,0.79039085,372.3639
b2596a93370b4ca097ccaac7189d1668.jpg,8,60.409667,9.495933,8,60.388665,9.561476,4.291095,2.0640204,0.7980333,0.00023025274,0.76978457,0.91102815,4.291095
b261c1d1da624c988dd138b20b4cfc80.jpg,2,40.79926,-4.466284,2,40.795479,-4.455789,0.9783817,0.9783817,0.823189,0.05401069,0.81511885,0.90333426,37.944862
b277afbd82964010ac43928f67a49165.jpg,11,41.033282,32.078197,11,40.748854,40.244176,686.8972,8.136431,0.6878734,0.001954615,0.65568477,0.8166281,686.8972
b2bf89541a4a4982ace01539cdce6f1f.jpg,1,47.772924,8.264256,7,45.401837,12.14855,396.92538,209.19872,0.63528633,0.0021618605,0.6280428,0.7388593,1142.213
b2de0a49e91c4267a92791745f9276ab.jpg,4,47.199505,5.353274,4,47.578246,6.126839,71.86666,4.700949,0.770902,0.06564361,0.74917084,0.85782653,71.86666
b2e55f84df1f4b4f90949eac615e1748.jpg,10,64.211284,18.842825,10,67.246537,23.155209,390.64383,65.3171,0.82508594,0.0026705265,0.7968702,0.938154,329.5964
b33032bcc6914de2965161c3062e7f44.jpg,3,60.311602,24.64385,7,43.722043,11.450498,2044.9623,1799.9852,0.6857846,0.03533441,0.6537175,0.82792366,2334.5474
b332c24038a0496c9646ef51b4181e5f.jpg,11,40.287944,30.024419,7,39.112586,16.077964,1199.0367,14.907131,0.7033307,0.002241075,0.701707,0.819272,41.94273
b347e61d686845d6bb50f9cad6b3dd4c.jpg,7,43.19454,13.505253,1,50.920036,7.926111,956.7048,229.79321,0.6449567,0.0035325885,0.6264117,0.7191368,956.7048
b37f8eb0458146c39585bb84fc92f29d.jpg,8,69.293549,16.016331,8,69.293191,16.017455,0.059477635,0.059477635,0.84064806,0.0651418,0.8127787,0.95212543,0.059477635
b38d0f5d23a74373b5d984643a384831.jpg,5,50.661676,-4.646746,5,50.321913,-4.829861,39.938995,5.3869495,0.72877765,0.00032275915,0.6953714,0.9198116,41.280773
b3ba11f561164d42bcfa0efe2a62f076.jpg,4,49.1336,2.53424,5,54.861918,-6.249656,874.7196,48.545834,0.6563279,0.013112724,0.65805864,0.72242725,372.55698
b3bc4c0c4fea48a197ea25fbb766b4db.jpg,7,45.763221,8.677704,5,50.116171,-5.419448,1153.8885,122.15468,0.7359353,0.04076284,0.71947545,0.8017746,1153.8885
b3c157a90b8e44a3b36d63e24cc7bc08.jpg,3,60.821778,22.444644,0,54.628375,29.088931,792.77875,201.851,0.6601745,0.0042708516,0.6511279,0.79174864,967.1219
b3cc3d4ee69e4519b081d9c485622238.jpg,4,44.084387,-1.310524,4,44.325544,-1.097516,31.738796,6.6904163,0.80803746,0.033870876,0.77785915,0.9287507,31.738796
b3ecf14e4aba4ea9984709401f25e2e4.jpg,10,66.872859,23.086408,10,66.908,23.129171,4.330324,4.330324,0.9434815,0.0733245,0.9354558,0.97558427,4.330324
b415ab09842847b0bdc812361ceca98d.jpg,11,36.878162,28.636278,11,36.88162,28.636747,0.38676876,0.38676876,0.9143486,0.21545368,0.9113502,0.9263422,0.38676876
b423d1a1304e494ab7d0a2755af69e09.jpg,10,59.75123,17.083948,3,64.422415,27.674665,755.6913,233.1632,0.62709284,0.0022192597,0.63025725,0.75090957,810.9793
b4a0ba9c227e49509d789eb7cb902520.jpg,2,28.050318,-14.358446,11,38.784368,35.455759,4714.563,283.5793,0.6723975,0.0154233575,0.65637994,0.74396574,2879.2795
b4cd1277737744e9b04073fb29877b50.jpg,11,37.5436,27.348292,11,37.544872,27.348618,0.14433083,0.14433083,0.91005445,0.08572298,0.89290845,0.97863805,0.14433083
b5061840c83e428fb6c0a584819a0cad.jpg,10,67.943184,20.361402,4,44.685847,-0.86745,2864.3733,280.43695,0.6401228,0.047366798,0.667343,0.67505515,2386.7566
b523ec4803ba4ebab62b8cbfc5677a86.jpg,9,51.909656,19.865053,9,50.638338,18.479008,171.10767,15.208734,0.6770431,0.005738437,0.655331,0.7863902,90.27659
b54277e4fcd54407bce6c609d1c427cb.jpg,8,59.635947,10.696542,8,59.475373,6.293143,248.69485,35.887516,0.69688416,0.008133352,0.7013951,0.7021026,1116.2172
b55834093da04570a4924b7b9e3d8810.jpg,10,56.569333,14.669431,1,51.752342,13.888441,538.0242,28.958305,0.67522264,0.01745987,0.67088735,0.74475574,318.67172
b5994d714e954067ba87386f99e0a3fb.jpg,0,52.529622,24.581232,0,52.304898,23.661191,67.212906,4.0121536,0.81763184,0.0395208,0.8221442,0.8071773,99.15843
b59ac730da714ccd85d94c160eb3d711.jpg,0,52.446246,24.283131,9,52.492906,23.117211,79.14659,11.002586,0.83672667,0.073928356,0.83411765,0.84716266,79.14659
b5bba91ed84b4067b98de745ff51df26.jpg,3,65.526213,28.574539,3,65.531504,28.520274,2.5678012,2.5678012,0.93010896,0.00059980154,0.91764766,0.97995394,2.5678012
b5e1a219e14f40919560c0546f2edfe3.jpg,3,61.337578,21.843519,3,62.61615,22.751084,149.86491,3.7559187,0.821862,0.005599916,0.79141104,0.9505249,108.90844
b5ee962280a943b48fb230ca88caf62c.jpg,4,43.622517,-0.923664,4,43.627323,-0.928263,0.65009147,0.65009147,0.7806708,0.03098625,0.7564363,0.87760884,0.65009147
b5fc2fc4afa449cb90a6a3768ffc54d6.jpg,4,49.091797,6.627939,7,40.523145,17.196,1263.6399,306.09604,0.63576514,0.009723246,0.64786005,0.6864637,2129.8865
b602cb027b2e400ab0ca4b6ca7f6d55d.jpg,10,61.71596,16.844332,9,51.075489,21.281689,1213.573,167.77644,0.6197106,0.0068112016,0.6222443,0.72246945,525.3827
b60683ef3ebb43f8ad044a9edd1449cd.jpg,6,64.82904,-23.467422,6,64.824226,-23.542114,3.5730906,3.5730906,0.8336898,0.013685465,0.81642723,0.90940666,8.940783
b63337b33cee4b74a7551d6326087aeb.jpg,6,65.187278,-14.042153,6,65.191485,-14.013813,1.4026432,1.4026432,0.817973,0.12509376,0.8049075,0.87023485,1.4026432
b6572b05551f422fa86c4007c2b934d1.jpg,7,45.526217,11.014515,9,51.123472,23.344456,1101.5613,186.02634,0.670225,0.009039223,0.6697878,0.7795731,1073.2858
b657ecda6449426c9c1a9b4280bc1262.jpg,2,36.849531,-4.130738,4,42.518416,9.397703,1315.9226,69.96392,0.70930487,0.013128042,0.69629407,0.8232815,1332.4103
b66016e60fd742df93066955e9e72f21.jpg,4,42.088504,8.710679,2,38.627017,-6.36858,1332.3418,433.6739,0.70633423,0.012333393,0.68330747,0.8807791,1215.5718
b685d1cba3e7498785b40c8817ed3732.jpg,1,50.613664,6.456933,0,55.933738,28.650292,1581.2076,1332.3065,0.7518634,0.003258407,0.7657329,0.8637655,1817.5283
b68ab346cb8f4a25829256730051f229.jpg,6,65.212108,-14.605302,6,65.420121,-14.587878,23.144169,5.5295253,0.7443583,0.0031870604,0.7495963,0.7735493,1628.8488
b69786a82560426f9a608280232ccf27.jpg,5,56.676738,-5.24017,5,58.516323,-4.693038,207.1327,14.835861,0.7598395,0.00858593,0.738519,0.9196801,93.66664
b6a7ffab87134979bb8c7d7d3cc8c838.jpg,5,52.940666,-3.81324,5,52.945554,-3.642905,11.426571,11.426571,0.7729359,0.007133186,0.7406734,0.91822386,90.35468
b6c932ae269d4e7fa8f675ceb40fe8fb.jpg,1,52.329533,10.205829,1,49.889983,6.468276,376.29062,25.304838,0.6950537,0.00012874603,0.6544452,0.85748774,376.29062
b6d3613dfc89478b83abca45b830e422.jpg,11,39.942946,43.991309,11,39.872546,44.06372,9.971289,9.971289,0.7381716,0.013615727,0.75174314,0.7275393,36.838577
b6f85673ecda4de4a9edacf474235226.jpg,6,64.287983,-15.148427,6,64.290192,-15.088645,2.8943157,2.8943157,0.8663126,0.019761086,0.8471906,0.9554118,293.89426
b701e8f33cd1400a8f859816524a6c54.jpg,5,57.162572,-3.687284,8,67.322475,14.617682,1463.2656,5.3333993,0.6994126,0.0359897,0.7016603,0.7069049,787.3684
b71d57ce2b274bca939b4284bb24aca7.jpg,4,46.870227,4.572111,4,48.598309,-2.824497,585.29987,228.38135,0.7175131,0.014167428,0.7004195,0.7858876,585.29987
b72078f0b89e40eda1172f5b956c9a33.jpg,1,49.342207,6.840242,5,54.558802,-7.254872,1123.7885,59.25454,0.7443416,0.041823506,0.71958643,0.84336233,1123.7885
b73fd2ba60e9457292363a085cfb27ed.jpg,3,61.280884,24.701186,9,53.366503,14.817662,1058.897,276.45303,0.6390588,0.002938807,0.6496059,0.6954268,873.56635
b74d9017fd2e40f5a6cb3e8ff8126401.jpg,11,39.578713,39.939137,11,39.56763,39.976372,3.421106,0.5222279,0.8772577,0.01907748,0.8657202,0.92832637,20.62027
b75490fd7edb4627b77efb7a2512a476.jpg,0,52.531325,24.568612,0,52.304898,23.661191,66.48953,4.885883,0.76768476,0.0026353002,0.7706486,0.79375815,75.077324
b757a3ad0f754f8e8b88078764d34e43.jpg,10,55.940457,13.492509,9,53.392691,22.582994,648.9483,61.00127,0.71659744,0.015744865,0.73118293,0.7677682,749.3469
b798ed0ddead40f192152a821c67341c.jpg,8,62.470735,6.186424,8,62.470561,6.190151,0.1925227,0.026743835,0.8693878,0.047942698,0.8459297,0.9632203,0.1925227
b7b0f85f6f7045f68082dae2e349b2d2.jpg,4,43.644337,-0.894385,4,43.600697,-0.800645,8.9711895,0.9914441,0.7980471,0.023442805,0.7921461,0.8375939,3.3387847
b7f88cce4b7f41a09621cd6f561822a3.jpg,8,66.783132,15.467021,8,66.784095,15.466107,0.114330366,0.114330366,0.8758832,0.15894556,0.8606385,0.9368618,0.114330366
b8165bb0b1e847349c7c2bfef6f0670f.jpg,6,64.986021,-22.811439,6,63.884242,-21.375005,140.56264,0.28118518,0.8717037,0.01576531,0.8592348,0.9385961,299.53024
b81778b1d78d4fd3928e7790d1d1132c.jpg,9,53.367215,20.7613,1,53.147594,10.095165,709.26245,48.745014,0.6269796,0.0041586757,0.6072522,0.72997147,461.6068
b83afa3880bb4948beb2f72d0c442a8e.jpg,8,61.974067,12.991275,8,61.960859,13.008505,1.7227091,1.0641927,0.8456695,0.0051579475,0.8301223,0.9137922,4.342864
b881771bafd647f785af8109d57ecfab.jpg,3,64.523213,29.725376,3,64.821072,29.339583,37.86476,5.964602,0.8267349,0.0018540621,0.7979647,0.9418156,37.86476
b887a58c1faf4add949987d464a8e64e.jpg,11,40.9274,38.856106,11,40.927092,40.542772,141.69893,8.180638,0.7517379,0.0140762925,0.741752,0.7959361,8.180638
b88cb6c9c84549c69a17ea5193cca448.jpg,2,43.412151,-5.207642,10,57.452758,12.171271,1976.0592,55.95359,0.6213432,0.007766366,0.58938766,0.74916524,1976.0592
b8a33e630b7e4fecb645ab5a2fb93cc7.jpg,3,67.911444,23.915808,3,67.910251,23.918936,0.1862936,0.1862936,0.90013415,0.0033536553,0.8988011,0.910538,2.578814
b8adbd8d97694d5ab7c6ce1256431597.jpg,7,40.014238,8.505446,9,51.69893,21.003915,1615.3793,13.494218,0.77904844,0.0036304593,0.77261925,0.86857283,1616.8402
b8c6a455e0154d338efa26381916e02d.jpg,6,63.843292,-22.407004,6,63.843436,-22.407855,0.04468172,0.04468172,0.93127036,0.058325768,0.91742307,0.9866595,0.04468172
b8d2293920034bf682c5aa72dd0f0fa4.jpg,0,52.772357,30.755418,0,53.013864,30.573783,29.489458,0.3148278,0.7738209,0.007482171,0.7585787,0.88700885,0.47915912
b8f1b1c92bb24b7f9783acc4fd6d356d.jpg,11,37.033921,43.763429,3,66.160254,25.101915,3454.2375,206.70476,0.8297155,0.020756006,0.8162116,0.901103,1002.9565
b915b1c6396146199381fbac6e36f114.jpg,2,38.996591,-4.344472,2,39.122062,-4.133688,22.931976,15.9275675,0.70353174,0.0008378029,0.74265414,0.6199271,85.96809
b917effafb104380bde4033b9f6b82ec.jpg,6,65.623158,-19.370811,6,65.62306,-19.368048,0.12727344,0.12727344,0.91553247,0.025745213,0.900973,0.97377026,0.12727344
b9275c7e5fe549da8ebe794cd50748db.jpg,8,60.65516,8.036733,8,59.826472,9.908382,138.41713,4.048197,0.80469966,0.02156955,0.7835715,0.88921213,138.41713
b936b6286a55480aa268552240a389dd.jpg,7,44.756514,7.241439,4,47.446445,-2.260486,790.645,24.015953,0.6493555,0.005472839,0.6421366,0.7855672,1060.3915
b96936ba76fb44a39894ccf8fafc42a1.jpg,10,60.458932,14.736934,4,44.415,5.676949,1882.6409,53.759262,0.6875206,0.0331676,0.6977593,0.6465658,1882.6409
b96f8daf530243dc875b3af5813e4793.jpg,4,42.172352,9.528403,4,42.177576,9.529494,0.58779943,0.58779943,0.79285365,0.08612728,0.7907907,0.8011054,0.58779943
b97cc74eeff94237a4f02a840aaab16c.jpg,2,43.342402,-8.302587,2,43.345176,-8.308373,0.5604183,0.5604183,0.6973585,0.0042765737,0.6850612,0.8374236,3611.5144
b97db2133d3d42f78d6f74f3a5274cc2.jpg,10,61.658569,13.177434,10,61.362866,13.531905,37.87621,23.588512,0.77967143,0.0045559406,0.74969786,0.92421126,38.11338
b983f79da77d4ed4a8778c8beec6149c.jpg,5,54.6626,-7.338633,5,56.515266,-5.931793,224.16318,57.928116,0.65854937,0.012451649,0.6402834,0.8055049,205.675
b98fa87001e34b959cb0cbb611c8f524.jpg,6,64.848514,-22.673194,6,64.973129,-22.933374,18.506594,0.70954555,0.83005565,0.00904721,0.809973,0.910386,18.506594
b993f4c63b5d4fbaa9156069b7bc4618.jpg,2,40.514723,0.251152,2,38.199715,-0.679126,269.55197,10.61009,0.793954,0.083835304,0.7670651,0.90150934,269.55197
b9a2d91679884c16beeda9e347d9ee2a.jpg,4,42.369339,9.529649,4,43.280181,0.109793,774.45355,41.367737,0.6893421,0.015931845,0.64848083,0.8527868,774.45355
b9d313b2bd41404480ac8bb26f5340db.jpg,7,40.038959,15.307518,7,40.039115,15.310215,0.23025441,0.23025441,0.75022995,0.066370904,0.7577307,0.7326866,803.23773
b9d4dfb7171441cf89e3df8ed3a6fa6e.jpg,8,67.297864,14.786064,8,67.298007,14.789943,0.16722326,0.16722326,0.89149284,0.073842466,0.8773416,0.9480975,0.16722326
b9e2980cef6a4739a34bd92a385dfd08.jpg,3,67.460569,27.095057,3,67.464585,27.043732,2.2325675,2.2325675,0.8163584,0.010428727,0.7880976,0.96449625,28.000774
b9ec286cb1344ec59519dc136c520a15.jpg,2,42.978351,-2.233785,11,38.316743,43.10147,3813.023,1579.8363,0.63289344,0.02115941,0.6374887,0.7338599,3151.5486
ba01242936e941599b0165160d5210c5.jpg,9,53.591454,21.039176,3,62.210531,27.933213,1040.0082,1.241979,0.7413389,0.010127723,0.7231747,0.8283014,1282.5273
ba0949659017442296ffbe702ee9c7eb.jpg,11,36.647997,29.183829,11,36.632633,29.223868,3.9598715,3.9598715,0.7487924,0.041095614,0.71968675,0.90815616,81.74336
ba1f0c1d0da64f2ba0de4daf711ff780.jpg,3,63.174135,28.477162,3,63.17401,28.478785,0.082620114,0.082620114,0.74245846,0.10801983,0.72815233,0.79968286,0.082620114
ba658a10334247438e4ec001e44b0f72.jpg,0,54.025989,27.952648,9,51.075489,21.281689,557.3675,21.950426,0.73684746,0.049670875,0.7231379,0.7925766,269.37558
ba72aafaf13343a7bc4fd64366536492.jpg,4,42.495081,2.67147,4,42.537289,2.546719,11.250356,11.250356,0.64006746,0.0003721714,0.63678634,0.718133,1042.3857
bacbac8e78bc45c09933a6c038bc7df9.jpg,5,52.941973,-0.598363,5,55.63851,-4.595552,396.36435,19.584192,0.69236344,0.019458055,0.6830692,0.81399333,602.2869
bacc6a345a3f41a58e35cb8691e12068.jpg,1,53.115205,12.088526,1,53.307476,12.35975,27.98724,4.398376,0.8118937,0.028671324,0.806048,0.8447022,122.229866
bae13f8a8a514330877e672894fc8fa3.jpg,1,53.782348,9.30698,1,48.520989,10.350077,589.5259,15.102701,0.7342648,0.027392447,0.70034087,0.8699604,589.5259
baef3db77b804845931a3058fd5fc91f.jpg,10,65.326798,16.651808,10,65.304519,16.719152,3.9895947,0.75899684,0.8978441,0.0016713142,0.88881075,0.95172167,0.75899684
bb07e5dd7b8041c9bf63103d4bbb915f.jpg,5,50.499837,-4.720235,5,50.508381,-4.719895,0.950355,0.950355,0.8193824,0.01842022,0.7895603,0.93867075,0.950355
bb774c978d8242a0b02c6f5625784a31.jpg,8,67.264763,15.291307,8,67.315696,14.539568,32.763897,32.763897,0.6364076,0.014693022,0.60877514,0.79736984,907.50726
bb8c893d309949c78607f5ac3eeb468b.jpg,5,57.557255,-3.001561,5,57.557305,-3.001711,0.010534839,0.010534839,0.8046138,0.11506313,0.788001,0.87106484,0.010534839
bba315802cac4d13949c6aa3a5110a42.jpg,1,52.905559,13.597154,1,52.981844,13.835228,18.067429,6.4405804,0.78168327,0.05620694,0.7589196,0.87273777,18.067429
bbaba6e1a2a54d668d20323e5de5769e.jpg,11,39.562467,44.063764,11,39.561484,44.064047,0.111964576,0.111964576,0.9596793,0.032765806,0.9526138,0.9879414,0.111964576
bbb0b81d5f6243059c1807ada45b05fb.jpg,11,41.188229,26.664603,11,40.144092,26.378509,118.58372,30.684444,0.7720931,0.046193182,0.77161765,0.7849499,308.9424
bbb38542b7394e37af6fb055dd8280e1.jpg,4,43.271279,5.683453,8,61.225185,5.823877,1996.4077,278.5986,0.6383968,0.0018904209,0.6240952,0.73506284,2077.5884
bbbae30bac474d2a962cb3a41637e8d6.jpg,7,40.425148,17.903716,2,41.910771,2.852126,1269.0114,124.3477,0.7234787,0.00722301,0.6976775,0.85139036,1254.882
bbcb97f37d0d4eff867c9286f4eaef9a.jpg,4,49.71891,3.275745,0,53.041046,26.254608,1629.3901,5.7845693,0.684384,0.0025495887,0.7020535,0.70895934,888.6375
bc005d841a2f472288f41ee0712f1542.jpg,3,60.872786,26.289743,3,60.319308,25.270864,82.95372,4.0926666,0.7672644,0.0542987,0.7468864,0.84877664,82.95372
bc059c7ae4b44ffe812425a5135bd460.jpg,2,39.057264,-0.596209,2,40.17504,-0.869698,126.4794,7.2888503,0.6642663,0.007118702,0.638504,0.8319789,34.52308
bc1503557b5642d9a01e6f3b7aa2d3df.jpg,3,68.346501,27.399579,3,68.348476,27.393953,0.318605,0.318605,0.90998554,0.0022976995,0.89192414,0.9841397,1.9263905
bc203c35c31043a7968c4e416a471061.jpg,0,54.120733,27.364927,0,53.59516,25.862332,114.565315,1.892603,0.67142653,0.034421146,0.6371412,0.8095264,108.20098
bc2cbec2fdf64886a95e00308fb293ac.jpg,11,41.016651,39.201942,1,49.643446,6.745526,2687.04,111.31606,0.64628243,0.0013552904,0.64743376,0.692701,2580.869
bc3a1de5086548109e5ae33423eaace3.jpg,7,43.648219,12.585211,1,48.817568,8.427473,657.5366,178.27452,0.7147212,0.02230084,0.7157564,0.74969363,978.0491
bc44bae49463459ea6d4037a2f5fc150.jpg,3,66.267209,23.710344,3,67.432208,23.819598,129.63013,52.17108,0.8352573,0.008407831,0.82056797,0.91637516,372.94363
bc71ec7fe3b844aaa188514facb706c5.jpg,3,67.481408,27.918788,3,67.479148,27.941209,0.9873778,0.9873778,0.8704903,0.023107708,0.85740125,0.9290403,1.9628067
bc9da5747f2e46978f88943a5753196c.jpg,8,68.439336,22.614378,8,68.443138,22.742898,5.268216,5.268216,0.9608093,0.011779726,0.9536838,0.9893114,5.268216
bca250974d8d4bd9b0a4a526f98cd22e.jpg,0,52.527682,25.580347,0,52.323339,25.629617,22.966219,17.788721,0.6873113,0.02174759,0.6799669,0.71668863,22.966219
bcb8834a12cf4b6ea94b0af5051eb028.jpg,6,65.679495,-19.603157,6,65.683751,-19.605583,0.48610976,0.48610976,0.9212566,0.0141204,0.9103378,0.9665669,12.776291
bcde4965e211444091d6e0b2f00d019a.jpg,0,55.781766,28.600869,0,55.782069,28.600845,0.03372547,0.03372547,0.8329774,0.0013946891,0.8046942,0.94611,0.03372547
bce1e5e79e4e4f1d9cb7d215e5e9460d.jpg,7,40.252844,18.069557,4,45.93007,0.198103,1578.0466,1271.0721,0.6685272,0.003289044,0.67113674,0.7943367,1926.9106
bcecf57423154314a092d40f95323807.jpg,0,52.214749,31.520143,0,52.212593,31.531959,0.83997726,0.16149642,0.9427928,0.0011341572,0.9352819,0.98220086,2.0548072
bcfa4ce477be41498f9bf00a37b0900f.jpg,3,65.101683,27.709485,3,64.82365,27.941439,32.78623,6.5605965,0.73903257,0.018131971,0.73550725,0.7531338,32.78623
bcfad9ed2fd64201b4eeccf9cdf6a67e.jpg,11,38.20074,41.09863,11,38.203997,41.098747,0.36230662,0.36230662,0.86885905,0.010471106,0.85516626,0.9236303,0.36230662
bd0dfc433d7544a9aabe6308ae0144c8.jpg,5,53.139709,-0.70972,5,53.122552,-0.743857,2.9709342,2.9709342,0.86265314,0.094163716,0.84452105,0.9351815,2.9709342
bd3845f1feb34f9f91a3fcafa169fc11.jpg,1,52.956335,14.037159,1,52.764029,12.059239,134.4946,16.189451,0.7288111,0.03212577,0.7365709,0.8071457,244.64157
bd57e423cdc74190a1afd8f24cb18d4d.jpg,7,38.433531,16.43485,7,40.713712,8.515494,724.24207,23.212658,0.65726155,0.0013311505,0.6408675,0.74858534,685.8587
bd6850c9f6bd41298b789080f35929b7.jpg,7,45.733815,13.748154,8,59.553484,5.276927,1636.431,129.272,0.6662342,0.008816838,0.6558471,0.7504601,1694.4507
bd7bd015847f41aaa84751e436666138.jpg,4,43.206483,2.801882,4,43.189635,2.606075,15.982349,15.982349,0.81934893,0.11149788,0.7957923,0.91357553,15.982349
bd7ec79a7c054017a7312d23d1623bbe.jpg,6,63.427581,-18.768528,6,63.429258,-18.768639,0.18655588,0.18655588,0.95630485,0.06847572,0.9489473,0.98573494,0.18655588
bd90c1c76ce34b52899d20791f16d7a7.jpg,3,64.817401,29.338791,3,64.594594,29.682092,29.661694,0.4099133,0.833701,0.053622425,0.8141311,0.9119805,29.661694
bdb88c45f68f4918b7647d6fdb7ff5f4.jpg,5,53.170048,-0.828869,5,52.380967,-0.046549,102.31133,5.31209,0.82862633,0.017069459,0.8084609,0.92703474,111.18695
bdbfa0432bdf4366842b6ef21f434720.jpg,2,41.88132,-1.756906,7,41.028628,8.949332,896.6668,848.1492,0.7122773,0.0142451525,0.6763178,0.9084554,914.89075
bdc6afc440204e6c9d457908661839f8.jpg,8,66.419324,14.761382,8,66.658311,16.162488,67.47775,6.966263,0.7265204,0.014354885,0.72809863,0.78468573,349.6855
bdcc88a8899842079c0b4c4da56b8be5.jpg,3,63.198933,22.811163,3,63.201793,22.814086,0.3501578,0.3501578,0.95603776,0.14828193,0.9545711,0.96190417,0.3501578
bdcccaeca4554fdaa8d8a089f94cc075.jpg,6,65.671914,-14.984014,6,66.015164,-14.8935,38.389294,0.9154832,0.8971125,0.004091561,0.88234025,0.9562014,38.389294
bde40322ce6e4969bb21499e8857a624.jpg,6,63.843817,-22.424271,6,63.843902,-22.41503,0.4530637,0.4530637,0.8295101,0.0011844039,0.8032938,0.9343753,0.4530637
bdea466ecc144c3fbb7e73f9d44d7bea.jpg,4,48.509744,-4.765075,4,48.553248,-4.699288,6.8459334,6.8459334,0.7752362,0.009996116,0.7508384,0.87282705,6.8459334
be0cf3a0078044fca10f8e0ab1a85536.jpg,6,65.045783,-22.757004,6,64.964155,-22.890035,11.020539,0.32379383,0.8447999,0.022552252,0.83465517,0.91461915,123.68777
be0ec5c928814deeae1741c01be03247.jpg,1,48.372023,8.031302,4,44.140161,5.461328,510.28577,71.09068,0.7378282,0.031493127,0.7331653,0.7575706,496.72055
be1a0ce4f5e24652983b03b21168aae7.jpg,2,38.143325,-0.934572,2,38.171952,-0.864267,6.9223576,1.9488443,0.8884419,0.027369022,0.8842673,0.90514034,6.9223576
be2cdeb1cb814fddaf5c2d8f876f8e12.jpg,6,66.170838,-23.417174,6,65.738799,-22.016716,79.582886,1.3846543,0.8444167,0.0049105883,0.8211907,0.94638574,82.19158
be382ff81b154fd0bd7918d211cb352b.jpg,6,66.162817,-19.020941,6,66.172354,-18.987759,1.829551,1.4910235,0.7860994,0.029555023,0.76004016,0.8914987,1.4910235
be9c68ff3c2842a0b0edb247f608d5f0.jpg,1,51.855376,6.225472,1,51.788599,12.82498,453.49268,29.65101,0.6958374,0.0016053915,0.69843584,0.7315339,627.1641
bede275a07da45de997102c09566ca90.jpg,11,40.848302,39.652283,11,40.755159,39.620403,10.699018,10.699018,0.7367258,0.010369897,0.72722864,0.8502729,13.214161
bee3ff7762bf453d9817092611a93e71.jpg,1,48.410349,11.648547,1,47.930142,8.378795,248.26738,58.439075,0.63726544,0.0019164085,0.6331128,0.6945992,238.07825
bee531509ef247dd8a7c370fa1e5a16b.jpg,10,56.2453,14.063098,10,56.23753,14.073136,1.063572,1.063572,0.78208554,0.03259808,0.76545274,0.85776436,7.1810827
bee5f772fa7648bb9be06aa41cb6785d.jpg,1,49.498944,9.088281,0,52.198832,24.3497,1110.3274,52.213417,0.6124158,0.0055714846,0.6184065,0.72320443,455.14813
beff8cbd059c4c7990ae07972070fff9.jpg,4,46.510408,0.158576,7,37.631142,15.143033,1578.0146,988.6758,0.71352863,0.016499817,0.6870243,0.819546,1578.0146
bf138e73863f47f7a6c31c72cbdb03b8.jpg,9,50.57829,21.275213,9,52.900615,19.226635,294.2165,8.407805,0.7028849,0.027535856,0.70987856,0.69571537,178.57481
bf2afb328f0442a9b4785f1c18e577e7.jpg,0,53.181685,30.451467,0,53.119865,30.489643,7.3303404,7.3303404,0.85361046,0.055934668,0.84010595,0.9076286,7.3303404
bf357d821df64cd3abd2b48cff9f8a8d.jpg,6,63.852498,-22.26444,6,63.84916,-22.210397,2.6742468,1.4089518,0.91270375,0.03102994,0.9026482,0.95292604,2.6742468
bf64cf7c9d3040c5ad870b05b2eb2eb2.jpg,5,52.941544,-3.82647,5,56.380135,-5.042364,390.25323,22.979645,0.720914,0.03235084,0.6946826,0.8258395,390.25323
bf6a03631dec4b65afc0041277f6fbf8.jpg,0,51.856763,24.21061,0,52.028638,23.79877,34.090828,22.356201,0.7226011,0.052217722,0.70070636,0.81018007,34.090828
bf7fa6c60c8f4724a0d8dec03fbd29fa.jpg,0,55.02568,29.370973,0,54.990735,28.868015,32.305996,2.537256,0.86194533,0.015432775,0.8341674,0.9730569,32.305996
bfafeaa4628b4d999629724fffbb34e0.jpg,11,38.7801,33.64036,7,40.951472,8.871,2120.57,139.64218,0.7584531,0.019673526,0.7459818,0.83123624,2163.5813
bfb2677c6d6f446ab990c75011366224.jpg,11,37.863667,41.154232,11,38.550772,35.184035,527.11176,0.6889876,0.76706046,0.008450508,0.74567026,0.8526212,527.11176
bfbbac4dd78145b9a64841597b75b6c4.jpg,8,70.8914,25.678986,3,65.700923,24.662811,578.64557,261.65347,0.8257523,0.0024278164,0.80548334,0.906828,578.64557
bfc37dedee8444859a55620884307adf.jpg,0,55.769048,28.604265,0,55.617381,28.64715,17.077448,0.62126464,0.8912319,0.0164209,0.87117565,0.97145677,17.077448
bfd3bb2c72c2400c8eef88815375c782.jpg,10,67.086083,20.749479,10,65.627285,18.934853,181.25769,6.022605,0.8742518,0.009217143,0.8724711,0.90732354,6.022605
bfd606c1199844e79bee434ddf049326.jpg,5,57.492314,-6.359089,5,51.910685,-2.937326,658.22974,11.991977,0.74209464,9.536743e-05,0.70958024,0.87215215,658.22974
bfed1c2002bd40b19fdbb106a96e4d10.jpg,8,70.792938,25.721305,8,70.870635,25.787087,8.967137,8.967137,0.8352411,0.0048903227,0.80897135,0.94494283,35.82614
c00719b81bc14ede912adf7fef67c52d.jpg,10,66.942733,23.017967,3,65.903662,24.10041,125.163704,6.197028,0.86142313,0.004694879,0.84527594,0.92601186,125.163704
c01f5a1393f14bacb2a37876a6be0803.jpg,2,37.869634,-4.31212,4,41.578553,9.243642,1228.8768,265.71918,0.6536712,0.04896921,0.6306164,0.7546034,1108.504
c063b290cf8f479e9753733f1a9a6255.jpg,4,44.410575,-1.074512,4,44.405663,-1.074967,0.54738474,0.54738474,0.90722877,0.13875198,0.89457834,0.95783055,0.54738474
c06822960ff64cab832b81a32bcc1048.jpg,11,36.281794,33.482903,4,41.634377,9.231767,2171.5361,0.98448724,0.72984177,0.0038718581,0.72878826,0.8733865,2155.5562
c07ff5de72c2475c8c3e2cc394e82cd9.jpg,6,66.070804,-18.657404,6,66.076868,-18.633666,1.2651553,1.2651553,0.70551723,0.03751743,0.6919187,0.7838803,58.579067
c092fd6351084123b848e2a76c40be1e.jpg,11,40.395273,26.886917,11,40.395684,26.839398,4.024406,1.417913,0.86960244,0.036433578,0.8625673,0.90725887,16.501633
c0d045a584f541bfab2f023b06bf15c6.jpg,11,41.348261,32.023204,2,38.313329,-1.482958,2863.0083,122.95307,0.64537144,0.0058037043,0.62848246,0.7168505,2670.264
c0eaf207b1db45e7bc548b4f95888813.jpg,6,65.807319,-17.563097,6,65.804252,-17.566427,0.3732744,0.3732744,0.9636842,0.05017203,0.9562696,0.99334234,0.3732744
c107b76f3d5b4258afe5159974c6c67f.jpg,8,70.062612,28.949834,8,70.062762,28.949091,0.032739375,0.032739375,0.93283343,0.105353594,0.920848,0.9807751,0.032739375
c1099097e87a4080ba666168f9493f59.jpg,5,59.110368,-3.323543,5,59.060786,-3.334604,5.549367,0.38928172,0.90306264,0.0076325536,0.8855984,0.97291946,5.549367
c11de369cc0b403abf74356b0c313ced.jpg,8,63.58367,10.802261,1,54.249037,8.997669,1043.0167,11.670414,0.6156388,0.001791954,0.6238879,0.66822493,1411.9011
c142ac016d0d4815aaca3f16f8c3eb0a.jpg,10,58.001822,15.750322,4,43.457623,5.007839,1780.2388,12.307613,0.64401114,0.021148622,0.6432841,0.6800518,1872.6948
c14380e0d8304578ab83825343dee4ce.jpg,1,51.110636,7.812556,1,51.109962,7.817565,0.35762367,0.35762367,0.7004161,0.083490014,0.671086,0.8177364,0.35762367
c14e51a7a4af49078c392e0517a0993e.jpg,2,39.379797,3.225874,2,39.371854,3.147691,6.777929,2.4035714,0.81536096,0.004000008,0.7887615,0.9307073,27.960337
c16f83ba3fa44021844d7aec069b42e0.jpg,4,50.247775,2.997336,2,40.453107,-4.687721,1242.1653,360.41098,0.6168636,0.003266573,0.5990191,0.7423923,1182.8026
c1a85e0f5d4743d3b503b307f92ea04c.jpg,9,50.62943,16.827918,9,52.399153,20.160652,303.11197,56.48628,0.69737256,0.011903048,0.7089178,0.7137631,1038.8418
c1ca4d98eac74bc69b893c3d135028bd.jpg,6,63.535437,-18.462659,6,63.539264,-18.457464,0.49734166,0.49734166,0.9443431,0.012377858,0.9343178,0.984444,0.49734166
c1cbb1813a1949bf8122fea483278b7f.jpg,6,65.983133,-22.856357,6,65.979514,-22.85889,0.41842693,0.41842693,0.9270054,0.0318771,0.91397315,0.97913456,0.41842693
c1d454fc94124d88a96522149fe45a29.jpg,3,60.694126,24.168639,3,60.689596,24.168208,0.5042597,0.5042597,0.8196352,0.031502426,0.80986047,0.87880814,6.0041704
c1eada98579640ba98f7dc508d65cb9d.jpg,10,66.028583,21.091289,10,66.027988,21.0946,0.16355962,0.16355962,0.928462,0.06373203,0.92330295,0.9490981,0.16355962
c1eb55cc75ca469ea8d969ff395ff03f.jpg,9,53.050563,22.161029,9,53.392691,22.582994,47.290844,3.0461519,0.73819894,0.036186516,0.73248196,0.8488627,197.16956
c201fa4d177a45909aec6092433a7ae5.jpg,9,53.058895,15.165917,4,43.719975,-0.392368,1542.5939,14.215114,0.69400865,0.022961736,0.6663132,0.8047905,1542.5939
c207d14618f345aca6dbd23a3a0f2d75.jpg,10,67.245686,23.267129,10,67.246537,23.155209,4.814308,2.238854,0.8864222,0.015723288,0.8654617,0.9702641,4.814308
c20f191ac19647bea1ff87a54dfc3557.jpg,4,48.128184,-2.178469,1,52.953682,13.869217,1250.9338,0.23194659,0.7094887,0.035686076,0.71865153,0.7505891,1131.9604
c24e3b0a52fd404abcd6dc33336a0977.jpg,9,49.857184,19.364878,10,55.561861,14.259054,721.13763,36.578274,0.6957743,0.0027582645,0.68497336,0.80196536,674.21387
c27ffdf8cd8b40028811f341b20b0af6.jpg,8,62.396852,6.202418,8,62.396274,6.193328,0.47272578,0.47272578,0.8405339,0.02810055,0.82087874,0.9381385,35.927586
c28159acc34341569b730df7f812102f.jpg,1,52.038616,7.868371,1,53.503246,9.077636,182.04097,13.64657,0.73121953,0.0011759996,0.7066187,0.8334086,177.51236
c29e36fe0e784442aed70128ee0dc97d.jpg,0,54.584442,25.889414,0,54.73364,25.983014,17.648657,9.327185,0.8548987,0.025670052,0.8439578,0.90696704,44.418564
c2ac3d80ec1c4920874250051e8f1874.jpg,6,64.629482,-14.435318,6,64.629147,-14.433954,0.07490556,0.07490556,0.92416865,0.08089656,0.92353797,0.9266912,0.07490556
c2b51b4444e748449c95ad85610d1f1d.jpg,3,67.886607,24.00856,3,67.889171,23.996242,0.5891606,0.5891606,0.87456155,0.0019683838,0.8773025,0.90664977,4.5794883
c2c851fceb564678896c211e2813b6a9.jpg,0,54.806652,28.647409,0,55.839809,28.608745,114.908005,8.271641,0.6786308,0.018375158,0.66624045,0.7542351,134.36368
c2cf658cd61444058dca4516d24a85ea.jpg,2,42.424623,-0.795263,7,40.581547,9.749168,901.0447,9.027335,0.63454956,0.010213196,0.61507595,0.7871662,1235.1492
c2e2316e374b43d1a310adb32cb31e36.jpg,1,52.727113,10.411996,9,53.795289,16.441727,418.1265,24.345009,0.77377117,0.0553627,0.74328506,0.89571565,418.1265
c2e5cdec00cc464cb75cd51336a96a1f.jpg,7,43.028617,12.89218,1,52.416288,8.614494,1091.3075,285.4163,0.65127283,0.00938791,0.6500529,0.7570868,992.8231
c34b23cd84774d308544df2e3cd4766d.jpg,10,64.873856,21.084929,3,65.48287,25.341775,209.87944,22.626549,0.64506793,0.004192412,0.6706413,0.6485553,768.78955
c38856319e154aa184880d3bf2e859ed.jpg,0,53.919451,30.469573,0,53.960304,30.467409,4.5448604,0.553545,0.7646987,0.012255669,0.75025046,0.8929646,186.9902
c3bc827247eb41d3809152baaf7ed6a9.jpg,0,55.670459,28.194004,0,55.665773,28.210474,1.156863,1.156863,0.81584895,0.025282323,0.80205363,0.87103003,1.156863
c3ccbe895afd49c5bddaf005edd3571d.jpg,9,54.330621,22.66959,9,54.31331,22.651942,2.2394514,1.6095953,0.7238219,0.00383538,0.7122253,0.8085234,104.44766
c3fd2f6c067b4e17bb529d9dad998185.jpg,4,46.120697,3.522057,1,52.052615,8.702091,759.3964,515.5313,0.635762,0.005276203,0.61260426,0.7522225,1028.0332
c416a8c8f1e9443fb4d0d431fcafca3d.jpg,1,51.713763,6.380922,1,53.07669,11.270557,364.648,63.825207,0.7323553,0.0060352683,0.74108636,0.8147708,1103.0059
c442f527b19247fea841a6fdedf7a93a.jpg,11,38.202983,41.098718,11,38.203997,41.098747,0.11278025,0.11278025,0.8826265,0.019365847,0.86976314,0.9340799,0.11278025
c45363b7ca5a43698ff35d0cbbe37ed3.jpg,8,63.584225,8.96191,8,63.607928,8.919792,3.3591864,3.3591864,0.70765924,0.044174433,0.70034754,0.73690605,3.3591864
c47509fe8154495e904e352dca1ff087.jpg,7,39.150201,9.403848,7,45.582628,8.338742,720.56757,183.18906,0.6475897,0.007259071,0.63266206,0.765254,423.91513
c4a44b759dd14ff4ba24275607d7b6ef.jpg,1,47.54574,10.548222,3,60.560735,22.447208,1636.7084,793.9669,0.7107488,0.016340435,0.69404477,0.8066081,1537.4178
c4f2f26b2fbd4608be9eea7cc10665bc.jpg,4,49.174018,-0.61689,1,53.067468,13.2877,1060.3815,853.6183,0.6672126,0.0008684993,0.6548783,0.8648824,1446.7449
c508995d10194efc92840e538c3253c8.jpg,8,69.698939,19.003221,8,63.976028,10.208195,741.9858,741.9858,0.61990434,0.007991016,0.62086964,0.74370575,1886.6005
c51b3692eb18432cb0d295b61a784d95.jpg,10,57.579882,18.378026,10,57.580503,18.377275,0.08229549,0.08229549,0.9625465,0.087216616,0.9606117,0.9702858,0.08229549
c53f85f19f7a46bbb84b802c8d706ac1.jpg,5,58.554895,-4.706119,5,58.556486,-4.706181,0.17694792,0.05235773,0.8467385,0.021918416,0.82892275,0.937878,3.6099372
c54025923cc9491cbe5d142375f5bc53.jpg,6,66.087491,-15.163192,6,66.084803,-15.145187,0.86485356,0.86485356,0.87303567,0.029416323,0.8513665,0.95971215,0.86485356
c551d71bf8a7457798ce78b018c6ad1d.jpg,3,60.525856,23.610809,3,60.769946,23.428067,28.911488,10.260164,0.74388885,0.019038439,0.75294465,0.7400538,77.051674
c5911ad1d298414e90c59b1eec637d1f.jpg,8,58.905061,5.727537,8,58.90648,5.733164,0.35960346,0.35960346,0.7310068,0.031830847,0.73969454,0.70687294,682.64795
c5aa28ee7e364d149fbad981f44397a6.jpg,1,47.486674,11.227253,10,60.285497,13.890412,1433.5333,0.009789864,0.6471564,0.0026845336,0.6569631,0.70712256,258.4875
c5b522171aaf42d68344b21452036a4d.jpg,2,41.981803,3.022095,2,42.019372,2.992918,4.8233066,1.0580091,0.7774847,0.014479458,0.768332,0.8568595,3.5104723
c5bc08edc14e473a80dadca6e3ed21a5.jpg,10,65.090805,18.873469,10,63.587738,19.364633,168.79738,97.678825,0.76497877,0.0070424676,0.77054125,0.7942623,657.1335
c5e2b8a6b2214219a69182a697cd8d07.jpg,9,52.087487,22.298821,6,66.081104,-23.07704,2928.611,451.1178,0.6738064,0.0007016659,0.6693037,0.691817,2928.611
c63c30bcdae04ecd835c0c70c5aaf045.jpg,6,65.653944,-17.859816,6,65.653612,-17.858817,0.058821443,0.058821443,0.8451081,0.13784766,0.834623,0.90271586,25.11985
c65426fe4c894b46a898c403a56b9c42.jpg,3,61.296514,28.766024,7,43.156989,11.752249,2310.307,1028.8337,0.68923396,0.015804708,0.7250575,0.70848596,1493.4036
c655967ac45a4264860725a491a38495.jpg,10,65.3486,19.495019,10,65.185325,19.535845,18.254457,0.9680118,0.91598475,0.026484668,0.90452784,0.9618125,18.254457
c6813d4da36042b6992825fa1de7c083.jpg,0,53.706728,31.735741,0,53.631027,31.548626,14.926578,1.7602537,0.74530816,0.038743854,0.73725307,0.7775285,14.926578
c6db762243634a69940dfbc08c7ce562.jpg,10,60.452449,17.161412,10,60.468645,17.167411,1.8306981,1.8306981,0.76122093,0.11209762,0.74121994,0.8412248,1.8306981
c75939874a064dfa87120014839b0139.jpg,0,55.835571,27.927842,0,55.61922,28.264955,32.005283,4.0743203,0.8129283,0.062377572,0.80841607,0.8309773,32.005283
c7c2feb2ecc94c4aa20ff8725521dc07.jpg,10,65.483369,16.92365,10,64.411557,19.289982,163.13039,4.0445313,0.837973,0.00034058094,0.823955,0.9113474,233.21236
c7d5acbe5dcb4675b00e22e13152a4f5.jpg,8,61.937187,13.011541,8,61.943373,13.009515,0.6959678,0.11012489,0.88780516,0.05180645,0.87222373,0.9501309,0.6959678
c7dd6c807c7b493b8ef578fafb9ad372.jpg,0,53.575135,24.339688,0,53.578153,24.318129,1.4623884,1.4623884,0.91862893,0.039766848,0.90498173,0.9732177,1.4623884
c8204a6b1b6c40d1ad7be2053e8feb42.jpg,10,56.625007,15.548624,10,59.154464,15.448828,281.32492,185.53284,0.63775265,0.0128057,0.6269295,0.77422845,2426.0208
c85051920e8a4af9a45b61138f3b7f59.jpg,1,49.341053,11.973974,1,49.341774,12.02073,3.3883824,3.3883824,0.65309364,0.06749946,0.63542336,0.75824606,632.85077
c85ff9f7094d4fe98bfb2667b497eb2a.jpg,2,43.323964,-4.681338,4,44.187302,6.042735,866.0164,370.71207,0.640271,0.012643039,0.6290587,0.8039874,788.07355
c886416efb40481ea916e3dcd0133dfc.jpg,0,54.113735,28.348562,0,54.112503,28.346867,0.17599192,0.17599192,0.87394047,0.14557832,0.8828726,0.83821195,0.17599192
c8b7e807aaa34272ac58506c721b8bda.jpg,6,65.729497,-14.863837,6,66.009183,-14.87878,31.107124,0.53068054,0.84062374,0.0011970997,0.8347928,0.89844096,147.19206
c8d6f3503ed6467bac8e7028aa1a32c8.jpg,6,64.903747,-13.923183,6,64.899996,-13.897523,1.2801242,0.69111645,0.90475184,0.006953478,0.88701844,0.97568536,1.2801242
c8ead7e09916423a8b07e45c3ded3eae.jpg,6,63.82463,-22.665153,6,63.819151,-22.557148,5.3331146,5.3331146,0.8478213,0.0047686696,0.8248714,0.95763457,5.3631268
c8f7a4b8bc854fb7990c06b00eb10f54.jpg,0,52.212085,31.533958,0,52.212593,31.531959,0.1474477,0.09336126,0.95084774,0.04675132,0.94833124,0.96091366,0.1474477
c8fa301a6a6a43f98e58f7947343ab6f.jpg,5,50.348578,-4.662883,5,50.348435,-4.662825,0.016424652,0.016424652,0.86532027,0.07930571,0.84415525,0.9499803,0.016424652
c918f61d7a694d85b5992d16291187cf.jpg,2,41.734647,-3.858999,2,41.762114,-3.893498,4.185614,4.185614,0.8794111,0.23947561,0.8818034,0.8698419,4.185614
c919ed647da24d649a3e6fd981e50fc9.jpg,6,63.435155,-18.770042,6,63.437073,-18.770742,0.21609403,0.21609403,0.868899,0.0057812333,0.855276,0.9233909,0.21609403
c92bdf93ef4949e2befdada4fdc58b31.jpg,8,59.650749,5.479506,8,58.689543,9.008273,227.69093,15.191596,0.6853157,0.0037647486,0.6539943,0.83969164,232.16649
c95a758fe3224f8f98af40e522047767.jpg,3,62.559236,22.035833,3,62.57908,22.030513,2.22332,0.7336199,0.8701657,0.019461036,0.8520727,0.9503883,0.7336199
c95c603375df4497a4349404fdd2983b.jpg,0,55.289707,30.322642,0,55.271661,30.330927,2.0740936,1.1696916,0.9003097,0.015680313,0.8832244,0.96865064,2.0740936
c96f99461a7f445286ef93601d6394ac.jpg,9,53.386119,22.583956,9,53.392691,22.582994,0.7335533,0.7335533,0.8273879,0.07916492,0.8419858,0.8035773,723.5362
c991406261134b37aa6638241b667ab7.jpg,10,60.134387,15.676151,10,59.980547,17.157321,83.96533,14.414227,0.8158136,0.01714176,0.78990567,0.91944504,83.96533
c994da57dc824cbd939b11a255ebf900.jpg,7,37.116741,14.286913,7,37.173314,14.34317,8.027174,3.2310345,0.66446364,0.005838692,0.62929165,0.8225457,39.68183
c994ecda902244fbab270a75cf906e70.jpg,4,48.432297,-4.500673,7,44.955409,7.202041,971.37537,757.0172,0.6648059,0.011024177,0.6471458,0.73677325,1221.8527
c9a14648d29848b08d2c8689d99235cc.jpg,9,51.687807,17.921345,9,51.57047,17.83131,14.451751,8.768834,0.7772756,0.01016587,0.7766658,0.83862865,10.324605
c9b4cfc22cdd421d81358aeb92f74aa5.jpg,11,39.869188,37.76076,11,41.634078,35.516713,272.4583,12.254224,0.73805857,0.0007272363,0.7226516,0.81774545,3286.3057
c9c3ab7436a446ea82e2669937859bef.jpg,7,38.037955,12.709249,7,38.039277,12.705423,0.36589617,0.36589617,0.80615574,0.091064334,0.7810941,0.90640247,0.36589617
c9f9da4a1cfc4b25ad2df11744ee6907.jpg,9,54.776636,18.405332,9,54.705999,18.390373,7.912962,0.7528602,0.8016022,0.050838053,0.7866027,0.86220825,60.179604
ca2c133382b44113b96235b5fafa9169.jpg,11,37.313592,35.882454,11,37.308875,35.87748,0.68455696,0.68455696,0.81508094,0.05782038,0.79458565,0.89706206,0.68455696
ca36dd62e50b4b2ebcd627368216df20.jpg,3,66.093516,28.617493,3,66.073273,28.799317,8.499936,7.482875,0.9172423,0.01681006,0.91599905,0.93469936,44.515053
caa9f2d9d5854de69b689dd551b2c99d.jpg,1,48.988377,10.88424,1,48.520989,10.350077,65.07222,6.9726415,0.7255696,0.024933696,0.7191067,0.7514211,65.07222
cab8d25400fb4fce91441f53d46b6cba.jpg,1,53.369152,7.330128,11,41.31439,27.680343,2023.6484,208.9396,0.7003876,0.042410195,0.6748816,0.8024118,2023.6484
cadb4dce0f0e4605a37425b78f43d5cf.jpg,6,65.620227,-17.222874,6,65.652924,-16.935315,13.682365,2.0296853,0.8824665,0.0003325343,0.8653809,0.9508089,13.682365
caf10407881a48f5ab7208b60a829ff1.jpg,6,65.893739,-14.826618,6,65.896257,-14.829971,0.31871656,0.31871656,0.9124901,0.09604418,0.8965578,0.9762193,0.31871656
cb2a8f7978c646f68f515ea610f56fa4.jpg,7,40.594303,8.293516,7,40.813949,9.300609,88.336334,2.647622,0.8455987,0.0066024065,0.83449024,0.9232522,1812.806
cb48c55d3cde48cfa83b0cc63b74c903.jpg,6,63.988715,-18.91654,6,63.990542,-18.923977,0.41567487,0.41567487,0.7684411,0.013846815,0.76434803,0.7854613,54.223072
cb6bec47c62b4ec7a339146bfdea15e2.jpg,8,69.206448,23.687687,8,69.202923,23.681219,0.46779692,0.17688602,0.84850776,0.005421877,0.8250769,0.96631205,0.17688602
cb8923c8acc84a95a424d7e3e57e602a.jpg,4,44.628297,-1.15735,4,44.629129,-1.157099,0.094622575,0.094622575,0.9195085,0.26994473,0.91715777,0.92891145,0.094622575
cb92f926e1ed4da58bf7695395c44341.jpg,10,64.238333,15.865835,10,64.324468,15.720818,11.861683,2.4672172,0.8447649,0.011217296,0.81952024,0.9457432,11.861683
cbbadb6377324478911aa551702b6ac4.jpg,1,53.394086,8.439043,1,54.601501,8.903466,137.6467,3.4461548,0.7407602,0.016982019,0.7230597,0.81156236,137.6467
cbbb5128500244fdb2eff4100523b502.jpg,7,43.168271,13.650407,7,43.198992,13.641246,3.4958441,3.4958441,0.8101245,0.010287285,0.7765243,0.9480941,3.7736707
cbcfcaef15e249369515e0b272e691e9.jpg,1,53.291893,9.237803,1,53.8256,12.138375,200.54604,10.965863,0.66484654,0.00080156326,0.6543468,0.7546011,131.4
cbef4d287391499f9a222c6ed3ed2a14.jpg,9,49.557217,22.066757,7,42.985037,11.958973,1064.8983,922.5742,0.6741147,0.0096514225,0.65933514,0.7601221,2216.0703
cbf2ce80d97748139bb3704d427228fe.jpg,2,41.966884,-3.113328,2,41.658411,-3.485947,46.154034,14.309874,0.6651813,0.0070917606,0.65753114,0.7622788,493.15686
cc24bb56a6484ee8801e718a35f8bf03.jpg,0,53.60858,30.387285,0,53.59576,30.370383,1.8099276,1.8099276,0.68992156,0.023649275,0.6966034,0.73225653,253.4601
cc5762019393485a8059be225b191d7b.jpg,3,60.780857,25.027647,3,60.753026,25.020691,3.1176383,3.1176383,0.64664376,0.011804581,0.64604294,0.7382588,759.51166
cc5b5e8aa9f04385927956f585fe5dfe.jpg,0,52.922412,30.643774,0,52.941395,30.629448,2.3189464,1.1550951,0.9277466,0.07086229,0.91805416,0.966516,2.3189464
cc6e0a01436a43a8983350bd80c5cac8.jpg,2,39.413736,3.136744,2,39.36108,3.128669,5.89607,1.6818074,0.85853434,0.050477862,0.8432492,0.91967475,5.89607
cc7583e10d904e64bc62237d826fdf24.jpg,2,28.055768,-14.36334,2,28.067931,-14.415897,5.3314486,0.37076187,0.83608633,0.011461496,0.81586444,0.923404,0.49663177
cc7eb6c93844412cbb0cd189464da276.jpg,11,38.260489,40.958394,11,38.017554,41.774404,76.306496,0.3603209,0.6723752,0.0012480617,0.6641664,0.78109545,1.9691064
ccc8fd7f45744e039693cb55d8f3784c.jpg,10,57.565984,18.404016,10,57.56679,18.402924,0.11078501,0.089374885,0.89174294,0.057082713,0.8851809,0.91799104,0.11078501
cd0f5258b0fd447cb09519589d2d0317.jpg,10,65.409776,16.123972,10,65.398465,16.128006,1.2715088,1.2715088,0.8806022,0.05020827,0.8750528,0.9027997,1.2715088
cd32441ede7d4845b1990cff09a9f778.jpg,7,39.070066,8.452679,7,39.058554,8.428879,2.4209108,0.6376316,0.7080357,0.0066944957,0.6692959,0.8828144,3.100115
cd3a6d62956446ebabecf09121b032db.jpg,10,60.066187,16.802166,10,65.65043,21.483787,664.36816,201.7476,0.81640655,0.033107698,0.78558505,0.9396925,664.36816
cd4f6daf70c349019aaef921aba918f9.jpg,10,66.672227,20.166162,10,66.671413,20.166142,0.09051704,0.09051704,0.9575719,0.035796523,0.9521906,0.9790971,0.09051704
cd5904f7f4c043c4b6b2aa715cfdcaf9.jpg,8,63.078534,7.657664,2,41.897548,0.983651,2395.1682,2.4881852,0.69243896,0.013077915,0.67323464,0.77882385,2365.8057
cd9fe64b4afa4dd39c0f3297ca4f990f.jpg,10,59.37263,18.198585,1,48.085524,8.341286,1409.2756,82.33517,0.6600176,0.015287399,0.66227645,0.7459197,1289.6841
cdb8b0d702654d66a4fd96dc603d2928.jpg,8,58.381661,6.110735,8,58.37841,6.119521,0.6269218,0.24164042,0.79838955,0.0031188726,0.7649287,0.9437896,0.658356
cdd1f2fe73ca46ed8ad38f6f4660bac5.jpg,0,53.652064,30.039781,0,52.537745,30.816128,134.31123,3.3012302,0.8912918,0.013456821,0.8775612,0.94621426,134.31123
cdf849617dc8467ca0e915e670796dce.jpg,11,41.518424,36.005967,11,41.619874,35.574191,37.64964,1.3617735,0.79039365,0.02679646,0.81401086,0.7646711,2287.702
cdfd5a11d05f43b7bf0a3fa13d8ded63.jpg,3,62.169041,29.964451,3,62.172736,29.957261,0.5550791,0.5550791,0.8868356,0.018665314,0.86755824,0.96504116,78.55365
ce0423d7f2dd400fb58c0073ce9c1dad.jpg,1,54.678509,9.217779,1,52.734003,8.347443,223.67456,13.550001,0.7115456,0.013517141,0.6993097,0.76048917,223.67456
ce3c773acc5a49e3917a0164f66fb720.jpg,6,63.962427,-20.648708,6,63.958325,-20.67126,1.1916025,1.1916025,0.8972538,0.024291813,0.8777689,0.97519326,1.1916025
ce537aa9acb644c091f9bc7aa4fff725.jpg,4,46.611409,4.889067,7,41.785208,12.624254,816.7606,72.795044,0.7138854,0.0019550323,0.71905655,0.7418386,623.3833
cea707cfb03e4061b3da8c9102639cc9.jpg,7,40.655965,9.722518,7,40.70569,9.695099,5.9931316,4.573418,0.91781926,0.04769218,0.90231884,0.97982085,5.9931316
cecb48f62a224fa0bff0038d0acabe02.jpg,7,41.610458,13.55007,7,39.300522,9.091151,456.30295,4.351089,0.7367906,0.02816701,0.7292854,0.7668114,456.30295
cf22ee9134174fe580d2fdfbc68fcb79.jpg,6,63.917507,-21.360853,6,63.923894,-21.359713,0.71238595,0.6143035,0.9131677,0.046973646,0.8972328,0.9769072,0.71238595
cfa59dfffd0341bfa716731b415eff7d.jpg,10,55.778662,13.813182,1,52.00415,12.269366,431.69836,281.6525,0.6456206,0.001768887,0.6474441,0.7724941,604.0569
cfb4e82153d841aabe4285f27799213c.jpg,11,39.160735,31.809945,11,37.838862,40.610379,779.47766,3.1301413,0.82253,0.0069936514,0.79806376,0.92039454,779.47766
cfb8582ca1e64cd38a4d106a609bb0b7.jpg,0,54.488927,27.859328,0,54.418489,27.896168,8.186415,4.822321,0.84192306,0.044617534,0.83315325,0.8846763,40.35117
cfc552076f0c449798c317fe5c58651d.jpg,4,45.14525,0.056276,7,44.531121,9.158908,720.58295,136.93568,0.72427094,0.070094585,0.7017297,0.8144359,720.58295
cfd7606d53944cb2b1aa63cf92ae5b9c.jpg,8,62.997499,7.935194,8,62.337188,5.877566,128.15968,33.25935,0.72327995,0.0011999011,0.69124913,0.88883996,120.62698
d03e9eef7574451c88dc51cd51cc6932.jpg,4,46.161105,0.171344,4,46.278553,0.173905,13.061126,13.061126,0.74548274,0.016893685,0.7275741,0.8171171,13.061126
d0494f711f174096beeaff330773b50e.jpg,2,36.782111,-4.104239,7,45.83023,11.838834,1663.8672,1224.8615,0.62863696,0.007284403,0.6523595,0.7116984,1508.6155
d056854e6e9a418591a487fe08118d2a.jpg,8,58.33415,6.248148,8,58.378269,6.119991,8.942148,0.12881829,0.78143007,0.008913994,0.7438979,0.93738174,9.841608
d0592a13deee4002a295e42514e15721.jpg,5,52.035974,-0.351193,5,53.192242,-0.6244,129.88747,8.905601,0.819889,0.02002281,0.7913402,0.95082426,126.45492
d0690f02c6ed447dac104c173a549d78.jpg,9,53.312511,18.594576,5,51.802147,-2.011716,1398.1726,376.99063,0.68424535,0.0141916275,0.67177975,0.74715185,1381.5453
d0781ddea1174606a2571de865c02f93.jpg,11,38.891258,35.59464,11,38.890409,35.594218,0.10122343,0.10122343,0.9457346,0.07986528,0.9359681,0.9848007,0.10122343
d0a39e95cfd1441ca24e01463db16ba5.jpg,3,63.357878,25.596325,3,63.175531,25.73665,21.456606,2.0568972,0.91999316,0.008501053,0.9059847,0.9767474,31.718483
d0b3284e79ba43248cc7b0b806409ef6.jpg,10,56.821508,14.472795,10,56.80765,14.462141,1.6718142,1.6718142,0.86112785,0.13833809,0.8359214,0.9619535,1.6718142
d0b4b63a9b5c4468a445c74f1c9e0bf2.jpg,9,53.469542,16.197437,9,53.47703,16.187632,1.055639,0.31955996,0.7857971,0.007472396,0.75843954,0.8952275,1.055639
d0d2077e22dd4e08bf7034ef56d38af6.jpg,5,54.914651,-7.419909,3,62.725724,29.018005,2232.5583,1.0220108,0.5954967,0.009613693,0.61549306,0.6365425,253.49045
d0dc44df410b47ed9fe7f8831f4edbfa.jpg,5,50.377908,-5.028227,5,50.508381,-4.719895,26.2147,0.97606677,0.8224571,0.0059046745,0.7969602,0.9583528,25.201166
d0e6951ffe5e41c78fe639f33d4aab2b.jpg,4,43.032723,1.553615,4,47.190351,5.598359,560.6031,133.4786,0.63620085,0.01458025,0.61683077,0.7136812,560.6031
d0eaf71683124d248a6952fa15cf3dbf.jpg,0,54.632202,27.931331,0,54.660839,27.972902,4.1585503,3.3230858,0.86624247,0.0056346655,0.85045165,0.93366086,4.50956
d0f59da6ad9c41b6a33bbfc6e5e05ebc.jpg,10,59.146639,17.574425,9,49.816805,22.183074,1078.665,81.42707,0.6885399,0.012803376,0.67298245,0.82249033,1080.9155
d170fb61ffea42659ef1625e9ff5179c.jpg,5,58.543023,-4.673232,5,58.524185,-4.683864,2.1837068,0.19001774,0.7596784,0.016976178,0.73077494,0.8752924,2.1837068
d187eecb448249ddb03d92ff42530d50.jpg,10,61.793972,13.502166,10,61.889958,14.166184,36.441227,14.717406,0.8374811,0.00034421682,0.8323653,0.91706765,14.717406
d1b7b835f25a43b6913df09a0f03e708.jpg,8,69.606797,18.93557,8,69.612478,18.938375,0.64097846,0.5541291,0.79653406,0.006924987,0.7848452,0.8432894,0.64097846
d1b90fce59774cb5a2c85d4fba964d83.jpg,5,50.228452,-3.710068,5,50.226573,-3.710687,0.21352515,0.21352515,0.7859377,0.051858485,0.7541003,0.9142511,63.288162
d1c14abfd4344b8e8a418692151a2553.jpg,10,62.806166,12.795961,10,62.229384,15.173057,137.79913,12.908797,0.8166814,0.010031283,0.7955977,0.9010161,137.79913
d1de978b93694e0984d8aa16e63f8f89.jpg,3,65.533409,28.87899,3,65.532945,28.87916,0.052185133,0.052185133,0.97454786,0.0355134,0.97087854,0.9892252,0.052185133
d1e8a9b2f13a4227884587b3d1c484d5.jpg,0,52.561028,25.039784,2,42.850424,0.736042,2099.8374,159.00336,0.61879367,0.008069038,0.60616,0.7184403,2520.7854
d1fedc76827f41d699e620448dfd30ae.jpg,5,56.104474,-5.518473,5,57.386212,-4.696607,151.07375,1.3622024,0.73652697,0.007763982,0.72123307,0.8247224,83.07963
d21120ed4d074f2c98be3ce32bf4e0a5.jpg,0,53.378681,30.394388,0,53.416355,30.389823,4.200083,4.200083,0.8889475,0.05698508,0.86851174,0.9706906,4.200083
d22acf34ac2a4ea78709e3979819517e.jpg,3,66.516713,29.053126,3,66.468158,29.000913,5.874762,5.874762,0.8248825,0.0153746605,0.8034717,0.92796385,185.02899
d22b960d66fc496da24d9420d07233b3.jpg,6,65.936153,-22.931375,6,65.930239,-22.937684,0.71714187,0.71714187,0.9144724,0.022251785,0.89476484,0.99330246,0.71714187
d233556d65e54071882b7536b40e0a54.jpg,2,42.968903,-4.979859,2,43.620952,-5.801134,98.35943,3.9754174,0.7340645,0.044204056,0.7011693,0.90454924,37.368942
d242844c6d414ea4bdfd6230d7483e19.jpg,3,62.346175,23.823572,3,62.526436,24.016911,22.376987,8.599808,0.8849052,0.024766088,0.8679088,0.95289093,22.376987
d2ae6848cbb84481b870eab3430da467.jpg,8,68.661656,15.519513,8,68.661288,15.525995,0.2654438,0.2654438,0.93574196,0.006706059,0.9221759,0.9900063,0.2654438
d2cf12237d834b14aabe5e7a3e22696d.jpg,9,50.078093,22.372012,9,50.082249,22.375839,0.5367798,0.5367798,0.8140108,0.08117062,0.8075734,0.8397603,0.5367798
d30233cf7e674ed1825316806d1c49c7.jpg,2,42.827971,-2.169901,9,53.002843,15.012551,1700.8447,1211.881,0.7422695,0.008462548,0.7409687,0.85453016,1458.2655
d326fd57d2d243e18ddce05c00daea1b.jpg,6,63.93396,-16.447924,6,63.970793,-16.420855,4.303635,0.35443443,0.8964686,0.04089755,0.88269484,0.9515635,4.303635
d334c77691b24daaad1dfac8537d83ad.jpg,10,64.34068,14.833467,8,64.427028,14.330503,26.016016,5.6845236,0.86767554,0.028610826,0.8463633,0.95292443,26.016016
d39f92ad9cc4423ab5a0d5f08e9b8917.jpg,6,65.769069,-23.927239,6,65.749459,-23.843698,4.393276,0.667803,0.8530001,0.03567809,0.8368447,0.92513084,2.2406743
d3ec0d2f7cc34cbdaa692b654c31462f.jpg,7,40.737949,8.48287,7,41.000731,8.901784,45.766727,2.6577926,0.8201709,0.005685389,0.80529183,0.9452577,52.101173
d4344279911846648babb425aa7cc3a7.jpg,2,36.717956,-2.874764,2,36.72425,-2.880668,0.8756208,0.755424,0.79414517,0.009857655,0.7626538,0.9201102,0.8756208
d435856fa92840db83aac6a70236d0a2.jpg,2,41.65757,-3.485564,2,41.623925,-3.05308,36.13312,0.09877994,0.7496538,0.04082942,0.72399664,0.8522824,36.13312
d45b6cf27f7148c08fe82001124be8f8.jpg,8,69.201994,18.067224,8,69.218521,18.090351,2.0519161,0.2520401,0.786819,0.01139456,0.7667812,0.86696994,2.0519161
d4972bb32a924505a2ef70d7c300511a.jpg,3,60.394315,25.783991,3,61.279776,28.7249,187.29066,1.1962025,0.7579801,0.004634917,0.7483614,0.87437534,97.78752
d4b38ca7d4b64afc9f8164b3ee8d9b9d.jpg,11,41.22102,36.521873,0,53.975007,30.466634,1487.7338,313.13495,0.6238952,0.043515384,0.63579285,0.7119634,1710.1792
d4dfe42148024d07879d3b081caf66c6.jpg,11,37.907787,30.317161,11,37.977557,30.287003,8.1964445,8.1964445,0.7698997,0.014874339,0.7371106,0.9443562,99.55848
d4f204e8d68b489c87ac34f7ef4e5287.jpg,7,37.836407,15.120188,7,37.83641,15.096152,2.110794,1.5855429,0.7572309,0.015538454,0.7339351,0.8665688,15.631127
d4fbc59b59534c9b8b9036b0d02625f8.jpg,10,55.462983,13.286778,4,45.003865,2.025047,1408.355,869.7661,0.6997802,0.0085935,0.6699081,0.8480624,1193.5623
d502910dba3d4f9a8aec5ee5ab5b0d6b.jpg,4,49.303244,-1.46278,4,47.412727,0.609483,260.04315,14.43712,0.7105903,0.004827082,0.7104654,0.7802379,418.98062
d50f1aead7464f9d88d0d72179477bb6.jpg,2,40.21861,-0.937353,2,40.17504,-0.869698,7.516048,7.516048,0.8422845,0.051475763,0.84723693,0.8224746,7.516048
d52c2ceeff0d406b8fe9d26cb094437e.jpg,10,65.74167,19.389552,10,65.696885,19.2502,8.086934,4.049332,0.86416775,0.026121914,0.85199505,0.9132007,39.679897
d537dc2d1b6a407c94ad4992ebf2be04.jpg,1,48.901239,11.103483,5,50.135649,-5.307914,1190.1836,540.6729,0.65980285,0.027566135,0.65747535,0.70603454,1174.8696
d550b11573104f89a429eca6bcb4701f.jpg,6,65.608191,-19.353538,6,65.609615,-19.353769,0.15869668,0.15869668,0.97118956,0.051178932,0.96610636,0.99152225,0.15869668
d5995f66e43f46ffa736e22a6afa8293.jpg,6,65.029038,-22.236636,6,65.007627,-21.919515,15.081353,11.286,0.86993265,0.0005983114,0.854001,0.9424689,11.286
d5a8eef77dc340ce932976d99c5929e4.jpg,9,50.786399,16.053235,1,49.670184,7.087363,649.32043,52.994583,0.6545136,0.013878703,0.6394693,0.71469057,649.32043
d5ce33df381f4b00b557fbc06a9abbec.jpg,8,58.264023,7.657612,8,61.446748,6.004196,365.7182,15.826821,0.69320154,0.009790301,0.70140254,0.7782588,1575.7601
d5d634652de9455a87fd994ee41c9fa0.jpg,9,53.219027,23.190687,5,54.994759,-3.224624,1722.8616,793.00995,0.73176014,0.0068774223,0.73974,0.7450007,1816.9888
d5f510e1284f450b9b3bbe7f0b78ae91.jpg,10,61.509737,14.849764,10,61.58414,14.824924,8.377254,0.040564656,0.79556763,0.07474035,0.7648814,0.9183127,8.377254
d5fd155652bf43f59520db050591a788.jpg,11,36.934741,35.398728,7,42.984286,12.415629,2063.2998,1510.6235,0.61486787,0.0115481615,0.6077882,0.8031014,1646.6652
d6138129569b4df28ac1d88333eebe73.jpg,11,36.707765,33.13097,11,36.330829,33.661533,63.28234,1.6589268,0.71931756,0.0067312717,0.7005296,0.8081088,49.895367
d63ee4d510524e30bcdbc38022cc1b3c.jpg,2,28.3558,-13.958432,6,65.765876,-17.91008,4168.814,9.72899,0.7280099,0.064168274,0.70708346,0.8117155,4168.814
d66217c683034d07b9c78e9f4b8dd121.jpg,1,52.92649,10.338025,1,52.934502,10.33105,1.0061111,0.9548479,0.8965732,0.010614455,0.88822424,0.9461028,0.9548479
d67d3e6c43bf4d66810e81c3b91349ba.jpg,7,40.267473,18.051292,7,40.267917,18.050232,0.102596216,0.102596216,0.74780744,0.079729974,0.7365523,0.8084703,494.0611
d6cab49c2607490b862dd21db9b6ef06.jpg,9,52.806005,14.632244,8,60.24325,5.367878,1001.3552,12.6470585,0.6688415,0.00204736,0.6638155,0.7282653,1227.0269
d706947c6c404a579c7d2f051bb47a16.jpg,10,61.43173,14.855809,10,61.45792,14.875105,3.0875223,1.5678242,0.8777846,0.024339676,0.87787765,0.8774123,3.0875223
d709601a4d6d40afacd53341fd963446.jpg,9,54.039116,19.90708,9,54.587087,16.912196,203.57967,5.6304083,0.6914011,0.037239432,0.65706366,0.828751,203.57967
d70bed8332ed47d183f25eb784391f92.jpg,5,51.700303,-4.712679,5,56.260214,-4.931949,507.24164,8.494812,0.7368307,0.01050061,0.75388277,0.81059045,83.00364
d70ed2a9d18c48bc97c4fd3f0948e6d0.jpg,2,39.437633,3.234857,2,39.440571,3.235009,0.3269518,0.3269518,0.7963017,0.034929812,0.79351133,0.80746335,0.3269518
d71ebb95b3ed4fe18a869d7581a296cf.jpg,6,65.699249,-14.928253,6,65.703013,-14.922327,0.49869615,0.49869615,0.8918565,0.0038904548,0.87474585,0.96029913,0.49869615
d729eca4118d46df9da1f9c0940a3b99.jpg,10,60.021985,17.88389,1,53.038133,10.694608,891.8304,208.49054,0.7295567,0.0051119328,0.7170531,0.82291985,869.14374
d76c7e6121974c759096e78d19523910.jpg,1,49.326302,11.078486,4,48.585429,6.44637,348.041,85.65378,0.7199629,0.012753308,0.7011387,0.82754815,420.23093
d772e3a3c2724058ba090b17431ea559.jpg,11,37.399629,34.859916,11,37.403926,34.868201,0.8740051,0.8740051,0.7128416,0.028812528,0.706553,0.75318664,2855.925
d79cda0ef017479d872c09823cdf52e1.jpg,6,64.945375,-22.900832,6,64.964155,-22.890035,2.1492028,2.1492028,0.8016977,0.031103075,0.8068716,0.80943,14.611169
d7b9370f2dba42de9df9c0a4083320a3.jpg,4,45.144669,-0.479978,2,36.772698,-6.04207,1040.8761,11.7481785,0.77135736,0.012509346,0.7619318,0.80905974,1040.8761
d7f7ff70e74649c38fb9bc2e5a63a055.jpg,10,64.12108,18.964557,10,65.412038,19.402669,145.0418,1.614505,0.7121407,0.0016991496,0.6932777,0.8664155,17.697603
d80fc6b407b14167a65c61c643c66c12.jpg,7,37.877041,14.969214,7,37.855,14.943735,3.318,3.318,0.6876556,0.008689463,0.6558633,0.81482506,3.318
d83268cac5c24e6984d2ab2f01310df7.jpg,4,44.77395,-1.120704,4,47.776098,1.75054,400.105,130.66876,0.69765645,0.008938491,0.6711054,0.8083044,435.7516
d858de9923094758ab3d089abc5f6c02.jpg,11,37.04994,27.38825,2,38.315256,-0.662891,2463.0627,35.034996,0.67051023,0.025250196,0.6529688,0.8092904,332.963
d86a40f37e224144b97a4a01f8714b1a.jpg,5,52.458289,1.568686,4,44.483317,-1.075284,907.7821,15.3824,0.702901,0.0019540787,0.717788,0.72701246,545.98395
d879f45b8e0e44cca64b04fb1ea31267.jpg,1,53.480565,8.391376,1,53.477083,8.386283,0.5133186,0.5133186,0.7657736,0.015047967,0.74005103,0.86866367,0.5133186
d88b6a93257540a9805203f10ee4118a.jpg,5,53.205314,0.166748,5,53.566743,-0.266771,49.41397,8.30161,0.8064327,0.0066056848,0.7677129,0.9613122,49.41397
d8a755ced1fa4dddb8765ac0e5fa6b43.jpg,9,53.35988,14.698634,1,50.158089,6.643577,658.28186,53.872597,0.7856259,0.02784437,0.7733309,0.85037583,552.5504
d8aaec5f7c714a99be5e81dcd9e74389.jpg,6,65.546459,-18.074114,6,63.814322,-20.113456,215.61702,36.63128,0.82296365,0.0066684484,0.79632497,0.9446242,236.40019
d8b501d2fb4c4aefa7a0a1bd071e5446.jpg,3,62.850334,27.697184,10,61.165365,14.703564,702.1709,173.62668,0.60193527,0.005387664,0.5992975,0.70263505,693.2206
d917dab31ddf4665bab4736f899e8de0.jpg,7,46.694114,11.443871,7,43.09844,11.91727,401.5541,18.077528,0.62673736,0.0073304772,0.5863124,0.78843695,401.5541
d91f29b51d894f79a5656e4b734d4413.jpg,5,55.723452,-2.679299,11,40.324596,37.605758,3383.394,10.714387,0.6108719,0.008364797,0.62009394,0.6993936,3447.884
d940df8621b840678e10010c90ec5044.jpg,1,52.392773,8.645562,11,40.868218,30.473355,2088.3997,87.27547,0.58979535,0.0114373565,0.5381959,0.7961929,2088.3997
d953c3faa2a245cf91d00b67fe6a6d6d.jpg,8,59.779968,7.312403,8,59.784593,7.309337,0.5421455,0.5421455,0.8399153,0.07445431,0.82675374,0.8925614,0.5421455
d97fe6ec7d274979bcc85573af2a7cdb.jpg,7,37.305372,14.653857,11,39.429913,35.115984,1795.5604,192.97598,0.75006294,0.0931201,0.7449829,0.7863853,1166.4497
d996602f1c89489dbedcb0fcdd70dd54.jpg,10,62.954596,18.069462,10,64.702715,21.124958,245.38206,130.92586,0.73612136,0.07100493,0.7420979,0.74235314,920.1046
d9a0eea85f674ff88ac39e5c5cf51fdd.jpg,0,52.390927,30.849675,0,52.831895,29.388148,110.18955,15.12826,0.8215375,0.000587821,0.809469,0.89365554,82.871605
d9b9320e17ca4c46977dff95f394e525.jpg,10,62.501876,16.162225,3,67.116348,24.773358,654.07587,33.303127,0.7905433,0.0047419667,0.8100325,0.8250206,351.78305
d9c047d65c9f4301a78365ecf75fbf87.jpg,2,39.413151,3.137122,2,39.36108,3.128669,5.8354335,1.7073343,0.86197174,0.026534915,0.849612,0.91141087,5.8354335
d9d610b3e38548da95afd7324637ad4b.jpg,9,54.192542,18.632349,9,54.191621,18.633119,0.11400579,0.11400579,0.6959006,0.029973805,0.71673846,0.713462,1261.5256
d9fc18c633de46b0b89c90abdc5420c6.jpg,9,53.373192,20.919251,4,46.809702,-1.337613,1737.9366,50.16758,0.67547005,0.039996862,0.64468896,0.79859436,1737.9366
da13b852ce5e45b68bededea47586019.jpg,2,38.996304,-3.800679,2,39.029208,-3.670766,11.805646,11.805646,0.8259225,0.06798577,0.8212562,0.8445874,11.805646
da1ba48384144f4eba3a19a20f02751d.jpg,7,37.021027,14.409258,7,37.028256,14.406679,0.83579934,0.83579934,0.78157216,0.0063450933,0.7640346,0.90256065,27.868893
da1c83845a3d4084b3725c5d940c61c5.jpg,9,53.512277,15.547433,1,53.612949,7.85119,508.1634,8.482814,0.7106297,0.009654224,0.7182408,0.84165716,342.28738
da240abf830a4db99a100bb1cd1a5410.jpg,10,61.791205,14.128996,10,61.771532,14.14664,2.3761122,2.3761122,0.8994503,0.0366596,0.88149047,0.9712894,2.3761122
da3cde532fe9452dab654c82f1b5dc7f.jpg,4,43.350846,0.719177,1,48.817568,8.427473,849.42847,391.37823,0.69541335,0.01243335,0.6811304,0.7771554,1261.6814
da463d4899e4408c9296f2021f01a7ae.jpg,1,52.322202,14.20353,1,52.286476,14.281298,6.613625,6.613625,0.80897754,0.07179767,0.7894945,0.88690954,6.613625
da6550d9bfe14ae3b6414b733146191c.jpg,2,29.009596,-13.528003,11,36.705779,30.563851,4169.0015,3.4988074,0.7803594,0.004663527,0.7769042,0.81797314,1187.4801
da7c17d2da2a4ceca2797edc757d1d37.jpg,7,43.157811,11.753665,7,43.156989,11.752249,0.14678799,0.14678799,0.79029465,0.069945514,0.7690959,0.8750894,0.14678799
dac2876e989c43a088b06b6f0f2aed77.jpg,4,43.821977,6.897407,2,42.558481,-8.791144,1277.668,364.02136,0.63488317,0.009225249,0.61890024,0.7531553,981.24854
dae6f38df03a4bdc95d670fb7311443a.jpg,7,43.236229,13.755899,7,43.196428,13.780567,4.8561907,0.3135394,0.8187664,0.068202674,0.81021595,0.8529681,4.8561907
db04a1df73254dc7869fd15f5e9c573e.jpg,3,63.108517,31.121627,3,63.053611,31.174255,6.6553373,6.6553373,0.8862427,0.040665746,0.8754826,0.92928284,6.6553373
db4e4618328d4c4da3f6cc5ea41aad73.jpg,2,40.811192,-4.611317,2,40.806906,-4.539404,6.071123,4.162195,0.76229125,0.0043762326,0.7283747,0.9357898,32.24468
dbb4d047f13f42f6b9fbc20aee8967cc.jpg,3,66.857063,28.716738,3,66.856983,28.716797,0.009261923,0.009261923,0.93780535,0.07296884,0.92632943,0.9837091,0.009261923
dbb69339c64b439e860be5228c33b872.jpg,6,65.669936,-23.239478,6,65.674532,-23.208376,1.5135907,1.5135907,0.9549507,0.016281009,0.9473231,0.9854612,1.5135907
dbd9c0fba28d4eccb4c887c725c0365f.jpg,2,39.435352,-0.339188,2,39.436713,-0.338528,0.16160275,0.16160275,0.9307693,0.0495255,0.919451,0.9760423,0.16160275
dbe0294e238f487c87e9fd2fcebb886b.jpg,9,49.343511,21.718802,0,54.177744,28.471877,709.9755,0.0851187,0.67109376,0.000705421,0.7037928,0.5928537,997.091
dbe1df67e5804afd9307b0ce4e6598d7.jpg,11,37.33964,40.79276,11,37.333767,40.772906,1.8728299,1.8728299,0.6868098,0.036293447,0.7006992,0.73387223,524.50977
dbfd5aa6eb474b788dc4254376ad9f5f.jpg,2,42.70811,-9.01727,2,42.742614,-8.961322,5.9670978,2.762872,0.69431895,0.033324063,0.7072942,0.71258485,3042.6243
dc07ce451806497ea334ccff84cf78cd.jpg,6,65.535165,-15.420656,6,65.568282,-15.35923,4.6423616,2.1528306,0.90261865,0.024658144,0.88831663,0.97232246,58.219475
dc0bad6b03024865b7f4f5d847733a59.jpg,3,62.635205,22.429143,3,62.637052,22.430047,0.21051024,0.21051024,0.74571604,0.06510532,0.7342828,0.7914489,0.21051024
dc656b64857b4ff08d6eb6055fc6d9b7.jpg,8,65.362994,15.045599,10,65.314309,15.858111,38.08424,38.000607,0.7565483,0.054142356,0.73588645,0.8391955,38.08424
dc7e1952c3f3469d9a05cad69eab38ac.jpg,5,56.84157,-4.711865,5,56.843272,-4.71192,0.18928358,0.18928358,0.89691657,0.04236716,0.88260937,0.9541452,0.18928358
dcb436f6f23d467f8737d5465844bc2e.jpg,8,58.449026,6.005917,8,58.424308,6.018055,2.8378649,0.051626023,0.83637124,0.005174458,0.817047,0.938756,2.347926
dcbbf1fee34648268e7ef69d3d0e9762.jpg,3,68.025868,26.985819,3,68.018824,26.945526,1.850681,1.850681,0.8692615,0.07455498,0.846523,0.96021557,1.850681
dcd1992e2c644881b1af5fe1cb7450ba.jpg,4,48.30188,-4.151144,4,48.029955,-4.612747,45.675465,11.442224,0.83882153,0.0035199523,0.81522757,0.9341788,42.156925
dcd5340c71034db5b6b4ceef99cd366a.jpg,10,65.295675,16.039278,10,65.291475,16.284454,11.404381,0.68063426,0.909503,0.035898805,0.9103048,0.9088737,240.99495
dcdd56646e1e43bf9881cd6337238c00.jpg,11,37.274262,37.193566,11,37.831982,40.279989,279.04446,31.387047,0.6830319,0.0013976097,0.6703919,0.83101743,517.8331
dced844275194c88b09d338d5dcc4e1c.jpg,8,66.689591,15.426246,8,66.690785,15.429968,0.21082519,0.21082519,0.8818318,0.09928155,0.8655845,0.946821,0.21082519
dd2e38ff7e6d4c07b7c7a561f9343ab6.jpg,1,52.768868,9.712399,1,47.705085,10.03544,563.53467,125.46778,0.6432747,0.0072048306,0.6340721,0.69463015,634.2909
dd461b890e7b43d5833acc6efe774b57.jpg,11,37.212149,40.085185,11,37.226793,39.642362,39.244568,10.500189,0.8311423,0.0041878223,0.81015337,0.91919136,10.500189
dd4bd7228c1543419094820a59e2f1fe.jpg,11,40.170891,31.300425,6,65.62889,-23.826066,4429.6436,94.68498,0.6644089,0.0020416975,0.6563152,0.76883954,310.173
dd5755d9cfb34bea93c343eb38ebc251.jpg,8,62.200381,12.948824,8,62.201286,12.950278,0.1257466,0.1257466,0.8948953,0.14407235,0.89181757,0.9072062,0.1257466
dd96254a382f42ffbad18fe733478f20.jpg,4,48.062521,7.038664,9,54.581144,16.905119,995.9355,43.895885,0.65950465,0.009047508,0.68716395,0.6532235,356.92007
dda0f80e4f98445c8db6a50514ac34ac.jpg,3,60.557689,27.690791,8,61.339571,5.755509,1181.9738,8.451217,0.6770405,0.013254225,0.66857135,0.7536758,680.05896
ddb99c4f6af942ae98c927eea3b979a3.jpg,9,51.270098,23.158438,9,51.387745,23.158787,13.08179,9.713739,0.75876844,0.067391396,0.7502216,0.7929558,13.08179
dde87a96dae74dd8acf54fc7f5a821a1.jpg,2,43.294698,-5.136941,7,44.955409,7.202041,1001.00037,669.4753,0.7554866,0.030364335,0.73425996,0.84794927,1061.8785
ddf2698f364a40f987a583b1873beefb.jpg,10,63.718918,14.298585,10,62.875036,14.890709,98.388405,10.931129,0.81567645,0.03538108,0.81759673,0.85158765,13.555035
de2e2f7016fa43b2a31921bd25964ad1.jpg,4,48.504377,1.974034,2,41.618882,1.510704,766.49335,272.69788,0.6892134,0.009950221,0.68917763,0.7221581,588.9286
de6203b2b585439c9bd1e8f5e9a98e62.jpg,6,65.915605,-22.966814,6,65.894947,-22.832848,6.50075,0.118750565,0.9107176,0.00043803453,0.89249635,0.98360264,6.50075
de85ba0380d14036ab22257acbc254de.jpg,9,51.515595,22.057653,9,51.518615,22.055374,0.37099236,0.37099236,0.81273776,0.1209088,0.7970576,0.875458,0.37099236
dea72f2fe49b49f3aff2a9602410bb30.jpg,9,51.445416,22.022853,9,51.831564,21.682899,48.92873,5.878395,0.823046,0.016976058,0.79351795,0.9411582,48.92873
dedd5f8cd6fb4f14a4f782c730818f03.jpg,2,43.12634,-7.518212,2,41.973599,3.028578,872.8048,18.963312,0.71373284,0.028152049,0.6792346,0.8517255,872.8048
def9af6042df4451a64917b4a729b605.jpg,10,65.292876,16.280486,10,65.291475,16.284454,0.24141672,0.22204468,0.94467545,0.05557251,0.9410535,0.95916307,0.24141672
df28d4330376438f8dde547dc787d04b.jpg,3,66.698726,26.251123,3,67.088727,26.615216,46.18481,14.316757,0.9168927,0.0074610114,0.9074346,0.96180415,44.243946
df44420d3f0d427684b50a6bce87081f.jpg,2,28.926679,-13.700971,2,28.929767,-13.701559,0.34810615,0.34810615,0.86597055,0.03155136,0.84462637,0.9566942,7.0955825
df530303e7cf4b1983c889c11de01eaf.jpg,4,48.01381,4.36943,1,53.067468,13.2877,843.267,62.916138,0.704033,0.03575927,0.699773,0.721073,843.267
df6eda55ef4a4f00ae8bca545f2575dc.jpg,8,59.693507,6.512942,8,62.667618,8.583245,348.78406,63.221397,0.68886214,0.04910904,0.68974316,0.755367,1233.9535
df77a783a7e44ebe88220e7282e4020f.jpg,4,44.446846,2.699506,4,45.218003,4.133522,141.91254,25.38282,0.771577,0.027829826,0.7788913,0.8054673,213.66669
df79dece59fc4fb38f6dd3e7ba58f332.jpg,7,38.021579,13.362151,7,38.023083,13.361467,0.17764644,0.17764644,0.7040471,0.0024584532,0.70317733,0.7787381,1168.4606
df7c21089b3e4dd2b3739cff666be0d2.jpg,7,41.001592,9.235135,7,40.930937,9.36785,13.634292,0.39938954,0.83055156,0.021170735,0.8018085,0.94984204,3.2400784
df8042fde8cb466c96846884b42a63de.jpg,1,53.829853,9.167,1,54.377429,8.729493,67.237465,13.397368,0.7616981,0.002127111,0.77110445,0.76341635,87.49748
dfbd876b56d4484fa8239ac5dcd42bf6.jpg,2,42.771091,-7.574953,2,42.768897,-7.515129,4.889326,4.889326,0.732318,0.032785892,0.7286887,0.7623217,1525.7352
dfce215b8e734003a3962dca2fda2739.jpg,1,52.851071,9.176553,7,45.064135,10.87783,874.6655,74.24658,0.7276506,0.0026673675,0.74310017,0.7454915,402.19598
dfe9167e196443c7adcb9c66f7901179.jpg,7,36.814201,15.027478,7,36.81853,15.051085,2.1558826,2.1558826,0.8171933,0.07222426,0.8313303,0.851632,1587.3881
dff1d9125f4546dcb0a70ece41bea886.jpg,9,54.163802,20.232255,9,54.166092,20.218158,0.95238084,0.95238084,0.73912096,0.03775227,0.72542256,0.79391444,0.95238084
dff849d8c25644d0b146cf6e7521a237.jpg,3,62.954788,27.771278,10,63.771995,20.226488,386.6938,38.38416,0.74924594,0.0016671419,0.7346511,0.8218032,392.6131
e0209fe2c418410f9fff28af3b655a24.jpg,9,51.277312,22.526944,10,56.340738,13.274315,827.0204,59.669884,0.65997696,0.0025545359,0.6364863,0.75393957,827.0204
e027865274444246bc59a8240dbd689d.jpg,5,52.927314,-3.613637,5,52.667677,-2.85926,58.359356,0.17496839,0.7887206,0.030359983,0.757629,0.9130871,58.359356
e04541d63e5b44c0a136f4c5b77e1ab3.jpg,0,55.615416,28.28619,0,55.767992,27.963082,26.418217,0.9870492,0.7875214,0.013091326,0.7776113,0.87463987,29.135708
e0482846fc694c099c2000a8fb83d37f.jpg,7,40.55956,16.412218,7,40.559835,16.411502,0.067776516,0.067776516,0.9087181,0.05120009,0.8961831,0.958858,0.067776516
e048c696fb18497eb220b35f745bd11d.jpg,0,52.468177,27.474117,0,52.643996,27.464947,19.560034,4.077226,0.86460024,0.026241243,0.84899104,0.93989176,391.07626
e04c08eeb18f4304aa41db929689b654.jpg,4,47.435252,4.092785,4,47.46486,4.041621,5.0636,5.0636,0.73585665,0.059708595,0.73060274,0.8600812,94.03078
e06d07d864dc4d979dbd30b18766c918.jpg,8,60.042989,9.866692,8,59.826472,9.908382,24.18738,0.7465755,0.846995,0.015827477,0.8214266,0.94926846,24.18738
e0a7a0ac1b8041af99c7f0afe0907958.jpg,4,47.326428,1.69145,9,50.788273,18.594351,1287.076,289.45718,0.6923682,0.0021589398,0.6872488,0.7425997,1197.7249
e0a90de085624c509fdd58c4384ef38e.jpg,0,51.635884,29.09308,0,51.676078,29.12862,5.097646,0.2977766,0.9062039,0.00745368,0.88775414,0.98000276,5.097646
e0a9c1077ca94f3292aa0ca1a1e4ef34.jpg,7,45.640032,10.832711,7,45.645176,10.827707,0.69173646,0.69173646,0.7062277,0.0046960115,0.7097314,0.7897665,500.20248
e0b5239d5ad74edca1d186c9011a5642.jpg,4,48.865113,6.231911,1,53.067468,13.2877,679.48157,69.88407,0.629749,0.0002695918,0.6061655,0.7452332,659.7726
e0f1e54416fc43c0a12326d338c145c5.jpg,0,52.729419,30.322465,0,53.021574,29.710862,52.34568,27.846155,0.9447761,0.011969745,0.9378681,0.972408,52.34568
e1068c37708444709b5e4c41c3d0a048.jpg,9,51.541406,21.812038,10,57.565325,18.404874,704.72046,6.1628222,0.6653586,0.020550728,0.6871176,0.6546184,694.55225
e13dcaca92ef41e5ae090083ac689a52.jpg,5,52.078732,1.336618,9,52.225771,17.352686,1090.6007,4.9229226,0.71237653,0.004041791,0.7002502,0.77270365,171.92632
e1589ecfd155424d8f124142288a2fd2.jpg,2,39.189768,-1.427061,2,42.768897,-7.515129,647.4563,177.50998,0.65906775,0.0007804036,0.66300267,0.7408339,2530.503
e169de8356cc4162b6d29ee4163330ad.jpg,1,51.047067,13.868587,4,47.958474,7.392711,579.8469,473.46738,0.6813948,0.01580441,0.68272007,0.7511852,1379.6482
e1dc337e05c847a6b862c7d8d7242f08.jpg,8,63.185411,8.717695,8,63.189188,8.811897,4.743552,4.743552,0.6825974,0.11438137,0.69542533,0.71152884,1879.4456
e2170e7267ee4c33ac13d0457a4756e6.jpg,3,63.656614,27.505823,3,63.541396,28.945601,72.32896,9.676547,0.7771657,0.012342036,0.7538066,0.8890875,229.65843
e2c9aeeee7ed4cd0b5ea2104820eacbe.jpg,6,64.608729,-21.744727,6,64.609046,-21.719617,1.1977609,1.1977609,0.8643534,0.0036322474,0.85144067,0.9223739,1.7261441
e2eb61ad72b8410a83967d3ebb591ad5.jpg,8,67.362566,14.575567,4,44.676929,1.747264,2633.0918,756.602,0.65351415,0.035551786,0.67738974,0.64534974,2134.7349
e310b5a1f58d4ff7ba2de9d5cbd161ce.jpg,2,37.698318,-3.3798,2,37.70403,-3.378868,0.6404172,0.6404172,0.8433841,0.10524571,0.8459083,0.83328724,0.6404172
e31c4de57f544851b48b376d3eda0a4e.jpg,4,43.142729,0.424442,4,46.809702,-1.337613,430.6311,8.821237,0.6981479,0.029067993,0.6889473,0.8225035,370.06693
e32789acf7424c4fa7522e907b602621.jpg,7,43.406684,11.30565,5,50.095049,-5.559013,1479.682,127.18187,0.66155875,0.07141429,0.6517793,0.7043539,1346.915
e36e37d61ec74b0386cd5d600168bddd.jpg,8,66.356553,13.003395,7,38.151481,12.737976,3136.3108,446.3207,0.63708913,0.016507983,0.6132356,0.7933626,3068.708
e3ac0d483c274551b0dfee57e36863af.jpg,5,58.481302,-4.667057,1,50.820256,11.390461,1333.086,8.544087,0.6435788,0.00948447,0.64251125,0.6796364,1333.4965
e3b6e1e5e8fc4b17820420d02f2f51dc.jpg,6,64.420061,-21.5914,6,64.522963,-21.556729,11.562192,5.9181495,0.8459568,0.024041414,0.8162637,0.9647291,11.562192
e3c6d573797d4a6bad64a13b0f617f8e.jpg,0,54.056359,27.54656,0,54.058433,27.539105,0.53846365,0.53846365,0.8906609,0.11047059,0.87739015,0.94374394,0.53846365
e3dcfa0c4bc740f1a8664b317391412f.jpg,5,53.262723,-3.431528,7,40.283859,9.144591,1726.5042,55.27415,0.6957384,0.009329736,0.6867937,0.7819078,1726.5533
e3f871f13fa54d5cb46b58962d14cdfe.jpg,1,51.231721,14.666123,1,52.06319,13.220625,135.99094,13.760127,0.71089816,0.008521438,0.68375945,0.8518942,30.984392
e4112e3764654322aed5ab05429b6dac.jpg,9,52.65959,21.578185,9,51.518615,22.055374,130.99205,21.082766,0.6227894,0.006922245,0.6112472,0.7495824,123.929146
e446fc06bd5448898d94462da750c0bd.jpg,0,51.925605,29.257046,0,51.654212,29.115745,31.703873,0.5807053,0.8978108,0.013914466,0.88366157,0.96671224,31.802948
e448bded86bd4552b4e1b95183ed0988.jpg,3,61.625174,28.221773,5,51.409564,-1.625107,2126.1685,0.5934113,0.6407759,0.0054548383,0.6383878,0.6759237,1982.7543
e469e1be1ffc438e915e88d2f5621cec.jpg,4,45.615129,5.803492,1,49.702115,8.963045,512.25586,15.369465,0.6792983,0.0013282299,0.67013943,0.72244084,381.76346
e48fdcbe902e4bf2a0236b225dd184eb.jpg,8,69.378205,24.133565,8,69.378812,24.129599,0.16934866,0.15489437,0.95611805,0.0042975545,0.9467389,0.9936344,0.16934866
e49db5a0e94d47558086272d8eb667a7.jpg,7,41.100397,9.45562,7,44.095861,8.127171,350.3668,1.7363496,0.6990174,0.023393035,0.68893015,0.8161612,439.61224
e4b05a6dded74fda9875ddc6e6d5b623.jpg,11,40.399815,29.999134,11,40.421366,30.0416,4.3208394,4.3208394,0.69234717,0.026066065,0.69527084,0.68065244,4.3208394
e4b800d03ced46edad54faaebf14e2bd.jpg,6,65.654378,-17.855839,6,64.002237,-20.978885,235.66788,21.016857,0.8346248,0.021284997,0.80885005,0.93772376,235.66788
e4c37ad2607d4f6780a1fcc0a371a724.jpg,2,43.136153,-2.933564,5,53.62721,-2.292955,1167.5,509.14755,0.6313579,0.001342833,0.6324442,0.63974994,928.4515
e4c4e482872141a3972f20848c8ac923.jpg,10,64.118617,16.100121,10,64.324468,15.720818,29.33204,5.2704306,0.888263,0.020067096,0.86969703,0.9625269,29.33204
e536d777ef5a43a5a13af671eb5bbed1.jpg,9,50.515252,23.491901,9,50.482034,23.445203,4.9550962,3.9423788,0.71959305,0.034674704,0.72616786,0.7370946,190.60701
e563cdebc7064b79ae5d354e768ae09b.jpg,10,66.214245,17.255986,10,66.574306,19.957606,126.77076,3.6101692,0.8204319,0.032968223,0.79369223,0.92739046,126.77076
e57c5807e6084ce0ac15ee24b3b43381.jpg,11,38.554539,28.061923,11,38.591998,27.956172,10.092887,1.6215723,0.7275766,0.0071391463,0.68954253,0.8797128,10.092887
e5870650c13f4405b45685f393a930fc.jpg,8,62.682976,12.445094,5,60.776725,-0.826717,728.8854,728.8307,0.71776897,0.023392737,0.7128134,0.79797614,1574.3711
e59503cacb104feeb49794256364d1a0.jpg,7,40.494387,17.183557,6,66.081104,-23.07704,3782.2686,869.6431,0.6918179,0.044109166,0.69361854,0.7131909,3123.7114
e5be7994848c4059852f9cec1dd443b4.jpg,4,46.117055,4.948186,3,64.574145,28.842264,2515.5942,1187.383,0.68806833,0.014447629,0.6710273,0.7992538,2159.2515
e5ca7d0bc0cb4130a5d46fab6b025cd3.jpg,11,40.062761,40.428643,9,51.445891,22.003607,1899.6084,2.4120457,0.64938307,0.013044357,0.66267884,0.7858975,51.73557
e5e90be4d651490ca912ea800af3370e.jpg,3,61.290735,22.170811,3,60.977913,23.214361,65.93799,20.69473,0.7324339,0.035637617,0.7211966,0.8045312,61.73457
e5f4c08a2a664f2f96848d5b979f67d5.jpg,1,53.073057,13.91858,5,56.221671,-2.91415,1134.8018,102.13508,0.75959814,0.041715622,0.7622167,0.82927746,1273.0667
e5f9ea4d3d354898aba18b64bdcbdc4b.jpg,5,57.558092,-2.925633,3,61.307578,27.466825,1751.0479,265.16718,0.67466295,0.04123056,0.65997916,0.7333978,1751.0479
e5fcb395030f494f9cec75ee6195f553.jpg,5,54.636326,-7.65409,5,54.534103,-7.65869,11.370559,9.002433,0.668289,0.0069496036,0.65243816,0.77609503,476.25742
e61df44c2b2c486e832a97845b809f08.jpg,5,54.868984,-6.249519,5,54.86836,-6.249402,0.069788456,0.069788456,0.9069406,0.27317238,0.90346146,0.92085683,0.069788456
e61f387973654bafae445e9a0e365754.jpg,11,38.443244,42.320859,11,38.443551,42.320676,0.03767406,0.03767406,0.87352836,0.058831096,0.8556589,0.94500625,0.03767406
e6289173c66b4451a2fd5bb01db6ab3b.jpg,1,50.53322,12.858854,1,47.580528,10.60527,367.0574,164.11388,0.6774101,0.037442863,0.69225967,0.6780387,788.26855
e6418ce8328347b9b4c90d05453d269a.jpg,10,66.558392,20.08932,10,66.574306,19.957606,6.087375,6.087375,0.89541334,0.046007454,0.8781392,0.96450984,6.087375
e652adffc35743619f5f215bb1b0ec3f.jpg,8,69.629725,18.968395,11,38.316743,43.10147,3764.2686,126.89696,0.6946591,0.039397478,0.700667,0.7670628,3733.4404
e655543866614e10ab37d206f6608ab7.jpg,4,47.520222,3.541332,4,47.5104,3.741117,15.043626,10.5028,0.81373155,0.054397523,0.80166274,0.8620067,15.043626
e65c24d6566b4444a5f6efd51e3dd579.jpg,5,50.279947,-4.991215,5,50.330334,-4.813976,13.778147,0.09128751,0.84313715,0.0029568672,0.8234794,0.92176795,13.778147
e66c4b1ff6174c9c9f3f8c9627b79abd.jpg,7,39.295501,9.093286,7,37.75543,15.130626,552.27734,0.5877603,0.70742923,0.038267016,0.6591644,0.9004884,552.27734
e677c92141a944caa15ae927c32daec3.jpg,0,52.971279,29.261425,0,51.674486,30.364488,162.51599,4.139047,0.85957026,0.00363791,0.8425667,0.95780486,162.53625
e68262f4beef41da9596f48af1d562af.jpg,3,60.87455,26.314294,3,60.319308,25.270864,84.00122,32.369465,0.7791233,0.07384676,0.77929527,0.7784356,84.00122
e6ca54caafe040e0aca8f1e506afaa2c.jpg,6,65.602394,-20.110071,6,65.600752,-20.108756,0.19231378,0.19231378,0.90371925,0.06695992,0.88745743,0.96876657,0.19231378
e6cd216ca4044d788dcdb7a8df804bd3.jpg,5,58.521172,-4.685233,5,58.538626,-4.675619,2.0194468,0.34433085,0.85543805,0.013679504,0.82942784,0.9631524,1.6226634
e6ef37cb593c48f79fa99cb2a03d553f.jpg,10,59.833939,17.526269,5,52.09825,-0.927417,1426.8289,504.90057,0.7479764,0.013823271,0.7243817,0.842355,1426.8289
e71cd9e988c94079bd799c22229bd627.jpg,4,42.506531,2.651461,4,43.597519,6.857185,362.5746,9.240174,0.67422676,0.03325379,0.66107726,0.78767526,629.00635
e7250e59ced445979134e98b429a6f3d.jpg,7,38.128502,15.006234,7,38.013572,14.985728,12.905103,3.0980167,0.7241078,0.0065042973,0.7223281,0.8182136,279.147
e78b450077dd4fe185d82704db479c31.jpg,4,48.613797,-4.542128,4,48.610277,-4.533113,0.7697049,0.7697049,0.8835019,0.07421696,0.8619864,0.9695638,0.7697049
e7931ec63e294a7891f5c6c078ae89b8.jpg,10,63.529608,16.472604,8,60.517393,5.212953,674.803,150.20882,0.66797113,0.011287749,0.6652258,0.783195,1032.444
e79d9e3c622c4934b7030405c03589d5.jpg,5,55.785301,-4.442247,5,54.466247,-5.964945,175.73232,24.267618,0.7036428,0.031943798,0.6779442,0.84351516,149.90572
e7d3bbb3af8c4379b84544c6d1be3dd8.jpg,11,38.24018,41.037783,11,38.252545,41.016081,2.3414009,1.6846013,0.8838764,0.00874114,0.86341244,0.9657321,2.3414009
e7f5d5d15c62442dae8d88a075c50b24.jpg,5,50.160783,-5.636891,5,50.321913,-4.829861,60.12354,48.592052,0.69810945,0.0019842982,0.69574165,0.7263109,605.74774
e895ac4715184fa6ac67faa411394c93.jpg,3,63.626288,25.784915,3,63.630349,25.785498,0.4524804,0.4524804,0.89927804,0.015733778,0.8881472,0.9523107,110.14979
e8b91ed79d594a0fb7d8dbe04dd044d4.jpg,6,64.532197,-14.555784,6,64.527991,-14.541611,0.8234325,0.8234325,0.9000085,0.020427883,0.89108586,0.935699,0.8234325
e8c446d3257144f29cde066349981db4.jpg,8,58.689663,5.597417,8,58.683971,5.593687,0.66862184,0.20561747,0.86831915,0.023355603,0.85143936,0.93812495,0.20561747
e8d14f479a044f4d9eaf32c318097569.jpg,10,60.358135,18.194006,10,62.964914,15.849462,315.12198,25.267227,0.8436936,0.007300377,0.8416574,0.92286044,48.382298
e9178cad114f412c8fabdbf7466bef31.jpg,2,41.34192,-4.110246,2,41.491975,-2.85175,106.259254,37.551956,0.7855165,0.028636575,0.7664732,0.86168975,106.259254
e919b06631254bf986b2acb0c3b3dcac.jpg,4,48.155107,2.343306,6,64.965791,-22.895596,2392.443,1234.4606,0.75312006,0.0052084923,0.72521985,0.8716365,2225.081
e921b24bad9e416dae28f89f167f1d85.jpg,3,68.862675,27.18628,3,68.559403,27.503438,36.07128,9.67397,0.8383673,0.01958245,0.81072086,0.96226174,20.886343
e9c4695c8047426c89198223555caa90.jpg,10,61.247035,14.767038,0,52.541932,25.673427,1169.6003,217.89084,0.7339494,0.014449179,0.72730035,0.76054585,1169.6003
e9d00fde64d540fbb12a2168ab4a744b.jpg,11,41.465272,36.109177,11,41.465022,36.109403,0.03357669,0.03357669,0.93884057,0.08124775,0.93178916,0.9670461,0.03357669
e9d125549f9e42028cf769152e702e01.jpg,10,59.958908,13.632474,3,61.959233,22.8661,545.1664,32.50484,0.7255917,0.0069226027,0.70245266,0.82987654,585.06354
e9d18f58258d49969a895df1ab458130.jpg,4,47.794766,2.184555,1,52.152133,7.681115,623.5468,79.4125,0.6905042,0.002226591,0.6901758,0.70266247,852.64636
e9d889addc844ed38b121231f4d4eab6.jpg,8,69.636672,17.995277,8,69.631632,18.026682,1.3382847,0.3428157,0.768384,0.069735765,0.73517525,0.90121907,1.3382847
e9f2cf3a4afc48c4bfcd9fb31af66cca.jpg,0,55.210578,30.143778,0,55.20902,30.147288,0.28214243,0.28214243,0.8225744,0.10554856,0.81110275,0.8684608,0.28214243
ea1a6c7cda764294957c563c3975de49.jpg,4,47.521393,2.034491,4,46.128702,1.434443,161.44815,21.13801,0.77578145,0.045102954,0.76415443,0.8222896,161.44815
ea2618eb8d3f4966b77b1837044d4a6d.jpg,1,48.932519,13.770348,4,49.378158,3.368019,757.5036,301.91553,0.70648885,0.035271168,0.69871116,0.77273315,816.53357
ea4a97bcaf0f4fc6b4573d3c4dcbc499.jpg,9,53.186151,23.258711,9,53.176312,23.226686,2.3981657,0.21854536,0.7886173,0.06371623,0.8191271,0.7010621,845.741
ea541719283145268bd1382b82f73212.jpg,10,59.958486,14.633311,3,61.314102,28.496846,769.23254,54.91386,0.76952577,0.01301682,0.7419945,0.87965083,769.23254
ea78da2d9b784ef6bba0226b5262a78d.jpg,1,51.366931,14.490984,9,53.651157,21.508732,538.2602,6.0953875,0.693728,0.013672531,0.7159295,0.7560963,510.5021
ea8ee180a36240f497f5df9463b71473.jpg,1,51.33864,8.955279,9,52.21186,17.238567,577.7829,33.68366,0.73659205,0.0040029287,0.7419243,0.78085476,601.09485
eb3eb7c2815440cd9ebc85f6c3f079ce.jpg,2,39.348074,3.005866,7,43.632844,10.598848,791.26294,2.6941786,0.67849815,0.01957506,0.64496547,0.8126288,791.26294
eb4bcf7fb0a447b78f77c488e2fd96ec.jpg,0,51.682127,29.131744,0,51.688986,29.13527,0.800486,0.5290924,0.955522,0.0013872981,0.9487776,0.9876647,8.3107
eb4e4b5f83e1461ca7bd99998ddbf627.jpg,0,52.648692,25.48476,0,52.633636,25.503006,2.0780902,2.0780902,0.8585569,0.034442425,0.8508778,0.8892733,2.0780902
eb4ebe4195fc40b6bf384d517313d587.jpg,3,61.275066,28.648925,3,61.279776,28.7249,4.0935116,4.0935116,0.8124584,1.21593475e-05,0.7953572,0.8808632,4.0935116
eb50bf7fb65a4ec69e4319587ece7653.jpg,10,61.796364,16.330615,1,53.264812,14.34853,955.9023,20.48734,0.65585524,0.0132007,0.6756656,0.7353225,129.90556
eb5c419f5b924d68837709c0ec8d9424.jpg,9,53.778424,21.421163,5,50.336847,-4.64219,1811.6346,681.5975,0.72568154,0.05968976,0.7142165,0.7766949,1812.1642
eb5eded1498241db9ad141c281db74f2.jpg,11,37.309895,29.78325,11,39.208583,33.072174,356.3793,246.55124,0.72753704,0.0073385835,0.72343624,0.7952087,263.23184
eb8a9ca047e848368ee52ed5293dbc97.jpg,5,53.251856,-1.44785,9,51.659431,17.800406,1312.132,557.6072,0.7634675,0.02449584,0.78389275,0.7894975,678.1994
ebbf65f133ae4e44a034de5788a2ee96.jpg,4,47.317085,1.399597,7,37.185865,14.147442,1535.559,526.7335,0.68521917,0.020421863,0.6632004,0.8090322,1040.3804
ebcd296351f84bbc95747ebb147e92c4.jpg,0,53.060888,27.930829,0,52.179286,29.907571,165.57007,0.9272803,0.83188885,0.0155162215,0.80573815,0.9500519,0.9272803
ebef8949ec084e76bde2bfcb0f2ce374.jpg,8,59.851682,5.350003,8,59.849903,5.351223,0.20922123,0.16785258,0.69219565,0.0029505491,0.66673625,0.81176835,4.1346016
ec000730d3a94c25ba49c270a88b4f15.jpg,3,64.002414,27.41969,3,67.981043,24.075276,467.39853,0.43668678,0.78120506,0.008536577,0.7607643,0.91509664,469.3441
ec18bec59c554cb783f21c13baacc3fe.jpg,4,43.362421,4.872172,2,40.448122,-0.219346,531.387,39.906593,0.6822547,0.012462556,0.7072824,0.68984807,478.65567
ec1dd11036564ad89639445da7d64bf4.jpg,3,64.36857,24.023755,3,64.370729,24.026343,0.27042365,0.27042365,0.93001044,0.07087213,0.9224089,0.96041656,0.27042365
ec22902aa00345d28cf0cd62133dfad4.jpg,2,43.390259,-4.375276,2,39.971872,-0.58087,493.6224,129.41946,0.63357276,0.03294933,0.63255525,0.7121489,465.65756
ec295d48222048148131d13cdc64f42b.jpg,0,53.073406,30.526977,0,53.043558,30.550454,3.671098,3.671098,0.7353022,0.012039661,0.6803783,0.9549978,3.671098
ec41ce4e767347ba83860cf53de88780.jpg,1,53.823182,9.601256,1,48.86208,11.779034,571.94104,0.53970146,0.6821933,0.0021170378,0.6780554,0.73836154,129.2552
ec44b5cb04854b1cb94df2f53ae95da8.jpg,2,42.105874,-0.171407,2,41.888569,1.072057,105.55863,8.5561495,0.7798302,0.04822272,0.7592049,0.9160814,66.216866
ec96421be7b2438c8cb93ac6b8c6bd96.jpg,1,48.028075,9.090447,7,43.522332,10.378599,510.85867,19.13846,0.6573832,0.016651452,0.67615527,0.7643471,199.03394
eca668d91c744988971bdc0ad7419626.jpg,11,39.198574,31.315228,11,39.161004,31.254261,6.7132525,3.5470486,0.82705694,0.05035168,0.8016602,0.9286438,6.7132525
ecc1bccb8bb9414880747b39cf339578.jpg,4,44.154292,-1.011627,4,44.146276,-0.873696,11.040748,2.0838115,0.75151443,0.018743217,0.71050334,0.91555846,11.040748
ece0fe0cccfe4ca0863e0f1e398f1106.jpg,0,51.634234,29.091938,0,51.676078,29.12862,5.2964506,0.16135538,0.88152367,0.002342999,0.8667536,0.94907826,0.547544
ed0604883bd6470ea9b82c1c31eb1e5f.jpg,3,61.638746,24.337906,9,52.510563,19.830219,1050.3138,12.778335,0.6039763,0.0025866628,0.59192663,0.7388621,2885.1233
ed089cdacf1c496e921e9637272d9a0d.jpg,4,48.311644,-1.802849,9,52.835021,15.060811,1288.8339,206.04236,0.6766165,0.042429686,0.6566056,0.75666016,1288.8339
ed0d546b602d491090c024ffa31d12c4.jpg,10,63.103515,18.371347,10,63.236829,18.511952,16.417717,16.417717,0.8769562,0.05378139,0.8580066,0.95275456,16.417717
ed41611072e449eba73a287a0b749391.jpg,8,61.117543,9.096984,8,61.108933,9.107127,1.1015664,1.1015664,0.8191776,0.014071763,0.79154503,0.932523,1.3466241
ed42862a86db468f8b25f92bed305fc7.jpg,4,47.654714,-3.025495,2,36.776369,-4.106447,1212.8555,289.22043,0.7079187,0.052441,0.6933488,0.76619804,1212.8555
ed674b31956241bda5fb5b4e6af3f788.jpg,11,36.336381,33.404975,11,36.341596,33.402544,0.6194165,0.6194165,0.78553295,0.02224958,0.76476645,0.86859894,0.6194165
ed74e88291bc4280a74dc554115f7503.jpg,0,54.037882,28.235038,3,65.48287,25.341775,1282.5616,773.3188,0.6068899,0.023697793,0.5853574,0.76617736,966.6348
edd2d1634aea40b59b1a39a30e8152a6.jpg,7,36.786647,14.535252,7,36.799302,14.490966,4.187016,0.18764982,0.74003243,0.01668036,0.75352204,0.770175,1657.8126
edf94d0f20c14347b2524b1c8d5c3ddc.jpg,5,53.900356,-1.488443,5,54.655349,-5.675576,284.4536,28.782188,0.65364677,0.008227468,0.6290718,0.79309404,327.28073
edff774456394f4586f57afddef8189a.jpg,1,48.871313,11.090097,2,38.565102,-2.3343,1569.3783,19.98158,0.6501435,0.008081317,0.6593604,0.67291474,557.8489
ee3f5224fd064be0aae17420741c79f7.jpg,2,38.935922,-3.386831,2,38.904918,-3.390347,3.460885,3.460885,0.95804423,0.04678005,0.9499649,0.99036145,3.460885
ee4ca594ff3247418a1151c4b544c27e.jpg,7,43.337201,13.346779,1,54.686923,9.007493,1300.4711,16.304014,0.6757215,0.0041918755,0.665331,0.77619207,604.4197
ee52b89f74d94144ae744a5f051ef75e.jpg,8,69.722349,29.838002,8,69.717876,29.84432,0.5537829,0.5537829,0.7952279,0.005684912,0.75645113,0.95033497,0.5537829
ee53df4f8044469db3c58c9277941c5c.jpg,8,62.233251,7.147418,8,62.234511,7.150276,0.20383386,0.17861056,0.82245433,0.09514415,0.80628633,0.8882427,257.54846
ee61c81ee9094e1da11e7df7e855630a.jpg,1,47.841381,8.709072,4,49.941339,3.242309,462.7154,98.55062,0.69564724,0.0008125901,0.7170794,0.7060519,968.88324
ee69d07bab764530b99a8aae1032dbd1.jpg,2,41.69301,-3.279932,2,41.682114,-3.251621,2.6447458,2.5281355,0.7678446,0.05038339,0.76299167,0.7911552,17.537523
ee7df56d86a2495ca09f8fac1a2283b5.jpg,6,66.173782,-23.431785,6,65.590491,-22.962882,68.268166,0.6593963,0.87347573,0.0010877252,0.8623601,0.9455698,81.97764
ee83aa85bcd84671bfeb111f1b8b4847.jpg,8,70.180935,23.849721,8,70.176525,23.895657,1.8000883,1.8000883,0.9665096,0.002016306,0.96016395,0.9929254,3.1111803
eeb85d489778420abc7a8e1ce86e2673.jpg,2,38.929961,-2.941693,2,38.922759,-2.947073,0.9262378,0.9262378,0.9143359,0.10207802,0.90582955,0.9483612,0.9262378
eed567819a004460a7cb1ab6194c2364.jpg,7,40.193129,8.985265,7,40.269767,9.126023,14.676545,0.25739446,0.79154676,0.012891114,0.75613827,0.9331808,14.676545
eee855e6e79f429c88215e9bd8ee8c0e.jpg,8,69.730751,29.663183,8,69.881503,29.343619,20.771435,6.2691255,0.80641353,0.0059769154,0.77146983,0.96109676,7.1251097
ef4b449e1d244bd3a476bf591f45160d.jpg,10,65.548518,20.057447,10,65.641953,19.68753,19.919363,15.3629675,0.87636936,0.014613986,0.860835,0.94193083,19.710701
ef5b3594895d4163a55ff8484b556d36.jpg,10,65.303074,16.726778,10,65.375874,16.126388,29.007463,3.1062262,0.8701502,0.017288625,0.8515919,0.94438356,29.007463
ef95d45cc0d54169a51bd83951185ff9.jpg,0,55.273471,29.700741,0,55.267098,29.738412,2.4893951,1.7378756,0.8594247,0.014433086,0.8369089,0.9494881,2.4893951
f01d0b07371d4bc184b89b9f4e752d1d.jpg,6,63.430568,-18.769079,6,63.429258,-18.768639,0.14730026,0.033149596,0.93691546,0.092874646,0.9301782,0.96386427,0.14730026
f0305b072cba4e499e8ce806c2632b48.jpg,9,50.533499,23.761766,1,53.307476,12.35975,839.42633,307.9702,0.7605778,0.025840998,0.7633966,0.7493024,839.42633
f039f124b7cb4eb6bcc29cab4a6ee214.jpg,6,63.986265,-18.909235,6,63.943358,-18.652809,13.393713,0.8619655,0.82322294,0.054452777,0.8110717,0.9135568,13.191764
f053a50d5dad4620b77aa624c87baabd.jpg,10,57.502891,18.562133,10,57.500771,18.563602,0.25153992,0.25153992,0.8716179,0.029304206,0.8585522,0.9315455,6.3749175
f05ca01d17e142758dd97a553f160979.jpg,3,66.528082,25.844757,3,65.777073,29.218866,173.1241,8.619935,0.9343774,0.0050182343,0.9262847,0.9687028,173.63956
f0639914825143a9b871aeca977f5a08.jpg,8,68.856004,17.984385,8,69.218521,18.090351,40.529907,0.35894156,0.78046095,0.005685568,0.76165223,0.890218,0.35894156
f075e3d19df742f1b56c6084070dc986.jpg,2,41.980902,2.868287,7,41.000414,9.239631,541.628,23.025759,0.8039419,0.02999574,0.7847144,0.88085175,541.628
f09c55753dcf4d4dba449cc847e46fcb.jpg,7,37.702529,15.166026,7,37.855,14.943735,25.867144,0.31567702,0.7276962,0.018837452,0.6895559,0.88025725,25.867144
f0c044e92f1a44b18b19cabe497d20bd.jpg,6,65.227033,-14.571014,6,65.321149,-14.474638,11.384807,4.578349,0.90475726,0.010094762,0.88499117,0.98382133,11.384807
f0f9e8647c704bf1b611cc3d617ca274.jpg,5,53.896559,-1.64877,7,40.068997,9.610283,1754.0018,796.48773,0.6619296,0.0015663505,0.64821947,0.7900995,1374.1678
f101ab03a70548efa2bf04c6991e28a0.jpg,7,39.090965,8.386942,7,39.08097,8.415868,2.7327979,2.0061765,0.8643112,0.0841046,0.84346586,0.94769263,2.7327979
f106671a45ce4e1cad6bc3077fe5e41a.jpg,1,53.021491,13.667779,1,52.734003,8.347443,358.38284,12.041126,0.74318004,0.030814946,0.7440779,0.77014184,25.917448
f10f29bbbdbb4987858f4e80b0214457.jpg,5,52.250937,-1.999214,5,57.139504,-2.795045,545.9749,24.252197,0.71502656,0.0003902316,0.67928576,0.8870752,149.01663
f10fb1e1fc3b4a2c8fa2482edd58d8c4.jpg,6,65.807262,-19.323321,6,65.751023,-19.178236,9.10556,0.6845764,0.91980886,0.001230061,0.9065888,0.9775379,0.6845764
f14d7e78b6bf4c38986fe5e4677adc26.jpg,4,48.238161,-3.375142,5,56.147549,-4.007098,880.5293,35.357822,0.71366984,0.008504033,0.7264582,0.72598135,91.89337
f1b6763a9e124f4d87d7a5207fec4b19.jpg,2,39.467962,2.899158,2,39.473074,2.895959,0.6312791,0.6312791,0.80037665,0.008972168,0.76387364,0.9617022,2.5828433
f206b807a8a449adb89145deaafb92ae.jpg,2,38.751334,-3.390746,7,43.741132,11.239866,1340.672,907.01526,0.685264,0.030587971,0.66436505,0.77116364,1732.8455
f20d8ffc148143968b896f644ffb74bf.jpg,8,59.830416,7.173284,8,59.81384,7.214647,2.9568195,2.9568195,0.908969,0.10777688,0.9020352,0.93670416,2.9568195
f20f6b4b381f49baa31b1b82e9f59ded.jpg,10,60.484807,17.421063,9,52.737514,18.097224,862.44196,107.196266,0.59982,0.01253593,0.57053757,0.779696,766.4307
f225321ffb5145b7ae93f8e700d4086c.jpg,9,51.657159,17.780654,4,50.156859,1.739208,1134.7195,153.9285,0.73718965,0.03585118,0.7252033,0.78513503,1134.7195
f28ba57d9a88427189ce7ccec8c0a751.jpg,3,61.910671,22.662953,3,61.959233,22.8661,11.92066,11.92066,0.78799564,0.005592048,0.77405596,0.8437545,11.92066
f2921e410505418fad687b4f43c2a332.jpg,2,38.369385,-0.704071,2,36.751616,-4.038974,344.59418,12.159033,0.7504271,0.00910759,0.72345674,0.8583088,344.59418
f2a6b21dc6f149de85c570efefb27c36.jpg,8,70.364022,24.37345,8,70.316104,24.220235,7.825828,6.5600243,0.9339991,0.0023046136,0.92299354,0.98323995,11.857639
f2b8efea02ef40d08f7d0c477ae69031.jpg,2,41.977911,3.025598,2,42.024263,2.986053,6.1026883,0.5390543,0.72990036,0.006608486,0.7113397,0.8077619,1113.7278
f2e44e2c94134bcab45096e8e6798281.jpg,1,54.535707,13.249757,9,53.611816,14.8481,146.37724,17.51478,0.72496575,0.013030887,0.712127,0.827672,128.8261
f2fc82b306d440eb98fa92aafc9e58ad.jpg,8,70.189191,23.992714,8,70.189232,23.992196,0.020046668,0.020046668,0.99260473,0.017074227,0.991897,0.99543554,0.020046668
f301d49cc65d4c33b92f60dd3d9fa1ec.jpg,10,63.224145,18.507076,10,63.236829,18.511952,1.4313834,1.4313834,0.85958105,0.02497387,0.84237003,0.93276536,3.1857078
f313fbee5c604448a891498b24c2ffbe.jpg,4,44.184237,0.029006,0,55.35547,29.22418,2410.657,1419.0652,0.6836351,0.035383403,0.68520975,0.7826942,2454.4358
f32c94c24e45430e82785be7a53951ee.jpg,2,39.998115,-0.586682,5,51.635913,0.308871,1295.8989,731.12494,0.63683146,0.0098698735,0.61641747,0.79206276,1270.7455
f32dd195611e40829f3edce67e273139.jpg,4,48.205362,-3.820791,7,39.280831,9.134693,1434.4033,631.03784,0.69885325,0.013684511,0.6767107,0.80374694,1228.2983
f342b3e9487a4aefbf02427d75f6f472.jpg,5,58.619004,-3.274935,5,59.025661,-3.272149,45.218544,2.2738678,0.7458823,0.011734664,0.71741414,0.8597547,45.218544
f373346bf5374ab6b4d315680a48b970.jpg,5,51.938549,-1.343381,5,56.239355,-5.02462,534.92926,21.355661,0.6147323,0.02724725,0.59763193,0.7199588,378.62357
f38241e811b54ad4b4101309ca596178.jpg,1,52.007495,14.166675,1,52.006026,14.16109,0.41571885,0.41571885,0.76604676,0.014452457,0.7453947,0.8486549,0.41571885
f38cb9637c584113bfd244c13788b241.jpg,5,51.892388,-4.970288,5,51.916084,-4.976004,2.6639001,0.3000058,0.72379625,0.009557188,0.6944256,0.8412788,2.6639001
f38d7cab1d68411e8fde4bb60f89b524.jpg,6,65.612224,-24.179059,6,65.645611,-23.68849,22.813335,1.570353,0.8003542,0.004209399,0.774038,0.91771126,76.4908
f3a44d857f4140d98a09a7233c7d758d.jpg,11,40.938243,38.217959,11,41.01713,34.610662,302.93222,0.46698695,0.811452,0.007307589,0.78537637,0.9397216,216.76707
f3bcb7030b914ec3a003bfe66ff95564.jpg,7,45.763535,9.25114,11,38.372008,42.737787,2860.2068,1539.0587,0.66302586,0.005071342,0.6340208,0.82088244,2247.2507
f3c24128285947779e5e717eb5a06cc3.jpg,5,50.500133,-4.719893,5,50.508381,-4.719895,0.917137,0.917137,0.8516792,0.04610157,0.82385594,0.9629724,0.917137
f3db6bc43f6e4cdabb884018bfb32ed7.jpg,9,51.556028,23.426825,7,39.112586,16.077964,1496.3082,992.9768,0.6395198,0.02587974,0.6080636,0.76534456,1496.3082
f3e7af8811bd441aa7dbe66a692e240b.jpg,1,50.901621,13.215217,1,51.855968,9.616165,271.35895,40.466454,0.65985376,0.010951638,0.635638,0.77317,362.1321
f3e88fdeab58408fb893ca0699536a66.jpg,5,51.408987,-0.592503,5,51.430748,-0.556247,3.4893522,3.4893522,0.75165737,0.019640088,0.7346803,0.8195656,3.4893522
f3e9b974a49f4e7bb36efaed5497b275.jpg,10,64.081215,15.358437,10,64.015091,15.303264,7.827488,5.6379533,0.89684844,0.05323553,0.8758571,0.98081374,7.827488
f3f6808a68c84a6aa72dbdc71d9a0346.jpg,7,41.509246,12.58194,4,44.360411,0.716375,1015.55817,784.2626,0.65448636,0.021275163,0.62564754,0.8367791,1472.9141
f3fcd37d84e8444886724b62b0ea78e6.jpg,7,39.313477,8.962534,7,39.312071,8.958598,0.37296894,0.37296894,0.80108476,0.12668937,0.78859526,0.8510427,0.37296894
f409c343e4d84b36b02fc7a7de6d7418.jpg,7,37.74387,14.830348,7,37.664873,14.859964,9.16234,9.16234,0.8713163,0.084095836,0.8565955,0.93019927,9.16234
f45885760fe5437ba72390e6e23c619e.jpg,7,42.08364,12.633498,7,42.046033,12.653597,4.4988403,4.4988403,0.7986887,0.0038636923,0.775607,0.91553235,28.786707
f47eb825d21d442caebd34f3ab23fd4e.jpg,2,40.448252,-0.224204,2,40.448122,-0.219346,0.4113316,0.4113316,0.8881016,0.23464155,0.9068421,0.8131392,0.4113316
f491216b218f4078ac08900bac0a5420.jpg,2,40.550758,0.243943,2,41.897548,0.983651,162.0297,7.0227933,0.6801636,0.013930261,0.6754044,0.8054672,92.686905
f4b1c58c82844a3cae2f0b747445bfa3.jpg,9,52.408238,21.088938,9,52.381076,21.122096,3.7661734,3.7661734,0.72563493,0.021811485,0.73803675,0.7507621,1393.942
f4c672f1ae8d451eb8f4982cb480bca4.jpg,0,55.824072,28.609025,0,55.912787,28.64226,10.080249,1.1011719,0.85419893,0.0033236146,0.82784736,0.95960534,10.080249
f4cfd53c29d241ce8eaa29dd159a7049.jpg,9,49.814308,22.31293,8,62.368762,6.008613,1713.3778,1493.7585,0.6871487,0.0063582063,0.6833179,0.84890103,2072.502
f4d49565c69e479ba2e5d224edf848a2.jpg,3,61.309016,28.531063,8,69.800536,23.236568,974.25525,1.9120146,0.737367,0.0039480925,0.73450613,0.81400746,153.7617
f4e7e996d6434d38b1de083ec405bc07.jpg,10,64.369532,15.369096,10,64.311834,14.961415,20.651491,12.782306,0.866681,0.05390507,0.8522947,0.92422616,20.651491
f4f7516ab4ec4eb79b3304324d27e954.jpg,3,66.739567,28.835579,3,68.559403,27.503438,210.03828,12.961354,0.79075783,0.014593303,0.7641416,0.9143504,64.71409
f4fb95dd26634526b548056ca8efc8a7.jpg,3,61.106178,22.877677,3,62.262973,24.653811,159.11409,1.6808416,0.7649178,0.012839556,0.75208855,0.85129005,64.630844
f5461b19278e4adfbe0efaac52139364.jpg,3,63.33134,25.607443,3,63.698793,25.909176,43.51234,0.059155364,0.92409897,0.0028523207,0.91024673,0.9795078,43.51234
f56d919e9b44484795aa6bb5500b7fcb.jpg,5,50.429733,-4.569651,5,50.404452,-4.55773,2.9352722,0.4550026,0.7573833,0.0073156953,0.72666883,0.89183605,23.405592
f6040e9e328a4ecaa5a86fc1101f3135.jpg,10,67.197316,19.404921,10,67.193841,19.412002,0.49238098,0.49238098,0.92911124,0.024885774,0.91897315,0.9708568,7.7132483
f60ade5675774deba6091f41e821bbbb.jpg,6,65.859232,-19.374866,6,65.873201,-19.37804,1.5599728,1.5599728,0.91068614,0.0040615797,0.895594,0.9818444,22.171623
f60bc74212ef4cfa82aceedf8282d906.jpg,10,66.721182,19.837625,10,66.684392,19.830604,4.102503,0.6834436,0.8986352,0.03056258,0.89307845,0.92239344,38.68116
f614e7dd26c14771982bc6b390b634c2.jpg,0,52.320203,29.341797,0,52.270312,29.320298,5.737061,5.737061,0.73732686,0.0056444407,0.75088185,0.81576216,482.15833
f61ae40afd6540f58b6501dd27cfd15d.jpg,10,64.07138,20.786963,10,64.10472,20.746451,4.1974673,0.83065146,0.80092126,0.052251756,0.78422475,0.86770713,4.1974673
f624726d944e471b9b90c65ee8d51c78.jpg,10,61.647764,14.799222,10,61.991905,14.578735,39.97992,7.203946,0.86533797,0.0048859715,0.86226547,0.9125423,15.618347
f63c15e561e04251a79e59733fc79a31.jpg,8,61.202114,8.977163,8,61.108933,9.107127,12.488478,6.7973285,0.83744204,0.004038334,0.8138602,0.9419445,34.7415
f64849a523cd4ddf80afe53d66fe184a.jpg,1,51.390768,13.376489,9,54.055262,15.50284,329.03516,27.936472,0.67297167,0.035002172,0.65401614,0.7910819,473.6403
f65346d9696f4f429c51d6545ae71157.jpg,5,53.262527,-2.877454,11,40.242425,37.956072,3372.112,87.01517,0.670679,0.016020358,0.65557444,0.7719207,3477.0513
f66fffaea7aa47809204e2cec79980ce.jpg,3,60.7015,23.536228,8,58.761876,9.041708,838.5984,24.26383,0.7638248,0.008112609,0.7444994,0.84870934,827.7081
f6a4dcaede2846adb4f7414157403af3.jpg,8,58.189005,6.736159,8,58.405315,6.030694,47.727077,5.978335,0.7430664,0.013863742,0.7114346,0.9087669,230.93004
f6b263cb722e47998e76bd8613e9597e.jpg,4,47.279471,3.86013,1,53.183613,12.033052,875.8025,181.51698,0.75084174,0.008173227,0.725778,0.85109687,875.8025
f6b745b09485456c889f3fc8fe8cf3f9.jpg,9,54.45866,22.409054,1,52.764029,12.059239,707.5411,196.72275,0.65870655,0.009242713,0.6373099,0.7442929,707.5411
f6c1231fdf9d489298d27db079a62730.jpg,5,56.209178,-4.382868,5,57.212318,-3.259059,130.94002,23.333652,0.76015806,0.011156201,0.74153507,0.88577724,141.80429
f715a4edc7124a7880e71a03fca22adb.jpg,0,52.215322,31.515105,0,52.211255,31.537906,1.6179605,0.18762575,0.9609332,0.0054836273,0.95716405,0.9760098,1.6179605
f716d84c0b9842b48436f13f0a129811.jpg,8,58.409307,6.026609,8,58.427772,6.013623,2.1880538,0.22657739,0.82084966,0.013777077,0.80108565,0.9212948,2.474095
f73706bb888d48df899cfcc753832654.jpg,1,51.107727,12.599637,9,52.28413,18.843314,449.60522,88.61224,0.791987,0.042689264,0.7928494,0.82438594,436.4746
f76c180ff6db4ab999c4975ddb59e460.jpg,0,53.069735,29.987999,0,53.129083,29.487088,34.08797,1.6331062,0.81337047,0.005344689,0.8025888,0.903926,15.049026
f7b40b8532aa467f94c394ad97cfecdd.jpg,3,65.911734,24.59023,3,65.912019,24.590762,0.03983998,0.03983998,0.9495931,0.025544047,0.9396919,0.98919815,0.03983998
f7b7aecbdf264663814c760f09276378.jpg,9,54.238702,19.528148,9,54.232511,19.540087,1.0372663,1.0372663,0.71910614,0.091527045,0.77230984,0.6752611,2176.3032
f7efa2cf5bc14535bc15b5861223ffa2.jpg,4,44.06645,7.589423,1,53.000128,13.868698,1094.6947,78.54042,0.6288404,0.005348742,0.61194444,0.7003155,887.8325
f7fb9f1b28dc44fc890fda5c0156038e.jpg,6,65.337445,-15.042888,6,65.354701,-14.937294,5.260263,5.260263,0.9364212,0.010447085,0.9275426,0.98307955,9.4163475
f811738bb54a411284b46c30de6cc067.jpg,4,50.043414,1.392481,9,53.402382,15.550994,1042.1445,167.39038,0.753899,0.022506595,0.7505555,0.7690404,1085.0262
f821674dea0344d4a07a0fd0a949c5aa.jpg,5,58.504898,-4.70655,5,58.493501,-4.721789,1.545946,0.12834737,0.7960934,0.029856384,0.7652941,0.91929066,1.545946
f83c48a3a4af4a9d978bced74ee693c8.jpg,11,40.241926,36.54699,11,40.230732,36.53245,1.7528933,1.7528933,0.7016344,0.03535396,0.7099248,0.78065616,483.16223
f863654c1c484750a386a1472ed04622.jpg,9,50.010116,21.124314,9,50.008248,21.076695,3.4092429,3.4092429,0.688902,0.0051807165,0.7000111,0.8217133,489.21875
f8682ce554554893a81054520115248e.jpg,6,63.826339,-22.646448,6,63.8177,-22.541795,5.222846,4.452813,0.89680636,0.016513526,0.8785187,0.9699569,5.222846
f869c569dec34ced9302190d476e9119.jpg,7,40.899013,16.436571,7,40.90256,16.428411,0.7911405,0.7911405,0.64374024,0.033220112,0.64326614,0.6821499,666.7649
f86c72cf7ea44675a0b721b82d47a974.jpg,8,66.731232,16.010638,10,65.057496,17.222034,194.06305,58.719894,0.67970026,0.01487875,0.70008266,0.7210096,978.5838
f872ff9e54c34d96a3cdcd43f0c8848b.jpg,1,53.297859,8.354596,5,50.833724,-3.799671,873.5719,521.4615,0.66161007,0.009746611,0.64182806,0.8275627,1050.546
f8ee4de460fa48198d9a202d23621dda.jpg,6,65.611352,-24.195354,6,65.614,-24.212991,0.8616349,0.8616349,0.7999863,0.008776307,0.7799989,0.889858,17.158682
f8fbc23728ee4dc2b9d04a4ab3800d36.jpg,6,64.368309,-15.315474,6,64.362705,-15.33723,1.2180587,0.16298069,0.91000646,0.04631257,0.89252496,0.9799325,1.2180587
f919faabbbd84d12a77802717a3cd070.jpg,10,57.590938,18.362006,10,57.475968,18.623502,20.175879,1.4746639,0.8618232,0.026667535,0.86107075,0.87608063,771.04785
f9337fc93b4a472dad5e45424f2853e9.jpg,1,51.115351,14.931644,1,52.796138,9.938574,389.75006,32.758427,0.62797487,0.013457596,0.6434051,0.6863513,828.5808
f961b421bbd54f9baa732e42336d9b47.jpg,7,43.746334,10.693265,2,41.935253,-6.724018,1431.5734,27.483547,0.625882,0.0039541125,0.60655785,0.70317876,1431.5734
f996d74ed68a4ee0873c49c46fe53342.jpg,3,62.620257,29.490619,3,62.347669,26.673625,147.84137,13.048025,0.8151415,0.038683355,0.7990433,0.88399416,183.17001
fa1be73c250443dbac66218b988de3e3.jpg,7,39.327102,16.047915,7,39.408588,16.014914,9.494567,0.87715995,0.7827345,0.004881561,0.74528164,0.9325458,9.494567
fa43e9b5b0a54812aedd38a86d514d28.jpg,11,39.851013,39.31028,11,39.87254,39.256192,5.2002215,5.2002215,0.8180792,0.049114347,0.7986621,0.89574724,5.2002215
fa74e16baa13466f963f568131afe72a.jpg,3,66.51086,25.908271,3,65.75071,29.193629,170.25418,9.836379,0.93266976,0.0027298927,0.92368597,0.9686051,170.25418
fa756ac81f624d6b86291ff94fee0d64.jpg,9,50.955054,22.288029,9,54.227283,16.347459,541.3554,34.511837,0.7276721,0.06482583,0.7090602,0.8021195,541.3554
fa8f985668e44ea0974b418c0b0ae8d3.jpg,10,61.392244,17.173692,11,38.263719,40.958063,3048.3872,577.87866,0.6936791,0.004527569,0.65994215,0.82929045,3094.6548
fa9ee99ba8a84510b4e4f4fa7a91c9e4.jpg,7,43.524524,10.459475,7,40.963253,14.836677,459.16843,6.5758147,0.69609225,0.023344278,0.6823046,0.8408845,661.7731
fad4a9148fe045d2a96efbd7919156d7.jpg,8,70.60587,23.646652,8,69.202923,23.681219,156.0064,0.6491685,0.77172375,0.0053265095,0.7393408,0.9341849,144.55518
fad4b692f15446a988873773e285d6a1.jpg,3,66.231306,25.33308,3,65.912019,24.590762,48.797817,25.835781,0.89099133,0.01526767,0.87265795,0.9643246,48.797817
faeec5868deb4426bdea507933fd805c.jpg,9,53.32512,22.456766,9,53.323399,22.455967,0.19858801,0.19858801,0.7955301,0.00061130524,0.7711692,0.89297366,0.19858801
fb0c85baf3414d3e9081aa4ccfec6bdb.jpg,0,54.215786,26.352915,0,54.121223,26.590901,18.722942,3.8138576,0.8113042,0.026702166,0.7969345,0.8687829,18.722942
fb840b707075481684c871ed78835c05.jpg,5,55.101628,-2.978618,2,43.410494,-5.207877,1309.8494,229.28178,0.6240913,0.0024619102,0.6491182,0.6593799,913.3513
fbe7333abd59467a92d49829564adbe2.jpg,10,65.378445,19.451469,10,65.412038,19.402669,4.365477,4.365477,0.8203784,0.030774772,0.83978987,0.800378,51.457336
fc8938dd79294142a3558b84dde9ea55.jpg,1,54.021061,9.004831,9,51.216971,18.478096,710.7154,11.04536,0.7302519,0.014036536,0.7459435,0.745942,683.24133
fc92b6ba23664a30b83b5e72a1f70e54.jpg,11,41.231874,31.975106,1,51.578579,7.535342,2183.1218,1322.6798,0.60557026,0.0035675168,0.601097,0.7094947,2002.6377
fc98f14ea7c34b208dcb52dcece55bc6.jpg,5,55.298853,-2.940177,5,55.29954,-2.939599,0.084701344,0.084701344,0.8789083,0.06174147,0.8706083,0.915294,0.3959322
fcf98468ba7c4b589007007a36353306.jpg,4,44.120789,-1.298729,4,43.802707,-1.379171,35.95039,3.5780401,0.8215046,0.008669794,0.8089317,0.8818244,10.845715
fd227fa9dfc44688b97320dc664c6cd6.jpg,2,37.356047,-2.029078,2,37.930522,-4.082318,191.73093,13.708204,0.77160966,0.021675944,0.7446561,0.8921771,125.15657
fd32ff3327e34d22846571b93738d48a.jpg,4,49.17094,6.823893,9,51.802244,19.727956,957.1782,9.216826,0.63883245,0.008161783,0.6498817,0.69976145,643.76685
fd4c9b6fc7cd4ae78ecba7f4ad8affb7.jpg,5,54.91698,-1.543543,4,50.161145,4.042746,649.4785,340.36407,0.6182126,0.05509132,0.59900004,0.73950326,846.33606
fd7db3ae2b7847548f995d430802f1d7.jpg,7,39.062047,8.433358,7,39.058554,8.428879,0.5480983,0.1682266,0.8723696,0.06002778,0.8573625,0.93572575,5.490802
fd9dd97bbf8843aabaafe7aaa27911af.jpg,7,40.261685,18.09904,7,40.281931,18.069181,3.389026,2.8843756,0.86399597,0.10122806,0.8722713,0.83089477,3.389026
fdff34417bfe4783a79ab232de25292f.jpg,1,51.346671,14.636367,1,54.409451,13.46609,349.49054,14.927773,0.7638306,0.028954566,0.7496323,0.8206235,349.49054
fe22ec8b200c4c69ab84e0df9761fe79.jpg,3,62.364718,28.095367,3,65.392206,27.197451,339.49075,9.191936,0.7637507,0.006502986,0.7367438,0.87928575,100.00891
fe5692d94a2b4a1788dae2a41f80aedc.jpg,1,47.968789,11.407,4,47.89032,-1.581947,966.6438,30.199287,0.7080296,0.06232065,0.7480457,0.7049202,118.71183
fe7bf09a18da42478432dbcd84e6bf5b.jpg,6,63.842504,-22.44446,6,63.842857,-22.439221,0.25979263,0.25979263,0.7144798,0.031036675,0.7151813,0.7624066,2444.5796
fe849b0a0f7243b895ea792b107f6021.jpg,6,63.889683,-20.784484,6,65.936667,-19.409649,236.64948,9.427795,0.8201922,0.0036203265,0.7961952,0.9323864,247.65678
fe9c38499bf44967a4585336e2e5c79d.jpg,6,65.5813,-18.538849,6,65.468234,-18.725244,15.224935,7.493266,0.8911392,0.02186668,0.8687588,0.9806609,15.224935
fea10d3ca220457680b3b481a5004e09.jpg,10,58.394315,15.299058,10,58.396003,15.297691,0.20390141,0.20390141,0.9041334,0.16491604,0.89134234,0.95529735,0.20390141
fea55ae4baf2444fbbe6d27f40a8afa0.jpg,5,50.137199,-5.307606,5,50.144846,-5.307452,0.8503796,0.1737447,0.7949503,0.016470134,0.7735435,0.88573545,0.38419282
fececfb0b98d4e43be4f43767620b8da.jpg,11,36.935248,33.27189,11,36.944458,33.271389,1.0250742,0.554488,0.83275217,0.08430827,0.81180966,0.91652215,1.0250742
ff29568e27b14d9ca51c8b994d190e74.jpg,2,37.635711,-0.774701,7,40.516722,17.325095,1591.8846,1.4083058,0.6664525,0.020380676,0.64269143,0.76149666,1591.8846
ff4243fd3e1243ea806145136d814915.jpg,10,63.975928,20.09416,10,65.486279,19.329744,171.81508,0.8811055,0.84319615,0.0077894926,0.8520758,0.86737156,13.547921
ff62d6c676af45bd945c67654f99b9b9.jpg,4,46.404639,3.311373,4,43.941326,5.057642,306.18915,15.377228,0.69685984,0.012774825,0.6664823,0.8183696,306.18915
ff731080dffc426cae8af2c3a8835dce.jpg,10,60.030158,17.533171,10,59.830573,17.998021,34.1067,34.1067,0.68641883,0.007512629,0.6764956,0.7261116,34.1067
ff7fb8f24de345b686b45bfb0cd530dc.jpg,3,60.61271,24.43194,3,60.647759,24.225133,11.932588,10.901343,0.7652886,0.0062080026,0.7436359,0.88505226,396.8023
ff8af53bc8504abbac7d9677ef38544b.jpg,2,41.058017,-1.252225,2,41.080506,-1.04089,17.892189,7.2739325,0.76468766,0.022418499,0.75586236,0.86449367,7.2739325
ffa69e9cf4254c0080e436741c49a828.jpg,9,53.158673,15.928122,10,62.993485,17.672266,1098.2777,149.10104,0.65788376,0.018671393,0.6588924,0.70183694,1033.596
ffac6036d2ab49c1955174fc928b734d.jpg,3,60.617751,26.191511,10,62.357892,17.247364,512.1264,151.11597,0.70723176,0.009243369,0.6929681,0.8186494,638.4969
ffb055f03321493489b8b4de0e990c8e.jpg,3,65.841099,24.513913,3,65.912019,24.590762,8.624709,1.5743117,0.930447,0.01064074,0.9193543,0.97481745,8.624709
ffd2bc92599a467190d60593fd746618.jpg,6,65.667823,-14.990326,6,65.665402,-14.996241,0.38199064,0.38199064,0.9023005,0.004160762,0.8898524,0.9665581,5.0003705
ffe0770394ae400485138dfe10543d2c.jpg,8,67.348437,14.548636,8,67.346378,14.54295,0.33423758,0.33423758,0.80079937,0.013097644,0.7748292,0.9102105,38.82729
