filename,true_country,true_lat,true_lng,predicted_country,predicted_lat,predicted_lng,distance_km,top200_oracle_km,top1_similarity,score_margin,top1_local_similarity,global_top1_similarity,global_top1_distance_km
003c69a1a1344a9b9706180523b39e7b.jpg,2,38.132169,-0.951758,7,40.710317,8.803033,885.0115,107.75278,0.75171363,0.023220956,0.75627697,0.81369364,929.29254
0048aaf4799e4812af341787e23beb84.jpg,7,41.138182,16.765977,11,37.274262,37.193566,1807.1534,38.442905,0.7149716,0.024165928,0.71089715,0.73126936,1807.1534
004fb7c4318e43c88e7b8f9fc6c64783.jpg,5,50.095049,-5.559013,4,47.936168,-3.478184,283.97253,50.76799,0.6642372,0.009654701,0.6948803,0.7134087,1436.5239
0068ad409c7c423bb620022c5f839e6e.jpg,11,38.270758,40.9521,11,38.271251,40.949277,0.25246608,0.19538015,0.9202842,0.046658576,0.9078555,0.9699988,0.25246608
007b0d7c6deb41499dfa6e335c370d37.jpg,11,40.741136,30.43627,11,39.540534,44.001591,1159.6337,127.735176,0.69811594,0.003286481,0.65506876,0.8808308,882.4843
00b08cf54351475abbddcc7500120f13.jpg,1,53.264812,14.34853,1,47.847501,8.754111,719.96436,37.81772,0.71739775,0.014975727,0.76361763,0.65124685,155.91977
00d2012ffeea43e491f51f2a17dc02be.jpg,10,56.223308,13.58875,10,56.201712,13.744897,9.949815,4.861636,0.80649775,0.0041955113,0.78820884,0.8807744,4.861636
00eb7a03b59f42eda54be709e34a31d6.jpg,8,68.361888,22.859862,8,68.356238,22.890018,1.3870598,1.3870598,0.9726714,0.023574352,0.9701656,0.9826944,1.3870598
0118eaaf3af34a029ac85c82b7e13c61.jpg,2,28.952993,-13.669843,2,28.953111,-13.669556,0.03085343,0.03085343,0.95381534,0.049058914,0.9437429,0.99410486,0.03085343
01237c2c2f254c609256cc01a6f4944b.jpg,2,41.724769,1.426922,7,41.783997,12.854971,947.3068,272.24283,0.68109757,0.0059462786,0.6561541,0.7842027,941.2659
0134dedfb9294095a1f335ce4983d527.jpg,8,64.4127,12.327412,8,61.929216,11.766155,277.58112,1.7756721,0.8084803,0.005451143,0.7922397,0.9559446,44.344635
01473e114b0b43d98b1e6788c8038b7c.jpg,7,42.024831,12.678731,7,42.294356,12.497596,33.482906,1.3846433,0.8418441,0.00021100044,0.817255,0.9402005,33.482906
01478ceb6bc547a09464029f3e8d0c64.jpg,0,53.513809,31.201687,0,53.524904,31.236663,2.6208375,2.6208375,0.9184247,0.12642723,0.90532863,0.9708091,2.6208375
015504577c6c49f189e7c3a7a7a87385.jpg,10,57.529168,18.467257,10,57.560439,18.4111,4.8290668,3.1311367,0.828552,0.008289158,0.82559264,0.9091704,11.050859
018b5604c4604b418a8a4c119249f312.jpg,5,58.497011,-4.482839,5,58.497341,-4.456095,1.554365,0.13187402,0.8092295,0.0022693276,0.7962431,0.9243062,89.91329
01900cbbe46d438b83a69a4d47c552d5.jpg,9,53.359897,22.445979,9,53.393314,22.424097,3.989249,0.7083927,0.80670965,0.011450231,0.779612,0.9151001,3.989249
0191c550b02f4c549021a99173d0517f.jpg,7,40.963253,14.836677,1,50.037722,12.037186,1032.1552,562.30664,0.69904137,0.035069883,0.7256141,0.75484455,1298.2554
0201f303a5d94aaca31ca53a3a809b88.jpg,2,43.65764,-5.843969,11,40.197575,35.666437,3419.5625,249.5783,0.6932697,0.011205018,0.6900337,0.7824724,3422.8567
021088af205549ac822bd29c5cc876ac.jpg,3,67.475828,27.96251,3,67.481408,27.918788,1.9628067,0.9795025,0.88202024,0.056547046,0.8712481,0.9251085,1.9628067
02378061d432447d8dad9cd970ba7368.jpg,10,63.528253,14.736579,10,63.821629,14.39159,36.791065,30.292498,0.8079192,0.005861342,0.79078245,0.9119751,35.73399
02467a44220043d5a7d79737566a7c55.jpg,4,48.257256,-4.538719,4,48.255853,-4.531581,0.55099636,0.55099636,0.7287693,0.016618669,0.7453691,0.79519236,545.4746
026d865df2ba44fda58addac0a2bf458.jpg,10,61.758814,14.156599,10,62.395855,13.938966,71.73645,3.8832324,0.9067747,0.0134804845,0.8938003,0.9586721,71.73645
02dce6ff9a0a49fd8c970a1197095ced.jpg,0,55.780868,28.601226,0,55.774632,28.603931,0.7137482,0.10231811,0.8680917,0.0119463205,0.84261715,0.96998996,0.7137482
02e9f0d9c7194f4aadc7bcecca1e4717.jpg,9,49.809913,22.510039,9,51.39295,21.102648,202.1081,8.815853,0.72550297,0.0050843954,0.6980691,0.8453256,227.05318
02f143f6fdf6449b9cf4ae6060eb6c3b.jpg,7,40.559767,16.265649,7,40.554271,16.271436,0.78262085,0.78262085,0.9252752,0.018903732,0.91330665,0.97314924,0.78262085
0303bda7f053467fbb6260ca8c762788.jpg,10,60.692346,13.707227,10,61.379953,15.78675,135.57988,20.228447,0.67032343,0.0010502338,0.63660884,0.80518174,135.57988
030ad95e5847450fb409ddb0ab7da4ae.jpg,5,56.260214,-4.931949,5,51.700303,-4.712679,507.24164,14.972261,0.76644295,0.008353233,0.74298716,0.8871675,445.21475
032d7e37df0b495db5c91928c30586c2.jpg,5,50.103203,-5.258185,5,55.340282,-1.596644,632.1826,3.7961469,0.7106031,0.033214748,0.6736699,0.8954846,38.992138
033e6317d30b4bef820a948dc4efcb64.jpg,2,43.042244,-4.216932,2,38.839954,-4.690554,468.96188,79.717834,0.7408974,0.018422604,0.7546265,0.748901,1250.7352
035982c6a0c643b183021b308eeadf04.jpg,9,50.115604,19.793347,4,48.62322,-4.54218,1761.9873,49.516342,0.642313,0.006632626,0.6373416,0.76143676,733.1297
037ab50be65b4e639db067a24267c0c8.jpg,11,38.476248,30.251048,11,38.788181,30.524962,42.0615,0.2874414,0.8120791,0.014457524,0.796419,0.9071628,74.45307
037cdf8262754229899fd6d08c536f91.jpg,3,64.707721,24.869883,9,51.332313,22.085814,1495.9321,20.156963,0.5463432,0.0032227635,0.52365375,0.7586809,1627.8531
03854bcfed7148c6aefb69bfe00a77a0.jpg,9,53.87808,22.345465,9,53.996756,22.465873,15.370688,6.8970833,0.7458091,0.041101396,0.7451789,0.74832964,15.370688
03941a5d67624d7aa8a32f9a1f7fd670.jpg,4,46.190241,2.080769,4,46.182598,2.083808,0.88147634,0.88147634,0.6640718,0.01978445,0.6679416,0.7198968,1323.1492
03962144350540879ded8f31d4994eb7.jpg,4,47.133667,3.881387,4,48.132692,5.197337,148.533,10.256742,0.74979985,0.046689153,0.7456311,0.76647496,148.533
03df317ad3a8483da2fa040c857af154.jpg,6,65.953526,-19.411614,6,65.944783,-19.412038,0.9723684,0.9723684,0.92124414,0.01907599,0.90983045,0.9801333,22.920864
03efe1a361d24c62b80def6441993ce8.jpg,10,59.130476,15.114625,10,59.387461,12.176241,169.42513,6.674544,0.67613053,0.009403527,0.6604285,0.76865757,386.94498
043a0f459d924d9b85729de4c2feb65a.jpg,9,52.366013,16.249205,2,36.782111,-4.104239,2350.6277,1430.6951,0.6774974,0.022622645,0.6825186,0.7261836,2029.1285
0448e3c09b294153a8493e5576cb680b.jpg,7,46.085522,10.342558,7,46.48805,10.280229,45.014645,9.489705,0.6442014,0.00059551,0.6682469,0.687389,864.16425
0456324f85d943a28d8be72e7ddea2da.jpg,0,52.947802,29.924348,0,52.965765,29.875026,3.8607235,3.8607235,0.9617774,0.026410997,0.9568223,0.9815979,3.8607235
048a5da0d7f747ca8a4fbf75101235c6.jpg,5,54.42974,-3.463255,5,50.321913,-4.829861,466.07123,48.346344,0.7693417,0.006526649,0.7409617,0.88704157,497.10776
05034ec566f74ff69bdfdcd143fa18eb.jpg,7,39.014463,17.162415,1,47.524923,10.031629,1107.431,351.21335,0.6121344,0.017778814,0.5921693,0.7479508,1199.4547
05112fe098014dfab6cb0dc8b6c1cd41.jpg,1,53.052646,9.152852,1,52.049789,10.00103,125.39243,19.254757,0.74301606,0.0059933066,0.71174186,0.8681126,125.39243
051210daec1749d6abedd84a5b386716.jpg,0,52.520251,24.638502,0,52.516798,24.397048,16.341946,4.0121536,0.76537263,0.0015346408,0.77361214,0.81562746,1928.3368
05165a689bfd427586d30596bb9a132c.jpg,5,55.899762,-5.128094,5,51.754341,-4.5156,462.69482,11.546221,0.7776623,0.015579581,0.76376384,0.87842906,203.73418
051c6f37b6004dd4accc48cce837a2e3.jpg,3,63.404421,25.644565,3,63.403622,25.644867,0.090107925,0.090107925,0.87263215,0.038790584,0.85316694,0.9504929,0.090107925
053bc32603d147d69461b9d8a2a9574f.jpg,2,42.422668,-8.715862,2,42.423542,-8.718336,0.22512875,0.22512875,0.73855585,0.14692187,0.7142445,0.83580136,0.22512875
053c0335b8024a0ebf5e0455992df33d.jpg,6,66.044008,-19.345947,6,66.056718,-19.329587,1.5945853,1.301606,0.9001039,0.027720451,0.8830287,0.96944785,1.301606
0552d1ad3eab4975be13402ceba4cf84.jpg,8,69.074718,17.547244,8,69.075762,17.542147,0.23334055,0.23334055,0.844917,0.044604182,0.82223535,0.93564355,0.23334055
05550b4621dc49928cbb6059972eca9c.jpg,9,53.604102,21.047086,9,53.600136,21.043647,0.49595338,0.26274765,0.7820194,0.04816681,0.75385386,0.8969118,4.760574
055a9caaad774adab888b3b479b228b4.jpg,10,58.983598,18.120278,1,48.00025,11.096244,1304.9941,470.74933,0.6025414,0.00823462,0.59570813,0.63147974,2358.6204
055f6a5d9c01465fa87bba39ca718f70.jpg,6,65.873201,-19.37804,6,65.859232,-19.374866,1.5599728,1.0359899,0.9334705,0.0028556585,0.9214051,0.9851097,1.0359899
059309340f9b4e14941788df555956bf.jpg,7,40.775881,17.056954,7,40.99501,9.220094,659.04,13.703751,0.7257524,0.007310331,0.7117462,0.86239886,651.521
05b61d9491724e9581071329951bc5e5.jpg,10,67.100624,20.450622,10,67.102348,20.45276,0.21285152,0.21285152,0.9677687,0.030074954,0.9628011,0.9876392,0.21285152
05c49f8abdd745cbad341673486cd0b3.jpg,4,48.341266,-1.720121,4,49.523653,-1.872275,131.94452,6.946778,0.7831746,0.065827906,0.7577046,0.8877602,134.31458
05d1f2e4d9934ec99dcd09a47f78f3f3.jpg,10,65.691216,20.476206,10,64.517069,20.809847,131.48967,31.554585,0.9080072,0.012758672,0.9002016,0.93922937,131.48967
05d4ab81971342fc94f553e1a3af8b1a.jpg,8,63.60195,8.975483,8,69.696694,18.974472,806.19196,2.082096,0.7486486,0.0450148,0.7384598,0.84007716,153.80017
05d66a175d144769affdd66c839b1ab7.jpg,8,60.155797,5.434047,8,59.910769,5.298652,28.264639,0.07383603,0.74084336,0.00065916777,0.70749605,0.92306393,196.29126
0624ee02a5c14611b46408895b981c43.jpg,7,42.698332,13.117884,0,53.445583,26.508028,1549.7472,266.10434,0.68256795,0.0039138794,0.6950862,0.7658405,1306.9417
06403609606a4091a833e8de0228169d.jpg,5,54.269885,-0.400979,5,54.263262,-0.392985,0.9010239,0.83103186,0.77348053,0.025146961,0.7463271,0.8820943,0.9010239
064c26274040493098eaeb0200f5afcb.jpg,8,61.289071,5.832616,8,61.504297,5.74456,24.38682,6.962014,0.7460664,0.003914237,0.7199971,0.9069185,6.962014
06a036395c434c8e8e936d3a6d6b6fcc.jpg,8,69.199731,18.066862,8,68.842188,18.268426,40.558693,0.2520401,0.75583404,0.02622974,0.7330392,0.9169476,49.2845
06b619e4fd1f40658f44a435226f9342.jpg,9,53.749904,17.771071,2,41.058264,-6.453487,2286.171,989.4522,0.6469242,0.017656088,0.6310103,0.757769,2190.6897
06e7aa4eafb149a49ad83b003a9c39f4.jpg,11,36.709153,30.560857,11,36.705779,30.563851,0.4604233,0.4604233,0.81110895,0.15193951,0.8064195,0.82986665,0.4604233
06eb91b0ea4d428d885aa3c1d4a89ad5.jpg,8,58.215533,7.927071,8,58.939517,5.574043,158.37802,3.6960344,0.76920897,0.02955091,0.7341073,0.9213848,279.9868
06f499472eb44eafb9efcdbf50098cd8.jpg,4,48.547602,-4.680939,4,48.530172,-4.620303,4.866802,0.7967854,0.73050207,0.08150864,0.733801,0.7542702,1644.5653
06fb0672fb3e4609bafa12da5236b2a0.jpg,0,52.223114,28.797792,0,52.219565,28.526037,18.516016,5.5893817,0.88186336,0.033864856,0.864269,0.95224035,18.516016
0715f79e6f7a4597ba2b634f9593dfb6.jpg,0,55.511598,28.975066,0,55.205567,28.756769,36.72008,5.061547,0.8570381,0.0037150383,0.83221173,0.9563435,36.72008
0717813125104e7f8e092094da9d047e.jpg,9,53.568379,20.879217,9,53.636443,21.094383,16.088324,6.5425034,0.7241184,0.035705805,0.6952162,0.859257,51.5528
071fddde5d0d483e9c20bfe13d8bb640.jpg,3,60.527143,27.549274,3,64.420799,29.67788,446.49667,0.10997621,0.7755232,0.0039289594,0.76266605,0.8582281,643.1202
072574beafb3476ca6705a9cf3f2cc7f.jpg,3,62.145001,28.526011,3,62.138249,28.550666,1.4848703,1.4848703,0.8454432,0.128452,0.8355532,0.885003,1.4848703
0726b3e6993142cf919907ab58259ad0.jpg,9,54.339018,17.856196,9,54.66179,18.408865,50.6124,13.597243,0.77924544,0.011065066,0.77445203,0.798419,50.6124
07413b55ef914bacb6775376621bea7f.jpg,1,52.223007,9.038132,1,49.883692,6.618844,310.2141,222.84033,0.5658213,0.002158761,0.5775036,0.636461,796.0736
074fed94959f404b846b1d5e8d7e07a6.jpg,2,42.224638,3.004793,2,41.084325,0.625073,234.86159,5.719183,0.7261088,0.030849457,0.71865267,0.75926733,796.15894
07572004ce984e6f837ad806a42e40ca.jpg,1,49.087415,9.343531,1,52.819171,9.637205,415.4615,3.2116876,0.7177415,0.015120506,0.6954272,0.8358825,446.59348
075c181e1782453abd4f2fe6f2729b54.jpg,0,55.534009,28.755448,0,55.527597,28.815137,3.8234322,2.7883132,0.91118914,0.022897542,0.8961655,0.9712837,3.8234322
076d489644ef4cccad91a4ccea2413d1.jpg,8,58.143655,7.864008,8,58.143277,7.863374,0.05613486,0.05613486,0.76211923,0.07817531,0.746344,0.85155463,160.376
078278b89fc346ceb7a80ac5ae72f966.jpg,7,41.030527,8.970655,7,40.972457,9.235749,23.164331,0.7186325,0.869638,0.056953013,0.8466756,0.9614879,23.164331
07b3b86da26c436bab8e1db2e13b36d8.jpg,8,58.324484,6.282986,8,58.381661,6.110735,11.891763,0.18497038,0.69362324,0.006062031,0.6455984,0.88572264,11.891763
07bf964a49b4433394ade596fb41a298.jpg,2,41.933008,2.843993,2,41.951466,3.091191,20.548256,5.6404223,0.8081194,0.0560773,0.783466,0.9067328,20.548256
084b891a39f042a4973b96726321cb85.jpg,11,41.634078,35.516713,11,41.859552,35.079983,44.06058,5.031692,0.7928113,0.05498904,0.76983815,0.88470364,44.06058
08752f31443243b488cae954648c974f.jpg,1,51.713992,6.388821,1,52.857153,7.809499,159.66924,7.2928863,0.7920637,0.018280089,0.79500586,0.8828557,234.70726
087ee8c640d24165851560f286210a84.jpg,11,36.882899,30.626014,11,36.705779,30.563851,20.457928,19.43755,0.6779418,0.025274992,0.6758021,0.7254398,2161.135
0886888ee7b744bc80ae7b10ce051c53.jpg,9,53.981866,17.070246,9,53.961425,17.107625,3.3380928,1.4562017,0.718659,0.01945287,0.6999881,0.81772316,22.673952
08901cc0307b437e885d9c4f61a2414f.jpg,1,49.829537,11.383239,4,43.991427,7.546897,711.3375,524.20154,0.65812373,0.02235514,0.6590498,0.6934094,1216.2402
08938aaf72fb47409d9e20fef15b5bae.jpg,3,62.485458,29.946798,3,61.831539,29.732559,73.55871,2.94123,0.8338579,0.0045911074,0.8034066,0.95566297,73.55871
08a2d52ad6a24d0f91d45b43e3156fae.jpg,7,40.580063,8.242867,7,41.059972,9.390848,110.35913,4.5606713,0.77922523,0.0031238794,0.7664295,0.85797626,792.4211
08ca9b4a276146c79b3c92995b167417.jpg,5,56.899957,-4.633711,2,28.180057,-17.246246,3344.2788,673.40674,0.67001295,0.02995801,0.69386804,0.67123896,1266.158
08ca9b66f30745dd9ef1b3ab3eb28442.jpg,10,66.652856,21.273242,10,66.656791,21.243374,1.3869102,1.3869102,0.8681352,0.05789566,0.8582468,0.9161675,69.03515
08f21379df8840f89d3d689708a2d832.jpg,10,62.363082,13.781983,10,62.317838,13.772551,5.054414,5.054414,0.9188535,0.036877573,0.90758073,0.9639445,5.054414
091b0bd8b449435fa96510ad3b14dec3.jpg,6,63.985706,-16.399769,6,63.986584,-16.398343,0.1198662,0.1198662,0.952153,0.04930097,0.9476062,0.9703404,0.1198662
09742083ef3840b2915faa812aa7f9cd.jpg,11,37.305121,30.448507,11,37.305125,30.44581,0.23854119,0.23854119,0.86298925,0.059369385,0.84482324,0.9426172,6.41662
09964dc091bb4b1aa261dd9074216b53.jpg,9,52.510563,19.830219,9,53.211752,20.848399,103.68706,0.49359718,0.6832466,0.0125825405,0.66818744,0.7434832,103.68706
09ab623506714b35b0e245b9e463e7ce.jpg,11,38.9507,27.836685,11,39.175755,27.85073,25.05437,10.08369,0.7458601,0.029438734,0.71982557,0.8519881,24.988836
09f7c613e5be49f4b1e9638717915db7.jpg,1,51.138257,10.721658,2,28.498568,-16.206482,3372.2258,1333.0203,0.65156907,0.009842455,0.6114781,0.8412633,3442.2354
0a1c6edbef834a5a866f4cb496cce194.jpg,6,64.929349,-13.698526,6,64.934786,-13.740428,2.0646086,2.0646086,0.85992396,0.01864922,0.8507546,0.91194826,101.71089
0a45ffce3db6433bb493a40c52204936.jpg,9,51.503991,23.53475,1,48.256573,9.470052,1068.453,9.445505,0.6853981,0.0005122423,0.6686534,0.7543567,217.8503
0a4923622e694e4ca72e427817ec71ae.jpg,0,53.013864,30.573783,0,52.766799,30.759434,30.163904,0.634353,0.82163346,0.022693694,0.7883646,0.9547088,30.163904
0a76da86a214434e80cc23ce7d97a43e.jpg,11,36.712568,30.560808,11,36.705779,30.563851,0.80216086,0.3838469,0.7426159,0.058235884,0.73251295,0.7830273,0.80216086
0aa3bf5342ef4d86b2cb0602f5d1d623.jpg,6,64.816308,-13.886885,6,63.961375,-16.860194,171.61682,5.229144,0.88331443,0.00041645765,0.86847544,0.9625368,203.1166
0ab429089bb64a09b114c124e60ede1f.jpg,4,44.320824,-1.101936,4,44.237495,-1.128811,9.509579,8.465303,0.78322583,0.02063036,0.78309697,0.7844639,73.62114
0ae48cb6fc614004815df7547ec50332.jpg,7,43.485511,13.633364,7,43.476839,13.638583,1.0522149,1.0522149,0.7682698,0.023256958,0.7789337,0.7599341,1342.651
0b63ca52fb5f4527b6636c1eb2d57833.jpg,5,52.330688,1.340647,5,52.248985,1.493489,13.805872,10.480339,0.80955255,0.02714169,0.78267455,0.9170644,13.805872
0b82f7b3c0fc455c913c823bae923f9b.jpg,1,51.035506,10.860436,1,51.33864,8.955279,136.9867,29.676771,0.71140665,0.005641997,0.7236192,0.7935221,226.01244
0b8b6dea98fd418e93213fa47d9daed1.jpg,1,53.038133,10.694608,1,51.671062,9.443881,174.12808,7.525798,0.7139982,0.006190598,0.6940641,0.8306457,1202.5258
0b959a79cf58467f93bfabd5e16a57cc.jpg,6,65.600752,-20.108756,6,65.602394,-20.110071,0.19231378,0.19231378,0.8993638,0.05833137,0.88631594,0.95155525,0.19231378
0bd8b6573d884d9baaf2f660f750316c.jpg,10,64.632263,21.031961,10,64.46754,21.088204,18.512495,13.440928,0.8712815,0.013767004,0.8585436,0.92993414,296.93234
0bff774e058c48bfb4845a3a70c2675f.jpg,3,61.88773,28.741298,10,64.713378,21.154692,491.77884,38.09645,0.7096312,5.7160854e-05,0.69779193,0.7849953,868.035
0c00e0b23be740e89b757ef4758acee2.jpg,3,61.285618,23.525717,3,61.872171,24.50747,83.38549,3.0465302,0.75719774,0.0011252165,0.7398803,0.87853765,83.692474
0c36c831b9ca4974ad2643595f7b22cf.jpg,5,56.269644,-3.318502,5,53.62721,-2.292955,301.02707,106.99091,0.7152017,0.03478557,0.69612575,0.7915052,301.02707
0c75a9da43284d178846b4253470452a.jpg,11,40.515468,31.619226,8,58.785985,9.04434,2575.4473,5.3974366,0.7191461,0.009132445,0.6979076,0.8324425,2573.7634
0c9926681e244ac3852b24ae46fa9e74.jpg,0,53.391882,28.53611,0,53.021904,29.709603,88.31728,37.22523,0.81752825,0.004855871,0.79387254,0.95193493,152.65529
0ca525c5da1546449018defe42cbf74e.jpg,0,54.014187,31.041907,0,52.293504,30.937077,191.45906,24.53792,0.71890795,0.005335033,0.68289024,0.8788252,153.78873
0cc5449bf8664acd916038f1cde6a0ce.jpg,10,58.278021,15.379167,10,58.358672,15.930729,33.43598,9.64594,0.8024283,0.026792526,0.7780165,0.9086505,33.344147
0cd334f1cb424bc9b74bf09e7d88a35b.jpg,4,42.879917,9.477492,4,42.762955,9.46738,13.031722,11.019513,0.69706917,0.005684495,0.6715243,0.7992484,13.031722
0d170a132bd64ebc8e5308f6e54c3989.jpg,7,39.066043,8.440207,7,38.998617,8.417562,7.748381,0.73965675,0.7908759,0.0037020445,0.76498324,0.92238677,7.8356004
0d1c49dbc3f54a8e842e950436255720.jpg,5,56.585839,-6.186029,5,56.602208,-6.101398,5.4915595,0.57501584,0.80789864,0.028532863,0.78141296,0.91384137,5.4915595
0db49b1fe56e4b25891efe46ab5eb8b9.jpg,1,52.006026,14.16109,1,52.007495,14.166675,0.41571885,0.41571885,0.740075,0.06277871,0.7144184,0.8464211,127.549904
0e12355a14bb446ea57736c3e395337e.jpg,7,42.324351,12.214533,9,50.082249,22.375839,1162.2584,157.05081,0.6334766,0.0092749,0.6331792,0.7868948,1001.7891
0e4be5d5098b4f11a29bbb29072df38f.jpg,11,38.455411,30.263784,11,38.977039,30.930378,81.90828,2.8556483,0.86144537,0.0025568604,0.83747137,0.9573411,81.90828
0e6073b9ceab4615af9003bb7bfc24a8.jpg,6,64.470019,-21.518989,6,64.464907,-21.524962,0.63644606,0.63644606,0.8711673,0.05894524,0.85281605,0.9491825,8.370032
0e6a79c0e7f44c58a96d1d1e2e45bb6b.jpg,4,44.599639,0.897113,1,50.374468,7.799888,824.7092,346.73544,0.6313586,0.016557932,0.59082115,0.7935086,824.7092
0e96e7b61e93490ea4ab172b8981addb.jpg,7,40.780925,17.583224,7,40.534118,17.482498,28.728931,5.885017,0.74874413,0.011337161,0.75957435,0.76319516,992.83673
0eb4adaef7e84ad7bde72aec23e3f108.jpg,8,67.260499,15.433198,8,67.260253,15.43316,0.027402647,0.027402647,0.8359084,0.00045603514,0.80795467,0.94772327,0.027402647
0ed07647a9c94cd5aaad8c2750af6494.jpg,3,62.902019,21.211909,3,62.904603,21.207949,0.35040718,0.35040718,0.9249427,0.09745282,0.91359496,0.97033346,0.35040718
0f0200f522c9440784933bb98322ef8c.jpg,0,55.200697,27.876219,0,55.2054,27.890054,1.021862,1.021862,0.840285,0.035686195,0.82122606,0.9354248,18.989166
0f21e4e631de4b1ea0676d632add72a6.jpg,11,36.338993,33.542717,11,36.103111,32.995598,55.6486,7.3329344,0.7989539,0.021386147,0.77334476,0.9013903,55.6486
0f3241f875b046bdb15dfadd11fc2729.jpg,0,55.157076,27.763945,0,54.341532,26.20063,135.23273,2.372487,0.7387511,0.009416282,0.7025749,0.90487516,2.372487
0f80ba53bf6d477696860d342fca8b27.jpg,7,39.604502,16.69146,7,46.171858,13.020062,788.9094,362.2109,0.67585784,0.025512159,0.6594598,0.74144983,788.9094
0f9338e522a94ea4ab4de3636c5f43e0.jpg,2,38.87021,-1.778505,2,38.743157,-1.682322,16.402788,6.431759,0.92144394,0.037376642,0.9109882,0.96326673,16.402788
0f96e27a49454116b6b3f8ce84252f48.jpg,4,49.249601,2.586671,4,42.89183,0.37322,727.19366,184.43758,0.63389593,0.008460939,0.6289507,0.7729304,540.37103
0fa44b8eaece47ffa111d81b15f4109f.jpg,1,51.718028,7.936039,11,40.391804,29.456193,2070.9673,1039.3424,0.76471984,0.012052298,0.7422938,0.8587701,2048.7366
0faeff6bd8904c02a80e663bfc58843a.jpg,2,36.724255,-2.871589,2,36.701668,-2.717626,13.951946,0.755424,0.75751615,0.02104956,0.75412774,0.7835336,30.301466
0fcbd36723df443fb8a3c87f6e1ca96c.jpg,7,40.081707,18.120389,7,40.554271,16.271436,165.32726,42.385098,0.64546996,0.009335518,0.65404916,0.6891333,130.04443
0fd7c20a43064a9799722850ae5f5ca8.jpg,3,61.669312,27.24568,9,50.075198,22.174122,1326.475,13.61365,0.64231014,0.0023492575,0.62077695,0.818357,1354.4938
0fd8cfbe19284020b5c20ee921ef27a0.jpg,4,47.006103,5.390624,0,54.516964,25.776136,1650.5189,1138.874,0.5821211,0.0022589564,0.5734434,0.69017756,2336.8577
0fe113ef6897421c9d8948af227e0f71.jpg,0,51.63326,29.090205,0,51.634234,29.091938,0.16135538,0.16135538,0.8175933,0.0035910606,0.79396844,0.9297911,9.437515
0ff79ace2f1544ac804fe3d2cf37533c.jpg,4,48.479253,-4.557957,9,52.69867,14.552196,1423.2393,0.5146504,0.621831,0.022740424,0.60887206,0.7652099,180.26787
0ffe21c87e59451cba54d87756832c62.jpg,8,62.396274,6.193328,8,62.488949,6.871853,36.39451,0.47272578,0.8487903,0.0019084811,0.8205147,0.9618925,36.39451
103530f3f8d74c3ea558f339d3942dbd.jpg,5,58.510924,-4.335503,5,58.505885,-4.34011,0.6209339,0.6209339,0.8894071,0.06234294,0.8725004,0.95703363,0.6209339
103acdb5f5304cf9b337836d655ef3f7.jpg,10,60.604971,17.088789,10,60.343566,16.891008,31.021767,31.021767,0.6361847,0.0040302277,0.6571053,0.7336565,1493.9298
104eb4eae9a34904a11ed21e571584c7.jpg,9,51.59892,21.47512,9,51.788596,23.387368,133.47614,30.891972,0.67063904,0.0054979324,0.6290306,0.87116575,231.84622
105cc978b7c94ad1b2dba66d7d4683c9.jpg,2,41.732599,1.24984,2,41.363281,0.913832,49.682117,19.224161,0.73239064,0.03621584,0.6942896,0.88479465,49.682117
1075949d583743a4beb4070cb91918ff.jpg,5,51.741735,-4.993446,5,52.553555,-2.913614,168.1797,15.671891,0.8508804,0.049633384,0.8317948,0.932449,178.1786
10b0a4828d0545c9955605fbe290de85.jpg,9,53.387679,23.45866,9,52.681865,22.297236,110.40756,1.097605,0.72907573,0.043782115,0.6990129,0.87059236,567.18555
10c6a71477114b6191e4a74522241c4b.jpg,2,37.696448,-1.701581,2,38.171952,-0.864267,90.487625,10.976728,0.77327645,0.024979591,0.81584084,0.67844737,3202.6282
1140eaf096b44173a4a00bd1f627377d.jpg,3,65.291758,27.485023,3,65.261506,27.538558,4.185001,4.185001,0.8703222,0.0038532019,0.8550841,0.96554524,41.659645
114d0d40c15d446ab60917ce4735d8ea.jpg,10,59.95768,17.29381,10,59.875058,17.397116,10.842475,8.429915,0.80206454,0.0025280714,0.7725381,0.93395436,95.193344
115a47a1e3f84de8bed84e5fbeff504a.jpg,4,48.792682,1.194648,5,51.292805,-0.295012,297.6429,16.844946,0.69593716,0.0145251155,0.6900523,0.80814373,248.57857
1164dfe7ded14ae98c1c9baa0e7fa48d.jpg,4,47.705529,2.533509,9,49.949015,21.651658,1417.4998,44.858322,0.6347525,0.00085663795,0.64615715,0.73218536,285.62967
116bd37950a64df3ba4d15fceb88f807.jpg,6,63.984565,-16.874918,6,63.965004,-16.861116,2.276938,0.2622192,0.8688403,0.0027554035,0.84629,0.9590414,2.276938
1187cad01f6941e2bd2df7c2dd9b0817.jpg,2,37.983868,-3.810167,7,37.869502,12.493394,1428.2174,72.95255,0.63968635,0.013683617,0.59877455,0.8033335,1428.2174
11b41fa31c004c51b2b38a61a1f8d900.jpg,9,50.475649,22.737598,11,37.217957,40.618973,2046.1647,570.2095,0.70493764,0.014316142,0.71934915,0.7450821,2546.3928
11bc88a242d84449bef178c7ba49cbe3.jpg,9,52.723981,21.322033,7,45.83152,12.600464,992.3667,3.2259333,0.6673673,0.010073066,0.6782626,0.8260462,24.30569
11d5a42a79cc41028bb5f8cbac59a5e0.jpg,8,68.424914,22.325886,10,67.845502,19.516311,132.97757,86.592766,0.8667991,0.014180183,0.8455101,0.96392655,94.47421
1219c9a3abc64558b989cb65965f5f9b.jpg,2,28.88029,-13.832304,2,28.884392,-13.832873,0.45947433,0.45947433,0.9311751,0.117319286,0.92124355,0.9709013,0.45947433
122de2354784475e9bd58dd095cb1e3f.jpg,10,68.233621,19.565903,10,67.915536,20.094808,41.632023,2.5290656,0.7306217,0.0048339963,0.7095574,0.81487846,41.632023
123f8643cb34457fbb7e122dde3357fa.jpg,11,37.577486,38.946254,11,39.160735,31.809945,646.36884,0.6543934,0.7805202,0.0020691752,0.7599361,0.93098414,220.51405
12513a1961034056a2df9e20982ac577.jpg,10,59.07098,15.866333,9,50.688506,22.983528,1035.9943,207.5571,0.7176817,0.010752678,0.6913618,0.8229613,1035.9943
12a6c57904834e9d89674b74d52abbd4.jpg,4,49.241383,0.099733,4,49.252915,-0.69172,57.46393,30.263115,0.6779318,0.015136838,0.6668265,0.79088825,157.96248
12ea831ab2fc44209ec4923d1d2b2202.jpg,10,56.671232,15.545416,3,64.384379,29.050382,1127.3796,95.883415,0.8167008,0.008507252,0.8123607,0.88903666,537.70856
1302d6b04d5b4f0ca17fb063b9bcffbb.jpg,11,37.028802,35.442698,11,37.028163,35.4501,0.66091394,0.66091394,0.73710036,0.023116231,0.72339547,0.8199462,36.783077
13395d1584e9424daf4e110e2cac52f8.jpg,1,54.168597,8.906091,1,53.8256,12.138375,214.66783,27.198273,0.71593684,0.0028082132,0.6982255,0.78678215,214.66783
133ff497e88e48ca8c93f0308ba886c9.jpg,5,57.557649,-2.833036,5,57.554154,-2.834662,0.40054858,0.40054858,0.7521564,0.064983726,0.74368787,0.7860303,0.40054858
134fd3c4fad742cd890827d26d004e59.jpg,0,52.211135,31.538348,0,52.211255,31.537906,0.03293931,0.03293931,0.9535724,0.0072284937,0.94967264,0.9836476,1.650612
135b104a47c54fa4a89675284fae51e0.jpg,10,56.879623,13.806792,1,51.476377,13.138438,602.37885,0.49961048,0.70727706,0.027660787,0.68672407,0.7894887,602.37885
138d3acc821d4b3899b6c329d7714c27.jpg,4,43.942444,2.167756,4,44.089259,2.294419,19.211956,19.211956,0.7741646,0.026288688,0.7574889,0.9020481,357.02283
138e1896898d41758522ee55cb539ac9.jpg,4,42.469961,9.229454,3,61.12339,24.665995,2316.5413,263.25272,0.64565754,0.0022676587,0.61510366,0.76787317,2316.5413
13c1b39e68d6402980906e260491e40e.jpg,9,50.008563,21.832757,9,49.595965,20.583141,100.734924,89.06439,0.60968053,0.016545832,0.61913216,0.6713676,1248.3899
144ef71d46d04f5ab012ec70e63bd8b8.jpg,10,60.223352,13.471216,10,60.237818,13.456887,1.7925574,0.07084302,0.8227732,0.015250146,0.8068434,0.93096733,134.04633
145bd530daac4edf8976bdbbd7b20a66.jpg,9,50.410322,23.428899,9,50.408685,23.429446,0.18610787,0.18610787,0.8067602,0.022824287,0.786927,0.88609314,0.18610787
147a85570e184947b56270d286497411.jpg,6,65.093892,-21.089613,6,64.822637,-21.388155,33.274513,0.1260706,0.82058245,0.0040884614,0.7938343,0.9275749,33.274513
14a268a014574ee3b563d0e173addde7.jpg,10,57.37232,13.478941,10,63.096906,15.191861,643.4715,93.5228,0.7000433,0.0007997751,0.6932986,0.82289904,534.9627
14b2adee5e47469daad9b49b0663a038.jpg,7,41.718049,12.82136,7,41.754373,12.913302,8.632199,7.8452926,0.67496955,0.008408368,0.6646091,0.7565996,10.745817
14d197c36a1645458987e23207dd0536.jpg,6,64.260494,-15.553084,6,63.982617,-16.871888,71.071075,9.891939,0.84345806,0.016853392,0.8294488,0.9144058,9.891939
14e5cab3aad84a89b802472c25af3b93.jpg,3,65.515081,26.775105,3,65.430789,26.861558,10.18703,3.906865,0.8668356,0.009777129,0.8449129,0.95452625,10.18703
14ef06351b6a418d81fa39a6eac6f8b4.jpg,2,41.434733,-3.677443,0,53.706641,31.740746,2945.334,36.60831,0.68853325,0.008158386,0.70384735,0.7020454,2895.2034
152dc4ab352f4843a3150001026ef525.jpg,5,52.413651,0.723316,5,50.33687,-5.120444,466.54166,41.595688,0.83487856,0.00479728,0.8123198,0.9446588,125.30929
152e6c2bff394bd295c3e209dbce401f.jpg,3,66.341746,29.083927,3,66.096795,29.145661,27.377634,13.2513895,0.85447764,0.01026845,0.8357589,0.9602646,155.3639
15656ecaa26c44fba6fd9ac590dc2d70.jpg,0,54.365033,29.165801,0,54.513904,30.500189,87.862785,3.9484549,0.9101373,0.023938179,0.89601576,0.96662354,87.862785
1585ce8c2805411cbdd5fbbe0f14b610.jpg,0,52.2617,25.68012,0,52.476774,25.571403,25.028286,3.187948,0.81395024,0.030887723,0.7882382,0.91921055,13.105512
159ef78cd3dc4f7f88d2c06838faa98a.jpg,10,64.344933,14.714131,8,64.43191,14.315848,21.448147,5.7649665,0.8556339,7.6532364e-05,0.83810604,0.9323797,5.7649665
15c45a20066941d296bc1b4dfbf64b8e.jpg,2,42.737937,-8.852663,9,50.200852,19.78557,2327.3586,1103.1967,0.6452947,0.008594334,0.6403903,0.7283783,2372.0974
15faa75e97aa4e8ca415d4f65fb9ae90.jpg,1,53.100093,11.560021,1,52.842536,11.331514,32.470486,16.708826,0.8302628,0.072027266,0.8350258,0.8112104,32.470486
162c790b10204e2d8d32e3cf3a9d38c7.jpg,9,49.652752,21.183051,10,60.236904,17.459465,1200.2103,52.194527,0.6074817,0.0035338998,0.5798588,0.7179735,1200.2103
164852ef1795466ea7d74c893a4d82fd.jpg,4,42.738458,-0.00898,8,61.801527,10.223131,2224.8782,176.627,0.66214913,0.004478216,0.65889394,0.73696923,2044.4448
16548bc111e9455aa749b24d5154dfdd.jpg,1,48.085524,8.341286,1,47.486674,11.227253,225.64838,17.50159,0.67003363,0.010687947,0.6535648,0.7542267,121.81813
1676135727f14b59b794380065e4b7c2.jpg,10,63.04808,16.777316,10,62.964914,15.849462,47.732964,26.844637,0.9073833,0.043388546,0.90116185,0.9322692,47.732964
167dc89624984ba8aa0c94d2143cdf85.jpg,3,63.065591,29.85433,1,51.139887,14.269294,1616.9182,991.46185,0.7086415,0.044985294,0.67829424,0.8384528,1276.1564
168036b40cd349549bd027410ade00f6.jpg,3,64.745671,29.484226,3,67.541653,27.919456,318.73856,10.540051,0.87272376,0.04006833,0.86637604,0.93766224,286.79337
16a1d346e3df408ebdaf259e5274b398.jpg,2,39.358193,3.226798,4,48.342153,-4.576636,1177.3644,2.4035714,0.66864383,0.054676294,0.6504074,0.7415897,1177.3644
16b2c929d3bf4df49c5da8203ed5e688.jpg,4,46.348986,0.186287,4,44.360411,0.716375,224.96417,88.550446,0.6158457,0.0036402345,0.6073628,0.7592665,1614.0051
16cdb50621cc45e083390bdfadcb0b7f.jpg,5,54.902655,-6.313013,5,54.47734,-5.980135,51.90687,1.844572,0.7332173,0.0047320724,0.7004838,0.8641512,51.90687
16d7f13dff7842a2aa30932ea49bd705.jpg,8,71.115155,25.700046,8,71.115056,25.700177,0.011975419,0.011975419,0.9819023,0.038383424,0.97856677,0.9952444,0.011975419
16dab81368634a3fb08e632c1ba6d30a.jpg,1,53.997436,11.540971,8,60.628291,9.900202,743.812,112.97236,0.71013594,0.0030640364,0.7077188,0.7755976,540.473
16daddea3be04d5f879a0845bb35ff9f.jpg,8,58.492973,5.90957,9,53.463383,15.645853,822.98553,541.5437,0.7256699,0.0016852021,0.699769,0.87021875,815.1953
16dc5bf774744ac8b4239150c97ef086.jpg,6,63.630728,-18.436014,6,63.628521,-18.438774,0.28072554,0.28072554,0.9731282,0.023733914,0.96923983,0.9886816,0.28072554
16ff9a7df063410a86b6bbcc735da683.jpg,3,67.328666,24.907612,3,67.326915,24.907221,0.1954225,0.1954225,0.9390618,0.0017123222,0.9270172,0.98724014,0.1954225
170c885e899149c79852ca65beb489b4.jpg,5,57.180236,-6.063209,5,58.4826,-6.263755,145.30215,16.887959,0.73804426,0.000883162,0.7052046,0.8934621,146.49152
17133ef5675446898e4810c0b918e9b7.jpg,1,50.036314,6.259586,4,43.802707,-1.379171,902.937,1.7474163,0.7329836,0.0005286336,0.7284206,0.7512354,902.937
1763ab04bfbe4e7fb386c291ee5d751c.jpg,9,50.488038,17.569168,1,49.241265,9.972794,561.56866,51.393158,0.6560562,0.021445692,0.67230463,0.73992443,413.11548
1785d752c03e4f3d84ca5860349ddfbc.jpg,11,37.305185,27.90911,11,36.327722,33.431529,503.38565,79.89567,0.7013515,0.030530334,0.7210791,0.73621,207.7955
17dadfd993004d13b9c3314fbe37ca73.jpg,11,39.740129,42.940702,11,39.740085,42.935207,0.46986833,0.46986833,0.87828064,0.027268887,0.85586256,0.96923935,68.77182
1807c1a436f1436fbbc47edefe3edb30.jpg,6,66.055791,-22.987464,6,65.978138,-22.934358,8.962029,3.1231754,0.9176878,0.0022808313,0.9042024,0.9808659,6.038078
180c1d4c8a83496286e5ca106066acd5.jpg,1,48.817568,8.427473,4,45.003865,2.025047,644.8547,6.7998466,0.7278133,0.0050165653,0.70559514,0.84923923,849.42847
1816d30402784694b5506062b9fbea52.jpg,3,66.272711,26.136948,3,66.241346,26.162633,3.672323,3.2452245,0.88199127,0.002987802,0.86422974,0.95652634,3.2452245
185147732f4c4fb9813018fb7742020d.jpg,9,54.686765,18.189703,9,54.679728,18.19492,0.85131574,0.85131574,0.6609123,0.046548784,0.670341,0.67510724,396.28986
1851ad0c53fb488cb7c7d00b04acac9e.jpg,8,66.658311,16.162488,8,66.659162,16.158711,0.19142462,0.19142462,0.85560274,0.021941304,0.8362665,0.9329475,0.19142462
189f95a2d3c549698b8f7de988e16576.jpg,7,44.895477,12.46186,8,58.379656,6.115144,1560.3522,41.065147,0.65130925,0.00863421,0.6626346,0.7436643,177.93916
18a1c4cbac164c78bee0379ee474623f.jpg,0,54.561715,30.453413,0,54.554917,30.455503,0.76782274,0.76782274,0.7728997,0.019212425,0.7568987,0.83690333,0.76782274
18ada711e7194cd3a78530e37589a807.jpg,7,42.58768,12.706383,10,60.343566,16.891008,1994.556,293.17065,0.6617896,0.018011808,0.6397228,0.7684969,3131.0828
18c3c17653714856a79a131b44c03333.jpg,4,45.37206,-1.078116,4,45.374621,-1.08086,0.35642192,0.23634465,0.8310847,0.01376164,0.80124295,0.95045185,0.35642192
18cbfc8a99104a39b665d14e240b421c.jpg,3,68.322471,23.02829,8,68.335733,22.928728,4.346006,4.346006,0.9390406,0.016680181,0.92921674,0.978336,4.346006
18d34be8d3914cddbb046e82ffb41258.jpg,9,53.120276,22.122432,9,52.681865,22.297236,50.13919,50.13919,0.7689951,0.06295359,0.7687043,0.81756175,478.94965
18edda6b502b4a989b7e8209e61a2d44.jpg,7,41.394715,15.703408,7,40.534118,17.482498,177.39828,0.8852322,0.8115579,0.009975672,0.7819395,0.9300311,177.39828
1921b24da63945a3a4bfb794eefc6a67.jpg,5,52.098253,1.288018,4,44.227046,4.80048,912.9043,510.45987,0.66030204,0.02202344,0.64239275,0.7319391,912.9043
1925c4c4c4df415dbb6ee0d623ebe67e.jpg,4,43.816474,2.16958,4,43.627323,-0.928263,249.81789,56.606377,0.66520596,0.011451185,0.69379914,0.6669599,624.3019
193d853305c94ae0b94546413139167e.jpg,1,48.50283,8.429962,3,62.138249,28.550666,1962.7823,998.6889,0.62168634,0.019156098,0.6236473,0.68126726,1446.6025
193fb7af25ec4174aef778bcb94d12e5.jpg,1,50.557983,9.453182,1,50.704711,9.929686,37.359505,20.125814,0.7623586,0.0013208389,0.7491898,0.8414992,177.6758
19bcf4b95b534268be28266f54a3302a.jpg,11,38.454776,27.312721,11,37.84027,27.245945,68.579094,36.26806,0.73832005,0.0014822483,0.74003863,0.779278,2739.7944
19d33960009c42f397ecc8d1e486641e.jpg,11,37.088518,33.255519,11,36.935248,33.27189,17.104746,16.080612,0.8121297,0.010674059,0.79479575,0.9230776,63.94521
1a066a1e75b845faa4da86c89327b1de.jpg,4,43.137602,-0.085371,9,53.92782,14.903873,1623.6838,127.06594,0.65402055,0.002731979,0.6225633,0.7798493,1623.6838
1a0b9e79bd4c4ecbb7fa8e63f2091c5a.jpg,1,53.761078,9.072355,1,53.759318,9.07934,0.49912447,0.49912447,0.8332718,0.08140367,0.8466892,0.8289525,14.805148
1a36a77a3aac441ea2aaf9bf934ebab5.jpg,6,66.081104,-23.07704,8,70.421992,25.157465,1986.8424,11.936286,0.74232286,0.0018694401,0.73366404,0.83149016,2000.6558
1a4122950f144592a5c3870d02ef31f3.jpg,3,66.107047,24.811739,3,66.106675,24.810967,0.054036275,0.054036275,0.9387901,0.0063530803,0.9270886,0.9860929,1.3939636
1a817ee32f934991b992ed1b71efe65d.jpg,5,58.54212,-3.897708,5,58.501556,-4.579551,39.84588,12.5199795,0.8192635,0.0058820844,0.78713465,0.95409095,32.80364
1ad2451f7b99422aaa5620b61400813f.jpg,10,56.598384,15.087387,3,61.91961,28.575552,965.3189,158.78726,0.6822913,0.0023175478,0.6878639,0.815313,592.275
1b0904044b344722bff1e9364a550025.jpg,11,38.443551,42.320676,11,38.371668,42.799228,42.457123,1.8980653,0.7139485,0.02754122,0.75150406,0.7478205,2828.0076
1b1ed3b270c440f78ec086bc0e47fc18.jpg,1,50.49465,12.382914,5,52.078732,1.336618,787.2974,728.57904,0.7225024,0.0071929097,0.707742,0.8553909,982.70557
1b39392ed708442c8d566ef9ee2f60f0.jpg,9,51.900117,20.21935,1,54.537353,9.897974,746.2406,65.038635,0.7382028,0.0031464696,0.7488985,0.8495991,487.47736
1b6d941f27374694b5c70a5e9b147eb1.jpg,8,62.016135,7.359863,7,38.091016,12.7497,2685.8909,6.763553,0.67692983,0.013852835,0.6549766,0.801447,65.670555
1b7bf7f2f59b4f91ad34fce05b25b6dc.jpg,11,36.81714,34.566285,11,36.817293,34.565584,0.064678766,0.064678766,0.73277134,0.038048983,0.71533287,0.8390198,129.16933
1ba2ac638c384a01b3c05aa5263a623f.jpg,11,38.457435,27.32656,2,38.094182,-0.712794,2438.4434,36.389496,0.77572376,0.00017619133,0.7976207,0.8521663,76.48003
1bbac00df7fe4650baf9657bb53459a8.jpg,9,52.242688,21.261324,9,52.116149,21.240248,14.143707,14.143707,0.64766127,0.0068846345,0.63551617,0.76794636,151.66093
1bbf4ed3565c47c1838e761a1df30d31.jpg,9,49.876104,20.242047,9,49.654955,21.269644,77.79295,25.985823,0.7221158,0.036913395,0.74433804,0.7757951,1560.4503
1bc8345cbe3746ceab9fd0366512e2ee.jpg,6,64.835651,-13.811599,6,64.838096,-13.807728,0.32773575,0.32773575,0.93590134,0.017126203,0.9242542,0.98248976,0.32773575
1c02335e81274f6b847ab9576b81b242.jpg,9,53.584296,16.220974,9,53.002843,15.012551,103.10328,12.129317,0.68931293,0.009361029,0.6958307,0.7172061,1998.0844
1c103957bd6e4701affc7e1f5f108573.jpg,5,50.258712,-3.82438,9,51.707041,19.483812,1632.5399,758.6933,0.6056527,0.013669908,0.5720503,0.7436676,1410.9722
1c1e4d667f954ec49a850dcf3b74b0a9.jpg,6,63.831391,-22.504548,6,63.831076,-22.508856,0.21414348,0.21414348,0.9338551,0.033631146,0.9224659,0.9794119,0.21414348
1c436ca621c54ffe83c0183a38b1f8aa.jpg,3,61.314102,28.496846,3,61.647707,28.224475,39.813923,1.9120146,0.81801254,0.010688305,0.7906002,0.9276619,39.813923
1c45cdbe8df44002890b28aa9f64c0c1.jpg,5,52.041981,-1.193448,1,53.440619,9.945042,764.94617,57.612865,0.7190349,0.0024878383,0.7185917,0.8161507,1189.2256
1c522e9fe8794f5a86703c8a03b7518c.jpg,6,63.545892,-19.731498,6,63.684204,-18.359394,69.52355,0.68265575,0.7589514,0.0032315254,0.748858,0.7993251,69.52355
1c53eedb68c4431eb38c3479f8cab058.jpg,2,37.70403,-3.378868,2,37.698318,-3.3798,0.6404172,0.6404172,0.85461015,0.041291,0.834833,0.9337187,0.6404172
1c55200ed2ce4650a516021999c6989b.jpg,6,65.885434,-19.387353,6,65.863942,-19.375504,2.4497302,2.4497302,0.90351576,0.0015981793,0.8849865,0.97763276,2.4497302
1c86e4bbf5554e0fafa012fca2617431.jpg,0,52.387331,25.933383,0,52.541932,25.673427,24.610334,1.8900181,0.87187254,0.0018910766,0.8514228,0.95367146,24.610334
1c9135078c5f4a859c584eca879a2b29.jpg,10,65.901352,16.322517,10,65.864086,16.448039,7.0495534,7.0495534,0.95499724,0.028559268,0.95014715,0.97439754,7.0495534
1ca063a018df496eb57753d26dcabbee.jpg,3,64.82365,27.941439,3,64.824329,27.936259,0.25639522,0.16918911,0.852966,0.060009897,0.8393823,0.9073006,0.25639522
1cc3f0eda01a48d7a176e5852e3fcd15.jpg,6,65.405577,-14.647046,6,65.40495,-14.648295,0.09056442,0.09056442,0.9710948,0.023532271,0.9658624,0.9920242,0.09056442
1ce1d663856e4dfb99e05f0099f0038b.jpg,9,54.163186,22.93154,9,54.146887,22.931552,1.8123688,0.72986984,0.708326,0.06522828,0.72143435,0.680426,495.61887
1ce217c8f85845519758b6122b02ec08.jpg,6,63.44198,-18.750103,6,63.472723,-18.580568,9.091218,0.1517089,0.92690027,0.0036907196,0.91654783,0.9775864,5.951577
1d4868b595cc4158a183639c3bcdb0ae.jpg,9,53.360994,19.775542,9,53.577163,19.022798,55.318577,9.501446,0.73099947,0.002396822,0.72176576,0.81876886,458.49124
1d5d49ad65474e5e8ec3b4c4485b99d1.jpg,7,39.227277,9.125825,7,43.973012,10.525031,540.35156,159.6982,0.6718815,0.015852869,0.6375639,0.8091519,540.35156
1d616ffc2e91453292d1359929dfd1e9.jpg,2,40.019312,3.873187,2,40.017907,3.870115,0.30470237,0.30470237,0.7446159,0.02709055,0.73386157,0.78763336,0.30470237
1d775ecfd43042a9a4da5771b0fed29a.jpg,6,65.799404,-23.442173,6,65.729805,-23.163249,14.898883,6.2404165,0.872085,0.003930986,0.85378844,0.95505226,6.3822913
1d99902ee846469ab7374cf5767cf82b.jpg,6,64.833042,-23.949241,6,64.832545,-23.950144,0.06983841,0.06983841,0.9738493,0.024182856,0.97281605,0.97798216,0.06983841
1db8a2cba3dd47b4861bccf08853186a.jpg,0,53.976447,28.063213,0,54.218213,28.62032,45.19196,7.6240053,0.7874216,0.032966018,0.75736755,0.9076376,45.19196
1dca84ab8c354f2eab3854900eb81524.jpg,3,67.545593,27.918662,3,67.525319,27.939589,2.4233851,0.15717414,0.8911811,0.003160417,0.8706634,0.9733099,0.15717414
1ddc0b6ec5c94214bd133012104aa5d8.jpg,11,38.890409,35.594218,11,38.891258,35.59464,0.10122343,0.10122343,0.92977613,0.07083511,0.91905844,0.9726467,0.10122343
1de6ad5312124fb8bf743b3d25df4f97.jpg,11,36.81889,35.586553,11,36.838576,35.627548,4.254974,1.0698862,0.7139188,0.038367927,0.716381,0.70407,4.254974
1e1f6245faa042c1bbf23907002a7223.jpg,4,48.387093,2.125488,5,54.45838,-3.564052,781.32965,30.418896,0.72047794,0.010379016,0.7232759,0.7891833,30.418896
1e4e4c3d93d94792a1266206d8b82f6d.jpg,9,51.61345,21.292811,9,51.392458,21.773709,41.373672,41.373672,0.745597,0.042220533,0.7772151,0.7269039,744.87
1e5b275771c44f9da0d26fadea189fb5.jpg,1,47.719634,8.322153,1,52.851071,9.176553,573.79913,14.329007,0.7010294,0.029568553,0.7001916,0.7411994,148.31761
1e7c8448d45448c1a1bb5ffdddedf684.jpg,8,64.037518,10.04995,3,62.629163,25.686006,793.7198,0.20028456,0.6701406,0.017702997,0.6800615,0.742257,3265.372
1e8ed4a0b60d4bd1afcbc210dab23912.jpg,4,45.363684,6.519744,8,62.903278,7.482746,1951.272,1415.7198,0.6691664,0.020773828,0.6215329,0.8597003,1951.272
1e986b508a4c43dd83574b45cc1c28af.jpg,5,56.046013,-5.178459,5,52.837641,-1.344528,434.29272,5.9878936,0.7913214,0.003393948,0.76058257,0.9235796,413.6239
1ed6ff2c50c74d889dc7a3fbc50b45b7.jpg,1,52.085159,8.867817,11,39.557206,40.037589,2757.3506,562.4765,0.7115509,0.0045081377,0.67832375,0.8460481,2757.1465
1efe36b5d935430abc99e99e5b1f00b6.jpg,11,37.227253,39.796071,11,37.223707,39.870056,6.56251,5.652973,0.79983926,0.03892219,0.78937596,0.8540684,81.408775
1f4070189152482dab6a5a136fb0f8e8.jpg,4,44.152966,-1.298368,4,44.025512,-1.327789,14.365731,3.5780401,0.80199784,0.055181324,0.77906036,0.9100696,39.480103
1f44452f85574ba68bc0d9b3669e5db8.jpg,11,38.706093,35.454596,11,39.113367,35.665832,48.835964,2.242362,0.7100324,0.0123048425,0.673218,0.88538826,23.28762
1f90a5d2f9454126bf4f46f6de2dff0d.jpg,2,42.791363,-8.121592,1,49.702115,8.963045,1516.8549,1420.3191,0.7649856,0.023425937,0.7523578,0.8690952,1811.7399
1fa631746d5b443e904da986bb21ad94.jpg,10,65.159919,16.557663,10,65.340937,16.04993,31.045166,16.74098,0.9287364,0.000418365,0.920771,0.9605979,31.045166
1fd5d17c142e40398659d8581a29748a.jpg,2,38.444642,-2.770463,2,38.922759,-2.947073,55.33023,21.71299,0.81873965,0.020529866,0.80865383,0.9166741,184.87265
200b6e583d0c4415b628b629c8784a32.jpg,6,63.990751,-16.391287,6,63.98095,-16.408107,1.3640411,0.57713574,0.88977116,0.010677159,0.8817935,0.9216819,1.3640411
2011d99bd9b8446ca2397730c7b5f52f.jpg,6,65.837072,-19.355966,6,65.907205,-19.396411,8.0122,2.6098073,0.9109098,0.010005474,0.8949981,0.97455657,8.0122
20338f46c9f249e0a5f2a08935b90ede.jpg,9,53.026707,18.565428,0,53.073406,30.526977,798.61334,120.959946,0.6249491,0.009267151,0.60297215,0.8098421,381.1231
2039fed113a04d7f89034f4a12c64e61.jpg,11,39.039094,34.550869,11,38.73468,35.57489,94.874916,17.843273,0.7134041,0.002843678,0.6983224,0.77413416,101.87219
205b619be35b453b9de25f1caf63d432.jpg,6,65.941434,-18.130607,6,65.948285,-18.151452,1.2136621,1.2136621,0.8514256,0.0028945804,0.84561646,0.9461566,42.00345
2081af566dc14fa4828464a253364006.jpg,6,63.701118,-20.213115,6,63.69813,-20.208479,0.40318748,0.40318748,0.9243587,0.048571408,0.9185281,0.9494858,10.703849
20accffb199844758d52f1c3ddca1855.jpg,9,52.565391,21.783652,9,52.410689,21.622174,20.382736,16.040686,0.6634851,0.012643874,0.6428102,0.7851504,16.040686
20ca9a0528bf4fa5aa8ed8f17ea0bdd3.jpg,2,28.126868,-15.470195,5,51.565305,-0.556271,2887.7766,0.047361173,0.64256203,0.0085065365,0.6876814,0.6687737,0.047361173
20d5af3c1c1a4eed9fcce19a40c0fc03.jpg,11,40.688809,39.115992,3,64.70118,24.817844,2823.0935,360.90872,0.65875137,0.03907031,0.64841497,0.7464237,2133.1318
20d6cdbe80ef4a37808eccf72c77fa7d.jpg,3,65.501672,27.952634,3,65.506142,27.969896,0.9383228,0.9383228,0.920087,0.05262059,0.90773636,0.9694894,0.9383228
20e81622314d422fb3e77b16c496755f.jpg,7,43.554193,11.549508,7,43.523567,11.589749,4.703037,4.703037,0.7279253,0.018394291,0.756143,0.7156093,47.06504
211b982fd1f04d2a93d0082cd973fa52.jpg,2,41.910771,2.852126,2,41.951466,3.091191,20.287367,1.5391729,0.7309473,0.02054137,0.7116004,0.8214278,14.440588
2128688ee5d64d76ac9494b73dfcfd77.jpg,5,55.42234,-4.718821,5,56.676738,-5.24017,143.18985,5.97336,0.7694939,0.019588351,0.7482054,0.8922786,5.97336
214af0c883ef4058b7e280a7cf783f07.jpg,10,60.978921,16.415239,10,61.487966,15.834431,64.5742,6.4872236,0.81184167,0.0015784502,0.78455293,0.9294542,78.39806
2153389cb20c4fed93d65793e73c0634.jpg,4,41.906117,8.67474,2,38.094182,-0.712794,904.2951,55.199574,0.7661571,0.029000878,0.75662196,0.87712187,227.30847
21873e2f09b74821bf9209f83e8ae593.jpg,6,63.64331,-20.054867,6,63.639137,-20.047058,0.6032768,0.6032768,0.92028344,0.03373134,0.90345377,0.9876021,0.6032768
21abfbebdb4f4007929e840c02c50fb6.jpg,3,65.869549,24.118966,3,65.903662,24.10041,3.885735,3.885735,0.89670837,0.0565964,0.8864999,0.9375423,3.885735
21cf108094064c6eb61e1b18cf71dc1b.jpg,3,60.305007,23.805664,3,62.560859,29.889508,409.07275,4.384896,0.6239567,0.0022687912,0.59321535,0.7736639,59.118343
2202039b53ba4702bcb7440dda08a517.jpg,5,54.993113,-3.620875,5,57.81025,-5.05747,325.46582,24.857132,0.7190343,0.008135319,0.7137152,0.8534286,72.4261
220b4b1a61c246b0ac0030811267ffa3.jpg,7,43.309292,13.639213,7,43.313828,13.639389,0.50458187,0.50458187,0.76267457,0.035034537,0.7619113,0.8908373,1610.2814
2238967145884c64b6dc60966f551776.jpg,4,43.951631,5.046759,5,52.09825,-0.927417,1008.1246,493.49408,0.6027962,0.0004476905,0.55600744,0.78995126,1008.1246
22a113708b3c47a98a22f27bc34aecb8.jpg,2,43.420479,-8.135647,3,63.069429,29.835529,3257.1475,1511.2502,0.6239281,0.01865971,0.6074804,0.75020087,2976.9502
22bb33e9ed2c4f16b7099447c6374d48.jpg,2,41.877716,-0.768746,7,40.558185,15.391558,1357.5785,632.12634,0.6744818,0.011584163,0.6355888,0.83005357,1357.5785
22d7848683f74f70a837f81838a28a95.jpg,8,71.00961,25.894459,8,71.014689,25.887393,0.6199249,0.6199249,0.8964696,0.021926284,0.8750698,0.98206866,0.6199249
23032ce3bbb24e62aa15233b988c9a6a.jpg,2,41.973599,3.028578,2,41.947239,3.124821,8.480532,0.5390543,0.7917751,0.027615368,0.7582688,0.9258003,8.480532
232aba3e15ae412899b369ad8216348e.jpg,1,49.967649,8.798602,5,54.481078,-6.545998,1156.219,38.111053,0.6719959,0.020646632,0.6618806,0.79447716,624.1307
2353a1b6ee934471af7c693149538e18.jpg,11,37.582785,33.942038,9,49.979629,22.021666,1673.6055,71.311195,0.6634893,0.0035654902,0.6667065,0.76042145,725.8202
23541eb6cba6443e80d96530c23cdb4f.jpg,5,55.778002,-3.531607,5,56.001638,-4.390912,59.071938,4.3349605,0.71956134,0.045308113,0.67542434,0.8961093,59.071938
235577a1dea8491da64fd108815848d8.jpg,4,46.188391,1.933822,4,46.002457,2.193933,28.805096,11.256631,0.7077069,0.01857388,0.7248185,0.69807684,721.1271
23e2662e5462485082b679682e4b35cc.jpg,5,52.29573,-4.169121,5,53.12849,0.302474,315.07516,142.53915,0.7300422,0.020255268,0.7263214,0.7449254,315.07516
23f648fae75f489793c6d3f99e1f08f1.jpg,11,40.87746,26.479525,11,40.875985,26.518914,3.3157582,3.3157582,0.8563269,0.10004538,0.84205955,0.91339606,3.3157582
23ff4acb02144b719bbba50203a9330e.jpg,8,65.358313,15.047887,10,65.045315,16.986365,96.86935,46.261906,0.8581626,0.006157458,0.8626178,0.9076314,136.30731
2441cdef3938476198b2608d5e698923.jpg,8,62.470196,6.117704,8,62.4708,6.185923,3.5067554,0.33956462,0.77032995,0.014249623,0.73286957,0.9201715,3.5067554
248013295aa04465a569644b8f0a2659.jpg,7,39.288427,9.134572,7,43.884048,10.318876,520.39966,3.6389844,0.7600089,0.0394035,0.77398133,0.72304785,526.37805
24972c1615264aa5b4855dba3ff368d8.jpg,9,52.165458,23.394654,9,52.105639,23.540185,11.954112,11.954112,0.7589959,0.010791779,0.772669,0.8311511,1005.6953
24bcc3fbda154f59af25e4b3f75fba45.jpg,1,54.564042,9.837347,1,54.531682,9.825026,3.6849744,3.6849744,0.8132491,0.07633364,0.80448496,0.8483056,3.6849744
24d8dbd0fe9c433bb35b69f672a2eb11.jpg,5,53.505997,-2.347863,10,62.185213,14.176863,1366.4734,14.343016,0.6084038,0.019126534,0.61978745,0.6798602,265.27185
24da27c6ea6940fa80ce4a635be29966.jpg,0,55.234733,29.962289,0,55.228763,29.98036,1.3242807,1.3242807,0.93763757,0.014102519,0.9283648,0.9813982,4.7461987
24de907b02074f2487f182107cf43fd7.jpg,3,64.259673,29.564288,3,64.25024,29.540679,1.5493512,1.5493512,0.6705267,0.012287855,0.68480325,0.7080956,1344.5398
24e4bbb4334d43dc92755e4b17cd79cf.jpg,10,61.661723,16.059412,10,61.662931,16.058988,0.1361751,0.1361751,0.9034575,0.057226777,0.8905777,0.9549768,0.1361751
24f64f9e272443638eb3d68d56459196.jpg,4,47.33422,1.985384,4,47.334217,1.992622,0.54545003,0.54545003,0.75864315,0.07464415,0.77182907,0.7248313,36.62402
24fbb9a66aa84b4b9d2fec1b6274943d.jpg,5,57.252408,-2.061555,1,51.028986,7.263377,919.1534,32.69751,0.6978039,0.03420174,0.7115638,0.7422584,760.6666
251feb01ae89484e8c8e67d382fe9a06.jpg,10,56.564804,15.897156,3,61.940198,22.786027,713.7467,157.82794,0.75645554,0.0023810863,0.74639535,0.84887314,721.6376
2535ff90ba4145fc8ccba3dceed628a4.jpg,6,63.657997,-18.41391,6,63.646774,-18.419041,1.2733729,1.2733729,0.9431956,0.035852075,0.9365845,0.96964,1.2733729
2551a3bc1525459c9a351970ab484570.jpg,3,67.997382,25.181752,3,67.996322,25.181564,0.11812673,0.11812673,0.9554344,0.008168459,0.9467528,0.9901607,0.11812673
25744a896e4941d697457403c57f4184.jpg,9,51.31431,23.130998,9,50.797647,21.165974,148.86674,5.2734513,0.72607774,0.0069402456,0.7098504,0.7909869,148.86674
259dc057949e4eafa20bba2a6be1ef5c.jpg,2,28.409751,-16.5097,2,28.279178,-16.816588,33.358616,6.8066654,0.73920584,0.0077620745,0.74919796,0.7720077,40.707485
25a472cff68a497f9d00ef9ec5299b04.jpg,1,48.227792,8.167681,11,40.993334,37.875734,2467.1929,230.27399,0.63667834,0.0014762878,0.6304549,0.74737656,2438.3516
25ab8396ef7f41b784c54f48e25ce100.jpg,8,67.162673,15.48651,8,67.102071,15.470053,6.776062,0.86092436,0.83647996,0.020778894,0.81590384,0.92674696,2.1174772
25b7ede6b51c4fb59cc8b2ff90c2fed9.jpg,10,67.143007,20.794396,10,67.139484,20.799931,0.45893523,0.45893523,0.834076,0.01054275,0.8131273,0.9483465,220.27928
25d7897b3e6d46c58e1a41b6b6ff9882.jpg,10,58.188564,13.593602,10,58.706896,13.896556,60.271202,11.1160965,0.6640537,0.008347154,0.6595788,0.69388735,288.4596
25f1fb4e90ac4216b2fcbc6cf1bd8f36.jpg,7,39.010358,8.38455,7,39.003166,8.396459,1.3032334,0.040862616,0.7588533,0.0070563555,0.7342404,0.8766687,3.2575862
2600b0bbbaab45a195b5608b03de18e1.jpg,1,52.00415,12.269366,1,52.589458,7.395857,337.67685,32.236217,0.7164792,0.007345915,0.69309336,0.8100223,337.67685
263d5457f27a4122ae6c4fc6d56126ab.jpg,2,43.345176,-8.308373,2,43.728035,-7.716684,63.931232,0.37634614,0.6889835,0.0015615225,0.679406,0.77613884,66.59319
264e4fe27cd747e397fbfde6ee7c8594.jpg,2,38.70182,0.081773,11,41.518424,36.005967,3049.041,13.593871,0.69121295,0.0006798506,0.6755336,0.7539301,3049.041
265d56b9e44441e1b205c03146af13a5.jpg,2,39.596871,2.653853,0,53.222774,29.099408,2506.872,257.20923,0.73345643,0.0014815927,0.71798843,0.8249191,2637.6228
26717c06d88c44568169ddfa4200295a.jpg,6,65.549995,-22.423803,6,65.53059,-22.41357,2.208577,0.96683437,0.912843,0.032931745,0.8981025,0.971805,2.208577
26753a3f90cb4b3987d2fd8576064f99.jpg,10,65.66057,19.843686,10,65.980633,22.866528,142.18518,28.117521,0.7929013,0.018623054,0.77164847,0.9004163,167.45064
26c950d11f9f412cbda7d52102206ca7.jpg,5,56.436811,-2.912038,5,57.327991,-3.698684,110.015175,21.223171,0.7787978,0.0012317896,0.74695766,0.90615845,110.015175
26d950554952476b811a43c819b4157a.jpg,8,69.202923,23.681219,8,69.206448,23.687687,0.46779692,0.46779692,0.8673228,0.014587641,0.84472215,0.9698588,24.616655
26f3e40f07bb4450b7dbe5c4a401434a.jpg,11,41.067639,36.050452,11,41.290533,36.218134,28.481966,3.9946504,0.86017096,0.058184743,0.8350243,0.9607574,28.481966
2787f4c1bc8544598ce18ce10a5e5a3c.jpg,3,63.220144,30.400445,3,63.189667,30.520425,6.903291,6.7364655,0.81565905,0.0038211942,0.79502773,0.89818424,6.903291
27c6e79e0e4545379aeb0a88a2c361a5.jpg,4,43.58033,6.520467,4,43.769003,5.406966,91.97641,17.573093,0.6928401,0.044450283,0.68423986,0.74488175,155.43045
280c539a3b5f4749bb190f9842a4a49b.jpg,11,38.321575,29.868116,11,38.199255,30.054815,21.23005,3.7310846,0.7968901,0.010087907,0.78420687,0.91469646,199.25899
281ba86750bc45249654701c8aeefc50.jpg,8,64.926022,14.208947,8,64.479814,14.169416,49.651672,2.5926697,0.8290787,0.007280588,0.80983984,0.9364624,55.786034
281f44e3f5424afe87ae1a5e0976855a.jpg,3,62.929162,23.038082,3,62.928149,23.037427,0.11741625,0.11741625,0.9293859,0.004502535,0.9187405,0.97741294,0.7223725
282b469440ed49a2b7bf8935b2fe922b.jpg,6,65.469095,-20.508172,6,65.464403,-20.526552,0.996166,0.996166,0.92234147,0.024947762,0.9102857,0.97056437,0.996166
284757a25e164e4dad73520894656dc7.jpg,0,54.266668,26.305497,0,54.73364,25.983014,55.944504,10.751247,0.85092115,0.029423475,0.82580376,0.9513904,55.944504
285270386a1e4826a31c89c1b3e10c03.jpg,2,38.328932,-6.046175,5,57.834289,-7.02695,2170.067,1414.8917,0.77449054,0.0065698028,0.74454653,0.8942663,2170.067
288d8d741c89449990a08ce03642004b.jpg,10,63.861694,14.339636,10,64.073764,14.077745,26.821814,2.7031715,0.8576117,0.0059334636,0.83805287,0.93858135,6.1766357
28b11dfafbc1419aa2ad6353c93fd58c.jpg,4,49.38389,0.589043,7,41.429915,15.591096,1463.1669,65.696495,0.70323557,0.019020617,0.7408861,0.64164525,1313.1462
28c7f7b671a942719211534bdefc91af.jpg,10,67.934209,20.064282,10,67.915536,20.094808,2.436912,1.5014988,0.8975276,0.03359765,0.88783985,0.9362783,2.436912
2906ee2314d041d5ac049e3e2a661d6b.jpg,7,40.90686,9.381842,7,40.930937,9.36785,2.924003,0.64863485,0.88967884,0.062095582,0.8745705,0.950112,2.924003
291987d4354e466b9f23248f974a17d7.jpg,5,52.517639,-0.649752,5,57.783214,-4.090049,624.77954,410.27292,0.6914493,0.015619397,0.655593,0.8348744,624.77954
29335e3d982e46a195f720c5b7e1805a.jpg,11,36.82829,28.785115,11,36.801284,28.817346,4.1533093,1.6402196,0.75913906,0.058963537,0.7615794,0.8189602,150.08873
29385949383446269d7fa528f68c0a08.jpg,11,41.218404,36.664905,11,41.290533,36.218134,38.199326,11.966679,0.8501012,0.024703622,0.82413423,0.96471226,92.65348
2941224309a94f7e92da65daa5e32868.jpg,9,51.482222,22.082534,7,46.608577,11.579218,936.4895,616.4778,0.6178838,0.06067443,0.6204995,0.7182048,1317.9191
29459b40295b43b7b40d4e4faed6926d.jpg,1,52.17672,10.481295,9,49.3573,19.036121,677.8329,47.956165,0.67862236,0.008413374,0.6556663,0.77044654,677.8329
2964e3c174684e67b3ff0e052e432940.jpg,10,64.445967,21.521434,10,57.31721,18.259045,811.83215,14.541497,0.77943707,0.002690792,0.760034,0.8616771,170.81555
298f78ce987d462bb206a3f244eb720a.jpg,6,66.169234,-18.902905,6,66.078519,-19.052722,12.133217,2.4364376,0.8401603,0.00096583366,0.81091404,0.96685684,18.15573
29cb7e85af4c4c40a382c1068faf8a4e.jpg,9,52.059005,21.261986,9,52.046645,21.271491,1.5202978,1.5202978,0.7192444,0.011489034,0.6816875,0.87589276,102.22113
29efc8ada9364acdab75f86f33c29097.jpg,9,52.357226,20.306168,9,52.389206,20.430847,9.180659,9.180659,0.7633815,0.06380689,0.7835667,0.77261263,938.6168
29f723be586543d6877aece2dc0a440e.jpg,5,51.916084,-4.976004,5,51.892388,-4.970288,2.6639001,2.0881681,0.7230685,0.040019095,0.70882344,0.8814481,423.7451
2a1a2ec7b17840ce9a454fac2f52a03c.jpg,1,50.45064,9.145261,0,54.41224,26.048687,1224.009,0.40649498,0.69286793,0.04893899,0.72880363,0.63225466,1025.635
2a20680a38294c60a2dcd69db731831c.jpg,5,51.889697,-4.970603,5,51.820034,-4.69954,20.163914,0.3000058,0.7835027,0.0475201,0.7609143,0.91626525,147.5901
2a2497e7d87345d8b36fa8d587caa28a.jpg,4,46.198041,1.223771,4,46.204175,1.202072,1.8039038,1.8039038,0.88421667,0.11792159,0.88102496,0.8969834,1.8039038
2a65b65e3df447d283bc2640162084a3.jpg,7,44.607325,8.064191,4,42.108165,8.659787,282.0329,13.723033,0.6549012,0.00466305,0.64903736,0.7297607,459.3361
2a7e298bfa82426e8e8a5259c04664d7.jpg,6,63.852253,-22.431736,6,63.856308,-22.429486,0.4641785,0.3872741,0.8050184,0.13554394,0.8315279,0.69898045,0.4641785
2a7ea52aa12646b383602afc81701cb4.jpg,5,60.777512,-0.826345,5,58.01386,-4.28483,364.26382,0.08981042,0.8260292,0.015259743,0.8175302,0.89202976,373.04602
2a959302707942aeac0867783cec0f8c.jpg,7,40.767958,9.161889,7,40.736772,9.103658,6.0070586,6.0070586,0.9276939,0.010212362,0.91609144,0.97410387,6.0070586
2a9d1c84e9a7429fa903053ff4fb1a85.jpg,11,38.080832,30.26445,11,37.994249,30.289767,9.879615,9.850957,0.8512547,0.009319305,0.8350524,0.94529676,11.652331
2b0ad3a356d6406fb89204f05f68a1e5.jpg,1,52.234691,14.626627,1,51.854688,14.489142,43.287956,24.197937,0.72032344,0.032098174,0.7310623,0.7671403,95.71516
2b18e1fb35584200ba150622ff4b0c82.jpg,1,53.3207,8.485345,2,28.049492,-14.331906,3373.6477,528.6704,0.81188864,0.07134783,0.8168897,0.8032956,587.9838
2b2f2a6cd6854cf2ab600887d161491b.jpg,7,40.032532,15.804202,7,40.113997,15.751762,10.097848,7.611343,0.780956,0.0144479275,0.7618899,0.88168716,9.04731
2b50a6d549d14203a2aa77fee34dac7b.jpg,11,40.729999,39.637411,11,40.912506,40.137344,46.707005,0.40808347,0.6607314,0.067557335,0.67310727,0.6611133,2507.783
2ba905e1f89843d3944528415aa3b116.jpg,9,51.285489,19.610177,7,43.8111,10.727295,1063.8838,622.5589,0.62803435,0.010514498,0.628697,0.7477155,1319.9287
2bd1cb934a9048e68dec773b7725234a.jpg,8,62.471209,6.329362,8,62.468812,6.292679,1.9040987,1.1418767,0.78124857,0.005703807,0.7488446,0.9379232,27.941988
2c0519ed55ab4926bf0a3d4621e4bf9a.jpg,1,47.896071,11.506872,1,51.711139,6.681668,547.36,106.74796,0.761362,0.016071439,0.76627886,0.86377406,622.2919
2c10246615974912bc90682438b736b1.jpg,6,65.037045,-22.542044,6,64.796828,-14.0202,402.29187,7.5977645,0.85080826,0.0066565275,0.8343717,0.9334837,295.55353
2c36e610567945eb8198499f74d26570.jpg,1,50.56257,9.057892,5,55.841474,-3.156091,1000.8895,664.83923,0.71344,0.0027890205,0.6982324,0.79552364,1065.6449
2c3feaec02fc4e0d8da004a25805a8b5.jpg,3,60.631396,23.938559,3,61.647403,29.585908,323.344,11.188802,0.8014108,0.0041353703,0.7818322,0.92791677,377.98596
2c4f622b4eb0425e95b21a5e3094b7e6.jpg,9,51.274621,22.959957,1,50.743487,13.334097,675.55475,28.71255,0.65157294,0.043221653,0.6244447,0.78086376,819.3833
2c58d0657f6546abb7c4d4ab9862b0b2.jpg,2,38.186952,-0.809817,7,39.723141,16.390583,1494.7546,28.280096,0.6379372,0.001521349,0.670712,0.6568384,3501.0647
2c6e00daccdf463ba147361de8804072.jpg,8,69.219644,18.090956,8,69.103028,18.206625,13.750665,2.1746328,0.7748084,0.0039152503,0.75408304,0.8916055,40.656597
2c71e9838127427c8a5e69aadfd32126.jpg,4,47.602684,-0.335128,9,54.632306,17.50353,1463.8484,14.138798,0.7202661,0.033249676,0.7038419,0.81249577,1266.0707
2c732df02a2e426bb9191d2ca021bb37.jpg,1,53.291017,7.742422,1,53.255145,7.797067,5.3956995,5.3956995,0.7710364,0.0107370615,0.7622315,0.82153565,11.048811
2cac8ffeaa0746eb9a9469eb3eb90b1c.jpg,8,66.784095,15.466107,8,66.783132,15.467021,0.114330366,0.114330366,0.8538849,0.09447771,0.8538737,0.86958385,373.8411
2d0dd74c0bae44d5bb9eae575fcdfb5b.jpg,5,52.385138,-1.759115,7,45.899152,11.630091,1208.798,22.113693,0.6646778,0.005532801,0.6468998,0.73602533,64.99539
2d341e3b17884c56a18a36ef0dbcd398.jpg,0,54.591302,29.066843,0,54.583553,29.014996,3.4499958,3.4499958,0.80825055,0.1263861,0.8387114,0.7802772,19.001945
2d35a386dcc04267822086ad89d50af5.jpg,5,53.605684,-0.663562,7,40.563778,16.399935,1932.1715,464.16898,0.6665135,0.011717439,0.6826434,0.7619343,1201.4312
2d361c40fc1c44399b8e0cd1701b6123.jpg,5,51.1637,0.346506,5,56.521364,-3.221892,639.8778,30.562363,0.75395757,0.021123648,0.7440963,0.8281621,769.0458
2d42c7d7db514164b153a04c635c26a2.jpg,8,59.675637,9.635643,3,67.084424,25.081534,1121.3342,59.7586,0.73477334,0.023009539,0.7194518,0.818078,1248.7998
2d5aa113f655469e9575650972d15b6e.jpg,9,53.230998,15.531438,1,49.796686,7.301667,685.0239,57.84959,0.71611327,0.0020073056,0.7079742,0.7559365,175.86362
2d6ed2843dfd45398fe204bbafaef4ec.jpg,0,54.137322,26.550506,0,54.341532,26.20063,32.13292,3.621514,0.7342099,0.04872942,0.6947361,0.8921047,32.13292
2d805b33a95b4a859dc8061a24971b1a.jpg,0,55.149659,30.243115,0,55.149879,30.242859,0.029377569,0.029377569,0.8449103,0.17412329,0.8572127,0.7957005,0.029377569
2da643024076408691ec9d6dcfb32ff8.jpg,10,64.095004,20.754648,10,64.100378,20.752347,0.6079253,0.6079253,0.84623814,0.07229793,0.82882667,0.91588414,0.6079253
2df1e80ec0134fa898037cc0960fd030.jpg,3,62.98714,29.761209,3,63.019146,29.711215,4.362785,4.198729,0.8971223,0.017474413,0.8830642,0.9774021,4.198729
2e261e5f2a734464b8e0dfaf200c4b01.jpg,4,44.187302,6.042735,5,50.186519,-5.122671,1073.6823,849.8055,0.6574344,0.011032879,0.65426916,0.78827035,1376.2136
2e34a356599f48d3ad47d39df61155af.jpg,0,55.862421,28.605279,0,55.858154,28.605743,0.4753521,0.4753521,0.86066204,0.0024270415,0.8407575,0.9731087,2.5236335
2e73f5c4d77a410ba6a9131daf8e8de8.jpg,1,52.212747,8.994441,1,54.377429,8.729493,241.34473,57.069756,0.78000396,0.016266942,0.7727424,0.8116679,265.68607
2e7ce7a6290d41a79fed2e90f5e25a96.jpg,10,59.979023,17.101885,10,59.343457,15.833518,100.343605,2.6567183,0.7973461,0.0058781505,0.7846113,0.88331914,6.3934455
2e9dadae91a34996b706c52fc0c1292b.jpg,3,61.451603,28.429783,3,63.16107,25.913248,230.27676,22.77591,0.73491806,0.011042595,0.72409236,0.7960495,820.9295
2ec5f6324d3e459b80e197e4b13b586b.jpg,7,40.486163,16.302527,7,40.485485,16.303157,0.092317075,0.092317075,0.9423028,0.06562358,0.9317075,0.98468375,0.092317075
2ed55821cb7c4d96a0f36074fdf8c91a.jpg,6,63.980183,-16.409539,6,63.981125,-16.407766,0.13583519,0.11024051,0.956974,0.06063521,0.9534551,0.9710495,0.13583519
2ee15790f73b4fa4bbe00294b8a3d34e.jpg,2,28.535116,-16.198652,11,40.511476,36.146334,4901.664,1398.1321,0.7165746,0.01017499,0.7436361,0.73375523,2985.1243
2ef33219a05f4d3099bad3ac26e39d26.jpg,6,63.861373,-21.901124,6,63.864834,-21.880357,1.0876023,1.0876023,0.9260353,0.005743146,0.9183573,0.97015417,17.827656
2f28aa485cbe478d88c6acca447317f7.jpg,0,51.923326,26.666495,0,51.920299,26.672082,0.50999177,0.50999177,0.92492306,0.07828534,0.9136605,0.969973,0.50999177
2f4517b8652e467897e11a0169980faa.jpg,3,68.348476,27.393953,3,68.385087,27.409191,4.118609,0.318605,0.9193685,0.0018821955,0.9038461,0.9866626,0.7952014
2f49aa0285f745fa841e677fb86d4837.jpg,2,41.642954,0.902941,9,50.976933,22.312752,1933.7286,906.1413,0.67459977,0.009919941,0.68224835,0.81133306,1730.1053
2fef4c4b48994794a78823b02975060d.jpg,11,41.032906,39.026845,7,41.876557,12.378809,2213.8557,121.59143,0.6749787,0.022007048,0.6611611,0.7775252,2202.091
300e5810fb6d4045a1654b8d758cf40f.jpg,5,50.552351,-4.7217,5,50.544111,-4.72749,1.0034307,1.0034307,0.8935978,0.013211012,0.87784666,0.96348584,3.5578654
304c4c5925c8451ebbc3185cafd56498.jpg,10,63.894731,15.282526,10,64.400648,15.64695,58.965008,1.6865826,0.8248907,0.043517947,0.8047192,0.91886663,117.24924
30686c35b76c4977864c2251d7fdfe7b.jpg,9,50.746038,20.947442,0,55.590397,28.572301,739.7755,361.85593,0.60636497,0.012111664,0.63483167,0.7243878,410.7239
309d5b5007b54e6e820064aac8222815.jpg,9,53.546419,19.41316,7,43.755134,13.046593,1183.7952,7.7298,0.64652604,0.0173648,0.6490588,0.66188216,1800.2229
30c1feef2a5e4876a6d23d26afa116c9.jpg,7,40.889865,17.388822,4,44.446846,2.699506,1262.3662,16.116213,0.65412366,0.022520423,0.6474604,0.7176428,928.8669
30e80816db7e483bb4501694bb27be90.jpg,9,51.578738,21.78193,9,51.581611,21.773624,0.656854,0.656854,0.7248328,0.0018881559,0.7153468,0.7627765,0.656854
310f10cca5d24dda9f5eb9fcd7352feb.jpg,7,38.173568,16.204609,7,38.010212,13.926412,200.19246,43.79467,0.5882577,0.009815156,0.58337075,0.6989392,2750.485
3153ad0db98948ea97ef701fc7b3546a.jpg,7,43.768213,10.352405,2,38.324859,-0.537684,1094.1864,438.269,0.6646944,0.049353898,0.6692692,0.7830903,2905.364
3154cd152c1444c798e2d34857d3a3a5.jpg,1,53.331896,10.013984,1,53.271739,10.105549,9.042461,0.84186,0.83776665,0.03717333,0.8083613,0.95538795,9.042461
316e9b0dfa6a4b74882178833166cbfd.jpg,4,47.398473,2.792689,1,50.399316,7.84631,497.5968,26.514198,0.68873197,0.023483336,0.6780966,0.732045,713.098
31797a29a5a342879a893e3b9243dc13.jpg,4,49.242238,-0.134976,9,54.757664,17.655163,1358.381,30.541077,0.73217404,0.009522557,0.71402633,0.804765,1358.381
31acd89f83c14827944e0054c825e000.jpg,10,65.034072,17.474645,10,65.017095,17.653996,8.629198,8.629198,0.73638487,0.07847041,0.733048,0.82206655,217.41972
31ca2c6ab11944a28be40a375953dd2c.jpg,3,62.979309,25.819581,3,62.950203,25.821468,3.237849,1.056929,0.9318262,0.009939134,0.9199282,0.97941816,3.237849
31ded35d80d54574830831d6dd802727.jpg,1,50.173649,11.226447,1,49.618034,9.620983,130.53972,7.2668185,0.72374004,0.033721745,0.7397703,0.7128344,331.3683
31ee0931ab244394bb7cd16efda9125f.jpg,7,39.063531,8.433737,7,39.003166,8.396459,7.4446154,0.1682266,0.76082575,0.018625557,0.7344259,0.9216415,7.096219
322c687cfde0454e95b992ca84e2de1f.jpg,4,47.531332,6.418765,1,49.279339,10.928837,385.41373,47.03767,0.65598464,0.005084038,0.65505075,0.78045475,371.04706
32404cef73304e03a7f2ac852b46452b.jpg,5,53.383523,-1.434972,5,53.192242,-0.6244,57.925987,2.5208237,0.88108253,0.038710237,0.85996616,0.9655479,57.925987
327520a12fea4577963b4c2497feb981.jpg,9,53.7192,21.319966,9,53.726098,21.32721,0.90303975,0.90303975,0.7610868,0.05114174,0.77310586,0.78985846,278.34338
32b8a6c154f2409eb197eeed5b78a85c.jpg,4,50.156859,1.739208,2,42.546068,-6.545819,1057.1713,181.90172,0.7278369,0.0064247847,0.7237041,0.7628976,1053.8027
32bda4ca48924d7c9468b2c4fbf520f0.jpg,5,58.628744,-3.2404,5,58.631813,-3.228085,0.79031116,0.79031116,0.7286869,0.032027125,0.72713417,0.8241372,799.07513
331bf744be1d4371b16d44128371ffe3.jpg,2,43.63922,-7.60211,2,43.662095,-7.602835,2.5442562,0.3241729,0.76334876,0.0055519342,0.7227968,0.9257058,1.1822829
331ced815a344454893a898c88de0d24.jpg,0,53.088784,29.240259,9,51.480548,22.084133,518.30914,128.25836,0.7072018,0.034494817,0.68392694,0.8003011,518.30914
331d523f8fc74649a58eacd279e30da1.jpg,7,40.784173,16.424097,7,40.782331,16.426794,0.30580187,0.30580187,0.8288068,0.0029941201,0.8139708,0.88815093,0.30580187
3330bf71cbbb495c861c8bae65422ac8.jpg,4,44.614127,-1.103238,5,54.481078,-6.545998,1164.4382,215.4058,0.64004505,0.035829306,0.6635508,0.68014187,1125.8589
336908ebc8ef4461bdcc68352889e44c.jpg,8,58.689543,9.008273,8,60.613676,6.35752,260.63705,0.9066387,0.69444185,0.005633056,0.6559322,0.8484805,260.63705
337679d312974c2887e9db5672e0ade6.jpg,9,51.075489,21.281689,10,57.537906,18.517124,740.47394,216.56136,0.65918034,0.00779444,0.6801423,0.7258141,732.4976
338c4d8a11a54d64acdd40e6c3f0a982.jpg,0,55.35547,29.22418,0,55.34547,29.332742,6.9528384,4.0728188,0.79614526,0.058359087,0.7690501,0.90452576,6.9528384
339a7d52c1a24dd29bc3c5e4c504d8c3.jpg,7,44.56171,10.804194,7,42.918409,13.889585,307.90552,11.152356,0.6989452,0.012996376,0.6949996,0.80085874,264.57104
33d3c49b0ca04c36991615d0daaefb78.jpg,10,64.324468,15.720818,10,64.118617,16.100121,29.33204,0.8654002,0.91421777,0.039536476,0.9014627,0.9652382,29.33204
33ee62c6417b493da766eafe888099fd.jpg,9,51.249482,20.375315,5,50.255007,-5.090458,1785.9286,102.38265,0.60790193,0.009516716,0.6223464,0.7936541,1032.4269
3432f44a52c24f3c834bf9f0f2d98935.jpg,3,64.9382,28.787112,3,65.00938,28.858275,8.593631,7.575715,0.8660351,0.012212634,0.84513795,0.9758225,261.16116
3433c17279444ac1acc78d914d72a914.jpg,7,40.585924,16.275432,7,40.673487,15.974114,27.228477,10.799889,0.7346407,0.029559731,0.72929275,0.85684943,1469.0272
344b127e5498430abb0b60b872c253e0.jpg,10,60.139161,16.839613,10,56.80765,14.462141,395.33502,8.375581,0.6634666,0.0014312863,0.62449104,0.8624282,137.3364
345d1bdd59f347399d6a2e7d13a66716.jpg,1,48.197931,12.359153,11,38.317439,29.825674,1783.898,8.464611,0.6750569,0.008600295,0.68541396,0.7783046,1790.6527
34646eceaf67472ba602a2c2df969d07.jpg,8,62.342675,5.875798,8,62.470561,6.190151,21.548872,0.35010007,0.78116226,0.0016313791,0.7443727,0.9283203,21.548872
34802607c67743f0a4f51d741ea5e9ad.jpg,3,64.180149,29.22105,3,66.782359,27.330237,302.18735,3.130949,0.86092275,0.01062274,0.85186124,0.94087315,36.37179
348036c06def49738501803e4d72d6e0.jpg,3,62.626092,21.526014,3,62.631924,21.53094,0.69566923,0.69566923,0.8505832,0.08233887,0.83096766,0.9290452,0.69566923
34ae18cdbdd24b1996ba6901368709d1.jpg,9,53.969097,19.657122,9,51.550652,20.045998,270.18817,33.4797,0.6753505,0.014866769,0.65226126,0.8218478,60.155987
34e02cce5be443ddb1955bba29532f6e.jpg,2,28.414392,-16.507797,2,28.052552,-16.600723,41.25186,7.3348827,0.73956835,0.01380825,0.72535,0.79644156,41.25186
34e68c1c751f427393c2212b788363d0.jpg,5,57.139504,-2.795045,5,57.327991,-3.698684,58.279686,5.27419,0.8053292,0.0045092106,0.7761327,0.92211497,58.279686
34fed141bbd34da396742765e24f9a1d.jpg,11,40.738456,36.231569,11,40.750908,36.348152,9.918564,9.918564,0.882395,0.019371808,0.85835826,0.9785421,9.918564
35011443f9994eecb4b3ad733fd29df4.jpg,4,44.170441,0.008377,5,53.465614,-0.552037,1034.3828,233.86868,0.64746815,0.03728801,0.6566713,0.75467163,1306.1467
3511128e0bbc40b2b5e121a2954c78cd.jpg,4,45.184958,0.165026,4,42.193651,8.628155,756.893,112.00173,0.7009157,0.014083028,0.674677,0.8411089,791.0456
355114ac0bf44cdebef7073626b8a4ce.jpg,1,51.912806,13.047439,1,52.644584,14.53638,129.92519,5.499141,0.7254443,0.07313728,0.7080663,0.79495645,129.92519
3574c10589f84e1e93739f8af3fa0708.jpg,7,40.90256,16.428411,7,45.005416,8.192759,810.1339,0.7911405,0.82495177,0.008325279,0.8128706,0.87327635,810.1339
3575ebc3c7c2463da8fd9e5b472da6f3.jpg,2,39.703891,3.087014,4,48.128184,-2.178469,1026.691,234.11197,0.6389314,0.00406152,0.60919887,0.75786144,1026.691
3589dd715f7e477c8649575d2681a650.jpg,3,67.544841,25.77623,3,64.921002,27.613078,303.11496,12.979076,0.85840636,0.005419314,0.8408737,0.9285369,303.11496
359034b428c94dbc903163183f6c1269.jpg,5,54.517056,-5.548987,5,54.451617,-5.530446,7.374402,5.4037557,0.8118763,0.043697834,0.7763991,0.9537852,7.374402
35a764621a9248b99088b267fb610ccc.jpg,7,40.416985,17.580768,7,43.116177,11.723434,570.8165,25.515638,0.72139776,0.013247967,0.7046279,0.7884772,570.8165
35ace075fa2146b69ed4086d93991f13.jpg,8,60.346999,6.184473,11,40.9274,38.856106,3099.6194,13.098776,0.7443913,0.043244958,0.7674404,0.7878903,1160.8793
35bbac8107de4ed0ba57229880cf9a71.jpg,4,49.099791,0.738573,8,61.718288,9.532794,1505.7842,414.09158,0.64851683,0.046145976,0.65381134,0.82736254,2224.1191
35bd8a669e244c4796b22d2e467c5363.jpg,8,66.314795,14.043827,8,66.31855,13.073391,43.346085,3.0739331,0.7248036,0.013681173,0.7045182,0.8059453,43.346085
35ecc0e18e404e3e8183abf007dad48d.jpg,5,55.089527,-3.518034,10,66.0568,22.707409,1856.8319,113.83634,0.6840439,0.01915884,0.67530185,0.7285249,1814.8226
36039dba168e49efba1967f328c17411.jpg,1,52.535197,12.757741,9,50.488328,19.321573,507.8066,104.1536,0.68124753,0.033633173,0.66543025,0.74451655,507.8066
36685b1e29e647399a87dbdf235f0156.jpg,0,55.774886,27.965713,0,55.767992,27.963082,0.78404295,0.78404295,0.94619346,0.13851297,0.93806094,0.9787236,0.78404295
367a1e8370ac4447a69c3738ef351a80.jpg,9,54.590646,18.404967,7,38.064483,12.682903,1887.8711,836.067,0.64364743,0.009591103,0.6111657,0.85067296,1540.9525
3683a8ac228c448b956d40e25f5053a7.jpg,0,52.269168,25.682699,0,52.37157,25.591842,12.953347,2.3526657,0.743497,0.027284443,0.7425779,0.7842286,1785.112
36b243b0b36c4471895fe56f5b846127.jpg,3,62.725724,29.018005,5,52.628743,-4.090378,2230.2373,1348.8331,0.69414014,0.0029723644,0.6903827,0.78037876,2134.254
36b9943f5f07437285112a987f59b759.jpg,10,62.18089,15.05828,8,61.685757,12.001238,169.12738,8.030872,0.7804287,0.008677542,0.761086,0.8982085,67.2364
36cb6ba55641406aa2141e7b682b6b28.jpg,0,52.239269,31.266029,0,52.211255,31.537906,18.778646,11.072437,0.79425156,0.0051127076,0.7995273,0.8330952,50.095284
36d54d5b749e44afbf8af6e555309b02.jpg,2,37.196295,-4.795081,2,36.733591,-6.089131,125.95594,2.31578,0.66730046,0.04586959,0.6232206,0.8436198,125.95594
36d9d10ab5614198a97ac56c97426dab.jpg,10,61.377771,15.781186,10,61.379953,15.78675,0.38301256,0.38301256,0.8251059,0.06536394,0.8103753,0.8840283,0.38301256
371c7ac3f3b74716874ac8d02542197b.jpg,10,67.314882,18.955934,10,67.284707,19.121459,7.8555055,4.6906548,0.89666647,0.012624443,0.8896062,0.929095,23.782343
37336dae0e0147b0ac032c9aee967795.jpg,1,47.533195,10.865102,3,62.158051,30.057539,2021.6711,677.3928,0.73934597,0.020538509,0.7233836,0.8681344,1677.4326
374eae9f1e624cce80ee4d9cd74eb4b4.jpg,6,63.482379,-18.54682,6,63.474078,-18.575599,1.7011486,0.62801516,0.88584775,0.013081968,0.86774665,0.9783814,9.306156
377a6e9c63c949488291da7633e6ec19.jpg,8,58.69433,9.014572,8,58.683881,8.996984,1.543667,1.543667,0.7383956,0.05445403,0.7224053,0.8023566,1.543667
377ff6f38efc4963b079a391d67b31c7.jpg,3,67.50503,27.742282,3,67.483764,27.894928,6.9139514,3.5136454,0.8875067,0.0023519993,0.87081397,0.9690513,3.5136454
379490ce4040410fac7826ce0f5fa742.jpg,1,51.759107,11.671638,1,49.734777,11.693424,225.10075,6.495189,0.7107444,0.010887384,0.6727178,0.86285055,225.10075
37a11f2c204d47a38b150e981c9fba41.jpg,10,65.004881,17.073022,10,65.053431,17.090103,5.457741,5.3979173,0.9052241,0.027484179,0.8924045,0.9565021,5.457741
37dfd6c624bb41628217e38202fae35b.jpg,7,44.421204,10.457259,7,40.75062,17.646696,715.8209,38.573055,0.7507753,0.02644509,0.7261944,0.8490989,715.8209
38196f627046462bb9dc85368154fef0.jpg,5,51.630434,-1.825503,7,39.427388,16.241555,1944.9185,41.502487,0.6672704,0.022753835,0.6814875,0.65508264,1950.9049
38202b57d85f45d0b41e1775004d6622.jpg,1,52.217331,9.896734,1,50.099567,11.145681,251.06648,49.6365,0.629781,0.0015544295,0.6245233,0.6508119,251.06648
3854f2eec1f049c8964c42f303e46e1e.jpg,3,64.607355,25.65302,3,64.611017,25.649567,0.43921998,0.43921998,0.9713759,0.008731246,0.9662882,0.9917264,0.43921998
387cd485135546c8abfeb1503749cae0.jpg,11,39.958133,41.299912,11,39.740085,42.935207,141.69005,19.07979,0.8104168,0.03347969,0.7766142,0.94690883,239.93295
388d7689d8d6486d88b92eaac0b92d03.jpg,8,62.664018,8.616142,8,62.667618,8.583245,1.7267135,1.7267135,0.79143214,0.0037852526,0.76873934,0.9232979,746.4207
3892940b073748599957ffc87586b069.jpg,8,63.7239,8.836455,8,69.693444,29.370987,1111.6666,111.49217,0.6031475,0.0022438169,0.6176491,0.75421906,610.40265
38c66e210b004efea996fd8e1f979ae0.jpg,8,62.854364,7.137688,8,62.663497,7.504277,28.259066,5.160014,0.6560121,0.036313236,0.6416368,0.7510469,5.160014
38d5e997e51e4ff280af3e82ab39177a.jpg,7,45.430578,7.376267,1,50.000302,9.334376,528.7753,150.49214,0.6971873,0.008007288,0.68123436,0.8378714,553.6054
38d817711d9a477f9e552977452da4a1.jpg,1,52.002448,14.668426,1,51.206794,13.650132,113.01548,8.846961,0.74782026,0.027361631,0.7282995,0.82590306,113.01548
38dc96fd9d7a4dc98fe106668df1ab95.jpg,2,36.469184,-5.861424,2,40.79926,-4.466284,496.4779,438.32474,0.70781267,0.017676175,0.69326204,0.7920402,495.79376
38ded8735d964b529f2dd63180b901ed.jpg,1,53.31132,13.933292,9,53.058895,15.165917,86.7942,47.148323,0.67986107,0.04228431,0.65303236,0.817994,253.77069
394b5c075deb436da61911ff8d69e334.jpg,4,46.607638,0.604418,4,46.612769,0.600643,0.63927203,0.63927203,0.7619968,0.106369615,0.79026616,0.7620322,1379.5806
39868296dd8e40bb99206e1922612feb.jpg,5,50.535795,-4.790332,5,50.375006,-4.667428,19.883781,0.6795893,0.78024614,0.0055652857,0.7701685,0.8501317,19.22294
39a32179624a4f8882db35c844bba8bf.jpg,4,47.628623,-1.862795,9,52.990085,15.705428,1377.8903,35.881718,0.66033375,0.02471584,0.6473937,0.76762104,1346.3234
39efc958e50f4356a1b792ae2e202b8b.jpg,2,36.72425,-2.880668,2,36.701668,-2.717626,14.748639,0.8756208,0.7930857,0.024906158,0.78316617,0.8846556,7.0055127
3a2fddd4d6344cdbbabf31c6e2bbfe01.jpg,3,61.29681,28.765172,3,61.279776,28.7249,2.8662782,0.056156933,0.782768,0.018606484,0.76233643,0.9241351,2.7907922
3a3f56c5748c4106a19262afb56664be.jpg,0,53.596233,27.861862,2,43.657099,-5.844271,2680.1362,161.0803,0.6179415,0.0033704042,0.59114033,0.7709675,2311.9502
3a448221fafc4e74aa5c3abcc8299fca.jpg,8,62.543071,6.124773,8,62.544315,6.124137,0.14211786,0.096569866,0.7983593,0.11614913,0.77723074,0.8828732,0.14211786
3a4d360b55464cff8354ec48adacca32.jpg,4,48.520419,-4.581541,4,48.477796,-4.564584,4.9013867,3.0043066,0.77015543,0.013125777,0.74964154,0.86990684,3.0043066
3a4d7bcb6e2f421ba1a66eee7ebd0dbd.jpg,4,47.862651,-2.524701,10,56.387257,14.014869,1467.605,339.5031,0.63530326,0.0075111985,0.6211525,0.7105848,1857.9926
3a55e0bd6837457182b2f3b7d9712bd9.jpg,7,41.215209,9.245403,7,41.177412,9.278804,5.047169,3.3610592,0.84525347,0.058232307,0.84671295,0.83941555,5.047169
3a56ee5181a34a5ea936d4fd4bbcf9c2.jpg,4,43.64486,1.217469,1,52.842536,11.331514,1265.0609,13.067299,0.70681494,0.012434602,0.7055281,0.7119622,1265.0609
3a5ba27578b24b93aca0c7990b81988d.jpg,4,43.125825,0.318229,2,43.628609,-7.603044,642.4014,26.4005,0.7005783,0.027720153,0.70192456,0.77973294,1183.3087
3aa36c7f66ed42acbbf1c669d02c592c.jpg,0,55.192509,29.072382,0,55.190765,29.026062,2.946498,2.946498,0.8105546,0.05857724,0.7863931,0.9072007,2.946498
3ac0f97435c24412947d704efa005ae0.jpg,3,66.838861,28.680561,3,66.932351,28.907266,14.352713,0.4008902,0.8644162,0.0039295554,0.8426936,0.9672512,197.05783
3ac1973107304b179deece2e98f97f19.jpg,11,36.922274,28.280009,11,36.901781,28.273484,2.351405,2.351405,0.6795635,0.007413745,0.6568315,0.8166865,8.8790865
3ac83c01f69144218b5cab204c844f9d.jpg,11,40.239261,32.50932,11,40.013586,32.697056,29.740267,7.0491753,0.8376153,0.007853448,0.8338313,0.9087446,7.0491753
3adb4faed0c8428c8cfe6e01d9dbce16.jpg,9,54.104391,16.979914,1,49.883692,6.618844,849.3002,66.07334,0.6203532,0.010644257,0.6189529,0.7265769,594.2894
3aeba74ebd264dabbf0cbe136116ade7.jpg,10,57.834935,14.084359,10,57.177718,14.078164,73.08023,72.90966,0.75897783,0.0024877787,0.7488589,0.8524835,520.3494
3aef9e1aff9d46bea4ff4f5e91a7720e.jpg,4,48.042699,-4.469244,4,48.043558,-4.467635,0.15307319,0.15307319,0.8394067,0.013153553,0.8268833,0.8895003,0.15307319
3af9d4fdc8184f43b7eb7f6a2a075bcd.jpg,2,43.623597,-5.80019,2,43.622729,-5.800413,0.09817232,0.026375482,0.92988634,0.030826211,0.9165128,0.9833804,0.09817232
3b04fbafea5141b9a656807755bad639.jpg,0,55.226738,27.949491,0,55.147994,27.730156,16.447826,2.6467183,0.7337537,0.016902506,0.70144236,0.86419404,296.00055
3b0a9c4f1af04f96baea1d4d7c620d10.jpg,10,59.896179,15.078111,10,65.932911,21.820551,752.10486,27.179922,0.67868495,0.0068324804,0.6937635,0.8525052,214.13948
3b0f9dc9175b482e947b28670acfda7a.jpg,9,53.415636,22.45583,9,53.32512,22.456766,10.065125,2.7687552,0.7129434,0.020331323,0.6701167,0.89862424,10.256305
3b1d537ca8324c03953729591ed7eb50.jpg,6,63.464347,-18.608721,6,63.520162,-18.47688,9.01834,0.13872564,0.93982345,0.00048148632,0.93540615,0.96544254,11.211941
3b4ff63f86d140b4a9a8625ffdc72d97.jpg,7,43.209444,13.776906,7,43.196428,13.780567,1.4774216,1.4774216,0.8568544,0.026068866,0.841492,0.9183036,1.4774216
3b5144ebfab6407b9574a775aaf3da73.jpg,5,58.516323,-4.693038,5,58.52457,-4.683909,1.0592074,0.5869156,0.881877,0.013520658,0.8601658,0.96872187,1.0592074
3b55634bc9dc4c19a25a9e3dd0b5f6ed.jpg,8,68.335664,16.740072,8,68.33597,16.741079,0.05353954,0.05353954,0.8665409,0.059464455,0.84208846,0.97082895,29.793812
3b98cfbd1a3f478ba422497e56a781c2.jpg,11,38.756186,33.089389,11,38.754891,33.083116,0.5626854,0.5626854,0.9459866,0.14311808,0.9419409,0.96216935,0.5626854
3bada2a22d6a45b59068820ab2bf5a76.jpg,8,61.078851,9.129676,5,56.07602,-4.826197,978.71924,538.7565,0.60979426,0.028695822,0.5887066,0.6941448,978.71924
3bcd298129b646179010038f9462d081.jpg,11,38.34327,26.863905,11,38.337797,26.863291,0.6109221,0.6109221,0.8311751,0.026406765,0.82292217,0.8641866,0.6109221
3bce02f5fd964b7c83390713504eadea.jpg,8,59.608639,7.41652,3,67.14385,25.010443,1204.7985,84.674355,0.83084774,0.0016797185,0.8450306,0.8441159,887.6311
3bfc08911d344f96ba5e1f3765a55135.jpg,9,54.0757,16.198357,9,54.075558,16.19808,0.023997828,0.023997828,0.6968938,0.007920682,0.6844873,0.8011178,67.65344
3c27162498b8483988fe6538ed85b068.jpg,7,45.573062,12.248754,4,49.941339,3.242309,829.26965,69.073944,0.70767534,0.026910484,0.7057223,0.7365206,628.7725
3c8327601cd24c2389cdd1d6fabf7f59.jpg,4,43.172637,5.698183,1,50.553965,6.850089,825.398,177.68239,0.7018693,0.004470408,0.6818487,0.81810516,699.0772
3ca85bc6aeee42a385f9224041847673.jpg,4,47.97629,0.830089,10,58.861992,17.82772,1644.17,64.67115,0.64054334,0.017095804,0.6431886,0.6921809,1334.0785
3ccff29f210e4ea192778233beb4c66b.jpg,4,45.625961,5.538923,7,45.184477,11.00811,429.69946,53.413017,0.65164983,0.025986075,0.65620625,0.76630235,418.80667
3cdbaff314204977bf2f9602b21844c1.jpg,5,52.945554,-3.642905,5,52.01146,-4.880304,133.45392,2.8215117,0.79270697,0.0050049424,0.7609211,0.94834363,59.732006
3cfd0cf4890e444385ab25e043765015.jpg,2,42.835816,-5.206527,2,43.064829,-4.784311,42.770557,4.2639003,0.7742061,0.01800859,0.73842484,0.917331,42.770557
3d015cfcc39c40ad960c71fffbedf184.jpg,7,46.587292,12.846839,7,45.698114,11.76909,129.11052,51.388893,0.64334345,0.007854164,0.66178215,0.6397899,547.5494
3d08c4aef7ec432fba3d4f3ed5a19b38.jpg,3,60.728185,23.567713,3,63.071916,29.852636,419.53647,3.4259686,0.6261837,0.0030066967,0.6295348,0.7843944,498.55347
3d20341ac20245279f93676e01640be9.jpg,7,40.479531,16.718881,7,40.33384,16.799942,17.59408,14.690353,0.723917,0.08903408,0.6834478,0.8857939,17.59408
3d299037fa3b491c9520af4faf33f5c7.jpg,4,45.22711,-0.57373,2,41.990718,2.75894,448.80112,299.65176,0.6951032,0.009923816,0.6744554,0.7909133,1020.25073
3d301a86d6c84e869b2341ea215e03cb.jpg,10,63.875165,20.662774,3,62.932972,30.300961,490.5984,6.3541026,0.8127819,0.0066945553,0.8076961,0.88342506,428.79938
3d719cc5b5114ec390a72c2d945815f5.jpg,6,65.694136,-14.937928,6,65.699249,-14.928253,0.7206126,0.7206126,0.8946967,0.009431958,0.8903308,0.97319365,35.101658
3d9891c13a574c20bd402ef63b332ab0.jpg,11,38.312898,41.114814,11,38.202983,41.098718,12.302546,2.6298878,0.8711354,0.015058935,0.8560971,0.9312885,12.302546
3dfeee5f7c51481f89fe047cb537b771.jpg,5,51.073222,-0.081736,5,54.054408,-0.937117,336.4907,2.1211782,0.6249154,0.015478194,0.56650496,0.86429274,309.0657
3e077f33b1aa4731949c9d3fbc97bf53.jpg,11,40.348342,37.858847,5,50.35077,-3.80685,3389.502,2027.9014,0.6764181,0.028774202,0.64429486,0.80491114,3389.502
3e14f972258e437fadd91b2dc4694b4b.jpg,7,41.045929,8.969737,7,40.662733,17.496178,718.0954,2.00768,0.7787482,0.03259176,0.7594579,0.91646445,15.388212
3e2daafac886454cab9c2e200a9f6ff6.jpg,2,29.007375,-13.598629,2,29.008471,-13.531969,6.4835606,1.7887605,0.77885216,0.043459237,0.7785951,0.83810484,19.310698
3e3ae442277b40e0a49f908e9d6479b1.jpg,0,52.939448,29.293456,0,52.606424,29.374216,37.42702,4.139047,0.78340095,0.0022383332,0.7543767,0.89949787,37.42702
3e86a3124e584fdaabef60abe84beee8.jpg,5,58.567459,-4.738909,5,58.567325,-4.738535,0.026312875,0.026312875,0.9014865,0.09073919,0.8892245,0.95053434,0.026312875
3e99e16efaec4bcba827b595c07434a7.jpg,5,56.934891,-4.922738,5,56.85582,-5.030483,10.96002,4.217347,0.7880271,0.07378763,0.766075,0.87583536,10.96002
3eb57488933043a48e317f9ea9e60028.jpg,5,57.60413,-5.300359,10,56.2453,14.063098,1180.5962,34.608562,0.67865115,0.030290723,0.69363075,0.66289824,676.06805
3ec2b85b25f94957b08571d5a6847bf9.jpg,1,47.486762,11.227257,8,60.388665,9.561476,1438.6489,22.20611,0.68075186,0.013226271,0.66993517,0.7463088,1458.9468
3ed51c3164c44ba6b6a45cadf8f612f9.jpg,4,47.552516,1.539215,4,45.003865,2.025047,285.8448,25.13737,0.68749213,0.003110528,0.65399915,0.82146406,285.8448
3ee9b77cc69f46c4b678c54648a1755f.jpg,3,63.496358,30.032696,3,63.330447,29.994058,18.548422,1.5643029,0.81285095,0.023971736,0.79275775,0.92242205,433.2783
3efcb300ba874863807058d2821fc56c.jpg,5,58.504177,-4.509209,5,57.764542,-5.131661,89.994606,0.43089247,0.85979015,0.01654023,0.83547306,0.9720171,30.003489
3f0e14946780436698f427ef5446907b.jpg,3,63.126135,22.721704,3,62.52329,22.731959,67.03542,1.1984222,0.8641565,0.0065966845,0.8410088,0.97468793,80.60179
3f28858110244577bb814000acc401bc.jpg,1,51.849653,6.657076,1,50.125825,7.487796,200.303,2.2479782,0.69318175,0.009286225,0.6916323,0.80163276,110.95525
3f4d08beb15c42349e7c136c2b8ad91d.jpg,9,49.97559,22.024228,9,49.979629,22.021666,0.48504603,0.48504603,0.8439753,0.08554649,0.83458376,0.8815414,0.48504603
3f7be1ca40924325a132f4141fc133ab.jpg,11,40.095731,38.404532,11,39.771982,42.776448,374.45758,8.694015,0.76108146,0.003761351,0.7266171,0.9291384,388.36346
3f91cd99eeff4df29d41822de4b9a8d8.jpg,10,64.183107,15.989083,10,64.402499,15.642567,29.571455,6.0948496,0.78432786,0.011908829,0.7599404,0.8829997,36.25375
3fc372d8638c491c86b958038047ff1d.jpg,0,51.8645,26.797806,0,51.942545,26.923705,12.24404,10.626917,0.8726373,0.0037481785,0.8512142,0.9634503,95.92258
40743fab8bcf4f5faeb1313c45f496b4.jpg,3,63.72945,26.929663,3,63.681273,26.024487,44.907444,10.887099,0.8478831,0.06328279,0.84964657,0.8626325,1092.9965
409c9f09cda041dfa3c0f9a293a4b307.jpg,7,39.43589,15.999957,7,39.408588,16.014914,3.2965097,2.6801937,0.8088315,0.011378109,0.7852179,0.903286,3.2965097
40a966eca2a54e7fa352a5f8f4aaa151.jpg,3,67.144645,28.69638,3,67.276637,28.261558,23.79388,1.0733291,0.9084113,0.022661328,0.8936323,0.9710996,1.0733291
40b8b900315549e7a4f6e8e1380d86e7.jpg,1,53.977612,11.119271,1,49.447038,8.782049,528.8113,53.330536,0.666997,0.0061022043,0.6484661,0.7411206,528.8113
40bb2b81b78f4041825d6fac49051cc1.jpg,6,66.083778,-17.322374,6,66.079521,-17.327381,0.5244235,0.5244235,0.92933416,0.025986671,0.9229467,0.96102965,0.84586185
40d5838f0f2e443dbeb69dc5a358fd42.jpg,8,69.429075,19.270192,6,64.891122,-21.516893,1793.0828,55.38864,0.6616363,0.011049688,0.67429036,0.7247454,2121.606
41388e2615d9437c9f3fe0b95c5f7ca8.jpg,5,54.28438,-2.767693,5,54.277397,-2.764489,0.80385035,0.80385035,0.7611219,0.083220124,0.77136856,0.750726,533.77563
41b01714577a416d8cc4f2cf3036a888.jpg,10,57.612762,18.557269,1,52.076844,6.813723,969.44916,322.33563,0.6714809,0.007896721,0.6547661,0.806406,1101.7075
41b4f28b51c64131aab8833a4109f1e2.jpg,3,61.216867,23.33803,3,61.27953,22.096408,66.773705,8.091449,0.82221127,0.010650754,0.8014525,0.9204483,158.59613
41d1b1dcbb784c6f9148ecb1cf8ee13f.jpg,1,54.130028,8.930127,1,54.601501,8.903466,52.453922,8.839908,0.7896118,0.0051080585,0.76936984,0.8705799,52.453922
41dc5d83a9b74a37b1845f2e7b7cc335.jpg,5,55.047064,-1.814868,5,55.63851,-4.595552,187.7109,24.157133,0.7596469,0.028610587,0.7482989,0.86129826,185.32901
41e2d5f6577e49ccb346303e75e7e18a.jpg,5,57.54566,-6.615333,5,58.040677,-5.24709,98.00253,0.9672901,0.82395136,0.019635081,0.8078979,0.8997458,55.52478
41eeeb3089cc46b498a62db76d3f178b.jpg,1,52.352998,13.95276,1,49.426614,7.651493,548.5328,34.893337,0.6624122,0.03093499,0.662045,0.7653214,909.4464
41f534acd51c4ba39a9eb02de55e9f10.jpg,6,64.742788,-14.434046,6,64.744258,-14.437627,0.23575994,0.23575994,0.8965342,0.031421304,0.88410145,0.9462652,0.23575994
4208beddebe244f289c773b8b7be45bc.jpg,4,48.064387,-4.594373,4,48.149411,-4.235565,28.269152,1.929244,0.8698582,0.04714018,0.85180473,0.94207203,28.269152
425c12f148124fdba35ddf5c3f7a0a83.jpg,0,54.112503,28.346867,0,54.113735,28.348562,0.17599192,0.17599192,0.8980383,0.15405107,0.89408195,0.91386366,0.17599192
4268ad8cd7304480ad13fc67778936d1.jpg,2,42.767198,-5.071515,2,42.662281,-4.792326,25.61988,2.7026901,0.78793114,0.0057917237,0.7586749,0.9181292,13.8792515
426bd2f23e424b968565efaaf561564f.jpg,4,46.465732,-1.299564,1,52.733323,12.065867,1185.8793,730.31934,0.72576356,0.013907254,0.75491214,0.8037465,1369.6888
427bd726461b42dea5218758237c7f7c.jpg,6,64.821965,-23.191003,6,64.834853,-22.881302,14.717131,4.247408,0.9436501,0.0032971501,0.9352025,0.9774715,4.247408
429035819ddc4a85ac1a353c4715957a.jpg,1,48.442561,7.898542,1,47.646983,10.486856,211.76102,40.083076,0.6925954,0.026809156,0.70977944,0.73502743,396.66263
42ae498eaff64b8d8be4899bc3a3048d.jpg,6,65.665402,-14.996241,6,65.671914,-14.984014,0.9154832,0.38199064,0.875958,0.00072950125,0.85713995,0.9512302,0.9154832
42b70fce68a84a7cb4ff84324302e97c.jpg,4,45.003431,2.555257,9,53.018656,20.452052,1573.6562,255.9478,0.6986609,0.0105137825,0.6788324,0.77995706,1572.0157
42d6a1be87564913a35402c85bb67265.jpg,2,39.971872,-0.58087,2,28.782205,-17.764522,2002.5085,2.9554965,0.7544365,0.001593113,0.751778,0.8092978,3567.2944
42e50d8455ed46deaded016e2c08a221.jpg,4,46.434166,3.083105,4,46.418634,3.065332,2.1996458,2.1996458,0.7582586,0.044296384,0.7600128,0.82171345,785.4449
430ce460e5344593b9ddd10a03999a44.jpg,8,68.335551,22.93107,8,68.335733,22.928728,0.098245464,0.098245464,0.9699576,0.034576476,0.9650229,0.9896959,0.098245464
43175447ee794e1680d525698e9f2057.jpg,5,57.978209,-4.538804,5,57.985951,-4.483702,3.3606117,3.3606117,0.8038908,0.0058637857,0.78370386,0.9135575,29.250778
4317572622b94dcf8e8e0eb6140282b9.jpg,10,66.590162,19.145342,10,66.59737,19.499125,15.6478195,2.9815872,0.86053324,0.012411714,0.8338926,0.9670956,15.6478195
431beeb3c2d44f8287d5741b73a9f028.jpg,4,48.8325,6.485613,2,39.998115,-0.586682,1130.4395,387.50397,0.6799376,0.005395472,0.6715196,0.78455555,1333.6061
4380d780853c479890521e0cdae095f5.jpg,2,41.561614,-3.207067,2,41.539384,-3.203965,2.4853084,2.4853084,0.63343793,0.00041747093,0.6503993,0.6649966,58.603
439d798fd3924042964faa9793219446.jpg,9,51.021673,22.656825,9,50.644666,22.685262,41.968864,8.83666,0.7319056,0.071392775,0.7113097,0.8142893,41.968864
43b7fa22bfd244238bc454229de33051.jpg,0,53.681016,30.050874,0,53.936709,30.204444,30.166819,1.6190597,0.9002801,0.039135575,0.88150036,0.975399,30.166819
43d97d79f53b45e9a7166ef7e19e93ff.jpg,0,52.996703,27.388711,0,53.005676,27.456991,4.6767654,4.6767654,0.8601592,0.0009024739,0.8367651,0.96025467,129.02434
44375a6c3ba046f8853f520d68e70e85.jpg,3,61.380992,22.699982,3,62.373424,21.406026,129.52235,7.3850465,0.84567326,0.0066452026,0.81768155,0.9673776,144.53659
4450be5e31ac498498939b5de9af430b.jpg,10,61.104801,13.30346,8,61.974067,12.991275,98.06322,21.159098,0.7744254,0.0079212785,0.74947804,0.90243155,123.253105
446729cf80e04acf8751a3bfd9f91f11.jpg,1,48.987973,8.770371,1,53.097555,9.929222,464.0748,58.96781,0.72248614,0.011838317,0.72664696,0.76800174,431.28784
446f1b7e3a3e49a6bcfdfd013f85254b.jpg,11,39.713962,39.583409,11,39.658942,39.722094,13.351491,0.89238566,0.8456971,0.012791157,0.8263629,0.92303383,13.351491
44995ff6e3ae4e57bb371b6817600d1a.jpg,8,69.695964,29.377276,7,45.523778,11.021881,2874.2307,284.77823,0.65248245,0.0262717,0.67082685,0.7253475,2448.0989
44bcc6eaae1044bfb6d7a48f553e54ba.jpg,0,52.611246,30.853699,4,44.976626,-1.078499,2464.0776,17.519728,0.6889356,0.013572931,0.71252954,0.69485545,142.91743
44c2ffa568bf47f6a1cdbe24dc706aa8.jpg,6,63.683822,-18.361406,6,63.724435,-20.234328,92.36756,0.10789477,0.82470274,0.029904187,0.81361866,0.9067829,16.020004
44f09f9759164da9b3988ac2a75200be.jpg,1,48.859495,12.920889,7,43.792224,11.513217,573.70087,573.70087,0.6586956,0.045604885,0.659224,0.7659602,1311.9716
44f9cf2a6d034405af3efa95f93671fc.jpg,4,48.572167,-4.666586,4,48.554479,-4.656976,2.090091,2.090091,0.69792604,0.020788074,0.71160346,0.6646784,2570.3306
45121b303d7f490ba473d3f8e96f0d11.jpg,6,64.15357,-20.355989,9,52.602289,21.496234,2689.7947,1297.2546,0.71348083,0.02577895,0.7160139,0.7174914,2102.4048
451a4742da1647f2b24e17cd0386a8e3.jpg,10,61.224562,15.418625,10,60.948433,15.232091,32.300354,3.5040843,0.8457495,0.011057496,0.82044876,0.94695246,32.300354
452f956bd2934ea2818e6436c85e726c.jpg,6,64.912407,-23.800747,6,64.909716,-23.795982,0.3741811,0.3741811,0.93000054,0.06636399,0.9188738,0.97450745,0.3741811
453dbd86e3bb4e48bef60175cf47d525.jpg,5,51.635913,0.308871,5,51.871741,0.216859,26.976938,19.90335,0.74832183,0.03805971,0.7402122,0.89076895,172.3994
455f23d1d087460488c8c2a78ec111eb.jpg,0,52.078378,27.702365,0,52.067379,27.738618,2.763192,0.1365431,0.86683995,0.006046355,0.8535788,0.94062096,94.58245
45733f459f324a689102f2e290306cf8.jpg,9,53.674267,21.260253,9,54.212391,17.48138,254.42003,35.18982,0.65982723,0.038737297,0.6223042,0.8099195,254.42003
458b5ae7ebc24bdfa4ea5f02291ce7b4.jpg,7,41.550205,14.12204,7,36.82738,14.532361,526.34216,0.9674565,0.7217059,0.0008751154,0.716854,0.82666045,374.38382
459ea67b29db4c55a3648011cbdca83e.jpg,10,63.748045,16.430978,10,67.284707,19.121459,412.24686,24.375916,0.8303665,0.0031066537,0.84724736,0.8956619,450.93518
45bcea9905484a8cb8cc0977eb984ade.jpg,3,60.619236,24.301789,3,61.680837,27.036604,188.29552,29.297148,0.7391626,0.007453084,0.7180605,0.8468447,274.8671
45dd66538d8a451a8e160eaed75af595.jpg,9,52.668403,16.880072,9,52.669271,16.906546,1.7877762,1.4295883,0.71363354,0.012851119,0.697251,0.77916336,1.7877762
46253fb17e0a4fc09aecd796a3e359d2.jpg,10,65.284119,16.312731,8,65.833744,15.022905,85.18243,1.5482036,0.7882432,0.015735328,0.7988453,0.8785755,739.31274
462882aeafa14de59e4fc589bc1d9499.jpg,11,38.694272,35.611705,11,38.690588,35.61452,0.47696465,0.47696465,0.851752,0.13775033,0.8485042,0.8647429,0.47696465
4634476f1a8f4a9797af1d4b1061ce73.jpg,7,46.641589,11.682244,2,39.321286,-0.410527,1274.3007,108.534195,0.740378,0.007099092,0.73667777,0.7943573,1364.1945
463d5a80cc084510abcba7494410ad33.jpg,6,63.591985,-20.055183,6,63.664465,-20.111067,8.518985,4.1063695,0.9143037,0.015199363,0.89833933,0.9781611,8.518985
46589be993fb4414a2a882cf80e263d1.jpg,1,53.078352,11.242991,1,53.07669,11.270557,1.8506224,1.8506224,0.8648381,0.09811008,0.85649544,0.898209,1.8506224
468f0f3a3bb24a58a1978acd20654eff.jpg,0,53.538152,28.25623,0,52.729419,30.322465,164.57155,44.733192,0.9063009,0.0042313933,0.89533085,0.9653237,125.09176
46cd094dd3b64ed394aa07adf834ac89.jpg,6,65.878805,-17.493162,6,65.851187,-17.489915,3.074532,3.074532,0.75569355,0.10645074,0.7766081,0.8044133,1542.5016
46d4a8aec1174c1cab8f6334003d8a9a.jpg,6,65.703013,-14.922327,6,65.699249,-14.928253,0.49869615,0.49869615,0.90265095,0.010345221,0.8977486,0.949874,263.51685
472827412cb347c8a73374d556cf7c46.jpg,9,53.090603,15.516402,5,55.534396,-2.674281,1207.076,106.7373,0.6269262,0.0048211813,0.6199532,0.7467663,1033.0596
4743821144e94881916c3adb7e20a896.jpg,10,62.22591,17.138163,10,55.547789,13.758219,767.2868,289.23615,0.64504087,0.0070234537,0.63416076,0.7098961,1398.6384
478ea648a3c0447791d00324d4696cd6.jpg,1,51.899111,12.408854,7,40.66969,8.703511,1280.2688,588.254,0.7160764,0.00026625395,0.69930196,0.80431855,1278.7269
47a42e8c6edf477bb016c225b07aee15.jpg,8,60.258014,6.229936,8,67.260253,15.43316,898.45233,34.77288,0.6753205,0.023118973,0.6520507,0.8284254,879.95294
47b51e91309e41cdad45c4e29b1ee530.jpg,7,40.52729,16.464582,7,40.532443,16.458766,0.75493747,0.75493747,0.82139945,0.028443575,0.8108598,0.879779,1.8941187
48086e29ac964b73971a82edefab68bd.jpg,7,37.254237,14.565956,7,37.43956,14.959847,40.45994,5.4187994,0.8355291,0.020073175,0.81609434,0.9147777,79.84688
484d085b286049a78f99b1e6eeb47047.jpg,4,44.170353,3.694881,1,50.468647,6.581185,733.2056,204.03047,0.7146962,0.028329194,0.7106391,0.78928506,515.28064
4870ec802b2a4a07a224e681548dc2b6.jpg,10,62.162712,17.498828,3,64.324033,28.137822,583.3786,2.1908913,0.77564526,0.035088837,0.75873846,0.8449663,10.818754
488fc5f47127429ebd47a4ea8ead57af.jpg,6,65.943144,-18.426575,6,65.944858,-18.432526,0.3302758,0.3302758,0.9460815,0.010807991,0.93990076,0.97660637,1.1535006
48ba6796f3304a58afb1149c5057d518.jpg,8,60.609784,5.442075,8,60.56509,5.350247,7.0599895,6.6982107,0.6707074,0.028395176,0.6415169,0.787469,7.0599895
48e377e7a16547209459eb63d4578900.jpg,6,63.8555,-21.930911,6,63.864834,-21.880357,2.6852548,2.6852548,0.884016,0.0062188506,0.86694473,0.9672428,8.99114
4931f3db9d0f4216ae3e001e711ae599.jpg,11,36.487461,32.270487,4,45.053917,1.020083,2777.9426,2458.9736,0.6194956,0.013470948,0.6060382,0.79587275,2754.722
49365e89447c4f82a2681336826219ea.jpg,9,53.414738,20.056454,9,54.459904,17.887855,183.44235,13.084037,0.6836054,0.003718853,0.6491251,0.8215264,183.44235
4940bc7ca2b34fca819de4fc5bd8921e.jpg,11,38.096833,27.372891,11,38.115543,27.348554,2.9770126,2.9770126,0.7608417,0.021252275,0.7421243,0.84114236,6.4821367
4956932095b54009b7763b5ebf4d71f4.jpg,8,69.423994,19.277515,8,69.083631,17.979379,63.612495,1.5731043,0.7871295,0.037585974,0.7655835,0.8733134,63.612495
495e1495274f45a1a17abe19f17c83ff.jpg,3,61.637853,29.568197,3,61.647403,29.585908,1.4151398,1.4151398,0.80145866,0.092740476,0.79124844,0.86872536,804.6293
49647dc63b0a433bac377411d5df4d3f.jpg,9,53.652491,21.184921,9,53.650505,21.515647,21.797527,6.2289577,0.74640167,0.016061425,0.71055555,0.8949367,29.390615
496823cce83c46c4acf28f2990e7da42.jpg,5,57.258481,-3.572591,5,50.61909,-4.491216,740.6939,7.514573,0.7294399,0.008013964,0.6958764,0.89688194,747.5197
496c6a13b051446fac9cb6d52e4b9dc9.jpg,6,65.823367,-18.240259,6,64.917245,-13.821163,228.16205,2.0546556,0.810931,0.0072791576,0.7819897,0.9318911,3.248839
497ac899463c47a6b85872cea6a23250.jpg,2,43.656494,-7.599338,2,43.633525,-7.601127,2.5580933,0.18984784,0.7015915,0.015289903,0.70637727,0.7210996,158.19861
497c97ded9f74e3b8d24b929b180ceeb.jpg,7,40.559835,16.411502,7,40.55956,16.412218,0.067776516,0.067776516,0.90862143,0.059392095,0.8954149,0.9614476,0.067776516
4983ba3dbd0244fd96818e708363417a.jpg,6,65.459218,-19.241216,6,65.587265,-20.069707,40.73803,1.5019437,0.86777204,0.01063019,0.84473085,0.96694696,35.3909
4987ef98c881409991a88ba32fbe8d54.jpg,3,66.89668,25.382701,3,66.895091,25.386463,0.24117157,0.24117157,0.91267264,0.023849487,0.8982445,0.970385,0.24117157
498c1d1d6b244febbd432272b0fb6877.jpg,10,60.058099,17.000642,10,59.865138,16.822127,23.645435,9.668412,0.6708782,0.0035797358,0.6687268,0.75716186,52.216583
49a0a8dafa394d3a929c7911c04a16ba.jpg,1,49.997644,12.392598,10,57.520359,18.372938,923.4221,69.318054,0.5812097,0.00020956993,0.57112586,0.72405714,863.6303
49c2f55c84644565ada54da0f59a2655.jpg,3,63.14407,29.79341,3,63.071916,29.852636,8.558283,0.858291,0.76871085,0.033230066,0.7417474,0.8765645,8.558283
49c483e304794edf9a6e2ee131af0340.jpg,9,49.34303,21.719716,9,49.343511,21.718802,0.0851187,0.0851187,0.67491585,0.013653278,0.6559085,0.8309019,875.6789
49e4d407e70143f8a649a5dd998d04f1.jpg,7,41.000731,8.901784,7,41.002477,8.904379,0.29174545,0.29174545,0.85596275,0.007852614,0.8289241,0.9641173,0.29174545
4a5e87b6985845d68bb9e486933bfa03.jpg,4,42.516519,9.433522,4,42.466604,9.208585,19.260237,2.9432473,0.73274577,0.00068956614,0.72088313,0.8154348,18.16738
4a70465354bc4d0d8aba7e4efe71c01c.jpg,6,63.687219,-18.348212,6,63.684204,-18.359394,0.6451356,0.6451356,0.9585426,0.025995255,0.9533075,0.9794829,0.6451356
4a7b74f6daa049f5b8a20225d1d221d3.jpg,1,47.980245,10.899062,1,49.779885,8.410665,270.44394,37.832684,0.6818588,0.0039492846,0.68393856,0.7960218,214.00932
4a83b2da5bfc4acda678fd108d055550.jpg,9,49.636277,21.137074,7,45.600994,12.077029,813.06323,97.477394,0.6278063,0.00503844,0.6230525,0.7488998,949.03394
4a94b3df993e46a5a03f9ea63eb14f07.jpg,10,65.451277,19.377702,10,65.081853,19.438652,41.17588,4.477743,0.88938344,0.0004031062,0.8778751,0.9518721,109.4668
4aa53b85e7e247d8bde2fff67b9e740e.jpg,6,63.529966,-18.46772,6,63.541667,-18.454466,1.4574618,0.048606478,0.91375005,0.003128171,0.8970935,0.9803761,1.4574618
4abee447b1684564aca95600242d931d.jpg,10,57.555419,11.950585,9,53.564135,17.297759,556.45953,208.8087,0.69865054,0.0043073893,0.69166756,0.7735043,703.9419
4ad1384239b846c7955c8d124f35d1dd.jpg,1,53.676365,13.932896,1,54.535707,13.249757,105.42208,29.209461,0.7115187,0.013152301,0.70710474,0.7838626,417.4111
4ae83c39ad2c474ab92c6e71d7f8b38f.jpg,5,57.094426,-3.149748,9,53.926638,21.468402,1580.2461,1068.2996,0.7048358,0.009641111,0.6808773,0.8410716,1478.3378
4b0bd112972840598bbe10b5f79808cb.jpg,7,41.958982,12.505943,7,39.112586,16.077964,437.29385,11.674613,0.67941713,0.0014258623,0.69157887,0.74441093,1284.5345
4b21bc3c8d0c4254ad6a34269f3b12f1.jpg,10,56.755647,13.6788,9,52.094312,20.56517,682.7841,52.98064,0.7094068,0.0392285,0.7146517,0.7866541,2242.7224
4b43a827ef1544d58ac2df439f6aca96.jpg,5,49.958975,-5.206358,2,39.350222,3.184964,1351.5807,823.0895,0.68070656,0.078003585,0.64313644,0.830987,1351.5807
4b5bcc07649e4185816ad87ea152cb3b.jpg,3,66.115534,28.441219,3,66.157612,28.566838,7.3365536,2.7893503,0.7844096,0.008016229,0.7461636,0.94593287,163.19858
4b7a75a8e9f84694af2356394d999f34.jpg,8,68.855995,17.975436,8,69.081363,17.978113,25.060041,0.35894156,0.8414589,0.0069314837,0.8232498,0.94956404,0.35894156
4b7f8baf36334d458a6fbcf6ea749957.jpg,1,52.265965,7.500516,9,54.301681,22.635894,1029.1526,410.2784,0.69875985,0.030145824,0.7074629,0.7982209,935.5569
4b97caf87994459f9ead9eaf18596bf5.jpg,8,58.691433,5.598447,8,58.689663,5.597417,0.20561747,0.20561747,0.85468537,0.0073213577,0.84567326,0.90223205,2.1957371
4bc87b870fe24739964addd951dbaaa3.jpg,2,28.068589,-14.418014,2,28.074514,-14.424764,0.934163,0.22022362,0.88454306,0.011537194,0.87192523,0.94611233,6.1532493
4be60f9a30a64b17929a32ba4cd39ed0.jpg,2,42.019372,2.992918,2,42.027822,2.977389,1.5900592,0.7857273,0.8231393,0.030038476,0.8114623,0.8698472,1.5900592
4bee275cd2cc4d02a966a0c6c3678c9d.jpg,0,54.959434,26.626166,3,62.210531,27.933213,809.7943,18.282173,0.71477085,0.009073913,0.6925621,0.8036058,809.7943
4c0e1abbefde4f059e44f92e5306a5b9.jpg,7,43.81813,11.231768,4,48.062521,7.038664,572.40204,0.717962,0.6760488,0.042670727,0.66531944,0.718966,572.40204
4c904acf4ec140df88d008ead37c3e9a.jpg,11,40.973994,40.314431,11,41.008878,40.352816,5.0423565,5.0423565,0.7191011,0.062202394,0.7291834,0.76593363,867.71185
4c913ce068404bf9a9fbea09cfc1fbd2.jpg,11,40.18315,38.079731,11,40.183884,38.079536,0.08328126,0.05179526,0.9292785,0.009328604,0.9187764,0.98438835,0.05179526
4cc110ae61114a2c9e03c003c415a198.jpg,11,40.248216,28.791001,2,28.498568,-16.206482,4281.053,228.62071,0.7214063,0.0067378283,0.7012093,0.8042015,1235.0444
4cc5ac3cf5ec48899032f0f32f41710c.jpg,0,55.707782,28.450978,0,53.790706,30.93654,266.20886,12.121021,0.7532324,0.048056543,0.7156506,0.9035597,266.20886
4ceb6a1314c949118e65c7a4f46350d7.jpg,4,44.185302,-1.292811,9,52.864569,14.793641,1522.0591,6.6049285,0.74630624,0.00017470121,0.74189514,0.8587021,1637.1162
4d6710534bef4b2bac1478925dc26ef1.jpg,7,38.402193,16.499423,7,38.401963,16.499628,0.031195933,0.031195933,0.7802725,0.11624175,0.7663351,0.83602184,0.031195933
4d6953b90b2e4046b324d1fec664d256.jpg,10,59.568743,17.637801,10,60.458932,14.736934,189.15175,37.067684,0.75160766,0.0011022091,0.75194937,0.80234224,244.66191
4dc16039659b48a88d40c6739cb8acb6.jpg,4,46.194636,2.076894,9,54.449775,17.316472,1413.5844,236.99078,0.6307858,0.014981568,0.61277306,0.7373307,1401.4597
4e09b1e9b8df4be1aa4d6db9c025a331.jpg,7,38.835582,16.608243,7,45.183504,11.019211,842.9982,780.1032,0.6571352,0.00079369545,0.631361,0.82121456,1127.9323
4e196240f9214ca785568533fdad96f5.jpg,1,49.700818,7.392852,1,49.702736,7.388237,0.39451393,0.39451393,0.6519706,0.0022079945,0.6635632,0.7590359,59.164665
4e59817ce0a54aa6978751ef60bf3c70.jpg,10,61.787617,17.186259,10,60.550257,15.774208,157.03773,2.6532016,0.7355642,0.00080662966,0.6884227,0.92412996,157.03773
4e6b0f3044fc42f9b27873d3b237a999.jpg,6,63.454804,-18.641392,6,63.51754,-18.479927,10.625591,0.37261337,0.83941996,0.0032255054,0.8252778,0.9095633,10.931477
4e7a1c06072f4d7b811f4c6f092629c7.jpg,4,44.562195,0.905743,5,50.61909,-4.491216,785.2631,15.4256935,0.71410406,0.008007348,0.7028924,0.8017734,840.6687
4e9159f100fd4b03827caa24de02e310.jpg,7,38.046737,13.141233,2,38.591771,-1.689358,1293.8346,1.3027394,0.6478045,0.0037800074,0.6537265,0.68907756,1.3027394
4ea63ab9e4db448d8646e4d91bc65d4e.jpg,10,64.661969,21.167653,10,63.587738,19.364633,148.05357,5.749542,0.76206344,0.017449498,0.7622433,0.88820624,794.93787
4eabd2bc45804096a12e6b750d23b9fb.jpg,3,67.947838,25.072786,3,67.98955,25.180279,6.4509974,5.5135837,0.9157802,0.004967928,0.90032434,0.9776033,6.4509974
4eacc0cc7bcb470d8b18bf108aa43318.jpg,1,47.87707,11.736293,1,51.366931,14.490984,435.77087,118.26561,0.64168775,0.0059911013,0.64219046,0.7787278,1896.3335
4eade06b56374a41b7429e8e8b4d1a21.jpg,3,62.026453,24.529548,3,62.027099,24.531285,0.115618415,0.115618415,0.9039464,0.03908223,0.8894254,0.9620304,0.115618415
4edb963f05654ab79318d0e9aabad4a4.jpg,2,38.949775,-1.883028,11,39.701748,32.816398,2967.1116,10.747468,0.73245,0.008661866,0.71833414,0.78891325,2967.1116
4ef8ef556d1340a1a2138a0ac99fee9b.jpg,11,40.785455,35.113952,11,37.403292,38.874127,496.61932,68.28954,0.7440528,0.006125033,0.7494514,0.8272299,86.7265
4effc7cad22e406f85304bb94c3f1289.jpg,1,51.98899,12.422987,9,53.664052,14.32877,226.00777,7.6397257,0.71606684,0.0027362704,0.6985078,0.84629554,574.3542
4f02babbc9c34eb2b92f9fbd552dc095.jpg,1,51.502605,14.47499,1,51.536783,13.971422,35.04878,16.341974,0.6906384,0.042776465,0.68985796,0.75356495,464.755
4f43068ce2024b6fb2f8700ba72fd3cd.jpg,1,48.473161,8.763011,7,45.134925,8.486188,371.79218,27.588755,0.5798814,0.03304696,0.5804726,0.6364503,437.5013
4f526e80e75d467ab6f2a6cbb0fd198d.jpg,6,65.633444,-14.992217,6,65.626167,-14.995762,0.8253525,0.45690364,0.85779315,0.01742965,0.84642553,0.9234973,82.094284
4f5470d45f914811aa2f3731278fcb16.jpg,8,60.947073,9.350303,8,61.106855,9.108772,22.020699,21.897062,0.8443615,0.029360116,0.8213153,0.9365462,22.020699
4f791214bd874922a531fb92b50b79da.jpg,3,64.519959,24.366139,3,64.36857,24.023755,23.518188,15.8600645,0.87557393,0.008038759,0.8561081,0.95867056,18.347782
4f8866d8257a42e488244c49752ee96e.jpg,6,63.629313,-18.437822,6,63.628521,-18.438774,0.099832945,0.099832945,0.9664769,0.032302916,0.96163714,0.985836,0.099832945
4f92854cfb344e0abf93236ccf20711d.jpg,5,57.550913,-6.14976,5,57.559171,-6.154662,0.96368855,0.6182135,0.81486523,0.0101261735,0.822901,0.8031075,3342.2427
4fa31fbffce84982a14de94db6a5ed26.jpg,1,52.257158,14.133853,9,52.251102,20.400186,426.4119,8.646893,0.6793386,0.0020526052,0.69377786,0.7538948,1057.9746
4fa42700be7946c68b3551621513a3c4.jpg,4,50.527967,1.584723,7,36.921314,14.439324,1826.246,152.73593,0.6843002,0.0022212863,0.7160389,0.72027713,688.8902
4fc5cb136be74c5f920861f30f455eb2.jpg,10,61.361226,13.53489,10,61.362866,13.531905,0.24199446,0.24199446,0.91248,0.018007874,0.9112412,0.9350399,0.95819855
4fce3527f13f489eabb91f7bb5ef59be.jpg,6,64.192504,-20.946718,6,64.196348,-21.222018,13.332821,13.332821,0.6328335,0.023329258,0.64137053,0.68806076,2878.963
4fd17b8b4cdf46929cd34f5d80102f55.jpg,11,37.680505,27.379506,11,37.5436,27.348292,15.469461,15.325166,0.755787,0.0042037964,0.7616893,0.7540798,2739.3015
4fe84e7f571a4e30b4abfc2a7eb7dd1b.jpg,3,68.379037,27.409327,3,68.37792,27.409526,0.12447222,0.057775132,0.9310694,0.0041051507,0.91571844,0.992473,0.12447222
4ff38e3a6fa841b5854a6361a889f195.jpg,8,68.613993,16.516442,8,68.563295,16.432742,6.582084,6.582084,0.7587174,0.057618797,0.7198829,0.9140552,6.582084
501c60db93cb4b73846dcf0b2109cc80.jpg,3,62.001527,22.507885,3,61.742984,22.139353,34.63678,12.953115,0.73856527,0.025460541,0.710986,0.8488821,34.63678
501eff2de0af40d3ac71b6becb8e1ee1.jpg,5,53.54084,-0.045194,5,51.171287,-0.033789,263.48376,2.1633682,0.6761772,0.023889959,0.6614171,0.78833735,108.359
5048b6396c8148698ecdf2deaa67857b.jpg,1,51.474048,7.635217,1,52.557244,10.148854,209.97589,22.573002,0.72229993,0.05420643,0.7142619,0.7707933,1081.2548
5054b1d5222a4f9fa5d0d98ddf5898de.jpg,1,48.952603,13.165583,1,51.772927,13.271293,313.69568,135.37431,0.66481876,0.015423536,0.6852087,0.66531074,1150.0056
507977cc951f41f5a30a834920089ae1.jpg,1,53.365745,7.369852,1,53.099712,7.673693,35.83337,16.47986,0.7133088,0.025256217,0.7064299,0.77313495,96.034004
5081b9ac7d7d40fd934d5b84fe97ab54.jpg,3,68.432631,23.501496,3,68.433194,23.499973,0.08828566,0.08828566,0.9199784,0.13909376,0.9095142,0.9618349,0.08828566
5096f82f46f841e594738b768fcf4b53.jpg,5,54.888069,-4.052146,5,58.574835,-4.767275,412.25812,6.6125236,0.7196288,0.0040028095,0.70900255,0.8411864,142.09114
5099ed0853e54f27b9f6d13717114c12.jpg,6,63.933916,-22.680937,6,64.986021,-22.811439,117.156006,12.080596,0.84340155,0.016524017,0.8429686,0.8638519,123.68777
50bb66d00d174d86b8a7a165eab612df.jpg,3,62.526436,24.016911,3,62.346175,23.823572,22.376987,2.310843,0.89537925,0.036615312,0.88288915,0.94533956,22.376987
50c12ec09b6e4fdd914120e193b5d34b.jpg,8,58.424308,6.018055,8,58.424621,6.017502,0.04741338,0.04741338,0.89543986,0.009404719,0.87267303,0.9865071,0.04741338
50ce4d8a0bf941bbb2461d8554c83443.jpg,1,50.027031,10.5588,8,60.347274,5.244383,1195.1705,222.15503,0.71857214,0.010035634,0.72623307,0.76645267,987.7903
50ef25b5fa714d0986053be84242e7ef.jpg,4,44.487337,4.674636,4,43.941326,5.057642,67.955,17.12245,0.7071814,0.004740298,0.7278018,0.8649658,883.6599
50fd7caee67d49db90f06e7a25ad954d.jpg,11,39.162499,31.773711,11,40.230588,34.767729,282.3334,3.1301413,0.7495149,0.044263482,0.7308248,0.84162474,344.6307
5113da2295564dfa81a0ee378fbb4d53.jpg,7,43.522332,10.378599,10,56.574401,15.967201,1503.9487,156.752,0.69946235,0.011306822,0.7022613,0.75600207,1501.8801
511d843641424a6f80c1aebf7134882c.jpg,4,44.198915,4.947533,7,40.60985,8.377353,488.3375,27.752378,0.79206955,0.016961575,0.7914275,0.84863853,490.26425
5121e71efc5d4a55b1dcf56562a5684b.jpg,4,45.767725,-1.229854,4,41.652348,8.932397,935.24146,0.7353115,0.68708485,0.016563058,0.6665453,0.8429165,620.89
5135b438b37f4794acfe2213c07f3086.jpg,8,63.540197,11.016819,8,61.516928,10.189771,228.93747,124.74794,0.6490548,0.020929575,0.65874493,0.73486596,575.1561
516e2688e3174ee080908cf880532746.jpg,0,51.907775,29.810411,0,52.577014,30.504958,88.16976,0.33873087,0.78248924,0.010529995,0.75938666,0.94638777,17.545107
51849527e4c54a90926aba02ad08325b.jpg,4,45.837847,-0.411092,4,45.218003,4.133522,360.6144,104.468735,0.7570493,0.019562185,0.7630465,0.8027614,770.3369
51b5b202eccc48f1b1e4caed0b03920f.jpg,9,53.242185,16.493044,7,43.156989,11.752249,1174.5187,20.384756,0.74031264,0.010212243,0.766421,0.7603891,987.38275
51b69da2a64a4417b16844e710777d67.jpg,4,48.045137,-2.900435,10,55.755608,13.536118,1410.7285,297.92566,0.7035666,0.036203265,0.67789173,0.80626607,1410.7285
51d6b488912542bc88d3420fad79a5e8.jpg,11,37.058975,35.77008,11,37.313592,35.882454,30.011261,28.605228,0.80567646,0.015465856,0.79508024,0.86702543,110.37218
521f4317755b4b1e8d58847e9911a214.jpg,8,60.433986,5.28481,8,58.336997,6.262142,239.64577,7.364471,0.6938184,0.008823395,0.6468859,0.8890183,57.76805
52206436258e4e2abe2da284979d8989.jpg,0,54.08566,28.687496,11,38.547257,28.078079,1728.411,121.47319,0.7623043,0.08010632,0.75816095,0.78174937,1769.0519
522223a461c5497ab1e1500f643a8171.jpg,8,58.542181,6.278354,2,43.628609,-7.603044,1912.4575,53.795902,0.6384732,0.01289475,0.62888813,0.7181052,1912.7626
52382b62f03846a38b788332e2ec527d.jpg,11,39.445754,27.633439,11,38.753316,34.750635,618.8055,46.285896,0.75509334,0.04732901,0.7307962,0.8522818,618.8055
52551b78d33745a0bed88819ea4760c0.jpg,6,66.172354,-18.987759,6,66.184741,-18.941231,2.5027058,1.1305593,0.86525327,0.0041787624,0.8477234,0.9509331,10.8358555
5263b460f2784b39bbf2f77c2731d868.jpg,6,65.818557,-18.236313,6,65.841204,-18.252043,2.6180904,2.6180904,0.8880793,0.023264587,0.87904465,0.92421764,2.6180904
526daa1501e64ea6b41a4a965c4f1eca.jpg,7,40.635503,14.836598,7,37.553554,14.289008,345.93814,10.805994,0.7406628,0.026064515,0.73031807,0.7980384,289.0852
526de214991a4021b6862cf26662d96b.jpg,7,40.356473,17.641353,7,40.57526,8.360246,785.16174,17.944204,0.7466886,0.0016988516,0.7479386,0.7463793,784.43524
5279a3e6cdc14b768dc30e6a7870592d.jpg,2,40.809254,-4.866352,2,41.618882,1.510704,540.8319,21.465117,0.64667267,0.01124984,0.62516534,0.8118973,488.24475
52c4865169474cd286276626d9a3de0c.jpg,8,58.535159,8.846884,2,40.79926,-4.466284,2183.3245,739.81464,0.6669328,0.025360525,0.6648994,0.70103836,1949.7305
5307ca30a08b4dd6917a99c344df9d0f.jpg,8,70.571605,25.240628,8,70.486196,25.055682,11.71259,7.6638865,0.88197875,0.0068476796,0.87769186,0.91336286,39.64941
5312e1e3b70c45618d3a62e970f98607.jpg,0,53.59516,25.862332,9,51.392458,21.773709,369.50305,21.19341,0.6477196,0.00861752,0.6126587,0.8630514,227.4577
531c8712ec4e48c4a53e76d9a8820107.jpg,7,40.595917,8.377185,7,40.954166,8.872973,57.704063,0.50259274,0.7436413,0.023722649,0.7248244,0.86360407,44.24995
5322e9acb8524b3b91976b4280057bfe.jpg,7,39.300522,9.091151,7,37.267371,14.938757,558.07477,96.30757,0.7707183,0.0066121817,0.7480277,0.9054335,506.87402
5339ed2aec5948298f8be96781b965cf.jpg,6,66.006328,-19.395517,6,66.030732,-19.364741,3.049303,0.69623244,0.8769438,0.014525056,0.8601754,0.9440173,3.049303
536ecac822bd46159cf960e7e7ceb7cd.jpg,6,65.497602,-23.200692,6,65.491433,-23.213946,0.9188176,0.9188176,0.943772,0.004371822,0.9322423,0.98989105,0.9188176
53836748482e42be987f37e1f31ab5d4.jpg,7,38.995319,9.003959,5,50.455302,-4.728684,1668.1034,38.529537,0.6598777,0.0062965155,0.6282567,0.7890728,1677.2053
5432c2af3cc34b4dad6652d99368a573.jpg,7,43.495739,13.236606,7,43.495397,13.162527,5.975628,2.876602,0.8372711,0.009668589,0.822392,0.9156425,51.446262
54625e0622e34c3780a054c1a5ffb6b9.jpg,2,37.366487,-6.941043,4,50.765739,2.758175,1676.0897,850.7985,0.69257116,0.021486878,0.6832691,0.7636111,1621.7545
546fd8bdaedc4a1e8d3fff1768e25c90.jpg,5,52.559354,-1.871884,5,53.192242,-0.6244,109.366135,31.910284,0.79975855,0.0028792024,0.76871276,0.9334961,157.97324
54774b5575fc462682981f8efd867ad3.jpg,10,64.458925,21.122909,10,64.417478,21.224463,6.7067814,1.9196835,0.91051126,0.09392846,0.90461403,0.9341001,6.7067814
54bce5d230424a27823776ccf4c58a91.jpg,4,48.529572,-4.619243,5,56.569212,-3.311706,898.2856,201.42299,0.7242047,0.005025387,0.692209,0.901775,836.09564
54be5b2a6e6b4a67880eefc910140d4e.jpg,5,53.392794,-0.772467,5,53.385987,-0.768089,0.81067365,0.70691854,0.67113703,0.014048159,0.6769518,0.7343657,1127.7937
54c0a2fdc7e5466b9aed3bd2e351b5f2.jpg,2,39.548292,-0.442968,2,40.358605,-1.086697,105.49462,12.007543,0.7700263,0.022342145,0.7674873,0.82543933,288.7337
54c8b08768df4bf484c2eb8a18bdaeee.jpg,8,60.620862,8.203643,8,59.990304,9.924418,117.89402,9.867067,0.8129623,0.008165777,0.7789508,0.9538128,94.966064
54d59490ca434b01a35c1c9a2961f306.jpg,3,63.445952,25.643092,3,63.403622,25.644867,4.707716,4.707716,0.9252528,0.029857635,0.91560555,0.97969687,5.9343743
54f714c7bbc245debbab2880e84a240d.jpg,8,58.492778,5.9095,1,49.883692,6.618844,958.38574,458.79272,0.67291623,0.0009622574,0.664369,0.7955479,802.2168
54fef4db8b994a7fb8721c6b864d8443.jpg,0,53.227654,27.261457,3,63.330447,29.994058,1134.424,38.588867,0.64628106,0.0024958253,0.638619,0.7715449,1427.4253
5503dd1f1f7b4fe1abddeeb714450dda.jpg,10,60.814739,13.429015,10,65.045315,16.986365,503.49377,42.22338,0.8468605,0.0060268044,0.84811467,0.90315413,470.96674
5514c2748f384a6f9ef70a7b77c107ef.jpg,4,49.093138,-0.25942,5,51.907226,-1.521096,325.37466,11.335912,0.7112683,0.059214175,0.68239903,0.83770955,451.86203
5536bd58d88741d88bed55cf18024460.jpg,6,63.971963,-18.741266,6,63.970189,-18.739441,0.21642931,0.21642931,0.679115,0.011944234,0.6809683,0.7399874,4470.1104
555f131458d74c8ab45df922f3792a1d.jpg,2,41.888569,1.072057,2,41.762404,-1.119712,182.14662,0.35256824,0.7431174,0.0031767488,0.71998906,0.86359894,538.6762
556849f6d4504d6e892b41048224ff38.jpg,8,68.471011,15.180348,8,68.320556,16.617355,61.163685,0.09436744,0.8433818,0.00090521574,0.8148832,0.9738294,21.475933
5569e62717e14931a85dc4bd8b388550.jpg,2,39.178813,-2.109953,11,39.201744,37.242913,3364.1846,38.26675,0.7629231,0.0039565563,0.7590991,0.7902049,3395.1902
55891575f2af43ec950a020b85ba2f50.jpg,8,61.828854,5.503971,3,68.433194,23.499973,1109.5118,23.770876,0.76584834,0.060992956,0.7637979,0.850222,1096.559
558f08bd24504f1f9962e576adab0f4e.jpg,9,50.485841,23.449191,9,50.482034,23.445203,0.5087387,0.38271898,0.84512246,0.006162405,0.815756,0.964131,0.38271898
55bd0e91d13445ce86e18605dc4aba15.jpg,7,41.737153,13.432405,8,61.857906,6.203139,2288.5837,550.4967,0.57160944,0.0047638416,0.5364562,0.8003291,2326.5403
55bfb5f4a7c0465abc4b3b3349b4bb15.jpg,2,40.807184,0.163785,2,39.020087,-1.80578,260.18713,136.5127,0.73478526,0.02500391,0.74556863,0.81299645,580.46936
55c5ede5d18b486c925b0f7b186513c5.jpg,4,44.154553,-0.959047,11,37.533725,36.917944,3239.7112,53.85899,0.76365757,0.019288063,0.77956486,0.77921975,3042.7783
55ed54ee9ed0448fb0d231b6731576ba.jpg,5,59.066087,-3.329179,5,60.779106,-0.827004,236.02797,0.6660459,0.857395,0.029446065,0.84366083,0.9123315,236.02797
5600f6c4a48a44c99bb9ad1a550ff5a5.jpg,8,68.248372,17.412452,8,68.247469,17.412896,0.10206247,0.10206247,0.75459343,0.02234441,0.7242625,0.9005718,29.415462
56217f80dd824336ab17ac089b9d6499.jpg,9,54.149144,18.71395,9,54.212391,17.48138,80.51579,7.176222,0.6691749,0.025689721,0.6646985,0.7636324,248.05092
563fbc9725ce4b919ee293ec9a13c14e.jpg,3,67.544548,24.391902,3,66.875414,25.431186,86.82958,2.2485263,0.89382565,0.0011876822,0.8762835,0.963994,86.82958
5666bd6844a24bc990d26a20a0cfdf16.jpg,5,58.547067,-4.778235,5,58.522621,-4.797917,2.9485655,0.7007795,0.82669896,0.008498251,0.8107277,0.8920009,5.4464817
566a118bef174b199aca2d4faba7f76f.jpg,11,39.72593,44.131507,11,40.215919,43.58449,71.70392,8.131815,0.78878963,0.007094264,0.7717447,0.8953062,107.789604
567536d8cef344ed92aadb5271c7d8e0.jpg,6,65.641213,-20.295537,6,65.632065,-20.295927,1.0173699,0.42630666,0.9661658,0.014825702,0.9607494,0.98783123,1.0173699
56b09a522cb940dd8db866b9e6f148f8.jpg,11,38.706672,35.454631,11,39.113367,35.665832,48.775105,2.1791117,0.7173686,0.035090864,0.68553495,0.9049583,23.230597
56d2288ef953430b8144cff7d9da443a.jpg,7,37.729181,15.162413,7,37.742061,15.140207,2.4216528,1.9749489,0.73735636,0.00015419722,0.6931714,0.9270732,2.9805627
56d38acaca8a4274b14dc46909fcd372.jpg,10,64.095247,20.140189,10,64.005124,20.397858,16.050293,16.050293,0.6460924,0.0013719201,0.6649406,0.80004007,3180.401
56e2ba0fc90a41d694a9f5737682214f.jpg,0,53.258407,26.98964,0,53.248953,27.152179,10.863891,10.158248,0.71902287,0.0012075305,0.69477236,0.87820804,20.416279
56fda660288948c5bd2057c3c7655ac0.jpg,3,63.151813,28.4829,3,63.610009,29.190994,61.970047,13.634082,0.77166045,0.011038363,0.78001463,0.80732036,356.57736
56fde0ce006b4217a4e277237e295b2c.jpg,7,37.320528,15.039187,7,36.863404,14.730773,57.72336,1.9599293,0.8056223,0.010999858,0.80213046,0.87501,28.463982
57060e4fde8547ff965f7b5ef718d036.jpg,9,50.670544,18.027604,2,42.742614,-8.961322,2222.799,453.84372,0.57075703,0.0038556457,0.56341815,0.71842545,1072.6202
57119d6b7a1f40dba2dac7f787deb1aa.jpg,10,57.649989,12.065662,9,50.494027,22.356792,1038.8785,309.1415,0.5896938,0.021086693,0.58979654,0.6914648,1059.4497
57222b4a493f48a4b844f6accd88c3aa.jpg,11,37.688848,30.348155,11,37.692463,30.350293,0.44381434,0.44381434,0.8926551,0.1482349,0.86987996,0.98375547,0.44381434
572c9e823d1642dabb92e23b6909cef3.jpg,2,39.673322,2.957416,2,39.351836,3.034461,36.353516,6.304856,0.78142893,0.03016895,0.75932926,0.8754778,29.972433
574634de3d224f4886d826cbb3d6df4b.jpg,1,49.160725,11.048374,3,62.570099,22.745907,1654.1917,23.907887,0.6656201,0.026581526,0.68655634,0.71377563,369.86478
577bcdfb91464d66a45ef5a60dd15093.jpg,0,52.821826,29.401338,0,52.797969,29.406642,2.676628,1.4279001,0.7697456,0.001961112,0.7357168,0.942163,4.648806
57841c7558b749cfbf38c2b494ae0d89.jpg,2,28.117826,-15.556121,2,28.127267,-15.470364,8.475246,8.1394825,0.64506346,0.010047436,0.6399199,0.66563785,8.475246
5793be209b24462bbd1277ff3d76fd5a.jpg,11,36.62567,29.1354,11,36.647997,29.183829,4.983572,1.7347989,0.7020879,0.021425843,0.6897466,0.78408873,64.81383
579ffc1dceef4275b41d503634eb6a4d.jpg,1,53.18562,11.459855,7,38.005871,13.048822,1692.3252,200.46072,0.61396426,0.003742516,0.60553586,0.71368474,572.76917
57c809d6ee374e20a7a58e272b1abdea.jpg,6,65.614,-24.212991,6,65.550515,-23.952548,13.897944,0.3319176,0.860665,0.013769627,0.8437112,0.9284803,13.897944
58071eb2a63b4eb4922d344bfdc8d513.jpg,0,55.184134,28.923001,0,55.190765,29.026062,6.5837855,6.5837855,0.7305233,0.0040207505,0.7396139,0.82684827,871.6788
58115723f5c042f8b515d285d932216f.jpg,8,61.568872,6.481453,8,62.234511,7.150276,81.88447,21.077164,0.7245541,0.01628828,0.694602,0.87508434,68.074905
58269b4909014126ba5c63d5326dff3f.jpg,3,62.979075,25.819498,3,62.969804,25.819453,1.0308921,1.0308921,0.9382722,0.0034745932,0.92507946,0.99104273,1.0308921
582cd41b080647c3941184c7f3f915fa.jpg,6,63.570799,-19.86997,6,63.482903,-19.329734,28.506338,0.28749067,0.8501516,0.09751159,0.8443402,0.873397,28.506338
584de4b90b2a4a6bb857d5934dea058d.jpg,1,50.891988,9.993804,1,50.818615,11.396173,98.77579,18.53751,0.7292066,0.006128609,0.7102145,0.80517507,98.77579
5885a7948a9842ebafad91f236792a9e.jpg,5,50.298969,-4.964571,5,50.199853,-5.340589,28.918606,0.9406491,0.75669175,0.07472551,0.76112264,0.73896813,28.918606
58abd84497914cc4ac68bd8e4bae22c6.jpg,2,36.83652,-2.155481,2,36.804632,-2.132193,4.1072764,4.1072764,0.84201217,0.059472203,0.8190266,0.9339545,4.1072764
58f63dfe72db4b118a2b4884f8ce477e.jpg,2,39.510918,-0.386116,2,37.669856,-0.925546,210.01562,7.8695507,0.7002245,0.00080251694,0.6980236,0.7838657,1156.0349
59030ed948af462495304cb9f1fb0cd6.jpg,3,62.930238,28.068443,3,62.302979,27.308843,79.8361,15.276735,0.74538666,0.007852316,0.71186703,0.901523,62.898083
59244140060b418683b39790c327e2a8.jpg,7,37.779621,15.126684,7,37.808161,15.130501,3.1911817,2.7121456,0.7403141,0.017057061,0.7251181,0.8038157,5.761899
596f057a1d4b4af7a4526bfb4c6aae4d.jpg,2,37.325082,-6.834047,4,44.615424,-1.061537,943.8838,65.655716,0.6752999,0.01017648,0.670333,0.76694065,322.2668
5972085263b14f5297fc1108ad8eba21.jpg,8,60.373627,10.354053,10,60.285497,13.890412,194.87386,136.12769,0.6304585,0.0037525892,0.59485394,0.79585093,434.5963
5974510192c044deb4a3c873ebe2fee5.jpg,11,38.637717,35.866037,11,38.882632,35.130271,69.365326,18.93312,0.76708204,0.026740193,0.7466192,0.8489332,69.365326
59ca02599789483c89c5512e2b67d341.jpg,0,52.986225,29.815658,0,53.021904,29.709603,8.130114,4.5800505,0.9540819,0.018124819,0.9453753,0.98890805,8.130114
59f92a1648f945d3949f3f465f3ff56d.jpg,0,54.98423,28.839587,0,54.725033,30.433098,105.99131,14.660425,0.8456137,0.0080548525,0.8180037,0.9560536,105.99131
5a17170a8c8a44a7b6e5451854925952.jpg,1,54.885871,8.870235,4,48.450049,-4.487558,1163.2883,287.65027,0.7310089,0.042940855,0.74193656,0.7592951,861.72943
5a36f7aec73d4f44a93aa9af7c4e1b6f.jpg,5,56.595056,-6.141277,5,56.588056,-6.177545,2.3529594,1.4889498,0.90028507,0.018746078,0.8845823,0.9630959,2.3529594
5a3a38e011034ca19a6077c1ad1b77df.jpg,1,52.650957,10.888984,4,45.602265,2.727763,982.0388,167.02148,0.6264303,0.013433456,0.62852186,0.71489733,1674.888
5a48b2045eb24885b475cc829f85d8af.jpg,1,53.228681,8.657322,10,55.772907,13.635375,428.0124,21.55369,0.63789403,0.0030600429,0.6431059,0.7313553,501.91885
5a527330736941518b4a531785c3baa5.jpg,11,38.281309,41.098862,11,38.281585,41.098895,0.030824643,0.030824643,0.9209712,0.06906074,0.9058676,0.98138577,0.030824643
5a7a5c3289e449fbaaa2faeded108cbe.jpg,10,60.80391,16.930826,10,60.080713,16.013748,94.85162,21.669115,0.7117849,0.00039345026,0.69004107,0.8648741,208.81734
5aa0c4eba96a47e188da67e09e104edc.jpg,11,38.271186,41.09903,11,38.283809,41.098755,1.4038208,0.70519185,0.8792469,0.012620449,0.86166906,0.96599185,2.2249005
5aa4730b9f2c4ab7b908815233f9a173.jpg,9,53.541907,23.698013,9,53.548595,23.768023,4.685013,2.4941313,0.8686098,0.044056058,0.8471596,0.958947,168.62703
5aad5e762be84e8db28d8ff0b75c3762.jpg,5,56.758493,-5.781946,10,58.420005,13.77128,1175.5753,26.129026,0.64924055,0.013631105,0.6270995,0.78839546,1395.2426
5ad7870bb0214b4b81e6a795e638103e.jpg,2,41.567747,-0.628485,2,41.888753,1.067805,145.22049,27.74248,0.73281324,0.012525678,0.71991515,0.78440547,145.22049
5af031a4512c466a84b33b25ef80a94a.jpg,10,65.239386,18.82696,10,64.182535,17.452505,134.42746,1.3555887,0.80327,0.013152719,0.7991122,0.8294189,578.11896
5b0d51b0ce874772b10305c5f5808841.jpg,4,46.172395,5.288663,1,51.495669,14.680962,905.9192,304.52432,0.6301412,0.009406626,0.61883986,0.7326367,811.03644
5b13b18061944a48926768e7caa3eeb0.jpg,3,62.623377,27.082659,3,66.241134,25.341481,410.8228,71.1532,0.8192446,0.010794997,0.7950189,0.91614735,410.8228
5b1ad4aeebee4116b7bc2474a5c19d29.jpg,0,53.777156,30.363924,0,53.48928,31.125004,59.520546,15.180088,0.82178867,0.00906539,0.7980556,0.9392576,20.084406
5b4643141dae4a31a380c589c7cea4ea.jpg,1,51.928671,13.935553,1,52.286476,14.281298,46.265167,5.142762,0.7372263,0.0014294982,0.69958925,0.8877746,46.265167
5b49b21266ab4afe91012649f6494f6f.jpg,0,55.314605,30.317659,0,52.37157,25.591842,450.60043,89.80266,0.6348806,0.0037924647,0.6461729,0.6650485,476.8134
5b59e0f0a1c74c61a5d7cfaa4095f5d1.jpg,0,54.143277,26.533328,0,54.430478,25.983176,47.90592,4.4814396,0.81402475,0.040733457,0.7968693,0.88264644,47.90592
5b8307de19e548d28562bd45fb314092.jpg,5,55.675223,-2.471782,5,55.885114,-2.653156,25.948744,14.065952,0.71554285,0.009292603,0.7001784,0.8706137,576.4177
5baa703d40554ee0806c0996e90c8266.jpg,6,65.841824,-17.295279,6,65.99501,-17.378977,17.45171,3.68146,0.91533446,0.014365733,0.90206933,0.9683947,17.45171
5bbd41fd5c0d41108f537e45bb4be47b.jpg,2,41.755253,2.798435,7,46.158649,13.33613,974.12775,483.43097,0.6191631,0.0069087744,0.6357697,0.7106714,1066.3407
5bc7c96b51504b0590f97b10341627e8.jpg,3,62.464361,22.067496,3,62.52898,22.73356,34.94876,1.0419447,0.87480557,0.007475674,0.8514798,0.9681083,34.94876
5bda3b9fadda4c9a84c5c1a379213d14.jpg,0,52.081156,27.385775,0,53.616386,27.465608,170.79414,0.87339246,0.86047167,0.009249687,0.8533602,0.9117656,159.2381
5bf1da7806a44084b8bd1d695d82c831.jpg,2,40.330093,-3.448117,2,40.381443,-3.478168,6.251926,6.251926,0.7250595,0.1414029,0.7524223,0.6241776,283.4096
5c10674a8ad748299a71039964df526c.jpg,7,41.029242,8.968304,11,38.251625,40.977917,2742.7583,3.4435773,0.8170743,0.02978462,0.8201721,0.8392756,2189.211
5c136dda59ba45cca6153e2ae0124be3.jpg,10,68.229998,19.663377,10,67.969163,19.963645,31.564144,0.31996307,0.832935,0.016060054,0.8170923,0.91410077,31.462782
5c2466da5a8e43df87eaed837fffe323.jpg,11,38.397965,33.513222,11,39.194277,37.298279,339.73605,15.341039,0.7605804,0.01940775,0.7649127,0.82443637,40.19907
5c27a767528f4d49be7a5eae773c18dd.jpg,1,49.649627,9.166706,1,49.605606,9.639243,34.385513,34.385513,0.6731661,0.019362926,0.6984856,0.7596954,782.7398
5c3252e7ebb7406bb0217246a6a0677a.jpg,3,63.17401,28.478785,5,50.424598,-4.668645,2422.828,19.725285,0.7468756,0.070411146,0.7846092,0.79525566,1129.8129
5c44222d0cba4b78b518228817c0b11d.jpg,2,41.612038,2.26656,2,41.758081,-1.084571,278.73953,0.15024976,0.63408625,0.002476573,0.6237657,0.766729,227.50787
5c76e24837254538a15de406c0b8a87d.jpg,5,52.152337,-2.11075,5,52.417762,-3.560485,102.93333,13.341029,0.7872303,0.0036486387,0.75564355,0.9304719,70.45292
5c85d158377f4a75b420a58442c505f1.jpg,3,60.804616,23.191844,3,60.569793,22.8602,31.744959,15.248129,0.7793151,0.07579672,0.77699363,0.7998926,918.0861
5cb5b235c1654d41b9d48b720de07eb4.jpg,1,54.445027,11.249409,5,50.440984,-4.719669,1167.0848,379.65942,0.66064537,0.007335961,0.65686715,0.81811535,749.45013
5cee517aa5684231840cf24b60bf8e37.jpg,0,52.270312,29.320298,0,52.320203,29.341797,5.737061,4.146021,0.7896508,0.02322054,0.7583326,0.9149234,5.737061
5d13101fa12d4cb3a97940a416ac23e2.jpg,10,56.840071,13.511724,10,56.809463,13.356455,10.041863,10.041863,0.68299925,0.0017336607,0.6662072,0.75016737,10.041863
5d468a16a73244888adeaedf000cf69e.jpg,5,58.507605,-6.259072,5,58.494548,-6.233358,2.0832024,0.21825022,0.8325028,0.025598347,0.8126229,0.91202223,2.0832024
5d4cf60f6031445c9480c63b3f2b4ee9.jpg,3,66.289368,26.038715,3,64.921002,27.613078,168.44902,7.3147645,0.8902817,0.0009123683,0.87612593,0.97334325,12.883277
5d5dd4729b2c4ad6a0cb65a7c4b11197.jpg,10,64.242514,15.856424,10,64.248047,15.831514,1.3516971,0.6503601,0.8220296,0.020409584,0.795197,0.9293597,1.3516971
5d73b04a0dab41c0b6c36a752caa58c9.jpg,6,65.937498,-18.401524,6,65.938213,-18.404188,0.14459738,0.14459738,0.961704,0.030714214,0.95866746,0.97385025,0.14459738
5d99145a0eb24488a6e0b59b0cf350f2.jpg,9,51.90814,20.097567,10,56.333729,15.145573,588.1497,188.87111,0.63329285,0.0027130842,0.62049514,0.78926444,782.564
5d99f58344f04bd6bbe15992a05aefb3.jpg,7,44.064179,10.441614,11,40.511476,36.146334,2141.904,383.21378,0.69537246,0.019566178,0.6867256,0.85326946,1584.4618
5da2003faeb646a6a718ca7f4f7d4d2f.jpg,0,52.986032,29.816624,0,52.926781,29.985242,13.076192,4.5132823,0.9429934,0.007116854,0.9335816,0.9811795,27.818039
5da83ddc06964a69ac4ebe21cd0502c7.jpg,4,47.123191,0.978057,4,46.829263,0.560205,45.532364,42.543144,0.75876987,0.0051588416,0.7237316,0.8989228,45.532364
5dd33ba4c7fb4baca3f34e9d78d0478f.jpg,3,67.005135,25.189659,3,66.999972,25.217886,1.3539962,1.3539962,0.9139926,0.0001733303,0.8952936,0.9887885,1.3539962
5df711044c174144919ae5d9cae58efd.jpg,7,42.628481,13.996457,7,41.923093,15.092242,119.497826,38.81811,0.71185863,0.0330652,0.6856999,0.8164935,119.497826
5dfeeaa3ac314868be8495cfc75c2ebf.jpg,11,41.913562,35.070765,11,41.465022,36.109403,99.626724,6.0539303,0.82210326,0.0118557215,0.81940365,0.872064,10.027347
5e1a285c7650486da470b4a7f40461e6.jpg,4,49.378158,3.368019,3,62.924687,21.745879,1873.6544,78.32063,0.69273067,0.02352351,0.69940543,0.81799006,1065.1245
5e2d280121234ffc92150fa45fd2b4a8.jpg,11,39.368442,33.770666,11,39.564344,33.326767,43.892166,18.408789,0.7404607,0.00024110079,0.7507244,0.76730955,1693.6858
5e3c7a0e87614dfc812751050eb80c8e.jpg,9,53.689347,21.614721,10,57.862884,11.706913,772.904,43.7048,0.69460595,0.0042873025,0.66677946,0.8148874,322.111
5e8acdf293014163ac04efb173e88ab3.jpg,9,49.872003,22.176226,9,50.159738,22.159174,32.017906,6.157357,0.8126371,0.05738294,0.7913872,0.89763653,32.017906
5e99f6a9269e4750bcc876acc8f8e98a.jpg,7,40.045812,18.473252,8,63.189188,8.811897,2651.6912,15.498841,0.6294958,0.011009991,0.63923126,0.65262574,120.251755
5eab2701f41e4fc1bd8a7ba49beb4751.jpg,5,54.326205,-6.443121,1,51.671062,9.443881,1100.7324,6.695963,0.779953,0.06366432,0.76607525,0.8354639,1100.7324
5ee9502387744542bc1dcbcff4795e61.jpg,11,41.343285,27.45257,7,43.697556,11.405706,1338.6669,0.25550914,0.7698803,0.041071475,0.777719,0.82497287,787.8582
5f071cd179d346969e775b8440ae25f7.jpg,0,56.015009,28.652042,0,55.51477,28.894869,57.66095,1.4238948,0.82222104,0.003479004,0.8182816,0.877754,11.382876
5f224c3af3dd44bfa80c6b826d67a22d.jpg,5,54.905183,-6.313975,5,54.508672,-6.458169,45.052704,5.7616653,0.7438992,0.043957114,0.7126882,0.8687433,45.052704
5f2625adce6f48ed856e722e58c88da7.jpg,5,56.156783,-3.955724,5,54.481078,-6.545998,248.11589,3.343389,0.7462517,0.0038538575,0.72046006,0.849764,246.32309
5f6f35f6152748bbbaf438d05e18f0e8.jpg,9,50.562511,18.547283,9,50.565075,18.543061,0.41257194,0.41257194,0.8434403,0.00010693073,0.8241966,0.92041516,0.41257194
5f942d62da8f4c418bb30790fffdd5cf.jpg,2,42.427271,-5.835332,11,36.362004,33.946935,3451.7698,91.40619,0.73464084,0.011535883,0.7410878,0.74478287,1488.6609
5fc4a0cce2934639a9a4e481e79fed5b.jpg,3,61.181298,23.85222,3,62.015428,23.660301,93.304825,22.918608,0.8524045,0.0014896989,0.82835335,0.9640075,75.913086
5ff317d72a1849fda77262c06f48fb5f.jpg,3,66.229694,29.133889,3,66.096795,29.145661,14.78718,8.316958,0.8909524,0.028442442,0.87353647,0.9606894,136.28102
5ff34a51157646fa9ff33b3090127a27.jpg,11,40.206379,39.431122,8,59.500557,6.53722,3130.465,92.60214,0.7201993,0.07696545,0.69653463,0.8173779,3138.7898
5ff3efdc318746749a095d3ef1c304b6.jpg,0,54.525636,30.160792,0,54.542515,30.194909,2.8926868,2.8926868,0.85089445,0.009438992,0.8290887,0.9660109,257.44504
5ff551b09fe4403a906f45d901920004.jpg,1,47.980234,10.898056,1,49.779885,8.410665,270.3954,37.63884,0.7199662,0.033039868,0.7305076,0.7610965,213.9345
60265652cade4605909ae49d6c02e0a3.jpg,4,46.568469,5.993139,4,46.568884,5.992501,0.06714264,0.06714264,0.93071735,0.22445351,0.9272583,0.94455326,0.06714264
607e195539b94a75ae6edfb2d22ec4e3.jpg,8,58.160948,7.950473,9,54.231867,16.533357,686.72125,0.31655496,0.6846654,0.0038428903,0.68443656,0.7750541,74.90898
60964edcaf174863a7fc722ed406f94d.jpg,8,69.803405,25.173858,8,69.802808,25.175129,0.08238667,0.08238667,0.89089155,0.0023874044,0.87171185,0.9709079,39.27405
6099d13649164ccdaf036733f29b9f67.jpg,6,65.654932,-23.255917,6,65.654307,-23.252679,0.16389,0.16389,0.9452198,0.01949662,0.93411434,0.98964155,0.16389
60b6fd0a0e7a44bd8b8f43ca49bc4db7.jpg,4,43.730084,4.062347,4,48.878142,2.97675,578.4636,28.564604,0.7468005,0.009699345,0.74143714,0.7682537,578.4636
60d00b3ba179477ea19420b4d6027f37.jpg,5,50.335939,-5.066476,5,50.61909,-4.491216,51.46185,4.7491803,0.7583168,0.016803443,0.7243185,0.8966693,36.694214
60fb598262a74af387a5a1c39a3e0b5a.jpg,0,55.618486,28.426372,0,55.617705,28.271003,9.756404,2.817126,0.8529937,0.00038903952,0.8368023,0.9431093,3.8292944
612da8e5ad9f4d86b1336bb12af91dd8.jpg,10,56.370137,14.543536,3,62.963087,28.419332,1065.7798,32.604958,0.724538,0.018704832,0.71420395,0.79128414,661.67145
6138248961fc4a678b12e47fcbe48a15.jpg,8,63.101947,9.398528,8,63.101936,9.475171,3.855538,3.855538,0.8119879,0.14363056,0.80564153,0.83737326,3.855538
6138bd75c01a4ccaa62b1207f65ade43.jpg,9,51.310961,15.575394,11,41.224597,36.452698,1946.7528,37.326717,0.6103303,0.0035666227,0.620657,0.6684492,984.07416
613b2401572e4516b7be4a826b3c4cdd.jpg,11,39.208583,33.072174,7,40.60985,8.377353,2105.141,4.1436214,0.80619854,0.0327788,0.8258061,0.8974211,136.04317
61536f5f15c34bb98bdb052a336923ab.jpg,8,69.275906,15.970056,8,69.27776,15.975718,0.30353186,0.08947915,0.88397235,0.0073463917,0.8932639,0.8630942,0.08947915
6167a80d6d2f4be39495c21dc36be60c.jpg,0,54.559428,30.454213,0,54.554917,30.455503,0.5084511,0.5084511,0.7912054,0.06592494,0.79060763,0.8428749,1819.5281
617bc02fd9c6485a95cf303947924081.jpg,9,50.220824,21.505372,9,50.849987,20.273811,111.6692,29.502134,0.73934805,0.0037540197,0.7234688,0.802865,111.6692
619f89ad6e4546558ef4abd6cc27e213.jpg,2,28.226926,-13.990521,7,40.966933,17.114876,3156.9326,1326.7662,0.65970063,0.0021832585,0.64413047,0.72316456,1678.4043
61added110a6451ea254e65648256ebe.jpg,11,38.006812,27.430457,11,38.005073,27.428243,0.27389792,0.27389792,0.8266696,0.0030121803,0.8098539,0.9289211,4.892476
61f249d1ab1240a19a688c03c8b43a2f.jpg,11,39.577224,39.944916,11,39.567235,39.977494,3.0051172,0.5222279,0.87507933,0.00082838535,0.8537369,0.96209157,7.467713
61fcde6ba8d74abc8ae232a70b446dd8.jpg,5,56.202521,-5.511486,5,56.068367,-5.462571,15.222049,0.3680749,0.8220317,0.001065731,0.79688966,0.9625884,3.1138146
6201c3b1a8d44705ae1bf25d25b51674.jpg,1,50.049652,11.318586,1,51.135594,7.940862,267.23083,25.041668,0.65742147,0.00262779,0.6328223,0.7710556,262.94293
6225b8d079c84cfb845db45c27ef01bd.jpg,2,36.526572,-4.664411,2,39.189768,-1.427061,410.39493,7.142344,0.7107573,0.015359163,0.6779852,0.84184587,410.39493
6243c399b0df404d95d01855ad7f82a1.jpg,6,63.424179,-18.768475,6,63.424003,-18.767209,0.06595,0.06595,0.91858184,0.14566088,0.90915287,0.95629764,0.06595
6249c774729b4bf9b3993a19494c5ac5.jpg,3,68.093805,25.451975,3,68.097884,25.459827,0.55840105,0.53772086,0.96165895,0.0023457408,0.9534681,0.99474967,0.53772086
6256c41a75c64c3bafd0ec31db01299c.jpg,1,53.480627,13.226439,9,52.513536,21.678572,575.41364,101.972534,0.6619329,0.0007286072,0.6755038,0.8189555,567.9529
626f1c301f5e4d3f837ec4cb13fb7e97.jpg,6,64.824301,-23.964661,6,64.832545,-23.950144,1.1452999,1.0713209,0.90995157,0.014392853,0.8941939,0.9735335,1.3940159
627236279e934cb0bbd7da42de36abaa.jpg,0,53.733883,28.486307,0,53.813011,30.797391,152.11852,34.771313,0.9140473,0.027745664,0.8994907,0.97411036,114.96992
629750f5ad814d3f905a30c35d8276d8.jpg,6,64.857774,-23.909782,6,64.903414,-23.925787,5.130868,2.8446846,0.8789129,0.01934421,0.86461884,0.936089,5.130868
62e537f97eeb422a90f8ec56a7e424d4.jpg,11,37.101373,38.173689,11,37.251083,38.703596,49.81264,6.3711634,0.8460556,0.0029894114,0.8423234,0.9006492,138.86374
62ea81fb96204e2e8154821c1a2b979b.jpg,9,54.352818,22.711807,9,53.600136,21.043647,137.49123,0.9973834,0.7702508,0.013647437,0.7453395,0.8979657,16.045479
62eb049e3ec348ecac62c050ce457ebd.jpg,7,40.637793,8.811133,7,40.64124,8.367372,37.44528,5.8711324,0.9010468,0.017562687,0.88780737,0.9540045,37.44528
62f12f9f34d54d5bb601006d05c07163.jpg,10,61.375348,13.522048,10,61.368717,13.526002,0.7668356,0.7668356,0.9213982,0.038280785,0.9070908,0.9786277,0.7668356
6308976eec534334b97fd55e5d3d818d.jpg,5,51.748962,-0.99817,5,51.005936,0.773272,148.12454,8.142937,0.77754223,0.019537628,0.7420201,0.9196307,148.12454
6350974f2c6642d9a67f4dce3d0028d2.jpg,10,66.308424,22.478271,10,66.259218,22.278281,10.485035,10.485035,0.85092217,0.029793918,0.829455,0.9367906,10.485035
63d698ce9be14a57af21c73df7bafcfd.jpg,8,63.057982,7.638123,8,63.012291,7.547327,6.8389125,2.4881852,0.73447794,0.031008184,0.6963534,0.88697606,6.8389125
63d9608f39234682b9990bb3bd86a197.jpg,9,53.520456,18.97656,9,53.518461,18.9922,1.0575051,1.0575051,0.85316,0.08447361,0.83485186,0.9263925,1.0575051
640e9aae4d5c4e2aa4364bef0783039b.jpg,5,53.125463,-3.983196,11,39.559239,40.033464,3628.3662,1882.8126,0.71975935,0.0063837767,0.7152028,0.8345028,3562.7036
6431c97afd7d4a7f8eb53df4d7df61f0.jpg,11,38.252436,41.018467,11,38.252545,41.016081,0.20869868,0.20869868,0.89787364,0.0025740862,0.880139,0.968812,0.20869868
6468175752424e50b95a9822d80057af.jpg,2,39.319087,-0.408522,2,39.321286,-0.410527,0.29922673,0.23159288,0.9165853,0.012545228,0.9013399,0.9775671,0.29922673
647e798d3d974a8dab5c3526a43b4d86.jpg,10,55.868138,12.795243,11,38.690588,35.61452,2547.4956,359.63538,0.60546684,0.014902711,0.5952802,0.69092053,3866.8064
6487e5a1a4ef4e0384e1e36ddfd3f48a.jpg,7,40.568418,16.578157,7,40.569379,16.577708,0.113389075,0.113389075,0.8400697,0.008042872,0.8380504,0.92240036,0.8571542
64b0a3bf8fdf49d7897a499a75f2f0d9.jpg,7,38.020595,14.05986,7,43.594344,10.734146,679.8955,1.849267,0.779944,0.03335327,0.78976595,0.7848788,2043.7612
64b29ce0052940deaa6ec40b82799142.jpg,10,64.679159,20.946116,10,64.46754,21.088204,24.489262,19.386568,0.8346628,0.010739446,0.838331,0.8810963,399.82553
64ec025bad9f4b94918f172f28a4eede.jpg,11,36.511396,33.721243,11,36.507503,33.711889,0.9414302,0.9414302,0.7164055,0.044137,0.70286083,0.8527044,3623.3933
64f6c202bb9c4da893641d55f8250ac8.jpg,8,61.375302,8.813035,8,61.386876,8.810942,1.2917906,1.2917906,0.81467646,0.14604586,0.79073656,0.9104359,1.2917906
64fa2717d434444ea6ab1828d7d19c18.jpg,7,44.170837,10.264871,7,43.792224,11.513217,108.39098,21.172974,0.6622784,0.027288198,0.64866674,0.7735536,299.22296
650558955ea24207bad79712ab77a57a.jpg,8,68.440496,16.006595,8,62.488949,6.871853,782.9998,135.92259,0.6588118,0.013301492,0.6300845,0.8488828,1110.8741
65113ab4984542c2bf063d0cec25a087.jpg,7,37.924644,12.739338,7,37.948598,12.562969,15.694976,0.8848898,0.7877915,0.008029282,0.7814163,0.8132924,15.694976
65165ff9d48643a3b3b670b8e8aa9c67.jpg,10,62.216222,17.470384,3,65.480987,26.797656,582.7628,2.2073727,0.77216524,0.0027546287,0.75488937,0.8875396,591.9419
652e9b3936ae46f9bb0d1bd4f2ecca99.jpg,7,42.224476,14.481409,7,42.035478,14.837423,36.10523,3.3702774,0.8518373,0.04478568,0.857618,0.8509933,598.5795
6538e720a3314374aba0c80c3056174f.jpg,3,64.486653,25.690162,3,64.787787,25.542515,34.215107,3.8438528,0.93070596,0.0032501817,0.91915447,0.9777715,37.605583
65396927ac5e4f44bb83ba9f890594d6.jpg,5,57.173271,-6.063268,6,65.842997,-17.541373,1136.3004,50.673794,0.85291874,0.0036815405,0.8580962,0.87563205,1129.2173
65cb260d998e4677870750568d8480ad.jpg,2,42.862874,-7.908033,4,44.094448,-1.318053,548.9036,18.668674,0.7100905,0.0069233775,0.6953788,0.81397426,381.3793
65e895defe8f4bd9927b167e376f6535.jpg,5,58.555856,-4.705998,5,58.556486,-4.706181,0.07085262,0.05963245,0.8458409,0.016457379,0.8238605,0.93376225,0.07085262
65f06c4bea8d4643aaec53e255037022.jpg,11,36.334401,33.659188,11,36.33455,33.65906,0.020148689,0.020148689,0.88694596,0.05077237,0.86568344,0.9719958,0.020148689
661295af49414a15a69c6666c7b6f122.jpg,8,60.737006,10.2382,10,61.66414,16.058122,328.22986,22.018003,0.65596604,0.0095694065,0.6675908,0.7250085,1461.3937
66774d096dab4406953e5a0ab4f69d98.jpg,10,64.228795,15.11082,10,64.248047,15.831514,34.895535,11.051982,0.80956304,0.00617224,0.781889,0.9236958,20.33138
66ce0c0641ed4d75b839e573381b39a6.jpg,3,61.058832,24.083158,1,49.229025,9.690034,1594.5594,47.182514,0.6876224,0.024355173,0.6967373,0.7402622,1478.0638
66d32734ebca4cc69f632ba0261ed8f0.jpg,5,58.500075,-6.258564,5,58.491803,-6.231896,1.8020021,0.21220371,0.7334782,0.022891223,0.74757904,0.73444235,1046.7654
670a825cfa044a50acd1d51cfbb6fb8b.jpg,8,69.650534,18.519711,8,69.611981,18.332726,8.411237,0.391318,0.7063109,0.0010684729,0.70008004,0.8051455,19.188114
6715e31e54074c859a64cc7c9dcf6353.jpg,6,65.620466,-19.363188,6,65.620858,-19.363502,0.045909304,0.045909304,0.96986616,0.035186827,0.96396816,0.99345815,0.045909304
6733b4dc349d43a09d54bec34ad36900.jpg,3,61.193146,22.500203,3,61.725151,29.392166,370.7171,20.313265,0.75578135,0.009329915,0.7216749,0.8922071,370.7171
6739d67cae034a77a6a56832143a99ba.jpg,8,69.717876,29.84432,8,69.722349,29.838002,0.5537829,0.5537829,0.8115629,0.022130847,0.780625,0.9353145,0.5537829
677d520acb144e6fa1c7d8eec6222bfc.jpg,2,28.859315,-13.804984,7,41.783997,12.854971,2796.0,1744.659,0.666208,0.0036967993,0.65961826,0.702448,2980.9158
6781979427274818b5bef99a5b635e03.jpg,3,60.584207,24.251295,10,60.285497,13.890412,568.8284,13.688708,0.7049969,0.0030824542,0.71231925,0.8069694,39.907776
679b1ecba6c643978899b59550ac92a9.jpg,2,36.912708,-4.170116,4,44.676929,1.747264,996.0775,7.6072083,0.6597045,0.014333308,0.68569684,0.71475756,1549.8611
67aec5199ab84536920c5dc5c266db27.jpg,10,65.249473,16.860178,10,65.247336,16.878074,0.86638474,0.86638474,0.8838431,0.026152194,0.87752354,0.9091214,0.86638474
67c9a7980e5043e9adbe81e63bc33ec2.jpg,9,49.034874,22.353636,7,43.792224,11.513217,1013.57904,859.51166,0.66485566,0.008455992,0.66753674,0.7942517,2187.5562
67fc95c07ef240f4b73c02bc511b355c.jpg,2,38.412792,-0.633893,4,41.644318,9.211905,911.37134,69.485855,0.6728729,0.0088889,0.67053175,0.7697394,647.4087
6808985b1e4e4e46bbabcb97aa6c7338.jpg,9,53.795289,16.441727,1,52.727113,10.411996,418.1265,33.937683,0.7402872,0.050266266,0.720163,0.845541,177.8146
680af7e03b734a0db2d4b7f5706d7007.jpg,11,40.587531,30.325543,11,40.399815,29.999134,34.605362,4.519423,0.76798415,0.005831778,0.73933184,0.8825934,34.605362
68247bec11b2469f8e2a5a708e9a0ded.jpg,9,53.297828,14.655551,9,54.184116,20.105549,371.61288,5.7713914,0.69878244,0.015368938,0.6868064,0.7991767,64.88088
6831984c03db4e23a1093ab5549cd4fe.jpg,0,52.283926,30.310338,0,53.06727,29.42321,105.66001,13.292123,0.91725576,0.01381284,0.904677,0.9747772,87.17183
686612a48df54aad8b4651c505966bf8.jpg,5,56.887792,-4.73651,5,55.59005,-3.608228,160.25798,3.068729,0.72091705,0.049067914,0.7370543,0.7697593,1157.587
686bdd69dac84c4d9e1fe6a650f1ff7c.jpg,4,47.475379,2.437681,4,47.794766,2.184555,40.261444,19.154371,0.7116414,0.0068831444,0.7229338,0.75865996,324.3326
687e05ec1986407db69cc51f3d8ea6a5.jpg,6,65.649107,-16.734022,6,64.744258,-14.437627,146.94585,3.7354002,0.86510855,0.004035771,0.84421915,0.948838,147.77808
688671689c61415698ed68ac05d37a3a.jpg,5,58.531851,-3.12821,5,58.574835,-4.767275,95.20144,0.8728547,0.8105246,0.010146797,0.79312515,0.9018786,94.81769
68a30f49deed43c6992a164e57b3aa95.jpg,4,42.98385,1.571075,2,42.656992,0.926214,63.930847,14.460257,0.6807006,0.016777217,0.6362618,0.8584556,63.930847
68bbd5173e9047e9b98eda622587e86a.jpg,8,70.189232,23.992196,8,70.189191,23.992714,0.020046668,0.020046668,0.9914858,0.0104423165,0.99024856,0.99643457,0.020046668
68eb6d42b1ea406c9261b2f0a744aaae.jpg,5,50.298839,-4.849344,5,50.135329,-5.307912,37.351513,2.6508307,0.7051308,0.042949438,0.6648706,0.87585473,55.953175
68fd2d8d831847bfa316cd287ead0e63.jpg,5,50.579607,-4.7194,5,50.539184,-4.70958,4.5480514,1.1325111,0.85133594,0.0338037,0.82285905,0.9667943,7.8983974
690fffb604ef4a3a973b20fd27b23957.jpg,2,28.780436,-17.962977,5,50.291717,-4.971389,2629.777,2259.504,0.7142512,0.040216923,0.7072297,0.78299904,2608.0864
69356f019870427ea841edb3d8bc2efd.jpg,8,63.064429,7.499702,1,52.116113,8.205775,1218.1072,880.66284,0.7366814,0.0030319095,0.7408421,0.7932943,1117.2025
69482c585857462288b7df95b1015c2b.jpg,2,28.780737,-17.936621,2,28.774627,-17.962095,2.5740242,0.622347,0.6298291,0.011356115,0.6369432,0.6692722,259.25064
69869e78eeb94c959a6c97b45e2a98ed.jpg,3,60.512926,23.312515,3,60.636461,22.978176,22.853514,16.386522,0.8130357,0.056077063,0.8037103,0.85033745,22.853514
69a3a724853d45298e8f2a0fa1dbe604.jpg,6,65.675744,-20.684976,6,65.666484,-20.705522,1.395017,1.395017,0.88740456,0.012492895,0.8697623,0.9579737,1.395017
69a888cb3c934cbba3d699469f51e5fa.jpg,4,43.582194,6.635795,3,62.850334,27.697184,2534.6,234.20212,0.6874342,0.0037217736,0.6576439,0.8065953,2534.6
69d7f37c233b46beba0a9ce533705c2c.jpg,2,36.146006,-5.448637,0,55.27113,26.495818,3217.84,1428.6422,0.6558448,0.009527266,0.6529641,0.78646266,3042.0269
69fe764d473f4cb19324c51cc9905a9a.jpg,8,61.580103,10.062454,8,61.797294,10.22406,25.610157,7.7574306,0.77039266,0.06681728,0.7510964,0.8475775,25.610157
6a24ba458ac943119d97ded53a2a743e.jpg,9,52.415844,21.623862,9,52.410689,21.622174,0.58453226,0.58453226,0.8257347,0.0019370317,0.79811335,0.93622005,0.58453226
6a280e9ab0c046eaa10c6019e78460d8.jpg,3,66.251281,29.245805,3,66.261153,29.302348,2.7593136,2.7593136,0.8806794,0.0052720904,0.8561117,0.97895014,2.7593136
6a3a0732f3034a13b3a9a43e65e47a53.jpg,3,64.827373,27.802288,3,64.83527,27.790714,1.0347184,1.0347184,0.7466568,0.034234285,0.7438061,0.8104775,74.76629
6a728da95ee24ebda4101c6eeac2e081.jpg,0,54.166565,26.461252,0,54.430478,25.983176,42.702766,0.751633,0.82155824,0.02538079,0.79465926,0.9291543,42.702766
6a8981dc9a8641c5b9bf70cacb03b945.jpg,4,47.776098,1.75054,4,47.543567,3.452662,130.07045,32.492878,0.7193214,0.029033124,0.7091379,0.7815455,463.4005
6a8b9b87785c48c1844af07a83002933.jpg,9,54.300536,22.633293,9,54.299092,22.482157,9.808105,0.21140489,0.71179646,0.01720792,0.7033452,0.7797742,35.49492
6afe3d41a91d448eba83353dc3afc344.jpg,9,51.802244,19.727956,1,51.619344,10.947875,604.9226,26.959805,0.7467648,0.0026891232,0.7321893,0.8050666,604.9226
6b1eea489ed6438c87cfa811c05f5188.jpg,2,41.080506,-1.04089,2,41.068452,-1.028365,1.7025967,1.7025967,0.8077048,0.047697067,0.8029399,0.8267642,1.7025967
6b92d6b4c1374bbdb734113ec92d1dd5.jpg,0,54.134407,27.347631,0,53.399106,27.105411,83.297165,1.892603,0.66954494,0.013675392,0.65382206,0.76147044,249.69046
6b942c6ce30e489e8fc1de62a0ac3fde.jpg,8,60.233549,9.601124,3,61.290735,22.170811,691.59955,148.32686,0.6863009,0.03534448,0.6412046,0.86668575,691.59955
6bd202cac7b4456798793364163da803.jpg,10,55.401168,13.155297,10,55.40236,13.156364,0.14868295,0.14868295,0.8709371,0.18940032,0.86811674,0.8822185,0.14868295
6bfd70cb31e94ddd9f0cbbf4a64e8081.jpg,1,50.456173,12.100972,9,53.591454,21.039176,703.23254,228.07764,0.6797723,0.011532545,0.66520154,0.7908478,685.4015
6c2ba431b9b14fb2a2d4138dd2a411b6.jpg,2,43.332439,-4.691646,11,41.444897,31.81685,2981.7512,757.7208,0.63909507,0.0007226467,0.6522789,0.7548081,3279.9473
6c3bbe1ff4c84d8cba460c07c513046b.jpg,8,59.04094,10.046059,8,61.299884,10.250967,251.43869,56.41725,0.63970786,0.019637644,0.658741,0.64969355,2054.512
6c488de154b54ccc8f48bdc6da8126bb.jpg,8,58.220259,7.93342,8,58.085241,7.808552,16.705555,3.0669901,0.71897125,0.0050319433,0.6914943,0.86652017,81.010086
6c4966892ef54e46a62e581c9d413206.jpg,0,53.975007,30.466634,0,53.549295,30.34094,48.05267,0.15815185,0.7975313,0.0063334703,0.7691425,0.9501964,110.54852
6c4ef433cc144fc2972f280ccc759944.jpg,4,50.116599,1.865785,4,46.375004,5.971699,515.1269,45.355274,0.75589365,0.029525459,0.73962045,0.8324684,498.5745
6c661f0fb7ce42969fd1d41c08d5c148.jpg,10,67.026274,19.828802,10,67.227809,19.244056,33.777184,2.188479,0.8893875,0.0035470724,0.87946683,0.9363643,43.80162
6c781dd58b0a47dd8dfe00e889d60aaa.jpg,6,65.010891,-22.601685,6,65.642554,-18.459332,204.65895,3.5609503,0.85164964,0.0004733801,0.8345644,0.9415393,60.576935
6c8cc057520c4cc9a5e7d84b07ec801c.jpg,7,39.229084,9.126556,7,45.848418,11.935953,771.0507,0.38754544,0.6535151,0.023202837,0.6421218,0.73574126,726.67035
6ca9d86b08c2499d89f797cd85184f13.jpg,10,55.95205,14.096634,9,54.464849,17.203659,257.26596,8.630863,0.7169336,0.03760159,0.71377766,0.76255447,317.9015
6cf2ffd17af240ef9b59f97b2e9f6b98.jpg,7,42.451735,14.217065,10,61.392244,17.173692,2115.3025,28.116522,0.65895045,0.018301368,0.6707845,0.71805274,1664.5508
6d2715c62d2643069b913ffd3644d8bc.jpg,8,60.127198,8.679535,8,68.42661,14.668645,965.974,25.96118,0.8048012,0.026895285,0.7915189,0.90609115,990.5623
6d41bd32866c41f28803aae54174549e.jpg,11,40.880918,37.762452,11,40.877845,37.76063,0.3744666,0.3744666,0.7935565,0.07322568,0.7836492,0.8331855,0.3744666
6d43cc172ae146c8b8a2bd9034131b3e.jpg,8,58.222355,7.916199,8,69.293191,16.017455,1291.2233,3.3832262,0.59968716,0.00749141,0.60992265,0.6845995,144.5282
6d8450956d6849f9801d8e9e94d811ac.jpg,3,65.551363,28.159291,3,65.543498,28.11578,2.1853497,1.2512139,0.9241819,0.006595373,0.9119138,0.9759595,35.766663
6d938b6b77974077a900b872d0c3c3e5.jpg,1,54.11295,12.568495,1,53.488028,8.482683,277.12958,34.077087,0.71717167,0.007967472,0.7125819,0.8225044,306.0233
6e11cc352bae41a49647d3f260fdcad0.jpg,8,60.613223,9.066565,8,60.607641,9.070547,0.6576267,0.6576267,0.8089565,0.115560055,0.78763235,0.8942531,0.6576267
6e1b467e3aec410db464d029bdac0548.jpg,11,38.593885,36.429589,11,38.497881,36.454068,10.885373,3.1960635,0.70026875,0.08404422,0.6884105,0.7664937,2750.9116
6e1d07af14a14842aeaa404508f6e2ae.jpg,9,51.801518,19.796015,9,51.644384,16.925847,198.45879,12.92548,0.67926127,0.001434505,0.70157766,0.65296686,168.78181
6e2545effa424bc3b49595928eb9e554.jpg,3,62.16148,30.060976,3,62.214179,30.096282,6.139479,0.4209935,0.8561143,0.013615727,0.84723574,0.8916285,6.139479
6e2b93f0eb3a4ebb9abc0f9eec636da3.jpg,1,52.009883,7.72661,1,48.783557,9.514531,380.44778,121.97098,0.671656,0.05700898,0.63205576,0.8300569,380.44778
6e50a6c45b3b4522b7785fe548d63662.jpg,7,42.558701,12.371049,7,42.592251,12.303031,6.7034726,2.600539,0.7533063,0.13605362,0.7250695,0.8662533,6.7034726
6e5fa69ef6e9408eae893cc1c1fd482d.jpg,4,47.634186,2.355288,7,44.818645,11.662675,780.77734,267.9597,0.638519,0.012387931,0.63229847,0.7198763,843.7177
6e858db7e3554f58aaac8c46b95f4ded.jpg,0,54.470087,25.861052,0,54.341532,26.20063,26.217289,1.9267255,0.70203376,0.031005323,0.6642281,0.8791136,1.9267255
6e9920288b7c49faa254f70a138e6325.jpg,3,65.991433,24.686412,3,66.11567,24.834209,15.340649,1.7558821,0.9203537,0.003934324,0.9123701,0.9706707,16.89663
6ec2129b3bd2461a9369c4e1c1873f5c.jpg,3,65.75071,29.193629,3,65.679861,29.114293,8.673363,3.149652,0.9552106,0.005837798,0.9473585,0.9867161,3.149652
6ecc9c4d2c7d439fa9781146b043f173.jpg,5,53.909648,-0.475225,5,54.32522,-6.461995,392.7889,7.2652917,0.62303925,0.004011631,0.6058339,0.7863588,34.307533
6ed1809e9e364b298622b5caf84c447a.jpg,3,63.862601,23.253221,3,63.933639,23.436564,11.9519205,11.9519205,0.86853755,0.03166896,0.8462415,0.9577217,11.9519205
6ee8b69ae4bd4fdf8b82ca8e0e175811.jpg,6,65.394461,-15.432111,6,65.842997,-17.541373,108.9032,13.899654,0.8738679,0.0025945306,0.86341023,0.9271035,108.106995
6f2b46002fc348a98d9626edda13f709.jpg,5,50.338522,-5.097503,5,50.466347,-4.434402,49.09923,5.7231216,0.7947451,0.0093045235,0.76844,0.90049934,51.00074
6f2e1c04acb047abb5d3537024027f85.jpg,0,52.467558,25.84126,0,51.956651,25.564037,59.8679,0.34315223,0.8543908,0.011587858,0.83605194,0.94980323,12.779174
6f74d4f7f048422eab16a2929d3ad8f9.jpg,7,40.921129,9.093526,7,44.485454,11.257014,433.9336,300.01175,0.6340964,0.006406486,0.6173495,0.77401817,675.4591
6f8400c48e80426fa998301de875daf8.jpg,10,58.308041,14.135961,10,63.44018,19.666109,643.8578,28.787188,0.65691245,0.0073136687,0.62426925,0.8491271,146.9288
6f8cff1ffb564af7a57f479bc000b791.jpg,5,57.354828,-7.375662,5,57.55167,-7.26139,22.930506,16.374313,0.8012713,0.010570765,0.78601,0.8809996,16.374313
6f97870138bb48eba47364573aa93c84.jpg,7,37.185865,14.147442,7,37.56623,14.917226,80.09727,14.555796,0.7711144,0.001354754,0.76409173,0.8050005,16.656334
6fae79d9ec5d4d1db1825d5a85035316.jpg,8,58.263116,8.166065,8,58.284545,6.554208,94.27808,8.927351,0.8220974,0.011452258,0.7994537,0.9263185,116.699524
6fd4196f5e314c20940f12f92e454329.jpg,7,36.91579,14.413401,7,36.816285,15.049098,57.62406,2.3849928,0.75760156,0.0024417639,0.7371433,0.8947726,59.421413
6fe3e783d8304341bce2580344349bbc.jpg,1,52.656507,11.824136,4,44.439159,-1.126209,1316.7832,179.24419,0.6946049,0.04444009,0.66426194,0.81597656,1316.7832
6fecb935dbde41dd8bdbaedf5440896e.jpg,0,52.803155,29.4057,0,52.797969,29.406642,0.5801246,0.5801246,0.83627105,0.013798237,0.81825733,0.9656403,5.3048368
6ffefd7106db479e91ea53463b8926d3.jpg,2,40.882199,-5.579537,7,41.001592,9.235135,1242.9191,30.209787,0.85477203,0.0335719,0.8496837,0.88769907,1239.3727
70109bbfc52b49dba44652a7be5becef.jpg,4,43.262292,0.504415,4,43.142729,0.424442,14.790894,14.790894,0.69293755,0.010791123,0.69460154,0.73290455,193.9478
703187fe35b8470fa7aa17f5831c3501.jpg,9,54.171557,20.331593,9,54.632306,17.50353,190.0691,6.5236773,0.725355,0.0013780594,0.68531156,0.8976551,197.51091
70349a4f043d44e19ad709649751b2f2.jpg,7,45.991999,13.317729,7,45.763535,9.25114,315.79562,30.550798,0.5978335,0.0068125725,0.58321995,0.7247904,389.63998
703938a58dab439eaf69e7db9ac06831.jpg,11,38.236333,40.97692,11,38.235157,40.976325,0.14071326,0.14071326,0.6920788,0.02278483,0.7079723,0.7400472,973.7968
703a70cf15cc4d21a132cad29634e5d5.jpg,11,40.084209,40.424403,11,40.361351,39.887415,55.02927,2.4120457,0.6933477,0.021888316,0.6767541,0.7597219,55.02927
707246814a68494f866fb0db6b256650.jpg,3,64.487933,25.68825,3,64.15175,25.798782,37.7594,3.678662,0.9265682,0.016658962,0.9141718,0.9761536,37.7594
70858c8d9b574942927af81fdfd6e0de.jpg,8,69.065081,18.461958,8,68.992673,17.720836,30.573006,10.979011,0.79398715,0.0042917132,0.7641287,0.93692005,10.979011
70a9ff862b384b129bb9e28a7f475e67.jpg,7,40.790392,16.419336,7,40.782331,16.426794,1.09439,0.22675931,0.8889662,0.01809138,0.8724777,0.9601997,0.22675931
70c54efcb54740ee87a666b84d60996a.jpg,8,59.613382,7.420514,3,67.14385,25.010443,1204.2463,607.4635,0.85525554,0.004739344,0.85478127,0.88422513,1303.174
70cb43a69c0a4593ad59835f297ec20a.jpg,5,54.954579,-1.845654,10,58.001822,15.750322,1128.641,115.3379,0.6625883,0.03490901,0.62907887,0.7966258,1128.641
70dfc9b9e9fe4524be8e852cbffe6976.jpg,7,40.732306,16.46995,7,40.570273,16.577622,20.177496,6.644898,0.7351027,0.00027400255,0.69230604,0.9361079,30.542908
70ec5e501b1b47bd89df146dbd1f3386.jpg,4,48.498398,-4.506924,2,36.229393,-5.843071,1368.6035,568.0909,0.69635385,0.032849252,0.697241,0.8043978,761.8572
70f2529fd031428cbdf5daf3e0764bb1.jpg,3,67.050313,28.928053,3,67.294944,28.151831,43.1411,7.6269236,0.8248423,0.00081419945,0.79463285,0.9456798,43.1411
7147affe6e6f4de1aa6c872e2ef8f8ab.jpg,9,50.672373,18.001684,9,50.010116,21.124314,233.49477,9.956321,0.6747254,0.0007084608,0.6720911,0.8185577,157.17485
714eb9594025478a9d3872764d238fb4.jpg,8,62.510117,11.27255,8,65.024836,13.264094,296.22592,5.5849123,0.8362537,0.0029939413,0.8045058,0.9701562,198.32526
717f4f13bb3449beb2fcada520f72abe.jpg,11,39.811804,44.085104,11,39.805486,44.094734,1.0817527,1.0817527,0.87935835,0.04977578,0.8578101,0.9655515,1.0817527
719f15340532489bbb305c7cc3d2e25f.jpg,4,42.552534,9.460755,2,39.680318,-0.322079,878.8921,21.139835,0.7534856,0.0035119653,0.73379874,0.8322331,878.8921
71b1a738f4f24d97b13477aebf125770.jpg,9,51.471647,23.539138,9,51.493983,23.54388,2.5052662,0.1992459,0.7967359,0.018699288,0.7626134,0.9344678,100.28615
71bdf80ac7a8468298621cb1f1c86f3e.jpg,10,57.455964,18.342597,10,57.46371,18.444812,6.173936,2.5222716,0.8309675,0.027994394,0.81856,0.90841234,16.22097
71e93f4ce0d24c68805c5b1436e4e4e9.jpg,10,55.540224,13.765482,10,55.595339,13.722277,6.703561,0.95727813,0.78564775,0.025307119,0.7931287,0.86543685,1218.2108
71f6aa266fce40219033c5fb15186272.jpg,4,44.807269,3.680699,5,52.63924,-3.717811,1024.9347,53.3249,0.74562097,0.050018907,0.749154,0.82677823,103.672356
71fa97059463496db88abfff1d29ab8b.jpg,1,53.605215,7.1682,1,53.671187,7.473126,21.399061,21.399061,0.669572,0.0105909705,0.6636608,0.72608757,961.81213
721e38d1e4c44a04ba84e5629c104188.jpg,2,41.449719,1.785866,2,41.472738,1.810738,3.293502,3.293502,0.7294781,0.016999185,0.69213986,0.87883115,3.293502
722200b96e4b425c82fa71cd1f83e2c4.jpg,2,38.978974,1.466092,2,39.086575,1.520939,12.868449,12.137255,0.6470392,0.03179133,0.63641787,0.7528723,12.137255
724d4643fe6842b7a1db9050bf4f88c3.jpg,2,42.554245,-2.946299,2,40.358605,-1.086697,289.15756,19.305576,0.7430295,0.007963836,0.7136271,0.8606389,289.15756
72a7cf0664b444bc98a2eefc276f10fd.jpg,8,69.779384,25.169283,8,69.780044,25.169465,0.07372126,0.07372126,0.95523,0.074288666,0.95018387,0.9754144,0.07372126
72a81127520f405dbd703331d5ccf5eb.jpg,10,55.683652,13.837499,10,55.617004,14.199052,23.864033,5.934965,0.6751456,0.012668312,0.6699957,0.75574726,303.76376
72a9c1a044ca46a3a54de061400f4e9f.jpg,2,43.745292,-7.717619,2,43.746086,-7.720213,0.2263063,0.2263063,0.6625242,0.012482166,0.67090154,0.7398526,1616.5461
72cd8f42b06540f785f17f922143fd89.jpg,5,57.305492,-6.234993,10,56.23753,14.073136,1238.446,713.3463,0.7069306,0.007999659,0.698635,0.82350266,1919.5317
72d9e932e2ce4170885ed78cca8a5928.jpg,10,66.179612,19.947947,10,66.231511,19.932041,5.8148637,2.0119762,0.9034661,0.0064722896,0.8864284,0.9716169,5.8148637
7311fa286be44b2f9dfd63708d2a8789.jpg,4,43.719975,-0.392368,9,53.061291,14.953235,1531.2964,2.7627316,0.7067234,0.01584822,0.6941353,0.76520014,1532.8765
732164230f1440e19bf10b883c5d3e25.jpg,3,65.415062,25.385858,3,65.422309,25.387218,0.80828243,0.80828243,0.89242774,0.073208034,0.8780742,0.9498417,0.80828243
7329bcd9a32747289a3815dc1ad33edd.jpg,1,55.096657,8.485305,11,39.194277,37.298279,2772.0063,2002.4935,0.776144,0.004470706,0.777955,0.83545566,2449.411
732a1a4fd9314d8aa889718ff18dfae8.jpg,10,63.754685,16.293391,10,64.377302,15.644258,76.0881,6.6130533,0.83873606,0.0037018657,0.81883734,0.94678414,89.11554
733d3659aa65465f873de5cc564c7ee9.jpg,0,52.993727,27.295023,0,52.981241,26.936207,24.05859,1.4824799,0.83459383,0.0008456111,0.816558,0.9631432,42.131813
73482080d71f4a80b8327fc0d084d3f9.jpg,8,66.305676,13.211274,8,66.317393,13.300788,4.205847,3.8028715,0.74873817,0.00077962875,0.7434776,0.85168314,9.683619
734bb652ee8145cc8695a634099cedb3.jpg,9,54.259701,18.250377,9,54.702913,18.356784,49.76006,6.2326975,0.6930512,0.022013009,0.6928903,0.7656672,798.00116
73577ddc34574900a5f907d49479e86b.jpg,3,65.699168,25.161729,3,65.413605,25.397876,33.560757,3.4321916,0.7188398,0.0005632043,0.6867521,0.8811947,362.1164
735f71a3fd9e40b0b8f151837ec40670.jpg,4,43.460191,5.001122,4,44.676929,1.747264,293.03317,0.61275077,0.6783147,0.027221859,0.67645186,0.80578965,94.69121
736664928fe0490bac8a9531c2650258.jpg,10,59.199615,14.399581,10,60.185555,17.895909,224.70377,38.16263,0.8297066,0.03272766,0.8023417,0.93916625,224.70377
7369358ec0b14234a7cc98141b79abbc.jpg,9,50.233471,19.709155,9,50.1903,19.7965,7.8533554,1.6778047,0.83110815,0.045576036,0.80703944,0.92738307,7.8533554
73723b6e62fc4532b5d375bab911ac60.jpg,0,54.500752,30.066451,0,54.538322,30.18654,8.804774,2.5597324,0.7396606,0.0104417205,0.7466783,0.7173689,292.44543
7387150e0564466095d43d194c1cdf5a.jpg,8,62.462811,6.31569,8,62.468812,6.292679,1.3580734,0.84139574,0.74293745,0.0036472678,0.7600788,0.7529259,1774.2881
738c7485d63b424ba985e8b641fa8a19.jpg,11,39.75942,44.142494,11,39.797171,44.110018,5.0322037,5.0322037,0.84226424,0.027915537,0.8204183,0.93124104,6.549339
739cf92b2d1b401b9fba7478ccb54d16.jpg,9,53.944871,16.024034,9,53.608257,15.107757,70.89322,3.9144168,0.72096634,0.0030184984,0.6956071,0.82689595,216.00867
73ca97fc24b240c0b4a6935c077ff8a3.jpg,9,51.276147,22.951713,11,40.242425,37.956072,1684.856,1104.6354,0.7522142,0.021738589,0.71868557,0.8913561,1707.5195
73dafa7903e64f17a41e53fd899527b4.jpg,11,39.797522,44.10919,11,39.797171,44.110018,0.08079111,0.08079111,0.9523331,0.14404804,0.94526386,0.9806099,0.08079111
73ef64cc0ee249278ebcb49561b23d93.jpg,2,38.20467,-0.723269,2,41.491975,-2.85175,408.16858,3.896402,0.7402238,0.010430753,0.74716675,0.77852,419.74817
74531b87f0f2424c8e5e39f6b527954a.jpg,6,63.982126,-22.38325,11,38.287824,33.987592,4628.592,1654.548,0.7067121,0.0011060238,0.72792464,0.78233683,3414.5422
7455497032294f8994518010ae3ac01a.jpg,2,40.056453,-3.612864,2,40.054278,-3.613566,0.2491203,0.2491203,0.73305386,0.053067625,0.7665726,0.7100469,1057.8444
7472f68fe030466daea350fd948843b8.jpg,10,65.011444,21.31262,10,65.039462,21.351213,3.6040266,3.6040266,0.8411775,0.007119775,0.8219897,0.9179287,3.6040266
7492980d51a549348ebbd946267652af.jpg,0,52.286438,25.992935,0,54.770011,28.255829,314.0253,6.6975236,0.786749,0.013750911,0.76864386,0.90797263,6.6975236
74ba3481e11a4172a46aa1e3fdd55028.jpg,0,52.825518,25.466509,0,52.413007,24.339019,88.86539,17.245922,0.8171976,0.024159849,0.8169706,0.8181057,88.86539
74c29e90863e40aa849c8d9f7f384168.jpg,11,39.598656,40.185145,11,39.601147,40.184913,0.27769923,0.27769923,0.9162358,0.0030411482,0.9031884,0.9760207,1.2403487
74c5fbb114ea4db1aa63862eb922add6.jpg,7,45.268766,12.299719,11,38.185242,26.835566,1437.2885,41.665543,0.7056291,0.016150594,0.72146,0.7885657,968.557
750de2e4475642d8ad4ab67b7466b4ba.jpg,0,52.323339,25.629617,0,52.527682,25.580347,22.966219,5.148381,0.69380623,0.023649514,0.66976464,0.8361422,5.945263
7513e3fa850e41f99affd0668c6c82c5.jpg,8,69.363217,24.038828,8,69.378863,24.061204,1.9481213,1.643886,0.8832074,0.0021403432,0.86559474,0.97708786,7.698537
751db20e519a4a73abacbd70c3ccb73d.jpg,4,47.832511,2.842163,1,52.999271,7.346178,656.89594,350.22067,0.7105336,0.0026962757,0.7017435,0.7504293,685.66315
753725dd98c44aa39f9e1ef724d47ff5.jpg,5,50.306187,-4.851407,5,50.576031,-4.876399,30.057476,1.9343718,0.75234246,0.016947865,0.71048915,0.9221785,37.07249
75384fecfce04c368590f5a2bcfac0ea.jpg,6,66.062749,-19.147115,6,66.075201,-19.195748,2.594016,0.16163155,0.8922084,0.025738418,0.8776439,0.9594948,4.4237957
75509dbca9a541a58dd582265d1c49d8.jpg,1,54.474197,8.850906,7,45.064135,10.87783,1056.3119,78.68268,0.7819802,0.021141112,0.77007174,0.8518391,1024.9409
7550b526932841de8357b2c1e81a6086.jpg,9,52.656384,21.572273,1,48.565457,10.732096,888.6036,377.62103,0.5804878,0.019649267,0.56124,0.6897514,1496.7108
75538e3b8fa14e588ea27b2a4c0af2f6.jpg,0,52.504842,27.474795,0,52.372673,27.460245,14.7296,2.6012287,0.8947879,0.07200295,0.8769914,0.96597385,14.7296
756f898838884702bc74aa81c66525aa.jpg,7,42.543579,12.259043,7,42.593051,12.237133,5.786261,5.786261,0.807036,0.00873661,0.78253794,0.91361606,97.704346
757dd02605eb4daab6eeddc5e13a2ad0.jpg,8,68.779671,17.797106,8,68.775596,17.801596,0.48783246,0.48783246,0.7796154,0.02239734,0.7827652,0.77271223,337.098
75a77ebba7c4431f9ba48a7e8ce35c3d.jpg,2,36.55719,-4.656322,2,40.099926,-5.961746,410.04767,8.283057,0.7485173,0.003959596,0.7680646,0.78366625,1749.4651
75cd55378415406d89f6d4dd9bf8ada3.jpg,5,56.082722,-4.82377,5,56.846888,-4.710527,85.255745,0.22099002,0.80652857,0.031009018,0.78297865,0.9007279,85.255745
75dce4f5525948a2a664ac9673a680fc.jpg,1,52.06319,13.220625,1,51.911262,13.542135,27.750925,13.15098,0.74374664,0.05537373,0.72872216,0.8038447,27.750925
75e7dc7ac1c2495997d2cc3ed6f640c4.jpg,9,52.321906,17.676167,9,52.232031,17.99012,23.581802,22.049702,0.8066819,0.0863086,0.8090479,0.7972177,23.581802
762c960ea33349629177cafd4bc25135.jpg,4,48.279094,-4.500337,4,48.149411,-4.235565,24.347696,3.4679465,0.82592744,0.013194263,0.8183181,0.8563647,24.347696
7631ce4d62094b3cab47bcddb3d55004.jpg,9,51.725976,18.003765,9,51.706544,17.966264,3.3679821,3.3679821,0.8457024,0.1603396,0.82860625,0.9140871,3.3679821
7633b8895b4744c2b7bc741d8676758c.jpg,3,67.813946,24.794459,3,67.826049,24.829041,1.9795343,0.089432046,0.884971,0.00674212,0.86720335,0.95604146,1.9795343
7637c7f4d16e415fb1e6e5db0a3092a1.jpg,10,59.317692,15.910244,10,59.820785,15.614007,58.37626,5.2101946,0.6991849,0.00022792816,0.69057304,0.8038733,427.86588
765fd0ed9e1d43eb954a70e4f08c614d.jpg,10,64.742749,15.802441,10,64.646519,15.733068,11.196803,11.196803,0.91717815,0.05883974,0.9050625,0.96564066,11.196803
7661386061e941bd9ebe52d6bd941143.jpg,6,65.574691,-22.909997,6,65.615748,-22.514635,18.72926,2.9993255,0.9327333,0.0033419728,0.92262447,0.9797207,18.57813
767bc055b1f14e1ea420b84d61742424.jpg,9,49.763993,21.386187,3,61.12339,24.665995,1279.5309,19.563263,0.7037882,0.0326674,0.66651106,0.8528968,1279.5309
768b865447cd44ffb62c6e818c9df288.jpg,4,49.6617,1.428124,3,67.930979,23.942262,2379.5398,14.287526,0.6714323,0.008992732,0.68978715,0.76634395,225.73468
76bba57c9a0c4484bb056d8861d9ca65.jpg,9,52.994736,18.514644,4,49.28419,0.087559,1345.7721,131.05444,0.65168643,0.00332582,0.6470044,0.783766,1096.6979
76cd84532cad4aa79e42b087387a491b.jpg,8,68.775022,17.801352,8,68.775596,17.801596,0.06457731,0.06457731,0.8286534,0.019976258,0.833248,0.8213842,14.47741
7712abf623af450f90b3d0eecf45f539.jpg,0,53.893714,27.338725,0,53.889962,27.337632,0.42330715,0.42330715,0.74149126,0.09717697,0.76151955,0.78226316,2441.7234
77428da0ee2e4be98636f43e8809a66a.jpg,7,38.031026,13.344114,7,45.709286,9.873363,900.6144,1.7579416,0.72347164,0.0026671886,0.6992494,0.8203604,900.6144
77471657378947c0841017d8533b0712.jpg,6,63.475532,-18.568852,6,63.520838,-18.47613,6.8224516,0.13505529,0.945556,0.0014294982,0.9375906,0.98201036,2.0904126
774ca18eda3e4e42b3fe19a9ddf080c1.jpg,5,51.988309,0.684649,5,53.684229,-2.774966,299.2191,45.718555,0.68313146,0.0025063753,0.6348568,0.8837141,126.780624
7774988a36c846acbc6089e4369be4b0.jpg,0,52.845918,29.36257,0,52.851645,29.352829,0.9129229,0.9129229,0.862803,0.009009004,0.8473418,0.92880857,10.319514
77886e9ab5754f3ca33f04e8351d72b7.jpg,8,61.95375,11.764537,8,61.929216,11.766155,2.7293723,2.7293723,0.74665654,0.006836951,0.7128402,0.88204426,445.69644
7791758ff3534689aca390923a56df2b.jpg,4,45.786002,3.014495,4,45.534759,2.353654,58.463963,54.080452,0.63727915,0.07512605,0.62835777,0.72942305,1374.5172
77b845b851bd4087b44514278ed6e6d2.jpg,3,60.464139,25.761549,3,68.433194,23.499973,892.5825,6.891445,0.7780135,0.04337412,0.78610533,0.8767715,186.75668
77c17dc70e76452e98b7a00d4a077e87.jpg,11,38.19485,41.100899,11,38.202983,41.098718,0.9242138,0.684295,0.8578793,0.0032435656,0.83882385,0.9430171,1.0343395
77c413fa3a6f484d824f31027eca11d3.jpg,6,65.56855,-24.135673,6,65.550515,-23.952548,8.660357,5.249642,0.8543462,0.0048512816,0.8399784,0.9397682,6.4309254
77db10f0e1ef4a008c200ce4f01c6f77.jpg,8,59.883681,5.312277,8,59.849903,5.351223,4.339756,3.1064224,0.81116086,0.00086444616,0.7858797,0.93643105,189.61256
7805a7b90d3247c9bbacf046f87c3bdd.jpg,6,65.223531,-14.349583,6,65.102027,-14.328395,13.546842,0.116833694,0.89728004,0.013308227,0.8856478,0.9531356,32.64325
780e7472c79d47d6a62b492fec8e3545.jpg,5,56.424635,-4.834722,5,56.418167,-4.844522,0.9383538,0.9383538,0.8501377,0.15402883,0.842884,0.8824165,16.473549
7822de31b700465a89b468aa7cbb9770.jpg,7,45.866912,13.180943,7,45.143276,10.627674,214.61885,12.79647,0.72003275,0.009582579,0.69743335,0.8134012,77.05082
7824adaa62ea4d6f87b2f3ff2bce5df7.jpg,5,55.62613,-5.135443,1,50.854895,12.468843,1281.3527,62.297848,0.696274,0.010526061,0.6844963,0.7983773,1310.5869
78345652254548cc868b4b498d431b25.jpg,3,61.805713,22.312318,3,62.269224,22.606891,53.779728,11.462613,0.7836305,0.0059919357,0.7622395,0.901933,79.60481
7852d5cac0a84c4bb3669547d00f7906.jpg,1,53.090881,12.140481,1,53.307476,12.35975,28.166842,4.398376,0.74449563,0.010381341,0.7230294,0.8866084,76.673134
78655ebce85640adac3c82594aa5ef86.jpg,9,53.271296,15.959102,1,54.535707,13.249757,226.4015,12.691879,0.6961081,0.026207626,0.67600095,0.80266035,191.34093
7870e82e9f544591a5f6c2499136aa17.jpg,2,42.668631,-5.598399,2,37.167563,-4.552014,618.15137,192.5545,0.7629528,0.016077995,0.7869703,0.77133596,1893.835
78732f84a3c044d186db05bdbf1df65f.jpg,11,36.252412,29.956167,11,37.022185,30.176414,87.821846,0.26155382,0.71079075,0.007261038,0.6979811,0.8339914,16.76859
789737b874b54a558ca6d7e3a8674e9e.jpg,10,56.244729,16.46563,10,56.333729,15.145573,82.06275,82.06275,0.62232107,0.035521805,0.62360525,0.7273015,1118.4694
789e7b3eea484d2c98adac90abfe03c9.jpg,5,52.544262,-0.199045,5,52.522789,-0.167534,3.2006106,1.0607435,0.7821568,0.010642648,0.7439954,0.9348021,3.2006106
78bf3b301cab4df1ae81e9dec3a1bb5d.jpg,6,64.754665,-22.248431,6,64.747057,-23.816201,74.363556,13.045237,0.8918916,0.0042805076,0.8766079,0.9581418,28.984402
78d5f96acd7446b1b30becd71656eca7.jpg,10,56.566563,15.437204,3,62.302979,27.308843,923.40546,105.22923,0.7984157,0.015138626,0.7749437,0.90393484,643.12823
78dc2a340a69407ebdab69b491c68439.jpg,4,47.931747,-4.370533,4,48.149411,-4.235565,26.200745,14.380462,0.8434165,0.03677821,0.82210076,0.92867935,26.200745
78e775fd9ad348ef840dcb89a752f461.jpg,4,48.146609,-1.118458,4,44.239722,0.59674,454.01224,18.439423,0.646556,0.0068944097,0.63958144,0.72448874,188.67493
78e7c64b0a9c4ceda73024b43e03543c.jpg,4,44.388842,2.040605,3,62.256307,23.748561,2429.3496,244.82405,0.6662009,0.025426447,0.6406635,0.76835036,2429.3496
78e89bde59bc4a3eb47d9baec259edca.jpg,11,38.472824,27.598781,11,38.912923,27.825505,52.744633,16.924267,0.74844086,0.033098042,0.7375823,0.79187477,52.744633
79192ecdc21a4fee8d413a01aa33eabb.jpg,9,51.548366,20.067223,9,51.550652,20.045998,1.4894605,1.4894605,0.7060769,0.04582739,0.6711166,0.8459181,1.4894605
79290707a123431c907e821ab0fb02e3.jpg,2,29.100232,-13.469668,11,38.706055,27.029157,3853.153,0.42494142,0.7230753,0.0003311038,0.7245064,0.71735096,3853.153
793ebea1bb0d4523a1e5c3440a4d1efa.jpg,0,51.912363,29.789544,0,51.711651,30.351019,44.586605,0.5908098,0.91934747,0.0023459792,0.90652096,0.9870548,44.880978
7946ba4e6ed9452e9be2b6073adf32cb.jpg,1,53.037142,13.040981,1,50.118843,8.853504,434.6313,58.788387,0.71594226,0.018876672,0.700765,0.7766512,434.6313
7947278a0e06406ebb8994aa31b36881.jpg,6,65.705039,-23.640206,6,65.631008,-23.291513,17.971485,2.8532977,0.7580234,0.0050830245,0.7578405,0.7669452,12.008765
79747e3c963c46eaacc1940bc06303ec.jpg,1,54.694021,9.992826,3,62.646533,25.49426,1252.9677,303.90982,0.7028043,0.03411019,0.6865132,0.76796895,1252.9677
797b1b195c614fc69c6053afe0613199.jpg,9,50.431655,18.610298,9,50.574659,18.525898,16.984781,6.7480845,0.73868287,0.0077058673,0.7273915,0.80960304,145.05151
797f106c96ab4934a1bbe2cee471e961.jpg,7,41.848715,12.78907,7,41.851262,12.786974,0.33218983,0.33218983,0.9008296,0.059035122,0.8875575,0.95391804,0.33218983
79e5205d47474c6088fa807b38276711.jpg,11,36.164977,36.135129,11,36.167091,36.131945,0.3700699,0.3700699,0.87477607,0.008656263,0.8502693,0.97280294,0.3700699
79f2032ec73b42378dd3fdedebe7ae39.jpg,7,43.709133,10.614805,4,48.062521,7.038664,557.4762,5.381829,0.6582136,0.006697595,0.6738886,0.7504381,666.3078
79fb1d558c1848daae7d8e5e94fe0fb4.jpg,3,64.128374,28.104289,3,64.138889,28.008733,4.780744,1.0337038,0.8043614,0.02836001,0.79959756,0.8612229,571.492
79fed9c30dee4d33955776617bf5990d.jpg,9,50.260003,21.853498,1,52.487779,10.884711,799.7144,37.45685,0.6531102,0.0059823394,0.66216326,0.67869437,1002.4665
7a09fe0833864ec09a50ce98c14006fb.jpg,8,63.331146,9.916129,8,63.301408,9.74615,9.109086,9.109086,0.6898136,0.033073068,0.67427653,0.84647274,365.63614
7a3b02c734bf41f4b0e92ae039639592.jpg,8,62.486727,6.57758,8,62.488949,6.871853,15.117371,4.740888,0.8263495,0.007990897,0.8108638,0.91130036,140.8154
7a685cce8af74e9e8ffd406d5193e7c6.jpg,6,65.611402,-22.802872,6,66.02771,-22.988935,47.060677,7.708851,0.92073226,0.0009799004,0.9036395,0.98910344,47.060677
7ae71a31a5b142418d87e0ee7672a86e.jpg,9,50.394373,18.682511,9,54.496962,17.060184,469.21744,30.40388,0.6894009,0.035167277,0.66520333,0.78619134,469.21744
7ae7cf3272e748ee95ba3c11424460dd.jpg,2,37.817728,-0.819055,11,38.550772,35.184035,3127.5168,749.1481,0.6406491,0.010944843,0.6008616,0.8256434,2763.655
7b1ddbf0def04f06bd8faf8ad7b57ade.jpg,8,67.256839,15.428849,8,67.260253,15.43316,0.42243415,0.42243415,0.68398917,0.0053311586,0.6677655,0.7760457,5.976997
7b2ca5ebd5914c6b8aac571dd1acffe4.jpg,0,55.333601,30.257192,0,55.534247,29.976472,28.485256,6.401328,0.83753383,0.02034545,0.8108136,0.96892214,65.246925
7b6a2d3a233e45eca333ee693fc46183.jpg,4,43.877962,7.451246,7,40.66969,8.703511,371.31165,204.86378,0.6644989,0.009485185,0.6751019,0.7798632,1181.8795
7bc23e3743f4414d81256f7c05a27829.jpg,5,50.361676,-4.668444,5,50.129463,-5.62196,72.55315,1.483981,0.7985835,0.004032254,0.7749561,0.893093,72.55315
7bc57c25ce5149fea0858a9072a52013.jpg,3,66.977386,25.295984,3,66.980534,25.284476,0.6107001,0.16256103,0.92768055,0.0034650564,0.91673845,0.9786221,7.332143
7bcf83cde8184cf29dc3994c0e32bd67.jpg,5,57.013502,-3.374299,5,51.754341,-4.5156,589.4219,23.176434,0.764936,0.00025576353,0.7567624,0.89803326,172.90514
7bf419dcb70f479ea37c7583ee42b8eb.jpg,8,69.262594,15.960649,8,69.262466,15.961257,0.027850242,0.027850242,0.9131921,0.24043846,0.8979194,0.9742826,0.027850242
7c3852990ad543a0ab21bee856e7a734.jpg,7,36.79349,14.50493,7,36.795998,14.509037,0.4599024,0.4599024,0.7264371,0.012060642,0.68684554,0.88480324,0.4599024
7c64be6ba89348fe864277ea932d7e2b.jpg,11,39.451542,31.437491,11,39.448099,31.570281,11.408142,9.875009,0.7804937,0.026887357,0.7671144,0.8340108,11.408142
7c83cd17ba554f368768cb8b6438498d.jpg,7,45.023547,8.151123,7,45.005416,8.192759,3.843995,3.843995,0.75429684,0.05438125,0.7478404,0.7801225,3.843995
7cc308f510a54c83ac7adba445fc9c9e.jpg,5,57.996643,-4.448606,5,57.985951,-4.483702,2.385839,2.385839,0.8169769,0.027414441,0.79376024,0.9098433,2.385839
7cc5eeb1a7224226b05086ee11e655ad.jpg,5,50.64581,-4.105804,5,50.61909,-4.491216,27.345058,11.543078,0.76281226,0.0018048286,0.7292111,0.9146097,83.12135
7d3d0090f631435e8faebd26c34f3068.jpg,6,64.326507,-14.937856,6,64.328927,-14.935126,0.2995088,0.2995088,0.9340389,0.04404956,0.9243759,0.97269094,0.2995088
7d45daaf01a242ecb95ec32bfe1ba346.jpg,10,59.927678,12.345834,10,62.618604,15.658652,347.57483,159.31894,0.716013,0.02285719,0.7432785,0.7967836,2336.3213
7d46178de4fb41d9acc06bd21fdd7727.jpg,6,65.164719,-14.190469,6,65.187278,-14.042153,7.364264,7.364264,0.7956387,0.008690953,0.781069,0.9040827,351.97095
7d6a6e2aa4fc4fc4a9386aba6962e533.jpg,6,65.045823,-21.097105,6,65.037289,-21.093766,0.9617843,0.9617843,0.9488175,0.09290928,0.94184643,0.97670156,0.9617843
7daea2e8fa4440ecbb77cf9705d35b36.jpg,11,37.226793,39.642362,11,37.226503,39.637939,0.3929331,0.3929331,0.94357044,0.06498963,0.9350928,0.9774809,0.3929331
7db420583d154826831e8f10cab50f9c.jpg,3,64.126339,28.06992,3,64.078468,28.702842,31.195854,2.6154532,0.87332857,0.00660944,0.8613811,0.92111814,31.195854
7dba9dd2da9c4ceabcf5c1e8aeb58787.jpg,11,38.982479,33.940907,11,38.851826,33.813378,18.242674,18.242674,0.7185715,0.0101136565,0.7289938,0.77842665,3135.9648
7dc23964e9c14e78863a3a5f6e344790.jpg,8,70.486972,25.054913,8,70.486196,25.055682,0.09089184,0.09089184,0.9715939,0.051684022,0.96773267,0.9870389,0.09089184
7dd2b8bc4fbe482faf0ebdb4b1dee1b8.jpg,8,69.489595,19.251477,8,69.487119,19.251727,0.27549127,0.27549127,0.9078185,0.02809161,0.89131767,0.9738219,0.27549127
7e01f13387ef4f3791224a2fb8ceaf3d.jpg,9,49.573315,21.508974,9,49.855607,20.438508,83.11872,1.8427578,0.6792732,0.003410995,0.70362115,0.7029749,44.09557
7e650e2aa44147988c4cb94ad3fac55a.jpg,3,63.74444,25.340382,3,66.035261,29.129666,311.10324,25.548946,0.72877014,0.00057679415,0.73304045,0.78581655,146.03912
7e72cd7b46a94f50851493773b173a2e.jpg,9,53.733038,21.331534,9,53.726098,21.32721,0.8224476,0.8224476,0.7490799,0.03340751,0.7595568,0.8236828,677.56866
7e9a2cc50cfc4664a112469c4bb2c537.jpg,8,69.082657,15.563348,8,62.339427,5.871033,868.7886,6.9048367,0.7093218,0.056016207,0.732195,0.71638536,6.9048367
7ed64fdd294b4fdc82a3d3f1a707af96.jpg,2,38.76998,-1.704557,2,38.916251,-1.823491,19.251907,3.5514932,0.85648036,0.04344845,0.83733964,0.93304294,19.251907
7f064896807446ebb1b5906446e2a7de.jpg,11,39.894473,29.859904,0,53.547298,26.173013,1543.3861,1277.8378,0.73389983,0.0006073117,0.7165644,0.838086,1698.5114
7f2e2a7a92ce47c68693b1a2a0ab5b6c.jpg,10,65.740243,17.11867,10,65.864086,16.448039,33.52437,27.783815,0.8561748,0.004604459,0.8372524,0.9465716,188.35027
7f70059c1e0348bf9351562f6cd3159c.jpg,3,62.931814,28.041395,3,62.302979,27.308843,79.32624,9.9874325,0.78165156,0.0015043616,0.7498904,0.9115976,95.41504
7f8df816d7c0434fb5ec2a5b3a10343a.jpg,9,54.778922,18.236675,9,54.777025,18.237397,0.21595922,0.21595922,0.8662102,0.15538621,0.8544481,0.9132588,0.21595922
7fd3f8f8a09f4b5c974206d6df9453df.jpg,7,39.991429,9.610355,2,42.027822,2.977389,600.6446,537.90466,0.6823176,0.0014439225,0.6435604,0.8608177,616.2985
7fe3d4b23b5b407aac44ff48ab1c7e7c.jpg,8,67.322036,14.619379,5,56.102788,-5.476811,1621.1868,0.08761136,0.7508462,0.0045350194,0.7347218,0.8386378,1463.2876
7fe7872b250d496ab17c49cd4c933396.jpg,3,67.63009,24.264841,3,67.629286,24.270961,0.27399322,0.27399322,0.7039975,0.03246689,0.6892505,0.8245885,55.457386
801cbd2f21a648148a9e4cc6d9888767.jpg,0,55.171312,30.072595,0,52.161358,26.090681,425.10794,0.048358023,0.8171785,0.009515762,0.79113626,0.9478935,61.48413
8035a64ca06a4c458ed971a1b3bba08c.jpg,6,65.205097,-14.487893,6,65.245466,-14.440706,4.9984117,4.578349,0.8193721,0.021148503,0.79658026,0.9105395,4.9984117
8093198986424fa384fff75c08ac65b1.jpg,9,50.799043,15.716091,11,36.42827,33.722287,2146.0237,1030.3289,0.65342677,0.00010919571,0.6513858,0.7891191,1679.6996
80a08609de25417b84e17d35444973ad.jpg,3,62.867315,25.810783,3,63.536019,25.748219,74.42271,2.675654,0.918346,0.012980998,0.90401816,0.975657,74.42271
80be80c5ec924645bcba6884b416e480.jpg,10,55.423056,13.002909,7,43.722043,11.450498,1305.8157,879.82776,0.66944826,0.001216948,0.6419621,0.7793927,1305.8157
80c9fb171476408c975aaefb292d5724.jpg,10,55.531331,13.349853,8,60.628291,9.900202,601.7487,50.155533,0.7117163,0.026393175,0.68502694,0.81847376,601.7487
80cba919707d409aa98a8df05b87d947.jpg,8,70.978501,25.775464,8,70.976823,25.781795,0.29574004,0.29574004,0.9317043,0.07206583,0.92410946,0.9620836,0.29574004
80dfbd644d83469e9c4a789b313a9e11.jpg,8,64.500949,12.357345,8,64.609139,12.589056,16.348272,9.5092945,0.83831215,0.031313002,0.8107585,0.9630519,60.41793
80f9db24ebaa4b8c913535f85babfb04.jpg,10,59.772994,16.115573,3,61.654994,25.28434,540.2546,34.426617,0.76734746,0.015714824,0.7645143,0.83896375,358.01212
81074b6af15a4b82b24bbaf2d8514a89.jpg,8,59.393949,10.735482,10,62.377039,16.750629,464.33505,12.44467,0.6621461,0.0029785037,0.66850924,0.673843,2256.9243
815361f1b33a415ab6d5f56371a609a6.jpg,4,42.679888,9.384133,7,41.015234,14.81206,486.0977,6.201683,0.64791656,0.0054755807,0.65528345,0.75022423,525.0847
8189b9bb40014748becbd56d01e30f37.jpg,10,66.908,23.129171,10,66.872859,23.086408,4.330324,4.330324,0.9371223,0.07433641,0.9356195,0.9431336,4.330324
81b0d6049362479e972f584e48e1c394.jpg,7,45.284557,8.19581,7,45.039501,8.428196,32.7792,20.189968,0.6723727,0.0014395714,0.6584431,0.7280911,32.7792
81b867ad4c6f4ab49a7a7faafdcc0453.jpg,9,52.996647,18.508637,4,47.33744,1.702782,1347.8085,72.41101,0.70962465,0.006952524,0.7041532,0.7525369,1908.6842
81bd8fb350a44a7c83db1b1de9942668.jpg,9,50.299603,19.418888,4,49.584025,0.246717,1370.4862,64.60753,0.6364153,0.003397286,0.63022345,0.66118276,1370.4862
81dbb6a2c22045aab0be82c8892f657d.jpg,2,36.806134,-4.124499,2,40.485412,-5.594538,428.5549,9.73491,0.68014055,0.0062871575,0.6621876,0.7519525,428.5549
81dd848c14a641d4a7fb7384496c2644.jpg,4,48.039563,-1.784924,4,48.553453,-1.79099,57.143803,6.565946,0.7431498,0.030191481,0.72757393,0.8054534,57.143803
81e0e341216b4dae97e3c69dcf7fc8f0.jpg,6,64.787027,-14.005723,6,64.788093,-14.005102,0.12212907,0.12212907,0.91179967,0.120117426,0.89768434,0.96826094,0.12212907
81e91d0e1e17442599bb8ad8e6350268.jpg,6,65.246463,-14.439493,6,65.245466,-14.440706,0.12441848,0.12441848,0.9644919,0.1407041,0.95937985,0.9849398,0.12441848
81f568e096f14c6c86bb4c67021767e1.jpg,9,53.362034,22.443575,9,53.393314,22.424097,3.7103982,0.4221927,0.81675005,0.022838354,0.7858707,0.94026744,3.7103982
81fd98466f87469a8a23f2a462ecce69.jpg,3,63.280436,30.301395,3,63.31794,30.189953,6.956579,6.956579,0.83814055,0.026429951,0.8231272,0.8981937,6.956579
821489177ea24e5e8e9ac781ced18619.jpg,1,52.114748,14.422463,1,51.4969,14.307091,69.15806,21.381907,0.7252861,0.0017157197,0.7241416,0.8174697,622.8744
823b1453a4064492b4ae08ede88214ee.jpg,3,66.904612,25.39556,3,66.933512,25.377703,3.306473,1.1306304,0.9190758,0.0070897937,0.9029571,0.98355055,3.306473
824a96db591e4ae2bc677086da8d16c2.jpg,7,43.234149,13.528038,7,43.239056,13.525492,0.5833142,0.5833142,0.772685,0.057439506,0.75643843,0.8414899,12.639878
82952b4bd0394a84aa524116284b69e6.jpg,9,53.892177,22.346202,9,53.996756,22.465873,14.020195,5.58107,0.7290622,0.025817752,0.7190261,0.7750625,5.58107
829c0208a29d4fc5855aa679e0fd88cd.jpg,2,39.292,-2.203284,2,40.107538,-3.841539,166.93259,0.28634065,0.8088683,0.038943827,0.80832225,0.8562633,129.13539
82e199268bbd4225aebe6c24e3a9c34f.jpg,2,28.502986,-17.847634,7,39.070066,8.452679,2686.3386,0.33031735,0.63415307,0.012623489,0.6383687,0.7755516,3184.4238
82f0df8ea82d4dfa96cfe2255ddd1af4.jpg,6,65.519996,-23.418932,6,65.499958,-23.451602,2.6892898,2.6892898,0.9509401,0.010221779,0.9418447,0.990063,5.972614
82f204cd6e1f476888492388c363668b.jpg,1,50.119775,7.437426,1,51.28129,7.716669,130.64322,31.27994,0.63103724,0.021052003,0.63307774,0.66947424,603.539
82f88ec891cc415684ddb6e004413505.jpg,2,38.828085,-1.751089,2,38.743157,-1.682322,11.167277,11.167277,0.9308571,0.052889347,0.92145294,0.9684739,11.167277
8315a6f562f04047846fd83dce0acba4.jpg,10,65.304519,16.719152,10,65.326798,16.651808,3.9895947,2.2090805,0.9201322,0.019761026,0.90853244,0.9665314,3.9895947
833ec3d9ac7441fea18346e136152681.jpg,1,53.18952,11.678114,9,51.478109,15.268282,309.32574,29.944103,0.63744116,0.00907284,0.66213274,0.6656033,434.7425
835095a6158a43328569b87c853bed7b.jpg,2,28.472232,-16.424577,2,28.279178,-16.816588,43.951336,16.288988,0.7486949,0.05105084,0.74336874,0.7717155,49.753033
83723914484e48e48b1d2d821edf97ac.jpg,10,61.760309,16.928792,10,62.007692,17.015771,27.882809,3.2966583,0.8469907,0.053272724,0.84389734,0.90595675,3.2966583
83808b436edd4a0bbe6b1cad41c91cd7.jpg,2,37.62893,-0.796453,2,37.629878,-0.79893,0.24226934,0.24226934,0.8836837,0.10244995,0.89041585,0.8567549,0.24226934
83a19507d52d492bbe84a7a3c55ec0a7.jpg,4,44.419577,2.317002,1,52.412484,11.745119,1126.8014,774.3626,0.7615031,0.0020325184,0.73754925,0.86312944,1108.3881
83b970a47b3045e4b399ad04f3989087.jpg,8,70.083242,22.008806,8,61.624214,8.978518,1106.6228,118.377396,0.72555554,0.005541384,0.69663304,0.879859,943.3379
83ba44b689ee4f79aed37580b844c788.jpg,7,42.187856,11.745818,11,37.84027,27.245945,1403.2759,3.1505978,0.5932473,0.0019574761,0.632553,0.61008334,457.66452
83d06603845d4f90a175e0152be0e92e.jpg,1,52.818542,9.637454,1,52.819171,9.637205,0.071915455,0.071915455,0.8526879,0.06419635,0.8402399,0.9024799,0.071915455
83e945a8da60476abb53dd5adbcf2330.jpg,0,54.048763,26.800842,0,54.058433,27.539105,48.201633,5.079992,0.7600585,0.036236286,0.740129,0.84146106,93.36377
8403197fac7849e48134084dda6b3f28.jpg,2,38.638337,-3.474335,2,38.63579,-3.471639,0.36748224,0.36748224,0.922179,0.034380257,0.9090382,0.9747421,0.36748224
8420d0068fd84fe1b8f0f66e68b5c0ef.jpg,4,50.045754,3.229318,4,49.941339,3.242309,11.647514,11.647514,0.8295085,0.080388844,0.83948964,0.815349,131.10936
843ee5cc3ed441bbac06d413e5a8f4d3.jpg,7,39.058554,8.428879,7,39.062047,8.433358,0.5480983,0.5480983,0.8596546,0.034164965,0.8327354,0.9673312,0.5480983
84409e639ab8446a83dd5284b2ddb8f1.jpg,8,68.389003,16.869732,8,68.400193,16.806699,2.8650763,2.7351012,0.8576838,0.049154878,0.8276839,0.97768307,2.8650763
845026afc0674e91a0064e536186da82.jpg,5,50.163039,-5.307379,5,50.135329,-5.307912,3.0814497,1.6993847,0.76501733,0.045582652,0.7354104,0.88344514,3.0814497
8464d075e90048f491cbd759ea2c1f62.jpg,2,39.49673,-0.495994,11,39.160735,31.809945,2763.8901,2290.8557,0.737921,0.023171902,0.70637345,0.86411107,2763.8901
848843471e3e4005ba9a10c064036a70.jpg,10,66.548647,19.757421,10,67.139484,20.799931,79.96145,3.1701503,0.8155502,0.0048926473,0.78660583,0.9336126,146.96318
8494d2d2d0464f18acfe7a455dc38758.jpg,10,66.315765,19.843308,10,66.353383,19.760689,5.576285,5.576285,0.9113213,0.024928093,0.8981744,0.9683924,7.601
84a0ab8ed62f4d3a884a5fbdf7924092.jpg,5,51.955147,-1.826222,5,51.078988,-0.110678,153.55959,18.73284,0.74370456,0.012087226,0.7219675,0.83065283,153.55959
84bf3c8b330f42a98cc94099e3ce8797.jpg,3,64.309077,29.614764,3,63.484984,28.823582,99.47326,7.4554615,0.7720578,0.0047169924,0.7735803,0.8436774,28.570787
84dc159fcbe4499abf285f8189a67823.jpg,9,53.019846,14.684518,9,54.459904,17.887855,264.57663,1.4786289,0.6583118,0.0184896,0.63062483,0.7954246,235.28947
85310e8f88b14df894e9dab49d5ff228.jpg,1,51.843039,6.80309,1,52.113971,9.415716,181.45021,9.310962,0.6241953,0.004320681,0.5965178,0.74069977,222.96596
8536e86cbb71438cbb3a6419d8d17e84.jpg,0,51.666827,29.123838,0,51.694168,29.13805,3.1941903,0.8236319,0.96912,0.015455723,0.96418685,0.9888527,3.1941903
8539e8af1a89491daf269bd7065999c6.jpg,1,52.024563,8.635947,7,45.134925,8.486188,766.1726,566.6703,0.6830751,0.019780517,0.6833965,0.7506337,818.10126
854b33efa8c14f5b9261d04f40b264ea.jpg,6,65.608042,-23.781837,6,65.595258,-23.774501,1.4609088,1.4609088,0.8727126,0.02264738,0.8553748,0.95547235,3.0815313
8552339dc1bc4b479f65a0ea73d0632d.jpg,10,65.654167,19.71287,10,65.635883,19.671551,2.7790956,0.9940277,0.88485444,0.003870964,0.8619337,0.97653717,2.7790956
8580af39c59949018bcb73344dace037.jpg,1,50.583676,11.648885,9,53.620308,15.154359,413.82385,50.439293,0.7000144,0.056989312,0.67817056,0.8054981,356.961
85aaf22e818e4cec9e4a47b07593c22f.jpg,6,64.532691,-21.609992,6,64.533274,-21.613773,0.19205251,0.19205251,0.9038018,0.02002287,0.8862714,0.9739232,0.19205251
85b84e93f1b64535bba1657a2e1b6214.jpg,5,50.004261,-5.167933,5,52.234561,-0.246023,423.54672,3.2579267,0.72352815,0.0073866844,0.7080598,0.8482857,523.2378
85cf8bffa7f04e61bea02f761a459829.jpg,4,48.21379,-4.523894,4,48.149411,-4.235565,22.54397,2.3464098,0.78246415,0.029748678,0.7780297,0.80020195,22.54397
85dc18b0990f4a0c8c1d419350d0981f.jpg,7,41.607126,14.28395,8,69.621868,23.463642,3160.0337,71.7509,0.72757417,0.0008636117,0.7144245,0.7946667,3159.903
85e78c7b0188440c8f8ee61f3d90bbd9.jpg,11,38.95736,29.362761,11,39.082056,29.463706,16.38002,13.411189,0.6736049,0.008231461,0.6636762,0.8434329,96.76247
8603d9a2446048e187b43e4ec99e806d.jpg,8,68.406321,16.655861,8,68.320556,16.617355,9.666437,1.5632471,0.8456617,0.06297213,0.8284913,0.9143433,9.666437
8614ddb9ae4145f682e431bf6e32e4ef.jpg,1,53.030128,12.617425,1,53.07669,11.270557,90.16678,13.783284,0.7844878,0.032051027,0.76155984,0.9061012,292.36334
86156d46ece941a4aed4a5d03c52661d.jpg,11,37.868841,32.534171,7,40.841572,17.005575,1373.408,195.67043,0.5904886,0.0019266605,0.5801774,0.7522058,1353.0482
866cbacb94b346e79725fc7cbaa81fa3.jpg,2,36.852367,-4.133562,8,69.255771,15.957097,3803.2192,1311.862,0.60725856,0.016554236,0.5780073,0.8021146,3807.8691
867ca68fc8584f39b37657abfd719e5d.jpg,7,45.682616,8.479904,4,42.518416,9.397703,359.38785,17.123322,0.64238304,0.006694913,0.64083326,0.7319573,392.7506
869709cd5a2d422fb4a5d8885aeb37b5.jpg,3,62.955271,28.575472,10,63.096906,15.191861,673.98334,1.1088706,0.811064,0.012828171,0.788243,0.90360326,653.32855
86bc37888225457d8653efd544666503.jpg,7,42.872925,13.906706,7,41.914684,15.138913,146.94083,5.246375,0.7008946,0.014255881,0.70380986,0.7398969,351.1601
86bf06b603c54715b231d59e47211ebe.jpg,11,39.539955,43.988424,11,39.562467,44.063764,6.927546,1.1309196,0.83051145,0.006334424,0.80341697,0.9477972,24.490913
86f0ddb71b1640c29a14d59b7cd48e34.jpg,0,51.92111,29.704705,0,51.705636,30.350234,50.430794,0.6595427,0.91038644,0.0061880946,0.8931421,0.9793637,50.430794
8725b2bcb234448280234ebf65e1102b.jpg,3,62.847344,21.699506,3,62.672043,21.571735,20.548767,2.333842,0.8984392,0.042163074,0.88558924,0.9498391,20.548767
8741fb202a2f4296891629fc6d0b54e3.jpg,6,65.377849,-14.530702,6,65.320718,-14.474249,6.8710566,3.9702978,0.9150144,0.0034638643,0.9022032,0.97293645,16.874258
87d78e9569c5461fb65f68a26c6f2dbf.jpg,1,47.618087,9.785285,1,47.665195,10.185483,30.436697,30.436697,0.6988828,0.04929793,0.6970575,0.74072933,768.76276
87d935c4eee64f50a914ca33a7a65fe4.jpg,10,66.000502,19.792407,10,66.353383,19.760689,39.26448,18.107948,0.91121185,0.005307853,0.8974513,0.97660565,19.386652
88036ef3219940c0a9927a1963d07f4d.jpg,7,39.926577,18.385624,2,42.027822,2.977389,1312.5502,1205.455,0.7263903,0.031557858,0.6748743,0.9324542,1312.5502
8866d39d52324b44bdb9ac5ea9acb0c5.jpg,4,44.639475,-1.116209,9,51.855126,19.405695,1710.1355,445.76917,0.67621183,0.041327477,0.6679297,0.70934016,1710.1355
8884f168e2df4867a6c8abee91d6082c.jpg,2,39.570213,2.829393,2,39.56841,2.770324,5.067081,4.589766,0.8688167,0.00672704,0.84520864,0.9632486,5.067081
889005e4f1e64981bade808a77c19584.jpg,8,64.580892,12.555382,8,64.609139,12.589056,3.5278773,0.9761242,0.81691015,0.023017824,0.8094829,0.8848796,21.629568
88b4fd0fd89446e99ea8d01d80a75c8b.jpg,5,50.530864,-4.808204,5,50.532992,-4.809237,0.24763171,0.24763171,0.9366623,0.13545096,0.92841613,0.969647,0.24763171
88e0f5c5a5724580a64ae1e5139dca8c.jpg,2,39.861605,-2.564393,11,38.891258,35.59464,3256.56,191.80095,0.68725324,0.0073884726,0.7010325,0.7262908,1170.5433
88fded7dec7a4937a8ae20b5d5536f04.jpg,3,63.144731,28.238901,8,58.797884,9.054682,1136.6462,31.645472,0.6290337,0.003276348,0.61556107,0.758194,789.3098
8907b053ebf3434197fa1a0f10f992e0.jpg,1,53.824837,9.593526,1,53.815747,9.572399,1.7160506,0.53970146,0.7834006,0.09463793,0.77175903,0.82996666,1.7160506
894305e391444efbb1417d24717f034c.jpg,0,53.902245,28.001327,0,53.900517,27.997902,0.29541144,0.29541144,0.85922235,0.10303199,0.84942955,0.89839333,0.29541144
894e133246c243669edc3cc4fee695bd.jpg,6,65.601819,-20.313748,6,65.606701,-20.310419,0.56397444,0.56397444,0.9465648,0.013591349,0.9403623,0.97789484,4.8841996
895787fc4cea4c498b27c28e77643def.jpg,4,47.076502,2.769543,4,43.417517,3.30788,409.0351,27.496778,0.7349265,0.02663827,0.7113966,0.82904637,409.0351
8974f94939b142f595364cd5fe0191b4.jpg,1,53.805813,10.505758,8,58.905317,5.72673,638.54224,258.07245,0.60604507,0.0010556579,0.59655666,0.6602242,638.4733
898e515756594ef7a5a60a154e469adf.jpg,6,65.950373,-19.411712,6,65.944783,-19.412038,0.6217561,0.6217561,0.9376695,0.038574934,0.9250859,0.98800385,0.6217561
89a235f82e704d068f7dfbe39039073d.jpg,0,52.48026,25.174993,7,41.075191,14.926437,1485.8121,12.371837,0.71036536,0.025340617,0.71692646,0.691982,26.849373
89d3caad3a12461bb65a93e77c130c66.jpg,6,65.814262,-17.55388,6,65.851187,-17.489915,5.033632,0.34323606,0.78543544,0.024295092,0.7914761,0.761273,5.033632
8a0b988c6f1c481485ce3580a94e07d6.jpg,4,48.353309,-4.70012,7,40.55956,16.412218,1877.8746,225.45659,0.63020146,0.0025331378,0.63363683,0.70634687,1092.5183
8a263e6347304f50af9f77999579b490.jpg,2,42.758555,-8.426856,2,42.758768,-8.438119,0.91983473,0.91983473,0.7909177,0.05427307,0.80910397,0.8571729,529.7858
8a36dd7cdf6e4ed58dca0f67556942b2.jpg,4,43.398501,3.354541,4,48.0531,1.992234,528.23676,4.321896,0.75077224,0.004942,0.7342799,0.8877765,4.321896
8a42a5f65dea4813ac569db045a4bd21.jpg,0,51.916183,26.679605,0,51.920299,26.672082,0.6896942,0.6896942,0.88109756,0.020885527,0.86780614,0.9528185,427.68475
8a450fafdfe242f38d73c2babb8647f2.jpg,11,38.446878,36.473134,10,64.702715,21.124958,3086.9739,306.17276,0.7073163,0.044023752,0.71623105,0.7196127,2704.0916
8a47520bd49a428c8dd8dd172209b7e3.jpg,3,60.951691,23.24143,6,65.617848,-18.497322,2106.9849,8.606642,0.67687637,0.017131388,0.6836629,0.661097,106.33649
8a4a8a19ddf647beb2b94d632be8a2ce.jpg,2,41.658411,-3.485947,2,41.69301,-3.279932,17.537523,0.09877994,0.7315234,0.0014800429,0.73980975,0.7750993,418.33194
8a4bca34187d4826ad07cf9e206c447d.jpg,2,39.058698,-3.375289,2,38.935922,-3.386831,13.688476,3.6265337,0.9133811,0.0035202503,0.89617974,0.9845919,17.149044
8a4c1e67b7d14ec9bc534d21fd0a424d.jpg,11,36.457739,33.962671,11,36.265123,33.522441,44.862865,4.224739,0.7218336,0.011790752,0.6904817,0.87968665,30.424555
8a7b649439ca40cfaf1a05cc42b72747.jpg,1,50.059204,12.063845,11,36.858162,34.471225,2313.4854,756.2621,0.6438561,0.013674974,0.61318976,0.8405435,2147.7075
8a7c851221164b2d9dc50cd2ba7a0200.jpg,4,47.042449,4.339953,7,45.83023,11.838834,589.9907,73.10966,0.69840086,0.01026243,0.7104827,0.7472969,432.05618
8a802adab8ba483281baa7cd99e47ae6.jpg,9,53.20664,14.969101,9,53.061291,14.953235,16.196714,12.852824,0.679919,0.027531326,0.6750489,0.70673436,1443.8096
8aa71d2a16f54501b94154b4b0011279.jpg,7,44.487523,8.305142,2,43.273342,-5.597113,1121.0032,33.936737,0.65958333,0.003389001,0.6613257,0.76703614,575.2779
8aabab716c474a1795d766a4e03f45b8.jpg,1,52.482361,14.098929,4,49.011569,-1.428763,1155.9052,42.135914,0.6419097,0.020305216,0.6489447,0.73103327,462.7434
8aae3512beb04a158ad9fd4b6ecf4931.jpg,11,38.468928,27.593808,11,36.801284,28.817346,214.45612,34.36283,0.78523123,0.0008073449,0.7847078,0.8024576,207.60905
8ab9d1bcf40b4504a70d022faa111d5a.jpg,8,61.848349,6.147823,8,61.857906,6.203139,3.0900512,3.0900512,0.81821334,0.04211247,0.78360295,0.9566548,3.0900512
8abf844e20cd442e9a33adcf60f53348.jpg,0,51.924728,26.664051,0,52.041552,26.320185,26.894608,0.73882055,0.91094804,0.04232353,0.8936207,0.9802569,26.894608
8ac610cfe7dc4392bb069ba8ccb5ccef.jpg,0,51.853463,24.217093,0,55.215464,27.91274,446.40982,0.57697207,0.6386856,0.0028972626,0.6272993,0.75369066,804.90985
8ad016978b444b08b51945130dd00368.jpg,2,39.048829,-0.243978,5,56.846888,-4.710527,2005.7671,1287.4849,0.75537956,0.0042330027,0.7362491,0.8607331,1885.6599
8ada2addcd1e4224a49c6ad4187170f6.jpg,11,36.808265,34.5114,11,38.408084,30.227403,417.1398,86.95826,0.7098747,0.0058479905,0.6760625,0.8811723,560.0982
8add82e6a9c64fe6beac0a3944761240.jpg,7,43.754894,10.763988,7,43.8111,10.727295,6.909226,6.5031443,0.74553424,0.007921696,0.72613424,0.82313406,6.909226
8b369bf4b55446d28cc110972243645c.jpg,1,48.400943,12.504778,7,45.83152,12.600464,285.79886,9.446795,0.6984457,0.008948922,0.6916534,0.81261015,117.543236
8b60f952ae1a429792ac2488c013f0d8.jpg,5,50.498121,-3.766979,2,28.670361,-17.80403,2698.3733,372.1825,0.6830806,0.014344871,0.688493,0.75947666,2015.8141
8b623e7c9cc149f2a40d1cf2d0a33c6e.jpg,7,40.793291,16.419688,7,40.782331,16.426794,1.357619,0.5426298,0.7705811,0.05340761,0.75731254,0.8236555,1.357619
8bc2c24fa31f44c7b9c0616b7ef31ca1.jpg,9,50.726885,20.283916,2,40.601257,-4.899767,2241.5686,122.752716,0.60977,0.014045715,0.59324133,0.76887953,1826.6652
8bdfd57658bf450bacd830168bad49a4.jpg,8,62.053501,7.248536,8,62.050426,7.25137,0.37245828,0.37245828,0.671896,0.015464604,0.66441655,0.8051816,2107.3538
8bed58255c7341e88cba667e1e6eb775.jpg,6,65.990386,-17.379438,6,64.062095,-21.559126,290.53424,11.540646,0.77697337,0.0071730018,0.74981415,0.8961135,43.34675
8bf76e38e83547f18d16eacf499dd994.jpg,0,52.944118,29.93437,0,52.965765,29.875026,4.6473064,3.9166658,0.9508505,0.016519308,0.94330144,0.9883907,34.29614
8c04ddae3b954dbb88eabcaf184134c2.jpg,7,39.254742,9.064711,2,41.472738,1.810738,661.9583,10.39578,0.67190695,0.009104371,0.6702566,0.74098027,693.6559
8c1ae140b2754c5e96639d3c51f70681.jpg,2,42.437567,-3.07748,4,43.490688,5.662337,720.3871,6.7907743,0.74601734,0.04073572,0.74065536,0.80705595,526.7654
8c22389be3b54565b2c4552e0c17f886.jpg,1,54.261964,10.364753,4,42.087861,8.71208,1359.1368,800.4897,0.6538584,0.010558724,0.6356702,0.7589312,1276.3464
8c401876520a495e8818b3c6874cc4d8.jpg,5,52.682918,-3.449099,10,59.833939,17.526269,1510.2527,18.76224,0.6406562,0.0057632327,0.6463743,0.7365011,1406.6145
8c67aebd54814cef95e247dc48b57a03.jpg,5,58.570704,-4.755783,5,58.524185,-4.683864,6.6459656,0.30092967,0.78704137,0.03089118,0.7911817,0.81321603,10.04405
8c6db06b37794a3285442b3f93d7881c.jpg,1,50.595767,9.515547,7,40.56147,16.582552,1242.6013,405.88812,0.6598504,0.0025053024,0.6604301,0.7473054,1373.9626
8c753ea382ca4f0fb11a60c7cb072856.jpg,5,58.572695,-3.073367,5,58.556016,-3.087444,2.0263453,2.0263453,0.7873201,0.012849629,0.77500165,0.8521563,274.02734
8cb707f2e105472db9c39a017294f9ce.jpg,1,54.902839,9.150451,5,54.092462,-6.173371,991.62384,260.4704,0.58173925,0.0024290085,0.58766365,0.64479864,983.102
8cd851e919c24b3ea4c8f5bac52c65a9.jpg,3,62.972748,25.819001,3,63.307775,25.625051,38.506504,0.32815415,0.93032986,0.012511253,0.91897625,0.98558813,0.32815415
8ce4580387e44113a1139e4435519f3b.jpg,2,39.442867,2.898983,2,39.435311,2.901971,0.8784996,0.21141888,0.8603575,0.021460414,0.8339713,0.9708942,0.21141888
8cf33f5553e34801a02a166367757a88.jpg,7,41.193919,9.183134,7,41.222383,9.189538,3.2100754,3.2100754,0.7804549,0.012096763,0.75361717,0.9030596,317.34125
8d04d6b17f2b4bf495ea5f54e1c7bcba.jpg,7,43.25145,13.748886,7,41.263957,13.744894,220.9997,40.936653,0.6169276,0.0030775666,0.5996397,0.7689787,1826.8301
8d064d5419fb474b8c853f49ab6cb863.jpg,11,37.046134,27.439955,11,40.748854,40.244176,1180.7058,76.258606,0.68607,0.01187253,0.6805001,0.777465,786.8453
8d1a517a22bc4232aafc065e1a428c88.jpg,0,54.559285,30.706093,0,54.529284,30.725436,3.5616403,2.02943,0.75944245,0.044574857,0.74853516,0.8079551,208.29854
8d35b816763b426096fa0bb12d58acec.jpg,4,43.754902,3.465007,2,39.688449,-7.629331,1024.6428,35.204254,0.68028593,0.020928383,0.6971148,0.7517888,2397.3833
8d390fad3491444ab6b4e114cb54bc21.jpg,6,65.235943,-14.453744,6,65.245466,-14.440706,1.2206342,1.2206342,0.9126964,0.08233702,0.90181595,0.95621824,1.2206342
8d4576c577e948478f68b6489d3c2ecf.jpg,6,63.429258,-18.768639,6,63.427581,-18.768528,0.18655588,0.11417919,0.94816905,0.013332725,0.9376124,0.9903956,0.18655588
8d713cfad36d461dbaca42230cc36b55.jpg,7,39.280831,9.134693,7,43.884048,10.318876,521.2282,4.880728,0.7732661,0.025289714,0.77776116,0.8582373,704.86053
8d97fde285c145809c7c25dc470ad731.jpg,0,52.499828,24.811231,0,52.516798,24.397048,28.094677,15.9124,0.77989787,0.0046536326,0.77571285,0.7966378,28.094677
8db395c0e4414aabb685035da8d903c9.jpg,11,38.335079,26.895946,2,37.880116,-0.940902,2426.8245,0.22666895,0.7645198,0.017652035,0.75729036,0.840875,0.27478197
8dbae3f1c0524b358c15c972c01f2d4a.jpg,6,65.60288,-20.110525,6,65.518156,-19.572061,26.502832,11.747866,0.89787185,0.009363115,0.8935524,0.9151493,26.502832
8dbc3fe138b6435ebb7d060c0e65b8bf.jpg,6,65.769151,-20.256357,6,65.787343,-20.258106,2.0244339,0.385815,0.93355155,0.044781208,0.9203675,0.9862879,2.0244339
8dd6cb1b657442fb951a956d977e5441.jpg,0,54.114087,30.458509,0,54.472024,30.503969,39.910027,14.269077,0.825636,0.0282467,0.81342876,0.8766149,44.32737
8df17b2d80a94c188996722185bdcec2.jpg,7,37.257817,14.917591,7,37.267891,14.939691,2.25385,2.153413,0.8203195,0.0024148822,0.7999202,0.9019166,2.25385
8e085b58c38c42808c5659e701a500d2.jpg,10,56.75834,14.918567,7,39.220807,9.187497,1994.4789,542.18854,0.73347133,0.006600976,0.73028016,0.77460945,1816.1428
8e151cdf8c2241fba35419184751b86c.jpg,11,41.546265,32.23254,11,41.379008,31.95694,29.551527,12.715796,0.63252825,0.0067821145,0.61657834,0.7424928,170.68842
8e41b6d4b0354915b05a0d29a8b52050.jpg,5,53.82578,-0.627495,5,53.60807,-0.23531,35.383923,0.7727866,0.7715073,0.06854373,0.7460586,0.8733022,35.383923
8e58a302fb3a4cc98597a70e63648e08.jpg,3,61.292058,28.734114,3,61.279776,28.7249,1.4516976,1.4516976,0.85200155,0.037853956,0.84652174,0.87549907,4.9279504
8e58c8c9418041d9a2491845022b0493.jpg,4,47.545296,1.306969,7,44.599519,7.760909,595.648,26.315104,0.63645893,0.011218667,0.6372855,0.81262267,377.13205
8ee9a6d2a0b442428b07b5f60cd23177.jpg,10,67.314352,18.96038,10,67.284707,19.121459,7.65795,4.4929876,0.889716,0.0092099905,0.8830389,0.9164247,7.65795
8effb42fe55e45019240cbbc3b13a564.jpg,6,65.622401,-23.474085,6,65.764133,-23.918904,25.746424,8.432345,0.7563386,0.01634556,0.75182015,0.8399924,22.675941
8f0c81d594f346b9aae71417acdc0539.jpg,10,66.579899,20.477323,10,66.577336,20.479399,0.2994,0.2994,0.9157811,0.012811422,0.89975935,0.9798678,0.2994
8f29aae40ce24ad59e464868792b0db1.jpg,2,42.671309,-5.599272,7,43.8111,10.727295,1326.3816,899.5671,0.6728415,0.007835746,0.6824735,0.7242042,2654.8972
8f3be91572de470198f0021011a1d811.jpg,10,56.205823,13.619855,10,60.419515,14.777305,473.37463,27.748907,0.74356395,0.0013960004,0.7231042,0.89456993,398.89038
8f6720ec79b342519d2104ebf37c7e0e.jpg,1,48.384373,10.364397,9,52.322636,21.565853,905.99207,230.62575,0.5998805,0.007985532,0.59720814,0.73560727,776.7965
8f6f4acd6bd04aad9d5f878c3dca7e32.jpg,8,61.65758,8.163929,8,61.761546,8.405501,17.196472,17.196472,0.7125454,0.013906956,0.6741718,0.8660395,17.196472
8f85ca4dedd74cbcaf861c071aaf8cf3.jpg,2,36.579329,-4.70816,2,42.075879,-1.640609,665.5837,4.4770055,0.7515563,0.00852561,0.75259733,0.834182,570.6037
8f88ad341253457484e1f0c340ab01c4.jpg,6,64.838396,-22.442455,6,64.834836,-22.449557,0.51908755,0.51908755,0.79844385,0.017882466,0.7697537,0.9192395,28.579252
8fa24212d78143da97f7f0fbeb13697f.jpg,3,61.025435,22.96541,3,60.97258,22.904695,6.727198,6.727198,0.84337,0.0336442,0.82053745,0.948825,163.95988
8faae40efde54014a03ecdd750b0e7cb.jpg,7,40.793347,16.816804,7,40.694913,17.071808,24.110394,10.418241,0.68865323,0.04559368,0.6636075,0.7888363,24.110394
8fac984f86f543aab683617f425922f4.jpg,11,37.124435,30.541094,11,37.110762,30.616313,6.840526,6.840526,0.6580411,0.004473865,0.65847707,0.8359272,1455.331
8fb512f6aa684f199d63f3e2ea09e1e7.jpg,0,53.510827,27.381564,1,49.927481,11.765194,1144.3026,42.25702,0.711169,0.054341614,0.6982872,0.76634634,890.2599
8fbcc37faf8c471dbc19aca2cc51179c.jpg,11,38.324498,42.923129,11,38.468944,42.465505,42.9933,8.288557,0.78906,0.007769227,0.77318007,0.89527285,8.288557
8fe9e3f2ce7346cf864df2cbf6ede106.jpg,11,38.86398,35.667095,10,60.383603,13.294023,2854.046,33.953056,0.69992965,0.017853439,0.6916764,0.7712952,2507.1116
8fed25a30cb04fe88109da919703e744.jpg,2,37.966222,-4.462283,7,40.60985,8.377353,1142.252,93.75561,0.75037587,0.02760446,0.77164805,0.71070755,3241.7493
8ff62d8b04044c209bf7df509d9c9e3a.jpg,2,42.197233,-1.429862,2,42.19852,-1.436046,0.52913654,0.52913654,0.8620999,0.13817501,0.85458016,0.89217883,0.52913654
900c31e0a03047d5a963c7ef3c11e583.jpg,5,50.401081,-4.55608,5,50.433565,-4.571904,3.7820637,0.96056396,0.8192866,0.03520882,0.7981898,0.9219979,26.387602
902cd971f2f74bc194df89c58aa07870.jpg,9,51.050043,23.521041,9,50.688506,22.983528,55.125923,13.11407,0.7256141,0.0018832684,0.7054549,0.8131209,159.57695
90493c6a8e214f759d9492b1b3e8f629.jpg,3,68.893102,26.960099,3,68.788203,26.551226,20.13393,9.67397,0.8995768,0.015122712,0.88384694,0.96249616,20.13393
90549dd8cfc148cebc50f8ece4bda538.jpg,5,54.74716,-1.699927,5,53.334171,-0.231633,184.04868,15.808115,0.78766334,0.005051017,0.7505051,0.9362961,184.04868
9064eff6332a44f29decf06dbe7b8ab0.jpg,11,37.946239,40.230554,11,41.619874,35.574191,570.06696,83.66537,0.6483067,0.0013784766,0.6413337,0.72769594,536.7765
90655083daf743ec8ab096aa9b8e45cf.jpg,11,38.692755,35.472794,7,45.709286,9.873363,2236.5984,180.20349,0.6849469,0.001749754,0.67639136,0.7589177,1502.9589
9079f6b3465642a2a9f49aea68230a5a.jpg,6,65.751023,-19.178236,6,65.813487,-19.328868,9.769838,8.266556,0.91692245,0.0025152564,0.90470797,0.98250437,9.10556
9095e99b98514904b834fffd2f58d012.jpg,7,40.731563,8.816723,7,40.664551,8.32778,41.887527,0.5509089,0.8188404,0.018655062,0.82398134,0.8474985,0.5509089
90a4c95f07b045e5ad8321454e8b3bbb.jpg,2,38.908586,-1.663589,11,38.201675,41.479896,3716.7722,2443.8948,0.76993316,0.004130006,0.744826,0.89429325,3625.9167
90de5c75acc0435fb02f120721e96249.jpg,8,69.218521,18.090351,8,68.856004,17.984385,40.529907,2.0519161,0.8083497,0.011098027,0.7771447,0.93317,40.529907
9110d35d56614779a2516d062d8dca6d.jpg,7,37.913331,12.508558,7,37.924338,12.749419,21.163696,5.051968,0.8317788,0.08360976,0.8219019,0.8789587,6.1766953
91212d9c015441dd8c9a993ad882f251.jpg,11,38.887744,35.591978,11,38.891258,35.59464,0.45360693,0.15922318,0.85076964,0.018294156,0.8357216,0.9109616,0.45360693
914b224c060b48c18f4696de577b9fdb.jpg,2,39.662993,3.223561,2,39.655976,3.250847,2.4626558,1.0580939,0.8568362,0.068278134,0.8495268,0.8860736,2.4626558
919958095b284427a53ff93933d7a3e0.jpg,3,61.564863,22.566757,3,61.802653,24.444865,102.52303,11.167827,0.8641784,0.0030179024,0.83804744,0.97838056,134.0166
91b2e39329b44434b4947ecced6af9bb.jpg,8,58.672607,5.595401,8,58.671712,5.596509,0.11835368,0.11835368,0.8360008,0.08737838,0.8400875,0.819654,0.11835368
91d63f5e738d4fac9c42b80707d1b5d2.jpg,0,52.300298,30.924334,0,52.304732,30.914933,0.80727327,0.80727327,0.73025787,0.01582861,0.69497657,0.8713829,0.80727327
91ec8ec9d98140f59733023fb57112b8.jpg,0,52.361655,23.64767,7,42.411393,13.625525,1336.4711,384.39206,0.73524255,0.03884828,0.7116612,0.8295678,1336.4711
91edda6b52554a86b648db31d919c170.jpg,2,39.057861,-3.375256,2,38.904918,-3.390347,17.056461,3.5334198,0.89979494,0.0064560175,0.88037133,0.9802391,47.668682
92283859ddbc4ef485b1d2a19e5fa7cf.jpg,10,62.615664,15.666942,10,62.618604,15.658652,0.53537244,0.53537244,0.9009641,0.05902952,0.88324493,0.9718405,0.53537244
927f1cb1b25f4aa9b3450fca1246656e.jpg,10,66.330461,19.824736,10,66.353383,19.760689,3.829279,3.829279,0.9201003,0.011619508,0.9062052,0.976905,12.004019
92a460baba864b1db81c44cd7c7ffa9a.jpg,7,39.201136,16.062318,7,39.243458,16.062756,4.7061496,1.6748859,0.8240973,0.01670444,0.8056841,0.90010667,13.241839
92a4796e46b342f69059df9c0e93e446.jpg,5,52.339959,1.331629,7,40.606045,17.300756,1780.4885,759.2699,0.7220336,0.004618466,0.6914855,0.844226,1780.4885
92c17e0984b646b1bee77f752ca51bb0.jpg,1,49.14158,13.150177,10,58.84308,11.258969,1085.7072,128.33797,0.6046321,0.0001488924,0.57200706,0.7351321,1085.7072
92c5a31731574d28a3aca2d8cb9c1312.jpg,10,63.917194,15.240991,10,63.976214,15.264572,6.6630135,1.7184011,0.88467354,0.007987261,0.8697726,0.95031834,54.770737
92ff086cec9d429282f9a96bee5fe5a8.jpg,6,64.844912,-22.75492,6,64.416504,-14.538021,394.06937,2.596124,0.8623112,0.0076401234,0.8628822,0.8827284,368.24918
930a05ff17e745a29072439642879dc1.jpg,4,45.596228,2.928819,1,50.355211,7.518331,629.5985,36.30182,0.70601803,0.016462564,0.6736212,0.83560526,629.5985
930d2e19bfce41de9b1c0dd700dba0d6.jpg,11,36.815334,31.767091,2,40.575808,-4.174801,3125.2422,2500.8335,0.71488017,0.013275921,0.6702312,0.89347607,3125.2422
930e5edfddf548899a8b70e9a3540de9.jpg,8,64.557895,12.477124,8,64.609139,12.589056,7.810494,1.0298816,0.79076165,0.021021426,0.7578604,0.9458263,1.0298816
93120f716b084befa90160636ec3cf6f.jpg,7,43.386873,11.308793,1,52.054843,14.231174,988.1,553.0656,0.780524,0.049405634,0.7619684,0.85474634,988.1
9332b260c8dd4f91b763b43e091d7e07.jpg,5,50.116171,-5.419448,7,40.182213,18.085153,2135.276,1275.8381,0.72676224,0.002874434,0.72537607,0.84642947,3184.1145
93496687c26f46a5b30e7a55cf2f14a5.jpg,3,66.862371,28.720318,3,66.909681,28.806228,6.4604316,0.6106036,0.9170751,0.0019266605,0.90005285,0.98516405,6.4604316
934d984e0ee04a2287afc2986cc35c4c.jpg,2,36.701993,-2.839804,2,36.879965,-2.592287,29.621395,3.301866,0.77359354,0.02963543,0.75585175,0.84456056,29.621395
9358b32709cf4f24b05780a0c1492e57.jpg,6,65.576362,-19.344951,6,65.577999,-19.347365,0.21319292,0.1403818,0.9401812,0.0068107247,0.9307296,0.9779873,0.21319292
935ef251741b47beb221baa55838c670.jpg,10,57.295633,15.923763,10,65.593912,21.122561,962.4213,152.47395,0.8748699,0.0067433715,0.8564378,0.95382875,911.9619
9370b4bbc9f24bbabc555ab8978b2ce6.jpg,3,61.677678,22.55367,3,61.873685,24.507255,105.015144,22.481262,0.8443301,0.0051446557,0.8175851,0.96578497,101.6553
93af5792961b44719e8c643567fc6d5f.jpg,11,36.407945,33.843991,11,36.705251,33.112627,73.21351,3.012912,0.7438314,0.009973764,0.7090316,0.8830304,73.21351
93c3456eccfa49559085b18043a10330.jpg,1,49.093376,7.882327,9,51.503922,23.561949,1143.0895,40.664913,0.6704149,0.02105385,0.70082283,0.67621326,133.69597
93dac9dbcb3c417194fdafc9eaad493f.jpg,4,48.148855,-4.235381,4,48.149411,-4.235565,0.0633136,0.0633136,0.85075825,0.09094167,0.8362879,0.9086394,0.0633136
93ee35062458475da8a8ddaed438abbd.jpg,1,49.340651,12.207289,9,52.560906,15.874136,440.55643,305.14056,0.72438776,0.07554841,0.7153389,0.81700957,732.8772
93f429e4463d4ce995b3b0a492580251.jpg,4,49.145494,5.377584,4,46.504489,3.818491,315.8742,44.697346,0.6840516,0.027282536,0.69139194,0.73994064,1045.1757
9433b2b7e21145dd8e919f6b13535c0d.jpg,8,59.342693,10.431067,1,51.40101,14.94923,927.5477,352.58768,0.6356126,0.019166768,0.6466279,0.73058236,1039.7246
9450923063724607b9e63e6b12c6d5dc.jpg,4,43.752959,-1.380459,9,52.880253,14.812698,1563.3364,1.290369,0.7502677,0.0076262355,0.73615044,0.80673665,1563.3364
9465eb4fc2a5453ba859235925af6884.jpg,5,53.188681,-3.073458,5,53.187429,-3.066231,0.501235,0.501235,0.7211319,0.051259935,0.71112037,0.7860927,162.80103
9494ee27a4c040fb8b0b57c3e9f7d14c.jpg,1,47.58642,10.326442,9,54.459904,17.887855,928.2931,0.70831186,0.6696688,0.0020640492,0.657271,0.71925956,928.2931
94977fdd82164a8db87bbc816933d827.jpg,3,66.856983,28.716797,3,66.857063,28.716738,0.009261923,0.009261923,0.95238733,0.059590757,0.94352674,0.9878296,0.009261923
94d4e89611724267a9b567236896bd6e.jpg,6,65.593974,-22.956308,6,65.590491,-22.962882,0.4911625,0.4911625,0.94095296,0.011318207,0.9284663,0.99089944,0.4911625
9503d99dffed40dbb1ad5b2e21e90475.jpg,7,45.467289,8.740133,7,45.601697,12.076961,260.31564,8.327952,0.6692792,0.009850383,0.65008485,0.7589517,260.31808
9510b2bbdde245348bcdc1f274524459.jpg,0,53.924427,30.469325,0,53.985837,30.465967,6.8320236,0.553545,0.81225514,0.020936131,0.7779635,0.9539224,42.558907
95350324ccd7432f872cf82ad822bd6c.jpg,5,52.098316,-1.501466,5,54.215778,-0.31556,248.36432,13.914647,0.6880023,0.0035918355,0.64997363,0.92287636,385.1922
953692b6464b49e9ace132af6c585a33.jpg,4,44.704727,1.541044,4,44.521995,1.29165,28.329494,7.2316017,0.66825527,0.01898563,0.6501016,0.7408698,28.329494
957cf2d8544d4ec883b9a2763e8fb69e.jpg,11,36.323521,32.437335,11,38.201675,41.479896,826.64923,6.766931,0.7444123,0.020527184,0.7488922,0.8008164,781.10474
95ac5a12ea414d14acad24051d0afbaf.jpg,5,52.650202,1.724171,7,40.546533,16.485082,1748.9667,866.6868,0.62843204,0.007252693,0.6008582,0.8143532,1370.2588
95e96fb594784b3492746a6a1267aa6c.jpg,11,41.56696,27.776496,7,43.8111,10.727295,1413.0061,590.35187,0.6992078,0.012918174,0.6827505,0.7853812,1413.3289
95fcd4addaf04045b363dd5f513287d1.jpg,10,66.056567,22.707692,10,65.081254,21.465107,122.57981,0.028885031,0.8269081,0.008936524,0.79695153,0.9467342,122.57981
967adcd6d99c48acb31ad3988f5dff08.jpg,4,49.76446,1.748322,5,51.871741,0.216859,257.82346,153.91267,0.6677678,0.01843685,0.6502553,0.8079227,503.53308
96b22f8c1001421a9253576f6b6cbcf3.jpg,7,40.778038,16.183277,7,40.792529,16.167957,2.0639884,2.0639884,0.8589079,0.028059363,0.8423809,0.9250157,2.0639884
96b5e8ce551b4612aea6b46aa9c06580.jpg,11,36.984381,35.81847,4,43.699774,4.537026,2736.1777,33.070435,0.71323097,0.0041199327,0.7272326,0.72345346,69.58064
96b6dfdfc730405eb9c759804937a542.jpg,1,50.588855,9.311462,2,41.906628,3.146519,1074.6239,662.25977,0.6387724,0.00648731,0.6242891,0.757459,961.6993
96dc7c8c05354b54a7612b851ed5a8d0.jpg,6,64.610841,-21.813335,6,63.486053,-19.339861,173.55406,9.977548,0.8820634,0.007941127,0.87748575,0.952582,354.8001
96f121454bbb482b86415dc69a4fa20d.jpg,10,56.549416,15.448048,10,60.311661,15.045519,418.9968,80.16074,0.6709403,0.010131657,0.647825,0.8001809,515.0444
96f2b35248784c69bf54c584af9e7de7.jpg,4,48.191396,3.449985,4,47.909739,4.718497,99.35373,25.012966,0.72216344,0.023301184,0.70818317,0.810124,234.82924
96f3878b4fb64c53ab46e9c8ec28a755.jpg,1,51.690663,12.209446,2,42.092848,-1.650321,1494.5884,226.19788,0.76726633,0.05850196,0.7618471,0.7889432,1494.5884
96fe73aaed7448d88e6c14579cdb4c4d.jpg,3,64.167787,28.986931,8,61.797294,10.22406,979.6597,13.458165,0.7477155,0.017445147,0.7474078,0.8109166,530.7521
970d368ab6d04e7a914ff814a93f844e.jpg,2,41.627697,1.028547,2,38.850565,-0.495731,334.7965,30.236277,0.75828564,0.030688941,0.7256533,0.88881505,334.7965
9713b6e62bba42c0858d84d8cfaf0eb0.jpg,2,42.835696,-1.649348,9,49.819205,21.424565,1924.3182,102.942894,0.6565666,0.018152833,0.6335424,0.77409744,2438.1565
9717df7aa94b4c1c85959223c18d7244.jpg,9,54.164718,22.931409,9,54.169744,22.931066,0.55931234,0.55931234,0.7368951,0.06492776,0.7157029,0.82166386,0.55931234
9729b8a0bb104c04bc3f5e64ae0c15dc.jpg,9,53.885053,16.160569,9,54.223719,16.521671,44.426052,6.345961,0.72171366,0.0119645,0.6944165,0.883204,82.88934
972fa92e812346f3995fe7ab3fc8cb6c.jpg,6,64.834197,-22.82499,6,64.834871,-22.83082,0.28567135,0.28567135,0.92331773,0.0006145239,0.91475743,0.9667682,2.6636515
974c25f080d049bb8793ac4082b67181.jpg,7,41.109578,16.500248,7,39.327102,16.047915,201.88841,11.437543,0.6522886,0.0021681786,0.6324204,0.79051554,69.60264
97742c1f209345379fd8eb8395eae5e3.jpg,0,55.08743,27.148609,4,46.117055,4.948186,1845.0326,98.42837,0.6476649,0.011836529,0.6405322,0.697477,1020.7809
9793f53ef4f74b4f98ba95eaf22f14b5.jpg,2,42.291636,3.208021,2,38.723606,0.028132,479.16702,12.582013,0.6878533,0.008926213,0.65530777,0.8223226,12.582013
979878a8194949e0946f3a0408d8764a.jpg,8,58.035236,7.618838,5,58.532714,-4.286441,697.2107,55.08271,0.7252554,0.0017617345,0.7215736,0.7399826,697.2107
97c8812e43c14e379918e1ed4add6fb6.jpg,11,38.325044,41.111602,11,38.20074,41.09863,13.868316,3.8640826,0.86156136,0.009600341,0.8634021,0.8657173,13.50654
97da02aea0a54277a27c59b0c2966c8a.jpg,11,37.378828,36.095251,11,41.770849,33.459849,538.0023,81.218864,0.6200653,0.017463207,0.6325927,0.7337911,3257.9932
97e3289c30554c899b2e551a68700307.jpg,2,41.208792,-3.973133,2,41.133848,-4.088747,12.770714,8.123304,0.68732095,0.0022543073,0.6720935,0.7857952,16.622171
981794d7231a4b5bb88bc4ccd34fd050.jpg,1,52.867198,8.070968,1,52.429465,7.036078,85.10723,13.141796,0.7331457,0.009297788,0.72775763,0.8465692,106.58132
982ab0088b724607abfeeafcee1fbe71.jpg,10,57.452758,12.171271,5,51.215293,0.726344,1013.2671,102.92313,0.7163319,0.03379625,0.704615,0.7907361,1000.86755
9841d48826814ab383e8fa3f04668b3e.jpg,1,47.960039,8.8542,1,49.563117,8.015287,188.55925,17.06266,0.6178508,0.00632149,0.5903783,0.7441089,290.01917
98587d4cb4914d25a82e22694355ee7c.jpg,3,64.316096,29.099932,3,64.278348,29.16094,5.1258492,1.1829609,0.8719158,0.0036087036,0.8499845,0.95964116,5.1258492
986b3106e6834e7ca860c557702f2299.jpg,3,66.839377,28.682683,3,66.840689,28.688462,0.2918171,0.2918171,0.8723222,0.02479148,0.8517499,0.9626223,2.4665995
987993dc824c408d9d8b25ad86a57f96.jpg,7,36.843245,14.457916,7,36.82738,14.532361,6.856172,0.290737,0.83036906,0.02865702,0.8386917,0.8801131,0.290737
98887a5fa6724e64b2ffb914d213568a.jpg,10,62.933443,16.216003,3,64.817401,29.338791,674.3578,14.868838,0.77483743,0.014851034,0.7741728,0.88017297,692.9223
9891430b2ade4e77914dddfcceb50322.jpg,7,39.37917,8.589009,4,42.518416,9.397703,355.60944,116.31063,0.6943956,0.012706161,0.67876124,0.7569331,355.60944
98cfdb2aa208434098f8212adf0c3def.jpg,4,43.528238,6.927551,5,53.649885,-1.461616,1281.4922,769.33105,0.6938184,0.02135998,0.6891031,0.7500993,1364.0262
9903d6ebe27e4bd6a0c45ca530851dbf.jpg,5,51.069915,-0.61249,5,51.983434,-0.492355,101.9182,27.103937,0.7629953,0.022777498,0.7491646,0.8259541,1344.8423
995003b5cd144b15847b1d38eea5e659.jpg,3,63.488824,25.665325,3,63.489734,25.666591,0.11911045,0.11911045,0.9076984,0.06959534,0.898869,0.94301605,0.11911045
996aa6fb5ca449518d2fbf28443dbfe7.jpg,11,40.126775,38.228155,11,40.11229,38.304629,6.699171,6.699171,0.7796246,0.00413239,0.75429904,0.9294512,38.389206
998c2b5c1a684dfdae333e6074722b05.jpg,7,40.286051,9.150943,7,40.283859,9.144591,0.59136754,0.29258415,0.85470587,0.049643457,0.8627249,0.8390708,63.478592
99a237ad0e9642388f210c4f431e99f3.jpg,7,39.22141,9.188401,7,39.220807,9.187497,0.102762766,0.102762766,0.8758188,0.024344027,0.8695718,0.90080667,0.102762766
99a527833ffb4bf0889509ba7cf5c5c9.jpg,0,51.695666,30.346586,0,51.70836,30.351906,1.4583453,0.24713056,0.9629835,0.03469056,0.95599425,0.9909402,1.4583453
99d00c411f954a97a41a4aa489f7e8cd.jpg,4,43.465404,1.181204,5,52.624791,-1.411929,1036.3795,139.6932,0.6367485,0.0066053867,0.6025483,0.7735493,1036.3795
99ee45d59c0b408bb9a0db15bfb7b850.jpg,0,53.688484,25.606208,9,53.548595,23.768023,122.23011,13.944042,0.86247265,0.03345728,0.840946,0.95868075,124.603485
99ff36cd08f541fda056d8690d3b43a8.jpg,9,53.137884,19.208704,1,49.447038,8.782049,831.9689,208.61726,0.6463936,0.02502209,0.6299455,0.7398036,1206.819
9a315a1d7b494557af8e9e53cf04e416.jpg,5,55.905559,-2.718006,5,55.534396,-2.674281,41.36225,4.638553,0.6602296,0.011440396,0.6522945,0.73989356,767.1788
9a336af8b99e47c281024b178be50375.jpg,11,38.58438,27.35098,4,48.432297,-4.500673,2766.931,1394.6982,0.63080543,0.00063854456,0.6544208,0.6387882,1890.2261
9a3c3805121245bfb94e6947657d5fa1.jpg,4,46.601816,5.636847,4,45.529555,4.516941,147.24142,13.415676,0.6841508,0.009936571,0.66111654,0.77628803,147.24142
9a3ea24a83e64db091ccca069c192b54.jpg,10,61.751269,14.662736,10,61.420106,14.839124,37.98797,6.9704437,0.8199262,0.0021159053,0.79105854,0.9353968,37.98797
9a7d5f9d40a04a6f88a1d6a2997f0443.jpg,4,44.573892,2.17357,9,53.926638,21.468402,1735.0197,583.56824,0.65884197,0.017534018,0.65949094,0.7106675,1580.9349
9aa27a34e54446d48ee3a064719b9aa9.jpg,10,57.166283,18.308923,10,56.975206,18.314161,21.249182,6.453392,0.7273135,0.008223176,0.7126861,0.82968533,23.165668
9aafaddaa44a447eb3c76600c3fa8d75.jpg,4,43.589791,6.844882,0,52.527682,25.580347,1702.4707,125.29783,0.6658743,0.034710407,0.67212164,0.68804324,639.64044
9ab2c09fce7748b2a3c8afa0ae97b5f4.jpg,1,48.635987,8.202713,10,58.84308,11.258969,1152.3312,1.4056147,0.64943475,0.030304193,0.64945054,0.7195643,261.25873
9ac50314b518479c9e1a78ddffaa46ff.jpg,7,43.696067,11.406921,7,39.619264,15.857407,584.78827,0.19223563,0.8059664,0.014399588,0.78895193,0.8920829,379.08383
9ade4ea3b6874009a6e57ae9df196a65.jpg,3,68.010763,25.187895,3,68.008903,25.186969,0.2103859,0.2103859,0.94000995,0.0007019043,0.92754096,0.99111515,0.57552665
9aef2ff7825d470fae5dd78dde52b1ec.jpg,9,52.165235,22.743178,9,51.149424,23.576359,126.73255,4.6395993,0.70457673,0.0004119277,0.6807593,0.81753,145.15047
9af8206ea9ef4cda9f630189eb190310.jpg,3,65.677299,29.109101,3,65.679861,29.114293,0.37107167,0.37107167,0.9730099,0.017503202,0.96727014,0.9959688,0.37107167
9afe4aba31504dc9b90ba3392d6fdf41.jpg,6,65.42946,-20.593079,6,65.429899,-20.592736,0.05132619,0.05132619,0.97821605,0.04519373,0.9757433,0.98810685,0.05132619
9b1080409d6d44e9807ea377627f2f83.jpg,7,38.650811,8.346251,7,38.649459,8.279764,5.7757206,0.305231,0.8056951,0.000454247,0.78548265,0.88654494,5.7757206
9b642c319d6f4860ae31e75da69a6d36.jpg,2,40.921562,-4.256722,2,41.241776,-3.779279,53.56465,21.836498,0.75209624,0.011682093,0.74261194,0.7900333,53.56465
9b9945ef3f35484f8fd4d0ddfe829e51.jpg,5,52.926237,-3.611734,5,52.331536,-3.042645,76.47272,0.17496839,0.7856026,0.006112337,0.754289,0.9530277,0.17496839
9b9df287044e4640a2ad8ed867fad478.jpg,3,61.898763,29.807378,3,61.865383,29.741291,5.076512,3.408112,0.87447023,0.0003978014,0.851474,0.97007895,8.082644
9bc8f56e99c241a0a92b4468b05532b4.jpg,7,44.541313,11.105077,7,44.534928,11.121658,1.4936988,1.4936988,0.78660315,0.122180104,0.8341027,0.7525056,368.97836
9bceb79664bb47ba9b690edffaf5e38b.jpg,0,53.724558,32.05704,0,53.726094,32.076557,1.29532,1.29532,0.7795682,0.00078088045,0.7531527,0.93690515,187.4136
9bd0f76d73374d5eb0a4207db200ba51.jpg,3,67.075143,25.077841,3,67.427241,24.937528,39.613667,1.0443194,0.8450719,0.004986286,0.82786435,0.9327402,210.03926
9bda7fa8204e4bacb525bf359ca8ffcb.jpg,4,44.986662,-0.745127,4,45.93007,0.198103,128.12537,5.6893888,0.6341759,0.0004093647,0.6451138,0.7107811,489.59125
9bdc6b833a6d4f01842feef02c851253.jpg,8,58.612524,5.686175,8,58.625675,5.746338,3.778042,0.17579228,0.8346984,0.08892578,0.80977595,0.9343879,3.778042
9be2fe48d4e54702994b76c01d97e668.jpg,11,39.846239,33.450381,4,44.16342,-1.031942,2867.7278,41.27061,0.6303235,0.0001553297,0.6465851,0.713421,3065.8376
9be6a052bb65412dae25169eda0b3f01.jpg,11,36.940189,33.271048,11,36.944458,33.271389,0.47565818,0.47565818,0.7878101,0.005473554,0.76295304,0.89755565,321.8935
9bf2b3f7bec54a99a7d95e3b63b0d2f5.jpg,7,45.298793,7.866709,7,45.151314,7.805021,17.09579,7.9526925,0.79357904,0.060450375,0.7933953,0.7943141,17.09579
9bf6e123f34a4ddda0dc61e1787a9f98.jpg,6,65.497527,-23.454276,6,65.499958,-23.451602,0.29711184,0.29711184,0.98491603,0.042136014,0.98162127,0.99809504,0.29711184
9bf9bbf4442144818ee52219f423de2a.jpg,3,67.614927,25.402213,3,66.383732,25.871219,138.41008,30.623589,0.8558285,0.009048939,0.83912086,0.94263077,315.419
9c00253691e24444baabc19d46c59b23.jpg,7,44.531121,9.158908,5,55.59005,-3.608228,1525.487,149.8163,0.71236324,0.0060088634,0.7123586,0.7798406,1458.376
9c1c75f7b27946b287bed4c6c75f1ed9.jpg,5,50.366433,-4.66919,5,50.381196,-4.934506,18.887028,0.9614313,0.78179467,0.008536935,0.783334,0.8585635,2.8334804
9c33f359a5c2499b997d947248a03255.jpg,4,43.442281,6.078668,5,53.185413,-0.592806,1189.188,5.4888096,0.6803721,0.037040234,0.6918256,0.70582604,1088.5673
9c40632726d045af875f791701fcbca8.jpg,2,43.241758,-8.195742,2,43.245141,-8.196915,0.38798654,0.38798654,0.8203818,0.13494962,0.7907102,0.9390682,0.38798654
9c5269d9cadd461783d6d8b2b0fd8ddb.jpg,7,40.916806,9.095366,4,45.830071,5.640525,613.40674,4.7299175,0.67343146,0.04158348,0.6523617,0.7577103,613.40674
9c68b84ce24a4d13bee7b1c102b33edb.jpg,11,40.546478,37.234002,11,40.626192,37.303927,10.650514,10.650514,0.75141084,0.028626144,0.7257986,0.85385984,10.650514
9c91f0de1d50480d8e7cfb3c7bd9df41.jpg,9,50.721512,20.585252,9,50.524787,21.191122,48.013004,2.2021074,0.7203453,0.04272443,0.7386043,0.75455606,936.14575
9cf0cbf2f2704b98a102fcac0d7532dd.jpg,3,60.319549,24.527475,8,60.628291,9.900202,800.6384,9.743074,0.70391154,0.0063631535,0.6834639,0.7857022,800.6384
9d126f0a09f149a3b559215bcd38dc9d.jpg,0,55.035073,29.332589,0,52.218979,27.866041,327.71017,1.7842185,0.78398484,0.013069212,0.7478181,0.9387611,327.31747
9d138c3a577146e1ab906d27e2bf916d.jpg,4,48.628972,-4.510165,4,48.572815,-4.509819,6.244434,0.6479098,0.7534349,0.006991923,0.7506412,0.78865755,13.636508
9d22de5a19f64e718e66b1ee7cc3a8b9.jpg,1,47.888452,10.672733,1,50.291061,11.291966,270.9342,41.758812,0.7074237,0.053892493,0.71228635,0.74697256,267.98062
9d45e9b1aaab4ab28404453884998fca.jpg,9,53.076853,22.148214,9,53.931246,22.399695,96.44894,3.0461519,0.7364768,0.011778951,0.70300245,0.91966593,265.211
9d4bf0d13584456cb86afced3d09a8ce.jpg,9,54.227283,16.347459,9,51.503922,23.561949,570.75775,14.1945715,0.7291193,0.02442795,0.69135725,0.90155816,535.11993
9d4d936aff614329a2040c68fe24fc29.jpg,9,53.527641,15.071945,9,53.366503,14.817662,24.58896,9.270797,0.66946065,0.005248368,0.6572266,0.76802224,35.120102
9db5f382d1774738a241b15feddad478.jpg,4,44.131913,4.158871,2,37.543553,-5.04636,1064.7511,21.048422,0.61972576,0.012288868,0.60635185,0.6732213,1064.7511
9dd8a946fd5747f98cbbf57f179c562e.jpg,4,46.229828,5.354255,10,59.176348,16.211198,1610.105,154.94106,0.6910853,0.006051123,0.66068614,0.8126819,1610.105
9ddc4cf5059c4ef5992e58e0a82cd55c.jpg,8,67.074285,15.380477,8,67.071903,15.381277,0.26712397,0.26712397,0.88285094,0.037427485,0.8644074,0.9685129,0.69250286
9ddc90beba2342068a9dcc62f44a2031.jpg,4,44.325544,-1.097516,4,44.084387,-1.310524,31.738796,9.072817,0.7815812,0.016868174,0.7545103,0.8898648,31.738796
9ddef74612b8402a81284998e40851ef.jpg,4,44.175908,-1.112129,4,44.14806,-0.986995,10.451012,3.1311932,0.8441324,0.10150021,0.83134145,0.89529616,10.451012
9deef981f05b405aa0198278c4cae043.jpg,1,52.052851,13.897482,1,51.985405,13.926269,7.7540536,7.7257752,0.84444934,0.013382077,0.81987077,0.9510001,7.7257752
9e00b875045648acb0506ef97f040a01.jpg,0,52.214232,31.52437,0,52.213219,31.529268,0.3522045,0.29366747,0.9682942,0.008020222,0.96266305,0.9908186,0.3522045
9e08605636a746f7937d7c4de2c3dbd5.jpg,9,51.060931,21.743771,6,65.945211,-16.567453,2703.957,46.860317,0.7082709,0.007114053,0.72750735,0.77976596,461.5362
9e1a2d3f75f541ae81fdb983b249fac6.jpg,8,61.713566,11.973162,8,61.685757,12.001238,3.428189,3.428189,0.7929106,0.099220395,0.7939812,0.7886281,3.428189
9e2e0e93a4334621bd2f2b88ca24eb47.jpg,5,57.144464,-3.856218,5,52.364091,-1.607946,550.7057,57.236034,0.6828406,0.030356169,0.6414349,0.8484633,550.7057
9e5f8e1390d546858cdc98fac985fe32.jpg,5,50.404452,-4.55773,5,50.433565,-4.571904,3.3894074,0.65733683,0.8350123,0.039486885,0.81081074,0.9330605,61.140995
9e67a7e7bc5c4983b0772e3126e7f831.jpg,9,50.726613,18.631957,9,50.679042,18.650596,5.450096,5.450096,0.8373789,0.038547337,0.82121694,0.90202695,5.450096
9e75633f0f1d4a52ae1e3d60c78ed5ef.jpg,3,67.659769,24.683973,3,66.383732,25.871219,150.95197,19.603771,0.86502135,0.0058575273,0.84965277,0.9396504,342.58337
9e7b5fd3e7f040249e5197c49039c3dd.jpg,3,63.945694,29.916284,3,64.322494,29.829592,42.108826,14.244696,0.8322308,0.03480506,0.8166375,0.9080914,438.1519
9ed44fba1b7e4311a46c06114799ae21.jpg,5,50.508131,-4.746179,5,50.502509,-4.693525,3.7758424,1.8589178,0.865552,0.012238443,0.847443,0.97382,4.3147364
9ee5a3ffcb1446c9b2bd183189beeca7.jpg,8,63.230691,9.432156,8,66.751893,15.478085,483.36475,3.9969308,0.7809258,0.0015344024,0.7557875,0.9152009,517.4154
9ee6391950104f55ae91c9caa27ce7d0.jpg,6,65.573783,-16.055936,6,64.80067,-13.991081,129.11717,25.692413,0.8916782,0.0067002773,0.8807509,0.94639504,74.24862
9efb593cad314e0497c9822b3958f250.jpg,7,40.564258,16.398659,7,40.563778,16.399935,0.12027805,0.12027805,0.93810797,0.067878366,0.927638,0.9799875,0.12027805
9f04bb14127b4383b923740298d4b876.jpg,7,41.028628,8.949332,7,40.983568,8.926632,5.360308,1.0981853,0.81897813,0.0018772483,0.79294646,0.92430454,15.408484
9f1f17c4c52b41b186da514dc9dd386c.jpg,4,45.977121,1.431962,9,51.460756,22.642346,1663.8236,107.01992,0.6286417,0.026129663,0.62796426,0.69124734,1657.576
9f3962c6fb3e4587ba53d7cdcbc980d1.jpg,8,60.814143,5.803621,4,43.988064,7.54734,1874.5497,1.013989,0.70488614,0.0062682033,0.6916259,0.7762935,1816.1732
9fb632b9f21341e28aa16710d4238ca2.jpg,5,54.23181,-1.415844,5,51.25854,-0.104649,342.1752,15.224772,0.68064535,0.027059853,0.66090405,0.8258405,305.64615
9fd793360f4c41259af345ab0a62041b.jpg,2,28.052437,-14.363509,2,28.055768,-14.36334,0.37076187,0.37076187,0.83241296,0.0077343583,0.80600643,0.938039,0.37076187
a008430024b9434ca9ddfc0a26b1f076.jpg,3,61.018492,25.151495,3,61.767932,24.362808,93.31334,28.98698,0.70703435,0.0029615164,0.68773353,0.85261524,105.32747
a07ee3d019a941d69a2a53dc96b9f28c.jpg,4,47.834133,6.434561,1,50.000302,9.334376,320.756,36.603,0.7106675,0.026426673,0.6966274,0.80875933,314.63458
a0830a419b484eca952ae98c67b78f5d.jpg,9,54.770229,18.401537,9,54.785546,18.407208,1.7415727,0.7528602,0.8386378,0.08918655,0.8223934,0.9036153,1.7415727
a0ce1e43dba64063acbe59a37621d2a7.jpg,6,63.678188,-20.15654,6,63.673065,-20.133444,1.2733816,1.2733816,0.8197077,0.017982066,0.7898717,0.9524728,6.930683
a0d0b693fa4d44f8a5f6d84236abc6b6.jpg,3,61.892303,29.797767,3,61.831539,29.732559,7.572659,4.2096868,0.9089146,0.023851573,0.8933245,0.9720332,32.27288
a0d4159aa7774a799265280467c1670e.jpg,11,36.204634,36.197183,11,36.206228,36.198233,0.20072693,0.20072693,0.8003592,0.061050773,0.7947355,0.8389113,44.15273
a104382a1c4a4030b8e6d9d2d6b3d50b.jpg,7,37.967095,13.772779,7,40.558185,15.391558,320.03662,14.29201,0.74159956,0.0021039844,0.70718014,0.90714705,290.62585
a10ba1e3bf8440cc975758f4ec066a74.jpg,0,55.526331,28.832483,0,55.527597,28.815137,1.1007689,0.6154872,0.89640373,0.004741907,0.87828684,0.97469914,4.1321707
a10bc69354d1488784c6f6894fe58a76.jpg,3,67.475943,27.961995,3,67.481408,27.918788,1.9379576,0.95436996,0.80042446,0.027121603,0.79250145,0.8369446,0.95436996
a12c295557e04b499c95b1a18cdd280d.jpg,5,55.295296,-2.939892,5,55.298853,-2.940177,0.3959322,0.3959322,0.761908,0.05608183,0.75824416,0.843591,126.96904
a15dac8d02864e49a4bcb711fe86fbe2.jpg,1,49.97477,7.704498,7,43.973012,10.525031,700.701,143.34271,0.65897405,0.024065614,0.664315,0.75688875,368.38184
a1655ef6b49143d3bb8ffa99fcc1f350.jpg,4,44.086921,-1.000352,11,37.533725,36.917944,3243.0347,2274.9114,0.7765377,0.021649241,0.77380526,0.86310863,3083.2346
a16db499700349cf842571177a03ca51.jpg,10,64.517321,20.810443,10,64.316607,17.52838,159.14598,0.039977286,0.8789401,0.0008354783,0.8800024,0.95476735,30.151548
a174e77b7fa84449b31dda731d7fd8c2.jpg,7,39.293721,9.135541,2,37.167563,-4.552014,1217.4489,3.4687774,0.7759387,0.01204586,0.81043917,0.7872064,664.5472
a1757d58d02d4adcae8071da06a7eb8b.jpg,1,49.842917,11.662596,1,49.734777,11.693424,12.226595,11.9352665,0.7243602,0.022583127,0.71609205,0.7574327,12.226595
a1b56de7d8b64f0eadaad116183284f9.jpg,8,69.296517,16.003784,8,69.293549,16.016331,0.59349126,0.058203857,0.814818,0.0027030706,0.7874701,0.9390484,0.6524132
a1c1088145074f6aa6af1c89a0f74f3e.jpg,4,43.185393,6.472581,4,42.944043,-0.086693,533.39557,3.4413545,0.6581544,0.042574108,0.64772177,0.7687354,380.3862
a1db6af4de174adbb59b60d7b45b0910.jpg,4,50.176373,2.734334,1,51.755362,12.984194,738.2627,137.79268,0.6588731,0.027146041,0.65139973,0.7851481,828.2638
a1e293b5fdc4400fa3eb5f140134e6ef.jpg,3,63.835635,29.464602,3,63.778483,29.406286,6.9698286,6.520495,0.8902503,0.0026227832,0.88735723,0.9218714,6.520495
a234b87808754643b2f652653316bee0.jpg,2,43.027356,-8.427511,2,43.028325,-8.427142,0.111845054,0.111845054,0.86197394,0.03892666,0.8699043,0.86609584,1.2403996
a2367f4a70c740eea841cabf977f244f.jpg,10,61.771532,14.14664,10,62.252036,14.129205,53.437428,2.3761122,0.92627704,0.024604797,0.91423476,0.9744462,53.437428
a25c581affc147128626ef104c3b96ad.jpg,0,54.600417,30.442764,0,54.511927,30.501918,10.5531225,5.125558,0.76732373,0.045667827,0.7783251,0.8176493,2060.6182
a269b35cd6b045fe92eb7965e189ee7c.jpg,4,41.43118,9.188322,4,41.485247,9.240302,7.4099627,5.340968,0.69852406,0.06155908,0.6868156,0.8297623,46.87153
a2912f6ee7ae42a2a92997b7da0f66e9.jpg,6,64.746277,-14.366548,6,64.716348,-14.324656,3.876735,0.7426744,0.9333595,0.0014138818,0.9235245,0.98685557,4.667336
a293bc868efe4f0dbdd8f0dbd3b82743.jpg,9,52.915904,20.531135,9,53.034655,20.444992,14.409304,4.34623,0.8095928,0.041994274,0.78688294,0.90043205,14.409304
a2943bd0d8d04db6ac9b4e6b9def607a.jpg,8,69.590388,18.281264,8,69.60293,18.052288,8.98527,1.6385052,0.6522992,0.0032550693,0.5948179,0.88594675,98.1488
a2966d565cc84355823fb5215cc97407.jpg,3,64.283483,28.015435,3,64.422415,27.674665,22.530777,7.4263053,0.75654554,0.0044765472,0.7253469,0.88134,22.530777
a2ab6ce858294e1da6c06d0b0a11f093.jpg,4,47.741256,7.505727,4,45.813418,-1.073504,687.1446,69.815155,0.7138635,0.025154233,0.7277707,0.6839125,330.65436
a2b7e16bc30b434d872072f8e55e139e.jpg,3,61.740981,29.824882,3,61.728771,29.699428,6.7440653,4.691724,0.76918286,0.05097586,0.77408874,0.8128989,1124.4653
a2cbc7b9373f4a91b1395afee4ffb43a.jpg,5,52.225477,-0.993327,5,52.383836,-1.168162,21.2456,11.934587,0.8712592,0.034249187,0.8624516,0.9532057,349.12952
a2e8e90a6cb5421ca6bf799d11ec5569.jpg,5,56.796561,-5.065104,5,55.613174,-2.110475,225.1568,1.7537789,0.7781228,0.0024703145,0.75110257,0.88886607,129.61896
a2fa0aeeeddb4af6bb139f37f463a1f6.jpg,7,44.43695,12.004107,7,44.415407,12.030543,3.1851726,3.1851726,0.7991199,0.076429725,0.8027339,0.7846639,3.1851726
a2fccdc7602447d281578ac4f21da84d.jpg,9,51.869744,19.088298,1,52.819171,9.637205,650.1453,171.69704,0.69455117,0.0010461211,0.6821166,0.8229078,713.2824
a32ea681d20a4f80b4954753a86fbbf7.jpg,11,38.657967,36.077699,11,38.659035,36.082338,0.41994733,0.41994733,0.7968338,0.04507041,0.80510545,0.79898214,43.57821
a345b49efe4c4811a2576785d1f9662d.jpg,9,53.420427,19.543763,9,53.518461,18.9922,38.100033,0.101358145,0.75789577,0.0034303665,0.73526764,0.89567935,64.11058
a386c2c4bd6d44b89ff968ac860bf7ec.jpg,10,59.220796,16.615308,10,59.577443,16.845407,41.74139,5.6964355,0.7678795,0.08127713,0.75640094,0.81379354,41.74139
a3c7e82756c24566962dfe9afb4a5a88.jpg,11,40.961745,40.533511,11,40.964481,40.534978,0.32822084,0.32822084,0.7434436,0.08714259,0.7356648,0.7745588,0.32822084
a3cb80440a0540aea618db22d846c9cf.jpg,11,41.016711,29.27001,11,38.350516,27.149765,347.55273,16.547083,0.6801007,0.008053184,0.6695621,0.80178696,1297.2004
a3f3e65875a84db88c08b864420cbec9.jpg,4,44.184349,3.435827,4,46.780895,4.141128,293.90887,45.20424,0.8001506,0.012742341,0.76398027,0.9493829,309.98553
a4100010acfe4107bf1b3edec1347d8d.jpg,3,68.357118,27.401346,3,68.355338,27.399412,0.21322899,0.077989556,0.9350622,0.0011482239,0.9226196,0.99070716,0.077989556
a42803a147b848ed9c411914df7ea418.jpg,3,64.256342,29.171933,3,64.25866,29.170698,0.26456115,0.26456115,0.8243152,0.022231758,0.8047917,0.92715234,9.522942
a45a34a4e2d44d0f95cde05ec51870ce.jpg,8,65.116402,14.524211,8,65.102115,14.600888,3.924468,3.924468,0.86110365,0.026488245,0.86800265,0.8908309,178.53796
a470ac98942a4653849d40d9422471ce.jpg,0,53.528624,26.253894,0,53.473673,26.419556,12.545405,0.2868285,0.89890814,0.009672523,0.8837929,0.9646652,19.182497
a494efe2ca10472db925246870e207a3.jpg,7,41.441941,15.625535,7,41.397105,15.693285,7.5345554,1.5565957,0.7429538,0.04939592,0.71478015,0.85564804,7.5345554
a4a81b8e9783485fa0ed76ccd5a02eed.jpg,8,69.800536,23.236568,3,68.433194,23.499973,152.39938,21.710642,0.79245925,0.059280038,0.77201843,0.87422264,152.39938
a4dad9e2f5e14d908e7927dbcf19e705.jpg,1,50.134125,6.993703,7,44.747533,8.529666,609.96277,364.08374,0.6652441,0.022600174,0.67615986,0.75677407,1010.3624
a4de410b253f40fb94c4a4803d425b93.jpg,4,42.976644,0.708042,5,58.554895,-4.706119,1772.1719,888.98846,0.7305479,0.01980257,0.6916226,0.88624895,1772.1719
a500be2f72214120b09f478b0b64cd74.jpg,4,49.211842,2.369643,1,52.734003,8.347443,572.8632,111.62852,0.7007165,0.0075915456,0.6934261,0.7724608,751.9784
a50be80d6f354ea78c946b54305fd784.jpg,7,40.523145,17.196,5,50.141467,-5.395962,2052.376,3.3663354,0.6240399,0.0016758442,0.65012074,0.6634638,2067.5059
a51ab4b73d6c4db1ae44a398f8f1dfe9.jpg,9,50.930164,22.253328,5,54.478649,-6.497841,1962.3531,198.1974,0.61734825,0.022725523,0.6060202,0.7285085,1582.8507
a52d0a3ff2af4044bca62d8d8db06021.jpg,9,53.41582,19.552727,8,58.613764,5.688058,1034.5786,15.678328,0.61612225,0.009323597,0.5958322,0.6972821,1034.5786
a54140a9d552414db4266a1fd8031998.jpg,7,40.194826,8.987326,7,40.23505,9.038557,6.2392774,0.25739446,0.8883055,0.016280413,0.87258786,0.95117605,6.2392774
a5462ec4b9df46ca87f4769c591216b7.jpg,8,68.342967,19.086247,10,67.969163,19.963645,55.18432,11.467714,0.8958967,0.02303207,0.88216686,0.9508159,55.18432
a55064e9acc9401089e205306133287d.jpg,3,67.143533,25.010679,3,66.876188,25.429366,34.8475,7.25174,0.84113747,0.014019549,0.81546795,0.9450607,32.082764
a5699c980c654ba291d758dca57448a5.jpg,11,39.554776,40.044032,11,39.559239,40.033464,1.0330113,0.3319686,0.9209564,0.011607647,0.91042936,0.9734452,2.478236
a5723eb87c4b44f29080c57927385ca5.jpg,10,66.540744,22.366148,10,66.452131,22.54676,12.697896,12.697896,0.9205414,0.013005257,0.906435,0.97696686,12.697896
a592fa160a304354921ae9ef9dec9e7b.jpg,11,40.966901,38.617425,11,40.711754,35.970284,224.47972,11.301676,0.75706947,0.04281515,0.73917997,0.9012079,352.49503
a5d1583f784848efa048d825b34ebc5d.jpg,0,51.636377,29.080056,0,51.710682,29.154923,9.74262,0.17069,0.711084,0.0008906722,0.7234697,0.72236633,0.17069
a5d27a902fd844029b966661c859b861.jpg,10,61.220499,15.415525,10,61.252572,15.448635,3.982146,3.982146,0.8521321,0.007983208,0.8419115,0.9198171,31.819353
a5d5d49effd846ce91073680da6ef3a0.jpg,8,64.487949,12.347914,8,64.609139,12.589056,17.73068,10.130696,0.7983769,0.01220113,0.7627952,0.9407037,17.73068
a5dbd83c3131434a8f28bb9c140ba9d5.jpg,5,55.576085,-5.196192,5,55.688253,-5.330261,15.046086,15.046086,0.78611183,0.13673127,0.775039,0.83040285,15.046086
a5dfc52be00b44209865d6b38d817563.jpg,8,58.039906,7.610576,5,58.526457,-4.217065,692.62463,24.226313,0.7133152,0.004291296,0.7071215,0.84243417,693.50165
a5f115899dd641f9a433016f980a3e2b.jpg,9,50.024387,18.58598,7,45.411804,12.159605,702.4798,190.15541,0.7265892,0.015514731,0.73105425,0.79801285,1163.7175
a605b4648d53413f8fad887f8c04acc5.jpg,11,40.144092,26.378509,11,41.188229,26.664603,118.58372,2.936962,0.8091854,0.1103816,0.8098455,0.8239517,2.936962
a6344033a4f9423b8b2dfbe7999f4be0.jpg,2,41.242587,-3.820675,2,41.254274,-3.897115,6.521398,3.462331,0.76286846,0.049224257,0.73717046,0.8656602,6.521398
a635d1be8fff46218301b301d5541284.jpg,3,64.444237,29.413344,3,67.910251,23.918936,457.2607,17.335041,0.80520666,0.0055698752,0.7800396,0.9149535,437.75052
a641b93d23574405ae2dc7e20d8d9657.jpg,4,43.402961,6.281749,4,49.589714,-1.681619,918.12494,123.95225,0.67836076,0.012270212,0.6730368,0.70117265,996.4359
a684c83ca8984cee84c9bdb6599ddeb6.jpg,2,42.850424,0.736042,2,43.628609,-7.603044,680.7323,26.527655,0.6953928,0.013419628,0.67140114,0.82017195,499.33643
a6871cbdc499405f982cc51b2f1de0dd.jpg,6,65.47706,-19.276229,6,65.476516,-19.2753,0.07414451,0.07414451,0.9705238,0.12796342,0.9643597,0.99518,0.07414451
a68aea4776444077af93d518ca0e7725.jpg,6,64.527991,-14.541611,6,64.532197,-14.555784,0.8234325,0.8234325,0.8843645,0.025724232,0.8667824,0.9546926,0.8234325
a69bfbf0169a4d54bd2313403ab7421d.jpg,6,63.884242,-21.375005,6,64.986021,-22.811439,140.56264,3.1529505,0.87272346,0.0068306923,0.8608721,0.94604474,4.2842803
a6a9ec81a4684ddcb8156377850c2411.jpg,5,57.544358,-6.608867,5,58.034006,-5.23537,97.93462,0.56273544,0.8514371,0.024572492,0.82496053,0.95734334,97.93462
a6db341ea9e541159904f0b248d1a21d.jpg,2,42.768897,-7.515129,2,42.771091,-7.574953,4.889326,4.889326,0.7553577,0.0657081,0.7849059,0.6694349,83.04692
a72513de1f4d406e94ab792365a0c345.jpg,2,36.847105,-4.451494,5,53.054758,-1.42123,1817.4991,909.5747,0.65724075,0.015681207,0.66228634,0.7389492,1756.9395
a72f41169ebc4203bfeb355a8751d62b.jpg,9,51.198162,18.589177,9,51.164924,18.605441,3.8658583,0.7107923,0.88323045,0.08252686,0.86889684,0.9405649,3.8658583
a73eec28fadc42ffa9d3f97defc9ba8f.jpg,8,58.382938,6.107381,8,58.37841,6.119521,0.86854595,0.24164042,0.7757504,0.0033732057,0.74762607,0.9107036,9.841608
a74d086a90394d1aa66e7bc489e16044.jpg,4,47.794571,-3.808289,4,48.149411,-4.235565,50.680996,6.505828,0.8419403,0.03602457,0.8267515,0.90269536,50.680996
a777e7de45464338b42dbb2be945c0ca.jpg,3,68.018824,26.945526,3,68.025868,26.985819,1.850681,1.850681,0.86197793,0.0069617033,0.8423351,0.940549,1.850681
a78df26c86594ba99c8844d72abe5fb5.jpg,0,52.261333,31.215857,0,52.215032,31.517818,21.196383,3.7267647,0.9334411,0.006707549,0.928949,0.9591584,15.690011
a7ad456b0386466fa12ea6195f4344d7.jpg,7,41.111653,9.441256,7,41.100397,9.45562,1.7363496,1.7363496,0.7274233,0.0016487837,0.73656803,0.81550676,378.8404
a7de0810e6b14d36927021684565fc76.jpg,0,53.049825,28.063994,0,52.831895,29.388148,91.980156,8.984435,0.83353716,0.013793588,0.8204416,0.8978103,215.00945
a812001f66914890bf5a9c89a5f26d46.jpg,6,64.238924,-21.349923,6,64.251419,-21.360522,1.4807559,1.4807559,0.83653104,0.020734787,0.8072485,0.95366114,1.4807559
a81421125a4647c4a609c8863001073f.jpg,11,36.945082,31.266611,11,36.923698,31.247381,2.9283457,2.9283457,0.814193,0.13603973,0.79046345,0.909111,2.9283457
a83ea74ca0a447d1ac2559328cfddb9d.jpg,6,63.853937,-22.44518,6,63.844285,-22.415007,1.8271456,0.46174365,0.8424595,0.03339827,0.8208238,0.93346053,0.46174365
a854564dac9e4d00858900406d5492d2.jpg,4,45.689551,-1.021596,4,43.627323,-0.928263,229.42834,24.291298,0.66511303,0.012256861,0.6603062,0.733032,456.9324
a87dfdcdd8164365b216c57640ea0d4e.jpg,10,63.616549,15.043235,10,65.398465,16.128006,204.82076,38.840755,0.86097014,0.009955108,0.84032077,0.9435674,204.82076
a885374bcfe74e32b1c4c86c13d68542.jpg,9,49.300481,22.602961,1,49.734777,11.693424,788.3347,513.1897,0.72046936,0.010997176,0.7005825,0.8593693,982.8291
a8858f20d3af400481de4be32fdc2f64.jpg,6,65.647716,-23.660239,6,65.883173,-16.541364,325.80014,7.24832,0.8502754,0.0020982027,0.83542955,0.9128119,327.6544
a8bb26905b74486393c2205dde660c1e.jpg,5,50.789009,-2.739889,5,53.550397,-1.482217,318.79376,43.7353,0.66932946,0.005051732,0.6530329,0.73451585,318.79376
a8d35b4c2ee54f849718d80b2d736ce0.jpg,11,38.021646,41.777571,11,38.155943,41.774301,14.935907,0.5329169,0.8055448,0.023545206,0.7889564,0.91087294,74.465614
a8e48b2b9c5b4141ac4d412cf52d354a.jpg,2,28.785603,-17.767267,2,28.778207,-17.942317,17.079815,0.4629568,0.74733126,0.031193137,0.7391872,0.8370767,232.79405
a8e54f085526471597ef2907bd7d4991.jpg,9,52.325643,20.854815,10,59.998428,14.549238,937.27814,29.646696,0.6863674,0.033207715,0.6625161,0.81429595,32.013874
a8f86f3fd0ad4cebb42519ee3b8a25d4.jpg,0,53.582155,23.925059,2,39.435352,-0.339188,2412.3337,8.63628,0.7938389,0.0010221004,0.8043325,0.88240254,54.177444
a915062d52604bc596b9f7a3b37d92e5.jpg,10,64.404654,21.494116,3,63.266013,21.177775,127.5574,6.0013986,0.7497309,0.02697599,0.7411473,0.784065,127.5574
a917724db6ce47808576b58af1cf33af.jpg,1,48.119155,12.329083,1,50.824073,11.423585,307.80118,1.2477642,0.68513685,0.0134243965,0.67880714,0.7104558,307.80118
a9760c77c4b444f2a2a7ca6667f2e581.jpg,10,65.585511,19.426047,10,65.576782,19.246709,8.300838,7.2640963,0.8600636,0.03180927,0.8482827,0.9333446,94.728455
a9b79796ebd64d8a8ca300724e4b2ba7.jpg,9,51.078533,20.378458,9,51.04334,20.41802,4.791448,4.791448,0.75576335,0.044679523,0.73387635,0.8433113,4.791448
a9c43040f5464188b1b73ce5f5029e6b.jpg,11,39.478228,33.875835,11,38.882632,35.130271,126.79333,29.195728,0.6890863,0.012746036,0.6766911,0.81873083,515.6449
a9d63b942aa040839e04763ad743779e.jpg,10,59.272569,17.511693,9,54.641596,17.728339,515.10815,40.525906,0.64116776,0.0049952865,0.6300928,0.7399788,344.20346
aa00769901e4491b8a61f7df2f27a649.jpg,8,68.443138,22.742898,8,68.439336,22.614378,5.268216,5.268216,0.95411855,0.012679458,0.94647896,0.9846767,5.268216
aa16155c3e7c4cb7a43978467bec4bae.jpg,4,47.030354,5.550213,4,47.033685,5.825506,20.867569,12.164306,0.6765279,0.02215612,0.67086583,0.72801995,465.64737
aa1b804ad18349c8b4933f4aeedaef8c.jpg,1,50.665983,7.971018,0,54.185632,28.473198,1438.4214,33.422127,0.6868175,0.008901119,0.66642416,0.7683907,1438.4214
aa20bf84a79f492598f5f9b283cda3b2.jpg,1,48.342902,9.823468,1,49.779885,8.410665,190.06438,12.9903755,0.7078728,0.003804028,0.6839037,0.8037493,190.06438
aa2a76760d1e4b1dadf197bcec69300f.jpg,8,58.223122,6.815027,8,60.369871,5.251192,254.66768,3.1756735,0.705125,0.021086574,0.668884,0.86625934,22.111
aa4aef2d9e524f70bf4a2abf2cc788e1.jpg,0,53.201033,29.13893,3,62.890771,21.22455,1171.7798,243.64749,0.6647009,0.009183705,0.68325686,0.7690251,2155.9197
aaae791be39047a89b911fcae0bf84aa.jpg,2,36.267012,-5.941844,2,39.364515,-0.653788,578.10077,408.3595,0.72622633,0.028221011,0.74583733,0.7779951,1305.9513
aae0851b5a194bac8385d0b2b310a85d.jpg,2,42.038953,-1.601847,2,42.092848,-1.650321,7.205968,5.205788,0.8189212,0.08057088,0.8079996,0.86260754,7.205968
aae3b10e7921421e870697374f99a41f.jpg,4,42.010395,8.747433,11,39.985511,29.963758,1790.0334,556.35394,0.7110753,0.0044163465,0.7042934,0.7954515,1912.5413
aaf2b5a3590c4b8ba7165a2a153be80c.jpg,1,47.988627,10.476559,9,50.120978,20.399961,760.3132,41.64585,0.75730455,0.0028449893,0.7446058,0.85954654,860.0043
aafbde8f36004d7f8974d2baf9d9ce2c.jpg,7,44.095861,8.127171,4,44.395663,6.479396,135.41815,4.0230374,0.75978005,0.0019420981,0.78997767,0.8634247,793.0708
ab2a4b5f569145eabb050eca305409e5.jpg,11,40.029626,32.880176,11,40.031026,32.878117,0.2344508,0.2344508,0.8837949,0.044433713,0.8613977,0.9733838,0.2344508
ab3d4c57cb5f4b618d1aa703ca57f24d.jpg,5,57.196967,-2.717285,5,57.162041,-2.718103,3.8839123,2.7210627,0.6982786,0.011828244,0.67521274,0.8233706,130.89749
ab544e0adad44e37bd1b4b24a5c8cc7d.jpg,3,68.796682,26.574339,3,68.788203,26.551226,1.3241132,1.3241132,0.91091824,0.016665697,0.89509004,0.974231,1.3241132
ab6daad9fbd54d438ac8b954efcc6b31.jpg,9,51.290018,23.02246,9,51.589805,20.070908,207.26047,9.713739,0.73207575,0.015500963,0.7171674,0.807639,87.96713
ab758f8add344ea194f15e08214664d9.jpg,8,68.993804,17.72014,8,68.992673,17.720836,0.12878543,0.12878543,0.9289413,0.052084208,0.9176298,0.9741873,0.12878543
ab7795925f8a4233a821fc7f4a5d5884.jpg,0,55.256431,29.792636,0,55.257495,29.787999,0.3167693,0.3167693,0.96561944,0.016431749,0.9591257,0.9915943,0.3167693
abc0fb23eccb4cf0abe71d37de1569e3.jpg,2,39.747495,3.165364,2,36.748422,-3.511172,671.3935,20.053682,0.66121626,0.010166168,0.64092183,0.79713684,643.567
abc892742c224e9dac58b6bb0aeec3db.jpg,5,53.890239,-1.626234,2,28.77719,-17.909895,3088.9011,1.6353875,0.6615418,0.0189327,0.67468643,0.69957495,1186.9401
abcc1d0a7ada4721abc08018eb19ffa6.jpg,9,54.757293,18.515729,7,40.563778,16.399935,1585.9956,204.19109,0.6974435,0.0031685233,0.69193375,0.7718133,1099.9786
ac04d46c63b14cda8ad6fa79b5155c6c.jpg,3,60.485013,24.487691,3,60.059376,24.265561,48.88782,10.582338,0.7225575,0.013094783,0.6941194,0.8363098,48.88782
ac4da04be76142efbf56f74097ad756a.jpg,11,38.745985,35.345609,7,40.554271,16.271436,1642.1,1.2299341,0.7346575,0.0010735989,0.7080307,0.8623816,1603.4935
ac8d00b6095743ed8f77c9e86e7c11d8.jpg,5,56.312798,-4.72806,5,55.59005,-3.608228,106.38945,0.19221717,0.79169476,0.031083643,0.7631668,0.90580666,106.38945
acbd209369aa42769e5471b3659e8dbf.jpg,4,44.350657,5.046733,4,43.786895,-0.936213,481.98465,99.34986,0.6717149,0.01030755,0.62032557,0.8772721,481.98465
acc090e9bc624739864ca5f3841c5264.jpg,5,52.260196,-3.08199,5,52.331536,-3.042645,8.371751,8.371751,0.78646076,0.065433025,0.7608174,0.8890339,8.371751
ad1006f6f3bc47cab457bc9e3d84858b.jpg,11,39.536942,31.67007,5,53.794496,-0.071866,2857.947,2702.833,0.7206484,0.017386436,0.68815434,0.8672404,2889.5637
ad2ebc30b75d4c8b9ef7745a7916f8d5.jpg,3,62.927222,30.290089,3,62.932972,30.300961,0.84348077,0.84348077,0.91450775,0.056049526,0.8970151,0.98447835,0.84348077
ad3e19db0d4248939eb7ce0bd6f4c21f.jpg,7,40.899587,14.584735,7,41.131092,14.195698,41.56982,3.6373234,0.7204084,0.033874094,0.7482616,0.74298406,1094.2522
ad572f5b3cec42bfb94a2a5b83b5f708.jpg,6,63.523604,-18.473202,6,63.523389,-18.473392,0.025695428,0.025695428,0.985566,0.060945272,0.98310745,0.9954002,0.025695428
ad74962facbf471da0894df8c71c0b44.jpg,5,57.33457,-4.550224,5,56.184237,-5.473365,139.73709,10.490315,0.7684991,0.006830275,0.74782103,0.9089158,282.9967
ad76a420bbaa409e8e990fdb6e799b3d.jpg,2,39.496615,-0.500438,11,40.442594,36.11413,3099.5095,10.8878355,0.7174409,0.001241982,0.70771444,0.80599505,2764.268
ad828baffd5e4c5d9a851d297aae162c.jpg,1,49.38639,7.842707,2,42.494222,-3.07377,1138.0474,35.132534,0.6356379,0.027415156,0.6320912,0.6963601,1517.9419
ad8c717d975c47258ac6565495ab2735.jpg,8,68.121794,13.365944,8,68.096722,13.245256,5.727722,0.2340477,0.7823972,0.004103899,0.74696994,0.9589413,1.4820651
ada63ec923d34c21958663f7094b46e1.jpg,1,47.681787,9.933334,8,58.613764,5.688058,1247.4875,8.069295,0.76776814,0.057409823,0.7682148,0.812083,1264.3441
adb0f00850fb4b438fcb3c7a32b51bb6.jpg,5,57.163975,-3.687504,3,62.448502,29.96097,1945.6964,41.01667,0.6399464,0.03266281,0.65499747,0.75166297,838.1703
adbfcc4730854467b3fcff407aed2ded.jpg,6,65.496182,-20.695316,6,65.444589,-20.689137,5.7439747,5.7439747,0.91946566,0.035930693,0.9098896,0.9577699,5.7439747
adf083f55e134f2cbbc51f694ff525f2.jpg,7,46.874528,12.122645,1,49.178872,7.524534,427.16437,21.837328,0.67841256,0.037048817,0.6688068,0.7771255,85.22782
adf2535d6a8b4a22af42d4c2546bdcd3.jpg,7,44.742833,8.313086,5,56.501966,-3.350105,1540.226,221.56721,0.69348574,0.042363584,0.6872215,0.7572026,1388.3561
ae134bc122d74058aee8dd4b77ec30f3.jpg,10,58.596982,11.502275,10,58.555231,11.563833,5.855648,5.855648,0.7224879,0.057130396,0.72489715,0.7527788,222.91127
ae67384d50d44a11b0d7ccfc690a402b.jpg,6,63.878588,-21.22211,6,63.887849,-21.287854,3.3788073,0.59620535,0.87597644,0.026123464,0.8632334,0.93644,14.8129015
ae75b4fa21be4770b1f767a33ce70ce0.jpg,2,41.982467,2.870921,7,37.808161,15.130501,1142.8392,0.27872097,0.6758734,0.013777912,0.6340883,0.8597665,1153.1149
ae7a4053f94d40be9eee84e3fb387976.jpg,0,53.10895,29.66455,7,36.824433,14.973957,2138.8904,11.428769,0.7825357,0.03639245,0.7771173,0.82861674,2039.2119
aea42d6c4f9c4281bf7b4c54f03b3eaa.jpg,2,38.883886,-3.023357,2,38.804812,-3.012269,8.844921,7.8903704,0.8414514,0.09840554,0.84793586,0.8267308,16.013313
aebf2f81d93e4ec598cc917a6b598021.jpg,5,57.452294,-5.391222,5,57.484348,-5.32117,5.500062,5.500062,0.8118738,0.033747494,0.8021264,0.85614544,42.322033
aee1f079d4714af08701d33d2c704eca.jpg,3,62.490169,29.942479,3,62.294843,29.664285,26.023447,3.500989,0.814468,0.011649072,0.7968573,0.88841075,73.657555
aee20a907e584c2db219c12a4075d2a8.jpg,0,55.491046,29.045592,0,55.51477,28.894869,9.851822,2.4843893,0.85487956,0.0017499924,0.83643794,0.93088794,46.056866
af0ea7792881483f9e8e3d97ae6855e7.jpg,8,69.44177,25.052573,8,69.4412,25.023601,1.1330637,1.1330637,0.84983814,0.006563425,0.81793606,0.97744656,1.1330637
af414481b5034f1cbfa6a773d13093cf.jpg,5,52.257696,0.37187,5,52.225115,-0.225277,40.81995,31.5704,0.73487353,0.06520754,0.7235874,0.78494275,118.080696
af48be4ed03a4438a4c1ca230e6bc7fe.jpg,10,58.773715,12.201952,10,65.375874,16.126388,761.67914,16.221441,0.85281456,0.015898645,0.8470472,0.9306513,219.61078
af523778074f4fbeb25787f0dd910b72.jpg,6,65.900978,-22.353316,6,65.86159,-22.305459,4.889855,3.2431927,0.9209151,0.0018236637,0.90858626,0.9861487,3.6833296
af5d1701d83848119c9c3f5f90485dca.jpg,6,65.611615,-20.306864,6,65.606701,-20.310419,0.570276,0.570276,0.97857696,0.03287959,0.97542715,0.9911761,0.570276
af5f28010b3142028518f403342deb18.jpg,10,62.374068,16.78331,2,43.728035,-7.716684,2608.5828,1.7170564,0.6648207,0.0019295812,0.62233245,0.83477354,2608.5828
af6869f1d21548fda69c9d5a1a6cce08.jpg,5,55.083213,-6.355413,5,54.200853,-6.094424,99.54078,20.222263,0.77606034,0.0002809763,0.74730325,0.9165669,71.53915
af6db44e9d3745e9a0245b58011358f8.jpg,2,39.281877,-0.403333,2,39.134058,-0.305732,18.463024,3.9433496,0.8885033,0.0016838908,0.8694451,0.9647359,18.463024
af832f16e3c94d67a193a5927e6fb9ab.jpg,1,47.697562,8.288714,3,60.404127,25.79292,1805.3813,257.58884,0.68896616,0.015092373,0.69907284,0.79136574,938.92377
af945398e8b042e8b418c69300770fa7.jpg,9,53.022099,15.400656,5,51.962081,1.196913,967.21545,2.1975896,0.71956676,0.010175765,0.7130103,0.8713539,422.52548
af9927dba39f40a0b3b55fae13098aa5.jpg,5,50.313732,-4.850217,5,50.321913,-4.829861,1.7077544,1.1790515,0.7561832,0.01417917,0.71224725,0.93192697,1.7077544
afa4e298c2844d2b88943fde2c0f0bc2.jpg,11,39.554571,40.04455,11,39.559239,40.033464,1.0829124,0.38183132,0.9204127,0.014070511,0.9039756,0.9861612,1.0829124
afafdfac861941fe8ef351f41deddfa6.jpg,4,48.563927,-2.574114,4,48.149411,-4.235565,131.12587,18.811283,0.8357674,0.044128716,0.8093924,0.9412674,131.12587
aff6175979d3418aa21491091735fae8.jpg,9,53.723756,16.290387,9,54.301681,22.635894,419.41006,21.800106,0.71672684,0.02055633,0.68918717,0.88391304,404.3032
b02f1831c3eb442e98f4ccb1c917b222.jpg,1,51.981521,8.044866,4,43.64727,-0.906021,1140.7809,81.09022,0.7826656,0.011326492,0.7695346,0.83518946,1140.7809
b043fe8802494810ba2709eed878942e.jpg,7,40.696279,9.711771,7,40.655965,9.722518,4.573418,1.7522386,0.85884714,0.034866095,0.85857123,0.8599508,4.573418
b04daf5fa6574e0a9860dceede9bae8d.jpg,0,54.814024,30.407963,0,54.869129,30.391498,6.2174397,2.572915,0.8900994,0.040092885,0.8750652,0.9586029,10.025847
b058e016a15d43afb817287e3cd46a63.jpg,8,69.457138,19.235632,8,69.462859,19.239782,0.65642774,0.65642774,0.8954634,0.018278122,0.87681603,0.97005284,0.65642774
b0603eeb45da4d18a3c6ab5f87e75934.jpg,0,54.418489,27.896168,0,55.02568,29.370973,116.3096,8.186415,0.8287899,0.015370607,0.79978234,0.94867647,72.71663
b065b7620bbf40d5879ce1f68295f5d2.jpg,10,60.946257,15.688155,10,61.710133,15.693805,84.93979,2.8234608,0.8271285,0.026087701,0.82639384,0.88499004,36.1016
b071227107364c57846f0bd28353c87c.jpg,8,58.160351,7.950872,9,50.786003,16.064801,971.7651,56.19233,0.72243154,0.00041085482,0.70877934,0.8173081,683.9085
b073e076b962456cb3abc9e02ad261b7.jpg,8,61.269084,12.839996,8,61.982009,12.979908,79.61773,9.434803,0.71730155,0.018521369,0.73151004,0.795145,657.7756
b0a6905d2c4841318ad11d878a13a548.jpg,5,53.614534,-0.293931,1,48.357057,11.597362,1015.0878,3.690703,0.6899577,0.003953755,0.6812415,0.76481575,779.55524
b0cf7dee9e7b4b3a98a0605e0cde47d3.jpg,6,65.574966,-22.970211,6,65.590491,-22.962882,1.7588673,1.7588673,0.9320457,0.0019283891,0.9193829,0.98935145,34.352497
b0e61559165a4551a2f4bcb3109d0755.jpg,11,41.054483,39.231889,8,63.078534,7.657664,3200.0903,4.8995624,0.6970451,0.018863022,0.6791755,0.76852334,3200.0903
b10c260002fe473693ea781421d93d90.jpg,3,67.487938,27.853556,3,67.483764,27.894928,1.8216505,1.6070863,0.9186312,0.009108424,0.9065408,0.97694755,1.6070863
b1179f5768c145d9b4ba5e72b3aa58e1.jpg,2,39.446441,3.236446,2,39.440571,3.235009,0.6642767,0.6642767,0.7791893,0.07132399,0.770695,0.81440544,409.37054
b122ab66323c43adae37e5388ef75905.jpg,4,45.212192,2.825538,2,38.005728,-3.820097,972.56757,207.37949,0.6912096,0.017852604,0.6920734,0.7933054,363.84546
b16cb45da50640c28c0fe8479b59073e.jpg,2,38.529083,-3.493849,2,38.533243,-3.493837,0.46257272,0.46257272,0.93561924,0.15978372,0.924272,0.9810082,0.46257272
b176710dc98245f1bcf6b5245f10af97.jpg,3,63.600648,28.018747,3,62.47935,23.604645,254.99785,16.569025,0.8912475,0.004878938,0.8805353,0.9554812,249.29027
b180aba7ea9e48b097280d295c5150ad.jpg,1,50.647394,9.792637,1,50.271246,9.046673,67.36358,17.011694,0.6692744,0.033501685,0.66169995,0.80601096,165.56407
b1d417c9b06d4313a6acbeb80666c2a9.jpg,6,65.489534,-22.127649,6,65.640513,-22.537809,25.254055,0.99487925,0.92352843,0.00096029043,0.9087807,0.9867986,31.859293
b21d4246a19646bfa6169a10e88d1c52.jpg,11,38.647272,33.978291,6,63.982617,-16.871888,4332.7637,11.451058,0.79881823,0.021832228,0.79044616,0.8323064,4332.7637
b2250f84a4ac4ad5bb95d5144cfbd6dd.jpg,0,54.516578,26.93071,0,54.649332,26.91281,14.80659,1.001474,0.6913642,0.03389263,0.6912857,0.7974634,41.085766
b2266a5f99584651bf90cc9322a62f12.jpg,1,54.791932,9.390087,1,54.601501,8.903466,37.765106,9.586358,0.6805187,0.020079732,0.669544,0.72441745,37.765106
b2822f3c42ea46d89260ea1ce714c163.jpg,0,55.889598,28.534682,1,50.38475,6.735052,1569.283,512.15894,0.57982975,0.008030653,0.57613575,0.71936655,1997.8353
b295a0f457484e618cfeaa7bf3cb98df.jpg,5,50.247078,-3.721797,5,50.429733,-4.569651,63.50745,2.2327974,0.6887723,0.018110871,0.66461116,0.8164525,2.2327974
b2e2a0f9c40b4ba0910c9f61b50cc460.jpg,7,38.247468,15.453243,4,50.494227,1.624388,1744.1156,41.246403,0.713457,0.02780801,0.74352086,0.7507621,372.90524
b2e573a5200f414eaa6761c549c7369d.jpg,4,49.32617,3.671397,4,45.276021,-0.875506,565.7944,97.742584,0.6566417,0.007154405,0.63890517,0.7928307,514.91144
b30816ede53f40eb83aa69d88e1396eb.jpg,3,64.887844,27.630516,3,66.383732,25.871219,184.86244,3.017015,0.8632454,0.010273814,0.8385232,0.9621342,184.86244
b32daf1df7794b2dbea689c5d3b44c69.jpg,6,65.569417,-23.17837,6,65.762811,-22.167692,51.05637,0.89011717,0.90695894,0.005329132,0.89174855,0.97686636,9.92746
b3ab90b7afe347c4973152e790cd5808.jpg,8,70.102049,28.635123,8,69.690788,29.576055,58.175404,7.1396146,0.8499629,0.043810606,0.8267679,0.9427428,58.175404
b3d867c81de647edbae60d910c28c9fe.jpg,10,63.916546,20.463167,3,67.14385,25.010443,415.268,10.352502,0.73138237,0.00020319223,0.7267099,0.8092734,449.7628
b3dfefd5feac4a1588e948111025a570.jpg,5,58.48256,-4.875774,5,58.481955,-4.876698,0.086084396,0.086084396,0.93728256,0.027258277,0.93551344,0.9563786,0.5036246
b3e9acfa59d94a5c99f25ed1ae0875f6.jpg,6,63.843436,-22.407855,6,63.843292,-22.407004,0.04468172,0.04468172,0.9307314,0.045170546,0.9175697,0.9833783,0.04468172
b3f125009c9947278110e9cefaf9756f.jpg,5,57.537704,-5.136571,5,57.533021,-5.153866,1.1561913,1.1561913,0.90110546,0.03227049,0.88561857,0.963053,1.1561913
b4044ad2e79145e29d200ba448db02bd.jpg,5,53.781129,-2.710831,5,53.782007,-2.711086,0.09905638,0.09905638,0.7586708,0.092706084,0.7459214,0.8096684,0.09905638
b41d0eb27f61486c9dea3cefb5663b9e.jpg,0,51.63395,29.087356,0,51.708689,29.152945,9.461708,0.0991789,0.84272945,0.022736788,0.827075,0.9134484,8.812449
b437722129f64a689aa5c629780af470.jpg,11,36.135199,33.193346,7,41.000414,9.239631,2144.131,18.117058,0.7656512,0.0035227537,0.7668228,0.7747241,2157.6802
b440b113c7f84af68159897ed775638e.jpg,10,57.48945,15.023168,10,57.487277,15.025628,0.28283983,0.28283983,0.8327286,0.017163992,0.81368124,0.94214034,0.42602584
b450698da0b6433abdc7298c40eba20b.jpg,11,36.410027,33.808137,11,36.406902,33.810349,0.39991367,0.29455665,0.76171416,0.103453994,0.75153124,0.80244577,0.39991367
b4992c58b51a4f51ad905e24290c852c.jpg,11,40.642396,29.398549,7,36.863404,14.730773,1337.602,926.6,0.75339025,0.01157999,0.722926,0.87524706,1337.602
b49f9e7f024b4d5d983ac36012d7c4fa.jpg,8,59.803125,9.897395,8,62.488949,6.871853,339.84253,2.667754,0.67122257,0.010773063,0.65603065,0.7934692,72.92225
b4b35fbf3c7d496a8f3f38f94a21b5c3.jpg,10,60.694606,17.015753,3,61.201091,27.981701,594.0915,14.057427,0.74145925,0.01827991,0.7279325,0.8671179,368.62643
b53d43188c474f339d5f1bd8cf33a19e.jpg,6,63.434626,-19.024249,6,63.932493,-16.454364,138.24011,12.593825,0.87020713,0.024442196,0.86392105,0.8993745,182.44148
b5663c9450a0447e82ed25a4d8d86d32.jpg,2,38.186114,-0.810082,2,38.143325,-0.934572,11.878184,4.991165,0.79898906,0.020958424,0.7985298,0.87063754,54.99258
b597ac082f304c3ba9b1c9eb390566f3.jpg,6,65.362214,-14.866272,6,65.364323,-14.850339,0.77488333,0.77488333,0.95503193,0.002683282,0.94916266,0.9811157,11.158548
b5c5a21fa2f54d409a139cf3d32ab621.jpg,6,65.123444,-13.903223,6,65.414802,-14.569327,44.83005,8.50417,0.81120265,0.01547724,0.79223466,0.8870745,44.83005
b5cd0d7360bd485a9ab6ba981546ec75.jpg,11,40.272108,36.544098,11,38.316743,43.10147,604.5359,0.2064419,0.7813735,0.010073721,0.77104867,0.9299908,598.0721
b5cf56b21a334464b4bb4b6b7f0e3ecc.jpg,7,43.741132,11.239866,7,40.039115,15.310215,531.8063,80.71996,0.7104635,0.004489541,0.71890664,0.7666621,648.79285
b5db67ece1a94ce5b2c559a34e9adc9d.jpg,5,54.345099,-6.647312,5,54.655349,-5.675576,71.60344,1.2785226,0.6903887,0.0032129884,0.65726006,0.86383474,400.55844
b5ea496c59544264b9c4a3bb328e4f76.jpg,6,65.629961,-22.770375,6,65.615748,-22.514635,11.843048,9.244506,0.94052875,0.0054388046,0.92935544,0.99160653,9.868963
b5efed686b9e4c4781141337e49259a3.jpg,1,50.48496,8.944076,1,53.221308,13.389592,430.8984,87.05903,0.70629025,0.0077025294,0.71177167,0.74966496,564.25714
b5f081e6734f4c6294da8c0cce322f1d.jpg,8,69.603791,18.283336,8,69.651206,18.529645,10.895118,0.758616,0.77382857,0.014983773,0.73880804,0.9139105,10.895118
b5f908138700404d8381d0d246615850.jpg,3,61.800039,24.439971,3,62.346175,23.823572,68.68912,0.3880842,0.77295667,0.010092139,0.76427704,0.90045476,103.23112
b5fa15f215164ff5bb78191883b1e776.jpg,10,59.371172,18.413817,10,59.370079,18.415837,0.16693375,0.16693375,0.7919955,0.10915941,0.7663606,0.8945353,0.16693375
b5fbaa7beff5470ea4f0d4977864d065.jpg,0,52.231507,28.878247,0,52.219465,28.715956,11.1349535,11.1349535,0.7754612,0.004483819,0.74592775,0.9148028,115.10049
b5ff495de48d472b820f59859be5a1cc.jpg,11,40.384961,39.71299,11,40.361351,39.887415,15.007486,15.007486,0.7612242,0.020633996,0.7445947,0.8277423,15.007486
b61f6f2e2a8e4168a48d4615b71295d6.jpg,9,50.800048,20.826291,9,50.631738,20.773438,19.081587,6.5016694,0.6688799,0.017033875,0.640836,0.79238987,131.99477
b674d81bc1fc4b77940e22828cbd0bab.jpg,7,38.020468,13.597066,11,38.221927,27.253593,1193.7717,24.080017,0.6490749,0.011738241,0.64989233,0.6657752,1486.3724
b67f7d7396244e81b3711a4fc94cbc50.jpg,0,53.731438,30.457817,4,49.450707,5.882982,1753.2172,260.9472,0.6882094,0.00051277876,0.681912,0.75792575,1966.3282
b67fd210d8324201a33eb3bd26c58c68.jpg,4,46.097166,3.987008,5,50.394877,-5.075635,822.91345,41.554432,0.7832755,0.019468546,0.776353,0.8473352,792.44507
b68169ce8e2140739f3fa51c1fa98d14.jpg,11,40.548719,29.350429,7,40.46751,18.178468,943.9234,6.1291685,0.7284265,0.022713006,0.7138771,0.8609369,1296.2502
b68cfe8398f74597955343a163c6dfc6.jpg,1,49.916962,8.757513,4,42.243436,8.795804,853.2634,208.92172,0.75759584,0.07442415,0.7270746,0.8796805,853.2634
b6ade67148354cf281811b9daa4a5c9d.jpg,1,49.520647,7.675764,2,42.771091,-7.574953,1390.1882,54.14555,0.71363825,0.0034434795,0.73361754,0.7722064,405.90985
b6d72e9d96b14f269b02501068de09c7.jpg,1,54.796921,8.976985,1,53.444042,10.894591,195.555,60.936626,0.7399103,0.013869584,0.7451552,0.8036709,490.70624
b6e9fbfc05214bcbb3506fd3a9c3d1c2.jpg,1,50.476864,12.731218,7,40.727946,14.48881,1092.5353,265.57846,0.66809785,0.0067919493,0.6682325,0.68897706,968.20294
b6ef4d5b20174562bc2380f3f225242d.jpg,5,54.84405,-2.236807,5,55.159541,-2.207734,35.130013,1.3963075,0.78998065,0.005839348,0.7692998,0.8974622,6.7152433
b70c6ea2992e4c1fa4d338162268046d.jpg,9,54.447917,17.321039,9,54.163802,20.232255,191.48235,0.7631188,0.6687856,0.011656165,0.6494969,0.7722657,96.48922
b71395fbdc1c435990c064d32b2778c6.jpg,2,39.562354,3.239057,2,39.563084,3.237049,0.19031179,0.1780317,0.8606557,0.04194355,0.84235525,0.93385744,0.19031179
b71d95ad7c7046798702f95f5c1567a8.jpg,0,53.545808,23.784002,0,53.575135,24.339688,36.845882,1.1002419,0.8781086,0.062200427,0.85675216,0.96353424,36.845882
b731f469dd7e46c4bf807b03330b81d4.jpg,11,41.263993,36.295249,11,41.065789,35.996895,33.308937,1.4532444,0.83431435,0.012029827,0.80518866,0.96862185,67.13699
b746ddbe95ab405ea55586ad24667b2d.jpg,8,68.421026,18.683145,10,67.915536,20.094808,81.03278,0.17679311,0.78712994,0.0013136268,0.79442614,0.7579452,81.03278
b76566addbe1478c9f2ed275430c530f.jpg,9,54.150583,20.444417,9,54.163802,20.232255,13.8922205,13.8922205,0.68560374,0.019880772,0.678408,0.7929357,22.37178
b77179a473f84f09887b6c457df3407f.jpg,11,40.275004,27.156026,4,45.987653,4.861631,1909.7958,832.0284,0.68736947,0.055350542,0.70387375,0.69522995,2015.3153
b7845d69e559472fba4ffe449fc99864.jpg,11,39.533479,31.09653,11,39.532817,31.099073,0.23017548,0.23017548,0.905043,0.15075558,0.9016118,0.9187678,0.23017548
b794fdd066e645dfbcd9d0351800289d.jpg,2,39.412506,2.902598,2,39.413275,2.901878,0.10553532,0.10553532,0.86292535,0.039381385,0.8383028,0.96141535,0.10553532
b7c3f2771c134a16a8f3f724f45e9b04.jpg,9,50.948484,17.287538,4,43.364337,3.178118,1356.0228,586.65796,0.6755191,0.06271416,0.655458,0.75576365,1356.0228
b7d89099b9614637a590cd6a82ec4aee.jpg,1,50.686509,11.159992,11,36.363819,33.949463,2413.6726,34.15418,0.6913175,0.007870793,0.69400287,0.6866388,2417.643
b7e19a6ebe2b4b87bbbffef8978e2c1f.jpg,2,29.030033,-13.555363,2,36.751616,-4.038974,1234.3004,3.185538,0.81660825,0.041046977,0.8134875,0.86040735,1566.5425
b7e7288db38f4e7daa543815290ff460.jpg,0,53.187424,28.73116,0,53.187543,28.730799,0.027452102,0.027452102,0.8861232,0.09001821,0.86543566,0.96887314,0.027452102
b7eb1241bb154abf9086cbb7039ae1dc.jpg,5,55.228838,-2.584845,5,53.871321,-2.757613,151.35974,15.324408,0.712524,0.0034521222,0.6812103,0.8637347,274.80942
b7f68508911849fc94ef7624c260a5cf.jpg,9,52.610269,21.494867,9,52.602289,21.496234,0.89212537,0.89212537,0.8605312,0.12001246,0.86184394,0.85528016,0.89212537
b7fb713f97e4459bb6235d0bd0440c85.jpg,0,52.358937,25.024378,0,52.355726,25.023144,0.36675003,0.36675003,0.81774384,0.14161462,0.8034041,0.8751028,0.36675003
b7fec366e24b4995a5db2a5085ceb44d.jpg,7,40.135859,15.736623,7,40.113997,15.751762,2.7506988,2.7506988,0.7948108,0.027430236,0.784265,0.8607136,103.07961
b83905d3e48b4bbb9fc3c9d49ccc5f22.jpg,4,43.992876,0.057227,5,52.327509,1.494786,932.8327,13.266514,0.6768352,0.0015267134,0.6827707,0.7725936,117.01581
b83e4815b9a748f4853ec4cbabcb31a9.jpg,7,44.936692,11.408102,7,43.157811,11.753665,199.72107,19.97952,0.6883504,0.018228114,0.6805301,0.78164387,203.9957
b85e3c1fddab45189e24e9cba220137b.jpg,1,51.964758,10.663356,7,44.586404,7.752267,848.0669,477.28745,0.66571003,0.00928849,0.6446334,0.81558985,707.50446
b871d007bd3f49dc9fbfbcd97184d351.jpg,0,52.493733,26.31525,0,53.200885,28.69736,178.23976,39.985245,0.7964232,0.026673198,0.78139913,0.8990131,178.8073
b87365f30cd64aeea500bed54a9b7481.jpg,10,65.327492,16.635541,10,65.326798,16.651808,0.75899684,0.75899684,0.8916605,0.020152092,0.87728214,0.95453924,441.72244
b8746a4f792b4dd9a15c77abfdc5bc2e.jpg,4,46.445537,-0.035939,4,45.953445,-0.554727,67.73673,16.54929,0.83376586,0.10558605,0.8177766,0.89772296,67.73673
b89418002fb74f9fb147d095dd64405c.jpg,9,52.964016,20.474304,9,52.944761,20.487399,2.3138003,2.3138003,0.81703174,0.086737275,0.81992114,0.8054741,2.3138003
b8b86f2dcb7b42f39be257a2059bc90e.jpg,0,51.649419,29.109509,0,51.643276,29.101404,0.88279325,0.14211273,0.8071142,0.005270958,0.7789578,0.9256177,0.5793981
b94406d6ad17454da5c921cd6d3555ec.jpg,11,40.8494,35.628693,11,40.851512,35.626371,0.3054427,0.3054427,0.8208201,0.04921788,0.7999128,0.9391491,69.625496
b9593bd5c1914f1fbdde46eb1c5eb3e5.jpg,7,41.801957,12.227082,10,55.40236,13.156364,1513.8055,221.19083,0.6908767,0.021835864,0.69481695,0.78660464,384.04105
b962fa01dd4b4baeade27dbbf8ed9433.jpg,7,45.04196,11.542332,8,59.311433,10.883806,1587.3108,40.91914,0.71213007,0.010014892,0.71953213,0.7391871,715.2191
b96f0554c1a2467eb6892ca7f91aa4c0.jpg,6,65.986516,-17.378163,6,65.817323,-17.552908,20.41779,6.1395783,0.77898085,0.0109350085,0.75961536,0.8564428,20.41779
b970983c33044556a8e780b6a1544219.jpg,6,63.985057,-20.573334,6,63.962427,-20.648708,4.456036,4.2630153,0.9069578,0.039990246,0.892235,0.96584904,4.456036
b971bcd15f4141c98f3b0c25bac258d0.jpg,8,70.042003,29.085776,8,69.881503,29.343619,20.37199,5.643271,0.7455251,0.05759889,0.7390332,0.7843306,511.2487
b9884e0d8ce84db281c2d012bcb9cc49.jpg,3,61.108153,22.84666,3,61.916374,23.693425,100.46458,1.6808416,0.77964926,0.016451001,0.7537061,0.9183969,159.90402
b98ba2cb184442d1b6ba1346f1d5e2a2.jpg,4,48.341386,5.406431,4,48.340432,5.404579,0.17317627,0.17317627,0.83276683,0.19956917,0.825196,0.86305,0.17317627
b9afbc0d07974e3fabcd2b4da62776fb.jpg,11,37.102339,38.169775,11,37.251083,38.703596,50.103764,6.04486,0.82779545,0.009870708,0.79819226,0.9462081,50.103764
b9bac76e002247778974acc356a04359.jpg,3,61.748476,27.457391,3,64.004789,27.422327,250.89719,50.74039,0.77217567,0.001552403,0.75948405,0.8520063,252.2722
b9c68433cdd445dc9056cf21f9fd3870.jpg,8,68.128412,16.296863,8,68.33124,16.7333,28.855005,13.450489,0.81050164,0.024341226,0.7779192,0.9525106,36.770615
b9d327cff778474fb4d98b6893e5c915.jpg,7,44.124608,10.006682,11,40.581937,35.651773,2134.7732,32.291843,0.67667484,0.00744009,0.6872182,0.7883622,297.95557
b9d721c147764844986b88c8ac2fca53.jpg,5,50.421732,-4.560902,5,50.635871,-4.501733,24.175726,1.08427,0.80244863,0.007506907,0.76428753,0.955093,24.175726
b9fa3793434e452b8e75c76c74cde809.jpg,7,41.022638,16.845639,2,42.128849,-0.061443,1409.4243,140.54248,0.62561744,0.002392292,0.6271379,0.6957711,626.66785
b9fb41ab067d4e5ca789902872d63eee.jpg,11,39.21845,31.347428,11,38.408084,30.227403,132.42389,3.5470486,0.8539405,0.025467634,0.82890964,0.9624212,121.04844
ba0a413bca504d989a520d266e60a5f2.jpg,11,37.986476,30.285999,11,37.994249,30.289767,0.92524827,0.92524827,0.9268756,0.05384022,0.9138669,0.9789104,0.92524827
ba116696439849ff84aed86e83e50ad4.jpg,10,59.980547,17.157321,10,60.080713,16.013748,64.4892,0.43486965,0.82049143,0.0007455349,0.7945655,0.9423137,97.327805
ba2c533561ec49d491f65d98d23f5990.jpg,0,53.186159,27.342766,0,53.195771,27.524467,12.152467,4.8237395,0.82757896,0.027128398,0.82454884,0.87308437,78.26017
ba53bf7be3dd469db6a71bd7d43bbd46.jpg,9,51.560992,22.015205,9,51.591271,21.981203,4.105723,4.105723,0.7888596,0.022771835,0.75641644,0.9233315,12.200568
ba73e2f76ad742a78f27c8cbbdf0aecf.jpg,8,58.345042,6.190459,8,58.424621,6.017502,13.414168,1.1314218,0.83587366,0.007545829,0.802805,0.9681481,13.414168
ba98f69126d842fda67b7da5667cec66.jpg,10,57.764582,13.363805,3,64.158282,29.261762,1109.0309,4.4854302,0.6826669,0.010280609,0.66111195,0.77148163,763.9466
baacb29aa3a84c099a7e3fb16a5dd90d.jpg,7,42.519709,12.275938,9,50.027773,19.307024,993.503,921.85126,0.67418337,0.028503776,0.6547127,0.764804,1168.2245
bae8c484458e4c5bae9e50e1f27ea8ad.jpg,9,53.459805,18.412207,8,63.976028,10.208195,1259.2552,81.161476,0.7581059,0.11371553,0.73927456,0.8334312,1259.2552
bb5633b25a3648549562bba3b9f48ff3.jpg,11,38.598072,33.929874,4,42.088504,8.710679,2164.075,1351.0157,0.7266377,0.004454255,0.7060146,0.80913043,2164.075
bb798679a96d4b588e462f708c64e5bd.jpg,4,47.650713,1.122088,4,48.79919,7.819093,512.09,104.87154,0.65267354,0.021902084,0.6648073,0.69341314,408.87173
bb99fca4ab9d4dd4847846c3a85bc760.jpg,10,65.670617,20.250252,10,65.576782,19.246709,47.22246,16.208319,0.8290966,0.00982964,0.8073257,0.93574697,59.636505
bba87b91cd13423fac0f0911138a5694.jpg,8,59.69452,9.765323,4,46.008803,6.001821,1542.0049,9.8340645,0.6097367,0.00821799,0.6052908,0.750403,246.57161
bbb1d93543124a56bee3df3acebd3ecf.jpg,3,63.56211,28.489071,3,63.954574,26.838124,92.15388,12.2418585,0.7842027,0.0036411285,0.7574329,0.91610897,12.2418585
bbb79999e0304586994f59bfd9d7062c.jpg,7,40.811472,16.400666,9,53.226021,14.644797,1386.7275,894.8295,0.59616107,0.017606676,0.5731456,0.7354892,1261.6151
bbcc5141ca8d4949952013bc6cf3dcbe.jpg,6,65.321149,-14.474638,6,65.320718,-14.474249,0.05121518,0.05121518,0.9812971,0.08338857,0.97796947,0.99460757,0.05121518
bbef5510e95249b9970c3a50decef669.jpg,2,41.201817,1.597578,7,40.832784,17.167955,1305.2228,798.54126,0.68070984,0.0016466379,0.6696665,0.81199867,1250.3508
bc526d0ac5e84e4094f771b9acedb07d.jpg,5,54.456937,-3.557871,5,54.45838,-3.564052,0.43054476,0.43054476,0.7622415,0.00977242,0.7308463,0.88819367,139.00635
bd3e0068cdd04c11b9357baab00acb0e.jpg,8,61.072149,9.139598,5,56.837529,-4.712546,920.7555,1.3873276,0.6104883,0.0064017177,0.6232052,0.65451515,3108.6787
bd69a1521cb34b90aff7ab0f316018cd.jpg,11,41.54643,32.24802,1,52.460993,11.092875,1998.9971,1489.6866,0.6671022,0.040778995,0.63163924,0.80895406,1998.9971
bd69c888c5284601b34113ce2a72a1b5.jpg,7,45.716094,6.949688,7,45.8722,11.651129,364.86035,66.650345,0.6919092,0.011998773,0.7041536,0.6755978,500.38284
bdfae917cba24351b3369f5d2c83609f.jpg,11,39.070042,35.843902,11,39.227694,33.030882,243.19699,9.876731,0.63668483,0.001422584,0.6156801,0.7795553,55.98586
be0da99b466f49f38da3b7c564fb9e9d.jpg,1,49.923649,8.890635,5,53.122552,-0.743857,754.6723,21.866121,0.7129663,0.0026937723,0.7019903,0.81991345,687.72485
be28d391b4964387afd1e0f4a03b93c1.jpg,1,51.139035,9.723032,5,57.261736,-3.337841,1085.5901,270.1662,0.72751105,0.008375347,0.74284434,0.78515565,784.43713
be4194e14c14472cbde4fc3309eb1b87.jpg,10,63.183149,15.500758,10,64.337785,20.51857,277.9915,5.377667,0.780777,0.00057578087,0.75793755,0.90476716,260.75766
be44f17b8fc84ac3bd06f8fe5ea07e0c.jpg,2,40.418266,-4.058182,6,63.569645,-19.864772,2774.634,526.0819,0.64286643,0.008556187,0.6437534,0.65252674,1993.6179
be646b8777954af2b72dc6e4b556fbbc.jpg,1,50.737885,6.75871,1,51.228503,12.750939,422.88315,25.357084,0.705991,0.004676223,0.6960305,0.75859314,1452.0449
be67600d19f04a5095d852597f66cfb2.jpg,7,37.718488,14.038213,7,37.715341,14.038502,0.35085303,0.35085303,0.7416365,0.055329025,0.74887836,0.8266126,1131.7257
be77201d8f52483f910b5628f79281f2.jpg,9,52.003294,20.090784,9,52.481525,21.639197,118.07561,10.754346,0.66637176,0.014615059,0.65374994,0.82759345,194.21628
be7e62257db2496a9b06056587674f76.jpg,6,65.802066,-17.568896,6,65.842997,-17.541373,4.720771,0.26785532,0.9351126,0.0015646815,0.9322643,0.9511757,0.6411123
bee763a63ddd4a64a4d594e907b08072.jpg,8,58.912374,9.301691,8,58.926934,9.315328,1.7983191,0.45809758,0.8122878,0.05065012,0.78446317,0.9235861,1.7983191
beeb8d40f76549a1b638044fdf7035ba.jpg,2,40.913776,-4.262271,1,48.239171,11.856685,1509.7977,263.73553,0.65312266,0.0034928322,0.65952235,0.67614275,1890.8754
bf11dd431c624724b90801316df0fcc0.jpg,3,62.599463,29.239587,3,63.778483,29.406286,131.36743,9.136221,0.8053049,0.009220183,0.795467,0.88785696,52.7996
bf260f0c4ced4699a67dc965ed4b7412.jpg,0,53.235941,27.234075,0,53.227805,27.292169,3.9710987,3.9710987,0.7846713,0.04543656,0.76461434,0.8648993,3.9710987
bf4149c6d2e84ebeaf3910a6c8f6bc6d.jpg,11,40.969784,40.308182,11,41.008878,40.352816,5.738609,5.738609,0.8000555,0.09772295,0.79070723,0.8374486,5.738609
bf5db98f96c14f7b9d11ab4e41e6ec0e.jpg,3,62.281361,25.726093,3,62.278329,25.727957,0.35065776,0.35065776,0.9340769,0.029530466,0.9227065,0.97955847,0.35065776
bf65ede3e73d4e90901946372f1c1298.jpg,3,66.687303,25.406064,3,66.752272,25.446638,7.4410396,0.46648836,0.7183752,0.00580132,0.7141347,0.8145343,167.70343
bf66ec1f182a4d3aad9dc4b8bad2eeb9.jpg,8,61.899288,12.864203,8,61.900714,12.862552,0.18060903,0.18060903,0.7659657,0.0034613013,0.7685373,0.8567156,813.41693
bf9338e7854a44bfa81d554a824667e3.jpg,1,47.844075,10.276785,1,47.839285,10.278374,0.545667,0.545667,0.6895183,0.017411232,0.66359305,0.7932191,0.545667
bf9bb8795df2445aa19bccecdd623bbd.jpg,1,48.366369,8.980725,7,40.735743,8.820233,848.5828,92.297066,0.70955205,0.015181184,0.69902205,0.7606541,844.5058
bfdc774e327144458d1fcf904c4791cd.jpg,5,50.285353,-4.945512,5,50.321836,-4.839508,8.552067,1.9699209,0.8998965,0.06022978,0.8819801,0.9715618,8.552067
bfe3a17330f5465f803ab4ab0f197c95.jpg,10,63.812072,17.140581,3,61.872171,24.50747,431.2935,36.448986,0.7147786,0.0014966726,0.6923615,0.84111416,350.74213
c01fd6f4beaf48f688a6898150cfb410.jpg,7,44.56265,10.227362,7,44.56235,10.22753,0.035915717,0.035915717,0.8835515,0.19959342,0.8764673,0.9118883,0.035915717
c0402b5951574dd8a95917fd5c62fd2b.jpg,5,50.022582,-5.247881,5,50.343967,-5.106281,37.131413,3.2624862,0.83961415,0.0081807375,0.81655943,0.95901453,3.6565657
c079604f99834938aad6ac78f2d63d05.jpg,10,64.378319,21.381875,3,63.299987,28.374453,362.95053,0.3064835,0.73383904,0.008822441,0.7400024,0.76700425,414.63956
c0a16747daee43b6b084d601e425d463.jpg,7,41.176966,9.27941,7,41.177412,9.278804,0.07093544,0.07093544,0.84439427,0.029762387,0.83868325,0.90322477,9.057693
c0d2a119fc954cf288ed8eb579072ac6.jpg,10,58.024496,13.000754,9,54.116298,22.867048,749.7302,474.5944,0.6965381,0.011519849,0.6684533,0.83068526,728.5983
c0d3289b5d0447599404ea82aefef45f.jpg,6,63.564236,-18.445589,6,63.566805,-18.446399,0.2884604,0.2884604,0.9652028,0.04830432,0.9617851,0.97887355,0.2884604
c0fc5ab0be9d492487634b0c8865373e.jpg,1,50.24087,9.002845,1,47.646983,10.486856,308.1016,17.239403,0.6093768,0.003963232,0.59581316,0.75360906,336.48438
c10b6149bbaf4a8898acb127226b9408.jpg,8,60.876629,7.146425,8,60.817826,5.821557,72.06088,6.019271,0.72301596,0.03189844,0.68254244,0.888914,199.17326
c147b17e02d14a04a35a7f510d7e2ab3.jpg,11,41.149647,31.948945,11,41.174413,31.929397,3.2033777,2.5423765,0.7557045,0.003974378,0.7352957,0.85823715,482.16895
c15e2f6601224c76a391202ff85da0df.jpg,11,36.912014,31.125777,11,36.911598,31.126239,0.061861925,0.061861925,0.83126295,0.044319034,0.81586826,0.89284146,0.061861925
c1707e471abc4e8aaa7d32836fa53097.jpg,4,45.993767,4.370182,4,48.062369,-2.0388,537.2466,52.542545,0.7186405,0.03954941,0.7448938,0.71613204,1168.621
c171da96bb204e5190505c28a014975f.jpg,10,62.617578,15.661317,10,62.618604,15.658652,0.17773761,0.17773761,0.9409644,0.065112114,0.93219984,0.9760225,0.17773761
c17cea89597f492fb7fcbb660e0763ba.jpg,8,69.283075,23.871701,8,69.200933,23.590884,14.349335,1.7776488,0.85549414,0.005406916,0.8307566,0.9548569,8.287572
c18cd7624613448fa9c55a3a2b9bc11e.jpg,11,39.084139,35.858293,9,51.589535,18.659561,1924.7338,10.210237,0.6971227,0.012256026,0.6724955,0.79563135,1924.7338
c1a402097616404692071cfd6243ceef.jpg,3,63.52358,29.022136,3,62.568713,24.466897,252.88022,4.2791524,0.78826106,0.00042659044,0.771,0.9007508,456.96817
c1bbd078b95647c3a8626edbab4d3424.jpg,2,37.521548,-5.162227,2,37.543553,-5.04636,10.505891,10.505891,0.7453276,0.0016151667,0.70923626,0.8896928,10.505891
c1c2b84f4161459f94a674f89fbbc7f8.jpg,10,56.90828,15.525342,3,62.289691,27.019037,878.8213,589.9891,0.8409102,0.034536064,0.829652,0.9116987,1130.2583
c1e1d7c4bc734db2bcd604d741521c18.jpg,0,52.704815,27.450029,0,52.348957,27.455395,39.571323,4.4737186,0.8240745,0.0022393465,0.80461985,0.95614564,8.45322
c21b266b63d249de95aae8092e96dbac.jpg,11,35.967369,36.034759,5,50.133746,-5.307795,3650.422,121.68252,0.637877,0.017319143,0.6069272,0.7675619,3665.0117
c226b64238c348cb8a4ec99396e43968.jpg,1,51.134121,6.577352,9,52.225771,17.352686,752.0472,62.018482,0.65892315,0.028226852,0.6290879,0.79830307,754.35406
c23507a9a2124674872fade1966c2d79.jpg,8,62.235066,11.772583,8,62.247509,11.760032,1.5286776,0.57822686,0.80044335,0.009175777,0.7939777,0.8263061,1.5286776
c261b6824e9a4fa9953fe03b3e921d3e.jpg,0,55.06955,27.385304,0,53.815977,30.772536,259.57486,15.741639,0.822368,0.012788832,0.8059706,0.9005377,338.3385
c26c261c4c39455eb384720744acca68.jpg,4,49.198823,-0.29326,1,53.924532,11.486047,967.2412,262.47238,0.65372556,0.000890553,0.67049396,0.7431729,963.02484
c2b6576b96074f5bb14ae9c8717d316c.jpg,11,37.604919,34.741326,11,37.605583,34.741028,0.07836153,0.07836153,0.92203397,0.1318807,0.9119934,0.96219623,0.07836153
c2ccc9137ba849afa4b1a5b4e2d67b11.jpg,11,38.862125,35.668869,10,60.383603,13.294023,2854.2983,33.862507,0.6616401,0.007846594,0.65724015,0.77338684,2532.7854
c30704c668b34745afdf340d9634b081.jpg,8,62.229945,11.777898,8,62.247509,11.760032,2.1611533,1.2102033,0.86519927,0.031802952,0.84713924,0.93743926,2.1611533
c3113bc27c204b61ad188f9a99f79cd5.jpg,8,69.443947,19.236886,8,69.442884,19.2374,0.119891986,0.119891986,0.95775855,0.025609136,0.94873625,0.9938476,0.119891986
c32dca9aa6f74ab4bf540227132e96e7.jpg,7,45.021444,8.256988,2,40.358605,-1.086697,922.11285,267.69266,0.6840291,0.0021195412,0.66644156,0.81193936,839.165
c35fe0cb05fb473981a06e8ecc5a5f91.jpg,2,42.425237,1.903293,7,40.930937,9.36785,641.5737,33.175266,0.68802965,0.0002527237,0.66344255,0.8524655,609.6263
c39be3a6627840049fb4f720df71a171.jpg,6,64.824226,-23.542114,6,64.82904,-23.467422,3.5730906,0.28725922,0.9023725,0.0066364408,0.8945221,0.9557589,33.659634
c3c0bb3838ec4c49bcad019e6eb4d819.jpg,8,58.159438,7.951573,9,50.786003,16.064801,971.65875,419.5413,0.7378339,0.0013504624,0.7225791,0.86284816,683.80536
c3f74d2cc2184f7895e6433ea69e230c.jpg,4,45.197348,0.158143,1,52.045903,10.649921,1081.7831,380.21536,0.66936445,0.008639574,0.64067566,0.7841195,1081.7831
c454a9c85e5c47c88863a50e3a5c6e68.jpg,9,53.239749,23.146864,1,51.047949,11.540457,827.5693,187.79034,0.66250163,0.0064294934,0.6402941,0.7809465,873.7346
c4714208d9ab4240889f29869955310e.jpg,9,53.051852,20.436047,9,53.018656,20.452052,3.8432329,1.4852451,0.8150804,0.012869239,0.77987903,0.95588577,3.8432329
c472375c6ac04401ac624db019590693.jpg,2,37.69595,-1.696125,11,38.271251,40.949277,3704.3179,120.48924,0.7300498,0.003383696,0.7223916,0.79766834,3709.3308
c49e0ca66a844c12ac1205913e054f72.jpg,7,45.321351,11.377238,2,38.40381,-6.006755,1627.4025,31.943872,0.6565311,0.030156553,0.6448997,0.7087514,1299.7908
c4c8aa15d5d046a69f83d6219ad445bd.jpg,8,59.422464,10.706679,11,37.177751,34.862019,3015.1653,33.6732,0.6765449,0.010619223,0.6576438,0.75672865,3042.8865
c4c936fd7c494b278b62db6d967e7148.jpg,4,47.089433,3.082844,4,43.206483,2.801882,432.32593,47.94415,0.7094938,0.056194484,0.6974325,0.7838168,320.9745
c4c960e45c984aa68597ecad8ef51f85.jpg,10,67.437903,22.528637,10,67.267094,22.704391,20.42956,4.8426948,0.899231,0.012037694,0.88774174,0.9717713,109.61584
c4cc4879069a499fb157f46d0f56d2a1.jpg,2,37.523033,-5.245947,2,37.486248,-5.626076,33.78028,17.746403,0.78816277,0.04428917,0.76567405,0.87811756,33.78028
c4dbbaa14e39429d8ddc8e81efe8c934.jpg,4,47.71508,7.403642,7,42.718974,12.13946,667.7112,111.93721,0.64001197,0.0041847825,0.62015486,0.8311552,473.5886
c4e0e1fc4dac478bb65b85f89ee521f8.jpg,5,51.243527,-1.796583,5,53.205314,0.166748,255.84795,17.042498,0.82806677,0.061146736,0.80720985,0.91149455,255.84795
c4e68dee284844aeb0e0ded040f8d9b9.jpg,2,40.186107,-4.989147,2,40.684517,-4.620094,63.61641,39.172638,0.63709825,0.040540516,0.63655365,0.71026987,361.44058
c4fa7cabdccb4c2a90ea13fd825d2b2d.jpg,1,52.010784,13.66717,1,52.807581,8.591847,355.39786,3.969257,0.8024454,0.031719327,0.77407306,0.91593456,355.39786
c516b8df31374b8a9e7ebc8f8ea2b8ac.jpg,10,56.182496,14.090153,10,56.2453,14.063098,7.1810827,6.2093353,0.74469274,0.030287623,0.71818537,0.8507221,7.1810827
c5185cc2ff2f4a52b8911cd5a857935d.jpg,2,39.564296,-4.236263,2,39.501628,-4.214675,7.2101226,7.2101226,0.88011855,0.030176222,0.8651647,0.939934,7.2101226
c51e5c5e49614fae884bdbd043d7979c.jpg,2,39.560402,3.244096,2,39.561677,3.240939,0.30552128,0.30552128,0.85579073,0.073429465,0.8416802,0.91223276,0.30552128
c5271152651c4f76a6d6fa1b4652e16f.jpg,3,66.069208,28.875043,3,66.073273,28.799317,3.4450822,1.7892793,0.93101835,0.012915254,0.92364347,0.9722843,12.096316
c533c5b4842b42769754293fd7c01afe.jpg,1,54.409451,13.46609,1,52.989853,12.135383,180.52223,8.820876,0.79230106,0.025087118,0.78250605,0.83148104,180.52223
c536c9993aeb4960b8cbba72f7d34dd5.jpg,6,63.83821,-22.437933,11,35.957035,36.047269,4945.188,1828.2394,0.636814,0.0038021803,0.6468812,0.6828886,2869.438
c5391861dd1e4f5aada14fdbf6f3e1c9.jpg,10,59.154464,15.448828,8,60.276865,6.375572,523.4019,153.69249,0.6457641,0.019611418,0.6345687,0.69913363,568.7889
c53cc669bfa3425384e047269e61be3d.jpg,1,50.868542,11.253451,0,52.346379,25.983258,1028.5247,17.482521,0.6776271,0.010712385,0.6842108,0.7720276,226.19998
c555b21338bb4220adf661d7bbb443f8.jpg,6,63.839165,-22.434736,11,41.10023,28.331875,4097.9316,2423.3843,0.7278117,0.010571241,0.7098229,0.7997666,4097.9316
c572746d778e4d1783fb32eaac4e1ff3.jpg,8,69.142503,15.751813,8,69.131185,15.671986,3.402507,3.402507,0.7713872,0.05281073,0.7391888,0.90018094,3.402507
c580520645124118acd2ad859ae10faa.jpg,11,40.883534,43.009098,11,41.09496,42.819787,28.375614,21.109335,0.84771276,0.00840801,0.8267988,0.93136835,28.375614
c5a853fd0f1442cc9943ebef7081374e.jpg,2,39.758108,3.061792,2,42.19732,-0.315043,392.2703,227.9179,0.688498,0.014014363,0.7220752,0.7370143,733.3416
c5c601ec6e0d4b9c8eae286e1e2781d1.jpg,7,41.66043,13.605596,4,44.861058,1.56494,1036.7096,2.900464,0.65100974,0.011568785,0.6529542,0.7437825,312.1083
c5d4477754474d44887758d2ae17495e.jpg,2,28.986756,-13.741806,2,28.982436,-13.744076,0.52867776,0.52867776,0.86891556,0.12390995,0.8534337,0.9308427,0.52867776
c5d4a54ec4c84775886060ef1d27c990.jpg,3,61.946042,23.665719,3,62.346175,23.823572,45.242256,3.6033754,0.87854046,0.02122283,0.8630302,0.9420731,3.6152973
c60c76a08ef44fd893557b1401aed735.jpg,6,65.649881,-19.552607,6,65.654048,-19.568319,0.85645264,0.85645264,0.9192919,0.018838048,0.90978503,0.9718895,2.8745077
c636314df2a04418849269b0f7d572b5.jpg,7,39.490327,16.958532,7,39.490319,16.958554,0.0020842596,0.0020842596,0.95176995,0.39139307,0.94397056,0.98296726,0.0020842596
c639423573b34796b49d4accbbcee6f8.jpg,7,43.198992,13.641246,7,43.202012,13.645407,0.47594592,0.47594592,0.78680724,0.01815188,0.78503966,0.8265193,12.862933
c66905a7a286484682641b7dde49c4c4.jpg,11,40.40643,43.364708,11,39.519994,44.241817,123.70567,4.0126805,0.8002174,3.963709e-05,0.788082,0.88366383,51.087234
c66b6559f837449b9f4103c8204e57d9.jpg,5,56.060784,-5.472931,7,40.662889,14.713703,2253.559,955.41656,0.6855807,0.017493606,0.66431606,0.7805766,2237.016
c6724e12c949493b96462c00158d5fdf.jpg,6,66.166371,-18.988946,6,66.184741,-18.941231,2.960663,1.4910235,0.88502175,0.002918303,0.86769056,0.9657605,10.181736
c684fbe377e045d3969c4e46c843d2be.jpg,6,63.854989,-22.448342,6,63.844285,-22.415007,2.0212471,0.6458868,0.84652144,0.022456467,0.82751286,0.9515382,0.6458868
c6a1beebe722478ca4c989b56ee08cc2.jpg,8,58.995221,9.581974,8,58.989666,9.567324,1.0420034,1.0420034,0.82732975,0.10297245,0.8080059,0.90462494,1.0420034
c6deec21b0d94741b88f333637fdb653.jpg,10,60.189463,14.75753,3,63.67815,26.21818,712.5774,20.90744,0.7642219,0.010835946,0.7446085,0.87114805,657.2073
c6e612672aa840f882433e9940343d2f.jpg,4,43.387337,0.071518,9,51.820743,19.28101,1710.4698,94.82376,0.6327919,0.019802988,0.65502065,0.6626039,894.9831
c745ec06afb44082a580d022ef38f97d.jpg,10,60.812208,17.059411,9,53.47703,16.187632,817.3104,104.47449,0.705837,4.196167e-05,0.69154286,0.7895626,1074.124
c74c43b4a95446029d356132065c6cf6.jpg,2,39.814303,3.053184,4,45.953445,-0.554727,743.0363,394.7646,0.72377104,0.04460585,0.7171763,0.762051,2563.9905
c7562e8b08354d7f943767cec66dab6e.jpg,9,53.166212,15.520818,4,50.284515,3.662148,876.09863,17.708595,0.6922312,0.0058603287,0.6731715,0.7814703,1075.3359
c784bcf85a6e430c9db3f934fcc1d21d.jpg,6,65.839188,-16.395865,6,66.025335,-14.808961,74.87696,7.725782,0.7919079,0.034401238,0.79100287,0.90676475,7.725782
c78cbc2740264d198b130f2b5f0713c0.jpg,1,48.3829,9.127957,1,48.364855,9.09555,3.123433,3.123433,0.6759846,0.0012075901,0.676679,0.69961035,1399.5132
c7916c46174a46e7accb061d0edbd59f.jpg,8,62.201286,12.950278,8,62.200381,12.948824,0.1257466,0.1257466,0.9059551,0.09366959,0.89773655,0.9388293,0.1257466
c7e80631aff64214adac0c944cf05ba2.jpg,4,44.10611,-0.284358,4,44.161989,-1.078002,63.64143,17.25801,0.8201836,0.033735573,0.7952304,0.95623976,47.25048
c80773069d634a0ea5303b846b9935df.jpg,2,37.604184,-5.757007,4,43.513348,-1.090258,765.9581,77.767296,0.63504213,0.009175837,0.6363899,0.6620392,1936.865
c80f5d8aedf44c5e84199ee8b59a4f71.jpg,9,52.479205,16.535006,1,51.59881,13.039168,258.341,6.143818,0.7149118,0.0005437732,0.70964676,0.7913183,618.5003
c822d7891c534881b3a9106bf4504ea2.jpg,9,53.133284,22.897056,9,53.187499,23.261098,25.008133,4.1132507,0.7342272,0.04484898,0.7239239,0.7765782,800.94366
c827099a97b640e4873a7024218aeb53.jpg,1,48.819039,11.838059,3,61.648481,23.537009,1602.316,455.36008,0.66250515,0.009268582,0.67433614,0.79901755,2070.2217
c82c46286bbb4c2fb807e65a362daba8.jpg,1,51.329307,13.350659,1,51.306859,13.249595,7.4539547,7.4539547,0.76268095,0.14758211,0.7638261,0.7581005,7.4539547
c85d8ccf44af4a6abb94e14da9941614.jpg,6,63.486595,-18.537559,6,63.487348,-18.536103,0.11060739,0.029036742,0.9766852,0.022066653,0.97237754,0.99391574,0.11060739
c86af391c8224572bdc1e7b09faea18f.jpg,8,59.74147,6.66121,8,59.693507,6.512942,9.877248,9.877248,0.6484541,0.031124055,0.659877,0.75528765,997.8359
c8af7cd1c7b4414ba6064f233769d97d.jpg,0,55.273499,30.125186,6,63.483745,-20.176067,2904.388,661.0416,0.6811182,0.08922219,0.7011236,0.7209775,911.7305
c8d6393e4da34945be538fb977902b45.jpg,6,66.059878,-19.137073,6,66.059589,-19.136052,0.056169532,0.056169532,0.90842557,0.068297625,0.8963206,0.9568454,0.056169532
c8db80bbb78b4b58812840c1973377b1.jpg,11,36.843423,28.705681,11,36.801284,28.817346,10.988544,4.4703927,0.7079363,0.038503885,0.71336305,0.7184695,1358.367
c8ea1a447f6f44249f5007addf1e2ae6.jpg,2,43.353079,-8.313255,2,43.342402,-8.302587,1.4675286,1.4675286,0.77519524,0.106954515,0.7838342,0.76542914,1832.8251
c90c7f462fbe49c390be7b93ccc4308a.jpg,7,44.502222,7.155134,5,52.63924,-3.717811,1205.1366,6.3430877,0.6855713,0.008721471,0.6757237,0.7639835,1099.8243
c9191ed6b5a8449090c5958b794e214e.jpg,8,61.750603,6.342939,8,61.7496,6.361047,0.95953935,0.95953935,0.83194745,0.01850748,0.80658674,0.94739234,5.183516
c91d1ac25ae44f52b9adb17c98b3eaa8.jpg,4,48.562012,2.196442,9,50.862499,17.141652,1102.5211,343.49875,0.7141293,0.0150998235,0.69444025,0.8172178,773.18
c9215fed6c034d56b592db4dcaa4278b.jpg,5,60.777798,-0.826542,5,60.776725,-0.826717,0.11968997,0.11968997,0.9022234,0.059449553,0.8980354,0.934653,0.14758958
c922878106784781844fa2640dadcd8a.jpg,11,38.334214,26.897962,7,44.955409,7.202041,1788.5122,0.25867575,0.777893,0.022525728,0.7834054,0.84289837,1053.045
c9631fe71ed240a7bdc64af4c5bbcf97.jpg,11,39.51939,44.242153,11,39.524323,44.238627,0.6263778,0.07308462,0.96538377,0.10910976,0.95849496,0.992939,0.6263778
c993fdbedaa74497a32d7c73f29d3d45.jpg,10,64.015091,15.303264,10,64.081215,15.358437,7.827488,2.4367836,0.8719721,0.011380613,0.8497048,0.9610412,7.827488
c9ad1cf7ae4945cda1676eb81d2ba5ba.jpg,8,70.659023,23.669649,8,70.674659,23.650857,1.8712151,0.122002184,0.8102989,0.011558473,0.7747915,0.97179806,5.9708796
c9c614b5494c479ca99bed5fd517dda8.jpg,4,43.847305,-1.172178,4,44.085089,-1.001165,29.772768,1.0516913,0.8748758,0.001863122,0.86548656,0.9365682,1.0516913
c9cd6759614b4f359aa928c3c77aa427.jpg,10,55.402082,13.605754,7,44.219594,9.731962,1273.6191,255.86066,0.64138526,0.012706101,0.62954646,0.78464246,1023.0892
c9d6034ea34a4156babe69e2264d6021.jpg,0,55.161528,27.130061,0,55.169436,27.053138,4.9643044,4.9643044,0.7142754,0.039756954,0.70181227,0.76412797,4.9643044
c9d76f11febd4de1a1617c00ad2bb878.jpg,1,52.953682,13.869217,1,52.054588,12.500035,136.31549,3.871336,0.6954359,0.017093837,0.67222595,0.845702,102.90491
c9f30c0066be46bfba3988da6cc713d1.jpg,10,63.98777,20.370601,10,65.593912,21.122561,182.10791,13.547921,0.88405955,0.014131963,0.86625564,0.9552751,182.10791
ca12e7b99e4c4092a02dc7b5552e409d.jpg,5,53.126262,0.29747,11,40.101248,31.548031,2759.1775,0.41574967,0.7051909,0.031031549,0.69855976,0.7317152,2759.1775
ca761d8517cb4eb783623f0779aadc66.jpg,2,39.514096,3.283268,2,39.520131,3.287639,0.7687048,0.12810719,0.8375525,0.05234319,0.8201053,0.9364565,5.10611
ca9018ce48d448f6ade303f26ce599ef.jpg,7,46.20776,11.121411,7,40.609019,8.327648,662.0796,52.13833,0.7611258,0.013447404,0.750653,0.89589286,644.3047
cac247d85f634a1d90d4eb7f74fb5aad.jpg,1,47.567486,10.983228,1,47.708571,10.95021,15.881813,13.567378,0.6927919,0.03971368,0.67065173,0.7906891,31.367682
cac7cb3f83414cc6a64a9805258fe69e.jpg,9,51.181999,20.859972,9,51.369177,21.069261,25.399527,4.843007,0.75773424,0.05357653,0.725839,0.8853148,25.399527
cad6cdf0ea5d4e0da046ba8a179cb23d.jpg,1,51.301835,7.023162,4,46.379075,-0.868508,794.90796,278.84192,0.6125619,0.006893933,0.6086269,0.734869,1647.5398
cb4721d71f01438cb5874859ae7a71d6.jpg,10,59.445304,16.488899,2,39.485393,3.158413,2409.0037,227.80507,0.70507234,0.003171146,0.6597829,0.8862302,2409.0037
cb4c6f59930b40aaba748e83a0ce5a17.jpg,1,51.46145,11.024036,9,51.659431,17.800406,468.7901,153.21393,0.6856299,0.0011951923,0.68384886,0.7869124,318.32376
cb7ee566e0dc40af91ac383d1a56028d.jpg,2,41.968908,2.867241,10,55.940457,13.492509,1731.951,1.2668266,0.7064484,0.0034061074,0.73371184,0.7427238,14.291274
cba765ffa77040eabf90325d11d53b46.jpg,5,58.065262,-4.982217,5,58.497341,-4.456095,57.04652,2.0139327,0.8078288,8.2194805e-05,0.7730181,0.94790745,48.060726
cbba5e4b8a4b490595c3b6eb626eaa44.jpg,9,51.387745,23.158787,9,51.383318,22.457828,48.64485,13.08179,0.7165954,0.009500682,0.72586614,0.78746676,13.08179
cbcc680651ff4389a55e371fe00d14c9.jpg,1,53.78465,9.052645,1,53.746572,9.296206,16.558828,3.3184159,0.7295516,0.004637718,0.70759606,0.81737363,16.558828
cbcf8f9f4f7148a88d54b51686ac4552.jpg,2,41.73234,1.264926,2,41.332482,0.810697,58.3645,18.558758,0.7481233,0.014780879,0.7135022,0.9005382,50.375946
cbf75d52d54d432fbd68ea7d01aea6e3.jpg,3,64.178159,27.766957,3,64.175424,27.79155,1.229398,1.229398,0.8184887,0.0055659413,0.8130212,0.8542255,3.2576206
cc2560cc4ada49cd8369131e51ec11fc.jpg,0,52.579324,30.836043,0,52.569924,30.830132,1.1189588,1.1189588,0.90622663,0.072855115,0.9036566,0.92765224,41.434628
cc3b6bf2ee93465a9db39d1a7c3b6eaa.jpg,3,62.873426,29.847493,3,63.02861,29.701861,18.761343,4.664607,0.8884561,0.035480797,0.8674099,0.98075795,78.11651
cc6c04f458ca456f93c0b5ff2c8d7874.jpg,2,41.762114,-3.893498,2,41.690568,-3.776182,12.572916,4.185614,0.8758202,0.0030723214,0.8780782,0.8956469,4.185614
cc72ee919f1d4a949e246c91ebe0b049.jpg,4,48.546943,-4.505528,4,48.577364,-4.510391,3.401543,0.3133762,0.7850134,0.005756378,0.7627778,0.87395555,3.401543
cc7c23aabe1d4a928fd611621d03d082.jpg,8,68.560191,16.438189,8,68.563295,16.432742,0.41004273,0.41004273,0.8419841,0.12696809,0.816076,0.9456164,0.41004273
cc812aa4b6924ee98605c450fbb27b0a.jpg,2,41.426208,-0.12885,2,40.768182,0.555726,92.97487,22.008202,0.6689944,0.0053658485,0.66173124,0.6980471,92.97487
cc95cc5986f54b48bd0071738c58e3e5.jpg,8,69.23553,19.354381,8,69.234997,19.336997,0.6878728,0.6878728,0.73074204,0.02477175,0.6847854,0.91456836,0.6878728
ccdf3ee406e640a2a7c391ae5660dccf.jpg,9,50.535552,23.735592,9,50.489723,23.45322,20.606516,1.8639334,0.78833115,0.0021424294,0.7512975,0.9364659,20.606516
cce1b1e6ecdf4406a1405c27c02cf90f.jpg,9,51.474873,21.499704,10,59.267134,16.70921,917.23254,371.4613,0.58777255,0.0030827522,0.54911995,0.7762518,772.60596
cd2f4c4918cf45eeab969880d3954521.jpg,0,55.954649,28.647406,0,55.997854,28.645426,4.805763,0.5804378,0.8768217,0.004953265,0.85219127,0.97534335,4.805763
cd2fd4010abb45e89e30cd53fdfaf604.jpg,4,48.062061,-1.977106,8,61.407093,9.965637,1664.2604,185.12936,0.63210875,0.012352049,0.6047518,0.7463133,1293.7783
cd373f67591f449d83401b393e7bf3f1.jpg,7,40.598532,9.694532,7,40.556778,9.676255,4.892712,1.7754323,0.8364827,0.0048731565,0.8099874,0.94246376,4.892712
cd4ca38d83744e71a311957354cb85de.jpg,2,38.591922,-1.686883,11,38.235157,40.976325,3683.0789,2361.217,0.6597049,0.008024693,0.6337615,0.83826935,3065.266
cd4f6e0e1948457880ef28f9d7451a76.jpg,5,56.770255,-2.618448,5,55.626261,-4.562941,175.05916,9.713136,0.7230708,0.021363616,0.6884504,0.86155236,175.05916
cd51de3230b24aa29bffc8da66bf73fd.jpg,3,61.832782,24.481911,3,61.814422,24.460896,2.320639,2.320639,0.7372979,0.057721317,0.73615724,0.7795274,38.102943
cd89f25493e0428abb4d390de992c3bc.jpg,7,40.936619,14.324999,4,48.797528,6.017837,1090.6871,147.57709,0.65936613,0.012673855,0.6785743,0.6718757,683.1296
cda2a967f11e403eb1b577455515e370.jpg,1,49.864969,8.85714,4,46.414257,4.433881,504.74707,28.230736,0.6928674,0.0010837317,0.6957955,0.70993674,28.230736
cda84a6f78a343f1b18672ec05e5c78c.jpg,10,65.804288,23.149873,10,65.815192,23.242426,4.3879414,0.07209513,0.7934457,0.025789022,0.78618574,0.8224854,4.3879414
cdcec128ab9e4d6090dc97684012e2f1.jpg,1,48.820933,9.936475,5,50.395363,-4.92397,1083.1038,214.72963,0.6340193,0.003124535,0.66329,0.6157334,1921.9385
cdda3eece8a24b78bc9168b5fc94caee.jpg,3,60.753026,25.020691,1,53.221308,13.389592,1091.287,733.3333,0.7014973,0.018470645,0.676365,0.883445,921.0881
cdf6cc99febf499e82a6d0b5614f1afe.jpg,9,49.920997,21.317046,5,51.430748,-0.556247,1544.5814,1392.3868,0.73764867,0.00030606985,0.71406025,0.89535034,1517.9785
ce20499c00904032a6bcc14e63de5d9f.jpg,10,66.419856,16.893402,10,66.346258,17.06844,11.303672,5.339841,0.86948645,0.017142534,0.8500393,0.9622652,42.64759
ce3bc244648946f8b60d6b46d683b6a9.jpg,11,41.324308,27.485505,2,41.888753,1.067805,2188.6475,3.7160592,0.73392457,0.019127667,0.77084863,0.83666396,1483.1724
ce53d1abc0594e20b91f6b6f8dc35d9e.jpg,1,53.231996,10.225927,1,53.115671,11.074495,58.016216,9.146881,0.69816065,0.0068665147,0.6986476,0.7163279,24.89851
ce6609cb0e0741238b39c209faedc191.jpg,7,38.74428,16.481695,7,44.686069,7.20804,1013.2374,0.17966998,0.68393576,0.010115743,0.7097261,0.72647536,18.553825
ce6979988cf749b1b7206798ebad8f1d.jpg,0,54.657055,29.149103,1,53.595957,8.318884,1357.3801,605.6354,0.6964141,0.004711807,0.67385685,0.81919,1270.9648
ce70703a14ed4828825e62d844b735b6.jpg,5,57.907644,-5.17257,5,57.907453,-5.169603,0.17656203,0.17656203,0.7618692,0.023443282,0.77034897,0.78786415,681.885
ce88d4488a9943febed9a71065c740f1.jpg,0,55.978685,28.646452,0,55.992684,28.646943,1.5569196,1.323475,0.8482169,0.024566352,0.8244724,0.9562149,5.8307652
cebb95ebfbb64e66aa9d2cf53f8da3d2.jpg,7,45.683671,9.827046,11,40.148921,25.929809,1445.0665,4.5883102,0.7386562,0.0002091527,0.76079625,0.76867175,718.3699
cecc440f3e144a3ab90c63bf9d68ba30.jpg,9,53.372913,21.292822,9,50.159738,22.159174,362.2216,152.42361,0.6514985,0.003259778,0.658376,0.75298005,850.34766
cee32f6ba9d5472fac8b052f7cb1f396.jpg,5,56.200391,-3.131263,8,61.014441,9.20456,890.45685,87.496735,0.64551425,0.0087221265,0.641128,0.7126974,953.16125
cef3f698ba5d4f6395c492e3093f0fa9.jpg,10,59.837076,17.521568,3,61.549304,24.068956,403.78186,14.383922,0.71343625,0.06573027,0.7168758,0.76107717,807.3139
cf001b82590743a8b632ef5279038992.jpg,0,52.175239,27.881594,0,54.596199,30.443418,318.28122,2.9225132,0.8790971,0.0059909225,0.86165094,0.972047,304.6849
cf0062a0897d4ccdaeea793a05447ddc.jpg,6,63.530241,-19.61354,6,63.662148,-20.106536,28.449846,6.779211,0.7647581,0.03456223,0.7390184,0.86771697,28.449846
cf0f184e07784cf793dd87914392b954.jpg,1,52.333556,8.12895,4,44.169215,5.83925,923.40137,526.05237,0.61622715,0.018354237,0.5832884,0.794798,1023.9408
cf40eb7d9f524d09b8b04fc85334292f.jpg,10,59.902445,16.751614,10,59.134639,16.45956,86.950745,5.717175,0.7279728,0.0067664385,0.6938556,0.86444175,86.950745
cf9dc1c38dc64417a129ddc767284b9b.jpg,5,54.919466,-2.2687,5,54.831834,-2.231758,10.026769,7.1062264,0.6754097,0.0064030886,0.6579238,0.8117612,328.55997
cfa1f3583553443d9dbcfa22fd926407.jpg,2,39.000437,-3.927812,1,52.715939,7.691909,1765.7726,666.9626,0.6836165,0.023032606,0.7133318,0.7363615,2329.097
cfbbdc4180a049a39faf03931a8d49e8.jpg,2,43.346276,-2.652936,8,60.53028,5.156333,1981.0737,399.64114,0.5697979,0.0034298897,0.5639154,0.7058176,2042.6661
cfdfb786641e413b837c6f9eff09f454.jpg,8,69.729689,30.053518,11,38.185242,26.835566,3512.8127,3099.0525,0.7112178,0.034457505,0.6854389,0.8143335,3512.8127
cff4aa4995f14f47928fa7e3b64cfa9c.jpg,5,55.453742,-3.500029,5,57.21414,-3.26112,196.30045,9.89097,0.7798902,0.009190142,0.75042856,0.90770805,186.99557
cff5594dc0634a31863b4fea1d5e247c.jpg,0,53.951475,30.467951,0,53.300528,29.521461,95.575035,0.39615342,0.81837744,0.0041638017,0.7861924,0.94711745,95.575035
cff94417e670405c9fa817f159b61bac.jpg,9,54.556743,18.317263,3,62.734048,21.954692,932.9418,379.80118,0.71967643,0.008917153,0.72374475,0.88249123,577.171
d010d71663d943d3ae93e2048a568a44.jpg,0,54.701385,26.107248,0,54.702159,26.105111,0.16205041,0.16205041,0.7745652,0.061594427,0.7635572,0.8185974,0.16205041
d019b5e9baa14fd8936d3667b2f41b8c.jpg,2,41.897049,3.144593,2,41.80035,2.830866,28.122774,1.0769987,0.71193415,0.017294824,0.680881,0.8648548,266.10892
d0325522a2e5420582df535e0a22119e.jpg,6,64.503405,-14.489529,6,64.500585,-14.480743,0.5245933,0.5245933,0.89940065,0.0028852224,0.8885092,0.9500855,24.38282
d0a729d3b9f6470aa6360478ad522fed.jpg,3,66.824326,25.423547,3,66.657978,25.482965,18.68017,5.6905413,0.92377806,0.0042294264,0.90774524,0.9879091,18.68017
d0f1311e2d444d5da5607d75a3bf564f.jpg,5,51.874963,-0.972836,5,51.690467,-0.927052,20.755396,5.679388,0.7982638,0.035994172,0.76749885,0.9213234,20.755396
d19dc8e5990f4a0d9829f4be2c4152a6.jpg,11,40.746809,36.354833,11,40.750908,36.348152,0.72421515,0.72421515,0.8689641,0.0011073351,0.8426251,0.9781327,149.67896
d1acc711bf514867a84822607143c7a6.jpg,10,66.473153,20.319885,10,66.483439,20.280697,2.0814722,2.0814722,0.934265,0.04226601,0.9252385,0.9703711,2.0814722
d1c31960b4ba48e9ab22caa5a7fc2c9f.jpg,9,52.922097,20.516812,9,53.018656,20.452052,11.579599,3.199551,0.8090478,0.09064138,0.81100166,0.8012326,11.579599
d1c967cbf7d8415fbeb53bfda04acd48.jpg,10,65.038537,17.018265,10,65.045315,16.986365,1.6757754,1.6757754,0.929565,0.00450933,0.93386865,0.9611308,183.54324
d1d61c77349d4697b21dda054bed16cc.jpg,6,64.838712,-22.572601,6,63.486053,-19.339861,217.12918,0.18481037,0.8839878,0.00023835897,0.8744035,0.94887066,137.92648
d22e227698d245769ee8e3aa79540f11.jpg,1,52.462526,6.776451,1,51.847743,6.165924,80.049255,17.975973,0.70989215,0.012948155,0.688663,0.8246832,42.960865
d23658ba75e44bd8b06ea352a1cec65a.jpg,3,60.624597,24.353904,3,61.6769,26.988157,183.46124,20.436302,0.6888138,0.012148023,0.6495481,0.8627496,188.70677
d236a443549141cb97e43f1e141f9016.jpg,9,51.501128,23.5424,2,43.625927,-7.604067,2472.86,912.7277,0.6384586,0.0039160848,0.6418164,0.69981456,1875.9447
d24958c549e94bcf8ed00d917f739e6f.jpg,10,60.225298,15.078272,3,63.122292,22.573384,509.5091,9.771521,0.7516469,0.007564068,0.74085593,0.92824626,161.80147
d26f780f87284d4b9ff52ce61056d25d.jpg,9,54.151466,22.841456,7,46.040681,11.014676,1231.7926,162.7214,0.6293451,0.00089877844,0.6358899,0.83507895,1083.6237
d27ea12d26aa42a4b13903aa4d653202.jpg,3,63.176112,25.735485,3,63.175531,25.73665,0.08712559,0.08712559,0.94370717,0.012771249,0.93332237,0.9856072,19.329908
d28b648a87dd4d4ab29eaf4d67e49529.jpg,8,59.110323,6.352322,4,41.980368,8.720721,1911.8057,345.91693,0.7015268,0.038463652,0.68215686,0.7823165,1751.3556
d2caf518717f436d9731b9840bb9670f.jpg,9,53.802028,22.970308,9,52.124093,22.754503,187.13689,56.127182,0.6613107,0.014889538,0.64735913,0.71711683,187.13689
d2f20d31b886408f861b42f9d494eaac.jpg,6,65.752466,-19.65153,6,65.751866,-19.651334,0.067314774,0.067314774,0.7880657,0.09533173,0.80816936,0.7793802,2343.5947
d2ffa60a0a574eeab068caf61d4bc137.jpg,0,52.169271,23.93522,0,52.41927,24.358441,40.014656,18.204645,0.8750305,0.011874795,0.8649307,0.93057,156.19531
d3067e73f7574d7982034d80091d55d4.jpg,6,66.064876,-19.038455,6,66.061764,-19.029455,0.53348494,0.53348494,0.86525977,0.017555356,0.8545078,0.9590616,9.583471
d321b4622c224f208ce68dfa48ca16b2.jpg,0,53.0376,25.627371,0,53.032695,25.655488,1.9575421,1.8372861,0.83870476,0.12610775,0.8234292,0.89980686,1.9575421
d32dc9ce860047f1966700e1dbe6c3ec.jpg,2,39.540822,3.236818,2,39.54071,3.237928,0.09599441,0.09599441,0.9004401,0.10521561,0.8876409,0.9516368,0.09599441
d33ac2cbe8334b6e9042f22dd2794f25.jpg,6,65.645611,-23.68849,6,65.496183,-23.955158,20.650995,6.578724,0.87738216,0.008715868,0.860476,0.9603625,61.701733
d3541e48dc434cc980813afb10f1b5cc.jpg,7,40.920138,9.445438,1,51.135594,7.940862,1141.7659,2.8648305,0.6328422,0.0030010939,0.64111793,0.6954953,1262.3007
d37dbb1e53b14a2494a7744588e948b3.jpg,11,37.511398,30.548993,11,37.511912,30.543635,0.47603634,0.47603634,0.9032986,0.0686034,0.8932965,0.9433069,0.47603634
d38335c626c84a2089283d7e70b555d4.jpg,8,62.565897,7.609109,8,59.398699,6.193597,360.3356,11.873381,0.70760655,0.013175547,0.66032934,0.89671534,360.3356
d3e58b0082344515b677a19880322cf6.jpg,8,61.237663,12.612807,8,61.685757,12.001238,59.481445,15.360442,0.7172967,0.006389916,0.6875825,0.85857964,265.2928
d4214a21a4da40a99f7c82bfce835ba1.jpg,0,52.278918,31.085183,0,52.275684,31.100535,1.1046252,0.09810992,0.9067346,0.03748858,0.888114,0.9812171,1.1046252
d43ea22fe8a246e9b5ccc38435925bba.jpg,3,63.878251,25.809625,3,64.15175,25.798782,30.41633,0.14391848,0.93414104,0.008651376,0.92442465,0.9741856,0.14391848
d44bf264641c4b2b879f31fb506fa848.jpg,3,63.33203,29.995646,3,63.330447,29.994058,0.19304101,0.19304101,0.91022265,0.06679988,0.89970684,0.95663047,56.182186
d454157000b0415b864a445a7de74afa.jpg,7,40.466279,15.539392,7,41.366056,14.023897,161.94023,16.143967,0.7539215,0.007330656,0.7591427,0.8029659,306.38693
d454c41c7af64770b61312af3fd83c42.jpg,9,52.126161,21.198164,9,52.070997,22.293914,75.09833,3.0813487,0.6983833,0.025847554,0.6675247,0.8218174,75.09833
d4892f54dd8340688c8ebd3ed609c669.jpg,0,53.578153,24.318129,0,53.575135,24.339688,1.4623884,1.4623884,0.9315239,0.08089459,0.91962516,0.97911894,1.4623884
d490500b319042ff873c2d931892d023.jpg,3,67.509368,27.956837,3,67.537401,27.924043,3.4146745,0.12450867,0.81344515,0.02727276,0.78296816,0.93535304,3.4146745
d4b6a3ab77f844a69fee631637bbf8fa.jpg,6,66.008338,-14.846748,6,66.007638,-14.847518,0.0852675,0.0852675,0.97784746,0.054300487,0.9743044,0.99201965,0.0852675
d4c42c72d27a40e4b619ac0f5dddfcb7.jpg,3,62.557253,23.862313,3,63.954574,26.838124,215.16534,9.5964155,0.7811092,0.023609161,0.7646103,0.91468555,246.3449
d4cd6a917fdd48328753f9fb4d66b225.jpg,3,61.61598,23.23814,3,62.450594,26.811532,208.13112,16.198141,0.7667929,0.018992066,0.7461606,0.9066956,205.04308
d51c9a80e32841248a6e9d34bed0ece4.jpg,10,60.468645,17.167411,10,60.452449,17.161412,1.8306981,1.8306981,0.7407833,0.012363613,0.7362486,0.8564583,591.25586
d5492446842341bbbb710f5d456d3148.jpg,6,65.779176,-23.235214,6,65.811202,-22.518352,32.874958,5.5016265,0.9172347,0.002108872,0.90633583,0.97551036,12.706437
d56372a96a864610aec48210a38c5bc6.jpg,4,50.318031,3.774835,4,50.323721,3.769712,0.7297935,0.7297935,0.6882513,0.042580962,0.7174754,0.72248626,1324.2156
d569bba11d2844d7ad9a342a63723b11.jpg,4,48.564373,-4.51663,1,51.632525,14.448222,1390.7233,1245.0599,0.69777846,0.00020629168,0.6674931,0.8653877,1592.1278
d5b49dfb2aee4bc2bd4c534af909a2c4.jpg,10,64.157467,16.037874,10,64.345682,15.702938,26.453148,5.2704306,0.88119006,0.035410285,0.86135316,0.96053743,26.453148
d5c75a2c01434716885a037266208949.jpg,0,54.628375,29.088931,0,54.421805,29.029361,23.289019,7.597863,0.70288384,0.0039391518,0.7165134,0.7376791,1283.1537
d5cabf673fe44580aeb30c55f5d9ddf4.jpg,2,37.955624,-3.791662,2,39.395902,-3.503788,162.08954,6.103337,0.8567575,0.00393039,0.8287672,0.96871865,162.08954
d5cdb7d269e6447787531003e4420328.jpg,11,39.083451,33.903759,11,40.887482,27.095766,613.5355,29.563335,0.7479174,0.027866006,0.74025244,0.8004493,224.19376
d5e17402e70f4ed9a810664985900890.jpg,1,49.562134,10.324151,1,49.523044,10.094488,17.131355,17.131355,0.74250495,0.007827997,0.73959553,0.7630558,25.618597
d61f1808e1a44a3f99673644685da897.jpg,11,39.45114,31.440788,11,39.614541,30.850101,53.81723,10.160073,0.79230535,0.0033611655,0.7677173,0.89065766,53.81723
d6241068e91d45718c6b088715831517.jpg,2,41.308427,-1.730046,2,41.538885,-3.203448,125.49226,31.678816,0.72394633,0.002608478,0.7224983,0.76346207,85.659386
d64ade0b877847ed993412b8550163d6.jpg,2,38.53533,-0.623838,2,38.521515,-0.616833,1.6526024,1.6526024,0.87322366,0.22557408,0.84981114,0.96687376,1.6526024
d69b624c8e0242709bd8644d7905b6ba.jpg,10,59.830573,17.998021,10,60.030158,17.533171,34.1067,2.7092452,0.677137,0.038964152,0.65571415,0.76282835,34.1067
d6a0f59cd0784c67bb80ccb874728739.jpg,11,38.018659,41.775604,11,38.017554,41.774404,0.16170254,0.16170254,0.8878816,0.030176163,0.8722966,0.95022136,0.16170254
d6a716b768ff4513ae61aa127076bcef.jpg,7,37.742168,15.143908,7,37.251512,14.480395,80.01861,0.2565024,0.7675499,0.021108866,0.7332374,0.94043285,0.32564697
d6a8a29e65a145ceb75e798d0f762a74.jpg,8,69.854716,19.63698,8,64.046687,10.041601,767.2197,82.149506,0.7466612,0.10962677,0.7306925,0.84648776,1310.6498
d6c0588e4fc44a67923235ecc9dd0b22.jpg,8,59.553484,5.276927,8,58.244105,6.851828,171.39873,3.9186916,0.74203664,0.025614977,0.7258179,0.84308505,15.637232
d6c1d619758a4e6399aa3c65809f0c0e.jpg,0,53.201203,29.138262,1,52.054843,14.231174,1012.2976,0.9832747,0.7186599,0.014256954,0.738255,0.7660919,376.2193
d726f86006bf43a98ee11b328b293280.jpg,9,53.138968,19.265042,1,52.989853,12.135383,476.4879,16.95615,0.7620297,0.008274972,0.756541,0.85329103,550.5244
d7416eaf43854671bebe9d7534837379.jpg,3,60.649063,24.223948,3,60.689596,24.168208,5.4342923,0.15873271,0.7747902,0.005197108,0.7482976,0.9060861,5.8465824
d7ab26e0944a456b99eee500257bc5c9.jpg,5,50.121797,-5.44297,5,50.002647,-5.214381,21.018648,0.34573087,0.7426661,0.017850935,0.7195012,0.88052756,20.635744
d7b1ae4ae3564d849a2dc7981229a2a2.jpg,9,49.944497,21.327826,9,49.819205,21.424565,15.5608635,15.5608635,0.8024343,0.08866954,0.80272454,0.8435438,586.726
d7b1ef767b5b4559a1670f25552b2355.jpg,9,54.166092,20.218158,9,54.163802,20.232255,0.95238084,0.95238084,0.77071387,0.02617395,0.76256335,0.8490992,7.5980883
d7c37f2b40264b089e7382cc15ce1cd7.jpg,6,63.464394,-18.88668,6,66.03148,-14.806878,344.71744,0.4302336,0.7538668,0.0055930614,0.72073764,0.8887191,235.7344
d7d6c5077feb4464bf19fb49aa3d92d7.jpg,5,56.221671,-2.91415,5,51.929847,-3.917791,481.68655,15.317007,0.7885882,0.008607388,0.7874217,0.9169181,195.0676
d7e05f6f9a5f43a18afd85b8c7020d40.jpg,11,41.244925,36.399143,11,41.290533,36.218134,15.955798,5.01641,0.8168536,0.001376152,0.7921162,0.9367387,73.85173
d7ec4af072084ad5a3aeb2302b727ff2.jpg,5,54.575214,-5.667154,5,54.451617,-5.530446,16.332554,2.5871348,0.7603803,0.03575915,0.73344105,0.8741485,264.76038
d82428f2c22142ba8333c85b97805fd9.jpg,3,65.670957,29.100408,3,65.741418,29.173334,8.515631,8.515631,0.85257244,0.11120832,0.8493203,0.89612114,154.09334
d83672c7d05f42f9a3e6f0b57166d53d.jpg,1,52.168606,10.472802,9,50.913585,23.17104,888.0155,25.505377,0.76794577,0.016205251,0.76743466,0.809057,319.21262
d88d92d2f5f64dee98904075ecd4bc98.jpg,9,51.470528,21.53391,10,58.803183,17.109173,862.03143,370.2651,0.6710551,0.023476362,0.6538633,0.8071362,681.9184
d89a220c9a7f49c7bdefecffa267b725.jpg,6,65.757099,-19.273952,6,65.614705,-19.35467,16.259058,4.005406,0.9380528,0.016500175,0.930303,0.972316,16.95411
d8bddcb31d6846819fb1db5f96c46cfb.jpg,5,53.275012,-3.550139,5,53.266332,-3.496186,3.7153547,3.7153547,0.83143944,0.13147813,0.81488454,0.8976591,3.7153547
d8be036b89ea4a188ff5b79391c0139a.jpg,11,37.88537,27.271146,11,37.84027,27.245945,5.4811964,3.4451263,0.76746356,0.0028081536,0.7574891,0.82174826,3.4451263
d8daf6fee1e84f6c98ffe778aa3aa12a.jpg,6,63.633781,-18.432228,6,63.644176,-18.420903,1.2840155,0.6682865,0.9141499,0.004376173,0.89869726,0.9767048,1.512506
d8dfdc4903ca4c688caada520aa0eecb.jpg,9,53.958856,15.121846,9,53.961078,15.11695,0.40452597,0.40452597,0.72436327,0.038955748,0.6948747,0.84231734,0.40452597
d90ae26177ab42d7a1739feea16d4bcd.jpg,5,52.479605,-2.899058,5,52.837641,-1.344528,112.14924,8.281654,0.79399794,0.009773731,0.77789617,0.89055204,99.684265
d920fe6ea4ab4f64822baab4ee837c93.jpg,4,49.387939,-0.963889,4,47.334217,1.992622,315.9625,16.422724,0.64421797,0.0017157197,0.6359103,0.7436532,31.978506
d933a85037234cebaec1945fa64f4da5.jpg,6,65.894947,-22.832848,6,65.915605,-22.966814,6.50075,1.4657193,0.9300045,0.009873748,0.9171273,0.9817214,20.117117
d95a26fcb200473d8c62cf8e53a000a6.jpg,1,51.71786,9.846006,1,49.150644,12.770521,352.63174,43.388596,0.6658182,0.0070232153,0.65154,0.812001,141.73056
d971ddb9c5284e26a15510c7a772fe2d.jpg,8,69.036203,17.883708,8,61.761546,8.405501,917.88293,38.31079,0.65691876,0.019598901,0.63798845,0.8152399,1144.815
d99872b0333a4e6c841d175777ce2437.jpg,3,60.977913,23.214361,3,62.364718,28.095367,300.07086,13.669513,0.7549941,0.0013642311,0.7260727,0.8779451,40.070347
d9a6c561d59647d388df90c66e13160a.jpg,7,36.81853,15.051085,7,36.816285,15.049098,0.30594462,0.30594462,0.87334704,0.058512926,0.8763707,0.8728154,52.653973
d9c845779dba405c91da0a3628aede7c.jpg,2,28.703118,-17.778465,7,40.212728,9.550849,2797.6072,2416.628,0.6661272,0.013848186,0.6935335,0.7025655,2949.4355
d9c897fb6caa49db8ebfa2e879343028.jpg,10,63.727183,20.087109,10,67.830541,19.621827,456.7633,8.47451,0.7583499,2.1219254e-05,0.74481404,0.89149445,8.596814
d9dfd833affd49f991b39a5dcfc884c3.jpg,1,52.367481,8.828526,1,52.842536,11.331514,177.07652,15.50455,0.7047321,0.026477516,0.69292164,0.76042473,144.79306
d9e6f52cf80146328ee47965fabd34b3.jpg,8,68.441166,22.477791,8,68.439475,22.47126,0.32645234,0.32645234,0.92797494,0.029007316,0.9186455,0.9652926,0.32645234
d9f6f21c3844480d814d6a3501fa0852.jpg,1,51.681152,11.283396,1,53.094623,10.756645,161.18375,24.146997,0.73644507,0.0053586364,0.7202207,0.8634864,194.01659
da30156d477445bf8cb94de43bc38277.jpg,4,47.46486,4.041621,9,53.226021,14.644797,986.3944,104.00169,0.64257175,0.03306383,0.6238072,0.72873175,610.06824
da6c601bf5b240d2abd15dae6960ce5f.jpg,3,66.296821,28.869785,3,66.303521,28.861826,0.82557476,0.82557476,0.8941041,0.012889266,0.8742489,0.97352487,0.82557476
da7f750935a14a20bbd10f646f9e765a.jpg,4,48.793436,-1.514373,4,48.773356,-1.540852,2.957897,2.957897,0.6527748,0.021288693,0.63699925,0.7630397,2203.7583
da9150f8e12f498dbbb0446cc901d562.jpg,6,63.507824,-18.860086,6,63.986265,-18.909235,53.255177,0.8392549,0.809651,0.009470224,0.7863275,0.902945,53.255177
da94c8411f7b46a8b20d9cc529b0fa0c.jpg,9,54.191621,18.633119,9,54.192542,18.632349,0.11400579,0.11400579,0.7824446,0.048529387,0.7685294,0.8381053,0.11400579
daa6b45f058a4b7ab24141dd78bf9c0c.jpg,11,41.133681,27.858903,11,38.953184,35.586203,700.74774,6.063667,0.64983034,0.03050977,0.64930636,0.72615993,1463.0685
dab5ab4108ce40d88db672b6218b4c9e.jpg,6,65.347791,-20.841971,6,65.348176,-20.844856,0.1404882,0.1404882,0.960309,0.08962673,0.95597744,0.9776355,0.1404882
dab62c99cccb4bed96f8ed885ff4e9e6.jpg,6,65.546337,-20.344022,6,65.645028,-20.294616,11.206242,6.887687,0.8413065,0.0003116727,0.822711,0.9347507,306.65338
dad75529acf444818e0b48e15b6e147e.jpg,0,54.738382,28.081374,0,53.529282,26.249698,179.7533,7.665256,0.8140862,0.0009804368,0.794415,0.9284916,12.088495
daeead3d3179410d96083b98c86c45ab.jpg,2,28.771155,-17.96012,2,28.661902,-17.816287,18.55598,0.43139797,0.69372517,0.036314845,0.65876544,0.833564,18.55598
db071721d29d409eb8953ec0e18a92f0.jpg,8,61.93594,6.984994,8,61.927368,6.841633,7.560967,4.1098027,0.8265021,0.053969204,0.7949171,0.95284176,7.560967
db19a75093804d988cbe05bc655a23d0.jpg,3,68.004887,24.086051,3,68.00127,24.086555,0.40274,0.40274,0.84424055,0.07715672,0.83048934,0.8992455,0.40274
db23020cb04e4e2ab708c940c981b4ba.jpg,1,53.4031,7.565914,0,52.346379,25.983258,1238.1267,230.6877,0.76187277,0.024771094,0.74965316,0.81075084,1238.1267
db3e92b434f04a4ea08ce1e11d7c684c.jpg,4,48.625259,7.725444,7,37.869502,12.493394,1256.135,182.77876,0.69051015,0.019151926,0.6772002,0.74374986,1256.135
db712da765e54188a8ca072c2189959d.jpg,9,53.297792,22.454951,9,53.296035,22.455261,0.19645299,0.19645299,0.7659706,0.019710064,0.7346318,0.8957789,2.8481724
db7e3d09cd3f46138f8ece95567581dc.jpg,3,65.454064,25.380149,3,65.422309,25.387218,3.5460846,3.313093,0.921996,0.073982716,0.91068697,0.96723205,3.5460846
db8172b7f8944b3c9e9297540458a62e.jpg,6,65.31898,-20.926437,6,65.168712,-21.057501,17.788675,4.9871645,0.9174336,0.00086814165,0.91259193,0.956358,22.295572
dc0f7bf3cbb94ed1a2dae7cf66a0525e.jpg,9,52.4035,22.644182,9,52.481525,21.639197,68.66736,19.070024,0.7842606,0.002151847,0.77933115,0.86018825,111.23124
dc11c9e70ca0462a974fc1f77b42883b.jpg,10,61.45792,14.875105,10,61.43173,14.855809,3.0875223,3.0875223,0.92207444,0.06210351,0.9100456,0.97018945,3.0875223
dc184e73786b401e80b1c898be336b79.jpg,6,65.731416,-17.391428,6,65.227033,-14.571014,141.71132,1.0702819,0.893269,0.0041338205,0.87727225,0.9659854,138.76077
dc64387355b64b1085e70c393ebe1bbb.jpg,9,50.319569,18.945857,9,49.548284,22.183546,247.0668,17.510132,0.7094382,0.0065079927,0.699256,0.804816,231.35892
dc8acb6ff560476c8c3180f4ca1f5241.jpg,5,50.348435,-4.662825,5,50.348578,-4.662883,0.016424652,0.016424652,0.83165085,0.018072665,0.80377346,0.9431602,0.016424652
dcac09857ecc46fba3007ee5ddf4facc.jpg,10,59.866461,17.839608,5,57.558092,-2.925633,1220.887,0.13530263,0.6407923,0.006583631,0.63854957,0.6875999,520.9317
dcb060d5137c4bdd9f8081f1fe5e3bd8.jpg,7,42.389363,12.674813,7,42.348313,12.675463,4.5648704,0.8861083,0.69066805,0.0038014054,0.6879489,0.73850137,10.730182
dcc6b1d087714bda9e7febfd42b7c836.jpg,3,66.234943,26.171025,3,66.383732,25.871219,21.287107,0.80516714,0.8961072,0.0058142543,0.8782543,0.9746889,1.2305318
dcdd0882b36b4ee2821ca7be8cbf13b6.jpg,10,56.369755,13.662614,10,56.264797,13.563927,13.162265,13.162265,0.6836989,0.014742017,0.6755422,0.7330542,1244.1783
dce0c41b2052451494965cc1f0a9fd19.jpg,11,40.614187,43.392593,11,40.615055,43.200825,16.187185,16.187185,0.8378919,0.01011312,0.81295216,0.93765074,16.187185
dce9bf2a0d9f4d3b9949218d11e77240.jpg,5,51.858378,0.668781,5,51.962081,1.196913,38.018433,31.066595,0.7463625,0.0003219247,0.7413466,0.8853204,541.8246
dd0d3a916da44c228ccb018026934ec1.jpg,9,51.241954,16.275818,9,51.704219,15.607054,69.19208,47.84486,0.6786351,0.016741097,0.68221545,0.7631343,203.92894
dd23cefc5f174c3d91fd7c2d76cac63e.jpg,1,52.116332,8.205522,1,52.116113,8.205775,0.029856853,0.029856853,0.81157434,0.067199826,0.831527,0.7860582,2139.9026
dd2d7dc7b8e44c2cb66348e37fccd251.jpg,8,68.694383,16.559588,8,68.684487,16.538142,1.4006908,0.5233713,0.7570496,0.011823237,0.72102666,0.9184146,30.9088
dd357feed81a4338932dc64d5c32631a.jpg,2,36.853396,-4.13325,4,44.492942,5.373397,1166.4955,674.2323,0.6345355,0.0463596,0.63085216,0.71096194,3055.2903
dd87808f7de9406a809949a835835987.jpg,4,49.71856,0.328706,4,49.696319,0.53088,14.746941,8.545932,0.74222803,0.03980404,0.72468555,0.82025045,126.398705
ddaad89ae09f4e4f8a65a64f4db94311.jpg,9,51.324173,22.48517,9,50.955054,22.288029,43.287323,15.081402,0.6929043,0.008100092,0.67884415,0.86178017,199.40265
dde44d125741404987dfa62faeee48c4.jpg,2,42.035623,2.96726,2,41.947239,3.124821,16.314114,1.2051185,0.7833725,0.012073278,0.75676095,0.8898185,16.314114
dde5d14ba04c42589d465577c3b458fa.jpg,1,47.676588,10.721796,1,48.988377,10.88424,146.35785,2.3293695,0.6801807,0.0028277636,0.69354177,0.71120596,585.7295
de160a0f0190459cbfe4ba488fe895c7.jpg,5,52.593832,-2.769499,5,53.566743,-0.266771,199.1021,10.204045,0.772614,0.010581493,0.732383,0.9335376,199.1021
de5327e6367c4b519f2426b851227614.jpg,3,62.981193,25.820086,3,62.969804,25.819453,1.2668046,1.2668046,0.921037,0.003122151,0.9106077,0.9740033,40.43111
de601ab2439140a2aaab161edc304b08.jpg,5,55.524645,-3.096576,5,57.822505,-5.06339,282.32382,5.0077105,0.7799128,0.011487603,0.7513683,0.90854603,269.82367
de727a6ebb2f49bfa017e8da29529503.jpg,11,40.163973,29.367501,11,40.160884,29.371821,0.5027363,0.5027363,0.86204493,0.090996504,0.8570535,0.88201034,0.5027363
dede5e43c889411dab1270a8b3ce1477.jpg,11,41.694752,35.355652,11,41.515378,36.021809,58.869213,13.568979,0.8337643,0.0009291172,0.8191109,0.91928154,19.973787
dee1b1d659ea4dcd97fc23d866258a9e.jpg,8,59.678453,10.810504,3,61.92056,24.718536,792.78723,279.58328,0.68020964,0.007871926,0.63643765,0.8781127,714.8994
dee42019f4ac4b3fbde9577d52941580.jpg,9,49.777361,22.067226,9,49.885012,21.584136,36.65916,0.4676395,0.7509775,0.015074015,0.73874545,0.79990566,36.65916
df30aee21550467ca0711a7e690f6b6c.jpg,1,48.856466,10.849821,1,50.784476,8.121639,290.25104,82.064476,0.6680956,0.03137958,0.6735725,0.7541152,337.7691
df3b5f063b2c48a58c722940706b5575.jpg,8,64.112188,11.321017,1,52.852131,11.391801,1252.0695,295.5188,0.68427885,0.02317065,0.67890376,0.7225908,1479.8625
df592e4494eb4d23b9e8b7d387143599.jpg,2,39.5648,2.676283,4,47.437329,6.723494,933.92645,262.80347,0.6401465,0.013976634,0.6342511,0.7114093,1088.8748
df62aebb745943f8ad0babad59c3f75f.jpg,7,38.151481,12.737976,11,39.604715,40.184767,2372.1465,1.9848843,0.79728377,0.01076287,0.77442443,0.88872087,2372.1465
df710be349cb4c54b623d3986b3b40b6.jpg,11,37.918798,29.11447,7,40.5915,8.375922,1805.8411,102.73792,0.78003126,0.0058556795,0.7640126,0.9015951,1812.806
df73d6906ff14f538d477e1ceceeb427.jpg,4,42.463386,9.496508,7,45.328528,11.002406,340.65698,172.5954,0.6426176,0.003129959,0.6039647,0.8362596,360.18085
df8e35815d304ee7a46d7a57d58bbd22.jpg,4,47.338047,1.701208,4,47.33744,1.702782,0.13646749,0.13646749,0.9161004,0.19087577,0.9119721,0.9326134,0.13646749
dfc84d576af94706a678e8dafc9c89e0.jpg,4,45.8433,-1.151418,4,45.845665,-1.156624,0.4814251,0.3498707,0.8821592,0.05271679,0.87020284,0.9385027,6.8909335
dfd80d639d1c4625a5af1c8d76b51f6b.jpg,11,38.638033,35.869781,11,39.429913,35.115984,109.5088,18.606102,0.72771335,0.008538723,0.7198456,0.8465067,27.760061
e00584ca11744431a09be6c76190a7e9.jpg,2,39.484433,2.831271,2,39.488821,2.809053,1.9681304,1.4853873,0.81630564,0.010769844,0.80251217,0.90184724,1.4853873
e07f3ebdcad84f19b215ef6ea404f706.jpg,6,65.733884,-14.859265,6,66.009183,-14.87878,30.624743,0.53068054,0.91087484,0.010556042,0.8947068,0.9755472,30.624743
e08a817faddf432680c22bca854d3a48.jpg,8,68.66138,15.504038,8,68.661656,15.519513,0.6268906,0.20749438,0.9255005,0.012533188,0.9123535,0.99085855,0.20749438
e0acd1bf808a439d8c991a6fd3c2caac.jpg,9,50.788273,18.594351,9,50.679042,18.650596,12.77471,12.77471,0.82289815,0.024687707,0.8008384,0.91113704,12.77471
e0ada5689b014051b212cdc4e50245fb.jpg,1,48.137368,9.128601,8,59.013299,6.895682,1218.1273,164.06274,0.6303848,0.0028597713,0.6099141,0.78316015,1224.068
e0b0599d72344bbe80bb417032046022.jpg,3,68.54409,26.155781,3,63.020673,23.818745,623.24603,44.43992,0.6483814,0.028089046,0.6059383,0.81815386,623.24603
e0b42abee91940a09e83989c8d7d2d57.jpg,6,65.916609,-22.965922,6,65.988457,-22.943558,8.053153,0.118750565,0.84569454,0.0011758804,0.8295378,0.92476404,8.143437
e0bdaa53c08e4bc881e4d765f5cb928e.jpg,2,43.255797,-8.865562,1,50.96977,12.794626,1840.4012,313.96683,0.69339794,0.034641743,0.7061353,0.7012526,1781.7076
e0c7197ccc424913b759de3ca0eb2fac.jpg,2,39.859379,-3.993268,11,41.144326,29.168462,2790.5295,2.5815883,0.71676844,0.005093932,0.69852734,0.8042223,3366.9404
e0d150f78c2c457895a733259eeb1176.jpg,2,28.974354,-13.748667,2,28.992357,-13.741676,2.114189,1.003524,0.7039514,0.002820313,0.6585758,0.9011942,36.861385
e0ffb156a45e415e9016075fec99e778.jpg,2,28.776976,-17.914003,2,28.77719,-17.909895,0.4010821,0.4010821,0.73876154,0.07456976,0.72630036,0.7886061,0.4010821
e1211d52cc0444029d793bddfe18407c.jpg,4,45.182423,0.181173,9,54.301681,22.635894,1893.0979,1246.9869,0.6653264,0.02883339,0.63445157,0.78882575,1893.0979
e131287b383e49dead2e47bf4872613f.jpg,10,66.684392,19.830604,10,66.991871,19.83667,34.19118,0.18702336,0.9266886,0.029949665,0.9198961,0.9577384,53.282185
e13969995b2b44acac26106d36443adf.jpg,4,49.085006,-1.48232,4,49.523653,-1.872275,56.37722,4.3562226,0.7980151,0.06697935,0.776505,0.8846885,4.478715
e14161cd892f4a6e9d132bbdd99eca2e.jpg,9,50.808045,16.10328,1,52.732333,12.287436,338.63126,3.649809,0.78317684,0.0336923,0.75902617,0.9006436,407.73837
e15f8dd744c84d28be1ba66e4fe0dac6.jpg,1,47.98923,12.846518,1,47.855604,8.595836,317.0512,40.854897,0.69290626,0.01362592,0.71647507,0.65980095,315.99057
e16c41962fb84a7b9c5b296ef420ac4d.jpg,7,40.896219,14.307214,7,37.553554,14.289008,371.69122,10.107025,0.7204771,0.040334344,0.7428708,0.7184795,68.83657
e177b3d5e8524f25b32f1cf8b62ffa01.jpg,0,55.311983,29.553656,0,55.228763,29.98036,28.57099,0.92232895,0.8925973,0.0018129945,0.8840017,0.97219,48.58373
e1c406bb8aad4b9bbba1451772d0835c.jpg,3,62.326128,26.948462,3,62.289691,27.019037,5.45121,3.7187386,0.8644031,0.013608098,0.84689605,0.9416898,243.56377
e1d5b09d1da645e59e4a7e4429afe94d.jpg,10,66.404121,20.684796,10,66.574306,19.957606,37.39764,1.1881847,0.90022343,0.009267867,0.8854547,0.95929825,37.39764
e1efd3e739b54c8db5642203075b56a0.jpg,8,68.472734,15.883281,8,62.468812,6.292679,799.1077,85.64929,0.59300977,0.0139907,0.5737551,0.7377973,798.8916
e1fdbf3480314ead86bc7f0292158b24.jpg,6,63.684705,-20.175899,6,63.639137,-20.047058,8.128649,2.1923587,0.9171809,0.040205836,0.9020145,0.97784626,8.128649
e20d3f2cc53c403ea26b6104641f22a3.jpg,8,61.379742,6.761637,8,61.7496,6.361047,46.27346,40.982826,0.7620621,0.007436216,0.72426844,0.9167206,53.583885
e22646b5278c4517b297f6603c541bb0.jpg,10,67.257289,22.747307,10,67.246662,22.877631,5.7267566,5.7267566,0.8244736,0.04379642,0.7966766,0.9363992,71.73378
e233df8f2efd41e39867de256c36106a.jpg,0,53.960304,30.467409,0,53.919451,30.469573,4.5448604,1.3784969,0.8323419,0.050724626,0.81518364,0.90097487,4.5448604
e237bcb1cf5d440487fe1fe81946bc94.jpg,3,62.189011,29.909463,3,61.842109,29.733893,39.646576,3.0703814,0.7877198,0.014638364,0.77268744,0.9010459,12.448589
e27fb3e17d0a40c492d9ff655b5b73ba.jpg,0,55.394973,28.44172,0,55.147994,27.730156,52.781967,9.755451,0.7263651,0.001969695,0.70143175,0.8522648,185.1481
e28d0cf62ef140f79088240fabdae06a.jpg,9,51.749842,21.770093,9,51.954862,21.573184,26.507063,5.468532,0.78006494,0.0038549304,0.75158536,0.89398324,26.507063
e299d405424843cfbffc85c3555fac3c.jpg,0,51.702531,30.34821,0,51.697883,30.346838,0.52541256,0.3723681,0.9313755,0.01630932,0.9210112,0.9875225,0.3723681
e2a9f83e31b04580981345bcb626c4c5.jpg,8,70.97815,25.776461,8,70.976823,25.781795,0.24319783,0.24319783,0.9299644,0.070144415,0.9224939,0.95984674,0.24319783
e2b002765a404cdba073d0effbb7ea0b.jpg,4,44.751957,4.868869,5,53.183287,-0.607813,1018.4672,58.619076,0.7232891,0.008951426,0.7165582,0.82213545,1043.504
e2efc11997c1479f8304711be6567b19.jpg,0,52.164541,26.090011,0,52.156136,26.091831,0.9428042,0.35687214,0.78311455,0.0030090213,0.78347707,0.9030806,404.5734
e2f375a2d5dd4b6b84e37837ff9c95ba.jpg,1,47.950359,12.891957,1,48.07729,9.447945,256.5467,32.862995,0.70951563,0.009867966,0.7095295,0.804656,131.44417
e30d0adba1ca457b990b3ec9cee35622.jpg,5,51.409564,-1.625107,5,51.408451,-1.643913,1.3102175,1.3102175,0.67943907,0.0026221275,0.686937,0.6851159,581.37897
e32953e6fa3c43c78726a67deb6d179b.jpg,6,65.500389,-23.451071,6,65.499958,-23.451602,0.05381767,0.05381767,0.995195,0.059957504,0.99409914,0.99957824,0.05381767
e32add7fd2944284b5d870e6d4ca2c35.jpg,6,65.516365,-23.719771,6,65.5135,-23.701543,0.89842457,0.89842457,0.9367863,0.0025157928,0.9238721,0.9884428,0.89842457
e34d47daed9c4c29a916b90daf64f690.jpg,0,52.281076,30.30096,0,53.06727,29.42321,105.56679,12.580139,0.9237311,0.010885894,0.9156475,0.9656218,68.50693
e3a7c4bb86ba42aba499b4f8b455c12a.jpg,0,52.179945,29.901519,0,53.065991,27.86868,168.91661,0.41910237,0.8298187,0.00042122602,0.8059049,0.9298552,0.41910237
e3eeb090b1db44f99b21507503625ea3.jpg,8,58.285027,6.54034,8,58.330126,6.265267,16.833345,0.81242347,0.81743896,0.002951324,0.78164023,0.9740736,17.637077
e4154c678ddc4e268d5843e5feb44fde.jpg,1,51.64054,12.589013,1,53.45502,8.344848,350.71307,19.920986,0.7569015,0.005522847,0.7525012,0.8358638,404.4376
e418966027a94eddb964917e9dbc4633.jpg,1,52.39957,11.31045,4,46.414257,4.433881,830.1612,290.74155,0.6459986,0.019497156,0.6339368,0.7043745,970.5121
e4259c9652c14b4897cfadcba97014d0.jpg,5,56.547134,-4.298455,6,64.80067,-13.991081,1056.1007,511.20065,0.70180464,0.00026541948,0.6887586,0.7611413,634.4929
e44221041c9344498eb42564bd8bee89.jpg,7,39.196898,16.063272,7,39.243458,16.062756,5.177434,2.1471226,0.7684436,0.007637739,0.74639875,0.86397004,2.1471226
e4518bf69879456ca14c63445f677e89.jpg,1,50.239939,7.449507,9,53.476695,16.56726,721.4508,105.435684,0.7307752,0.04161507,0.7503579,0.7570398,1023.6827
e4749d6bf42447b9a5cc1f261d4a113b.jpg,3,65.685457,29.12437,3,65.777073,29.218866,11.064882,0.77465934,0.9609229,0.0068686604,0.9531244,0.9921169,11.064882
e47b474cc05343178fb95abefba80c5a.jpg,11,40.111101,38.323745,11,40.11229,38.304629,1.6310087,1.6310087,0.8531436,0.056230426,0.8314941,0.9397415,1.6310087
e4bd33c0111e490891bc06bfb6790018.jpg,5,51.29854,-2.321852,7,37.98509,12.989186,1904.8958,888.6116,0.63764906,0.005189061,0.64526224,0.76060283,1353.8436
e4ca00e3b50c4f15b3ca25c8ba8d90b9.jpg,4,44.775531,1.293269,9,53.426352,22.590535,1814.0208,337.11713,0.6379038,0.01603651,0.6305181,0.76177776,1493.4221
e502712a09ff4be9a141af86f932a7f7.jpg,5,54.118695,-1.19109,5,54.451617,-5.530446,284.04453,17.982904,0.72383314,0.009133339,0.6725636,0.9289113,284.04453
e5334fad3442435aae369e7613034518.jpg,2,38.628848,-6.369292,6,66.067794,-18.531692,3148.0034,1050.7177,0.52580726,0.0026052594,0.52024597,0.6563593,1805.2537
e55804f6eec04b39a3aa9fd37259f730.jpg,5,51.173904,-1.423806,5,51.129947,-1.156045,19.30479,19.30479,0.71914506,0.016453862,0.6961894,0.8531467,225.6289
e5b5b118908b4d049e2138e65259c711.jpg,1,50.886671,9.658093,9,54.511241,16.551489,614.48846,186.8508,0.698775,0.022301078,0.68900347,0.8144957,638.05634
e5ba40f04dca4de5b2ed80ed92f877c6.jpg,7,37.784742,14.052452,7,37.518268,14.129578,30.39862,5.925011,0.71211386,0.007161379,0.6746869,0.86912113,88.26569
e5c9cabdf6c84e7a8bc06a446a27f950.jpg,4,45.018352,3.149155,4,49.530902,4.421843,510.85617,510.85617,0.7031237,0.020069778,0.7039685,0.8003744,2776.1367
e5ca72cd711b4a57bd24c0388407f11b.jpg,7,45.37178,8.910829,7,45.621394,9.605065,60.813538,17.293596,0.724148,0.008469045,0.7122679,0.8416272,69.470894
e5d0a036f2774c0d939b47bcf4213167.jpg,2,38.727639,0.037565,7,40.054391,8.577498,748.2456,336.24225,0.6711808,0.0018619895,0.6468414,0.7850191,824.5705
e5f99147970947f1ac061baf3a0949c3.jpg,2,40.992831,-3.997329,4,48.476178,-4.58356,833.3916,286.49957,0.7411688,0.010618508,0.724062,0.8095958,833.3916
e6048e1c5c6148b594abef0b0e7b7a8f.jpg,6,65.248194,-14.356785,6,65.249274,-14.359948,0.19001442,0.19001442,0.9341381,0.0043295026,0.92655057,0.9701843,0.2651284
e617830afb4a458cba96f225c6c3369d.jpg,11,39.56763,39.976372,11,39.567235,39.977494,0.105729856,0.105729856,0.9325249,0.054513693,0.9220212,0.98137474,4.7240124
e61bb6a41cd24c449e79105677ab63d5.jpg,3,64.154122,25.799014,3,64.161704,25.799731,0.843797,0.26399443,0.9694183,0.004085779,0.9644037,0.9894767,0.843797
e61e7c256ca24a34ac2434c226c74bc2.jpg,7,44.842812,10.37013,8,62.663497,7.504277,1990.0325,239.49101,0.59459984,0.01917851,0.58334893,0.7505255,1729.9003
e6377a038a4a458895fc7e5ba83a095e.jpg,1,51.942696,14.036866,1,52.007495,14.166675,11.444433,8.8058405,0.7447922,0.03225833,0.7476202,0.8513998,55.34919
e640fcb750634ddd86ded99c317e3262.jpg,8,58.259866,7.971655,8,58.258576,7.971341,0.14461292,0.08546277,0.72917336,0.020213425,0.7471235,0.72616404,279.675
e64abca0f9574b929005b62cc314d838.jpg,7,46.540396,10.432829,5,58.557815,-4.70673,1675.1648,276.15295,0.6749887,0.014163196,0.6892911,0.65916127,2748.7375
e64eae517fe446099ca6a8ffb1fa0a39.jpg,7,40.68621,8.3798,7,40.710317,8.803033,35.78033,5.004556,0.7903622,0.034936607,0.7841486,0.81521654,35.78033
e65ad36b42ac4a639e7ca94cfab0ac00.jpg,1,49.68383,11.287435,8,69.097039,17.638162,2185.6443,228.5918,0.61357915,0.0024243593,0.59647405,0.7788599,2205.0298
e6730a9f3ea44acf9baa007f764cfb37.jpg,5,57.687397,-5.595695,5,57.822505,-5.06339,34.97139,2.8530076,0.83126444,0.05539137,0.8102228,0.9154307,34.97139
e68089a29bc84c34a94825c25b9aa18f.jpg,4,43.701882,5.582655,9,49.949015,21.651658,1401.9482,462.31363,0.6484177,0.026462436,0.6369115,0.8152204,1498.2561
e686741258e145ea9425b694b4fa6ba2.jpg,8,60.624607,8.077111,8,62.233251,7.147418,185.57518,4.048197,0.7850144,0.0017284155,0.7514312,0.919347,185.57518
e6af44a21a624b079e5381e87deaffa7.jpg,10,57.033669,12.379459,4,47.437329,6.723494,1133.4978,366.68152,0.6813123,0.018548012,0.65324587,0.79357815,1133.4978
e6cfbf4ba8864391b385e9d66ab96d36.jpg,8,67.346378,14.54295,8,67.348437,14.548636,0.33423758,0.33423758,0.7758545,0.004403472,0.74501884,0.93019694,4.4226475
e6d4415edeea43bfa5a1404382950d82.jpg,10,57.500771,18.563602,10,57.475968,18.623502,4.519057,0.25153992,0.85217357,0.0043081045,0.8445092,0.9100793,0.25153992
e6f24d4ba99d468a829596d3062d5c54.jpg,3,62.620464,23.862498,3,66.241134,25.341481,408.7805,12.8399935,0.7207078,0.009832859,0.6999187,0.8640066,344.7136
e6f7797e24634d72a7121dba11dce635.jpg,0,52.254585,27.793529,0,52.37505,27.460804,26.28632,4.401517,0.83279234,0.022215426,0.8061706,0.9392791,26.28632
e73210d4279e4b7089af2387bfcc46e7.jpg,10,65.184437,19.535891,10,65.185325,19.535845,0.09876456,0.09876456,0.95898104,0.050946236,0.95280087,0.98370165,0.09876456
e74af46efbf94ec793f9a6c11c1d73f5.jpg,8,69.081067,17.541947,8,69.093764,17.661971,4.9686017,0.2412187,0.74366474,0.0193699,0.75473785,0.75829077,0.54831666
e756ac4e0e5b4c909eca8741afa2283f.jpg,11,37.778842,30.522679,11,38.788181,30.524962,112.23371,15.187389,0.7807889,0.0029084682,0.74716586,0.9152809,112.23371
e7acb65a2c6b4124afb49b333316efa3.jpg,1,53.481228,12.38138,9,51.416347,15.600969,316.68088,294.08862,0.6402131,0.010564983,0.62734663,0.75473386,2002.3191
e7ba1ed9139540f0996b3551af4847fd.jpg,3,67.614892,25.404624,3,66.231408,28.823469,214.11429,30.52868,0.8090334,0.024516344,0.785073,0.91678977,315.38162
e7c88d66835c417ba572887b7cf0e50d.jpg,0,51.668967,29.12494,0,51.659761,29.120256,1.0734293,0.75478685,0.9017648,0.00049990416,0.8847048,0.9702816,1.0076169
e7cb27ba1c5e4cd58f5c8dfd385d9c84.jpg,1,50.516203,7.934416,1,52.228871,14.061555,465.80405,165.62704,0.6712359,0.002231598,0.6709121,0.70930374,1199.1595
e81def59526f491bb8d2398fa0cb3207.jpg,7,45.117925,11.669355,4,50.599382,2.158705,934.1103,408.84518,0.7848717,0.049881995,0.7828949,0.803635,997.49774
e843fa5cd4cd4e72831e15d74760e2f2.jpg,6,63.958355,-16.859442,6,64.209619,-15.720971,61.980644,0.3378096,0.88435876,0.0009875298,0.8669461,0.95657754,56.262287
e88d709e6778475a9b0736cbbf0d951a.jpg,4,43.695075,4.540955,4,43.699774,4.537026,0.6105607,0.6105607,0.9272821,0.116751075,0.9193455,0.95902836,0.6105607
e8b1719945d644858968aa96b8079d7c.jpg,2,36.328017,-5.928258,7,45.647869,13.011672,1890.2467,379.00854,0.7145767,0.027631998,0.7168084,0.772048,1681.6544
e8c96ea4c84b449c92f6ddfa4d7acee3.jpg,7,44.517864,8.399543,1,48.988377,10.88424,531.84344,3.6201808,0.7111339,0.0005456805,0.7089596,0.8167361,349.49857
e8d9732ee0094c1284d572ba831620bc.jpg,4,46.610421,-1.635159,4,49.426979,2.694839,449.0864,264.65524,0.6791291,0.021758914,0.6858805,0.7852585,493.91006
e8ec8b7dada24b74a365817e8ace9ab6.jpg,5,50.377608,-4.618806,5,50.61909,-4.491216,28.327578,0.2346443,0.7733842,0.017263293,0.74558294,0.89084435,28.791319
e90a81568d744b6888759cd519396580.jpg,6,65.965858,-23.063138,6,65.872224,-22.393571,32.11313,5.9679394,0.93681425,0.006664455,0.9233037,0.99085635,32.11313
e9127288d78243bcaa8b479bb0bddedc.jpg,4,49.512661,-1.290838,8,58.989666,9.567324,1264.6615,16.220478,0.64212275,0.014760494,0.6499865,0.67220545,2637.0537
e94706e53c674dd7bbf4bc999c842bd7.jpg,1,48.938642,8.332953,1,47.658689,10.740538,227.95837,8.771954,0.62153405,0.0029643178,0.60580087,0.710955,1130.9287
e948972689f74453912f3910fc3eb1bb.jpg,0,53.666846,31.647785,0,53.692451,30.066095,104.208084,0.0687282,0.8238117,0.00078111887,0.7892344,0.9621209,104.208084
e9577997826144d691bb5ed897267073.jpg,5,57.439654,-6.757801,5,53.144221,-0.699911,612.0856,100.99821,0.66855973,0.013727665,0.6636003,0.819592,215.4375
e96e006d474342ec8b341d4b75790b53.jpg,9,53.109642,23.731904,9,53.002843,15.012551,582.49,48.868313,0.6688271,0.0010815263,0.6702318,0.7300989,236.15677
e981878048ce408d97b26267d82a5882.jpg,9,52.072733,20.369645,9,51.959381,20.573478,18.800064,4.18118,0.81067294,0.03228849,0.805815,0.854944,4.18118
e9849eb5c2e747f08381e1b6c6f26936.jpg,1,53.732006,10.324567,7,40.594303,8.293516,1468.737,1156.7308,0.7550986,0.023255348,0.7490322,0.90334105,2464.425
e98cc9ed63bc4c72a325597e1bb1f33d.jpg,3,65.759223,25.293917,3,65.724833,25.203418,5.631685,1.9588935,0.85608786,0.03102237,0.85731256,0.9122069,367.74503
e9c00cda74bb4eeb9d00613687e3a626.jpg,1,53.183613,12.033052,1,51.57148,13.903785,219.66425,8.45851,0.70901334,0.0012318492,0.70405436,0.7514082,638.449
ea18e5c50b584c72abb5171ca8617051.jpg,10,64.255506,18.056481,8,60.734686,12.668758,479.0448,14.611638,0.84912837,0.032588005,0.8286789,0.93092626,479.0448
ea3f6f36b95446eb8ac236fb4d92b608.jpg,1,53.282323,9.423656,4,45.477815,-1.146608,1154.5985,11.471191,0.7400626,0.008628964,0.7401697,0.8175601,424.62433
ea4c329625a7482e8246460a07f73bff.jpg,1,52.905445,10.719542,5,56.082221,-4.520416,1043.0527,67.404755,0.6864839,0.030061007,0.64775544,0.8413976,1043.0527
ea752dbcae55473881138316082bc56c.jpg,11,38.37167,42.742184,11,38.469104,42.471028,25.988613,0.3851545,0.7743892,0.003930688,0.7574394,0.86379707,982.384
ea8fefad8fff4d17a47cb619dfb0c283.jpg,4,45.875846,0.860005,4,43.665106,0.566328,246.91364,10.664784,0.639873,0.0027242303,0.6353756,0.7557435,250.07507
ea95c2c5689042c6a89d3c5e9569ae18.jpg,2,28.776841,-17.911587,2,28.77719,-17.909895,0.16941118,0.16941118,0.8477655,0.15604979,0.84165925,0.8721905,0.16941118
eaa5fde5079b4b6d804e2cd35286ac9f.jpg,0,55.125597,29.793207,0,53.062149,27.917112,260.00214,6.692325,0.8354405,0.0154367685,0.81033826,0.9480525,60.461586
eab3aca3ab7b416eac0f168724ef296e.jpg,10,57.580503,18.377275,10,57.579882,18.378026,0.08229549,0.08229549,0.97130746,0.069693685,0.9664859,0.99059343,0.08229549
ead46208d4fa42f5a110b409dca43621.jpg,0,53.021574,29.710862,0,53.044577,29.567911,9.895093,0.09185605,0.9493008,0.017244637,0.9405645,0.984246,9.895093
ead7386dd36b4cc9a33ebc59762f9f35.jpg,4,49.096856,6.142576,1,48.769861,13.732103,555.3578,1.0649172,0.61110014,0.0050210357,0.5818867,0.7657945,376.4971
eb03a1863d7341d0b4074a76556d94ae.jpg,10,60.221507,13.473628,10,60.948433,15.232091,125.514725,0.17391717,0.8389626,0.009949207,0.81361246,0.9403631,125.514725
eb4f6263d98e4892bfcd91e57b07e021.jpg,2,40.34227,0.125926,1,48.786504,9.687913,1204.4744,319.90134,0.62393165,0.014713585,0.60485023,0.71046215,917.3381
eb73b251ec3e43fb95301295a7b39ed4.jpg,3,62.37608,28.104634,3,61.337578,21.843519,347.92703,59.29884,0.7436365,0.0012280941,0.7105019,0.87651914,351.22653
ebb4e40d0038499faaf282a3c1361837.jpg,2,43.646794,-7.602612,2,43.628609,-7.603044,2.0223813,0.21750635,0.7854511,0.012570918,0.7742455,0.8677218,0.5671366
ec09c38bf8484dfa95db4adb90ecc247.jpg,3,64.574145,28.842264,3,64.748403,28.330205,31.13258,9.045989,0.8584311,0.007434368,0.8399459,0.9446466,34.347935
ec0d6c9a750243ef8aedc2611d3b9527.jpg,0,55.900901,28.624499,0,55.814003,28.602072,9.7634735,0.6376237,0.81633806,0.0245018,0.7889545,0.9258723,9.7634735
ec69ae8b102e4399935ce8fc0521ccd3.jpg,8,59.403162,5.334694,8,59.401576,5.334451,0.17689086,0.17689086,0.7378685,0.06390065,0.6969199,0.9016627,0.17689086
ec6d8ddca4bb422b8742f9ef13daf9a5.jpg,8,59.846655,5.35532,8,59.853158,5.349373,0.7957332,0.42755064,0.8624586,0.057121813,0.8444954,0.9343113,0.7957332
ec8540bdaa284292ad4d2da83409d4f3.jpg,3,63.144236,28.044601,5,50.422755,-4.665018,2401.2285,3.1730826,0.7258862,0.0034728646,0.70160925,0.8766298,913.23615
ecc55e797ee549fd9f4f231ace69c74a.jpg,2,28.078733,-14.433039,2,28.070307,-14.420452,1.5501246,0.5324449,0.87744737,0.037028313,0.8611767,0.9425297,1.5501246
eccaae397c6746d19c76d72ac31b381f.jpg,8,60.786139,5.988071,4,42.495081,2.67147,2046.0762,64.327995,0.6538483,0.022235453,0.64498794,0.74228144,2039.1248
ecdd0de8dd3148dda9878f3c24cc089c.jpg,11,38.668644,33.891603,11,38.72754,33.746035,14.229354,10.147706,0.7763906,0.021841109,0.7827499,0.78236187,189.84396
ecfefd71ee634692a9e1f364bc8ef2a4.jpg,10,67.039015,19.79509,10,67.852909,20.948671,103.00586,5.5443583,0.8361756,0.018101692,0.80930007,0.9436776,103.00586
ed0591e5a2244c7b932b30a3f2f21a57.jpg,5,57.345574,-6.402044,5,57.559171,-6.154662,27.984262,1.0886434,0.7265098,0.010478675,0.7509073,0.7877315,998.62274
ed0deaaa2ac04703997274a716795612.jpg,10,63.98037,20.079203,10,65.981779,21.601562,233.76146,0.8811055,0.8502922,0.0031841993,0.83138955,0.92946804,347.084
ed2a14db10c247ef8287ca34490ebe14.jpg,0,53.086223,29.381603,0,52.965765,29.875026,35.614094,3.48801,0.9187113,0.0150158405,0.9063055,0.96833444,35.614094
ed55d6b72f9940d1865c23679da3e064.jpg,4,49.257578,0.053076,3,60.404127,25.79292,2040.4053,575.25336,0.66152465,0.009029329,0.6800215,0.7956551,787.3591
ed7193c0e23b4e5b8b2e81a6fa9bc1d5.jpg,11,40.755159,39.620403,11,40.748854,40.244176,52.548058,3.5370567,0.7382243,0.016191065,0.7241111,0.7946771,52.548058
ed77153662d3492daff38aa246c9d212.jpg,9,54.477609,16.584071,9,53.935259,15.435788,95.98571,4.291025,0.67481136,0.035172284,0.67560816,0.7606869,24.421062
ed8f010463b24b1daf17590a4156b530.jpg,9,54.199624,17.384906,9,54.19818,17.391315,0.44673356,0.44673356,0.80378735,0.057738066,0.76547694,0.957029,0.44673356
edada394fa914141af23a5c422867a71.jpg,9,51.312087,20.988604,9,51.39295,21.102648,11.982071,6.1667123,0.8034475,0.034518838,0.7848918,0.8776703,11.982071
edbd49d1674f400791e6d1e01ee4bb39.jpg,8,59.686158,7.551419,8,59.719045,7.581703,4.0322127,2.1158626,0.8407888,0.016727388,0.813636,0.9551052,17.431524
edf61bab03744a09aff310ffb08c5e64.jpg,6,63.952233,-16.844779,6,63.951738,-16.843062,0.100291856,0.07339915,0.9230223,3.1590462e-06,0.916885,0.94757116,0.100291856
ee329defdd3f4f6b98e2c1e8f6fa218c.jpg,4,45.475836,-1.147614,4,44.204107,-1.214225,141.50749,0.23361653,0.75546956,0.016190886,0.73919535,0.82056653,141.50749
ee34f24a86724ec8a1b9f33b33677237.jpg,9,50.195557,19.791221,9,50.200852,19.78557,0.7130594,0.69492936,0.86476916,0.047822177,0.85102624,0.9197408,0.7130594
ee48a23f1a0b41928ef4841861f04baf.jpg,10,63.820755,13.107238,10,63.819623,13.10823,0.134953,0.134953,0.85441923,0.047420323,0.8306016,0.94968987,0.134953
ee6cedd587624206b7c65c482d252905.jpg,5,50.901314,-0.475208,5,55.885114,-2.653156,572.60657,13.672874,0.5759047,0.0065853596,0.5571306,0.7007146,1596.0334
ee70aa45d38f4bd2a423cacb43588cb8.jpg,0,53.310833,27.234816,1,50.94466,14.703856,893.58704,244.66559,0.6364748,0.0039152503,0.6174324,0.7495854,835.35706
ee7a118a7d674fefacc01ad2dfb649c6.jpg,10,57.314168,14.321065,10,57.618745,15.515687,79.05828,79.05828,0.77589494,0.015205383,0.75909245,0.86760724,657.83777
ee88c1213d984ddd8708e4da381023a8.jpg,10,64.112126,18.99074,10,64.857285,18.840825,83.16851,1.614505,0.84214175,0.019255757,0.83767736,0.8906609,113.060776
ee90383daeef4f2893efc8c6f666b71d.jpg,3,60.492494,25.016808,9,54.317714,22.658353,700.8718,15.913313,0.7119398,0.027994633,0.7110054,0.76669586,1493.7535
eeed583d81f04ddfb8d3e61d41077dc9.jpg,4,48.21973,-3.990445,7,40.912198,9.416038,1334.0591,59.9542,0.724617,0.01662749,0.71876,0.8132701,589.9827
eeeec685b83f43cb8af3c3f7beef86f2.jpg,11,41.515127,27.716297,10,62.147288,17.344779,2395.41,241.63959,0.63273937,0.0034640431,0.6322857,0.7617016,1409.7787
eeef2db395184ef889cb60203e0acece.jpg,7,43.632844,10.598848,7,43.690431,10.468323,12.298226,6.620374,0.7379561,0.074551225,0.72788906,0.7782242,12.298226
ef061a61150d4ac9bdc15a4ff0f72dc2.jpg,1,52.199142,9.139321,5,58.95567,-3.008018,1068.1665,381.44458,0.65900815,0.02800095,0.6446508,0.7356108,1432.049
ef335ef39cdf4c468381f0cd33712328.jpg,11,39.111223,31.173357,11,39.161004,31.254261,8.906786,4.783783,0.6782163,0.013275027,0.66812193,0.7921564,42.478905
ef35ee969f504aac9eb18c4d0190b1ad.jpg,8,58.592525,8.862289,8,58.797884,9.054682,25.396658,12.634225,0.8436738,0.00013899803,0.8162498,0.95336986,25.396658
ef37e0cf457a4597acd34475a7a78dd2.jpg,7,37.749282,14.075514,7,44.236522,9.711035,808.72034,69.07691,0.67581844,0.039916754,0.6737798,0.7373784,884.31647
ef4957f5f0e74c9486a48e551e549796.jpg,5,58.50169,-4.341871,5,58.503842,-4.707442,21.239058,0.4775497,0.82806575,0.0029369593,0.8030546,0.97065675,154.60397
ef5b9d27a7484037b33ddc0568410792.jpg,10,56.808036,14.415889,3,60.571336,23.774094,682.7181,37.40401,0.6605981,0.00074100494,0.670016,0.70417523,457.7298
ef60e63afaee4f8e918194c68a22329d.jpg,4,43.36477,3.17846,4,43.364337,3.178118,0.05552059,0.05552059,0.859936,0.20076227,0.8538085,0.8844458,0.05552059
ef6b23c5bd6a442aaaf8b8737add6dfe.jpg,9,52.937182,17.389882,4,49.28419,0.087559,1270.618,11.320593,0.63093674,0.0061107874,0.6306663,0.72749317,621.8664
ef9cde37c09c45849a3f6ad0923b8a35.jpg,1,51.595042,12.996861,2,40.212322,-0.012824,1612.1677,713.02686,0.6525279,0.0018476844,0.6651522,0.70058113,876.24677
efcdfefffe1c4c91a9c6407ed5932983.jpg,2,41.949002,3.105779,2,41.947476,3.120049,1.1922829,0.049963012,0.76375836,0.04815626,0.7321849,0.8900522,1.1922829
eff62b4956bc41e0a8fbc1c322bddf8a.jpg,0,54.754006,25.96308,0,54.41224,26.048687,38.400993,2.0827935,0.6534335,0.010979056,0.6442751,0.78481925,2036.3315
f0023aa9a3f34a98af05b676dd71ef2d.jpg,11,41.31439,27.680343,7,43.697556,11.405706,1357.809,19.53486,0.73335975,0.025684059,0.7048565,0.84737265,1357.809
f013b7c6b1794f8bb384568965a46bbc.jpg,4,47.190351,5.598359,4,44.521028,1.55325,431.44113,22.76365,0.66894597,0.004878223,0.62320054,0.85192764,431.44113
f01d670f10d24d65b7bfdcd5711de60f.jpg,3,63.081532,22.155151,3,63.103346,22.189698,2.984263,2.984263,0.87574244,0.003994286,0.8585172,0.962582,16.517862
f040bdbc5d1d443fb2ae105c5cef3991.jpg,7,45.96558,9.650088,7,40.039115,15.310215,803.3483,33.336975,0.7097666,0.018056214,0.70148313,0.76116,276.89117
f051c2404c0e43999d97a6accca1f031.jpg,10,66.99638,19.842569,10,67.152421,20.927566,50.09594,0.26513287,0.7922486,0.014587641,0.8021274,0.81205386,2879.045
f05a9a51f4f4451f9a4c216b4bb76111.jpg,4,47.766653,0.88949,5,50.12468,-5.441154,531.2465,178.27368,0.7221199,0.042435527,0.6924623,0.8533937,486.8741
f06926989acc42768350062219aec79d.jpg,7,41.436902,15.589119,7,45.039501,8.428196,704.5288,176.2553,0.6560098,0.017186403,0.6511111,0.7630168,1072.2648
f06977df448f46938511ce925a18c868.jpg,7,40.585226,16.337901,7,40.560951,16.408526,6.547374,5.7566185,0.85700417,0.043826878,0.83900595,0.928997,6.547374
f09e811a0f2447d8b9db7af6af2b77cc.jpg,0,53.579059,23.875464,8,61.093972,9.123456,1212.288,131.91287,0.65802145,0.0040766,0.6222572,0.85023403,1465.5942
f0bfad0068404c04a991aa2d21983564.jpg,9,50.378046,18.303696,0,52.198832,24.3497,466.45798,141.26302,0.70566887,0.048511207,0.68315667,0.814809,281.6711
f0d31621e6fa4b5cbc2110edcdc0edaa.jpg,6,63.480665,-18.551207,6,63.487348,-18.536103,1.0556654,0.76049995,0.9582108,0.009060264,0.9507612,0.9880091,1.0556654
f0d788e624f74c90b873eb9f2a61e2eb.jpg,4,44.955045,4.687367,7,42.689154,12.347071,663.8153,275.51434,0.6506835,0.018654227,0.6505927,0.73327744,1771.5308
f10d0d0c402645fd93675e9c2bc77876.jpg,6,63.522393,-18.474516,6,63.520162,-18.47688,0.27436876,0.12397833,0.9783725,0.0011569858,0.9763451,0.99288714,4.95167
f163cae856c4491fbad63b02d8f15e04.jpg,8,67.102547,15.469368,8,67.102071,15.470053,0.060661066,0.060661066,0.7168063,0.010308027,0.67857337,0.9126476,167.37611
f170c00e3a2b4606b3883d54ca391ca0.jpg,2,39.625408,3.295713,2,39.37136,3.147322,30.985676,8.156344,0.8247078,0.025345087,0.81703883,0.8946317,35.256252
f173dfaef80f434f9a28df9a55041d50.jpg,3,61.180659,23.002175,3,61.197958,22.886557,6.487338,6.487338,0.804813,0.06444138,0.7746047,0.92564654,6.487338
f17402f3fefb443383b3b140c6213303.jpg,11,40.989824,31.202115,8,58.905061,5.727537,2667.65,32.28013,0.72995603,0.010961175,0.7406126,0.7651103,218.41032
f17731e23a524534ba8cf04eea59cda2.jpg,10,65.630805,18.928662,10,65.615011,18.969683,2.574616,0.17351794,0.93422306,0.0074473023,0.92930955,0.9626095,37.844246
f1789cb544df4037aff9f8eb240aa025.jpg,5,55.685427,-2.177211,5,55.613174,-2.110475,9.059832,0.6948069,0.79547906,0.03887248,0.77551246,0.91907316,52.99995
f178c3efaa49411eb24824d0909a8fbe.jpg,5,52.030172,0.795777,5,51.690467,-0.927052,124.19019,37.372166,0.7929979,0.020005822,0.77332336,0.9172674,134.6398
f17a21ef63544e66b94db583fb87a84b.jpg,7,44.455987,12.016259,7,44.415407,12.030543,4.6526365,4.6526365,0.8372047,0.048805356,0.8166568,0.91939604,4.6526365
f197d01d00f341d88149dd8bc992b603.jpg,2,39.640661,-2.331965,2,39.29448,-2.202388,40.06843,4.098822,0.79590803,0.08137888,0.7927232,0.8086473,40.06843
f1ac4750ef15474f8b2149a3e5313fa1.jpg,2,38.763785,-3.178379,2,38.754138,-3.103558,6.5756965,6.5756965,0.8681188,0.06784356,0.856028,0.91648185,6.5756965
f1b03314b6214160bc89cbbea75f35f9.jpg,4,42.198207,8.63871,4,42.20833,8.65199,1.569581,1.0063295,0.7184528,0.055276334,0.73076534,0.73600954,168.37526
f1bb5c1041fc4d0d82782ade6df8489c.jpg,8,65.424406,14.630115,10,65.017095,17.653996,148.00822,48.95442,0.81414753,0.13374484,0.8241292,0.77422076,148.00822
f1bc19889f614a3584814416ff145093.jpg,0,52.216834,29.300354,0,52.586723,29.367822,41.383736,1.2973495,0.72687227,0.009053946,0.7134647,0.7957747,264.74057
f1f4860b8d12402087d5e2976d9f364f.jpg,6,64.28486,-15.057169,6,64.879559,-13.803707,89.16918,1.3042842,0.8189696,0.0036638975,0.79890454,0.9435371,60.79437
f1ff920b924c408fbabcaebbef76c5c8.jpg,5,53.189223,0.288444,5,53.566743,-0.266771,55.84324,8.30161,0.8365262,0.012288988,0.8095617,0.944384,55.84324
f210a2ad9ab44d2caca0a10d16d0ad69.jpg,9,53.485627,16.796975,9,51.521863,23.076633,477.6195,350.65848,0.70527875,0.0067912936,0.71129227,0.766466,431.1406
f215696488c64105ac465a78035d2c73.jpg,3,62.069955,29.92596,3,61.842109,29.733893,27.2525,4.0792356,0.86827046,0.0021606684,0.84138834,0.97579896,27.2525
f23fb20f28af473ab30e5ceaa9132414.jpg,7,40.112316,15.750876,7,40.113997,15.751762,0.20153287,0.20153287,0.8561785,0.02970326,0.83453035,0.9526142,2.7608485
f2a9a8a7173d46da80f0043e52b241bb.jpg,0,54.764447,28.500617,0,55.814003,28.602072,116.882095,3.4988623,0.8335484,0.015751064,0.8080931,0.9407076,87.242226
f2acec6693004d2aae70b8e193743614.jpg,10,56.95959,16.448792,10,57.660029,13.327479,202.96611,58.614704,0.6126062,0.007995963,0.6035402,0.71165115,237.69814
f2aef3e6778c4fb1992a8b856650421b.jpg,11,37.186668,34.867857,11,37.185685,34.868055,0.11070314,0.11070314,0.93407816,0.15861171,0.92742217,0.9607019,0.11070314
f2b17dfb7c9940efbcfa903632a751c2.jpg,6,64.982884,-21.592246,6,65.290541,-21.746769,34.9644,6.949621,0.84773177,0.013689756,0.8282458,0.9256755,34.9644
f2c5d171408547948982ffb26f123e6d.jpg,6,63.858485,-22.42822,6,63.855659,-22.430085,0.3272525,0.24989173,0.7678282,0.07441729,0.7366439,0.8925656,0.3272525
f2cfc0d1fd3a479e88501bc6981383c3.jpg,4,46.609599,2.032052,9,53.176312,23.226686,1676.2076,1135.6111,0.7646317,0.001737535,0.76590323,0.8463552,1522.423
f2d1b4e96c954484a61fceb697c5e46c.jpg,2,38.757073,0.104518,2,41.485077,1.660827,330.93262,83.95466,0.68788123,0.021306992,0.6856697,0.765417,1242.211
f31e138d617a4be38ce5e408710f8ccf.jpg,8,60.242275,5.367856,8,60.24325,5.367878,0.10842195,0.10842195,0.72476614,0.053569853,0.7149279,0.7641189,0.10842195
f3305a79282a402f8c49847780e53f31.jpg,5,55.378559,-1.805386,5,55.310863,-1.948639,11.777402,2.358192,0.7956059,0.01952374,0.7684405,0.93740714,31.634863
f360d4373eec4e04889762cd021327b4.jpg,4,47.993644,-1.201938,4,49.705064,1.963422,299.7191,5.852978,0.72918695,0.00030946732,0.7209773,0.7734053,1469.9636
f36e62f8f746411dac1b170b9b6d4a81.jpg,6,64.416867,-14.587286,6,64.416895,-14.588153,0.041746337,0.041746337,0.9360162,0.011987865,0.92817247,0.967391,0.041746337
f3918e0ce513406bb67d43d12b922688.jpg,5,50.833724,-3.799671,5,50.61909,-4.491216,54.21294,18.991508,0.8403893,0.02635932,0.8168372,0.93459773,54.21294
f391dc748a2044fb892424534fd9077d.jpg,5,52.12557,-1.414392,5,57.327991,-3.698684,596.7017,19.06212,0.7811142,0.0059882402,0.7485077,0.9115404,596.7017
f398218b91ef42ff97cd009c161f9c39.jpg,3,63.141583,29.535689,3,63.67815,26.21818,175.54147,10.559262,0.7119383,0.0016685128,0.6920829,0.8641948,71.31786
f3ce06913a1b415db1ddae865db46908.jpg,11,37.035856,28.358523,5,51.110941,-1.673939,2833.8752,1771.5975,0.613257,0.014850199,0.5867076,0.76841235,3011.5312
f3d68ea3767b4336b1a0e81267832c95.jpg,4,47.101527,5.556237,1,49.400693,10.071153,420.7206,200.93257,0.70954835,0.029473126,0.68047845,0.8258281,420.7206
f3e41942e2f04a779c7f66b9935727bb.jpg,6,64.901238,-23.738588,6,64.901411,-23.932289,9.136227,2.8661308,0.80405325,0.011001885,0.7747277,0.92135537,9.136227
f40995ab153f436baf5694fc261cf6e5.jpg,7,40.716095,8.495644,7,40.713712,8.515494,1.6938509,1.6938509,0.7650184,0.009418547,0.7419622,0.877987,49.117428
f42a635dc0594a4b84075399bfbc3d80.jpg,0,54.558931,30.45421,0,54.554917,30.455503,0.4540573,0.4540573,0.76542044,0.021582007,0.7520053,0.8190809,0.4540573
f4328be6e48c471eb2f58d18b7ffd5b3.jpg,10,56.055586,13.340688,10,56.211379,13.736622,30.033438,15.906316,0.8205259,0.043750763,0.78989714,0.94304097,30.033438
f43e86b5debf44a8ac0bfa78103ea2dc.jpg,10,65.660232,19.860624,10,65.576782,19.246709,29.668503,9.081998,0.86353266,0.020481706,0.86433,0.9076933,74.40743
f48092e150a34847a6630c58f9cae186.jpg,11,40.81573,30.431976,2,37.880116,-0.940902,2702.8157,166.07312,0.7372721,0.010517776,0.72296125,0.85173553,2767.3965
f48f54d961af48cb8d398d0737b34315.jpg,3,63.597622,22.762011,3,63.499101,22.632764,12.688387,12.688387,0.79377794,0.058153868,0.79044145,0.8071239,12.688387
f49e8f542d1b474dbda6ef0a67453d2c.jpg,5,56.771373,-5.021736,2,43.064733,-2.715558,1532.805,5.5459266,0.65514565,0.0026774406,0.6666453,0.75842,718.0879
f4be506630da4d21b46b5d292c10e2d0.jpg,0,55.083097,30.634929,0,53.604489,27.464654,263.12576,1.4051179,0.78162843,0.007716477,0.7492647,0.91161776,15.482275
f4cbe4b268bd4bc8ab643d07e262f580.jpg,2,42.785904,-4.843574,8,62.903278,7.482746,2375.5886,4.965831,0.6096829,0.020948768,0.5959492,0.6646179,2375.5886
f4e0a0c92e314c898ad5fd2311452596.jpg,11,41.092541,36.098883,11,41.090784,36.086901,1.0229594,1.0229594,0.8901832,0.029204965,0.8691177,0.9744452,1.0229594
f4fe5a2f41554bbd81a0e509048b5d34.jpg,5,59.083402,-3.322175,5,59.082222,-3.321316,0.14008783,0.14008783,0.92101884,0.012691677,0.9171996,0.9587662,2.071711
f528a88685c44f3d9e3c54ca5b652eb3.jpg,3,67.489827,24.848709,3,63.782579,29.408017,461.9675,51.583504,0.7960638,0.0063738823,0.78122306,0.8574854,462.34518
f5427fb67dd141f694905ca061308f5f.jpg,6,65.923184,-18.302241,2,40.054278,-3.613566,3022.0974,2244.4106,0.6155117,0.032694936,0.6151984,0.6968893,3341.1292
f562693ba83146c18aae4f11afaf611b.jpg,4,47.121864,0.308062,4,47.107156,0.313831,1.6927193,1.6927193,0.78775024,0.11100054,0.77356577,0.84448814,1.6927193
f57ca2a365194b13ac80453b37e5cc5a.jpg,7,44.297099,7.447193,7,40.89337,14.610598,697.5063,326.4481,0.6853465,0.007883072,0.65342474,0.8260721,663.8175
f582ad89602c42d3bd7bfecce08c9d1d.jpg,6,64.79304,-14.004019,8,58.258576,7.971341,1362.3271,940.01965,0.6535454,0.0072493553,0.65737784,0.7752747,2056.8606
f587e1daa0b7437ba2bd8b0cc8e033cf.jpg,0,54.525192,30.48863,0,54.472024,30.503969,5.9944186,1.4035141,0.93035245,0.068360984,0.91873676,0.97681534,5.9944186
f5b7d6489e0244a092fc61ef65b041c1.jpg,3,67.129748,25.046206,3,67.12356,25.058337,0.8650738,0.7740173,0.95484364,0.0069031715,0.9477227,0.98497045,1.3651426
f5cabc089f1d4977950c694ff2bd37ff.jpg,0,54.473022,30.504516,0,54.511927,30.501918,4.329297,0.116465226,0.911196,0.0155406,0.9030111,0.97330666,0.116465226
f5f272a187824f118717fda93c8f178f.jpg,8,58.378269,6.119991,8,58.37841,6.119521,0.031569563,0.031569563,0.8625761,0.033922732,0.8392059,0.9615109,0.658356
f5fcc0ac8e4c44b085411a5120574a0f.jpg,11,40.950058,27.455203,11,40.874086,26.985467,40.36657,34.627975,0.73610425,0.0124825835,0.7178567,0.83371466,265.67584
f5ffb413270b42ae86a4b46c15bb9147.jpg,10,65.578918,18.557762,10,65.713944,19.332117,38.550217,0.9939526,0.82917905,0.0004746914,0.8006,0.9434954,38.550217
f6090d04543749238eef456862ddab02.jpg,2,39.39569,2.977685,2,39.394493,2.941892,3.078579,0.29849324,0.8900018,0.016801119,0.86787117,0.978524,3.078579
f6129ed314a7430595cd822a2d0a3395.jpg,0,53.074939,25.264171,0,52.028638,23.79877,152.8079,1.8318481,0.6968924,0.014116526,0.6859867,0.78846526,151.62355
f63ab21dc8d845079b834990fc77f078.jpg,9,53.804509,16.139411,9,53.476695,16.56726,46.08882,18.249481,0.6770369,0.015600085,0.67936254,0.709728,1116.533
f641d44e7f4840679e48dd160b65a4e3.jpg,5,56.777113,-3.407191,5,56.796887,-3.430021,2.6015637,2.6015637,0.8713114,0.04340744,0.84681064,0.9693147,2.6015637
f6528e33d8bd4b7b98831b39893ecded.jpg,5,57.46669,-6.184829,5,57.559171,-6.154662,10.44007,10.116287,0.79816306,0.03146553,0.81608397,0.796846,1028.9811
f65eb9ee4f8d4bf6875811e46523203f.jpg,5,50.76747,-0.80844,5,52.407796,-3.614718,266.15366,39.338665,0.6246811,0.0058984756,0.57453454,0.90135384,365.59537
f68f2e4a2f3144b1a962c23e52686d36.jpg,5,53.633915,-0.715546,5,53.602599,-0.735479,3.7221084,2.5036452,0.8481177,0.16426218,0.83575964,0.8975501,3.7221084
f69567b90c804f5e9776daa2ae62a758.jpg,1,51.475156,12.10533,0,53.630588,24.742174,886.0066,168.88103,0.6990585,0.0067780614,0.68809044,0.84315485,1074.932
f69ae7ebe11747b5adb8b686cd7e83fa.jpg,9,53.595567,17.822527,9,50.597929,22.41422,457.5158,38.21195,0.62153745,0.0014550686,0.6251488,0.7950348,888.1271
f6b61460669949d2b63bacd6702ab005.jpg,9,53.363175,20.9101,9,53.778424,21.421163,57.190525,1.2685665,0.68960893,0.025442481,0.66917634,0.77133936,57.190525
f6ef04b61cec4e33bae7d83a5cce54bf.jpg,9,51.706416,21.022276,9,51.69893,21.003915,1.5145565,1.4129124,0.8336723,0.006943345,0.8164548,0.9025423,1.5145565
f6f0b9863fcb44fc907d09cfa564280f.jpg,11,39.99297,38.644729,11,39.993389,38.644208,0.06434739,0.06434739,0.9355207,0.13582605,0.9231343,0.9850662,0.06434739
f71ab43544b649eab10aca9b4f744856.jpg,2,43.263024,-3.176075,4,46.780895,4.141128,695.06946,156.78981,0.72139126,0.033091486,0.6835371,0.8728078,695.06946
f789616761e74ab99a0e44936d66c503.jpg,11,40.325148,27.058559,11,40.395684,26.839398,20.157768,16.501633,0.7806361,0.03674054,0.7509572,0.90542614,17.703247
f86256ada30b4eb7a32fcd4179e24c4a.jpg,1,54.032807,9.529873,1,52.93412,10.331489,133.18365,39.31342,0.76244587,0.0076339245,0.7620206,0.8708721,562.9228
f87095fc0a8941cdac9ebfc12a587f46.jpg,8,59.950803,10.552054,1,51.003275,14.411943,1023.7852,336.64426,0.639457,0.026887655,0.6357226,0.72730446,848.4107
f87f27e8141f438ab7b8c3ec51e4e9ff.jpg,4,44.282114,2.661655,4,46.488668,5.723487,342.55197,10.905461,0.7397878,0.011449218,0.7198837,0.81940454,342.55197
f89410da78684bbfb132faa1d61a7a77.jpg,3,61.691275,29.674254,3,61.647403,29.585908,6.7477107,6.7477107,0.77724624,7.331371e-05,0.76511985,0.8814002,183.00485
f8b6e2a89db2485b925e5cf21b20b949.jpg,8,70.028394,29.130995,8,69.881503,29.343619,18.23335,7.8573766,0.76744556,0.071332455,0.76250184,0.7872203,18.23335
f8d654b8e61b424dbface51d17b20664.jpg,1,47.852998,12.516586,1,47.930142,8.378795,308.59708,13.542995,0.6660595,0.006595373,0.66047156,0.7124715,176.92166
f99c6db607444a53b1c1c7915c14f8c6.jpg,6,63.946051,-18.654935,6,63.970189,-18.739441,4.921673,0.31694052,0.860464,0.08054781,0.844183,0.9255878,4.921673
f9b5e737286d4d1d98a5a97962fc2a84.jpg,10,65.704707,18.746816,0,55.992684,28.646943,1202.4648,1199.5833,0.6768903,0.002667725,0.67354053,0.75862586,1389.0686
f9d083cdddee487d80365345fef908ac.jpg,5,50.631298,-4.09741,5,52.603935,1.057344,417.90982,12.168867,0.69026977,0.005680561,0.6735593,0.8721124,343.4083
f9eee776df1b4313b6feead9179286ad.jpg,7,41.028289,9.096795,7,40.570798,8.341528,81.42137,5.369925,0.6962183,0.0038596392,0.6525783,0.8707782,81.42137
fa301e586bd24c4ead8bb22b52193393.jpg,2,28.436264,-13.87063,11,36.838576,35.627548,4675.5986,178.80711,0.69901717,0.038894594,0.70348924,0.7626289,2796.7598
fa4b3852c8a940e8a540a469bb2da104.jpg,8,62.341655,5.868443,8,62.339427,5.871033,0.28151363,0.11821867,0.757937,0.07881045,0.7563764,0.7641795,0.28151363
fa8a3393e99741099a8c6b5e267eea15.jpg,7,41.167784,16.742211,7,43.523567,11.589749,497.77893,175.89699,0.67391616,0.025637746,0.6695153,0.77448004,603.3878
fa9b6201c8ec4f418b19a795cfa234b6.jpg,2,42.795317,-8.12744,10,57.862884,11.706913,2171.6836,166.6334,0.6461757,0.010534644,0.6622698,0.68862164,2873.059
faa097b06bda425a94038b2373235919.jpg,10,63.7373,16.429167,10,64.811529,17.513959,130.41563,23.193731,0.77809674,0.014106095,0.7701868,0.9394116,564.54724
fac7a9853ef84d20b7f85b93641b8798.jpg,2,40.448151,-5.87699,2,43.376913,-4.516835,344.55,21.32088,0.68551886,0.007916987,0.6679878,0.84987086,770.88824
fad9438989fe4c0db830a3f618ecc352.jpg,2,43.071382,-7.643514,8,61.182745,12.943767,2432.9353,571.81964,0.627374,0.006891787,0.63320065,0.6889631,1031.6725
faea5d0c8df8408bbf7cece638aba598.jpg,10,58.379225,15.896588,10,58.358672,15.930729,3.0310001,3.0310001,0.82912296,0.047335982,0.80303097,0.93349093,3.0310001
fb049a6ff2ca46f3a7e6f41e6cf60f4e.jpg,10,67.838997,20.477939,10,67.844216,20.40036,3.3049555,0.7615522,0.82368326,0.016917229,0.79423577,0.9414733,3.3049555
fb62319755bb4895ab2e0e85b4bcfc11.jpg,1,48.422728,11.878311,9,53.002843,15.012551,554.9081,74.33619,0.73397595,0.037191033,0.73637426,0.7365022,1899.7688
fb91311b4bf14385a5a4266985cb9c38.jpg,5,54.611694,-2.065502,2,43.371682,-5.375104,1272.5784,269.9676,0.6479143,0.0017347932,0.63236254,0.77371466,1265.9117
fba4dac576fa4b9c8e10e3cc6b23eb86.jpg,11,38.81942,30.691664,11,39.084557,31.129855,48.010082,5.320799,0.85710895,0.005325556,0.8262675,0.98047465,48.010082
fbfc26430f454c11b457caa70fed7b93.jpg,2,42.632736,-5.743861,2,41.762404,-1.119712,392.9672,32.792915,0.7754153,0.029223263,0.77542585,0.799298,696.7712
fc4d0780a1ba454fb04c6fccf437f75c.jpg,6,65.539738,-20.340426,6,65.632065,-20.295927,10.468039,7.5727205,0.8943467,0.0002027154,0.8878808,0.9532681,306.32922
fc652b2d5330465e997ede56f55a8b44.jpg,3,66.108535,28.575262,10,61.387465,17.191653,765.4203,61.95926,0.6645213,0.006037593,0.63490856,0.8423456,383.80493
fc6fc849b1ae42fb8c55be4accf4d2be.jpg,6,63.857511,-22.428911,6,63.855659,-22.430085,0.21381545,0.136702,0.91871464,0.10934198,0.9120642,0.9453161,0.21381545
fc709c871897471897a1295017b6a252.jpg,1,53.735386,14.123494,11,38.005073,27.428243,2022.3937,108.89594,0.6430284,0.027840734,0.624843,0.744765,2276.6958
fc9ba81cf924427db7efeecad0684274.jpg,1,47.898262,8.094647,1,49.883692,6.618844,245.71297,55.601376,0.73919064,0.0016372204,0.73450804,0.7945891,271.16974
fcbcde6ddbd34fdba7cc3c73d36e6d46.jpg,1,50.720617,11.021189,1,52.286476,14.281298,284.96875,130.37811,0.7742516,0.01500088,0.75419617,0.85619533,321.89365
fd002b1a083a44c8a49406037b0fbadb.jpg,10,57.652833,18.653089,10,61.66414,16.058122,469.15704,1.1073089,0.7344682,0.004908502,0.696031,0.89364433,401.86356
fd13758d1dab4126bd144644541dbf19.jpg,6,65.652981,-16.791869,6,66.104728,-17.270412,54.736633,12.016731,0.82195055,0.024116397,0.80469066,0.9058544,99.28519
fd4a2d36aaa34c9d8baaaa6424729ab7.jpg,5,58.541589,-4.675013,5,58.52457,-4.683909,1.9616115,0.19001774,0.8496341,0.010344982,0.82497585,0.968842,0.37129962
fd4b91f809864f1dac4fa166fd1b5818.jpg,3,61.701791,22.547687,3,62.373424,21.406026,95.49891,21.992468,0.80462027,0.00065618753,0.7839477,0.9309269,101.56405
fd6a76e1162e40a1b913297da522e4b1.jpg,1,50.12901,9.39222,1,50.134696,9.403593,1.0280577,0.8380715,0.7348998,0.07608175,0.731728,0.75229365,27.484304
fd7d89845e414e449d8f7863425ca63f.jpg,11,38.371648,42.803309,11,40.101248,31.548031,987.5371,0.35577634,0.7598156,0.00047326088,0.7422052,0.89499617,192.23535
fdd0211c5f8443ba9e4b0437b753419d.jpg,4,48.627067,-3.747634,2,43.313204,-8.421903,692.2442,200.79837,0.6193037,0.015560031,0.6317781,0.7389732,1589.0103
fdd1a801a0954281ab4323064d35c925.jpg,7,40.726547,16.474328,7,40.554271,16.271436,25.691042,7.382891,0.82864475,0.028721511,0.82519436,0.8810616,30.413473
fde22f1aac284977b0ff1ed2595d4683.jpg,8,69.376279,24.218811,8,69.37418,24.232841,0.5970391,0.5970391,0.9445834,0.04563117,0.9340906,0.9865546,0.5970391
fe1706636f0f4f13b24e5d26d8ac4753.jpg,7,38.070302,16.142155,7,41.366056,14.023897,408.7751,18.86301,0.7192918,0.042602777,0.7255172,0.766372,780.7101
fe3b8dd41e6f46aca8f3144322118941.jpg,10,61.933335,14.1845,10,61.889958,14.166184,4.9177065,4.9177065,0.90175873,0.0049040914,0.8856137,0.9672604,25.023508
fe4e8d1b09ac4e3ab485a99fd1f48906.jpg,5,55.480661,-2.849588,1,53.486864,8.480539,763.7327,46.513447,0.5949681,0.013579726,0.60344124,0.67478025,549.8726
fe7b5491eff143a1b207d71aa03a61bf.jpg,3,61.677783,22.553686,3,61.802653,24.444865,100.52573,22.491882,0.8634719,0.011125505,0.83998984,0.98021555,41.0496
fea13d2107254dbdac4057b3bf28079a.jpg,0,52.214147,31.482324,0,52.213847,31.490019,0.5253266,0.31331095,0.9212512,0.010942578,0.9060931,0.9818834,0.5253266
fea82439679e464898c4d147bb6062ea.jpg,6,65.724863,-14.871046,6,65.742277,-14.843945,2.298545,0.6116359,0.8693428,0.011815548,0.85841477,0.9310312,102.17578
fec7b475684c48659e2169429c7bf6af.jpg,8,61.517575,6.64354,8,62.239749,7.15377,84.6371,29.805449,0.70700324,0.0044348836,0.6597347,0.92449963,32.709297
fed323884a044fd381577692e7429842.jpg,8,58.345426,6.189872,8,58.336997,6.262142,4.3206897,1.0779703,0.77602917,0.02101624,0.7712895,0.86381716,1.0779703
fed364ef19614a4b8df8bc6a19ef57b6.jpg,11,38.120623,27.345683,11,38.115543,27.348554,0.6181913,0.6181913,0.90486777,0.079055846,0.89529836,0.9431453,0.6181913
fef337d78a2d4946871762dbd6e7e44e.jpg,1,51.467993,7.862728,9,53.797447,14.643786,525.53625,25.576086,0.6890825,0.0043473244,0.6810577,0.7831296,733.32513
ff322aa6fef14abf97d3968c675e16f5.jpg,11,40.864768,26.758173,11,40.887482,27.095766,28.496113,11.159386,0.9104391,0.041841805,0.8978733,0.96070224,28.496113
ff687b1702044507bb48b1ab59332705.jpg,0,55.306854,29.586746,0,55.309685,29.56766,1.2482579,1.2482579,0.95314074,0.07204211,0.9443672,0.9882347,1.2482579
ff9f1101d1c34e7ea86a83329a9db6da.jpg,4,45.034663,0.475515,10,59.998428,14.549238,1908.1448,32.89895,0.65826917,0.009753883,0.67202985,0.6533939,1859.7225
ffd50e847a4a4b80b3ddf237088eb9d8.jpg,6,65.207832,-21.387564,6,65.207334,-21.394387,0.32292375,0.32292375,0.91891,0.05539304,0.9046271,0.9760417,0.32292375
