filename,true_country,true_lat,true_lng,predicted_country,predicted_lat,predicted_lng,distance_km,top200_oracle_km,top1_similarity,score_margin,top1_local_similarity,global_top1_similarity,global_top1_distance_km
000f2b81d53847fa840df9bd0d59f9cf.jpg,9,51.659431,17.800406,9,51.623804,17.772306,4.4106417,1.3857147,0.7212552,0.010898471,0.7262409,0.776013,241.11366
000f306e85ea4f5ca0ba89e76b6d698b.jpg,3,67.673233,24.221374,3,67.628723,24.204512,5.0003805,5.0003805,0.79801947,0.017039359,0.7940583,0.866381,141.95268
003e7647a298476f9a6d86b43aa613f3.jpg,5,52.771584,-2.733232,9,49.388712,22.127969,1767.4933,19.915768,0.62011313,0.020394504,0.60074735,0.6975763,1767.4933
0041ded3d11848a29e1b5f3e2a795dbb.jpg,9,51.776288,21.16491,7,40.014238,8.505446,1629.1659,8.940813,0.69968927,0.024024665,0.6736964,0.8450874,1574.1868
00440e61758940c089a060199d0820d0.jpg,5,50.37843,-4.942082,5,50.337254,-4.643967,21.63863,0.61901873,0.79674554,0.01092428,0.76480496,0.9483238,17.227657
004d6a54456c4568accb522ab7ef6736.jpg,0,53.483668,26.399052,9,53.548595,23.768023,174.09346,1.7539173,0.79235107,0.005262673,0.76629496,0.9281559,160.8905
004e2663dd664c728eee9b671633815d.jpg,7,39.079642,8.418951,7,39.090338,8.387709,2.9471657,2.199689,0.81068593,0.031378865,0.77104914,0.9692329,2.9471657
0050602ff67c4226940f39601ead69fd.jpg,1,51.058411,14.616768,1,47.805091,10.264952,479.31454,15.5805,0.6487601,5.1259995e-06,0.64921105,0.81034553,758.11523
005658d1ba634559a38d1c7ebdbf7f21.jpg,11,39.125923,30.16177,11,39.16591,30.142768,4.7387037,4.7387037,0.8715075,0.08022845,0.85237324,0.9480448,4.7387037
007111be52084672b8eed21fa7298449.jpg,9,50.379338,19.758415,9,51.164924,18.605441,119.178375,21.19355,0.69276005,0.0018267632,0.6655026,0.8330139,76.297165
0087f52cd0b9428b9b8f1576f3bf91f0.jpg,2,39.351556,3.132722,2,39.673322,2.957416,38.810863,0.7568038,0.69414103,0.008660257,0.70594215,0.75250745,5.9221673
00937a4d0d6b4653b84e010a74a70afb.jpg,10,55.735412,13.860623,4,44.224642,2.772608,1501.5206,1.0420785,0.73268455,0.002075851,0.7252059,0.77432036,1472.103
00bf755ac0f84c9d90fc5a4f7ee74ba5.jpg,10,58.281304,12.745366,10,57.692491,18.53034,347.1145,21.479366,0.7097458,0.00814265,0.66196734,0.90085983,347.1145
00d4d532911b4b98a169f0ea1b7a2c3d.jpg,7,46.826268,11.935988,8,61.388137,8.810814,1631.5099,28.359749,0.6370037,0.020087063,0.63405985,0.7088295,1491.9696
00e55fccb2f94dd5aa2e35eb423543da.jpg,5,58.538793,-4.297489,5,58.485135,-6.254417,113.80979,3.804484,0.75004417,0.013540685,0.7112952,0.9085007,113.70777
01204bb1cc974cebb6b59957b76bc699.jpg,1,51.46135,14.74825,1,51.495669,14.680962,6.0230722,6.0230722,0.7951644,0.034131467,0.7745789,0.8854575,72.74513
013dab95aed1425185b471f4ec69f0ca.jpg,10,57.972152,16.238288,3,64.005952,27.423579,899.71454,37.827465,0.6521491,0.020403028,0.63706994,0.82116663,125.75407
01615a38a6d54005a77a7aef896b5b9c.jpg,7,40.534118,17.482498,7,40.780925,17.583224,28.728931,6.371397,0.7694155,0.051027358,0.74203193,0.87894976,28.728931
018a7fe033084603bd87c0a255fcd5a4.jpg,5,57.5645,-4.440971,1,49.802499,7.254314,1153.6222,101.2025,0.8017915,0.03083241,0.7832143,0.8761003,1153.6222
01b8c8b205c6494d998861669217921a.jpg,10,56.885884,14.229187,10,57.618745,15.515687,112.37422,47.945286,0.7162174,0.0073724985,0.72203004,0.8274305,743.30493
01e3915d80cb4799942e0d86839d45b5.jpg,8,70.176525,23.895657,8,70.179302,23.9321,1.4083989,1.4083989,0.97756267,0.007820368,0.97289234,0.99624395,1.4083989
01eab2f6b6bc415b96db6aa460c5b7bf.jpg,3,63.123632,22.698514,3,61.873685,24.507255,167.14742,1.1984222,0.87607396,0.0053305626,0.8561743,0.9694525,172.41722
022f1af55c6443ac9bd4462ec77c28c5.jpg,8,65.832434,14.891018,10,65.292876,16.280486,87.66021,3.618729,0.87222743,0.0019390583,0.8514928,0.9551659,87.66021
024f8bbb735344c2a20ba35ebbd04a04.jpg,6,65.364323,-14.850339,6,65.362214,-14.866272,0.77488333,0.77488333,0.9457807,0.009567201,0.93759537,0.97852206,0.77488333
0286769eb75846c3b56da0fd12ea2c0a.jpg,10,61.664889,16.058077,10,61.66414,16.058122,0.08331897,0.08331897,0.8182063,0.03986478,0.7927322,0.92010283,0.08331897
029301fc439f441b8ae3069a8cde8bd8.jpg,5,52.122193,1.350357,5,52.151115,1.501395,10.79826,4.9229226,0.7407655,0.03455746,0.7023077,0.8945966,10.79826
029e81ada9364b89aa7de702cf506c14.jpg,1,51.044009,11.542572,7,44.850019,8.512352,724.6117,0.4623855,0.6810608,0.00091302395,0.68070424,0.77472115,627.77814
02bd464c45204d89b79820055f487f68.jpg,1,49.734777,11.693424,10,56.201712,13.744897,732.01056,57.406796,0.7340223,0.02139926,0.7046617,0.8812955,711.4215
02c6013afbed4707a6b0c5bfd58bba2c.jpg,3,67.674354,24.220713,3,67.628723,24.204512,5.1199713,5.1199713,0.842437,0.011859775,0.8284653,0.92165685,142.0736
02c6972865ba4b38911fad8198854591.jpg,7,39.046161,8.424981,7,39.058554,8.428879,1.418553,0.6543581,0.74148035,0.011141539,0.7034627,0.89355075,1.418553
02cd0122233b4402b3fcfd4894ef09e9.jpg,6,64.845934,-13.78368,6,64.846705,-13.78282,0.09487883,0.09487883,0.93274987,0.013438463,0.92429936,0.96890485,72.56273
02e0c2065d3449feacb4b0b81eb6e89e.jpg,8,58.999442,6.087284,8,59.194105,6.133937,21.80892,21.80892,0.71170014,0.047620356,0.7123544,0.8399266,1197.8954
031de3dea94b44bd99a7730837ad0bc0.jpg,1,52.249845,7.641704,11,40.989824,31.202115,2176.1729,59.098198,0.6814242,0.010220468,0.69081616,0.68753874,1401.0131
034522568c2b4a1aa0ee9d3cfcd16ceb.jpg,10,55.617004,14.199052,3,63.941637,26.853145,1161.1302,3.7109861,0.6926437,0.0032366514,0.699208,0.7965753,37.801815
034a22002d0d414e9147a873a065d059.jpg,9,51.29785,22.142687,9,51.307027,22.118108,1.9902451,1.9902451,0.72920924,0.055880368,0.7090059,0.82152057,50.96721
038210b687c94694ac5bccdc77a48f61.jpg,9,54.729503,18.23875,9,54.777025,18.237397,5.284926,5.284926,0.65093744,0.026753187,0.6288615,0.7813735,468.77222
03873c399ab0473898be6b7749405297.jpg,5,58.062623,-5.016091,5,58.065262,-4.982217,2.0139327,2.0139327,0.72246414,0.020919502,0.7012577,0.83326244,230.27693
039af00417e34a63a272eef398da30ea.jpg,7,44.415407,12.030543,7,44.43695,12.004107,3.1851726,3.1851726,0.80799824,0.004125178,0.7802453,0.9537188,316.47644
03afa1a25f3740b28637e64ffd368af2.jpg,1,53.454319,8.344698,1,53.45502,8.344848,0.07857792,0.07857792,0.8320935,0.114889145,0.82238376,0.87093246,0.07857792
03f24504e5654a91bb92a7d4fe8845cb.jpg,1,53.439991,8.340358,1,51.502605,14.47499,467.83783,1.6973974,0.65617514,0.0037471056,0.65170693,0.7706812,411.4705
041706580b224db6866e3b762fc2bf72.jpg,3,62.530215,28.540799,3,64.25866,29.170698,194.73502,11.877064,0.8536786,0.0045952797,0.83244574,0.94417167,196.8175
04267539a7b64e52bb6bc5eb0180fdbf.jpg,2,39.485393,3.158413,2,39.36108,3.128669,14.057117,3.915002,0.80495334,0.012804925,0.78075,0.9235173,11.116548
042ebf6ccf084d6eb0d8dc69c49cd455.jpg,2,40.05615,-3.071862,2,40.381443,-3.478168,49.984497,44.1501,0.73537064,0.11324525,0.7344609,0.77653944,493.92743
044d2f201efe46409ea542a3f80be7a3.jpg,7,46.640468,11.686222,7,46.641589,11.682244,0.3282779,0.3282779,0.667898,0.008725107,0.68694776,0.8100373,585.33344
0457cf63deb04551bdae61b497339dad.jpg,11,36.901781,28.273484,4,49.252915,-0.69172,2699.531,2332.6238,0.6650269,0.029505849,0.67041135,0.7575382,2462.5764
045cf067c8d54f42800e777f015cba32.jpg,9,49.3573,19.036121,9,51.644384,16.925847,294.84607,18.85478,0.71374017,0.010260403,0.6944546,0.79088247,294.84607
047473be4af246d6b0657e021857c584.jpg,7,44.559117,7.160927,5,53.170048,-0.828869,1120.2131,184.83353,0.7172942,0.011385977,0.7123981,0.8311374,1138.6401
04d131ec538b46ba8d68de0af396242e.jpg,0,55.16685,30.316846,0,55.167441,30.312024,0.31323043,0.31323043,0.8832294,0.27827108,0.88138616,0.89060205,0.31323043
051ed89945584dbc845e74defa7874cc.jpg,3,63.536019,25.748219,3,62.979075,25.819498,62.032032,6.5479493,0.9163365,0.00012594461,0.9022891,0.9829899,26.108858
0552a2f3597b41e4acb8c7dc460ce711.jpg,8,64.702727,14.059561,10,64.742749,15.802441,82.869225,13.189577,0.7988623,0.024280488,0.8193544,0.7629664,82.94786
0562251be34d4897bb2713ade1341d3e.jpg,0,55.015351,29.406464,0,55.534009,28.755448,70.89726,2.537256,0.89701235,0.005442679,0.8853224,0.95359856,68.172
057da527503d45cfb5bab9d39611fa09.jpg,9,51.654388,21.585578,9,51.581611,21.773624,15.298486,15.298486,0.78369284,0.0029724836,0.81735873,0.80458987,796.57947
05b366f380de4e16af0834b45f54d98f.jpg,6,65.074921,-21.107756,6,65.094961,-21.09051,2.3702714,2.274257,0.8054538,0.0044130683,0.7820574,0.9065515,3.273867
05b6baac717a46eb9a409a5cb5d3e7f3.jpg,7,36.82738,14.532361,7,36.843245,14.457916,6.856172,2.8033764,0.85313654,0.026712954,0.8383728,0.9121912,6.856172
05c63dc4e02f49548153607818e61714.jpg,1,47.517677,10.287084,8,58.097743,7.001151,1196.6409,755.0905,0.63235795,0.0014874339,0.63062775,0.75499725,1232.4509
05f96720d56a426e98f1731fa86088fb.jpg,7,40.170046,18.465592,7,40.784173,16.424097,185.68088,17.697584,0.62379503,0.023050904,0.5962244,0.80925167,138.45221
061c47e7b5f8422a9eabd8bce82ce7e8.jpg,3,65.875342,25.589188,3,65.889458,25.672381,4.09286,4.09286,0.91656315,0.047534585,0.9024621,0.972967,4.09286
06213ba7082d4e4c9bfe58075df5ecdb.jpg,9,54.327182,17.281965,9,54.233978,17.47706,16.364988,13.365096,0.7326964,0.0028588772,0.7055813,0.84115696,16.364988
062ba9f2d82841ec93fc441df69677e2.jpg,4,44.650906,2.271396,11,41.619874,35.574191,2704.17,175.49669,0.6620243,0.006845057,0.6800571,0.7258922,532.04266
0660a5f1d0ab4494b248f4266126f7e9.jpg,1,52.429465,7.036078,1,52.867198,8.070968,85.10723,66.25301,0.7337702,0.0006056428,0.72818685,0.7966708,596.0009
067095dd704b4b368d3e489913525b8a.jpg,6,65.204165,-13.814302,6,65.198652,-13.931677,5.5084133,3.194345,0.71602625,0.0013965964,0.7328894,0.80146694,1185.442
0676cc142ee94ff4a8fe5e890db0a351.jpg,11,39.904398,42.342804,11,40.012655,42.210837,16.474777,15.796722,0.76484555,0.016327918,0.7320498,0.90034467,258.82922
067ae679d02f4287bda87f93198b1cd6.jpg,9,51.503922,23.561949,9,54.160846,17.942825,479.10907,11.972277,0.68525434,0.0073524117,0.65337414,0.81395864,435.2801
068510bd864f4ff2b465cb110c24e44e.jpg,6,65.771567,-17.177925,6,65.556807,-22.410746,240.892,9.800238,0.8147531,0.0071356893,0.8097775,0.8346554,240.892
0693de559a1f4e60a4c7e7ea619de42f.jpg,6,65.99501,-17.378977,6,65.841824,-17.295279,17.45171,13.919938,0.87843037,0.030719995,0.86674744,0.95082796,113.296486
06b275171c56453aba2b0f0db055965b.jpg,11,40.101248,31.548031,11,37.838862,40.610379,822.399,43.584904,0.7454868,0.0033571124,0.71860814,0.8763602,1007.2671
07407d6170c842ff8633e059613ed804.jpg,0,53.399106,27.105411,0,53.397301,27.10569,0.20155771,0.20155771,0.8410385,0.1629101,0.81440717,0.9475639,0.20155771
07458b25a7044a7fb0d6c07f14d72810.jpg,6,64.909716,-23.795982,6,64.912407,-23.800747,0.3741811,0.3741811,0.92185754,0.10454285,0.904699,0.9904915,0.3741811
078236cc48044df7923c03df10a0cabe.jpg,1,51.960149,9.088797,1,49.702115,8.963045,251.23744,164.34299,0.683864,0.015362561,0.6591341,0.86481804,352.56656
07df25b84a9548328ffb16c096efdb55.jpg,4,43.630315,-0.931072,4,43.674455,-0.975548,6.074046,0.40224448,0.8002375,0.021154225,0.8346863,0.77357465,1715.9276
07e09c7c49ce481f8e49b217f1d20617.jpg,5,54.630499,-5.784231,5,54.938986,-3.998698,119.51385,113.20777,0.62252724,0.028106391,0.60459363,0.8446621,447.92004
07eb572d9b384b6cbe4cee9fe9b1dd00.jpg,7,36.815249,15.069422,7,36.816285,15.049098,1.8128871,1.6725924,0.8297189,0.02828139,0.8094514,0.92096627,54.51496
07fdc0a3ad394e6e92290c39c9278332.jpg,4,43.697254,6.851151,4,46.611409,4.889067,358.68054,14.333426,0.6618042,0.013166308,0.66761935,0.7726987,448.81415
081a65cc23014d8b877041aa86ef88a2.jpg,0,54.654211,25.991482,0,54.584442,25.889414,10.167076,9.043834,0.827855,0.013514459,0.8071009,0.9108714,10.167076
0851331bf1014e9c9f758a4be29563bc.jpg,2,39.636156,2.650821,2,39.512192,2.767183,17.013826,2.6824107,0.8364197,0.052886307,0.81434476,0.9300141,38.74434
085bf54b476d454b988952c0ce641fc2.jpg,5,53.547693,-0.01455,2,28.049492,-14.331906,3067.4863,657.638,0.70797694,0.058117032,0.726964,0.7620561,953.9234
0873d00a658c4c1298f52456effdfeeb.jpg,7,45.186569,11.238827,4,48.8325,6.485613,542.22363,14.763437,0.6835644,0.0006541014,0.6773119,0.7350979,417.88217
0888345ae8664ac9b29d053585a8fa68.jpg,8,64.743564,12.846071,8,64.743823,12.846214,0.029587887,0.029587887,0.9343658,0.045372307,0.92068493,0.98908937,0.029587887
08a1453036f94a9887a0a8ce62a226e8.jpg,5,56.98482,-4.873062,5,56.85582,-5.030483,17.234669,6.3161197,0.76582897,0.033118844,0.7561699,0.80446506,17.234669
08b0bcc485d345e6b1a464052512d97a.jpg,7,44.630656,12.240758,2,39.54071,3.237928,933.01874,168.35883,0.6860454,0.004763663,0.67613286,0.8107596,945.4607
08be0ea1af9143899029ca76a7328c36.jpg,9,53.036349,17.428155,1,51.794413,11.596427,418.78653,11.320593,0.7255816,0.034514368,0.73977894,0.71487755,187.0813
08c327273339458e99658b64b96ee7d6.jpg,7,37.338032,15.041791,7,37.320528,15.039187,1.9599293,1.9599293,0.76298,0.011476994,0.73888975,0.88337874,12.03276
08f81d5b8ef944f0a6fd6b0dd85fde4e.jpg,11,36.838576,35.627548,11,36.81889,35.586553,4.254974,3.2842155,0.6649629,0.0036520362,0.6203582,0.8433815,4.254974
091b9952f1714d638b537fa2ff6d1153.jpg,6,65.429899,-20.592736,6,65.42946,-20.593079,0.05132619,0.05132619,0.97214675,0.06348926,0.96679616,0.99354875,0.05132619
0921848fae494c73b87e661567872aa9.jpg,4,48.358327,3.984238,2,42.462881,-3.152802,859.53784,26.607916,0.7038587,0.0046185255,0.69365466,0.81714445,466.21204
0933fe88fc53443489a88c553c0a69d7.jpg,11,37.110762,30.616313,11,37.228447,30.503555,16.464008,5.1485147,0.782969,0.021380901,0.7549157,0.895182,16.464008
096c28b6bfd24895b1e7b5a798359304.jpg,0,55.316826,29.447743,0,55.316556,29.450466,0.1748925,0.1748925,0.87605685,0.02614528,0.8547256,0.9613817,0.1748925
097943d29b294cd0bc4dab8afb128c04.jpg,11,39.227694,33.030882,11,39.446009,32.865233,28.147005,4.1436214,0.8165607,0.036054313,0.80807376,0.8505081,28.147005
0989cb2a60184aeb9a3553303a95fc9a.jpg,10,60.080713,16.013748,10,59.980547,17.157321,64.4892,7.1349216,0.8206439,0.0089741945,0.7898326,0.9612045,51.472057
09a1b6fd80274a3898648e5384f56075.jpg,1,51.788599,12.82498,1,51.64054,12.589013,23.137104,15.61215,0.7879756,0.03572297,0.773383,0.846346,23.137104
09ae5e5717b3459f8e36bda782ba6032.jpg,1,50.497641,12.974836,2,39.704267,3.105209,1425.6902,37.802948,0.59354395,0.0019631982,0.60841686,0.67179185,262.35617
09c2b2161fb1443d9e1e37d46066dd9d.jpg,6,64.369062,-15.312567,6,64.368309,-15.315474,0.16298069,0.16298069,0.736634,0.020517707,0.7292335,0.8257985,257.1904
09e592829b1d4b7d951cecbfc69ef90b.jpg,5,50.59528,-4.745895,5,50.298969,-4.964571,36.405262,8.24548,0.6794157,0.0025673509,0.6717912,0.7901763,70.586006
0a8fc2744333480ba277d7172bd16f03.jpg,11,38.416976,43.233638,11,40.029626,32.880176,909.1473,4.897404,0.6817875,0.0011745095,0.6648416,0.7835825,154.99403
0a9e4bfb45c74d69afa1595cb75794b4.jpg,5,58.514496,-6.259057,5,58.506131,-6.261553,0.94137686,0.24843685,0.85951495,0.002476275,0.8360979,0.9595675,0.24843685
0aa1c10cee0449919576a351ab492229.jpg,8,64.643619,13.837867,10,64.400648,15.64695,90.647896,0.7895035,0.76683676,0.003806293,0.74805534,0.84728944,101.75371
0aa4ffe4e3f844d596c65d3336536344.jpg,5,50.466304,-4.700678,5,50.58229,-4.703927,12.899117,1.2786806,0.85114855,0.0129240155,0.8270411,0.95442116,2.0879521
0ab06fd094e4402e9e9332dbcaee7d96.jpg,6,63.456382,-18.634777,6,63.463021,-18.61233,1.3374684,0.37261337,0.93155205,0.019136012,0.92956793,0.9394884,1.3374684
0ab351d2784b4c0a8600d942274821b3.jpg,0,52.887352,30.670181,0,53.092916,30.511326,25.209738,4.2819157,0.7038348,0.00015723705,0.6929202,0.75326544,68.44993
0ad3f7b27f734671b94f5685342683be.jpg,5,56.189525,-3.204667,5,56.626356,-2.525955,64.05324,29.24102,0.7476741,0.023571372,0.7098674,0.89890075,64.05324
0ad57f08cbdd480a898fa35bbb967b36.jpg,3,65.81924,26.549113,3,67.333708,24.907615,183.35294,44.879932,0.7725621,0.0053541064,0.7856449,0.87610805,599.0249
0aec1cd7de6744e0ad957b6a199dbc84.jpg,1,51.734504,9.775652,1,52.479247,9.679701,83.0706,17.398756,0.64495236,0.007138729,0.66670835,0.6687075,885.6758
0aeefa2e3da14ecc91c0476bf92eb341.jpg,0,51.694168,29.13805,0,51.666827,29.123838,3.1941903,0.028827248,0.95314664,0.006806314,0.94405407,0.9909315,0.60724026
0af6e0b5482745168dc2fa8f5725edbc.jpg,3,67.077335,26.562892,3,67.198057,26.67986,14.343286,14.343286,0.87108076,0.015787244,0.8511439,0.9508281,14.343286
0afc823f538844a1a3ccf522b0ec62a2.jpg,5,53.782007,-2.711086,5,53.781129,-2.710831,0.09905638,0.09905638,0.73558724,0.08431804,0.70336866,0.86446124,0.09905638
0b047691aaa54880bf4aa851d2e6eca2.jpg,5,52.434806,1.466523,5,50.394877,-5.075635,506.9837,13.965463,0.7719371,0.016103566,0.7572223,0.830796,506.9837
0b3fbc45dead4f8a9942b65b5929235e.jpg,11,39.113367,35.665832,11,38.706672,35.454631,48.775105,10.226618,0.6081078,0.02567172,0.6192071,0.6624147,2717.9143
0b526a2aff29442ab50b46210a9a8cb5.jpg,5,59.025661,-3.272149,5,59.093421,-3.321005,8.035635,5.2930083,0.9157936,0.011997402,0.90304315,0.96679544,8.035635
0b7afd8b5db04ae68eb5410a8899b85b.jpg,7,45.411884,7.687384,7,40.90256,16.428411,867.60095,18.827414,0.6792016,0.020920873,0.6657978,0.7533684,264.12952
0b89b2882bf7436e8eca0440582e0a49.jpg,5,60.776725,-0.826717,5,60.777798,-0.826542,0.11968997,0.08981042,0.8777795,0.05819589,0.8723713,0.9171995,235.82684
0ba5031a0621437f9f35df96b2f63764.jpg,4,50.377558,2.089803,1,51.02413,11.217547,646.42926,50.847614,0.67740613,0.0021046996,0.6662437,0.76589155,558.76624
0beed69c7baa43af836c3e9550a57e89.jpg,10,65.635883,19.671551,10,65.641953,19.68753,0.99634534,0.99634534,0.9161766,0.016079128,0.90167165,0.97419643,0.99634534
0bf728691c3e408e934b2f2c1efddb78.jpg,7,39.605362,16.679942,2,41.884146,1.077756,1336.6141,297.9432,0.7024819,0.007286012,0.7128228,0.7722465,1513.1191
0c0be5e4b92146a58350ea47671587d4.jpg,8,68.227348,17.441107,8,68.400193,16.806699,32.386387,2.5215967,0.8094583,0.0009433627,0.7733474,0.97500736,91.91606
0c4d978580384ea397396cf93c9c9fc9.jpg,1,49.205723,7.076011,9,51.590299,21.329363,1042.634,400.0541,0.64266324,0.00069624186,0.6125411,0.7922826,853.87103
0c67ae13e314430aa3fba65cd6a9834f.jpg,10,65.6474,19.698702,10,65.641953,19.68753,0.7932873,0.7932873,0.9047756,0.010367334,0.88596404,0.9800219,0.7932873
0c72149df74043318248fe18bf1b8f07.jpg,7,41.090086,9.234108,7,40.930937,9.36785,20.954678,9.840474,0.7998607,0.0102623105,0.77199364,0.9268261,13.57369
0c8cb221476145e99cd2214b58892ebb.jpg,3,61.473663,24.321437,3,61.457804,24.746751,22.65972,7.8642015,0.7563805,0.03704548,0.71481,0.9295118,18.560968
0cab38b04be143e3b68e1e00185ff1d1.jpg,3,62.924687,21.745879,3,62.590906,22.753056,63.288883,3.96703,0.7257685,0.015209198,0.70044065,0.84663546,207.20085
0cd592f90b2347c7881e892b18d071d0.jpg,4,43.699774,4.537026,4,43.695075,4.540955,0.6105607,0.6105607,0.904017,0.11328703,0.8959305,0.93636274,0.6105607
0d3cf4a38f3a45008a4ac6d8ccdc10fa.jpg,5,54.419356,-3.080131,5,58.556486,-4.706181,470.6986,69.73906,0.68773764,0.011549532,0.68218327,0.78055334,459.08496
0d3d4026bde849df9389669d216d446e.jpg,11,38.607953,41.150279,11,38.203997,41.098747,45.141796,4.5005493,0.84688014,0.0027948022,0.82620037,0.955908,31.637796
0d63848f9a6341d381bdcee6e75004ef.jpg,10,67.423026,22.42199,10,67.730799,20.684616,81.245415,4.8426948,0.86116767,0.021101594,0.8379254,0.9541367,81.245415
0d92a782a296458aa3523db4508a3250.jpg,9,50.638338,18.479008,9,51.591838,17.720545,118.506615,7.8158174,0.6360079,0.01066798,0.6301743,0.7264236,34.62736
0d9ed343104c4f58be80b1b9c4182c89.jpg,11,39.559239,40.033464,11,39.561066,40.029479,0.39746162,0.23065789,0.91310376,0.0042957664,0.89576423,0.9845679,0.41971233
0d9fe9dddb434f9c80de31877b94a9b2.jpg,7,43.80519,10.722652,7,43.8111,10.727295,0.7554323,0.7554323,0.8166165,0.05823636,0.8060745,0.85878426,0.7554323
0dbf5964fd334ed7af85de2e3434cd78.jpg,6,65.89799,-18.067247,6,65.640458,-20.780221,127.06658,0.17902993,0.7259921,0.024122834,0.6841066,0.8935342,127.06658
0dc35990126c49408a55bdd131aa7c1c.jpg,3,64.224445,29.361985,10,65.314309,15.858111,650.1037,54.103558,0.794298,0.033042967,0.8050401,0.89317465,728.94965
0dc41582c308419d9c2247fa71e2ffd1.jpg,11,40.993334,37.875734,5,55.101628,-2.978618,3353.5635,427.4749,0.62992215,0.0029221773,0.6265315,0.7406684,2271.3435
0dd289bf834a456797b665980a7915f7.jpg,4,47.969257,2.169446,1,47.841381,8.709072,487.52805,133.71568,0.6621848,0.013544202,0.6277946,0.79974526,487.52805
0ddae775a65a47e5ae08e3d88bcd724a.jpg,10,63.809388,14.385587,10,63.821629,14.39159,1.3926436,1.3926436,0.86949795,0.045139134,0.848807,0.95226175,1.3926436
0ddb618eb4ee47e48ccd6563369a0eba.jpg,0,51.992676,30.469642,0,52.283926,30.310338,34.161728,6.010697,0.79445034,0.005780816,0.76940155,0.90360624,34.072456
0de387c61ad942608c9e043aba0eb2e8.jpg,0,52.740559,30.777972,0,52.766799,30.759434,3.1733015,3.1733015,0.8519471,0.027811766,0.8363831,0.9292052,4.326941
0dfdabdcf0cf4487881f5c67963c44fb.jpg,0,54.090335,28.270595,8,60.628291,9.900202,1313.0533,5.550295,0.67746335,0.020409286,0.6603682,0.78660357,490.69534
0e22c3256a7f4ecfa30298161e339fda.jpg,1,50.402256,8.233741,5,51.069915,-0.61249,626.5737,529.4233,0.6918912,0.022978008,0.66753155,0.86340785,732.2694
0e24931aaa6a4fb9b95dedead3095361.jpg,10,67.844216,20.40036,10,67.711093,20.740547,20.586044,0.18535534,0.82599646,0.03048098,0.81224847,0.8933151,12.021267
0e32d091580140c5bd99315d84ecbfde.jpg,5,50.128064,-5.566661,1,53.291017,7.742422,980.3321,0.5529276,0.68692935,0.014190853,0.6711647,0.82172626,483.17825
0e39957bedb745a6baa2eba6675edcc4.jpg,4,44.415,5.676949,4,44.173996,5.901285,32.201626,21.98191,0.64989924,0.011045277,0.6152692,0.8292728,156.46901
0e4c3f605f5847949a5a548530eef768.jpg,3,63.017775,29.71258,3,62.98714,29.761209,4.198729,1.320559,0.8720547,0.015442491,0.84799975,0.9682746,4.198729
0e51f7adc09f4118a7f328ecd0f4dd0e.jpg,7,40.977626,14.846478,7,40.997245,14.835634,2.3638036,1.7976034,0.70632434,0.016190648,0.7064294,0.7719861,107.10791
0e7251646da247888031f56b22277969.jpg,7,45.709286,9.873363,7,36.841353,14.460171,1057.4766,224.99876,0.7415599,0.0048517585,0.7494011,0.77612126,985.18665
0e7589d51d8444c4a1ec3fd448bfe233.jpg,9,51.448208,22.497414,9,51.436566,22.366222,9.184348,2.0385141,0.7145515,0.010483742,0.6974469,0.8203441,8.130785
0e9cfb53411c4cbbbca8d17f78910a51.jpg,6,65.723605,-14.778215,6,65.179211,-21.496417,316.0513,8.006915,0.7003082,0.004065275,0.66160613,0.87173724,207.12762
0edfdadbbeea48b6ab4cb7ca42f2dc1b.jpg,10,58.994291,16.608067,10,58.964634,16.605987,3.2998657,3.2998657,0.7695707,0.05819589,0.75586957,0.8243753,3.2998657
0ef93e2fe50b4be2b7112a87d0aae833.jpg,8,58.902235,6.855525,8,58.902943,6.856785,0.10693148,0.10693148,0.77602845,0.09650314,0.76266694,0.82947433,0.10693148
0f0586f2917c4623a38803e4d4cd584d.jpg,4,44.684883,-0.533954,4,50.366908,2.7965,679.32135,0.38497466,0.69048214,0.012380421,0.70686424,0.703912,170.42058
0f5f53aeaa3a4647a85873d42874ced8.jpg,2,39.489617,2.805731,2,39.394493,2.941892,15.766842,0.78695774,0.79806155,0.008640587,0.76388925,0.9347507,15.766842
0facfce8cded4ffeb9a5c0a1d5394d21.jpg,6,64.794654,-14.007301,6,64.788093,-14.005102,0.73694676,0.2374122,0.7715441,0.02948904,0.75246274,0.91044927,227.1926
0fcf8fc120ce422e8a62cf4ee74cda37.jpg,0,54.185632,28.473198,10,57.778784,13.293008,1022.54395,1.2712884,0.6603434,0.0141480565,0.6386736,0.8256539,926.8373
0fdfea930cfb4a079c530c39e6d79b81.jpg,5,55.528783,-3.77206,6,66.087491,-15.163192,1322.0002,1156.9224,0.6796097,0.004244983,0.6565323,0.7923484,1299.9912
0ff0c158d00b4c1cb0da72c3ec70d8ff.jpg,0,52.470551,23.641035,2,36.328017,-5.928258,2922.0076,1930.7263,0.7239268,0.036854744,0.70278543,0.8305502,2247.003
0ff486f5c76c4ae0abd47f8992983fd1.jpg,3,61.420121,22.915087,3,61.115098,23.199209,37.16202,9.905816,0.76768816,0.024324298,0.76013404,0.84904695,54.944817
100f9fdb11654a258be51ab803f32890.jpg,4,46.070583,6.52562,6,65.647716,-23.660239,2823.4038,1332.9509,0.65965813,0.00095540285,0.68525004,0.6406018,2824.7651
1036e28d562f4e70ba1bac8d972c5a95.jpg,4,48.431734,-4.535243,4,48.464208,-4.51439,3.9248543,2.5513031,0.7650917,0.031512916,0.7536894,0.8193798,17.284548
10458cea54e84b62905d630b4b199cda.jpg,6,64.122871,-16.072287,6,64.118252,-16.080174,0.64056504,0.07098434,0.89043605,0.0286479,0.87427515,0.96418715,40.72612
1050ad2a9c30407cb005d78ff61462c7.jpg,4,41.673453,9.31374,10,60.813004,13.428568,2146.3948,848.3025,0.6809794,0.0011764765,0.6466569,0.83129036,1982.39
105acb0b22434bb5b5faef91b9c748a3.jpg,10,65.375874,16.126388,10,66.672227,20.166162,232.51497,2.5131254,0.85439944,0.0012550354,0.8416603,0.93162847,232.14977
107e989adaf747e2a63af0379537ff12.jpg,5,54.47734,-5.980135,5,56.221671,-2.91415,274.16568,1.5763445,0.79205716,0.014741719,0.7723683,0.9209797,31.624088
1086e7de868e432b90b0da06c0936385.jpg,9,50.482034,23.445203,9,50.482974,23.446198,0.12602165,0.12602165,0.85366285,0.0066877604,0.82882154,0.95966256,8.377879
10e471a767734de3958f515f679239dd.jpg,11,37.664691,39.233626,11,38.591998,27.956172,991.17053,6.711305,0.74674904,0.018073201,0.72648454,0.8857342,414.55826
10fa8f97a0df4ff987b96c94aa6957b4.jpg,5,58.034006,-5.23537,5,57.544358,-6.608867,97.93462,1.0129989,0.8366547,0.015993536,0.8205074,0.93485224,209.33101
110296090d874356b7934e53a13592b7.jpg,1,49.26116,9.024749,9,52.922097,20.516812,898.51807,528.5202,0.6350428,0.00488925,0.62587035,0.78819317,852.92816
1143ddc7ebad4839a50caaac1f40cb26.jpg,6,66.128325,-18.895811,6,66.076868,-18.633666,13.12157,4.560049,0.7297714,0.0016665459,0.7173988,0.89151144,30.6588
114c855f17554beeb102c2bceffb1bdf.jpg,7,43.594344,10.734146,7,38.020595,14.05986,679.8955,11.703404,0.74962056,0.0047377944,0.72525537,0.8470813,679.8955
117e56030fea49088898c6fd8b8d19b7.jpg,7,41.914684,15.138913,7,41.923093,15.092242,3.9731195,3.9731195,0.8028672,0.0879727,0.8051908,0.80403715,31.26755
11ad23a90a974866bb533580e1c559b9.jpg,10,57.082063,12.527574,10,57.057636,12.499418,3.2053392,1.7588396,0.6829985,0.03703499,0.6576755,0.78429043,3.2053392
11b20522096f4f43b89e2f8abdc7ba47.jpg,10,55.732714,13.55481,0,52.476774,25.571403,861.52484,14.32835,0.66657484,0.0058146715,0.6658818,0.82255775,307.69742
11c9d87cb56b4552b99b5e9718e98561.jpg,9,53.879468,14.577397,4,45.744849,3.793346,1187.7131,64.88088,0.70185345,0.037866294,0.7146444,0.7086334,1194.1785
11fbedb70d9041cea838f05db34cb8e3.jpg,1,49.889983,6.468276,10,57.37232,13.478941,950.6566,202.14781,0.6754201,0.05723363,0.6575406,0.766395,760.2445
121f90ce52734780904d2b871e33c6ce.jpg,11,36.716015,30.56104,7,41.029242,8.968304,1924.3147,244.4037,0.7321633,0.023800015,0.7392504,0.8323532,1899.5929
12300aa85851487ab61580acf2aff771.jpg,4,44.483317,-1.075284,4,49.696319,0.53088,592.23804,27.74211,0.69484985,0.0013346076,0.6916393,0.7522,712.78534
12885c39917d451981d1f3edbdd7f7c2.jpg,2,38.89953,-7.061542,5,56.124052,-4.038382,1928.2286,353.87048,0.66043913,0.00092214346,0.642656,0.74430364,2034.0612
1290ca17007c4973af2751b257d696d9.jpg,8,64.736661,12.827589,10,65.326798,16.651808,191.08017,1.1896334,0.82646304,0.004388213,0.8054604,0.94284785,29.091122
12d10d7687ce45f0ba4a003cee199566.jpg,3,67.511624,27.950769,3,67.536336,27.925598,2.948832,0.3599188,0.76149523,0.011260271,0.7552552,0.80005324,3.5945606
12d2f21e29ca44119b849d04f5918f54.jpg,3,63.918834,26.879408,3,63.941637,26.853145,2.841871,2.841871,0.8170274,0.04470581,0.7922458,0.9161537,2.841871
12e0994de06943b3aad08914ccca56c0.jpg,10,57.486195,15.026928,10,57.487277,15.025628,0.14322022,0.14322022,0.7696737,0.005307615,0.74683315,0.90467805,0.42602584
12e92672d8174b269b32e82bf492aee8.jpg,11,40.521518,36.14152,11,40.511476,36.146334,1.1884623,1.1884623,0.70217335,0.028154433,0.7127398,0.7734549,551.2927
131ad35c918b4b2cb5aeab4626e03dea.jpg,1,50.590824,6.516806,9,54.686765,18.189703,908.2162,127.604614,0.69083726,0.0041093826,0.666409,0.81745267,1014.1674
132e86f90f9b4e658d9b983b91d30543.jpg,5,50.370888,-4.96314,5,50.377908,-5.028227,4.6812935,2.3317242,0.8193777,0.002945125,0.79301876,0.9457718,21.655802
135b43703f38485b904833b52a0e5d54.jpg,6,66.008617,-22.933184,6,66.008824,-22.933042,0.023896022,0.023896022,0.99172276,0.021700025,0.9909749,0.9947141,0.023896022
1366557290e94d16b2cb1c11849ac392.jpg,4,44.648167,0.591893,1,53.100338,9.429948,1138.8046,381.09256,0.6974722,0.004925847,0.6953305,0.74825525,1018.7673
1368adb8117744ba9ebeca9bfc35dd97.jpg,1,53.860053,10.328226,2,38.93908,-1.759518,1894.5319,140.80734,0.72568536,0.025616288,0.71987826,0.77507806,1897.9752
13a9fbf52dc948829f9fff2f299123e0.jpg,0,54.660839,27.972902,0,54.632202,27.931331,4.1585503,1.0026746,0.87247086,0.07226783,0.84991324,0.96270096,4.1585503
13afc2f382414855947204a0761dc171.jpg,1,50.457342,6.793115,9,51.932388,23.612608,1180.7355,19.945168,0.7286093,0.006245017,0.7227018,0.7893978,1027.8358
13b5b66390494401929817d5521f4db1.jpg,5,54.90549,-7.421203,5,50.135649,-5.307914,549.2512,24.455053,0.7701142,0.002567768,0.75385165,0.882226,343.03525
13b9714998bd4002aeba81dfc96f67e5.jpg,9,53.993526,17.961104,9,53.672103,21.289722,221.31052,26.48947,0.7291102,0.0032155514,0.70226234,0.8907398,124.134514
13c3424698cb4653ae456d4665370a25.jpg,11,37.177751,34.862019,7,37.03828,14.392382,1811.7317,277.7809,0.74805725,0.01997757,0.74209845,0.84134555,405.85443
13c4030cbab54e919d5b4b999ec5e8c1.jpg,9,52.864569,14.793641,9,52.880253,14.812698,2.1627338,2.1627338,0.7780273,0.0065359473,0.76841545,0.8237363,78.2871
13d220ec7c2245969c547a84e7117c99.jpg,10,56.946506,18.154203,10,56.947266,18.157056,0.19256221,0.19256221,0.81977165,0.06689429,0.8017602,0.89181745,0.19256221
13e954455ec84769976cc1c522bfdc24.jpg,8,58.785985,9.04434,8,58.874145,9.162002,11.914437,1.4510922,0.8685337,0.004931152,0.8490583,0.95878965,1.4510922
145a88dacdab46ff96e8c1e5de011961.jpg,10,65.412038,19.402669,10,65.378445,19.451469,4.365477,4.168598,0.85753536,0.038075805,0.8395478,0.94998217,264.12564
146a223c4eb84c7cb4067693886d6cb2.jpg,9,54.613234,17.37637,9,52.681865,22.297236,388.85736,5.5009813,0.73863167,0.00025326014,0.6929382,0.9214055,388.85736
147e994d334047428673e3e3fa8c8740.jpg,0,52.372673,27.460245,0,52.504842,27.474795,14.7296,0.26702097,0.8683905,0.086877346,0.8634517,0.88814557,14.7296
1494b44b14a649f3a355d43c4212f8f8.jpg,2,28.779701,-17.963034,4,42.639294,2.445722,2390.7754,1894.6686,0.6497024,0.0041353106,0.6431985,0.726022,2978.8552
14a63a05f1704e8090b4466db771a220.jpg,11,38.654627,29.007126,2,39.971872,-0.58087,2538.0222,61.817436,0.69136494,0.009424329,0.6659305,0.7931026,2538.0222
14ba830dacfb42ec8e0ecce239a733d8.jpg,2,39.519581,3.287335,2,39.512541,3.281414,0.93314993,0.06648436,0.79235804,0.011930168,0.768105,0.88937,0.93314993
14e45668207e4eacb9bc5994e213dec8.jpg,11,39.594631,39.867247,11,39.554776,40.044032,15.786781,0.38784668,0.8329142,0.006821692,0.81514806,0.93484163,14.51326
14ea88c026994f128bb65ebd890d53c0.jpg,9,53.528839,20.726184,9,53.28925,20.263466,40.62526,3.2223108,0.734752,0.07107562,0.70189416,0.8661833,40.62526
15053bb906a948d8a1ee6b9d8dbeb130.jpg,3,63.220594,28.257878,3,63.835635,29.464602,90.85224,8.4891405,0.82994324,0.00065517426,0.8111939,0.9049407,90.85224
151826bedb124e5f9b06d540f8eb8cc9.jpg,8,60.345641,5.245126,8,60.347274,5.244383,0.18612546,0.18612546,0.7717961,0.07618266,0.75710344,0.8647881,281.5681
1532ea97b99d432ba09b2058366be38f.jpg,7,40.516722,17.325095,2,37.635711,-0.774701,1591.8846,425.5933,0.6515283,0.026480973,0.6551268,0.68235207,1265.9924
15780478756c45d2a93f1121a9a7da49.jpg,4,48.469003,6.925506,1,52.322202,14.20353,670.0585,55.497868,0.70495415,0.01726979,0.7208005,0.74465203,364.746
15a11fb3d97f4b6ca1644f50f849408e.jpg,10,60.419515,14.777305,8,61.936309,13.012515,193.36447,27.22016,0.8247097,0.022808969,0.81307036,0.8714691,141.19318
15a6f89a41fb46a4adc7109ea20459b3.jpg,8,58.908369,9.299821,8,58.907531,9.298824,0.10936364,0.10936364,0.8419859,0.09141278,0.81859505,0.93554914,0.10936364
15ae0f1a290d4d7295ff57c5f8f20660.jpg,0,52.219565,28.526037,0,52.223114,28.797792,18.516016,1.9885304,0.84848356,0.03436899,0.84880924,0.8471808,18.516016
15c7be2c77264c8f8873098658dcd02f.jpg,0,51.649546,30.440048,0,51.648639,30.4409,0.11673445,0.11673445,0.8978178,0.0019505024,0.88208616,0.963923,9.355126
15e21b9c70c44e48a2146354f1609f60.jpg,8,59.982818,6.565605,8,59.973889,6.572586,1.06612,0.16130823,0.835652,0.04896748,0.8014497,0.9724611,1.06612
15fd31d2aa5e4460bf11f8f1b603289d.jpg,9,52.399153,20.160652,9,50.62943,16.827918,303.11197,54.94265,0.73999673,0.008633137,0.74341595,0.7263199,303.11197
16416931b1cd4f37a2af64b7b80fe286.jpg,4,44.591233,1.959399,9,53.312511,18.594576,1547.8853,1.6720343,0.7154648,0.0472548,0.7506931,0.6515686,677.08325
1653f793a6964b2095846cd87714867d.jpg,8,70.407415,24.492517,8,70.405211,24.488382,0.2895442,0.2895442,0.9500667,0.01248467,0.9393633,0.9928801,0.2895442
16bd673a39e14138a9a80358dff79028.jpg,2,38.315256,-0.662891,11,37.715281,30.255341,2696.696,1302.971,0.64156747,0.0056412816,0.6459878,0.79042387,3162.079
16c5722d6d254c35907c3959363fbd7a.jpg,8,61.516928,10.189771,1,50.327647,8.910874,1246.6804,210.97815,0.6533982,0.010847092,0.6529694,0.7331636,1395.9755
16ce42a32615444b84ab498963a49e27.jpg,9,53.702436,20.417915,9,51.581611,21.773624,252.93231,11.086914,0.6693107,0.019815564,0.6568232,0.7573918,126.06686
16ef83dfb5304587b79f6266c619c627.jpg,3,61.113465,23.177325,3,62.314962,22.883705,134.49303,1.1894271,0.7671683,0.006603658,0.7409385,0.90192854,31.655905
17ad32a9078242e3960f0db6d6a5277c.jpg,11,40.995947,34.647819,11,40.750908,36.348152,145.53635,3.9076154,0.8586212,0.00069761276,0.83219767,0.9671179,115.62758
17b68c2d97e14cafb5be6db15df1d4b4.jpg,8,58.244105,6.851828,8,59.553484,5.276927,171.39873,3.1756735,0.728114,0.03813207,0.71539795,0.8142925,56.602673
17c0673a827143429d381e216f3e6bd6.jpg,11,41.105806,30.533168,5,50.14588,-5.30686,2929.262,1563.9562,0.5951989,0.0031535625,0.5888299,0.67321503,2511.0005
180037e5904545158a714dabc833029d.jpg,11,40.191378,29.106164,7,40.66264,18.011801,939.9213,903.03064,0.5882147,0.011999726,0.5704144,0.68871564,2814.3804
1809aa7059e04f77a86ae9a1430c43a7.jpg,3,61.021183,23.171153,3,63.015746,21.531076,237.69984,0.52219915,0.71880794,0.011723757,0.70153326,0.8464439,0.52219915
1812b172a150450488e5a12acf576cf4.jpg,0,53.200885,28.69736,0,53.200141,28.697516,0.08337914,0.08337914,0.89143515,0.06154722,0.8680953,0.9847946,0.08337914
18259e2d52c640a5af5bd03847d31d70.jpg,4,47.135262,-1.581232,4,46.379075,-0.868508,100.0892,21.298363,0.7406125,0.06665552,0.7330381,0.7909949,343.7915
1830540b7da44bbf94161bd85fdb6643.jpg,1,48.790758,11.354066,9,53.746728,16.614275,661.1236,21.297174,0.7545981,0.055815756,0.7495408,0.774827,661.1236
184737b688a2440d8b77299c8fe1f995.jpg,7,46.815696,11.729931,11,41.444897,31.81685,1704.9248,227.40443,0.6200006,0.008341849,0.6018926,0.7886189,1706.2239
1863f05e9ba24f8f986b914bf6739e2c.jpg,5,52.327509,1.494786,5,51.965122,1.209108,44.76285,39.098927,0.7949146,0.0240646,0.7798757,0.87964916,539.52985
18bbc04577124333b21fd7f446f7463d.jpg,5,56.798628,-5.803022,5,57.507617,-6.557777,91.03304,18.02392,0.72833884,0.014677107,0.6980934,0.86534077,18.915882
18bea262518c4d31923af173066355f7.jpg,4,49.302571,-1.263666,1,52.585376,8.61791,781.73615,40.760708,0.6785825,0.016721964,0.6850444,0.78146803,376.0021
18d5d71c8a024263b1e77a1ef47e524b.jpg,9,54.449775,17.316472,9,54.451978,17.244233,4.676592,0.36036906,0.774618,0.037754297,0.7515822,0.86676127,4.676592
18e0800882064bc698f11858293cf119.jpg,11,40.746184,30.367363,7,45.134925,8.486188,1840.4115,21.269419,0.6840753,0.0065876245,0.69528973,0.74342775,1859.554
193b36805df748c394f61dfede85a735.jpg,10,59.086278,15.035517,8,58.189005,6.736159,490.205,211.23775,0.669957,0.018791795,0.6882839,0.7066237,1286.9913
197d231507f9448f89c1469d0422e133.jpg,3,62.586774,27.051338,3,62.583639,27.03097,1.0995133,1.0995133,0.82491666,0.054633975,0.8290454,0.8084016,1.0995133
19a1eb53b48549698ba29db113655d3b.jpg,2,41.762404,-1.119712,2,42.075879,-1.640609,55.42977,2.9541306,0.7959673,0.011054456,0.7644603,0.92199504,55.42977
19dad164f8c44cd7a55b9afc258289ff.jpg,3,63.921099,26.877818,3,63.941637,26.853145,2.58243,2.58243,0.82596135,0.06727588,0.80865127,0.89520144,2.58243
19f752c77c584f77b2ba6d999b3cbb8c.jpg,5,57.465333,-4.520768,5,55.994247,-5.205006,168.81633,8.954263,0.78668237,0.016098022,0.75174904,0.937755,85.33871
1a0abdfd981b46338093a1cefc1b32a6.jpg,7,45.255009,11.304303,4,43.467876,3.342624,663.0691,156.92482,0.68711436,0.019153714,0.67565066,0.81909585,515.55133
1a1ce7b5facf4db39f51a052afb86d46.jpg,2,42.949435,-5.020833,7,38.020595,14.05986,1699.7296,49.932053,0.6985478,0.0027952194,0.6915577,0.7773954,326.38324
1a62516cd3c24fe6963d75d1883b47c3.jpg,7,40.215792,9.009714,7,40.23505,9.038557,3.2529738,0.723516,0.8119246,0.034341693,0.82246107,0.8944942,1575.0784
1a72b3faaf0044e58fbd1f8b0b0a3ffd.jpg,5,55.761881,-2.764451,5,58.234758,-4.480909,293.9422,6.8313584,0.7481957,0.0035256743,0.7359931,0.8984804,78.314026
1a80cc1b924e47bd84923408ee2420a4.jpg,11,36.535977,33.454614,11,36.536438,33.454857,0.055668842,0.055668842,0.9103937,0.036440194,0.8998288,0.95265335,0.055668842
1a9f78d5e941420a86aea2f95d4feaf9.jpg,9,53.829135,16.141221,1,49.447038,8.782049,703.1407,6.345961,0.7471867,0.0011956096,0.75324446,0.81500804,269.52625
1aaa07ee406a42b2a6ad6c518bb25d1d.jpg,0,53.142493,25.946456,0,53.247073,29.444726,233.30937,18.501425,0.6419926,0.011349142,0.6336229,0.70800346,121.916245
1aefe08adafe461a9b1048da67936ce1.jpg,6,65.804252,-17.566427,6,65.807319,-17.563097,0.3732744,0.26785532,0.96016157,0.047056556,0.9531542,0.9881909,0.3732744
1afc891a42de4ece87248e812e486334.jpg,9,53.057406,19.086073,1,53.228681,8.657322,695.2099,84.1539,0.6480006,0.007846355,0.6333835,0.7500552,362.19052
1afcfd1da36b4b54bfa43fbf41407cf6.jpg,9,51.216945,18.478352,9,51.216971,18.478096,0.018063197,0.018063197,0.92871654,0.12392759,0.921673,0.9568906,0.018063197
1b108fbd198f4490b0d9803de55a1026.jpg,6,64.154045,-21.782347,1,49.864969,8.85714,2400.869,27.128105,0.61220545,0.039506316,0.6304944,0.6551344,2436.0076
1b15f16bea0d4a38a149b286da48bae6.jpg,4,48.997651,2.283905,1,52.905445,10.719542,732.71216,338.47385,0.6609226,0.000109136105,0.6592405,0.77592945,532.2811
1b1f46f7d36f44ccb6c3f58f93903975.jpg,4,48.570357,6.70657,7,45.321351,11.377238,506.00735,33.355656,0.66281027,0.002168417,0.65896004,0.7549468,561.186
1b35ce19b2d2413596c221d3dfdd726a.jpg,1,51.711139,6.681668,9,52.381076,21.122096,988.7007,593.35803,0.78976214,0.017256975,0.7825668,0.8999913,666.01447
1b6c9f70ed2b4e78b135c1fd3aa24d46.jpg,2,42.558481,-8.791144,2,41.627697,1.028547,816.3631,51.255077,0.701736,0.026075304,0.69273937,0.8190652,1092.8513
1b8af057636f458b8a4fddb7a9a6ba91.jpg,8,59.311433,10.883806,10,56.75834,14.918567,370.01257,12.44467,0.63844264,0.00065112114,0.6382922,0.7523192,1208.4989
1b8b5d169082433ebf77864ec7a68846.jpg,3,66.895091,25.386463,3,66.89668,25.382701,0.24117157,0.24117157,0.8816029,0.0127719045,0.8633697,0.9650867,83.95468
1b9b5c2d52a14e1ba57d45d088b4a32e.jpg,10,64.46754,21.088204,10,64.512091,21.062322,5.1065536,1.594975,0.8557385,0.00823766,0.8493062,0.90501434,24.489262
1b9b9a08ca9242409a9d8daa64a6ddef.jpg,4,45.218003,4.133522,11,37.605583,34.741028,2670.3975,80.36437,0.7805381,0.004458964,0.77072394,0.87281835,2582.3704
1beb6e3e973b43b3b4cc09e9e80dcdae.jpg,0,52.218979,27.866041,0,52.256911,27.858082,4.252528,0.12115156,0.8866813,0.024832606,0.8666077,0.96804494,19.213142
1c0d3bd4076c42debb89c11a8a2183ed.jpg,10,65.442824,19.37279,10,65.410185,19.684866,14.880255,0.96694535,0.7931856,0.021811247,0.77747273,0.8886106,264.88205
1c4ba0da46654553b30a078691683afc.jpg,11,38.249584,41.022659,11,38.252436,41.018467,0.48432046,0.115041845,0.85775506,0.012718201,0.8343525,0.95433486,0.66207665
1c57297f019b4f49af175bca51635724.jpg,5,53.569661,-0.703453,1,51.536783,13.971422,1015.6026,610.9495,0.6327865,0.0274086,0.617133,0.728166,943.92285
1c773941c35248d6a5ebd8345ac0294e.jpg,8,64.335762,12.338559,8,65.024836,13.264094,88.36115,6.8150754,0.8478472,0.0073370337,0.8215716,0.96664894,209.80806
1c7bd8b432614d6180b53b6da3a747f7.jpg,6,65.40495,-14.648295,6,65.405577,-14.647046,0.09056442,0.09056442,0.9574255,0.026857615,0.9491031,0.9907146,0.09056442
1c974bf2f9cf46b8ab6a6b394386569e.jpg,4,47.748205,3.569187,0,54.736175,25.831063,1723.3884,180.62096,0.6245468,0.0039401054,0.59863853,0.79186076,1712.7843
1cab2bcc4dfd4e02a2c2948ec0f09b23.jpg,0,52.359167,30.632976,0,52.831895,29.388148,99.157646,15.12826,0.87821007,0.020108283,0.85859,0.9566904,99.157646
1ce88b9aa9b84831b9d42fecc6123b6e.jpg,6,63.544487,-18.452315,6,63.541887,-18.454265,0.3048198,0.11185223,0.95621467,0.004797697,0.94770926,0.9902361,0.3048198
1cf6521376c944bb8a70b99f463b0f12.jpg,3,67.629286,24.270961,3,68.352694,27.392649,152.91846,0.27399322,0.78667396,0.004077494,0.7437537,0.95835495,152.91846
1d07585c3abf4331b772268d3997ed72.jpg,2,28.782205,-17.764522,2,28.777887,-17.763926,0.48364112,0.4629568,0.7700789,0.08780384,0.75663114,0.82387006,0.48364112
1d1e872c3d24497b8c2ab349f44d318a.jpg,10,63.996555,15.276591,10,64.317758,14.93895,39.287006,8.994072,0.89300776,0.042271852,0.88381785,0.92976725,39.287006
1d21bf6d85ba464697ce22758e9cb91d.jpg,0,53.666497,31.646924,9,53.799178,20.078828,760.22235,24.943285,0.74304104,0.03706956,0.7481752,0.7517392,1318.9209
1d2b10ce194440b0b73a6c0c2ddedde6.jpg,1,49.087048,12.401995,1,51.107727,12.599637,225.13116,81.38105,0.6850925,0.0032199025,0.6677063,0.7546371,225.13116
1d4c37e2338d4d4aa66457590797eb71.jpg,9,52.225771,17.352686,9,51.216971,18.478096,136.35117,24.467915,0.73672783,0.008052111,0.76096565,0.8197159,275.2584
1d60e58ff6ce494892f19b38dd4fd7d7.jpg,8,60.817826,5.821557,8,60.81791,5.820652,0.049947765,0.049947765,0.7782231,0.06881851,0.7678298,0.9069258,983.06366
1d746a2d34a9414a9f443e27db0ac999.jpg,1,52.989853,12.135383,1,53.463519,7.556725,309.24814,11.238986,0.78732556,0.008910537,0.76439154,0.8969393,225.83943
1d75678432a24119969c308f8560be05.jpg,10,64.10472,20.746451,10,64.07138,20.786963,4.1974673,0.56133527,0.81347096,0.05229497,0.8036323,0.86570215,1.7605313
1d8641511ae24dc7b36194f8703356be.jpg,0,51.990212,23.905724,0,53.032695,25.655488,165.69786,8.476112,0.7260838,0.010111988,0.6911576,0.8668968,296.343
1d89727a3a74485699b5b58c8627e69c.jpg,2,28.078552,-14.490019,2,28.08008,-14.482755,0.7326239,0.61516154,0.95387864,0.027991593,0.9449317,0.9896662,0.7326239
1db0d2ebba654419a77bb8d97b0b7367.jpg,11,39.794864,42.554342,11,39.601147,40.184913,203.85371,17.281433,0.71431255,0.013848722,0.6847762,0.8324577,203.85371
1dba87f3350b48fc8f9be194ba77eaf7.jpg,9,53.870583,14.615887,9,53.879826,14.621169,1.0845364,1.0845364,0.8406559,0.06460458,0.81683856,0.9359251,1.0845364
1df38751a4074de9bfc98d16122f8c6f.jpg,1,53.771216,8.988784,1,53.782348,9.30698,20.944868,1.6456571,0.73659563,0.01703906,0.7166307,0.81645507,20.944868
1e05018096f64f4d8a121176569b1f4e.jpg,3,63.189667,30.520425,3,63.220144,30.400445,6.903291,0.18970646,0.8448476,0.029387057,0.8191785,0.947524,6.903291
1e10fa10a7064203ba733351ae554abb.jpg,2,41.518674,2.125268,7,37.855,14.943735,1168.6671,103.458954,0.636661,0.016743362,0.64115155,0.6397438,1193.4933
1e110a49a9b54fb4aaefe70e2d50af1e.jpg,6,63.486053,-19.339861,6,64.610841,-21.813335,173.55406,28.870619,0.8729972,0.014762461,0.8520901,0.9655475,242.94951
1e12ae57e3e04008a2afd408b4d28ef6.jpg,2,41.188478,-4.449763,2,40.49764,-4.676647,79.153076,33.11165,0.73547757,0.02154851,0.70903194,0.891565,44.088627
1e29784c2af042e48a65fd7ec74b9566.jpg,7,37.804739,15.132168,4,45.134991,0.538277,1460.3536,0.40772018,0.71225226,0.012313187,0.687369,0.81178504,1460.3536
1e2d3ce2259e46e0a03b1bb46356189b.jpg,9,51.732649,19.625978,9,53.47703,16.187632,302.4893,111.11681,0.71017516,0.0046235323,0.7012435,0.8512412,325.29156
1e546cd54a884802940d272705e35dae.jpg,11,38.781083,35.457113,11,38.784368,35.455759,0.38366753,0.38366753,0.7721095,0.08131462,0.76165056,0.81394523,0.38366753
1e6434e49445414cb0e4e87700768f5b.jpg,5,58.216315,-4.999203,5,57.488961,-5.28596,82.63842,16.82591,0.7752059,0.02115196,0.7671635,0.8836482,226.24576
1e806095c728496596d8f2619344b1e9.jpg,5,50.127402,-5.308162,5,50.14588,-5.30686,2.0567572,0.7059065,0.7927555,0.018835366,0.77463067,0.87163955,0.9171962
1e86614717af4d51ab60a153137e59aa.jpg,6,66.099395,-16.883186,6,66.091412,-16.831575,2.489143,2.489143,0.88008565,0.025832772,0.8627764,0.94932246,2.489143
1e8df7fb644843b3bb87fd858df59e42.jpg,6,64.836218,-22.847459,6,64.835899,-22.80558,1.9804084,0.8008583,0.8876063,0.0120790005,0.8702295,0.9700257,52.24519
1e98cea4e6d647608a81cca8005b0965.jpg,0,52.523961,24.853925,0,52.169271,23.93522,73.82249,3.9431791,0.85545945,0.010597229,0.83872867,0.9502437,82.79639
1ea219378a264ddb95a9a4de7e212d2a.jpg,2,41.947661,-2.942214,2,42.062302,-3.427818,42.100487,14.309874,0.6689144,0.01454246,0.62311846,0.8661171,219.58595
1ea4e291609e4142ba943053312b21af.jpg,10,67.246662,22.877631,10,67.257289,22.747307,5.7267566,5.7267566,0.8351383,0.052588344,0.79838103,0.98216724,5.7267566
1ebd42d4b4a443c9a9394bcbb80e88d9.jpg,2,40.815562,-5.83758,2,42.105874,-0.171407,493.37115,22.934479,0.68723935,0.018702805,0.64578384,0.90233225,642.13916
1ee802b93da6455e87f25816e84387fc.jpg,7,46.670729,11.20936,7,38.74428,16.481695,980.4625,149.46477,0.63379526,0.0021660328,0.6319605,0.7573088,1034.1869
1f27bf5ecf6246879f379df68b573d02.jpg,7,44.750111,10.916461,7,44.741579,10.914752,0.9582689,0.9582689,0.6564446,0.009424746,0.63746166,0.7736276,199.409
1f387df6029d4767aaa307150f83cec5.jpg,7,36.851197,14.637094,4,44.360411,0.716375,1438.4152,32.112858,0.71489084,0.023897707,0.71663463,0.7714981,1440.0598
1f4c2f00e4f34d83989ce75320c19bc4.jpg,11,37.832534,39.669233,11,37.78384,39.490982,16.569288,16.569288,0.88428754,0.03776115,0.8679179,0.949766,16.569288
1f6cc3115e804c5eb2e0735d212eb61e.jpg,7,37.956651,14.954485,7,38.038435,14.990761,9.633518,9.633518,0.68129873,0.059552073,0.6991362,0.69260466,400.18665
1f6d477439f04d47af39522411e84c35.jpg,10,59.979023,14.61904,1,53.037142,13.040981,777.8943,126.49604,0.75783795,0.02837038,0.738255,0.8361696,777.8943
1f8c3c79465245299140077597121835.jpg,9,54.721762,18.31907,9,53.360994,19.775542,178.70511,8.380996,0.6811687,0.0025924444,0.6931888,0.73134106,487.21628
1fae1d5dc1a349eabd5f25809431c4f1.jpg,3,63.125484,22.46882,3,63.103346,22.189698,14.249475,12.711119,0.8680633,0.021782994,0.84546566,0.9584538,14.249475
1fb03553d15549d98122a2a3b8172cb6.jpg,0,54.725033,30.433098,0,54.659489,30.436626,7.2916965,2.9946537,0.89702225,0.035369873,0.88131815,0.95983857,7.2916965
1fb46dbb61654ab99dc6deb75f180721.jpg,11,40.157735,25.818914,11,40.148921,25.929809,9.475653,9.475653,0.83133453,0.08311373,0.8068594,0.9292351,9.475653
1fb59fc6c4ee44b9bbe3a5db8ceab7b8.jpg,6,65.988457,-22.943558,6,65.916609,-22.965922,8.053153,0.091759846,0.9121488,0.04847467,0.89207983,0.9924245,8.053153
1fc2cb4d5846440aa291c55a14b1d78c.jpg,0,52.351118,27.455812,0,52.665017,27.459763,34.90505,0.24195606,0.8336701,0.011352479,0.813047,0.942314,13.07547
1fd682ff04da4dba81cca31268661f17.jpg,11,37.434354,30.554588,11,37.912698,30.488287,53.50862,8.581131,0.7953118,0.04072392,0.7910983,0.8310911,170.25665
2024c5b3ad014d25a59eae2ef7a4872e.jpg,7,43.476839,13.638583,7,43.485511,13.633364,1.0522149,1.0522149,0.72574484,0.042054236,0.7574635,0.7575872,1769.5269
2053eaf0a64141c9b0db0a9e8a99c1aa.jpg,5,50.640768,-4.26931,5,50.186519,-5.122671,78.787415,11.543078,0.6934702,0.0069568157,0.6524054,0.92626905,26.711355
207692800fc14a8fb1825ad2f07e1b87.jpg,0,54.58316,30.447457,0,54.614456,30.438109,3.5316734,1.4730414,0.91998225,0.04150933,0.9032687,0.9868365,3.5316734
20769741711f4702ad1ce8ca997b6235.jpg,2,28.067931,-14.415897,2,28.070307,-14.420452,0.5191714,0.22022362,0.9033458,0.017969072,0.8873218,0.9674419,0.5191714
207beb5072f243fd996c32af758d8297.jpg,5,56.796887,-3.430021,5,56.8077,-3.446426,1.5630774,1.5630774,0.8225147,0.010851145,0.79553175,0.93044645,1.5630774
207e5dd876cf4189b0120a09dda56a56.jpg,9,52.560982,21.082013,9,52.806897,21.16421,27.900232,5.368252,0.70400363,0.0019564033,0.68529284,0.8823538,256.45544
209b7df6f079498295857654e0702cc4.jpg,0,52.018814,26.3394,0,51.951409,26.516594,14.262605,0.73769754,0.8489674,0.060005784,0.82157433,0.9585396,14.262605
20b7071ffc9a42f787c39b898eceeb45.jpg,0,52.691053,24.356228,5,57.492314,-6.359089,2006.8784,220.82077,0.6809774,0.015417457,0.6924845,0.74149203,2016.8088
20c1e9fae6b941b5a20b84ee27481505.jpg,2,39.395902,-3.503788,2,39.057861,-3.375256,39.185062,26.671452,0.8638743,0.010190845,0.8425342,0.9657091,84.275925
211478e6f3634f38b6fd5829cdf88256.jpg,11,38.263719,40.958063,11,38.271251,40.949277,1.1356893,0.3603209,0.8768706,0.027764738,0.86084265,0.940982,1.1356893
21177040b2c8461fbcf39484c253ffda.jpg,5,56.07602,-4.826197,11,38.443244,42.320859,3957.5261,0.7602941,0.7373982,0.015429258,0.7811345,0.6960365,3842.1692
213795ca7d334f42a5af9cb925e002b6.jpg,1,50.748791,7.392092,6,64.182632,-15.822163,2016.45,71.375565,0.67296636,0.008666098,0.7120943,0.71819353,271.1434
2145a302fc124d459434bec351823b0d.jpg,9,51.235949,22.498242,8,62.543071,6.124773,1593.5262,526.55444,0.6103616,0.025974035,0.6208971,0.69358623,1173.0754
2148477040e348bfabaf893e98b16f63.jpg,6,63.569645,-19.864772,6,63.569448,-19.863883,0.04915162,0.04915162,0.971176,0.22943437,0.9661989,0.99108434,0.04915162
216796a5d5314babbb60b042717c7ac1.jpg,10,57.264275,16.142632,10,61.487966,15.834431,469.9766,225.47952,0.6528483,0.008744955,0.641415,0.81598306,636.15765
219fed205109418aa416b72f8898be80.jpg,2,28.108701,-14.388042,2,28.055768,-14.36334,6.3652525,5.237101,0.7993194,0.013949275,0.7784854,0.8826549,6.3652525
21c17419bcd5433c932d1c94331134c7.jpg,5,52.09825,-0.927417,4,46.601816,5.636847,773.69745,19.229898,0.71966195,0.03227353,0.7188778,0.7917417,770.37415
21da9f65b80242feb060a74892c3cd6a.jpg,2,39.122062,-4.133688,2,39.564296,-4.236263,49.95911,6.851916,0.8023194,0.0006817579,0.7914324,0.85950375,216.48425
21dbe9982ba54bad8603ae669580c1ae.jpg,6,65.451073,-20.564271,6,65.442743,-20.580636,1.1957082,1.1957082,0.9350534,0.017660618,0.92558396,0.97293115,1.1957082
21dda74df71b4f1ebc3cc5eaa4025eea.jpg,1,50.963286,14.933365,11,39.082056,29.463706,1739.9269,671.59534,0.5791444,0.02582866,0.558537,0.72344196,2096.659
221772e0153541aca76aaebcf875a2d8.jpg,8,59.990617,9.923499,8,59.990304,9.924418,0.061833944,0.061833944,0.9070805,0.13423252,0.89656794,0.94913054,0.061833944
221c6eb2154d4460b0308bab42d8dab7.jpg,10,65.24459,18.853285,10,65.239386,18.82696,1.3555887,1.3555887,0.7251986,0.016291976,0.6991859,0.85302913,363.5232
221d29c737c64dfdab8156ceaf938498.jpg,5,55.613174,-2.110475,5,57.139504,-2.795045,174.87386,9.059832,0.77776045,0.014823675,0.7434772,0.91489303,174.87386
224a92c429164ebe89b20268a42571f3.jpg,4,47.943763,4.513505,11,41.324741,27.961821,1986.2852,83.685394,0.66159946,0.010376573,0.6442723,0.7353481,396.22278
227a0cf02b5d488ea1720948735d8017.jpg,1,51.04486,13.864086,9,51.241954,16.275818,169.65788,107.73681,0.7227676,4.208088e-05,0.69273967,0.8746301,561.53186
228071e72f1b4cf38e40c4bec7968eb1.jpg,11,39.568996,43.841361,11,39.558199,43.8849,3.9206076,3.4157436,0.82886314,0.0022425652,0.7972026,0.9555055,3.9206076
228b50c73ae6443989a2ec217d0fc643.jpg,5,58.546754,-4.674359,5,58.546354,-4.674198,0.045448396,0.045448396,0.8956605,0.027889252,0.88050604,0.9564933,0.21158464
231346db3e724dcfb1510a856a078402.jpg,9,53.643215,16.190676,9,53.604248,16.195481,4.3445106,4.3445106,0.7499002,0.06625128,0.736419,0.8038251,4.3445106
2344ae7b5e1944d2b2b999bd112d2e9c.jpg,5,58.538626,-4.675619,5,58.521172,-4.685233,2.0194468,0.33134264,0.8601133,0.01952231,0.83431065,0.97014445,6.669061
2397ccc98feb456088928ccf0065cb15.jpg,5,54.843115,-6.271757,1,50.923088,12.574041,1332.6758,7.4113803,0.6644094,0.004384756,0.6132386,0.8700624,1242.7057
23a0386827424c97b10d6ec501e8dbdc.jpg,9,53.808104,22.966898,9,53.802028,22.970308,0.71176016,0.71176016,0.7188685,0.03636688,0.6930731,0.83557415,70.8344
23c8987d414944e69f74a9e3ddab3f0e.jpg,6,65.543556,-15.990341,6,65.649107,-16.734022,36.125397,30.643343,0.85357314,0.0047692657,0.833747,0.93287754,36.125397
23d8bf2490324c63a822872b53083e7b.jpg,11,39.01191,36.078934,11,39.111223,31.173357,423.6378,9.133026,0.68593293,0.019673944,0.68340653,0.79320717,3257.5588
243e930349ed4c7696cbf47d5fd54d43.jpg,11,38.513018,33.415993,6,64.844912,-22.75492,4616.069,15.341039,0.76243645,7.212162e-06,0.7832488,0.8377531,16.726828
2487ffa29d014ca18d11f7069eb8e5a3.jpg,9,53.39409,23.471246,9,52.165235,22.743178,145.15047,1.097605,0.6867231,0.022114694,0.6673939,0.76953185,241.03094
248a3c69324744ab81e27e9a2b2b6edc.jpg,5,55.990318,-4.377836,5,54.508672,-6.458169,210.99896,13.337519,0.7014554,0.0031533837,0.6734878,0.83687276,1772.2695
24b2398439a04a7da134f4b0d5763bc9.jpg,7,38.998617,8.417562,7,39.066043,8.440207,7.748381,0.5084245,0.7193329,0.0365116,0.704584,0.8000809,3.1371086
253a274552b244ea905200e96a062671.jpg,2,41.472738,1.810738,2,41.449719,1.785866,3.293502,3.293502,0.6984675,0.009971261,0.69763315,0.8095589,36.963593
254814c86826427793fa94d7e98c7582.jpg,6,66.056718,-19.329587,6,66.059815,-19.326035,0.3798435,0.3798435,0.8847618,0.009292066,0.8650065,0.9744208,12.394496
258070bb9b3f43b5a0964fcc7d2fe3e0.jpg,9,53.988527,17.05107,1,52.734003,8.347443,593.73975,43.301754,0.7293594,0.013912857,0.70439917,0.82920015,593.73975
25e476bf28674c90a83ee5b6eec7211f.jpg,8,70.486196,25.055682,8,70.486972,25.054913,0.09089184,0.09089184,0.93820506,0.08887875,0.92885464,0.9756067,0.09089184
25ebd48114cc48c2be765fe3a068b4bd.jpg,9,51.129701,17.098093,3,63.057574,22.110661,1359.4349,162.39714,0.610336,0.025307834,0.62550443,0.7188568,1598.713
25f57d335ba945578ec5ea2fdd675c0c.jpg,2,36.751616,-4.038974,2,29.030033,-13.555363,1234.3004,6.637701,0.80691266,0.05094689,0.8498378,0.7756063,720.42896
2607c22d913e40e1a5b3281b3363802e.jpg,5,51.078988,-0.110678,5,54.250208,-2.044291,375.92508,2.1211782,0.77203095,0.047790647,0.7537219,0.8929926,308.67722
262e533ea96a4830ad070867b8d9788c.jpg,8,61.887407,6.664085,8,60.165479,9.711237,252.13649,7.933537,0.78550017,0.010968626,0.7480917,0.95289093,288.68582
26321a3985bf42b5845efa8eb9eb58d9.jpg,6,65.487117,-23.26191,6,65.485469,-23.251026,0.53453696,0.13844746,0.9708613,0.023716927,0.9647693,0.9952291,0.53453696
265848a62e8a4028a535c1640642a9f6.jpg,0,54.8711,28.711919,0,52.981241,26.936207,240.14285,14.992781,0.8388041,0.00064235926,0.81526005,0.94212466,240.98595
266541d519f34c0bbe72a1e0993e3f56.jpg,11,37.859038,41.105254,11,40.013586,32.697056,765.326,3.9327393,0.67761606,0.0016910434,0.6768614,0.6957059,984.1532
2668769d64a944febc24bc26fb60be1c.jpg,9,51.138468,20.857708,9,51.312087,20.988604,21.349285,3.2773561,0.7086412,0.02504319,0.7019334,0.76645446,29.57822
2674c430b8824f1e8c534a30cd3d72f5.jpg,6,63.628521,-18.438774,6,63.630728,-18.436014,0.28072554,0.099832945,0.9706713,0.01767689,0.96559614,0.9909718,0.28072554
267c77590cdb437abb546c0de839d6d9.jpg,4,43.941698,5.105108,9,51.33529,19.687185,1363.2312,573.4356,0.59210736,0.0024997592,0.58716965,0.7452983,1803.9364
268879dd3842476f8e49ad95b063b657.jpg,3,64.160183,25.799596,3,64.154122,25.799014,0.6745435,0.16925421,0.95622814,0.0004876256,0.94717973,0.9924217,0.6745435
26a10a933cb144688388465e839858a3.jpg,9,51.736012,20.807461,1,52.169167,7.146733,936.0328,422.40912,0.7592291,0.0016329885,0.7432388,0.846806,838.2276
26b1365ee11d4e44b0aa0985d0f2d544.jpg,9,54.028042,17.784184,1,49.649627,9.166706,765.6108,305.5835,0.71602654,0.05244434,0.7376635,0.76677656,1342.8922
26c2bd20916e4691a050d7b6807140ae.jpg,6,66.035971,-18.523542,6,66.067794,-18.531692,3.5576296,3.5576296,0.8750651,0.034680843,0.84979784,0.97613394,3.5576296
26c7a03a0209452e972bb1da9fcb0865.jpg,7,40.983568,8.926632,7,41.028628,8.949332,5.360308,2.8123057,0.77455914,0.006847739,0.7799021,0.78074914,797.04376
26c9373ab2124227848be8d85d7ed507.jpg,4,45.927315,4.14926,2,39.360402,3.200645,734.3031,99.47215,0.66345453,0.0074190497,0.6501516,0.7779414,714.03174
26f6e453ab1448368dfedc6f32c79adb.jpg,3,62.24952,23.451442,3,61.959233,22.8661,44.375496,22.03486,0.8444968,0.0032664537,0.8248892,0.9337102,166.89622
26f7c90e09254deeb6b5e1f7c8923015.jpg,3,61.191026,25.082632,3,63.220144,30.400445,356.08807,8.067362,0.79598916,0.0043908358,0.7786368,0.9382202,358.93323
271f4acce1aa4782a6617bd8d847d437.jpg,7,45.866401,11.550691,7,40.356473,17.641353,786.78064,7.143961,0.71850216,0.011686742,0.7083379,0.791178,794.27795
27460fd465b54124af98d41cf1e32abd.jpg,2,29.00024,-13.544474,2,28.9583,-13.570205,5.2927394,0.14064722,0.8042996,0.013179064,0.79520553,0.85968035,5.474111
275b19a7417746ff8a56695f7154d942.jpg,11,36.898373,28.272613,11,40.148921,25.929809,414.90475,28.1107,0.7225436,0.0006186366,0.7217709,0.8220255,204.34094
275fe8d17f20439582e0419fd73f9255.jpg,10,61.98461,14.580846,10,61.60086,13.253221,81.78798,21.488436,0.7314335,0.043487668,0.69636214,0.88406026,83.04273
27aa2a7b609b4f3bae8d6819411c3281.jpg,8,61.309932,10.173958,8,59.04094,10.046059,252.39975,4.2606263,0.6511351,0.017536223,0.6485785,0.74464184,220.0821
27ac69a0982249fcaf9fe59c088066c9.jpg,11,40.568607,36.038915,11,40.929043,35.15657,84.44422,0.46582842,0.78181815,0.047412694,0.78395456,0.7732724,84.44422
27eca6a974a2450c9ce4c56a7743b154.jpg,8,64.26603,12.273134,8,64.264426,12.268181,0.29832605,0.29832605,0.8176377,0.0096639395,0.78579277,0.95695704,40.81066
27f7595eb98e49189361480a341e5030.jpg,5,58.532714,-4.286441,5,54.850177,-4.315069,409.4837,3.7397463,0.73806924,0.008406818,0.72704124,0.83055437,236.5165
27f81a724d4e44868cfb2f8738cc71b8.jpg,0,55.905667,28.631758,0,55.588243,28.666912,35.36449,0.6968502,0.8467523,0.0042910576,0.82338244,0.9667654,10.359572
27fb5b360a0c48b7840ea1f7c144537b.jpg,2,39.666768,3.234908,7,38.402193,16.499423,1153.2096,1.0580939,0.63223773,0.008850694,0.6096282,0.72948766,1028.4156
27fffcad2e634435a748cf263305001a.jpg,9,50.027773,19.307024,7,46.159143,12.836418,644.54785,341.1893,0.6697218,0.012161374,0.65109444,0.8412935,452.1217
2830c8285ae84b1aaf6d15ea26794ab4.jpg,5,58.631813,-3.228085,5,58.619004,-3.274935,3.0634575,0.79031116,0.80742276,0.0029742718,0.7780608,0.9248705,3.0634575
2840ef6054404162b75fc2cdbfcb76d2.jpg,4,44.079734,-1.00317,4,44.377523,-0.841028,35.543674,0.83025247,0.8451531,0.041270852,0.8290241,0.9110584,8.429615
28554f757259421b96b0844f188a9af7.jpg,11,37.952784,41.808914,11,38.018659,41.775604,7.8852715,7.8113885,0.74008834,0.008703053,0.7429547,0.82755756,73.7054
28683d3bed084c1885a120b37a06e2fa.jpg,3,62.210596,24.763815,3,61.018492,25.151495,134.1303,23.825474,0.7209162,0.026656091,0.6873258,0.85527766,134.1303
287770fd564d4473b9ec6ef111d4c578.jpg,8,61.631247,12.734489,10,65.593912,21.122561,604.0221,30.711332,0.70094717,0.012689352,0.6874369,0.82437825,716.3501
28961e764c6248e598e6df4e0ada0eda.jpg,1,53.221308,13.389592,1,49.447038,8.782049,527.58746,18.406652,0.7698343,0.03701979,0.7685546,0.8557101,548.71576
28c721e4bd4346eba333124555e4956b.jpg,11,41.049121,39.542383,9,51.111214,20.875588,1814.574,85.05658,0.67549574,0.015627384,0.6797777,0.76546335,2718.34
28cf282e1d5d46319dd2d50f9fb7ca59.jpg,7,36.86963,14.454573,7,36.843245,14.457916,2.9489202,2.9489202,0.6856795,0.024085999,0.63885856,0.8729631,2.9489202
290cd07219074978a938dbe087a5a0d1.jpg,3,66.241346,26.162633,3,66.272711,26.136948,3.672323,0.42754102,0.8823227,0.030144513,0.8650807,0.9512907,3.672323
292388f2c8164fe181f786d8a8c377d3.jpg,3,64.777926,29.348593,3,64.575716,29.699802,28.01027,4.4138937,0.86156905,0.016566455,0.8522903,0.8986839,28.01027
2930ec2a75354f7a98d4438acdc0f61a.jpg,7,45.8722,11.651129,7,46.429611,13.616613,163.59422,3.410751,0.7155316,0.03968942,0.69539326,0.7960847,163.59422
2938e0d0765f49f89a53a321c3bde31f.jpg,6,65.620858,-19.363502,6,65.620466,-19.363188,0.045909304,0.045909304,0.952767,0.03423947,0.9444315,0.9861089,0.045909304
295190f42ca449399dc2bab5f2327979.jpg,1,47.659986,10.740767,1,47.658689,10.740538,0.14523625,0.14523625,0.9485193,0.26772505,0.9408728,0.97910523,0.14523625
299409f7bdac4c92ae82331e3c71cac0.jpg,4,43.961609,6.494882,10,57.893674,15.79472,1677.0681,287.8268,0.67465305,0.0035352707,0.6410995,0.80886716,1677.0681
29b9ea2cf7114b288bc40f146c6c4650.jpg,4,49.538693,-1.708243,4,47.971248,2.78064,372.29468,0.8496465,0.7094955,0.0075763464,0.68004745,0.8650023,303.92502
29c0c46bb21d4047aa3d07148f375e54.jpg,1,50.521537,7.691759,9,51.657159,17.780654,715.2522,203.5277,0.66852564,0.027127802,0.65679514,0.7607597,495.02905
29ce23391b5d498fa38ca80404ac4f8f.jpg,3,61.197958,22.886557,3,61.180659,23.002175,6.487338,6.487338,0.7741838,0.08557588,0.7476101,0.88047856,6.487338
29d269f9435442158c0fe6be09e50b50.jpg,2,39.514966,3.284247,2,39.512541,3.281414,0.36300355,0.12810719,0.80236506,0.056475878,0.7703256,0.9377904,16.942234
29eafed2c19543a6bb37add7fbf78af1.jpg,6,66.133473,-18.930135,6,66.061912,-19.144186,12.50282,4.1606317,0.7793985,0.012477696,0.75426096,0.92740965,266.94678
2a05aca8aed64b4f8095d7f9dc61e69c.jpg,0,53.707494,31.762454,0,53.200141,28.697516,210.61627,16.453627,0.78249896,0.0005967021,0.75353086,0.93489254,387.78442
2a1355a76fa341d891ae61fe66f4e9aa.jpg,2,39.595876,-3.713291,2,39.026099,-3.374009,69.75707,12.171769,0.84778804,0.009760559,0.8518144,0.91293013,99.76914
2a1dcb7afeca49f5a4830eabda96a11d.jpg,11,40.270893,37.877089,11,40.266378,37.88446,0.80197227,0.80197227,0.8234304,0.073753,0.82277155,0.8780918,83.9431
2a3c7e338de5463c84b0f15bfe9eef87.jpg,6,65.590491,-22.962882,6,65.593974,-22.956308,0.4911625,0.4911625,0.93685985,0.006031513,0.9240829,0.98796755,0.4911625
2a4db8adbb174f2e88f43b59bc02e2ee.jpg,3,67.088727,26.615216,3,66.698726,26.251123,46.18481,12.473455,0.9004401,0.036744237,0.88547033,0.96031904,46.18481
2a590083953e4310aeff0bf63e732b93.jpg,0,52.586723,29.367822,0,52.891529,29.312066,34.100147,2.2328176,0.8284865,0.06692356,0.80750656,0.9124061,34.100147
2a8a11d496904531bf999fc4ba192a8c.jpg,7,40.600154,8.323913,7,40.609019,8.327648,1.0349468,1.0349468,0.8248229,0.0021169782,0.8007359,0.9423708,41.749172
2abe55272f8b4a229dda5886834bb1e1.jpg,4,44.521995,1.29165,8,58.874145,9.162002,1682.8013,23.527777,0.6724618,0.029463828,0.6678747,0.70236254,1720.288
2acdaf5a47264c8e9289286537a6f758.jpg,0,55.279425,30.326543,0,55.289707,30.322642,1.1696916,1.1696916,0.8769413,0.048906446,0.8502349,0.9837669,1.1696916
2b31073ac3444ed3abb24f28b8fdd3a1.jpg,1,51.216348,9.893292,1,54.409451,13.46609,428.50894,21.161459,0.730237,0.038238347,0.72406733,0.78820384,629.73773
2b36f98118f54b4d9d0b740176d4bcb1.jpg,9,52.737514,18.097224,1,50.725329,10.000431,600.40845,156.16098,0.6517036,0.03892398,0.63740724,0.7352316,458.89838
2b4580997d6e416ab796bb89697a73d9.jpg,6,63.970189,-18.739441,6,63.946051,-18.654935,4.921673,0.21642931,0.8386425,0.062229097,0.82394713,0.89742374,4.921673
2b477d77932748078bbf495546272144.jpg,6,63.855659,-22.430085,6,63.857511,-22.428911,0.21381545,0.07790515,0.91374373,0.11537349,0.89944685,0.9709312,0.21381545
2b4b56a6392e45b38031f72b6d0961e5.jpg,4,48.62322,-4.54218,7,40.450208,17.333467,1947.8796,901.85266,0.70135367,0.012897968,0.6962302,0.773209,1841.3372
2b5c2b102d0a43e482e1f4cc15a1a08c.jpg,8,68.337369,16.349202,8,68.342705,16.328299,1.0430897,0.87828404,0.82066035,0.016995668,0.7992176,0.9465797,0.87828404
2b6642765d8a4535a95fee964e1d7e02.jpg,10,61.252572,15.448635,10,61.220499,15.415525,3.982146,3.5040843,0.8685233,0.02555561,0.8462765,0.95751053,3.982146
2b848a4bccd7451e8627773f355e0b1b.jpg,7,40.570908,9.682688,7,40.598532,9.694532,3.2303903,1.6625059,0.81654394,0.02379167,0.7836002,0.9483189,3.2303903
2bc59026debf408aad8e0b6a4978d076.jpg,2,40.092081,-3.855985,2,39.882023,-4.019389,27.19145,20.197699,0.74806833,0.03762281,0.74578375,0.7824363,271.88397
2bdacb90307f496c9e0c6feaee8c950e.jpg,1,51.443089,11.900586,1,51.033131,10.436047,111.68168,14.626483,0.66324437,0.053685486,0.68814254,0.627223,287.62103
2be7703ad1764fccb4485daabf0263e9.jpg,7,40.612809,8.328854,7,40.90686,9.381842,94.52248,0.433551,0.6643871,0.011785507,0.6218513,0.8430098,5.3610225
2c1519c14dc644aba8e91b1670234ed6.jpg,8,62.434281,7.898411,8,62.331679,7.51906,22.638727,13.305118,0.7123438,0.047104597,0.6961081,0.84292567,44.10935
2c230395102640d3ad7fcfb616a71c89.jpg,5,58.556016,-3.087444,5,58.531851,-3.12821,3.5799112,2.0263453,0.79395366,0.027515948,0.7745137,0.8720977,456.70752
2c4bb779391d471ea196c230d81e5c3c.jpg,4,46.612769,0.600643,4,46.605511,0.606093,0.9081042,0.63927203,0.8103304,0.016429484,0.7958535,0.86823785,0.9081042
2caf6ca78b6244cd93b4f571b963b644.jpg,0,54.472024,30.503969,0,54.525192,30.48863,5.9944186,0.116465226,0.89652485,0.042829633,0.8836732,0.95028394,0.116465226
2cd808922e1b4c0fa3f4ceaafbe05eeb.jpg,2,43.420778,-3.508698,9,53.297792,22.454951,2192.5164,822.6774,0.7200824,0.011893392,0.712839,0.8093654,2194.0964
2d0bd30867d245c385d1be41bc24523c.jpg,0,53.638394,31.569048,0,53.644553,31.586142,1.318635,1.318635,0.84605074,0.02119559,0.81880915,0.95501703,1.318635
2d2db86032224b4fa5e741c6fd993d5f.jpg,11,36.986896,34.968208,11,40.991257,39.797712,610.1122,6.16481,0.65493476,0.01524359,0.60449475,0.8566946,610.1122
2d39c42173fa487d8453739d6d2456c0.jpg,2,40.419082,-6.125988,7,41.000414,9.239631,1295.0836,165.90012,0.8162718,0.004630208,0.8151275,0.8489306,1291.9979
2d3b74df61eb4c5f8e54d33d37a806e1.jpg,7,38.625583,16.330254,7,38.637448,16.371711,3.835156,1.9215951,0.7867459,0.012933731,0.7638909,0.8781657,3.835156
2d69db2de3e640d8b7bdf79d38ea14da.jpg,8,68.563295,16.432742,8,68.560191,16.438189,0.41004273,0.41004273,0.8272382,0.06875533,0.79164755,0.9696008,0.41004273
2d71475aa9784d14be8ed7d884e3c48e.jpg,1,48.660665,13.356467,10,59.820785,15.614007,1249.405,234.41994,0.6293604,0.008523464,0.62992895,0.78090656,577.40094
2d7c34adf47c4b3a80da041900a79097.jpg,9,52.045783,20.412294,9,52.072733,20.369645,4.18118,4.18118,0.7831716,0.027846396,0.8078413,0.6918001,127.61849
2db091fe3c0741a5a8032175f1f6cfea.jpg,11,36.288478,33.490106,11,36.327722,33.431529,6.825879,0.98448724,0.75674987,0.021997213,0.7419451,0.88251626,9.303552
2dc7a0f80b404589927b2797200bcbcd.jpg,2,37.630485,-0.799938,2,37.622885,-0.782986,1.7155044,0.1115137,0.85677636,0.07883018,0.87277436,0.82354236,487.02386
2dd0f6b891544de1b6ba445213a5cac1.jpg,10,65.877953,19.462926,10,65.878319,19.462936,0.04069996,0.04069996,0.9046664,0.038217723,0.89541364,0.9416772,0.04069996
2de65a2ddcbd492cb2d71419cb6f516b.jpg,3,64.22297,28.487326,3,64.212071,28.953605,22.584045,6.4364586,0.8467655,0.027813494,0.83162975,0.9077673,389.28104
2df072207f5d4756b55948bbe442e4f3.jpg,8,71.116361,25.700246,8,71.115155,25.700046,0.13429427,0.13429427,0.94534665,0.02479595,0.93513334,0.98620003,0.13429427
2df1872e8dff4f6081fed79f022205cb.jpg,11,37.85877,32.508617,11,37.867859,32.49473,1.5835351,1.5835351,0.7280712,0.021140397,0.7147759,0.84996927,157.89336
2e053b1119364817803a410fedad8577.jpg,3,64.83527,27.790714,3,64.709324,27.758713,14.086457,0.83796906,0.73662937,0.010900319,0.72802347,0.83583486,84.352646
2e2170a626794044a782250bdf90ad67.jpg,7,40.124379,17.998499,2,38.929961,-2.941693,1796.7218,721.67163,0.71120644,0.012643635,0.70868665,0.775475,1814.2698
2e27371b1fff407db51ff172cecb70e6.jpg,1,51.57148,13.903785,1,51.928671,13.935553,39.77804,12.7064495,0.77827865,0.011966467,0.7626687,0.8926468,311.92398
2e519f606f2e4fcc8ba03731c1e5c67f.jpg,3,62.256307,23.748561,3,61.959233,22.8661,56.553337,10.718623,0.8321524,0.007194698,0.8083675,0.9273915,101.55869
2e98b5a3c1b54cb7b2cb0f3af8508004.jpg,10,65.045315,16.986365,10,65.038537,17.018265,1.6757754,1.6757754,0.9434722,0.050491095,0.9350624,0.97711146,1.6757754
2ead49714b6c46298f5f16d2fce8cdfc.jpg,10,58.84308,11.258969,3,63.941637,26.853145,1001.21277,143.83932,0.6922456,0.006128967,0.693077,0.76256126,2241.5066
2ec1c2ea474146da98058c4d39b675f2.jpg,10,66.121516,17.411756,10,66.085372,17.539422,7.0157924,7.0157924,0.7557259,0.040585756,0.74970806,0.83116853,85.44623
2ed7d3c714da461c93c4340601255fdc.jpg,3,67.538957,27.921249,3,67.525319,27.939589,1.7050229,0.30930668,0.8970704,0.010180175,0.8810687,0.97973037,0.9031688
2f1d670716c246e79e2806c7689e0946.jpg,4,46.827573,6.091404,4,43.362421,4.872172,397.00156,37.445076,0.68556917,0.043724537,0.69768095,0.7945211,123.83353
2f1e1ade5653491090b7ac16d421c0bd.jpg,10,61.978986,14.209266,10,61.933335,14.1845,5.2386794,5.2386794,0.9047695,0.021630287,0.8899211,0.96416295,5.2386794
2f48d5ff0bff442dbfdc9fc334b16f1c.jpg,3,62.294843,29.664285,3,61.834983,29.73343,51.260864,8.888014,0.7978419,0.00076031685,0.77429867,0.8920146,51.260864
2f5534a9e7bb4fd7bcf53fa8a167b530.jpg,7,42.745015,12.071349,7,40.941926,9.04993,320.65054,0.76658064,0.66498387,0.0044564605,0.65375,0.7574686,105.5714
2f9a594736f4471cac05ce7e5a42ae16.jpg,8,69.693444,29.370987,8,69.730751,29.663183,12.00525,0.3622361,0.7033843,0.0026356578,0.713429,0.7626015,0.370688
2f9fe0e77efd49408c23b5e550c53017.jpg,2,28.180057,-17.246246,4,43.64727,-0.906021,2254.854,77.12014,0.63663584,0.021338344,0.6227303,0.7788824,2014.0214
2fb873a7096243b3a8ebe89ae11bc447.jpg,3,64.778826,28.301374,3,64.748403,28.330205,3.6485837,3.6485837,0.87329066,0.0029823184,0.85871595,0.95245486,34.347935
2fbe520fd6ca4d45b9198abff4a557cc.jpg,4,43.78482,1.323272,7,40.68621,8.3798,675.0815,98.58882,0.63116914,0.024137437,0.6240655,0.7440552,688.9657
2fed79d0b6f64bc5a9b68c088d4a4b7e.jpg,1,50.526521,8.142195,8,63.58367,10.802261,1460.46,130.24329,0.6382841,0.03972864,0.6469016,0.7422529,896.2988
303b668ac0ef4608a4d2c655317fbfe4.jpg,1,48.020281,8.080641,1,47.988627,10.476559,178.27814,12.614911,0.7508299,0.02131325,0.7259581,0.8503168,178.27814
306ac2671397411f96f30008533975dd.jpg,10,63.810096,14.38629,10,63.821629,14.39159,1.3085135,1.3085135,0.8859965,0.031122923,0.8718057,0.9472973,11.017078
306c3c9ef4f44b0da2440734d40d94e3.jpg,5,50.12468,-5.441154,5,50.636119,-4.504568,87.43208,0.34573087,0.7991414,0.007441342,0.7702289,0.9147911,87.43208
306ffaffc247415c8fb74dc82d951240.jpg,3,68.355338,27.399412,3,68.352694,27.392649,0.4042079,0.21322899,0.9077777,0.0028060079,0.88799286,0.9869171,0.4042079
3086421c8c544800a5ce93dc0a74c21e.jpg,10,60.905875,15.729654,10,61.159412,15.129742,42.8779,2.3283088,0.6859349,0.0067281723,0.6802441,0.7537496,585.3404
3088526247c44cd4b2e92ff75c3dffbd.jpg,9,50.428953,22.467613,9,50.427603,22.746244,19.737698,3.984644,0.7792346,0.0033275485,0.7581703,0.8830106,214.88182
30d890459cb549dc83e4018af9ea6b31.jpg,7,40.812202,16.948355,4,44.325544,-1.097516,1525.0575,837.79785,0.71272016,0.04431218,0.71605515,0.7424334,1229.0378
30de04267e524f52bb58b46063ec8cd5.jpg,0,52.294388,31.224907,0,52.278918,31.085183,9.658346,3.7267647,0.85646385,0.09002966,0.84375036,0.9073176,9.658346
310d56e5c5f34542935d3cd0e61b763a.jpg,1,51.794381,11.823231,1,51.794413,11.596427,15.597876,15.597876,0.80064106,0.073100805,0.8081006,0.83951956,631.05145
3121f124e7514ae38bb387367c69884b.jpg,5,56.418167,-4.844522,5,56.424635,-4.834722,0.9383538,0.9383538,0.8417967,0.14989018,0.8399179,0.84931195,0.9383538
313f13d4fb184c7db0cabbe3d60937ba.jpg,5,51.598952,-1.604346,5,51.601605,-1.213626,26.987888,26.987888,0.6137339,0.0022293925,0.59897983,0.6838419,142.18384
31461abae3ee43aca139e8c1d68e6481.jpg,7,40.979115,8.930611,2,41.719467,-2.840767,985.2673,101.353905,0.7365353,0.030492544,0.7080395,0.85397923,1015.6301
315f854510b0408b980dea8963cd6355.jpg,8,59.368081,9.843168,1,54.864727,8.871304,504.16202,402.5716,0.6120822,0.01658839,0.5866066,0.74415964,743.4515
3163ee09d526434daa9ab5a5e5da74f4.jpg,0,55.189069,30.098317,6,63.474913,-18.571192,2829.5898,0.5899273,0.72788256,0.00040525198,0.7630402,0.8379599,66.13897
317416b6c26f4adaaf3e182e59d26986.jpg,7,43.470744,13.569322,1,48.293478,11.681075,555.7781,127.06429,0.7118224,0.005631268,0.6914285,0.8194176,588.9786
319943dcac094d0da1a1efaa5b4297ef.jpg,5,50.466347,-4.434402,5,50.579372,-4.873813,33.509922,10.23978,0.7746494,0.009077728,0.76334625,0.8956727,11.147484
31a18281806c4ac189a7cd54ca02a514.jpg,9,52.039385,20.549024,9,52.045399,20.544355,0.7410586,0.7410586,0.7736668,0.04092604,0.7632759,0.8152302,0.7410586
31beda404ff24ebe9424cbc6e2ba65ec.jpg,2,29.044595,-13.679358,2,29.008471,-13.531969,14.882713,8.393934,0.84719574,0.024128377,0.8497042,0.9036665,12.162845
32044b0f25f140eea8b825e6232283c7.jpg,0,52.544515,25.668468,0,52.979181,26.881763,94.87202,0.4415357,0.82460487,0.005384743,0.79700935,0.9382632,14.347832
326e13df8ad24ce4a501475634a32117.jpg,10,65.250431,16.855883,10,66.540744,22.366148,288.30463,23.589071,0.8855085,0.005663693,0.8789198,0.92195046,323.76556
327d630328854bfabba5542c8fa50cda.jpg,6,65.674532,-23.208376,6,65.669936,-23.239478,1.5135907,1.5135907,0.95743304,0.017219245,0.9485033,0.9931519,1.5135907
328cfdf1428740b193194cedfdd2e8cc.jpg,8,63.461498,11.184321,7,37.869502,12.493394,2847.0615,245.12233,0.64913726,0.022794306,0.6391797,0.73006135,589.3626
328ec09561bb49d1ac73966ab4fe3564.jpg,4,44.504556,1.04975,8,69.604287,18.303148,2954.4807,1569.8202,0.719304,0.05908066,0.71414614,0.8201576,1727.8094
329774374c3847649e5d6efdac341fdb.jpg,7,44.236522,9.711035,2,40.099926,-5.961746,1368.4983,587.3455,0.6882976,0.004450083,0.6650791,0.8093109,1137.6725
32b3a1975c824b8e81b8517e269735f0.jpg,7,43.904521,12.241276,9,49.034874,22.353636,960.5484,59.70408,0.64331007,0.018104732,0.62097585,0.7759037,59.70408
32f04227f47c4d4ca735d6afe9c171dd.jpg,6,64.790832,-14.013726,6,65.047173,-13.916627,28.868956,0.5072587,0.7849419,0.01905322,0.74448323,0.9467764,28.868956
33635b82b5474d6ab01eadfaef56c573.jpg,5,54.263262,-0.392985,5,54.269885,-0.400979,0.9010239,0.07028069,0.7915616,0.0055589676,0.7763793,0.89442044,0.07028069
339a244550cf4b70ab4ab7c69fd31550.jpg,7,37.255172,14.497794,7,37.257603,14.504876,0.6825908,0.6825908,0.78517765,0.049224615,0.80918384,0.75442624,1066.864
33b6d4dc811147d0b7f6778577815a4f.jpg,0,55.391099,29.244449,0,55.311983,29.553656,21.43605,1.024318,0.8467074,0.00024455786,0.83093095,0.96525586,58.96509
33f2ae42d18d459c8b01049993eb6005.jpg,6,65.640513,-22.537809,6,65.564971,-22.192136,17.961967,1.6193385,0.9210971,0.0020552278,0.9075328,0.9851624,12.586897
33fc26d6804742aa80a577bbb9d02e3f.jpg,4,43.364337,3.178118,4,43.36477,3.17846,0.05552059,0.05552059,0.8338932,0.24755567,0.8606565,0.7268399,0.05552059
34132346e7464b15ba0da2ca6ac453bf.jpg,7,37.830765,15.137227,1,48.119155,12.329083,1166.3877,0.2902415,0.69732565,0.0051828623,0.6984322,0.7889603,9.86903
341486f262c34f0b86d060d6c6cb445a.jpg,8,69.802808,25.175129,8,69.795503,25.176992,0.8154238,0.08238667,0.8921722,0.026039302,0.8734565,0.9711021,2.6142955
3439e2c9237c4e89b9165c517b42c06d.jpg,2,41.485077,1.660827,7,40.068997,9.610283,687.3642,79.498695,0.68735564,0.014011383,0.688303,0.843551,555.30493
34c41309da004e53b069cb0f742e1e9d.jpg,3,62.553793,22.643517,3,62.184513,22.975962,44.49719,5.3783894,0.7885366,0.0054956675,0.7722372,0.8903802,156.48483
35312193cef54d7fa2da10db15e0087c.jpg,1,51.755362,12.984194,7,40.941926,9.04993,1239.2622,17.815723,0.6626295,0.016518474,0.6814281,0.70800495,223.99693
3551a3630d2b4660a377634ab864b3c4.jpg,8,61.186353,12.879138,8,61.182745,12.943767,3.486942,3.486942,0.7751018,0.035047412,0.7419071,0.9078804,3.486942
35763494ee904739827e528d833ed4b3.jpg,7,38.65265,8.266919,7,38.650966,8.355067,7.656927,0.43975914,0.81101805,0.04504186,0.7888435,0.8997159,7.656927
35d40b9a92e941d3821190d9e40207e6.jpg,5,53.794496,-0.071866,5,53.660672,0.051541,16.951107,10.104032,0.77726483,0.020739794,0.76223636,0.84522617,337.6262
35f0fd4b5f5f4ecb935614b8ad440abe.jpg,11,40.124544,43.629412,11,39.75942,44.142494,59.67968,12.799759,0.7895442,0.0037459135,0.75852305,0.9211367,53.20992
36297a55e86045a1b733825881d6f6c2.jpg,7,38.271566,15.804718,4,43.460191,5.001122,1074.8613,37.02679,0.63056904,0.003821075,0.62194693,0.73662734,1333.5026
366423c73bb2402e9deaa8bfaba0931a.jpg,11,38.54303,36.454291,11,39.039094,34.550869,173.94174,5.0203843,0.6143019,0.053564608,0.59769785,0.7363587,10.81666
367b57ff3a8240c2ba513919564c2b2f.jpg,11,39.008833,34.753717,11,39.149782,33.291651,127.17043,17.843273,0.7172181,0.0038129687,0.7125657,0.77839977,17.843273
36858a27a64f47629f6df066a43398bb.jpg,9,51.855839,20.928795,1,54.601501,8.903466,855.3625,13.3522625,0.67677414,0.001044631,0.67316884,0.71903324,1217.2224
36b69ae75cd642cbb236816b6b86fc08.jpg,3,62.459559,29.95843,3,62.927222,30.290089,54.68452,2.94123,0.8109316,0.010664523,0.7894298,0.9291737,51.223267
36b9c3f0beaa4f41beec380c31d98be7.jpg,2,29.134745,-13.46356,2,29.008471,-13.531969,15.535512,1.2841226,0.69803774,0.019200265,0.7053338,0.6707538,3.883274
36d9efdaba9f44168b2baed4f94613d5.jpg,11,37.217957,40.618973,9,50.475649,22.737598,2046.1647,629.8246,0.74795294,0.036838233,0.7459258,0.75606143,2046.1647
36e537452b7f46d28201be252d53ba9b.jpg,7,44.722391,12.15424,4,48.936198,1.556934,931.25653,128.95862,0.62140375,0.0020394325,0.6326803,0.7160041,1034.6396
36fb64c70951410994ef8af02cd0c906.jpg,4,46.45796,-0.873574,4,46.278553,0.173905,82.807976,8.780216,0.74200606,0.0301705,0.7270545,0.81401515,86.78139
3734a947ec334713986c07e43464244b.jpg,6,65.45001,-19.217427,6,65.480876,-19.281157,4.520897,1.5019437,0.9005421,0.035268784,0.88239276,0.9731394,4.520897
373cd9fea1434fd78b23676e3e2b7666.jpg,10,67.915536,20.094808,10,67.934209,20.064282,2.436912,1.6092305,0.88005507,0.0027196407,0.87493026,0.90985703,8.09672
3741782bb9304a68901ae139ea322dbe.jpg,4,47.578246,6.126839,4,44.237495,-1.128811,672.7158,211.76758,0.69231844,0.002616763,0.660452,0.81978416,672.7158
3757891503614569b5b6e83a1aa919e9.jpg,3,65.883535,25.627005,3,65.889458,25.672381,2.16401,2.16401,0.8963612,0.055327892,0.8852789,0.9406904,2.16401
3760bb719f214c7eb93d0f3b5017b708.jpg,8,61.718288,9.532794,11,41.941525,34.317575,2745.8003,736.8055,0.67971665,0.04527372,0.6358403,0.855222,2745.8003
376dce1f90994717aa0ae1516ffcc784.jpg,11,40.727107,35.78075,11,40.786514,35.678883,10.828433,10.828433,0.8897953,0.038433313,0.86803037,0.97685474,10.828433
376fb561a9fc481f8093d9c020593675.jpg,9,51.637279,22.765666,9,51.788596,23.387368,46.019238,5.3206134,0.75895286,0.03258252,0.7291554,0.91986364,221.34848
37a3580f78af4ee0b1f2f2c1f98c5d19.jpg,2,36.804632,-2.132193,2,36.83652,-2.155481,4.1072764,4.1072764,0.80765635,0.033291876,0.81402856,0.7827347,148.55305
37a79e0a0f044c52bc71581ebf665c1a.jpg,11,37.403926,34.868201,2,41.982467,2.870921,2767.962,0.8740051,0.6792603,0.0007365346,0.68180746,0.73136365,123.477264
37de9fca7ba240c0aeb95c95f24cd666.jpg,3,64.366725,29.060829,3,64.25866,29.170698,13.131408,1.6124723,0.83317214,0.012030661,0.80415905,0.9492245,13.131408
37fb963795b948618004113caede852f.jpg,1,52.536405,9.555615,9,50.62943,16.827918,545.0722,10.531945,0.751251,0.0021591783,0.7383819,0.8136039,482.92114
37fbeb6d58b64db389da90e3406d2118.jpg,10,61.153993,16.880788,10,61.153046,16.882433,0.13739213,0.13739213,0.8031865,0.08181566,0.7739204,0.92025065,0.13739213
38181ac9eb4742a3b255f5f55068940d.jpg,11,39.430894,31.015917,2,38.916251,-1.823491,2815.6453,163.77908,0.7759094,0.0030949116,0.76717836,0.84122896,3202.2053
38421bfe18d24d78b0c4c40df2003a52.jpg,11,38.251625,40.977917,7,41.029242,8.968304,2742.7583,344.71445,0.81544083,0.066257775,0.8353291,0.85252815,1183.3657
384b2e5145aa498690ce377fa13f348c.jpg,3,66.664456,25.45503,3,66.657978,25.482965,1.4259068,0.7434695,0.92311484,0.020366132,0.9130324,0.96344435,1.4259068
385d192460d54bfe969375ddf2c0f44c.jpg,2,38.653473,-3.469571,2,39.057861,-3.375256,45.70157,1.7331554,0.8914024,0.011335373,0.87499475,0.9685105,45.792625
3886ed956e0243d0a2676b6bf3f8bad8.jpg,3,68.00127,24.086555,3,68.004887,24.086051,0.40274,0.40274,0.87401354,0.06510919,0.8594773,0.9477738,479.4983
38ee552026fe46be90ed4d611030edbf.jpg,2,38.437479,-6.377121,2,38.436571,-6.38455,0.65488243,0.65488243,0.6610531,0.011616886,0.68433005,0.7438024,2938.165
38fbc5893b5b40d9a7c1cfa5d7698c6d.jpg,4,46.374316,4.188939,2,42.421361,0.013808,550.4919,141.8931,0.64556473,0.0041627884,0.6562501,0.71367425,583.55005
390cfc0a9d994eb1902d9071306cdcd0.jpg,2,43.329453,-4.553621,2,42.034048,2.45752,590.73376,6.057764,0.67553425,0.0058395267,0.67501825,0.7720661,257.24014
3918719408fa4cda80dd970863738177.jpg,5,56.084625,-4.824797,7,44.531121,9.158908,1617.3416,93.7787,0.6470856,0.017654061,0.651611,0.70802,1153.0663
39360b399e004ffea55fa7b6ab200388.jpg,11,37.344653,41.349896,11,37.78384,39.490982,170.96597,0.8908179,0.7047712,0.010215104,0.6766629,0.85773414,495.36673
3936d6eff50e4b4bb8b486cdfedc050f.jpg,7,41.54833,14.755716,7,41.551019,14.748481,0.6722285,0.6722285,0.6957657,0.06259507,0.6547826,0.85969806,0.6722285
394a037d4e8d48c0b46def7e7440574b.jpg,11,38.882632,35.130271,11,41.379008,31.95694,387.03293,24.061586,0.71124625,0.0034026504,0.6839419,0.8204636,387.03293
395bb0a00c5c462bbeb5933e216ccb1f.jpg,4,42.539268,2.254169,7,38.74428,16.481695,1270.5449,107.85925,0.616601,0.003986001,0.614848,0.68275607,2435.1426
3962200b48df4041940da0c61143b68c.jpg,4,42.985131,2.973048,6,65.03781,-22.754768,2928.0518,1725.872,0.64572334,0.0004900694,0.6356708,0.72796893,1986.2687
397fdfdaae78469db47d6156f03ca292.jpg,2,38.63579,-3.471639,2,38.638337,-3.474335,0.36748224,0.36748224,0.87056744,0.05123335,0.8619585,0.9271592,34.173153
398dab1f7f93447aa956478f9cd016fe.jpg,8,66.343592,13.471508,8,66.315559,13.292764,8.56673,2.7339525,0.8313078,0.032185256,0.81373876,0.9374159,2.7339525
3992feb1d0be42748b8560f5e0ef8bdc.jpg,11,39.084027,29.46473,11,39.082056,29.463706,0.23631631,0.23631631,0.7397501,0.093726695,0.7353271,0.75744176,0.23631631
3a0599f797ce4d8dac0cbc96aae4f3b0.jpg,8,70.452888,24.694739,8,70.440607,24.594686,3.965997,1.9917287,0.9363896,0.01205188,0.9254608,0.9801048,3.965997
3a2e150b7627459197349a8c56ecf871.jpg,5,50.918699,-2.758079,5,54.193645,-2.39616,364.97757,52.07083,0.6630724,0.006505668,0.62994075,0.79559886,364.97757
3a362023c0c64c65863fb65b00d067c1.jpg,6,65.752881,-23.8606,6,65.749061,-23.842507,0.92906153,0.21124217,0.85888106,0.0022602081,0.8345121,0.96803004,2.7497911
3a459ad6dd264e94935627a6a705529c.jpg,11,41.224597,36.452698,11,41.290533,36.218134,20.933416,5.01641,0.7779714,0.006425619,0.75744045,0.860095,20.933416
3a51900beb064df8868381195855dd38.jpg,0,55.740606,28.592215,0,55.107721,28.758977,71.15607,2.6012616,0.8229474,0.027623415,0.802211,0.9599507,4.512293
3a6f7991743441ae859e067897494fb6.jpg,8,64.589067,12.562835,8,64.607245,12.586425,2.31339,0.9761242,0.8838682,0.032868624,0.86217153,0.9706549,2.31339
3a99c15303f54304be478221496c0f20.jpg,0,53.481031,28.098315,9,53.517441,19.013004,600.5322,152.97314,0.7193962,0.02860409,0.7114264,0.7512754,600.5322
3abda05db53c4f148449dc26a1ace530.jpg,4,45.318228,4.508899,11,37.605583,34.741028,2642.8394,654.7264,0.725026,0.014660895,0.7438027,0.6876912,2237.099
3ac95fdbbd4442cfaca5f1b7e0d9e4a2.jpg,10,56.877637,13.814168,10,56.879623,13.806792,0.49961048,0.49961048,0.75806165,0.058559835,0.73049676,0.86832106,0.49961048
3b80a8eccaa54266bf45ed96aa240b43.jpg,9,51.518615,22.055374,9,51.515595,22.057653,0.37099236,0.37099236,0.80993056,0.061160684,0.800524,0.8475567,0.37099236
3bab09815fab45c5b42c95216a7d4f21.jpg,4,47.852602,3.597091,4,45.672626,0.006687,365.37726,81.06571,0.66786695,0.0075416565,0.6830724,0.7048397,418.41156
3bc3b451a1c64fba8ac6219588122c0c.jpg,5,50.373914,-4.958151,10,56.755647,13.6788,1414.0634,3.400234,0.6972833,0.024592996,0.7197741,0.643435,354.21484
3be034518749417c8d3589a01114ee81.jpg,8,62.34094,5.870138,8,62.462811,6.31569,26.65369,0.11821867,0.728683,0.01061666,0.7174996,0.8748449,238.18373
3be21986e27c4a2a9afef1ac6d40ff3c.jpg,1,47.801872,7.839574,7,46.665326,10.503575,237.5259,19.811113,0.7027135,0.025369406,0.6694007,0.83596474,237.5259
3beb89169f704d7caf8d7fc7b9d8b8fc.jpg,6,64.882839,-13.810714,6,64.883816,-13.818665,0.3906812,0.3906812,0.9152397,0.011162102,0.90246713,0.96632993,0.3906812
3bf172b5f555481b88ab894027bbd0db.jpg,3,62.455777,22.234715,3,61.747037,24.348989,135.30968,8.650035,0.8050854,0.0031200051,0.7758962,0.967039,8.650035
3c455834fe0740f5b4a471a265983ca0.jpg,6,65.007627,-21.919515,6,65.029038,-22.236636,15.081353,3.8316848,0.8813959,0.00061899424,0.8667764,0.9398737,15.081353
3c46aafeb6bf47b6b1c0660cb1e25ae9.jpg,0,53.041046,26.254608,7,38.128502,15.006234,1869.9457,16.308096,0.67039585,0.008209944,0.6862346,0.66909766,1922.1952
3c625f1c3a4742dd8bc1718dd245cee9.jpg,6,65.73354,-19.646346,6,65.751023,-19.178236,21.473066,0.16786753,0.83080125,0.0024192333,0.80421895,0.95142365,212.87175
3c8d862a2a5c481c88a032f8c25a9b4b.jpg,10,64.357295,15.698628,10,64.345682,15.702938,1.3078648,1.3078648,0.7810923,0.031492412,0.7700563,0.8252362,1.3078648
3cb2ba9514714406b0f8e852e1da4bb3.jpg,5,55.951783,-5.432024,5,56.184237,-5.473365,25.9748,12.384311,0.81812966,0.0004709959,0.7952494,0.9400092,69.85561
3cb395ffaa8246178e0cd9b0d4b57243.jpg,7,40.735743,8.820233,7,40.87557,9.039777,24.149353,0.5509089,0.8322646,0.024251103,0.8059398,0.93756366,24.149353
3d58b895f9af4e9fb4febc4602bf102a.jpg,9,51.547684,22.477425,9,51.436566,22.366222,14.558076,14.558076,0.62706256,0.00023454428,0.63585865,0.76870054,1077.1057
3da708a8916e4fa9b615d6b7cde00c0a.jpg,10,61.37949,14.786972,10,61.37987,14.787376,0.047417656,0.047417656,0.926193,0.09540397,0.9116728,0.9842737,0.047417656
3db2180216664f748930db2e93168b92.jpg,9,53.463383,15.645853,1,49.883692,6.618844,738.02893,29.802057,0.71256053,0.008444905,0.72151583,0.8041303,661.5317
3e3867fde4e74b9286bb5cf70c1b2a65.jpg,6,63.893207,-16.61787,6,63.895745,-16.612111,0.39880374,0.39880374,0.8097207,0.09727132,0.7904558,0.8867799,0.39880374
3e5e0418bb3a433ea27b34bf768f1a42.jpg,7,40.563778,16.399935,7,40.564258,16.398659,0.12027805,0.12027805,0.9368975,0.08676052,0.9246398,0.9859283,0.12027805
3e715bf437174d1b9a42df9b1570a5e9.jpg,11,36.085495,36.152501,7,40.655965,9.722518,2349.9917,4.832361,0.7419634,0.013080776,0.7151009,0.8588865,2351.206
3eba44b5e7584f49ad951121ddd05b99.jpg,6,66.049215,-16.605186,6,65.668297,-19.596623,142.46786,11.237163,0.856475,0.0030349493,0.83511305,0.952472,121.183945
3ed62907ca514fcfb0000f5344006281.jpg,11,41.146768,37.132505,11,41.290533,36.218134,78.131355,39.93452,0.8358618,0.014061928,0.82653457,0.87872183,71.768585
3f0a0373a5824424852864160aa95e66.jpg,7,45.568071,12.763666,1,51.621192,6.319655,822.48004,648.889,0.73272717,0.017779887,0.73690075,0.8115282,1102.0096
3f1fc9a0d14a4dbc888f71ff7b9e610e.jpg,7,37.381944,14.364597,7,37.136291,14.659518,37.78064,18.575254,0.7682948,0.0016769767,0.74246365,0.90838075,66.40199
3f259c4276f445e0b046d72774245e97.jpg,2,42.455701,-6.13377,2,42.546068,-6.545819,35.242767,25.45891,0.74327976,0.05019945,0.74062717,0.80409884,244.53235
3f3f352fb4714748a17179ba4745ab0b.jpg,11,40.504622,29.393939,7,40.594303,8.293516,1778.5355,1283.064,0.7021599,0.024071932,0.71529835,0.69857645,2497.7808
3f43791b34b3425e9f658b2c3fd6b3ed.jpg,0,53.747626,30.13845,0,53.211421,29.39387,77.346436,7.7656684,0.8180678,0.0052208304,0.78803104,0.94472873,7.7656684
3f54cffc3bb2454aa03909140cbd03c2.jpg,1,51.258564,9.945034,10,59.958486,14.633311,1010.5838,589.27496,0.701409,0.031704903,0.6727669,0.82888246,1215.1842
3f584c319a1c46fc837569ae5546a433.jpg,1,50.820256,11.390461,1,50.59965,11.500986,25.735239,0.44080448,0.7490121,0.0036760569,0.7322804,0.82872367,20.365747
3f6fd0f151e945a88aad8cbe93353dcb.jpg,6,63.918342,-16.510427,6,63.917892,-16.511339,0.06701971,0.06701971,0.96096504,0.08619028,0.95686626,0.9773599,0.06701971
3fa23c58766b465eaaeabaa9a1e65528.jpg,2,28.084991,-14.434785,2,28.055768,-14.36334,7.726373,0.71663105,0.8217487,0.0065651536,0.80098295,0.90481156,7.726373
3ff426ab94f44c059c54f1b6a09cbb19.jpg,5,52.433795,-3.776592,5,52.234561,-0.246023,240.8855,30.757725,0.7217426,0.008296609,0.6983855,0.8218715,286.99127
40139f4eeefc45a48e2178a9ccdc5196.jpg,5,57.533021,-5.153866,5,57.537704,-5.136571,1.1561913,1.1561913,0.88146913,0.010224938,0.85824347,0.97437185,1.1561913
404185f49ba7464bb41a9fbd1f4e96a5.jpg,10,59.082749,16.852421,10,64.286719,19.973405,601.4333,45.299244,0.7993729,0.010801494,0.7837614,0.90492177,570.63654
4087cea3264b413584c1ac36679d2cfb.jpg,5,58.529518,-4.316293,5,58.234758,-4.480909,34.15174,2.3492606,0.78872144,0.0003976822,0.7599156,0.9125004,317.59412
409f968c5fc642ae8d37478a956e4079.jpg,6,65.492461,-21.893478,6,65.493457,-21.892925,0.11364956,0.11364956,0.9128232,0.15993989,0.89824224,0.97114724,0.11364956
40a1502d513a44b3b477ade0f0f9518a.jpg,0,53.889962,27.337632,0,53.893714,27.338725,0.42330715,0.42330715,0.74214536,0.06596124,0.7129109,0.8590832,0.42330715
40d816161bd448cda014d4d8597f43c4.jpg,1,51.026717,10.35973,1,50.158089,6.643577,279.50238,107.42265,0.679289,0.011260927,0.6847205,0.7422238,454.3976
40da82d5f8624c0dbb39d125efaadfd2.jpg,4,47.712332,-3.472722,7,43.233988,13.758248,1429.1547,718.1015,0.6360918,0.0363999,0.65121645,0.63522995,1468.2814
40dd1594f4aa4431ade11174347ba3cc.jpg,11,38.669266,29.189341,2,42.39558,-2.239427,2672.6462,121.65844,0.67549694,0.0059577823,0.6760213,0.69885737,2448.72
41117ac72f2d487996a27a5d6425b14a.jpg,2,39.440593,-0.39641,2,39.510918,-0.386116,7.8695507,6.441303,0.71288574,0.02202195,0.7164289,0.75830483,87.68026
412e8b90271d4485af77f1327339df7a.jpg,5,54.870427,-1.641578,1,50.588855,9.311462,876.36926,589.0973,0.6629135,0.005336821,0.64225554,0.8095351,816.246
413a982877f545e5babf5640d6e49c1c.jpg,11,40.474542,43.326374,11,40.471631,43.327216,0.33143196,0.33143196,0.85994136,0.05438906,0.8576585,0.91076463,97.92798
4150faf6f8794d37b9078af2f3ac7429.jpg,2,39.680307,3.322305,2,39.662993,3.223561,8.6678705,6.687958,0.6738384,0.0041225553,0.6582246,0.73629355,8.6678705
415b613eb9b641a6adbf1a849541b4e4.jpg,4,43.408601,6.02898,4,49.426979,2.694839,716.17236,20.429266,0.6427177,0.013264298,0.65627825,0.71458066,99.33955
4168a19762e0404f831a12df091371ca.jpg,0,52.041552,26.320185,0,51.924728,26.664051,26.894608,2.117062,0.8866791,0.009582758,0.8670952,0.9650146,26.894608
416bb5495e91455d8d10a94c20fd6325.jpg,3,62.436761,30.030559,3,62.405718,30.088962,4.577617,4.3760524,0.85975575,0.015744865,0.8467772,0.9237032,100.00891
4171cae3f6a948748b5b1363568f96e8.jpg,2,41.639021,-3.604182,4,47.842127,2.686006,849.4167,34.67546,0.69680035,0.0008403659,0.70475495,0.7903729,720.50867
4199f5f7cc1c4a919f5083af9d0894a4.jpg,5,58.494548,-6.233358,5,58.4826,-6.263755,2.2104316,2.006288,0.81345844,0.016085744,0.8026353,0.8841354,831.8441
41c9fc2b9ca241efa95be54bb674d274.jpg,10,59.971379,16.987996,4,50.161145,4.042746,1362.1884,6.3934455,0.62703127,0.051006198,0.6300112,0.67988265,590.01483
41f6485dd88040b8b3b5b3ccb0c0082e.jpg,8,67.322475,14.617682,8,69.633589,17.995253,291.4919,0.08761136,0.72611564,0.042738438,0.7018397,0.8787867,294.4009
4245f572722b4f3791090e2e6825d3a3.jpg,9,52.251102,20.400186,9,53.297362,15.434612,353.61612,32.013874,0.67097425,0.008768678,0.66141915,0.7670392,312.64676
424a75e1f02a4f72ba24bb154e7c6b69.jpg,8,69.699748,19.003698,5,58.555856,-4.705998,1669.3344,322.1924,0.6485428,0.005126953,0.6617576,0.70065606,2160.0774
4255102bd93c4ac3bf2fa4573348d69f.jpg,10,60.065633,16.139518,10,59.820785,15.614007,39.972546,13.7935915,0.8196273,0.0060828924,0.7896393,0.95093477,82.11615
4257940f54884ebcb4398c016596f22f.jpg,4,48.371873,2.388112,4,46.096651,4.085326,283.5769,144.04944,0.698207,0.014767408,0.7119621,0.76153874,810.2025
426c16e8d54a49fea89913da96b05f3d.jpg,10,56.168295,14.47139,9,50.597929,22.41422,812.0809,37.24257,0.64774656,0.021563768,0.6586711,0.65109104,454.5176
429b97941bc74088a0ecb9969a4ec7fb.jpg,1,53.601067,12.015274,1,53.462868,11.628761,29.811085,16.130468,0.7497469,0.012617111,0.7570139,0.79633486,559.86426
42ddd2bf3e71428ebf9152124c324b4c.jpg,8,59.013299,6.895682,8,58.991888,6.927006,2.9809139,2.9809139,0.8133286,0.041400492,0.7885456,0.9124608,2.9809139
4305f50ad6fb465cb80a51e8974aa4b4.jpg,6,64.848768,-21.496379,6,64.925304,-21.534835,8.701774,4.808151,0.79375577,0.0057757497,0.7621386,0.9377808,66.10604
4331136eca844984bae96db2158791c6.jpg,6,65.86159,-22.305459,6,65.574691,-22.909997,42.21187,2.208507,0.92739254,0.001188159,0.9232449,0.9676292,403.15176
4339adbe84e143c8bbc37cfc349d4b9e.jpg,6,65.801715,-20.262154,6,65.797523,-20.259985,0.4764995,0.4764995,0.9013069,0.037320614,0.8851431,0.9673742,3.630596
436789acb7714cf8a6d86f1f0724b209.jpg,2,42.662281,-4.792326,2,42.789596,-4.904219,16.850924,14.369587,0.81592095,0.018968701,0.7801646,0.9589463,16.850924
43815479692449feb153440b62762baa.jpg,5,58.540129,-4.11342,5,58.546354,-4.674198,32.547924,1.7165688,0.73565793,0.014048934,0.70050263,0.8762791,32.547924
438b37c59fb9477a82600a1ff19f2156.jpg,9,52.65476,21.56889,9,52.610269,21.494867,7.0306864,7.0306864,0.7000707,0.022579491,0.6810797,0.77603453,7.0306864
43d6daf806044dd6a0a4ab470043455d.jpg,6,65.872224,-22.393571,6,65.915605,-22.966814,26.47692,2.555062,0.93059057,0.0053228736,0.9236381,0.97372484,33.765724
44019ed2f04c4e9ea6d2ebc9f7909349.jpg,7,38.004936,14.97563,7,38.111306,14.97837,11.830254,3.95371,0.7897891,0.014476538,0.78638214,0.8606638,13.706477
4413feee4ae54eadae0308298722134c.jpg,11,38.490793,28.055144,11,38.514323,27.960818,8.615078,0.5069607,0.8021599,0.017873049,0.7852287,0.8698846,8.615078
441e2dc1ab82457ea3574951a2908896.jpg,0,54.542672,30.719123,10,57.488121,18.514754,824.7561,81.27049,0.69166434,0.033533573,0.6805246,0.7498573,823.61957
4423ca07772d415b925eeb7438712312.jpg,2,37.051734,-5.929738,2,36.772698,-6.04207,32.59513,7.367089,0.8125159,0.08853036,0.8424258,0.75792396,1623.1388
443115031c82428f855d65575feb1fb5.jpg,6,65.354701,-14.937294,6,65.337445,-15.042888,5.260263,0.9126741,0.9307429,0.0029836893,0.9184189,0.9800389,5.260263
444368c69c6541e3b29ba0834b2fcae1.jpg,2,29.184797,-13.5011,4,41.995491,8.730614,2451.5671,2066.807,0.61794674,0.00034809113,0.61685765,0.6808095,2312.9592
4465d9367d7a4ff2b4d49073fc3ff380.jpg,3,63.237145,25.664446,3,64.486653,25.690162,138.94485,10.854722,0.87414837,0.0062075853,0.8536407,0.96719897,139.08636
44685de197d7447ca217bcde7a037c7b.jpg,10,63.429312,14.061881,10,62.836156,16.014726,118.23139,30.723518,0.78635395,0.015227675,0.75065076,0.92916656,118.23139
4472b3143bed40a2a1eefff884ae8fee.jpg,8,58.416207,6.021846,8,58.411325,6.02607,0.59599805,0.4785354,0.84405243,0.0009917021,0.81484675,0.968714,3.7157366
447b4781bdbb4d9d96918b2cb15d4403.jpg,6,64.464907,-21.524962,6,64.470019,-21.518989,0.63644606,0.63644606,0.82464373,0.09186232,0.8010212,0.9191338,0.63644606
447ba47892b142a8844e8eb09cb8447e.jpg,8,63.991095,10.17947,8,63.992221,10.182607,0.19766778,0.16867138,0.7601433,0.016612053,0.7924607,0.7856082,1434.3865
448b1819cdc64cdca675a8502baa2c4a.jpg,7,44.485454,11.257014,7,44.220399,12.373445,93.53114,29.385563,0.65799165,0.007985115,0.6755145,0.7494018,643.5219
449461bb72704ee2b85b2f8ca32faf76.jpg,4,48.818064,5.022291,1,53.089773,11.289851,646.3334,389.09464,0.7274066,0.0086869,0.7042612,0.8230512,677.6267
44c1a84201f149b8b512884d4ac4a613.jpg,10,59.919194,18.925024,10,59.939451,18.600144,18.240698,2.3861554,0.7937012,0.009265304,0.78659755,0.8959424,414.74176
452913b228314431a1a817b331793bc0.jpg,4,46.204175,1.202072,4,46.198041,1.223771,1.8039038,1.8039038,0.87232083,0.104275346,0.86813277,0.8890729,1.8039038
452ee71b21ba492e8c824e4e008d0e1b.jpg,6,64.513113,-21.541816,6,64.532691,-21.609992,3.9208019,3.9208019,0.7816835,0.009724915,0.7526902,0.89765656,3.9208019
454e950162f0424d89949fcc183498f7.jpg,1,49.486827,11.373957,1,49.591092,11.622326,21.344904,15.324109,0.78985035,0.061800003,0.78877664,0.79414517,21.344904
45678d3b693540d0acc9691eadeba0a0.jpg,6,65.491837,-23.458891,6,65.497527,-23.454276,0.6675434,0.6675434,0.93719816,0.00046014786,0.9269789,0.98215234,0.9635567
4584bbd67f7d41bf879b11ef3a8fd639.jpg,2,41.80035,2.830866,4,48.530023,-4.619672,948.3321,8.509601,0.68174917,0.005916059,0.7056358,0.6985264,1368.9177
45abc2d04a394041bc839db35a20d29e.jpg,8,66.316632,13.297645,8,66.315559,13.292764,0.24852742,0.16391167,0.8639767,0.014786422,0.84049904,0.9578874,0.24852742
45c1955e2643424a8cc54c4cd646798f.jpg,3,62.920974,21.183411,3,62.890771,21.22455,3.952188,2.2039413,0.87856954,0.012404859,0.8589278,0.9571365,3.952188
45d0c781be7c4d8eaf91e8662c935927.jpg,3,62.292163,23.704413,3,63.600648,28.018747,262.17218,21.440033,0.77151626,0.025387943,0.74893546,0.86590797,182.20929
45f86f1d6b974ba59f729caf9e3c064c.jpg,3,67.50209,26.06033,3,67.544841,25.77623,12.979076,12.979076,0.85836476,0.041845083,0.8313287,0.96650887,12.979076
462d6afbba474cb0a318dd907d7c54c2.jpg,0,53.324103,27.09584,9,53.729954,15.779017,748.5971,71.40077,0.7110673,0.004095316,0.68659174,0.8579694,429.21777
4641e1d3f7dd4f5982c3403cddaa7d44.jpg,2,38.797892,-2.337173,8,58.0523,7.657863,2258.8074,13.142331,0.7260166,0.03606409,0.7252423,0.75154775,2263.1294
46521ebb8b934ccd835104b0e228e611.jpg,2,28.66924,-17.772322,2,39.971872,-0.58087,2011.6375,20.257826,0.7070761,0.016423285,0.7135486,0.80807537,1956.3429
46576bba1efc41e8809a40417cdc3382.jpg,7,40.58037,16.577038,7,40.485919,16.309423,24.936138,1.1238196,0.77954966,0.0021964312,0.75795835,0.8659148,24.936138
4670e793d62b4d0e98d9269d51c3c1d4.jpg,7,36.773755,14.908386,7,37.257603,14.504876,64.63812,11.911349,0.7479583,0.01809913,0.73639846,0.88809836,516.30963
468430c32f8a4843bd17e998e71add20.jpg,7,44.509457,9.793595,2,43.294698,-5.136941,1202.1144,53.12636,0.6684575,0.01877141,0.66746765,0.68784654,1236.6616
468ed84a2a304845b6d8ebb1eab63169.jpg,1,50.492264,10.208583,3,64.149102,28.25491,1851.2139,864.1429,0.6595873,0.028362691,0.653071,0.7848923,1214.4788
46bbf9147d3245488669ac55d381cbe4.jpg,10,66.65806,19.946702,10,66.657957,19.94757,0.039920095,0.039920095,0.9524012,0.06456423,0.9435084,0.9879727,0.039920095
470a1bb810c74f84ab3a5e59fda7f917.jpg,8,61.865239,6.269287,8,61.865314,6.273277,0.20937638,0.20937638,0.7572808,0.0040442944,0.724024,0.92013156,62.117958
472ad7bc8c1f40059b2cf408f809eb04.jpg,0,53.246339,29.443691,0,53.596495,29.935068,50.75576,0.106788136,0.8069173,0.020745397,0.7938091,0.85934997,50.75576
474258f1525d4fc98d5587c0e6924af6.jpg,9,54.201122,17.516614,1,53.997436,11.540971,390.16962,2.6116407,0.7355312,0.022367656,0.72339183,0.8656087,232.43303
474cb50379184cc6bb882b2e91748ab6.jpg,6,65.414802,-14.569327,6,65.668297,-19.596623,233.09511,3.7395275,0.88153374,0.014670551,0.86756337,0.95946765,40.23413
4766caf29fc04401bf9d415fb970c8eb.jpg,9,49.872828,19.04911,7,40.736604,8.532698,1304.4958,37.17658,0.6408886,0.022045791,0.65300566,0.70329607,1638.3724
477a27cef95f4125bc7e344a133beb98.jpg,11,40.544976,43.201066,11,40.471631,43.327216,13.426019,7.7924666,0.8357561,0.03814876,0.81377715,0.92929864,120.625595
477d34023ae445af9c519da29409b62b.jpg,6,65.98815,-16.408818,5,57.173271,-6.063268,1119.4628,43.862385,0.70346767,0.0020321608,0.7383995,0.7049649,2063.0244
47a1a0687840443185aae557746b06af.jpg,2,39.350222,3.184964,11,36.330829,33.661533,2684.376,278.66568,0.7012389,0.002648294,0.70273834,0.8131387,1063.3303
47a894a8f3b64f899448df92ca5f0685.jpg,8,62.049625,7.25159,8,62.060226,7.258702,1.2356628,0.45944035,0.7373642,0.0037645102,0.70875305,0.9244946,18.803629
47c37afe42d44b3497b68d7ad36ea12d.jpg,5,57.439806,-6.753871,5,50.002647,-5.214381,833.09863,0.23579223,0.6748021,0.0037931204,0.6483978,0.87025845,584.8501
47dcc3c436b945c7b8f9122fb4406194.jpg,5,56.340248,-3.548863,5,58.506131,-6.261553,290.4295,21.743471,0.78749156,0.010325909,0.7830191,0.8371578,218.9305
47fb85a3973f4324b9430359171b8bae.jpg,3,64.921002,27.613078,3,66.383732,25.871219,181.17645,3.7776117,0.88816,0.021147966,0.87065756,0.9736849,160.432
4810882d3f84479b863f7778f3e8d02d.jpg,10,67.64128,20.943796,10,67.64169,20.943695,0.04578979,0.04578979,0.79766333,0.053750277,0.7845634,0.8500628,0.04578979
48165b1480584c638703e1febf0bdc24.jpg,8,69.494306,25.481535,8,69.465926,25.47615,3.162689,0.99673724,0.87122226,0.016750038,0.85588,0.95613956,8.995353
48328b91043343429411f11f3413b691.jpg,9,53.42637,17.16252,1,51.928671,13.935553,273.93414,98.13129,0.7537128,0.008539557,0.7429065,0.8461916,270.68204
484eb66f9ff64a5f8948907557d04726.jpg,2,42.494222,-3.07377,3,68.360777,27.41541,3384.0884,331.1003,0.6762275,0.014400244,0.66530764,0.71990705,3384.0884
484f10dd91d94b40b38ab0548090d651.jpg,6,63.986584,-16.398343,6,63.985706,-16.399769,0.1198662,0.1198662,0.93881226,0.08862519,0.9357729,0.9509696,0.1198662
485fc301ff544e349d552510f9c59c7e.jpg,7,40.485485,16.303157,7,40.486163,16.302527,0.092317075,0.092317075,0.9511733,0.08090496,0.94585085,0.9724633,0.092317075
486ae374e5bc4d8ba33c23b44b9eedeb.jpg,5,55.81367,-3.298209,6,64.936459,-22.901872,1468.476,9.39923,0.6727123,0.0062541366,0.6794908,0.711143,271.12708
4888245708e24cab8529b98640a70b44.jpg,6,66.065286,-18.531284,6,66.067794,-18.531692,0.2794839,0.2794839,0.913777,0.097867966,0.90351605,0.95482063,0.2794839
48dd3c6be81e4b14b0bde9d205cbd9c9.jpg,11,39.175179,27.850352,7,40.598118,16.98899,939.4829,349.28485,0.61839026,0.020159185,0.5929401,0.77106184,966.22235
48e7cec559e84b6399a60f72e00b995e.jpg,7,42.57131,14.099177,7,42.55573,14.112832,2.0620182,2.0620182,0.7701485,0.030527294,0.79254794,0.81324244,1032.5586
48ff48bcd32e4b80b92c826714ce083e.jpg,6,64.964155,-22.890035,6,64.945375,-22.900832,2.1492028,2.1492028,0.8434321,0.013647497,0.82790774,0.9448669,11.020539
490c9d5d6bba47e6a0832eb06adf0015.jpg,10,58.103369,13.835063,5,50.133746,-5.307795,1521.649,24.406357,0.62391865,0.00050765276,0.62813306,0.7221537,1472.0973
490ca2f59c004b768250607c8ec16222.jpg,1,50.134696,9.403593,1,50.12901,9.39222,1.0280577,1.0280577,0.7565649,0.07703918,0.73935354,0.8254105,1.0280577
4914cd9b6a7c4b41991cb33f29657e21.jpg,3,65.068917,28.899168,3,67.139356,28.717167,230.36829,7.418956,0.8935182,0.006591797,0.88081634,0.95887244,179.19313
496b604f6e27476f85854596e76e2feb.jpg,6,65.288631,-21.748123,6,65.31446,-21.744239,2.8777215,0.22151202,0.88594675,0.06346166,0.8645414,0.97156787,2.8777215
499d4c55384d4df6aaa207a178c2fe10.jpg,1,52.823001,13.940233,1,53.45502,8.344848,379.68387,15.292275,0.73675954,0.003416717,0.71879786,0.8504031,420.39606
49aad7c10de9414e9ed30554109341f8.jpg,0,53.129083,29.487088,0,53.069735,29.987999,34.08797,11.064861,0.8604648,0.05809772,0.83388424,0.966787,34.08797
49bb9f5239b24b868dcc593f63903e96.jpg,1,54.244428,10.590835,9,51.493983,23.54388,920.0472,285.90298,0.6829264,2.6166439e-05,0.6665617,0.7890153,725.6503
49ef156911ba439aa0c3ff8b252148c2.jpg,1,48.648046,13.410859,10,59.837076,17.521568,1271.8994,664.62994,0.74140465,0.03225267,0.70808643,0.87467754,1271.8994
4a057608112e41f289448e742d20af01.jpg,0,53.032974,25.65375,0,53.051938,25.544566,7.5977726,0.12028607,0.8015863,0.10010135,0.7643325,0.95060146,7.5977726
4a14781e28494a2c978d686aebd1ed3c.jpg,0,54.73364,25.983014,0,54.266668,26.305497,55.944504,2.6010501,0.8616111,0.012075186,0.8464184,0.92536306,337.2083
4a98b99c0367435fafdc78604f99c3b2.jpg,11,37.045075,37.380866,7,40.564258,16.398659,1855.0487,1.364886,0.6168177,0.010261118,0.609639,0.7491283,2349.7546
4a9ef0215b3c4fd0a5f76616d1ea810f.jpg,7,44.69207,11.305349,4,46.434166,3.083105,668.4075,380.05792,0.6503823,0.026829839,0.60941327,0.81425834,668.4075
4aa0d89ab1c24e9980fd316cb28661c0.jpg,8,68.504077,16.912181,8,68.502395,16.894419,0.74752873,0.74752873,0.8793535,0.0011912584,0.8692842,0.96397483,0.9673871
4ad45eb66e8a4ed0883ff94cb7175f92.jpg,9,54.244746,16.563825,9,51.429984,22.494215,506.31427,14.1945715,0.70911723,0.040170252,0.72032714,0.72351336,499.99
4af2b71be53e4eb58433acedbb01e3d3.jpg,7,39.097798,8.365427,7,39.062047,8.433358,7.08415,2.0061765,0.7640759,0.026008785,0.723102,0.9500805,8.740214
4b3300fc8f264dc882f088c97ee999be.jpg,10,62.106702,13.385703,10,64.517069,20.809847,457.04834,8.941649,0.8372432,0.0024318695,0.8363433,0.9229039,487.9541
4b5267f5f0c24d7392d29a74f61ba9a9.jpg,5,50.330334,-4.813976,5,50.279947,-4.991215,13.778147,1.4657446,0.84518486,0.025215864,0.8284821,0.91199565,13.778147
4b62c2b463b047bca751f1a527d12e99.jpg,0,52.345096,25.017779,11,36.532463,33.588648,1882.2098,47.194122,0.685875,0.007599771,0.6939792,0.74442613,918.08984
4b6369b167d244a4b8ee1a7605c39b32.jpg,10,57.693462,18.559936,9,51.72534,21.06443,682.72833,1.7621678,0.71303946,0.026753664,0.67793524,0.8534563,682.72833
4b7c752148134669b42dd1c7456166fc.jpg,4,45.74292,-0.853386,4,45.845665,-1.156624,26.138765,7.820764,0.8734177,0.06614357,0.8625124,0.9170387,26.138765
4bb1417857d24acb8118bb72c4e5d4e5.jpg,0,52.927488,30.068844,0,52.831895,29.388148,46.898487,2.6934822,0.78820646,0.0060744286,0.76606196,0.88540965,26.15348
4bc02f2a1a21419d9f5f623773664300.jpg,10,65.882163,19.462928,10,65.878319,19.462936,0.42743403,0.42743403,0.9148205,0.013319075,0.90306723,0.9618335,0.42743403
4bf0daf20520463baa16b8bd0925ea73.jpg,8,68.354185,18.808385,8,68.421026,18.683145,9.030525,8.854057,0.80662775,0.044048548,0.80367076,0.8184554,9.030525
4c0473fc8e0d4d938c9d189c5f3c52d0.jpg,2,39.035976,-1.904517,2,37.084424,-4.375483,306.39142,0.39230293,0.6327243,0.0076084137,0.63244486,0.7374432,164.60991
4c0afa34f1eb428599c00dae7d5fe47d.jpg,9,53.70956,17.000648,3,61.531291,24.252295,969.6819,46.763683,0.63186985,0.017177582,0.6333449,0.7075782,171.02907
4c10f418ac90479aa37ddfd9467aec8f.jpg,11,38.632394,27.666155,11,38.615044,27.668099,1.9366122,1.9366122,0.90925187,0.044282496,0.89738697,0.9567115,1.9366122
4c30a79e247a444bb87a5ac9a30ba168.jpg,7,42.82017,11.760386,6,64.773841,-23.884151,3298.799,828.2549,0.71626943,0.007871568,0.7242958,0.7712426,1439.2152
4c4183dfd7d843dca607ec531c3abeb6.jpg,5,57.842798,-5.076834,5,57.556558,-5.101145,31.86124,2.3927252,0.8043744,0.00013494492,0.77619684,0.9253422,41.263893
4c64a17894694222bd328d5652b44b46.jpg,11,39.791325,34.196772,6,63.843724,-22.409829,4498.747,12.1475525,0.64896214,0.0156703,0.64411855,0.756155,4301.389
4c8d9d83b6924894ab78a8ada8fdee3d.jpg,3,62.158051,30.057539,3,62.147318,30.047574,1.300862,0.4209935,0.8851359,0.03148663,0.8673346,0.95634085,1.300862
4cd85665cf3b40cf95c6aca77d092095.jpg,4,49.116224,-0.508314,4,46.185313,-0.979341,327.8053,10.181864,0.68177557,0.017254949,0.67071676,0.80474544,750.8086
4ce4e1c4979043f780de0e169f8b9b95.jpg,8,58.143277,7.863374,8,58.143655,7.864008,0.05613486,0.05613486,0.76387304,0.057760775,0.73753726,0.8692159,0.05613486
4d0a6c08843d4b3b8f5fa38615a8b285.jpg,9,51.585864,20.067955,1,52.981844,13.835228,451.31293,98.35561,0.7331028,0.0041834116,0.7158671,0.8269284,283.5917
4d0d728dbbbf444690dae17745f28d7f.jpg,1,53.543606,8.13631,1,52.505012,7.081913,135.31139,16.949373,0.6853953,0.0015662909,0.6848082,0.7173025,300.93375
4d12011b22b54a8aa160e8cc49c0fe58.jpg,4,42.905072,1.429729,11,40.961745,40.533511,3212.7295,98.70656,0.5831975,0.0056023,0.5805767,0.7532495,3172.6372
4d1bcfe366d64aacb324ca4e0b8882b5.jpg,4,49.362097,-1.192688,10,62.558781,14.308742,1746.1709,550.3797,0.6487405,0.010292351,0.64890397,0.7664925,2097.7056
4d1d5addcc7843ab984932e4f51739a2.jpg,7,44.304192,7.153658,7,44.313225,7.211355,4.6995254,4.6995254,0.7579813,0.07210165,0.75883865,0.7593546,13.185189
4d2e9f438c46486bbd4f606bb4da3816.jpg,1,50.356695,7.75832,4,49.249601,2.586671,390.93845,16.146017,0.6589354,0.009867132,0.63198614,0.7667325,390.93845
4d36d6f05d5641debbd178f35760cc26.jpg,0,53.998808,28.631085,9,54.160846,17.942825,696.7997,192.86975,0.70681244,0.014865279,0.68794835,0.81807125,359.5115
4d51735b36d144259796cbb18fb7c2f1.jpg,4,49.186167,5.809514,4,44.615424,-1.061537,728.02155,330.3722,0.7464364,0.021381795,0.76326036,0.7612442,2645.4805
4d61da32ba30469fa3e66c6346075184.jpg,6,63.490982,-19.362252,6,65.242388,-21.769507,226.53874,1.4018677,0.74120855,0.0018231869,0.7076434,0.879377,108.410164
4d9561af2cfb48e0bf9c43f7c0d98acd.jpg,4,42.961222,9.400118,4,42.962556,9.403071,0.28239155,0.28239155,0.7472291,0.08334249,0.71696794,0.8682735,0.28239155
4db991d80a7a411f867f3eda01ae3d1b.jpg,3,68.378519,27.409217,3,68.385087,27.409191,0.73033005,0.057775132,0.9273736,0.013339281,0.91122586,0.99196434,0.73033005
4dba768ddb2741709bfb2e78ef1f24ec.jpg,2,42.432153,-7.703815,2,42.436649,-7.705097,0.51088387,0.51088387,0.71032846,0.0019028783,0.68148357,0.82570803,0.51088387
4dc8f2c2d0ea44fe8a91054dc5e400da.jpg,1,50.778816,10.200671,1,50.488534,12.973709,198.2112,39.947502,0.6907165,0.028523088,0.6922152,0.7741916,968.42865
4df03b39bb664823abe30822995fda94.jpg,6,65.829422,-14.838817,6,65.570134,-19.349029,208.33931,7.255893,0.8160138,0.016004443,0.7884724,0.9360743,216.23639
4e028f78b18148beaf09f22aa501c6f8.jpg,11,38.115543,27.348554,11,38.120623,27.345683,0.6181913,0.6181913,0.8907588,0.07015675,0.869411,0.9761499,0.6181913
4e43bb2e49434f1096d2e47dd6e0f679.jpg,0,52.795608,29.407099,0,52.797969,29.406642,0.2643235,0.2643235,0.84594136,0.030804932,0.8242259,0.93280315,0.2643235
4e4ce1d55f2040d79b08961385c6d8b8.jpg,7,41.075191,14.926437,2,41.537821,-5.953375,1740.5713,25.69976,0.70720613,0.039143622,0.68898475,0.78009146,1740.5713
4e75769a7cc44e50a856228996bc86a9.jpg,11,39.292443,29.972252,8,69.544083,18.989859,3425.9575,0.59111506,0.7306473,0.00022780895,0.72270745,0.82371205,3412.1667
4e8a872169f948b4b3c3caedaa6e464d.jpg,6,63.676546,-18.389269,6,63.684204,-18.359394,1.7013192,1.5942434,0.92397535,0.0015166402,0.9168211,0.97058105,5.5926313
4e91b8acb02541b4b40c6e24f532eda6.jpg,7,41.966591,14.917197,11,39.34618,26.780973,1041.3353,32.95508,0.68494004,0.0027055144,0.6836523,0.79075694,80.4756
4e9248046476424d892b18d901004434.jpg,1,49.523044,10.094488,1,49.562134,10.324151,17.131355,17.131355,0.69299066,0.030154169,0.69548273,0.77174795,1298.1254
4ea2e3482fc3410b89c26a267c74cca4.jpg,8,62.559321,6.127328,8,62.539636,6.126605,2.189189,0.1901162,0.75868654,0.10414982,0.73771846,0.84255886,2.189189
4eb49ec263bd4bd0a41e357f9dd42206.jpg,10,59.866173,18.137683,10,57.893674,15.79472,257.32944,209.0053,0.61053693,0.009429991,0.5772021,0.81230205,934.34595
4eb527c27a8c4154ba5f5859622f851b.jpg,6,65.911059,-19.396349,6,65.907205,-19.396411,0.4285551,0.4285551,0.90855914,0.015470684,0.8923797,0.9818945,5.3240623
4ebb4f89b2844499846aae516e1d0393.jpg,6,65.856794,-23.439946,6,65.779176,-23.235214,12.706437,2.2674925,0.9260858,0.022040844,0.9099374,0.9906796,12.706437
4ed01f85342d4c73987773142b530fb7.jpg,1,52.356261,7.303027,1,53.462868,11.628761,315.0322,16.764803,0.77040464,0.0037106872,0.75303143,0.8510844,539.19617
4ed0a0b6ef9a4277ae5bcfa7c817e604.jpg,1,54.434914,9.336521,5,51.955147,-1.826222,792.04236,272.0418,0.6495501,0.008828938,0.6355999,0.71515673,1627.3337
4ed4713e101d468f852882d7f11669be.jpg,9,53.288425,15.765717,1,49.022165,7.870251,726.0729,12.997377,0.65792847,0.03173518,0.6571194,0.7852935,537.9542
4edc9f30ca4c4362b34880931b480d1c.jpg,1,51.793185,10.603517,7,44.179815,10.085065,847.4421,18.98545,0.6281074,0.024034798,0.6057228,0.81627727,180.9081
4f165c407a5b4c6a8549c4697fe424c6.jpg,1,51.847743,6.165924,1,53.782348,9.30698,301.3367,34.615906,0.69926697,0.0023208857,0.72061884,0.80085564,656.09503
4f39f1e9239a400eb41bd30700102fdc.jpg,10,60.198102,16.593615,10,59.865138,16.822127,39.13911,0.14844872,0.76590425,0.027191281,0.74862564,0.83501863,39.13911
4f9ea5f3fb644ea5893db789704e30a7.jpg,5,51.110941,-1.673939,9,51.794583,19.422899,1458.708,1176.1064,0.70094013,0.05933404,0.6730461,0.81827796,1746.9742
4faa6b5169234448a05a9db2086ada6d.jpg,10,57.560415,12.015431,3,63.597622,22.762011,889.4533,38.3014,0.6526676,0.008906782,0.6558747,0.74555194,1090.2461
4fb99e061ba84d32b2f541e772caa901.jpg,9,51.349538,15.610458,9,51.478109,15.268282,27.704102,4.3091407,0.80167836,0.08361876,0.78929806,0.85119957,27.704102
4fbfd7ab4a48463ab93e4b0ba9ea8574.jpg,2,39.383733,2.998294,2,39.384622,2.996997,0.14898694,0.14898694,0.89714074,0.109761,0.88060224,0.9632946,0.14898694
4fe37557a9c843ff857ca1852571d457.jpg,7,41.071664,9.210277,7,40.97467,9.118454,13.253644,8.065785,0.7337123,0.01995802,0.6956935,0.8857874,13.253644
50263e59b5bc4393af46bee3b41d97c0.jpg,8,67.251914,15.429909,8,66.755091,15.834581,57.97353,0.54952866,0.75735617,0.008771241,0.7483121,0.8676255,0.96502405
50460414b229415fb940de88c0a8cf22.jpg,6,65.03562,-14.109742,6,65.248194,-14.356785,26.307058,4.8063073,0.7705418,0.0037656426,0.76298344,0.8451294,145.09573
5050a007c9834521be70c3694bdcb60a.jpg,6,65.760098,-23.883282,6,65.749061,-23.842507,2.2299533,0.5347483,0.77800786,0.0142712,0.74702585,0.9086371,9.975965
50537e6c4bac4ae786426f3de267dd5f.jpg,2,39.66495,3.267195,2,39.662993,3.223561,3.7413208,3.7413208,0.6662963,0.0016260743,0.66074705,0.791716,2409.0698
509786f6488f4eab8928695e42b8c4aa.jpg,1,54.199539,13.070523,1,47.847501,8.754111,767.7735,126.692345,0.6860208,0.001306653,0.677887,0.7378609,1122.3748
50cb3a8c2f2348fcbf5e2873a087c9d3.jpg,5,56.126394,-5.130044,5,52.479605,-2.899058,430.50818,9.429186,0.7883597,0.0063458085,0.7713852,0.89197564,346.67407
50d9b30ee83c4059b95b3fe0f7d4e76c.jpg,10,59.134639,16.45956,10,59.902445,16.751614,86.950745,77.11363,0.7235569,0.050936043,0.702566,0.8397932,580.0534
511a6e08641445c582cfc3e3dff00c49.jpg,3,62.040821,23.663412,3,61.916374,23.693425,13.926432,2.8282347,0.86784977,0.012975812,0.8476164,0.9574997,139.82419
516df726f2334468be3e2d4e3817895c.jpg,0,53.471437,30.369359,0,53.596944,30.343356,14.061169,0.58444077,0.82105494,0.05038899,0.7934979,0.9312829,14.061169
51935f90d70a4d08a6866629619942d4.jpg,8,69.297262,15.993282,7,44.095861,8.127171,2837.806,548.0593,0.7247138,0.050917506,0.7254704,0.7456625,3253.632
519ef0c852624d22a2d38de6ff021a61.jpg,10,66.59737,19.499125,10,66.579899,20.477323,43.261093,11.978015,0.8838658,0.008270979,0.86632735,0.96369374,159.01118
51be8744ff5b4b68b638ba337d4bca2c.jpg,10,67.739085,20.668919,10,67.844798,20.396218,16.417463,4.336195,0.75625014,0.009038985,0.7414818,0.8300915,262.58203
51c6bcc43c114f5bb7b09270e196a23b.jpg,4,44.69824,3.023086,1,53.45502,8.344848,1047.3033,523.6934,0.6850071,0.007738948,0.6594573,0.8009363,1056.725
51d734d5d4724d05a5263c637e99c04b.jpg,2,37.29686,-5.712545,2,37.420785,-5.912494,22.409603,22.401735,0.7480724,0.006454468,0.7490897,0.78963596,393.06204
51feea5a715948a18559e5a6ff3aadd6.jpg,11,38.671327,41.198874,11,38.671617,41.199049,0.0356462,0.0356462,0.93681985,0.052378237,0.92365974,0.9894603,0.0356462
5202c54f6762468d99831ec3e3803ed9.jpg,8,60.24325,5.367878,8,60.242275,5.367856,0.10842195,0.10842195,0.7602925,0.08438176,0.75841,0.78692997,62.74272
52093e3ebe424a848c835092ee8491f1.jpg,10,59.577443,16.845407,10,59.220796,16.615308,41.74139,15.9493,0.7721164,0.081710696,0.747937,0.8688338,41.74139
5240c79a2c654397a3813fad4d8e1c15.jpg,3,65.25382,26.500389,3,65.238803,26.453585,2.7453692,2.7453692,0.88302577,0.111986995,0.85860443,0.9807108,2.7453692
5250d40ddca548f0b496fbabf58ceb42.jpg,11,40.910299,35.638072,11,40.915877,35.640699,0.65835786,0.65835786,0.9016481,0.06902963,0.8896834,0.94950664,0.65835786
528e2b28e1e142cb92100540f6367ce3.jpg,1,51.384251,8.585794,1,53.356219,7.915865,223.93767,50.989365,0.64496154,0.02794826,0.6343823,0.7616147,241.49808
5298142342f340d398af5499bef83dfc.jpg,11,40.681634,36.551816,7,46.158649,13.33613,1963.1161,141.6529,0.6026828,0.019142985,0.60378927,0.7116943,1889.1008
529a87ec52774692a1cca23415104d73.jpg,0,53.005676,27.456991,0,52.980358,26.912436,36.555374,4.6767654,0.8810802,0.010478079,0.86311436,0.9616364,34.961216
52a08b3330d543d7b3d4341ff8b3954e.jpg,7,39.323828,9.146098,7,46.159143,12.836418,817.37683,0.22725749,0.7330421,0.025068462,0.71952724,0.8298658,824.29114
52b003f372a94a718d5c76e42de0c230.jpg,4,47.254909,1.935427,2,39.321286,-0.410527,902.2656,9.590049,0.7617133,0.0012910366,0.7594591,0.8501418,88.856834
52b06666b1d944c5a53f3d47f71882f7.jpg,6,65.480624,-22.129612,6,65.578864,-22.13482,10.926438,0.99487925,0.91147304,0.002793789,0.89270484,0.9865456,10.926438
52b5c5e7e7a846588d66b2bd1f87d02c.jpg,6,64.741541,-14.35551,6,64.746277,-14.366548,0.7426744,0.7426744,0.91463774,0.006101012,0.9039451,0.9706517,9.468374
52d21375d2a743d88119e4b7e7378497.jpg,0,53.616386,27.465608,0,53.615614,27.465529,0.0860006,0.0860006,0.92503333,0.02287817,0.9088499,0.98976684,0.0860006
52f45cdc851c469c8d4e774532e0d67f.jpg,2,41.935253,-6.724018,7,43.754894,10.763988,1437.2844,61.418247,0.650165,0.0064914823,0.6742641,0.7130201,3113.03
52f5ef59154b44828aaf357f5c0ba586.jpg,0,52.570355,24.242677,3,60.322894,23.876627,862.33417,41.945206,0.5938109,0.007926464,0.56653965,0.76146257,1378.6095
5308da84d0e049d9a67d15aadb708e22.jpg,9,51.034292,22.532073,1,51.911262,13.542135,629.8289,55.185932,0.74142754,0.03170216,0.74088895,0.8030629,592.8233
533d57e1b72e477da584929cc55ade09.jpg,3,63.935415,23.440532,3,63.933639,23.436564,0.2767412,0.2767412,0.8617514,0.06449717,0.84361386,0.9343012,0.2767412
5349b54ec0184195a2bd9f821be07eec.jpg,8,68.8293,18.225257,8,68.856004,17.984385,10.112832,2.248835,0.80974394,0.021959007,0.78068244,0.95329463,30.44629
535429ca67d643a3ba5968d1295f829c.jpg,7,45.194042,12.15422,4,49.304136,1.12845,948.1486,177.66722,0.7318,0.011171639,0.72084975,0.77560085,948.1486
536bcf07d74c48c0b879d5b1da87baec.jpg,8,64.037841,10.057164,8,63.437116,11.726786,105.87336,1.5421804,0.73201555,0.03468734,0.72407365,0.7637831,105.87336
537389b1f15549769493acdfde2ca8d0.jpg,3,62.961849,28.558986,3,62.929168,28.238683,16.602125,1.1088706,0.8778287,0.010790229,0.8632481,0.9527129,7.0603476
539235ce649e4bcb8a1161d755f9438c.jpg,3,65.487875,28.79542,3,65.579642,28.919944,11.705042,4.325858,0.9003623,0.0048143864,0.8823209,0.97252786,11.705042
53c37fa6039b4d5bb5f7f48ebb40c780.jpg,8,61.539009,8.88646,8,61.429089,8.805149,12.9623375,12.9623375,0.61970615,0.019161582,0.63333905,0.68611455,2366.5815
53ca1823a9944003b67f1862f13f7676.jpg,7,45.151314,7.805021,7,45.298793,7.866709,17.09579,17.09579,0.74197954,0.04981953,0.7737727,0.70837986,1977.8174
53fd539294774fb89a8196db140a7b85.jpg,11,39.609539,40.188321,11,39.604715,40.184767,0.6167899,0.6167899,0.9166765,0.04075098,0.9020679,0.9751107,0.6167899
540d4c7529ea49e8840fb13840435196.jpg,11,36.817293,34.565584,11,36.81714,34.566285,0.064678766,0.064678766,0.75852305,0.06946933,0.7736213,0.7441286,1740.8392
5431ba3da64240b8b7061c25c0df9ad2.jpg,3,61.865383,29.741291,3,61.898763,29.807378,5.076512,3.1749294,0.8751007,0.0394457,0.8532007,0.9627006,5.076512
547310d1029e4009b09804e1665c124c.jpg,6,65.2768,-14.415082,5,58.491875,-6.248598,865.80414,442.17236,0.67719376,7.158518e-05,0.6722673,0.77112305,1227.0103
5485715bdc9a480db0b5ce125255016c.jpg,11,40.391804,29.456193,7,40.5915,8.375922,1778.4965,28.665491,0.798563,0.0049335957,0.7718557,0.9074025,1695.1029
549272161d7a4487bc4545a7882d4e10.jpg,4,47.958474,7.392711,4,49.696319,0.53088,537.9475,70.49018,0.7027062,0.010602593,0.7094806,0.79893553,658.54474
54a3cc1a6cf74ec988cdc4b9b3bae2ac.jpg,11,37.305125,30.44581,11,37.305121,30.448507,0.23854119,0.23854119,0.8362564,0.148117,0.8201416,0.90071523,0.23854119
54ae7e83db814f70837a4fa64044b8bb.jpg,10,55.967693,13.755658,1,51.787159,13.665057,464.89264,162.42468,0.70792294,0.0051876307,0.6887191,0.87099826,342.45703
54b176fa57b54d2fa06227bc26e3fd84.jpg,0,52.467516,29.278039,0,52.469873,29.280301,0.30359167,0.30359167,0.7599581,0.0070114136,0.7677305,0.79717207,319.2254
54b729bf5133456bb314f3b010ad2612.jpg,7,40.972457,9.235749,7,41.030527,8.970655,23.164331,2.949675,0.8557969,0.02193141,0.83440065,0.9558486,2.949675
54ffa6086649492f86ffe2ecebb33d36.jpg,2,36.323847,-5.954856,1,52.044924,11.878366,2240.7854,1803.8884,0.6870551,0.0064074397,0.6638822,0.7797466,2240.7854
5525c989c7a740f0b7d8ca4ca97e3a7b.jpg,4,48.450049,-4.487558,4,48.530023,-4.619672,13.186039,2.1982608,0.8593925,0.009183943,0.8365165,0.9508964,13.186039
55344917bc2e4657a6be6166975f7bbc.jpg,9,52.4992,20.909518,9,52.496954,20.877391,2.1891055,2.1891055,0.8024259,0.0029810667,0.791908,0.88245475,147.24225
5534605638dd4a27bea6dc2e291a5255.jpg,5,52.833242,1.073067,5,52.844367,1.063985,1.3792788,1.3792788,0.76678836,0.009613872,0.7642107,0.84263504,482.44934
554b7be5beec4694a2476d914e0a0241.jpg,8,62.535577,6.126951,8,62.539636,6.126605,0.45168945,0.45168945,0.7907896,0.04007995,0.7985684,0.76020503,1467.6876
558d3fe8dc7c49d6b6fdbb608790f395.jpg,5,56.453916,-5.690768,5,57.156151,-3.879499,135.10774,7.058785,0.76772606,0.007148862,0.75012326,0.8513364,113.343376
55e88598998641e0914d59486f6627e6.jpg,11,38.946792,36.044773,5,51.586342,-0.727957,3158.4438,2062.319,0.6237188,0.023124099,0.60798824,0.74583685,3462.6868
56024755a6e54192b5a4f604fc11d38e.jpg,4,42.954593,0.377998,4,47.650713,1.122088,525.4109,19.649984,0.7000397,0.016631186,0.68884933,0.74480104,525.4109
561e9649a4304384960bbb45425badf4.jpg,7,39.010606,8.384201,7,39.063531,8.433737,7.2758455,0.040862616,0.77000266,0.04578817,0.742796,0.87882924,7.2758455
56464811d78449a3be29e7a82578f552.jpg,8,59.500557,6.53722,8,59.475373,6.293143,14.061245,14.061245,0.690432,0.037245274,0.6860872,0.75554395,1464.5255
5660547f6e6c41e49ba3cba2c4d974be.jpg,5,58.52457,-4.683909,5,58.516323,-4.693038,1.0592074,0.38558167,0.8729115,0.004624903,0.8485024,0.97126174,1.9812266
56673d86abd3420e9b0349745b7c8541.jpg,2,41.807341,-0.708855,2,41.254274,-3.897115,272.40674,8.382337,0.6842331,0.008002758,0.6565962,0.85464764,261.35425
566bfd3769b44842be7b66cb3a546f24.jpg,10,65.600354,18.594167,10,65.584316,18.574997,1.9890198,1.9890198,0.889088,0.02668792,0.8693887,0.967885,1.9890198
56920d8fc4d5418a8705498f10898e48.jpg,2,36.746373,-6.047217,2,41.947476,3.120049,976.7556,2.962904,0.63104033,0.0140964985,0.6213212,0.74271524,850.49756
56c6edb8ad25483daa74982bbc63bc3c.jpg,4,46.554869,4.293959,4,46.388097,3.885522,36.362736,27.706726,0.6634915,0.024262428,0.68296814,0.8002744,347.93286
56e4de5325724d92a4e0dfeff2335d24.jpg,8,66.303742,13.562544,8,66.292976,13.767733,9.249236,9.249236,0.7066954,0.04039681,0.7069175,0.7760792,3384.5457
56fd4d4be13e489b98f6169fced3821b.jpg,3,64.16725,28.545896,3,66.244943,26.159261,256.3941,7.6512074,0.80996007,0.016441941,0.7891337,0.9391572,60.49885
572d922c07f546bcab3f6903752c930c.jpg,4,41.587986,9.304393,4,41.594061,9.324456,1.8000572,1.8000572,0.7382293,0.0035250783,0.7302341,0.78047526,857.8866
575d8a9301c64a0fab0933c949f19dff.jpg,0,51.635535,29.082124,0,51.649419,29.109509,2.44014,0.17069,0.7598337,0.027873218,0.73308647,0.8668227,2.44014
575fc48001e3420b9035e6bd2745e707.jpg,4,43.597519,6.857185,4,42.506531,2.651461,362.5746,1.3115255,0.69909614,0.02372235,0.70157593,0.7886577,283.85022
5763df67196d49f78e2e8310dbd06bee.jpg,6,63.831076,-22.508856,6,63.831391,-22.504548,0.21414348,0.21414348,0.9383505,0.037433207,0.9277031,0.98094004,0.21414348
57872818da6344aeb3c685031a19c995.jpg,9,53.457381,19.72589,7,41.642298,13.5805,1391.1002,354.97067,0.65710235,0.000469625,0.6479807,0.7745625,1768.5984
57875a8f3caa41a38a97368459728172.jpg,1,49.042671,10.836405,1,48.988377,10.88424,6.9726415,6.9726415,0.67663914,0.03311199,0.67005527,0.786306,456.4802
57a8209c08d54c8a8dd298276e0125a3.jpg,1,54.87669,8.871594,4,48.585429,6.44637,719.10443,162.10017,0.70644367,0.01822126,0.6978169,0.7708527,653.43445
57bdf2b5e4e54df4ae193a60e0bb74ba.jpg,4,45.702243,5.121857,1,54.423636,11.172715,1060.6658,268.63528,0.6701599,0.007368386,0.65140826,0.7451663,1060.6658
57c6b009a2274362bab34f13429b78bc.jpg,9,50.494027,22.356792,10,57.649989,12.065662,1038.8785,12.245286,0.61163956,0.020316958,0.60492396,0.7392601,122.91435
5827971369aa4e7ab123678f478dd668.jpg,7,43.387667,11.82205,7,40.609056,17.985908,595.4996,24.082012,0.71998847,0.004571438,0.71685195,0.8238926,33.072548
585583be64f64fceb90abc156f5a82f1.jpg,9,50.634421,18.476624,1,50.743487,13.334097,362.39737,66.13388,0.6393671,0.047960162,0.62090194,0.74390817,850.1897
586fb2f83a5a4ef98cbdde17aa49c71a.jpg,11,37.84027,27.245945,11,37.88537,27.271146,5.4811964,3.6508558,0.7448088,0.0043652654,0.7602034,0.8082251,1145.4386
588033d809064273aaa8fb8c7966b97e.jpg,2,39.563084,3.237049,2,39.562354,3.239057,0.19031179,0.19031179,0.85034806,0.064573765,0.82539797,0.95014846,0.19031179
589d88448bc74539bae710570c2cb468.jpg,0,55.912787,28.64226,0,55.933738,28.650292,2.3827877,0.60172206,0.84146976,0.0017618537,0.81432307,0.9547585,36.120655
589f027bbc5e42fb8759a55d80167fa4.jpg,9,52.21186,17.238567,9,54.459904,17.887855,253.65868,10.311008,0.75133884,0.0004762411,0.7433884,0.8163044,340.24655
58cadc07049a40f7ae0f419e0a68bc0a.jpg,9,54.185701,16.090026,7,45.039501,8.428196,1155.6172,29.283484,0.7167352,0.029816449,0.7314925,0.76876044,594.25616
58f8a43c264c4ac18388a4d1a2b07a72.jpg,0,51.920299,26.672082,0,51.923326,26.666495,0.50999177,0.50999177,0.90900606,0.041427076,0.8937697,0.96995133,0.50999177
593440894f634002b1d00921186befcb.jpg,5,58.513928,-4.806959,5,58.522621,-4.797917,1.1000183,0.6989295,0.8550186,0.004205644,0.82960165,0.95668626,1.1000183
5944fd3257924f6aa48fc4e0b859147d.jpg,2,43.363381,-8.308468,5,57.59418,-2.794363,1628.4637,771.7608,0.6437495,0.01132822,0.6276686,0.8183357,1021.5816
59920ace1a94468195650a10f2f98bd8.jpg,4,47.980674,-1.791415,4,47.189441,0.105315,167.257,6.565946,0.6474419,0.0034530163,0.6473784,0.7576519,231.45619
59990c4dbdf44a4995b4575dcd726a74.jpg,5,50.180973,-5.503108,5,56.724715,-2.55703,753.1463,2.5742452,0.702884,0.009864271,0.6836815,0.878754,748.6188
59c65cc9be1e4e45a402bbc11fa9fa83.jpg,9,53.02475,14.663969,9,53.019846,14.684518,1.4786289,1.4786289,0.6941173,0.002928555,0.67728597,0.8310766,43.171497
59dba2f3c7cc49e08ebcb5167349993c.jpg,0,51.644104,29.102623,0,51.640983,29.098483,0.44949684,0.12470729,0.89542454,0.027703226,0.8753147,0.9758638,0.44949684
59fdc5f34a554c549a7b5fb7f83a32b8.jpg,4,47.908792,3.510844,4,44.173996,5.901285,454.37363,293.3584,0.571585,0.0017094016,0.5952814,0.64813435,2750.9822
5a05dfcbd2e340f5a7a33274f081624f.jpg,1,50.873691,10.969218,7,45.698114,11.76909,578.524,166.03464,0.6898843,0.029091835,0.6691665,0.8109051,562.0581
5a09ebf88f484e968b9698af0a315fd4.jpg,5,53.385987,-0.768089,5,53.386774,-0.76904,0.10786929,0.10786929,0.77503586,0.009591579,0.74991536,0.9171251,132.75327
5a1b3bf6b5594dbc90968f23c3fae13c.jpg,2,42.501227,-8.779464,2,41.65757,-3.485564,446.7863,4.7394037,0.6679271,0.0012022853,0.66560256,0.79299915,323.45117
5a5947b5db0644428811ac6251e18c71.jpg,8,59.914491,5.295024,8,58.427187,6.014318,170.38205,0.46063864,0.77023625,0.0023832321,0.73117626,0.95989275,167.95654
5a6a1875431142eaa8682c72009ec2b0.jpg,2,39.424602,3.150363,2,39.357139,3.19963,8.613837,1.6818074,0.78363174,0.0020290017,0.749321,0.9496701,1.6818074
5a7706c79f0647b984ecd0cbaad95645.jpg,9,53.488128,19.349458,9,53.360994,19.775542,31.573427,1.738192,0.760679,0.036795795,0.75005937,0.82459724,1.738192
5aa619b0e691400386b2f7774a46ba0d.jpg,7,44.686585,7.20671,5,50.424598,-4.668645,1093.921,54.43798,0.7377157,0.055499315,0.73679566,0.7413958,1093.921
5aaf972d9f1945fea6f3c754c2e7bf91.jpg,11,37.619433,39.161097,0,52.361655,23.64767,2034.2091,14.736025,0.7233711,0.002417922,0.7291169,0.77629733,3241.0776
5aaf9b55ee404f3e98714326710f57c1.jpg,10,60.469698,18.410898,1,51.003275,14.411943,1081.4794,74.14737,0.63062835,0.011096895,0.5974651,0.7669368,611.7372
5ab91dbdd3e346a3865b9b0be2f7d228.jpg,0,53.734126,30.452856,0,53.790706,30.93654,32.40962,0.44251934,0.7303334,0.04779941,0.713696,0.8470669,171.88632
5b0226e61f9e4c158cd4863b9bc40440.jpg,10,63.587738,19.364633,10,65.303074,16.726778,228.84662,26.615349,0.85193914,0.013002038,0.8319995,0.93169785,228.84662
5b218b93cf4949eb93d321accf57df0a.jpg,7,38.49917,16.528403,2,42.437567,-3.07748,1711.0454,241.65456,0.6735787,0.024893641,0.67743814,0.7073394,3793.4248
5b25a8ac59d94a768c268841461963bd.jpg,8,64.427028,14.330503,10,64.344933,14.714131,20.576784,2.692229,0.86461335,0.0078520775,0.84299886,0.9671918,26.016016
5b63035daad54543a90ce1e6a92e57da.jpg,6,65.944783,-19.412038,6,65.950373,-19.411712,0.6217561,0.6217561,0.92388505,0.0046206117,0.91345453,0.9875206,22.2915
5b6bfad21f2f4b0ba6745b6531ed375c.jpg,8,60.220276,6.43698,8,60.2219,6.436061,0.18757728,0.18757728,0.88831246,0.17161632,0.8672362,0.9726175,0.18757728
5b89d5c323da44c788da3f713e1cab05.jpg,0,52.238617,27.52356,0,52.2402,27.498884,1.6894282,1.6894282,0.81742626,0.0026963353,0.8073839,0.94098747,18.46525
5ba3a8802bee451bab31d0d8b3c5b752.jpg,1,53.548036,12.712733,1,53.579789,12.725136,3.6245465,3.6245465,0.8470551,0.027647853,0.8303559,0.91385174,3.6245465
5bc02efdebba4d70a57e327d28423a42.jpg,1,51.826717,14.072883,5,51.340338,-0.946894,1037.3357,20.310614,0.6950886,0.018204272,0.67822653,0.7625369,1037.3357
5bea3f26d5dc49a3b09273535a8c3603.jpg,5,57.680219,-4.037137,7,45.83023,11.838834,1703.1832,713.8529,0.6186915,0.026847005,0.6198955,0.7029052,1833.3136
5bed37cfeb3b4ceaab1f1178def064d4.jpg,1,50.38936,7.682787,4,48.146609,-1.118458,685.0333,11.644378,0.6716915,0.015505493,0.6675005,0.7147418,751.21173
5c1c7782ce754751965e4147126831b4.jpg,4,47.909911,2.734171,9,51.270098,23.158438,1513.4537,11.787963,0.7514681,0.0072602034,0.73477155,0.8383666,1514.9634
5c22383f65e6475f9b69bb549868eeaf.jpg,10,61.410477,16.597688,10,61.413824,16.572381,1.3970078,1.3970078,0.6861253,0.020762801,0.6728591,0.8192104,666.0047
5c2af6dd0f8b4737af567efbc01b29bb.jpg,6,66.007638,-14.847518,6,66.008338,-14.846748,0.0852675,0.0852675,0.96469235,0.090346515,0.9601979,0.9826697,0.0852675
5c2e27ccce0d4afbba07cca14e141fa2.jpg,1,54.023799,9.282638,0,52.239269,31.266029,1473.8799,567.4469,0.5971716,0.00046378374,0.58873546,0.7157631,1252.4391
5c558fb089804628bd324ce4df4f89c8.jpg,1,50.184997,11.309542,1,50.613346,10.327426,84.346245,50.439293,0.66109717,0.0055354238,0.65027153,0.77633536,1345.9274
5c7d00586f724153baada62e26090bc9.jpg,3,65.903662,24.10041,3,65.869549,24.118966,3.885735,0.61685556,0.8912129,0.02799803,0.87818897,0.94330835,3.885735
5c954278a957441899ac4a8d7e92ad8c.jpg,3,62.672043,21.571735,3,62.847344,21.699506,20.548767,4.9237685,0.86513335,0.014058232,0.8470942,0.93728983,20.548767
5cb9f10f32ad4aebad4a46a6e11b2547.jpg,11,39.985511,29.963758,4,42.010395,8.747433,1790.0334,44.257137,0.70758593,0.009762466,0.7111821,0.775561,1528.6405
5cd93a021a4741a98ee86f166b98ef56.jpg,7,44.456408,10.653324,7,43.522332,10.378599,106.164375,16.050867,0.7057348,0.01507467,0.69416666,0.8071905,664.53394
5d5a2b7d4d474b009c0b2df4cb9f2332.jpg,10,57.625799,18.527501,10,63.964249,14.073303,744.64624,7.417745,0.82231295,0.029743075,0.793419,0.93788844,744.64624
5d6bc5b61a414677b501d7f66d4a1013.jpg,3,61.693866,29.687774,3,61.693186,29.689476,0.11734941,0.11734941,0.7500316,0.11096895,0.7521175,0.7929209,425.52817
5d8af69de52d416aa8a8a2f2233ab751.jpg,9,53.186024,19.20996,9,52.325643,20.854815,146.30046,36.756683,0.70800894,0.026442647,0.7067667,0.7876935,448.2031
5db8a5dc91614eff9da0932f202e50ba.jpg,9,53.476695,16.56726,4,48.043558,-4.467635,1590.6929,705.9051,0.76141095,0.020364523,0.750882,0.82406527,1440.4133
5de4b43e66864ffdb6fef16e2edb4e84.jpg,10,66.231511,19.932041,10,66.161791,19.955699,7.8248863,5.8148637,0.9155341,0.019903123,0.9085928,0.96976125,26.445124
5df0bfe5f0e346d9b2df6c6e7ab698a9.jpg,10,56.34633,13.828332,1,52.286476,14.281298,452.3881,2.1262796,0.6873417,0.009721041,0.6735866,0.822153,413.27557
5e178412320347879435494d64d9fc2b.jpg,6,65.780336,-18.235269,6,66.044008,-19.345947,58.311207,4.2502537,0.7961612,0.002086401,0.78708017,0.85143536,58.34284
5e32f9e4955a4380bbf24e0ef7270bcb.jpg,8,58.259107,7.971425,8,58.258576,7.971341,0.059248682,0.059248682,0.7727475,0.04317063,0.76159894,0.8173417,0.059248682
5e5d2a9d45f3472cac372faf2f2888ae.jpg,9,51.458535,22.453649,4,49.249601,2.586671,1426.1425,409.9503,0.6395463,0.015104592,0.6114543,0.76866746,1477.8379
5e8200ceb0b94ecb83210adeefa64db1.jpg,3,63.071916,29.852636,3,63.14407,29.79341,8.558283,0.70846444,0.7532157,0.03225839,0.7565709,0.76230675,69.98721
5ea87c62bac1472f891726829e219a75.jpg,4,44.375603,-0.841857,4,43.847305,-1.172178,64.39194,0.2234301,0.8550034,0.01575005,0.85577106,0.8519328,64.39194
5ec398a34fc843c4aa1966e94d5d280c.jpg,8,61.810566,6.151639,8,61.7496,6.361047,12.930131,4.2060566,0.791497,0.008312583,0.75055456,0.9642652,9.038834
5ee2bcfc065e4582a6fab283b139acf8.jpg,9,53.752754,17.775208,3,61.306473,22.813527,891.5221,148.19733,0.67999214,0.0076602697,0.65089107,0.7963964,891.5221
5ef14357b2d140829a0157e9cc0293a9.jpg,6,65.768288,-16.399688,6,65.641213,-20.295537,178.7652,3.57533,0.85305995,0.005153239,0.8297086,0.9464655,178.7652
5f0acaef615b45e1abcbab8395dcd28e.jpg,2,37.908469,-4.053255,11,38.20203,41.478458,3945.3982,22.024033,0.7256963,0.035564482,0.72677433,0.78592396,1708.712
5f1dee056b384792a9905483085187a2.jpg,6,65.944858,-18.432526,6,65.943144,-18.426575,0.3302758,0.3302758,0.9405956,0.017935812,0.9353534,0.97115445,1.4819287
5f3e42ee8c68479786bf56c281dfe8ab.jpg,0,51.676078,29.12862,0,51.675431,29.128281,0.07564537,0.07564537,0.9381797,0.040579557,0.9332086,0.9605626,1.0802308
5f3f25114f084be58bc7f47bd2cb1d6e.jpg,3,62.906381,21.452183,3,61.873685,24.507255,194.83386,11.266173,0.8589459,0.0036620498,0.83843285,0.9494719,49.267426
5f505492cffd442a9284a80a87b08ba1.jpg,6,66.282507,-16.408364,6,66.009183,-14.87878,75.195755,54.436012,0.85268205,0.0006798506,0.8317019,0.9600637,92.581665
5f565518449b438b8902d26d29e136d8.jpg,4,43.567578,-0.817382,1,53.405743,11.598151,1422.0448,839.8762,0.79732084,0.047357023,0.7841815,0.849878,1422.0448
5f57b50598804c59bdfef8d48b7ffa37.jpg,7,42.348313,12.675463,7,42.389363,12.674813,4.5648704,4.5648704,0.67543817,0.017035425,0.6853266,0.77423763,1840.2324
5f5c5868f9fe4343a2f9c97e4ee58507.jpg,1,50.099567,11.145681,6,64.925304,-21.534835,2505.3184,1740.5581,0.7407824,0.023142338,0.7330243,0.84585106,2471.129
5f5d72a1773e425085062ddd5c5d883e.jpg,0,53.024953,25.699509,0,53.051938,25.544566,10.785184,3.0671587,0.73428726,0.07753384,0.7118075,0.8242061,10.785184
5f6f4d17cab5435c9abcc2951f7f73e6.jpg,1,52.151155,11.429363,1,48.974176,8.081471,425.00613,54.512775,0.71192306,0.015853405,0.6858046,0.8194724,477.05676
5f7f46d6eb534026870aed501fc48923.jpg,4,44.133625,6.13159,4,48.01381,4.36943,452.33008,189.91402,0.68902874,0.019794762,0.6911266,0.7337282,495.60645
5fdeb49503d34ac0b862c2f4b8777baf.jpg,4,43.570236,6.126872,4,43.941183,5.05781,95.254974,95.254974,0.75575066,0.030503571,0.7676508,0.8173193,1988.2383
60071972bf5446d6bf2d2534bdec0aa1.jpg,10,64.111643,20.723022,10,64.114084,20.717213,0.39141354,0.39141354,0.79857814,0.11265713,0.7741258,0.89638734,0.39141354
60093cb6c3f1452fa5c7f42e0678ce4d.jpg,1,51.206794,13.650132,9,52.000945,20.672922,492.7805,49.06191,0.7555046,0.0019048452,0.737235,0.84559774,477.95572
6019c7f244914bc794df193d376dfcbf.jpg,3,63.122292,22.573384,3,63.103346,22.189698,19.408802,7.467777,0.9093864,0.020730257,0.892292,0.9777639,19.408802
6028a87cc456480caa7ec2565c60abbe.jpg,7,40.987765,9.134418,7,40.991622,9.138444,0.5460073,0.5460073,0.86489534,0.01578486,0.8489489,0.9342203,8.735281
60772e0f36ec40aab4b337f88af6cc83.jpg,0,52.275684,31.100535,0,52.278918,31.085183,1.1046252,1.1046252,0.85897505,0.08829492,0.8510995,0.8980454,38.23032
60aace7fc748438a9f17f628b7a516a3.jpg,5,50.331318,-5.127511,5,53.098157,-1.532503,394.86047,0.7954393,0.6510406,0.006614208,0.64852226,0.7348019,503.6306
60d2eeb197854bbbb65a1fecedf6a17e.jpg,11,37.953586,34.088633,3,68.54409,26.155781,3435.9106,29.906572,0.6523611,0.0065422654,0.650561,0.71117294,3397.4634
60d93382db2a4387959fdc15bff0f289.jpg,10,67.854182,20.635371,10,67.83499,20.705882,3.6464872,0.5852594,0.93103516,0.0132113695,0.91892266,0.9794853,3.6464872
60e1c19d0efa4bc183e3792e965a450e.jpg,10,62.623657,17.406909,10,67.267094,22.704391,572.95996,46.223766,0.8813298,0.007040024,0.8635312,0.95803636,495.3728
60e23adb910c44b89dd09c265610497a.jpg,2,36.836365,-2.631628,2,36.861112,-2.552078,7.594475,1.5321368,0.7946738,0.019081593,0.76166546,0.9267069,7.594475
60fadedc0a1042e3aac310ef3a9d1c54.jpg,4,44.089259,2.294419,4,46.234088,-1.018614,352.5792,19.211956,0.82813424,0.0047840476,0.8072783,0.91492295,333.32666
60fb11bc0acf4e95afa13fe5d09a8e0f.jpg,6,64.951997,-14.139647,6,64.936256,-14.072839,3.600198,1.2520794,0.9147528,0.0027322173,0.8967446,0.9867852,3.600198
613d488eb0374086b8e18024f7175602.jpg,1,49.525404,10.866349,11,40.227757,38.027394,2359.2932,1784.3483,0.66108096,0.0005553961,0.62727004,0.84669167,2363.9556
6143be922f6a4aa28a3cc0defaab7849.jpg,7,37.948598,12.562969,7,37.913331,12.508558,6.1766953,6.1766953,0.70261556,0.0049128532,0.7111964,0.69416344,1843.1378
614c470a111844d1ae2febbfe77b1e21.jpg,3,67.889171,23.996242,3,67.886607,24.00856,0.5891606,0.5891606,0.9191019,0.00329566,0.90958613,0.9775158,2.0373178
616969d3267b4bd3ad4e369b7124dbfc.jpg,2,28.556135,-17.868935,8,60.258014,6.229936,3961.6675,1760.1339,0.64229196,0.021770239,0.6117114,0.7646141,3961.6675
617ae0c2ebfd41529ee30fa2cf4906ca.jpg,1,49.605606,9.639243,1,49.649627,9.166706,34.385513,34.385513,0.7191759,0.06464493,0.7241519,0.76249266,108.54375
6199efe016b544c08a7a5282f1b5f226.jpg,3,66.662138,25.463644,3,66.657346,25.485262,1.0912988,0.9687388,0.9381036,0.0031167865,0.9266088,0.9840828,1.0912988
61a525f522524e04ad5d08b462192897.jpg,0,54.472637,26.397905,2,29.102668,-13.555302,4256.056,1498.5792,0.7776818,0.0064516068,0.75293446,0.8766712,4256.056
61c33b7314224820974e08f9cee4ca35.jpg,1,50.701858,8.645782,1,52.216753,14.042077,409.92984,33.43627,0.6845766,0.0383963,0.66546977,0.86951315,247.65758
61d437b88e1448ccb2294c8789e712a9.jpg,5,55.488146,-2.997062,5,55.044597,-2.049236,77.706085,7.465983,0.7315221,0.003058076,0.69754934,0.89407897,75.232605
6228fbc8d28247dcb719feb07f36733c.jpg,9,53.926638,21.468402,1,51.606446,14.078887,559.7412,25.039293,0.7534634,0.019482613,0.7305273,0.89898986,335.67307
6242c39d23754da5b52d27b1c2321e29.jpg,8,58.254256,7.517902,8,59.398699,6.193597,148.33208,8.244503,0.62999463,0.0001603365,0.59817094,0.78739357,193.4581
624f4a5b61f04e2db9e2958c8efa9fdf.jpg,4,43.665106,0.566328,4,43.613065,0.944861,31.00606,31.00606,0.73837537,0.048467994,0.7022222,0.882988,31.00606
625d4b3c4c254479bab3aa80e98b5793.jpg,9,54.19818,17.391315,9,54.199624,17.384906,0.44673356,0.44673356,0.7655078,0.03425026,0.7335855,0.89319694,0.44673356
62627e5d49a7453c8f307656b79b18a4.jpg,2,43.064829,-4.784311,2,42.767198,-5.071515,40.525146,5.960157,0.7437276,0.005706966,0.72029465,0.8747551,44.303837
62657a9ba5b24370b85feb1b170aa44d.jpg,3,62.239693,25.829931,10,56.23753,14.073136,942.0643,132.93466,0.55508405,0.009815276,0.5447508,0.7361151,1209.6661
62a11eb1996a41a1b41d478c5612b991.jpg,7,45.622212,8.860589,2,40.625846,-4.1109,1188.3475,75.428276,0.6956481,0.027814269,0.68495315,0.7671879,1583.9756
62a73fd37614483d9dea37c478073805.jpg,2,37.655278,-0.808124,7,40.466633,18.155843,1663.5157,2.0859358,0.7214409,0.0084728,0.73495376,0.74014604,2.0859358
62bd49e391ee4fd0a5be597fc752d754.jpg,4,47.304451,2.469252,9,49.908786,21.51994,1426.1792,412.22284,0.6660658,0.0030161738,0.6626302,0.81001735,1472.91
62c1960bc7ef4c8db6667433a54f6f50.jpg,0,55.111064,27.621802,0,54.266668,26.305497,126.38145,8.0195,0.82354295,0.004146874,0.81040883,0.8873801,125.41335
62ee5aa89fd84a5eb3401b17ae2fb70b.jpg,10,68.248846,19.516152,8,68.419775,18.685813,39.027527,6.4207654,0.6641211,0.00942862,0.6623086,0.8102975,993.59375
63165a1d0ae84dd1a45cc7e73ecbfae7.jpg,5,58.503022,-4.618968,5,54.850177,-4.315069,406.60126,1.4988227,0.64788246,0.016827822,0.6369979,0.7342148,163.319
635770ffb73c4e369a11221eb39012d5.jpg,4,46.849925,5.914687,4,43.647487,-0.906509,641.4706,34.17872,0.7559429,0.011916697,0.76425326,0.76064444,164.46512
6373ac7b42ef423d97de5027bfeb016d.jpg,1,51.764687,9.501507,1,51.02413,11.217547,144.75664,11.141847,0.75178576,0.03560865,0.73628485,0.83641326,233.00249
638c389d095f46deb7d7148d3a0ce120.jpg,3,64.594594,29.682092,3,64.59372,29.681802,0.098164245,0.098164245,0.8940472,0.0435732,0.8778995,0.95863783,0.098164245
6410c53275cf44899404bd5c2c891497.jpg,2,39.29448,-2.202388,7,40.90256,16.428411,1591.6863,464.6433,0.7479141,0.007846713,0.7380984,0.8068672,2741.3477
642ef270098e4cecacc5acb43fd56e7b.jpg,6,65.746852,-19.643904,6,65.746989,-19.644512,0.03167459,0.03167459,0.8623031,0.17206669,0.85118604,0.9067712,0.03167459
642f37f17b714353a819956e40fcc93b.jpg,2,41.809055,-0.713363,7,40.90256,16.428411,1431.9065,8.720367,0.6967893,0.013166428,0.7272133,0.71519315,1972.9501
643d6dc3252944e3a40edb28a7c56a2c.jpg,5,55.29954,-2.939599,5,55.298853,-2.940177,0.084701344,0.084701344,0.87793154,0.10627735,0.8670518,0.9220426,289.79614
64449580db8546339c7816a692375449.jpg,2,28.050793,-14.356028,2,28.049492,-14.331906,2.3715975,0.24309367,0.8012518,0.0440014,0.7820861,0.8779148,2.3715975
645b432a3eed49d193fa6d7c890a954c.jpg,7,36.870597,14.451284,7,36.843245,14.457916,3.0981169,3.0981169,0.7241076,0.011763871,0.6912046,0.8557197,3.0981169
648651894e0d4f2e94fb0292f60f432b.jpg,10,59.174011,16.574551,2,39.596871,2.653853,2387.6216,719.1978,0.6103233,0.0115760565,0.61701643,0.7039932,2532.0205
64c88f1d56644cbb883c62e40428802f.jpg,5,51.910685,-2.937326,5,52.053704,-2.904181,16.064196,9.380971,0.7302414,0.018131852,0.706241,0.8262428,16.064196
64d8de0d778b4997ae7a03a9f78326d3.jpg,9,51.444503,23.271385,1,52.557244,10.148854,905.52014,82.46489,0.6849849,0.02069974,0.6810057,0.8047682,366.53076
64eb428b397b48feb560ceadd558e9b6.jpg,2,41.906628,3.146519,7,37.990032,13.869172,1011.5021,464.09885,0.63858616,0.0045457482,0.6049366,0.8216699,1024.9285
64fe7ff2713e482aa43eef9c78439723.jpg,3,64.723583,28.411671,3,64.748403,28.330205,4.750133,2.7245884,0.85381114,0.022986054,0.84683967,0.88926184,2.7245884
650a0ecbc3a3412a881b295058d7d2e5.jpg,8,64.226292,12.079898,8,62.717222,11.34993,171.66978,8.81089,0.7160245,0.005550742,0.69282746,0.90313494,364.16867
652f8e8bf8404c83bcd1c7a1d3277f9d.jpg,11,38.946104,36.04104,7,37.040093,14.390464,1904.5336,340.39417,0.6753725,0.01812613,0.6731014,0.7679721,2044.5719
654d691b84574eaf8f09a95ad80d6fef.jpg,7,45.514572,8.822987,4,46.609599,2.032052,537.73456,8.327952,0.6923208,0.022004962,0.7267367,0.6714408,640.9802
6566f95729b44f29832120b47dd82c32.jpg,10,57.577203,18.382213,10,57.576635,18.383688,0.10826893,0.10826893,0.9069384,0.039505005,0.8897296,0.9757733,0.10826893
65706a7f1e8a455382647dded0ed5cbb.jpg,0,52.971379,30.606732,0,52.922412,30.643774,5.9838476,3.664902,0.7662506,0.003164053,0.73601735,0.915913,5.8478384
657350dd333f415cbab579c4397fbad3.jpg,10,55.755608,13.536118,1,51.192832,14.551046,511.77008,21.357883,0.6421594,0.02055502,0.63845307,0.7618776,227.77791
65752065ac0f4e30ba1550b0425e2fee.jpg,5,58.564902,-4.741442,5,58.562294,-4.743877,0.32255217,0.32255217,0.7473014,0.10763347,0.76228184,0.8133233,1196.9307
657816fef51645d2a3de75d11e14ae0f.jpg,11,38.487752,28.059024,5,52.408436,-3.837765,2894.9268,754.9668,0.65022933,0.0069013834,0.64770544,0.7222468,2868.6814
659e862bfe5d4643b4847810309cd934.jpg,0,53.353437,29.594617,0,53.211421,29.39387,20.675552,1.649396,0.8552803,0.011318147,0.8320389,0.9527658,7.6299376
65c19c790a7a4400ac7c1defb847b069.jpg,11,39.553775,43.913275,11,39.554468,43.90872,0.3980485,0.3980485,0.9238446,0.064157784,0.90936077,0.98177975,0.3980485
6602f55d2452410384da69ffe2da157c.jpg,9,53.94893,22.440389,9,53.931246,22.399695,3.3107498,3.3107498,0.7795875,0.0137578845,0.7563623,0.87875545,8.824102
6617592503a6408281d459bda83dc300.jpg,0,55.277448,29.674207,0,55.267098,29.738412,4.226782,1.7378756,0.8646099,0.02576238,0.8389281,0.9673369,4.226782
66264b32cd284064a4cd1273f1757bd3.jpg,7,37.924338,12.749419,7,37.913331,12.508558,21.163696,0.8848898,0.81432,0.018894076,0.7918699,0.90412045,21.163696
66488f1e79ff4650ada7b407e378c777.jpg,0,55.264923,30.112058,0,55.260661,30.112753,0.4759549,0.25338826,0.88300693,0.12768835,0.8796648,0.89637554,0.4759549
66495737445b402eafc4a4ccba8512a1.jpg,4,50.293993,3.14714,1,53.45502,8.344848,500.6251,216.33983,0.65237933,0.00032621622,0.6372787,0.7917205,797.7207
66521b84dc52451d9cca8b3421b324b8.jpg,5,52.016609,-0.499286,4,44.487337,4.674636,920.1188,137.51817,0.71306026,0.0242818,0.6734556,0.88384974,953.4364
665e9c2a13df42bda0550b2c8689aa92.jpg,8,60.439508,7.789686,8,60.367575,7.507791,17.425297,5.4472213,0.74845773,0.08270836,0.7118238,0.8949933,17.425297
665f381ff4274a58b325383bdc2309c3.jpg,0,52.633636,25.503006,0,52.629367,25.510171,0.67761254,0.67761254,0.8784309,0.033601105,0.85936964,0.9546759,0.67761254
66aef91fffe54af69db7c5e79eac8790.jpg,5,52.248985,1.493489,5,52.330688,1.340647,13.805872,10.895993,0.84484494,0.047468364,0.83891743,0.92348284,14.949883
66b8f17fce6a4cabbe9f58b067e16314.jpg,11,38.732503,34.052343,7,40.956426,14.835434,1655.7025,49.76605,0.654721,0.017815113,0.65940475,0.7008766,347.63174
6704a4d03dcb41e7970cf2048a43f4d8.jpg,9,52.310723,15.356755,11,40.163973,29.367501,1721.5707,1456.0514,0.6533769,0.01324445,0.63420343,0.77496904,1538.3872
6744c32f29444076b8bb2808b1766e4a.jpg,4,47.388925,6.193236,4,47.531332,6.418765,23.199594,23.199594,0.7022521,0.0015328526,0.6797333,0.8113966,158.13387
6755d665854d4cd1a1cc9ab56649c04f.jpg,9,54.456285,17.402512,9,53.172641,23.041911,396.64862,12.887811,0.65193224,0.004490018,0.6301566,0.78622735,553.68414
6780d64a34084cfa98d5da91441b2266.jpg,6,63.948635,-16.822398,6,63.945431,-16.807802,0.7968994,0.7968994,0.8400488,0.046560347,0.8255333,0.89811087,0.7968994
6795adf263544ad68ec222ec0bd3a630.jpg,4,46.741738,3.594093,4,45.946213,0.439878,257.75092,74.251686,0.7300547,0.017459333,0.7441606,0.81904924,1366.492
67b14323708447649d5729c07cec5c30.jpg,9,51.704639,21.234442,10,59.146031,15.167312,910.84216,29.694704,0.6987569,0.0047692657,0.69708014,0.77598786,1114.4625
67cfaa470704417fbd16e6619ff45319.jpg,9,50.082249,22.375839,10,60.351208,18.205365,1171.5157,838.3286,0.75730044,0.0008929372,0.72538877,0.8863392,1109.0767
67da2b4be0f04fca8ce14c88e161ad71.jpg,9,53.87098,15.568784,9,53.022099,15.400656,95.04573,11.269321,0.7036023,0.0033696294,0.67694247,0.84074306,167.4269
67f6724d474c4806badc7e3e22372495.jpg,10,62.007692,17.015771,10,61.760309,16.928792,27.882809,27.882809,0.74336493,0.03097862,0.74706167,0.83059025,127.6182
685e1b287bde4ab081efcc35aa959748.jpg,11,38.51122,35.181491,9,52.545181,21.069081,1901.4924,277.3667,0.641935,0.0017896891,0.61783135,0.7943691,1713.9487
68684822146842789352f8ab1c099f2d.jpg,1,49.779885,8.410665,1,49.782965,8.409053,0.36150926,0.36150926,0.7271011,0.03773749,0.7581314,0.7180319,270.3954
689329e58a004e8793b73667dc69b52c.jpg,8,63.976028,10.208195,8,63.437116,11.726786,95.83889,2.187271,0.7124423,0.016056001,0.6934981,0.7882191,95.83889
689f14568fce447ea3b35608342bd542.jpg,0,53.947913,30.46807,0,53.069735,29.987999,102.679184,0.39615342,0.7720957,0.010748863,0.74322695,0.9088777,38.77006
68af6204eac542438226bc9fecb358d2.jpg,6,64.500585,-14.480743,6,64.499487,-14.478084,0.17637675,0.17637675,0.92402804,0.039530873,0.9123912,0.97057533,0.17637675
68c1da180d9d4940afd95a83fe87f07d.jpg,1,49.533903,9.851958,1,49.562775,9.892691,4.352293,4.352293,0.66820616,0.0058382154,0.65980756,0.7748505,1139.437
68df4c91085e46eb86a5e0e4118653b9.jpg,10,55.758064,13.728554,7,45.04196,11.542332,1201.4534,10.724569,0.6985045,0.051147997,0.6803276,0.77901644,832.4141
68ed61642bbc4bbca17551a95cce8dee.jpg,6,65.377373,-14.761636,6,65.362214,-14.866272,5.1336274,5.1336274,0.94476813,0.018155515,0.9349198,0.9841615,5.1336274
68fd991ac9a4495e9b7395cd6bc8dd88.jpg,11,36.941184,31.219339,8,63.023762,8.595796,3281.4502,3.1611538,0.66511613,0.03357351,0.663395,0.791765,3276.6765
692c581e2fde446199eb070aa14fc9ee.jpg,7,45.328528,11.002406,7,45.24649,11.006934,9.129097,9.129097,0.7354347,0.039874136,0.72153544,0.7910317,9.129097
692d52b0073842948772250fb276cb8a.jpg,11,40.215919,43.58449,11,40.471631,43.327216,35.83152,22.924059,0.75466394,0.006438613,0.7409344,0.81920505,22.924059
694eb4ab22c344c187d2a54335b16aa8.jpg,8,63.444777,11.690101,5,50.424598,-4.668645,1744.1443,2.0130181,0.7324957,0.043115735,0.7225729,0.77218676,1744.1443
69508d0a34d54f53979784abe09ca18f.jpg,10,67.051946,20.112081,10,67.098068,20.4468,15.378147,11.199871,0.82712096,0.03249681,0.8189559,0.85978127,15.378147
695a487530c74d43bf29b4760c6aebf4.jpg,6,65.762919,-19.658481,6,65.568282,-15.35923,198.13402,1.2048686,0.8173059,0.007177353,0.79206896,0.9417192,61.346596
6961779065224675a4d6b49c8c8fc8a0.jpg,5,53.864711,-2.820451,4,46.611409,4.889067,974.02167,611.0036,0.65489286,0.0029662251,0.6624239,0.7557621,1022.3445
6978ff9f560b4179a34b00f2bdbcf038.jpg,7,38.999769,8.419701,7,41.22437,9.207108,256.26416,0.2948302,0.7251014,0.014586866,0.683717,0.89819723,252.4694
697d46b2696043bab147007526db48f0.jpg,4,45.966774,0.204876,4,46.161105,0.171344,21.76297,21.76297,0.7556342,0.017210603,0.7367599,0.8311312,21.76297
69bb0e4c46d546e5a0f73f109004d2e5.jpg,1,49.279339,10.928837,9,51.59892,21.47512,789.3147,11.144999,0.6070601,0.008950293,0.5807048,0.71948355,878.77356
69cbbda085e34d31a6d8d83e5833bea3.jpg,9,50.182643,20.083175,9,50.188165,20.063231,1.547058,1.547058,0.6590998,0.056167483,0.65663767,0.7744344,1840.949
69db23b27b8248cda15d29443c694dec.jpg,5,50.999546,0.768253,9,51.188283,17.165946,1142.9596,34.65701,0.6188392,0.0046542883,0.63564694,0.66828585,653.1619
69f00ac93bf44a5983cf6120122400e7.jpg,2,40.643455,0.307422,2,40.683782,0.338429,5.1911216,5.1911216,0.7369512,0.065645754,0.7182218,0.8118685,5.1911216
69fd961873844b4897c4cffdcb63cd81.jpg,8,60.169705,9.687661,8,61.756879,6.262234,255.52693,0.32860878,0.78754085,0.0050373077,0.7531209,0.92522043,255.52693
6a0044af9b64415bb35a037fea97984e.jpg,9,53.611816,14.8481,1,54.535707,13.249757,146.37724,27.351828,0.7295711,0.009212613,0.69370735,0.88597536,65.33149
6a1e0156c0634931ab02c6db242581da.jpg,11,39.195469,37.284151,11,39.196203,37.27616,0.69344527,0.31448442,0.9241805,0.005776763,0.9141902,0.9641417,0.69344527
6a2c5d35a7d84dd9bac5215236d4b1c7.jpg,9,50.232401,20.707802,9,51.460447,16.121583,349.67212,58.436203,0.66371006,0.010722339,0.63597894,0.80485314,461.69775
6a382095ec5248bfba883e002322b850.jpg,5,51.185739,-0.116534,5,53.490757,-0.553824,258.0214,5.9876432,0.74828565,0.029079258,0.7154411,0.87966394,258.0214
6a40f6bcd61c4bf091af3cfa380751c9.jpg,8,69.60293,18.052288,8,69.631311,18.027557,3.2979708,3.2979708,0.73646736,0.031986356,0.7252835,0.794412,4.0621123
6a555120a2b0458bb2645204ae026095.jpg,2,43.729278,-7.687743,4,48.504838,-4.755796,576.9938,534.9289,0.60627383,0.009424746,0.59352136,0.75133634,1124.5206
6a870e5ba8994ac7b7b1d8a4333b8737.jpg,4,47.899736,3.636365,7,37.43956,14.959847,1483.3053,388.13956,0.6465194,0.008990467,0.62830794,0.7683048,1444.5476
6aaf66d11db94d67999ad43eff5100b9.jpg,3,62.289691,27.019037,3,62.326128,26.948462,5.45121,1.7380946,0.84969383,0.005325794,0.8330246,0.93379354,222.69266
6b221411b3d64704ad92995abd060b18.jpg,3,60.524505,24.57356,3,60.520931,24.361798,11.593726,11.593726,0.7690922,0.113189995,0.74505544,0.86523926,11.593726
6b54708d9cf64960a4b4f3700240a012.jpg,3,66.106675,24.810967,3,66.11567,24.834209,1.4476674,0.054036275,0.95469534,0.011302888,0.9459504,0.9899862,0.08251609
6b5a937fbd4c493da8cb5e40a6362135.jpg,11,38.392576,30.222073,11,38.408084,30.227403,1.7858703,1.7858703,0.8645248,0.022733271,0.84748626,0.9477951,133.94669
6bd1b81e99ca4c03b13dcbb217380a6a.jpg,4,48.356407,5.639006,4,48.340432,5.404579,17.415016,17.415016,0.64238536,0.006555021,0.6264043,0.754321,920.27264
6c179649773f4fadb3db1513cbd6ddc1.jpg,8,58.217519,6.962505,1,51.003275,14.411943,933.43933,53.795902,0.6058293,0.004044354,0.57609403,0.7272827,865.5591
6c212a76c42b47b08901f5f1cf1694cc.jpg,11,40.415788,39.548064,2,41.103312,-1.168238,3398.559,143.27405,0.6628258,0.016155541,0.6525597,0.74264073,3138.9573
6c2f2418c5c443aea76e1c427b6a9954.jpg,0,52.233854,30.133002,0,52.129349,29.42728,49.49955,12.580139,0.87870973,0.0039787292,0.8590032,0.95973635,83.228836
6c30cdf55ea4426989060576cf899ea2.jpg,10,67.102348,20.45276,10,67.100624,20.450622,0.21285152,0.21285152,0.9414642,0.03391683,0.9315573,0.9810915,0.21285152
6c3103649ff044e2998cb79602ca5ef5.jpg,8,64.949425,14.196345,8,64.948799,14.197176,0.07985046,0.07985046,0.8305948,0.037615,0.81463623,0.91228724,21.998648
6c3c02a91c584b74a2e760896b11752f.jpg,3,66.263948,29.362918,3,66.251281,29.245805,5.4290333,1.8648267,0.88033134,0.020213306,0.8623945,0.97145545,15.175161
6c4966681833452cadaf503f14b7d872.jpg,10,64.499535,20.736885,8,61.756879,6.262234,786.59625,177.22493,0.62856466,0.004184544,0.62331146,0.7556652,846.87054
6c66ed2a408a4cfdb83c05cf0ab5918b.jpg,9,52.514,19.825603,10,57.834935,14.084359,694.4181,40.659588,0.64617705,0.012111425,0.6159123,0.7871958,175.1912
6c70a72445554d609655e79d038ad384.jpg,9,51.615178,21.660435,9,51.89062,21.342192,37.655685,8.66336,0.7703141,0.007853687,0.76031417,0.89843917,301.07324
6cb5d4e4808b400abfee10b0e9ceac39.jpg,2,39.56841,2.770324,2,39.569032,2.775868,0.48021606,0.48021606,0.90804654,0.052502453,0.88833094,0.98690903,0.48021606
6cc4cca0bb354241a6b636c7eb83a559.jpg,2,37.248216,-5.396022,2,39.612311,2.646076,747.8745,49.530354,0.75497556,0.0047180057,0.74166274,0.8082266,747.8745
6d04f362c09a4ece956f81293003eed6.jpg,7,41.062413,15.714447,7,40.98271,15.927166,19.924822,19.924822,0.86805123,0.032155097,0.87315667,0.8511058,42.14563
6d0743d582fd479e9e4c4337ccedd2c2.jpg,2,42.83402,-8.739643,2,42.70811,-9.01727,26.63744,26.63744,0.6750164,0.019557953,0.70567364,0.67685795,2743.0854
6d1c140e0b3d4eb8bf881ae93df8c15f.jpg,1,51.963929,8.263869,5,57.423217,-4.664788,1026.2753,7.244024,0.6454387,0.003169477,0.63242906,0.74044883,425.0812
6d2e75b69a4c403ca3ce65f8c919be70.jpg,4,43.828315,6.196318,4,43.770575,6.160239,7.0431542,7.0431542,0.68312585,0.023772836,0.6825485,0.7712143,381.67383
6d34ad30b3d44092b75ccfe227d58124.jpg,10,65.66192,15.445209,10,65.326798,16.651808,66.972755,4.0961704,0.86926705,0.022455573,0.8567294,0.94567233,66.3068
6d60d6562a904a85892a7043c71ad77f.jpg,2,39.64826,2.698728,10,55.561861,14.259054,1964.3425,105.86638,0.6872737,0.0053186417,0.6808591,0.72295433,1628.92
6d6ad81ffe554afcaf8da869de6583a7.jpg,10,64.381075,21.381786,3,64.309077,29.614764,396.15475,0.3064835,0.7181631,0.0022884011,0.6835435,0.8566412,396.15475
6daf69bce7ca45429737a1e7f076c95b.jpg,10,61.165365,14.703564,10,58.864158,17.828195,309.16373,79.01662,0.74605465,0.06370264,0.7393036,0.82167983,197.51895
6def02a7dc414ef6a5862ebc17c197cf.jpg,1,47.665195,10.185483,9,53.591454,21.039176,1008.19525,111.02174,0.6955501,0.01949203,0.67847776,0.79795134,1065.2594
6e08b7fa69b54da99e72120a37c343c3.jpg,6,66.135107,-18.929184,6,65.941434,-18.130607,42.00345,3.9744103,0.7864791,0.0009769201,0.7591106,0.9126623,3.9744103
6e23488d1d8744f38beafa8a06c098e4.jpg,2,39.275893,-2.205168,2,38.828085,-1.751089,63.37877,1.7983444,0.85620034,0.0036327243,0.8461385,0.89644754,63.37877
6e294f941b49472b9af9e9d566a4e263.jpg,3,62.900644,30.212119,3,62.904425,30.219035,0.5472357,0.5472357,0.8591,0.008391261,0.8329106,0.96385735,0.5472357
6e329eef4df342848206d04788d665be.jpg,3,67.411314,24.924669,3,67.333708,24.907615,8.6601925,1.8541585,0.9462836,4.9352646e-05,0.94086325,0.97418463,8.410482
6e3d4aa6db2544b1ac6da7214ba92cfa.jpg,7,42.653642,12.491208,8,62.234511,7.150276,2205.3997,383.0437,0.61570036,0.0031466484,0.57859945,0.79559827,2205.4268
6e5871d626634e77955a12952013b9e2.jpg,8,69.439946,25.012518,8,69.4412,25.023601,0.45469224,0.45469224,0.9076076,0.06724429,0.8941629,0.9774617,18.323225
6e5caeac647441ec9ee17625096324e0.jpg,8,59.619452,8.837766,3,62.954788,27.771278,1072.4874,0.8675086,0.70024824,0.00053191185,0.65958875,0.8752638,908.9456
6e8ef7def46c4d7fa4e76358e44778ef.jpg,3,63.815708,29.193987,3,66.269103,29.402569,272.98053,2.2046027,0.7622813,0.028680503,0.7244372,0.91365767,272.98053
6e95a1069f53417ea42690f018545cb7.jpg,0,55.590397,28.572301,0,53.416355,30.389823,268.6977,0.25466657,0.83963716,0.032113552,0.8161309,0.9336625,268.6977
6e9c4b333d49483194e63759019b689e.jpg,2,39.625231,2.648001,2,39.612311,2.646076,1.4460714,1.4460714,0.87556875,0.13711697,0.86057836,0.9355304,1.4460714
6eb3da96a0c648429dd408135813d3b7.jpg,1,50.8769,10.971264,11,40.950058,27.455203,1679.8152,23.783796,0.58074474,0.00049620867,0.5756668,0.6509878,621.5515
6ed89e6169c64492bae5566ff02ca5d6.jpg,8,66.318457,13.07483,8,66.31855,13.073391,0.0650949,0.0650949,0.88912797,0.13783139,0.87048554,0.9636977,0.0650949
6ef79d5a08e54d3ca3c20b17de232cd6.jpg,0,55.461979,29.119113,0,55.491046,29.045592,5.6491895,0.5955457,0.85295844,0.02515328,0.83143365,0.95079577,33.007133
6f0f7f1195e8414d9fe56cd53786d03f.jpg,2,40.968212,0.638726,4,45.144669,-0.479978,473.19852,23.463778,0.72272414,0.011246443,0.71696126,0.80085385,158.02223
6f32fc5ded664f108c8d53478f83b438.jpg,4,43.136877,2.729555,4,43.1426,2.727564,0.6565538,0.6565538,0.7764547,0.06468099,0.7636167,0.8278065,0.6565538
6f63e2bcebc34bd4a94c2a91c1451dbe.jpg,10,67.964217,19.978608,10,67.964824,19.976606,0.10738343,0.10738343,0.8682904,0.22389233,0.86788493,0.869912,0.10738343
6f687b7b823e4865a986d00d3b243482.jpg,0,55.203145,30.363007,0,53.445583,26.508028,317.23746,3.61851,0.81893224,0.0119226575,0.80488217,0.9412321,66.10364
6faa39ed51c349e9bd49167f807959d9.jpg,10,57.177718,14.078164,10,57.17925,14.078959,0.17696121,0.17696121,0.9119049,0.17130548,0.90190816,0.9518914,0.17696121
6fadbec641594298b792ea80649117a8.jpg,7,42.411393,13.625525,11,38.324498,42.923129,2510.3792,1224.164,0.7482132,0.0436697,0.74378204,0.7794577,2259.1284
6fc1b4701065479e8fc5b71091043679.jpg,1,51.552957,12.337423,9,52.000945,20.672922,575.31476,48.761368,0.7338315,0.022238195,0.71341705,0.8326061,275.37616
6fc87b751570426ab43da4b33e1487ca.jpg,11,36.567351,36.397881,11,36.204634,36.197183,44.15273,2.8747206,0.7781778,0.04638815,0.7489679,0.89501727,44.15273
6fe2b6ef20684531b219124abf1a2f4c.jpg,4,48.28086,4.127953,4,49.840568,3.078557,189.5335,51.188007,0.6227383,0.023436427,0.5883054,0.768072,228.47432
6fe32289ead548849b92ddeffe7008fd.jpg,2,39.073245,1.536917,5,50.635871,-4.501733,1369.8384,2.024631,0.6540652,0.007287085,0.6057649,0.86517835,1332.4813
6ff9604b2c6f4c279189bf95e00f7d5b.jpg,4,43.600697,-0.800645,4,43.644337,-0.894385,8.9711895,8.9711895,0.80363667,0.0009797812,0.7912073,0.8707795,10.692049
700c381a5ef64db888b3de8a02740cef.jpg,11,38.123976,41.691591,11,38.123827,41.68768,0.3425144,0.3425144,0.86561877,0.033768713,0.8471942,0.939317,0.3425144
70129fa37a0a42318c7d3d25dda30d45.jpg,8,67.261597,15.425236,8,67.260499,15.433198,0.3633389,0.3633389,0.83195484,0.082410276,0.8027686,0.9486996,0.3633389
701b81067e6740e88d4aca962e5e3ca5.jpg,7,40.694746,16.944658,2,38.199715,-0.679126,1535.7664,449.06226,0.74264884,0.044534147,0.731251,0.8126577,1706.8542
702e1adcc1ac43a497aef0fcbc0e10c1.jpg,9,52.673718,15.121732,1,52.715939,7.691909,500.50244,39.612217,0.73703825,0.0070649385,0.73346967,0.80732447,125.45775
705767761e4a4146a5e91569fa85f9a2.jpg,4,45.964968,0.809058,1,52.044537,12.357285,1077.9175,519.86414,0.6583299,0.009722471,0.66784155,0.7159555,1207.5906
707505a48d7340e3b3059b285b8d9fc6.jpg,2,42.892322,-2.135828,2,42.8591,-2.355799,18.301527,18.301527,0.7442812,0.055013955,0.743889,0.7482092,655.78253
708e243f35df46cd9491edd630aad5ed.jpg,0,54.72232,26.048922,0,54.702159,26.105111,4.2488766,4.2488766,0.7659633,0.07004994,0.78485626,0.6903914,4.2488766
70938211f5a240ce9ba5a2435a677c6b.jpg,8,58.245868,7.952879,8,58.220259,7.93342,3.0669901,1.7786413,0.7036731,0.009165347,0.66378534,0.8853418,3.6960344
70a539edddd2424ba1b8ffce40edd8c9.jpg,2,36.593456,-6.085507,4,48.544304,-4.504034,1335.0906,54.466167,0.72737086,0.017880917,0.74529,0.79521173,740.23334
70b8ece536244cefa0ae8799c32a72c7.jpg,1,52.857153,7.809499,1,51.713992,6.388821,159.66924,9.520448,0.768491,0.014999509,0.7574592,0.8126181,159.66924
70e87f9cf1704de4aba2ff22873ca260.jpg,11,38.283809,41.098755,11,38.290799,41.104076,0.9054275,0.2475996,0.90914786,0.0010159016,0.89273256,0.98128474,1.4038208
7119f5e9911744d6bdc1914c5aaf9771.jpg,1,53.743864,9.527332,1,48.974176,8.081471,539.7528,8.523887,0.73548204,0.013317704,0.72369945,0.82983506,87.85027
711aee5b71f6475898db2b5ef23af815.jpg,9,52.51427,21.678668,9,52.513536,21.678572,0.0818753,0.0818753,0.91191995,0.12319577,0.90401757,0.9435294,0.0818753
711e3fa5e7b74203a1e94a43554b7b44.jpg,3,64.787787,25.542515,3,64.80352,25.510789,2.30595,2.0794284,0.9305119,0.00198251,0.91968316,0.9838471,2.1569476
712b7c007c16464fa0cce9207e1194d7.jpg,6,65.104617,-14.328541,6,65.102027,-14.328395,0.28807634,0.28807634,0.9491075,0.041454315,0.94097465,0.981639,0.28807634
714eee4604e14464b8ba0a8d11a5885b.jpg,8,62.544315,6.124137,8,62.543071,6.124773,0.14211786,0.14211786,0.73712564,0.07909131,0.7417594,0.7790245,708.6773
7171538378354344a330370f91f46184.jpg,7,45.728512,7.225204,7,45.262059,11.131776,308.8475,21.432646,0.67838436,0.01616782,0.6426892,0.8211647,308.8475
7186328d14ff48bbb5e82d457cde662e.jpg,10,60.642675,15.948403,8,60.242275,5.367856,581.4371,7.056403,0.73469275,0.016670704,0.72423136,0.8155852,356.2424
720d16a8bcb14311b952481ea597b58a.jpg,7,37.028256,14.406679,7,37.021027,14.409258,0.83579934,0.83579934,0.7603892,0.029347599,0.7697208,0.72306275,0.83579934
7230791434d741099d52789bb1e00aad.jpg,6,65.943556,-16.568617,6,65.945211,-16.567453,0.19144134,0.19144134,0.86774135,0.007850647,0.8467044,0.9518888,0.19144134
7234b11de106401b8518eedb957def05.jpg,0,54.014512,26.387756,0,52.138815,26.096308,209.47444,27.245754,0.671012,0.001896739,0.6871997,0.8030705,360.50705
7248419bcb03431e9f0cdd14ee03df86.jpg,11,39.194277,37.298279,11,39.201744,37.242913,4.8427324,1.5391335,0.80031335,0.020591676,0.8130653,0.79634154,5.712867
7254a226930e43a5907854b56c57f529.jpg,1,48.705149,10.244091,9,54.077492,15.635424,704.3781,281.1109,0.73519355,0.017556667,0.7282352,0.8214363,550.4244
726ea475701e4a2aa30079bc950132fb.jpg,11,41.219019,28.466169,11,40.989824,31.202115,230.6389,140.26334,0.6225158,0.003034234,0.6144107,0.6925911,2524.115
7275a941d1974855b1605bcf4d055dfb.jpg,1,48.288451,12.527007,2,40.019312,3.873187,1148.2563,12.142222,0.67077017,0.0073378086,0.6525261,0.82056767,1148.5321
728a19b9f3f04ca29385872a359e36cb.jpg,0,52.278699,31.08658,0,52.612886,30.85318,40.386707,0.09810992,0.88442475,0.0015676618,0.86288035,0.9706022,40.386707
72b6a452560c4ee19f21ef6d709051c5.jpg,7,38.650059,15.846778,7,40.281931,18.069181,263.27365,56.37789,0.70874107,0.03363371,0.7060067,0.7196784,263.27365
72fe6789b03548538382848e09f6aa67.jpg,6,65.926344,-16.578731,6,66.084803,-15.145187,67.17128,2.1593385,0.80337787,0.014544129,0.7838888,0.93035305,8.391121
73020128ddd24201b514f92f421edee9.jpg,0,53.187543,28.730799,0,53.187424,28.73116,0.027452102,0.027452102,0.89179415,0.060619414,0.8694622,0.9811219,0.027452102
730897faa42449dea28c55c5fa8e6f60.jpg,5,53.204829,-3.022187,5,53.187429,-3.066231,3.5144844,3.5144844,0.71294665,0.026887178,0.6834848,0.83079386,3.5144844
730dba8e747c419a929791e043ff289d.jpg,10,68.032885,19.835579,6,63.842171,-21.51297,1892.2648,8.869036,0.6594753,0.006422758,0.6136131,0.8484678,1579.4674
73121d35268f42c19030aefe0382b580.jpg,5,55.276007,-1.6739,5,50.186519,-5.122671,611.5306,26.986275,0.6646051,0.007066965,0.6273167,0.8947766,456.43658
731adfb06eae43dba208e4d5474c43ec.jpg,7,41.252841,16.014068,7,41.923093,15.092242,106.91981,60.83283,0.6402221,0.0015617609,0.6204976,0.75821066,226.36423
7338db5403a94f28aded124908e11960.jpg,2,41.006985,-6.4127,2,40.96348,-5.756353,55.304817,6.649568,0.7870608,0.054962873,0.77404034,0.8568661,90.077385
7352c45198cf42e0a892145ffc7fe6c1.jpg,1,49.49781,7.45484,7,45.268766,12.299719,594.87085,416.37772,0.63207,0.0008584261,0.60921293,0.73387355,778.1006
735c82a8ba924fa985aa9ec20ff0834c.jpg,11,38.155943,41.774301,11,38.018659,41.775604,15.265731,8.375023,0.7720432,0.0021417737,0.7426624,0.90777624,14.935907
7361f14ef6864488bc699385bcbb8185.jpg,4,47.212696,5.270874,4,47.210922,5.274055,0.3108738,0.3108738,0.9072115,0.14784026,0.8967353,0.9491161,0.3108738
7363cd30185c4322993e7199fa99f0df.jpg,7,37.731755,14.059568,7,36.799302,14.490966,110.48852,2.388273,0.66201496,0.018165708,0.65623856,0.7299099,131.06064
73990d89e2684d3b9a680d5798a5c1b6.jpg,9,51.707041,19.483812,9,53.246982,20.898107,196.1944,10.417395,0.6741218,0.041558564,0.6689472,0.70093954,991.7186
73e846ee54784a078f8c6f804a569d3b.jpg,6,65.811202,-22.518352,6,65.789922,-22.563466,3.1348817,1.4339164,0.9397917,0.00023460388,0.9295891,0.9854371,17.069382
73ffbfb212d541fca0dfedffdd6e4808.jpg,11,36.971969,28.698466,11,36.961641,28.726219,2.7199938,0.45175007,0.8964748,0.028817356,0.87667567,0.9756712,2.7199938
749c6a7670104332a5636ed4b59d9298.jpg,4,43.85156,5.032602,0,52.09437,27.813359,1916.1946,662.8498,0.7162139,0.0014303327,0.68624204,0.8864721,2088.2559
749f2c62088340c299f29c041dce8fb8.jpg,1,52.934502,10.33105,1,52.93412,10.331489,0.051671218,0.051671218,0.95494485,0.032000303,0.94693637,0.98697877,0.051671218
74b216ffdc584ca58e75595b206caca5.jpg,2,41.133848,-4.088747,2,40.795479,-4.455789,48.635567,12.770714,0.81296784,0.016183436,0.78310126,0.9324341,48.635567
74c325c8b2bb448d9b7b2a0f4dd25a3d.jpg,8,68.129661,13.385885,8,68.128985,13.385203,0.08030101,0.08030101,0.8499857,0.084168434,0.8255392,0.94939077,0.42151698
74df0616e51e452c88773f4b9b9d9acc.jpg,11,41.008015,31.78908,9,53.499282,17.855084,1735.6421,1265.5658,0.62306315,0.0045395494,0.63654476,0.6956884,3123.9236
74e0cba696cc4da1b6a9203037608c01.jpg,3,63.019146,29.711215,3,63.02861,29.701861,1.1532793,1.1532793,0.90243757,0.024348795,0.88892037,0.96450514,4.362785
74eb6065d5d144cd9748b5dff212dd8c.jpg,11,36.972111,28.698142,11,36.961641,28.726219,2.7527528,0.4845615,0.89535755,0.041588485,0.8742274,0.97987795,2.7527528
750518da4371449e9a6a98ccfeba6d4a.jpg,6,64.522963,-21.556729,6,64.532691,-21.609992,2.767312,2.767312,0.8053932,0.0006734729,0.78100747,0.91983783,12.334168
75120b6c6c154a74b42e4ad805d3439f.jpg,4,48.930283,0.806903,3,60.769946,23.428067,1938.9547,1140.8984,0.65560114,0.007527411,0.65138793,0.7722304,1785.112
7516df3eff874dbda1c1c83717067dff.jpg,6,63.950486,-16.831054,6,63.945431,-16.807802,1.267027,0.6026507,0.7830206,0.02439791,0.7707584,0.83206934,1.267027
752d2019ebd043b4890a03f0d76b268b.jpg,3,63.613282,27.684746,3,63.614558,27.677383,0.3905429,0.3905429,0.7999907,0.016486645,0.78309166,0.8675866,0.3905429
752e7d0e381940bcbed2441724d0db56.jpg,6,64.209619,-15.720971,6,64.201828,-15.736508,1.1470242,1.1470242,0.90206945,0.024940789,0.88397646,0.9744414,1.1470242
7540e184f7a7400c944b08499064f4ce.jpg,2,38.904918,-3.390347,2,38.935922,-3.386831,3.460885,3.460885,0.9500709,0.044764698,0.9418181,0.98308206,3.460885
7555659ee07d43e6883516f723888903.jpg,8,60.253391,12.052348,3,64.804849,26.009087,873.7272,36.138596,0.6647378,0.046238363,0.6491757,0.8021897,253.67015
75581733acd4400a967b50423aedffbd.jpg,8,62.050426,7.25137,8,62.053501,7.248536,0.37245828,0.37245828,0.73083484,0.008009732,0.7131131,0.8796762,18.855011
756302dd6cda418c8d4cd2ddc94bef77.jpg,8,61.857906,6.203139,8,61.848349,6.147823,3.0900512,3.0900512,0.7597254,2.759695e-05,0.71713895,0.9604018,5.645923
756f7774bc884ff78c6cabb92da0c941.jpg,3,67.510162,27.954773,3,67.536336,27.925598,3.1636643,0.12450867,0.8478177,0.036341667,0.8241306,0.94256604,3.1636643
75711b9de35147f795f253d5aebeae0e.jpg,0,54.341532,26.20063,0,54.41224,26.048687,12.595878,9.422197,0.75159264,0.0062190294,0.75990564,0.8677443,2046.106
7590e13e3b9043f4b0d901c70047b6fa.jpg,8,61.446748,6.004196,7,38.013963,12.870509,2648.547,1668.6779,0.6913121,0.016274512,0.6698378,0.7992269,2445.4187
7597a8cfc4f64258afc967d124243861.jpg,10,60.222838,13.471974,3,61.938738,23.963101,594.7258,25.403484,0.6715144,0.017466366,0.7035539,0.74459594,993.23627
75dd6651fb624d82984f3edff37e3178.jpg,8,59.953252,6.58044,8,59.962699,6.574869,1.095283,0.718096,0.766062,0.055286586,0.7459476,0.8465198,1.095283
7608a542a37a4deb929da308188d985a.jpg,5,53.284193,-1.533457,5,52.030172,0.795777,210.04144,6.7335377,0.78438306,0.008142233,0.7487469,0.9269277,210.04144
762db6177cff4e418149f0e946b11b58.jpg,9,49.76887,21.718858,4,47.862651,-2.524701,1779.8278,2.4049037,0.6480311,0.023951292,0.6380357,0.68801266,1779.8278
7639066895734cc38cd50264ee1a1f1c.jpg,4,43.422411,4.995993,1,48.028075,9.090447,602.5313,150.26654,0.6299978,0.0019240379,0.61704147,0.7723441,1859.8855
7687d57cd4744ee7a26813d78ebb0f04.jpg,8,60.734686,12.668758,10,63.616549,15.043235,343.2727,42.22338,0.8574967,0.01786834,0.8407282,0.9269817,479.0448
769681295eb04c599faf575c3bb0d36e.jpg,4,43.730772,6.453559,1,49.923649,8.890635,713.0366,17.573093,0.6591072,0.018502474,0.6596272,0.65702695,713.0366
76a6a5cfd9624afdadd5e53083d720e1.jpg,2,28.279178,-16.816588,2,28.409751,-16.5097,33.358616,10.455349,0.74787515,0.010861278,0.75791276,0.7520174,301.0827
76b75b163dd44fc38a65ccec97b4ec39.jpg,6,65.606701,-20.310419,6,65.611615,-20.306864,0.570276,0.56397444,0.978692,0.031941652,0.97753584,0.9833166,0.570276
76ba6cc7f6f64b779e7afdd13ee32832.jpg,6,65.355285,-14.919775,6,65.352373,-14.956168,1.7183214,1.7183214,0.9440623,0.013191521,0.93293583,0.98856795,1.7183214
76c1919fa9494635a2cc0f80a9d7b1c6.jpg,6,65.590633,-17.16039,6,65.586593,-17.149567,0.6702142,0.6702142,0.89630413,0.01581192,0.8778725,0.9700303,0.6702142
76e8593d7c1d479ab8a3ac7e588d43e0.jpg,9,53.335505,22.458968,9,53.338786,22.460341,0.3760478,0.3760478,0.8440723,0.01524061,0.8248807,0.933628,3.1218317
770214392f4b4762bcb6fa9a4614e2f2.jpg,10,66.353383,19.760689,10,66.330461,19.824736,3.829279,3.829279,0.9255067,0.0041944385,0.9119231,0.9798411,3.829279
771cd699a30a4ef2b9095f3b5eebdaee.jpg,4,48.767461,4.583603,4,47.882254,-1.584929,466.42584,120.978294,0.6751556,0.0031089187,0.6841078,0.7414659,705.80194
7752ea1410fe4f36b2e4985a973ed0fe.jpg,9,50.868982,15.800364,2,42.024263,2.986053,1385.9203,411.84543,0.72174215,0.036603928,0.725985,0.7134292,1389.9558
7765dd6681d148889c59212ddc374fff.jpg,4,46.438084,1.08089,4,46.607638,0.604418,41.04129,28.859055,0.7111322,0.018124163,0.70763993,0.72510123,41.04129
776a06a1f2bd42eaaf109bf778defec2.jpg,4,47.444971,0.47852,4,47.317085,1.399597,70.79255,10.483714,0.69671744,0.016709268,0.66473746,0.8246373,70.79255
777bbd9abdec4ade92cc640c985e854d.jpg,3,64.70118,24.817844,10,61.43173,14.855809,618.5124,2.5772502,0.7786212,0.033870697,0.7738443,0.8124206,387.99194
7796b53af3754bba9a13fa8890ed8681.jpg,5,53.183287,-0.607813,5,50.343967,-5.106281,442.01172,1.4875748,0.7821712,0.0068306327,0.7512479,0.9597218,30.12648
77d0ea02e4dc46f3a349c6e83679c898.jpg,3,62.312674,29.862577,3,61.834983,29.73343,53.54095,1.6313502,0.84022915,0.0054006577,0.8183636,0.9302641,53.926617
78120bfc2b474ec8b9a4d2f27aba81ba.jpg,10,66.228021,19.933874,10,66.161791,19.955699,7.4293075,5.4197464,0.915928,0.007118106,0.90579355,0.97701395,26.088472
781421ec4fcc4ca3b7840540adaad011.jpg,7,40.892369,16.132297,7,40.926921,16.072173,6.3473597,6.3473597,0.83555245,0.037377834,0.8453146,0.83045244,1020.3679
78174b5e1b1c4fe7a516ceb88de46a3a.jpg,5,56.516485,-5.936348,5,56.496207,-5.776487,10.065265,0.31057552,0.7878953,0.019429743,0.7706218,0.8569894,10.065265
787a9b7a9468405783e1d815313fa683.jpg,10,65.081254,21.465107,10,65.039462,21.351213,7.0789986,7.0789986,0.86395913,0.03516072,0.8424651,0.9499354,7.0789986
78a10aa2930b4c23bc06a1bd03cf3327.jpg,0,51.638285,29.094991,0,51.659761,29.120256,2.9565485,0.2977766,0.8478003,0.02373445,0.8339416,0.91351366,1.4504917
78a41041092143dba884d4dd7ed374f0.jpg,4,43.397685,6.311381,4,43.402961,6.281749,2.4648368,2.4648368,0.7553519,0.054591,0.76497,0.7993092,518.4965
78ad1702db5a4211b96b8b06a9f099bf.jpg,8,70.633317,23.672297,8,70.611289,23.653194,2.548785,2.548785,0.7376187,0.014846742,0.7189302,0.89855146,495.48355
78bdeca3aa5f452c9cf4ff42c0123ba1.jpg,9,50.008248,21.076695,2,42.112021,2.774026,1656.2239,153.9829,0.68543863,0.017209053,0.712104,0.7435811,1619.1443
78c653eb152e460881594d2ac8b922f5.jpg,7,43.811763,11.230281,7,43.897766,10.735458,40.81234,22.8103,0.65174806,0.013869524,0.66605115,0.71012837,1400.9012
78ca6cc2a52745089be89065e302f44e.jpg,5,54.548857,-5.485655,5,53.658867,-0.701792,327.13434,67.860344,0.6910239,0.003660202,0.64501,0.8750793,327.13434
78f09b52389b4334bef78d76df0b1429.jpg,9,51.657181,14.814421,9,51.478109,15.268282,37.15569,37.15569,0.7296872,0.03723228,0.72047544,0.78086716,646.994
7911e62574494b91871dd307498bfa7c.jpg,3,61.842109,29.733893,3,61.898763,29.807378,7.3842263,0.5623555,0.8603589,0.009513676,0.8402146,0.9652187,12.272916
79131afb6e0a4a0f907795b1b0dbfa83.jpg,6,63.932493,-16.454364,6,63.917892,-16.511339,3.223397,0.35443443,0.8961313,0.0012924671,0.87708735,0.98635006,17.028963
7959f970dead408ca817e3b0288de270.jpg,10,59.663743,16.92875,10,60.34533,18.127956,100.93266,12.162955,0.720362,0.028700411,0.6885755,0.8709911,75.70529
79629a8dc43342f9ad13b70125470aa6.jpg,8,58.074479,6.685535,1,53.605215,7.1682,497.8696,406.65927,0.67230064,0.00061893463,0.6478784,0.7920579,559.7168
7981e3c386e749aa8a2ad5323176f1cc.jpg,5,55.956675,-3.928757,5,54.32522,-6.461995,242.51752,28.258993,0.72939146,0.018115401,0.730551,0.8608493,332.27356
7983d23bbae64014abd2bb53c0a4b427.jpg,5,50.544678,-4.828781,11,41.062521,40.779305,3625.7698,37.168293,0.6841188,0.02736801,0.68396574,0.6976826,350.99805
798ec7b26c7b432e9fdc7f850ea1ccea.jpg,6,64.419587,-14.595558,6,64.418293,-14.592235,0.2148447,0.2148447,0.903375,0.03934419,0.8938298,0.9616491,0.49922058
7998dd0eec87475c9caff95a8776806b.jpg,9,53.296035,22.455261,9,53.32512,22.456766,3.235654,0.19645299,0.8513868,0.034554243,0.8319302,0.9292129,3.235654
79993bc4169048b38e19518750a9da16.jpg,11,36.815814,34.573226,7,40.564258,16.398659,1628.2382,0.63522446,0.68998444,0.013670981,0.68929654,0.72585547,109.75496
79a814dc8eb048e6b34b6cc19a837b5f.jpg,3,63.911557,26.729255,3,63.357878,25.596325,83.185745,6.9172544,0.86854666,0.0019325018,0.84400254,0.96672285,83.185745
79a93643fa74492fadd44e7045000554.jpg,5,51.937124,-2.169361,10,68.233621,19.565903,2150.5408,157.84929,0.6725917,0.007022381,0.6749196,0.7329435,596.81177
79b2593ef62b4e64bb08aefaf2140ecd.jpg,10,56.958665,18.303057,10,56.955931,18.302545,0.3055882,0.09612464,0.8225213,0.043578625,0.80530274,0.89139533,0.3055882
79d89d2b4ce74b89bdb49ed595d4d6d2.jpg,3,62.10994,28.585284,3,68.360408,27.415987,697.1201,3.626023,0.73695564,0.0024055243,0.7263839,0.8422242,688.7408
79fba7c9c88c41859e57cc65b306d111.jpg,2,28.107236,-14.387761,2,28.070307,-14.420452,5.2102137,5.1395316,0.8755696,0.027083993,0.85651743,0.9630924,5.1395316
7a1a0e217d864009bcbc9c5897955194.jpg,10,65.856702,21.80825,10,67.246537,23.155209,165.62738,8.087364,0.8004983,0.002089262,0.7723478,0.9436634,50.318775
7a424a8f40824394b83c6016e81f58e0.jpg,5,57.963725,-4.020917,5,55.984923,-2.896377,230.33711,5.905641,0.7323392,0.0059977174,0.7310115,0.8111049,86.88043
7a5b74ecf1514c37a744c9660c6c555c.jpg,1,53.07669,11.270557,1,53.078352,11.242991,1.8506224,1.4314193,0.84605235,0.08918077,0.84110224,0.86585283,1.8506224
7a5fe3e520914c23932c958d5740f048.jpg,10,55.610175,13.959864,4,47.55493,3.407495,1152.3535,14.3718405,0.6718846,0.0028154254,0.66453177,0.7833139,1464.7913
7a65e4b4e48d45a7af123a8f90d0a8b8.jpg,11,40.912506,40.137344,11,40.729999,39.637411,46.707005,5.881643,0.7111054,0.00101614,0.70074266,0.78826547,4006.8533
7aab24a806a7465a84dd72f2ad9178d3.jpg,11,37.010926,28.340427,5,53.187429,-3.066231,3012.0684,2672.9636,0.62395746,0.005014479,0.59167475,0.8414532,2893.5388
7ac37e4e85854c52b8716764a2cc8ed8.jpg,7,39.292201,9.589428,7,39.291724,9.587711,0.15699135,0.15699135,0.7750166,0.009851515,0.75802684,0.8767767,181.61678
7ac405080ee74015beadfc23398dbc9a.jpg,8,67.260253,15.43316,8,67.260499,15.433198,0.027402647,0.027402647,0.7918942,0.10570395,0.8071786,0.7618148,2641.468
7ac48f0d17bd4b50b16c8e3d0bcf0920.jpg,7,44.736543,10.149462,7,40.89018,14.352884,547.9989,65.68276,0.6672417,0.0014730692,0.6645419,0.7366528,923.35974
7ac66eabd0ab48bbb084c88596032035.jpg,5,52.331536,-3.042645,5,52.260196,-3.08199,8.371751,8.371751,0.75483906,0.027096152,0.7174132,0.9045426,8.371751
7ae2fbcd015243b4b93ec0857c80d451.jpg,6,63.549462,-18.448875,6,63.523604,-18.473202,3.1177452,0.24431086,0.9063862,0.008066714,0.88898957,0.9761025,3.1434348
7ae3ecf8e50342b3b0bc6b0d75852bd2.jpg,1,47.727865,11.184079,7,44.516523,8.9887,395.10208,58.50651,0.63532054,0.001352787,0.619806,0.78263265,634.1173
7afdce6279594ef4baf8777ab84294cd.jpg,2,42.173015,-1.553286,2,41.068452,-1.028365,130.34167,2.918914,0.73829293,0.007354319,0.70933044,0.8660165,128.72995
7b0bed38a3cb4e929b88b9e9cfc59b07.jpg,3,62.636716,25.685094,3,62.867315,25.810783,26.427813,4.4061546,0.85357636,0.013779819,0.83390534,0.9424664,90.007965
7b1d2f33c98a41f19485719165678dfe.jpg,11,36.915397,31.133254,11,36.910706,31.173239,3.592963,0.7532676,0.8260281,0.11341828,0.8075341,0.90000415,3.592963
7b5008c0d7ee434aa4a9cbd1856e3b37.jpg,9,50.821065,22.736292,9,52.165458,23.394654,156.28214,32.19719,0.6944334,0.024057925,0.6722187,0.7910044,153.30836
7b5b5a33a293415f902d1fe63147be1d.jpg,4,45.93007,0.198103,7,41.857191,12.376878,1074.3473,25.772833,0.73104954,0.006414056,0.7367371,0.70829916,1074.3473
7b5dda4dc4aa46069a9a4debd7e7c4f9.jpg,1,53.440619,9.945042,1,52.643084,13.756178,269.74127,18.464312,0.7939917,0.05162692,0.7797078,0.851127,269.74127
7b5f1688e2d045a58198840523faee8c.jpg,3,67.105949,28.825053,3,67.276266,28.23593,31.678617,5.962312,0.8895795,0.0072565675,0.8657663,0.9848321,31.678617
7b7cb0f84c884b0f9caa87e9d60216ae.jpg,9,51.195742,16.018528,5,52.380967,-0.046549,1110.4769,407.17548,0.75343585,0.0008200407,0.7401762,0.8064744,1110.4769
7b7f9cd849c44fcf9f84d51d1e42aea4.jpg,6,65.760779,-16.385328,6,65.377849,-14.530702,95.32589,4.6318846,0.86109984,0.0028806329,0.84518504,0.94683677,173.75105
7bb2581efdc448048aa42de7056cd1e4.jpg,2,39.520292,3.28774,2,39.512541,3.281414,1.0184753,0.019888462,0.75545704,0.014231801,0.72306013,0.9140892,18.67873
7bb43e7e64bd44eaaa4701318398316a.jpg,8,61.108933,9.107127,8,61.106855,9.108772,0.24738829,0.24738829,0.8104576,0.008363128,0.77978325,0.9491137,5.6949363
7bb617f7830a4c31a16171939156a9f9.jpg,6,66.106256,-18.819939,6,66.076868,-18.633666,9.007963,7.935233,0.7575471,0.0102368,0.73483324,0.89475954,64.29357
7bd69406470447c4a53ce066496dceef.jpg,5,51.092875,-3.136217,8,63.437116,11.726786,1629.1321,54.673557,0.700971,0.037311435,0.69650453,0.7249871,445.87747
7bda276aa829494e8af682bec72fbb24.jpg,11,36.844217,28.755908,7,38.048346,13.376082,1362.7487,7.2592463,0.73668367,0.0022090077,0.73509824,0.8258177,1200.0544
7bfa3892e10b4159a9b5ab66bd48ca73.jpg,9,52.481525,21.639197,9,52.513536,21.678572,4.44687,4.44687,0.8131034,0.044208467,0.809861,0.8485944,68.66736
7bfcd733dbb64321b3fc71db665a1d86.jpg,4,45.591976,5.082627,9,51.332313,22.085814,1402.3027,19.141909,0.6462972,0.0010821819,0.63374805,0.705195,1226.2004
7c3f93a70a984ca38d03605f1111eb42.jpg,11,39.745047,42.870755,11,39.771982,42.776448,8.599833,5.538241,0.7740076,0.044407547,0.7514276,0.9267284,94.90706
7c5b527464b14fb9ae60654072f3c159.jpg,1,52.511421,10.350112,7,43.406684,11.30565,1014.8745,785.6369,0.5727057,0.003017962,0.55682635,0.7455365,1347.2714
7c6198e1046d43c79f20e6bacf13f12c.jpg,0,55.966783,28.646306,0,55.997854,28.645426,3.455376,0.7730295,0.8984208,0.005630374,0.8812334,0.9686905,42.111507
7c853c12028d48f089b599793d139f0e.jpg,7,41.442617,13.944146,7,37.553554,14.289008,433.45468,19.042824,0.73062205,0.008185625,0.7418596,0.838003,928.5692
7cac02d3b5754543b6ac360d6350342e.jpg,1,53.234732,9.999449,1,53.147594,10.095165,11.59942,8.170305,0.72739846,0.0006763935,0.708915,0.84311247,15.955625
7cb39d5e29a049879bc64164b031df22.jpg,3,67.485693,27.982756,3,67.536336,27.925598,6.133611,1.3952396,0.7945882,0.035494328,0.77720827,0.8828747,385.2106
7ccdcfd5a1cc468aa1aef28331f4d598.jpg,5,51.565305,-0.556271,1,51.504959,7.957443,588.57544,342.27753,0.67789227,0.024224639,0.67453706,0.8185183,1105.3359
7d0269af77604f7894f1f46c90f9c1ec.jpg,10,62.862276,15.080281,10,62.480571,14.770064,45.301693,34.465862,0.85455567,0.004070401,0.84748113,0.8828539,45.301693
7d0ad1cf62a747c09b6a6183b2563ba4.jpg,4,44.112291,1.308214,2,39.37136,3.147322,548.76544,74.15696,0.5826047,0.008232534,0.60353965,0.62260324,1706.4308
7d4d8491d45a41c994675c9c39bcdc95.jpg,6,63.541667,-18.454466,6,63.541887,-18.454265,0.02641202,0.02641202,0.98524487,0.013112545,0.9821951,0.99744415,0.02641202
7d54c4ef016640ca924f388a4cc98596.jpg,8,60.422335,7.723457,8,60.367575,7.507791,13.320245,9.169577,0.7566982,0.06582177,0.73078,0.8603709,13.320245
7d73aa077bc2476087485628cefd8344.jpg,4,48.521396,6.23012,4,48.201847,5.578815,59.815926,32.25182,0.6724977,0.026525915,0.6810595,0.77474713,454.6477
7d7cb9db19734430a737d12500608113.jpg,11,40.726396,39.638332,11,40.755159,39.620403,3.5370567,0.40808347,0.6977172,0.019014,0.6849657,0.8137035,13.606137
7dab8497c6e44c4fae3fbaeb02310c86.jpg,6,65.680993,-23.198784,6,65.669936,-23.239478,2.2328444,0.9968717,0.9535052,0.00795573,0.94357336,0.9932326,2.2328444
7dc6d6d4c37547ef9daa432342855c0c.jpg,5,57.223565,-2.633292,5,56.992464,-2.279252,33.4275,5.859173,0.79392886,0.028285623,0.76133966,0.93068445,75.45843
7de5a046c20247b8ad627060f704f8a8.jpg,6,65.491433,-23.213946,6,65.497602,-23.200692,0.9188176,0.9188176,0.950448,0.026693523,0.9416172,0.9863769,10.981227
7de8a74147d249aca1a18fd157963e6d.jpg,4,43.427985,0.047997,9,52.691226,22.540962,1951.0737,1552.6912,0.6779429,0.022025228,0.65111244,0.8225823,1988.7136
7df88c66e4194044a757f51e7e9d2722.jpg,10,58.680935,14.646972,10,64.811529,17.513959,698.0161,16.633673,0.75028175,0.0017164946,0.72063154,0.8956703,721.65454
7e0f270f68b14c10bed3a4dd8fc88acd.jpg,1,51.846054,6.158205,7,43.485511,13.633364,1083.8766,171.01482,0.68484664,0.022454798,0.69088566,0.7440462,823.20197
7e1bed0e5dc04ac6b8889f51c929c4c0.jpg,8,60.523134,5.302453,3,65.699168,25.161729,1145.5089,535.98785,0.6445619,0.010521948,0.6381035,0.70113593,1148.3063
7e7a9f23ede04e20ad74186d68e88b3e.jpg,5,53.60807,-0.23531,5,53.82578,-0.627495,35.383923,0.24493727,0.7842531,0.060923398,0.75908875,0.90683264,52.11443
7e8387b9d53b4043b94bc3f241c26d79.jpg,4,44.025512,-1.327789,4,44.152966,-1.298368,14.365731,6.6904163,0.78300536,0.016318202,0.75281847,0.9037527,14.365731
7e8c67738c594d7d81562d17620b310d.jpg,5,56.001638,-4.390912,5,55.778002,-3.531607,59.071938,12.041232,0.68318737,0.0031315088,0.65382063,0.8216611,69.16837
7e9e98d67b6d4b5098c0421a479ea460.jpg,5,55.282998,-2.94676,5,55.298853,-2.940177,1.8115985,1.4349586,0.74759674,0.05715263,0.74123275,0.82965314,420.63422
7eb0dd3189f847eca81c4bb91b93ca57.jpg,2,39.371857,3.011853,2,39.384622,2.996997,1.9092284,1.9092284,0.74692214,0.016189694,0.7150717,0.89486253,4.540152
7ec6b02c37fc46338cb0775eadaad9e4.jpg,11,40.999268,31.992333,10,66.0568,22.707409,2846.0408,1277.2832,0.7235281,0.041125238,0.7175367,0.87501526,2144.2803
7ee7829619534b14847bce82caea67b4.jpg,7,40.694913,17.071808,7,40.793347,16.816804,24.110394,12.832233,0.67070305,0.013942838,0.6566655,0.7652787,1238.6914
7eeec8e67b2940c3b3d1e7df0c105471.jpg,8,70.083503,22.009552,9,54.167212,18.716769,1777.446,1717.7814,0.63634676,0.0026298761,0.6049223,0.78065705,2217.1775
7f3bf706335f4937bf26a164effdd841.jpg,10,64.290747,15.76457,10,64.118617,16.100121,25.09897,4.302113,0.8149138,0.0024966002,0.8038255,0.8886021,91.12789
7f48d99ed974432db3ec337194b7436a.jpg,4,46.34976,6.105462,4,44.55499,5.872598,200.39424,18.434132,0.70484376,0.025999546,0.6834421,0.7967062,339.78616
7f5df1ddd86a49498c9b36ada9397b83.jpg,10,60.02624,16.218432,10,59.143595,15.166211,114.63178,17.006638,0.76237047,0.0021390915,0.7380582,0.88232625,114.36679
7f5f3a25e81e4091ab39b523789d556c.jpg,4,45.184278,2.600101,5,57.423217,-4.664788,1449.6257,92.22919,0.6139378,0.0172171,0.60092705,0.67283833,1139.0316
7f6fe0a6a5a54eeb9e4555b696318202.jpg,1,50.250311,7.588082,7,44.095861,8.127171,685.55145,536.32794,0.696525,0.00863117,0.705777,0.7577499,699.50824
7f9b4eac0ff34da78c1e8fcfa0864592.jpg,5,51.036543,-0.27444,1,50.202678,7.017817,522.5252,175.0188,0.6542653,0.0077305436,0.6405468,0.7091392,522.5252
7fa776454db24996a48a4d346388c363.jpg,9,50.099361,18.16786,1,52.152133,7.681115,765.8125,176.31836,0.71685076,0.0043809414,0.73585606,0.76790977,1752.0052
7fca2c2e1e6d4450a72f61ae13e685d2.jpg,2,41.888753,1.067805,11,41.324308,27.485505,2188.6475,245.29318,0.6992689,0.0028972626,0.7506286,0.63870907,301.19653
7ff09852d5ac4ba7ad2a0bbfc44e77ab.jpg,2,43.238659,-8.570288,1,49.702115,8.963045,1517.847,60.229008,0.65734583,0.0081118345,0.67806786,0.70954156,4021.9854
7ff3145f775d461bae5754c1e350a92a.jpg,5,57.170089,-3.774653,5,57.013502,-3.374299,29.801485,5.2979317,0.7281901,0.013202846,0.69417924,0.8642337,29.801485
801bf3afc490402bbd2dcd4a5fa1e9cc.jpg,8,69.693535,29.371015,8,69.730751,29.663183,12.000721,0.35410765,0.7268679,0.0069800615,0.71994394,0.819361,0.36237785
803f3fd4b256450d94dc32a1f6c725ae.jpg,6,64.835335,-23.944931,6,64.833042,-23.949241,0.32640892,0.32640892,0.93672943,6.1392784e-05,0.9250792,0.98333013,0.32640892
80654f9f8cc0488d93b7319bc308e8a2.jpg,1,49.251349,8.613812,9,50.092875,20.309997,845.97186,49.50924,0.73250675,0.007627785,0.7171824,0.7938043,845.97186
80693b9cc4bc46a4b371705a6813e63a.jpg,3,61.902054,23.706904,3,62.015428,23.660301,12.839849,1.7417033,0.88211125,0.029439569,0.8629782,0.9616817,129.49762
8088a3a2c6c74be3abf072142f241a80.jpg,8,70.961083,25.694829,8,70.820849,25.766476,15.80993,3.506924,0.8408884,0.012981415,0.80996406,0.96458566,15.80993
808bba9c5c0d4a908da236dacadfb6d8.jpg,9,51.470775,23.541651,9,51.494168,23.545667,2.6160102,0.1992459,0.6890199,0.0059609413,0.6685116,0.8287292,712.07166
80e2e368b7cf496182d41fb53d1b5ac1.jpg,1,51.380188,10.379012,7,45.184477,11.00811,690.49615,22.692236,0.62079203,0.018296242,0.5963398,0.7215107,689.4591
80f36a102ff54b018e717f5636bcfde2.jpg,0,53.613238,27.465405,0,53.615614,27.465529,0.2643261,0.2643261,0.90202165,0.0061808825,0.88578707,0.9762911,223.44067
80fb8e25220540bbb7955f3ef79d3c8f.jpg,6,65.278768,-14.418585,6,65.820387,-17.356904,148.01993,0.9580871,0.75481284,0.0006673336,0.7567626,0.79403,56.820553
810a23d7fe504041a62aa87cb4da2b97.jpg,9,54.832648,18.287463,9,52.964016,20.474304,252.36597,6.803206,0.690644,0.015568912,0.66639876,0.82378304,244.29349
81172d1922b54890975f95cca006d21d.jpg,1,50.374468,7.799888,9,53.211752,20.848399,949.6097,169.37465,0.6986028,0.012195349,0.6980957,0.7569858,1383.2535
81220f3eb76a46b283a0f94d811e68fb.jpg,5,50.905289,0.629369,5,51.005936,0.773272,15.061418,15.061418,0.779771,0.06542367,0.7544202,0.8811738,15.061418
8125d4269d1848e3b0c4a3639f1fa952.jpg,8,71.115056,25.700177,8,71.115155,25.700046,0.011975419,0.011975419,0.97771823,0.056468368,0.9734274,0.99488133,0.011975419
81443e1a0ba948d98c68bcabe41ce98f.jpg,7,44.686069,7.20804,8,60.814143,5.803621,1795.7495,29.95302,0.6857342,0.0061237216,0.68435824,0.7768719,2765.6409
816f43106e244564ab1c5dc986c9d099.jpg,10,66.107855,22.848107,10,66.119462,22.864653,1.4902242,1.4902242,0.81281644,0.063791096,0.7788433,0.9487089,1.4902242
8180cc89aa1c43a9959f354ffb18c993.jpg,8,62.471293,6.12387,8,62.471209,6.329362,10.560986,0.025583997,0.70250285,0.00092071295,0.6524305,0.9129517,19.578499
818d12c7f2c842a6a240547db45c769a.jpg,2,42.248432,-0.648802,7,40.221418,18.098324,1580.4668,823.90643,0.8082255,0.026497483,0.81291854,0.8741222,1411.6846
819cda1b59d449558c253cf0a1334302.jpg,3,65.532945,28.87916,3,65.533409,28.87899,0.052185133,0.052185133,0.9713728,0.062841475,0.9658463,0.9934786,0.052185133
81ce4a88bff14fef8420bca42019b12b.jpg,4,47.585855,-2.971004,4,47.591357,-2.980008,0.9111905,0.9111905,0.82077086,0.13228226,0.8057903,0.8806928,0.9111905
81f6f4c375f8415fb89211f0d925325c.jpg,9,50.797647,21.165974,9,50.427603,22.746244,118.85064,8.622336,0.7778241,0.003104031,0.7595457,0.8848113,30.392426
82059b7d30ae4f23b881549dba87e70a.jpg,10,56.03989,13.06349,9,53.297707,19.960543,537.8255,64.98466,0.71632814,0.029747248,0.68114996,0.857041,537.8255
820b3b1dcbc841949cfd6489968db8bf.jpg,7,45.159782,9.986557,4,49.584025,0.246717,882.083,622.26776,0.7544924,0.020502508,0.7198249,0.89316213,882.083
8223d70ec9c949558ea1a65f2c58ef75.jpg,11,38.337797,26.863291,11,38.34327,26.863905,0.6109221,0.6109221,0.80228496,0.08283007,0.80119956,0.8066262,0.6109221
8269bdebf4bf4bcebda1ce8441a9fd05.jpg,4,48.012617,3.848722,1,51.476377,13.138438,769.8252,23.65549,0.7268425,0.00558877,0.7430998,0.74415267,199.64922
826c26d42671428786912e8f586ffe0f.jpg,4,43.710767,5.597279,4,41.819108,9.402401,375.0793,375.0793,0.6572506,0.025999546,0.65151227,0.73443216,2045.0461
8272ca093f9d4e328053e6ede03db1a2.jpg,10,62.913665,14.157175,10,62.317838,13.772551,69.11143,26.9944,0.88414305,0.011121333,0.86777234,0.9520791,64.1543
828f311d89dc45ecb8faf702d4afb4a3.jpg,0,52.132036,25.538637,0,53.5122,27.475016,201.18568,5.9053288,0.85465336,0.013514042,0.83020765,0.9719093,6.178211
82a44b84ec0a44ad83899d13d95afa4f.jpg,10,56.264797,13.563927,10,56.223308,13.58875,4.861636,4.861636,0.796929,0.0025208592,0.77733135,0.8775475,13.20235
82b098309aa047f7b792af2794cd2b9c.jpg,7,38.902416,16.336121,10,55.794979,13.755334,1888.0743,952.5784,0.6062645,0.002169609,0.6011067,0.7580798,1440.1067
82b3cade8f774c65beeab8b6541e7086.jpg,10,65.834228,23.757475,10,65.929278,21.819881,88.66632,18.76224,0.7816213,0.005312979,0.7449826,0.92817605,88.66632
82ccd280427745298c93fff2705e676d.jpg,8,68.562618,17.57135,8,68.775596,17.801596,25.447397,14.175541,0.738302,0.025843263,0.7163237,0.83047134,25.384436
82e5f750cb474d52ad1f6fa12f9d9d44.jpg,7,40.967831,9.071465,9,53.158673,15.928122,1450.0173,311.34085,0.6659468,0.010254562,0.64626324,0.76290643,1398.9502
82e9f20547cf45dab501709998810bd1.jpg,10,62.258956,17.468233,10,62.195182,17.499965,7.279459,0.22180013,0.76595265,0.026444256,0.7511144,0.8457844,241.15846
83239aa3412a44b8acfd1e7411e1b12b.jpg,1,52.569998,7.786979,1,53.676365,13.932896,427.999,25.411497,0.7426841,0.02881825,0.7210722,0.8477029,399.21967
83451e4711b84135979873c84820edbe.jpg,8,69.436642,19.251199,8,69.438057,19.246305,0.24756664,0.24756664,0.93351674,0.061315715,0.92093194,0.983856,0.24756664
835ebaa823174d508c33f00d0d29f067.jpg,9,52.669271,16.906546,9,52.670344,16.90103,0.39060944,0.39060944,0.7497113,0.035207987,0.7488659,0.75627464,38.70716
8372bf9902234faaa66c1ba71ed5208f.jpg,0,53.795493,30.991835,0,52.316614,31.368534,166.35936,12.916044,0.79798067,0.0015167594,0.79040706,0.87103474,179.00119
838796ecbeea4d5aa30d45a655b5c2de.jpg,2,28.651457,-13.832023,11,36.705251,33.112627,4439.2866,2051.2124,0.656049,0.00834173,0.66775066,0.63897413,4355.818
839988ee46954e358859690468b23b27.jpg,8,59.600829,11.189035,0,52.527682,25.580347,1185.772,19.155437,0.66575176,0.009646654,0.66475445,0.76722085,327.20334
83b6bbe4209a4ee88b5c0fd9d078893f.jpg,1,50.662183,7.077611,1,50.036314,6.259586,90.619896,11.893729,0.71791506,0.005480647,0.70697033,0.8033365,90.82081
83d2ce7196a74cb383c069fa7ef2a2c9.jpg,3,62.554176,22.838149,3,61.873685,24.507255,114.93366,5.0469823,0.8674426,0.0050396323,0.8497001,0.95076466,58.670425
83e21009e7ed41c7810cc3d36097e40c.jpg,5,53.649885,-1.461616,9,51.276147,22.951713,1666.3677,8.94606,0.6893552,0.029539049,0.695945,0.78106016,713.0663
83fd9bf617e847d8900e14a73a7057a2.jpg,8,69.255771,15.957097,8,69.082657,15.563348,24.7578,0.13013238,0.65849507,0.022707999,0.6166477,0.8541975,99.50457
8412b488e58a4bcfa2aa9aa278730668.jpg,11,37.828839,41.082187,2,39.496615,-0.500438,3582.989,49.14732,0.70432556,0.0069396496,0.7287308,0.7311276,3269.9429
845b9c2359c94ad4b1ace2d4bae72b4c.jpg,11,38.706055,27.029157,2,42.513018,-5.420392,2754.5574,186.15878,0.66588926,0.010472,0.6581497,0.6968473,2754.5574
8463b172529246c4ba12718d6275c3bd.jpg,5,50.820415,0.301238,1,53.405743,11.598151,822.1441,38.859673,0.69805336,0.0027688146,0.7133516,0.7877671,1067.7828
847e9f9f48dc44d8ab392198a64e0162.jpg,7,42.904045,12.014887,4,48.878142,2.97675,963.4322,35.31361,0.6606697,0.017546117,0.6562507,0.74653137,651.449
848043c6ff124bfa9e4079466922ea81.jpg,11,39.474433,31.326347,11,39.451542,31.437491,9.875009,9.875009,0.80126554,0.00038701296,0.7755096,0.9106421,10.160073
8495fdf56a504d42a0db33fd4c397e69.jpg,6,64.613823,-22.048521,6,64.747057,-23.816201,85.353546,0.7432868,0.8290577,0.0011903048,0.80768967,0.9145299,85.353546
849be1ba525248d48b9263a227f89c76.jpg,6,64.710209,-14.319509,6,64.716348,-14.324656,0.72508115,0.19986142,0.9333101,0.0013965368,0.92517376,0.96964955,0.68669784
84b676c05f3f489a9aac87a92c82671c.jpg,7,45.120061,11.729516,7,45.117925,11.669355,4.726404,4.726404,0.7966807,0.014112115,0.8325313,0.7578301,1012.86096
84fc1d0588464fa5b3dcddb5bac4e7a1.jpg,10,63.096906,15.191861,3,63.20799,30.949348,789.4134,12.390954,0.8017525,0.0037359595,0.7886635,0.9175323,802.6732
8520613a904742648ce3801b2f5ddb78.jpg,11,39.552825,40.072827,11,39.560323,40.03117,3.6673253,2.432077,0.85792875,0.0017915964,0.83805156,0.9400746,17.844046
8521c34b8ef743eab81102813d725846.jpg,8,69.250589,17.954936,8,69.234997,19.336997,54.49138,0.8160904,0.6924731,0.034436703,0.6510742,0.8580688,54.49138
853fd1ddac47451e802c18da126365ec.jpg,3,62.448502,29.96097,3,63.143249,30.638638,84.58405,4.1733923,0.69847405,0.029509723,0.67284364,0.8992071,182.60042
8554ad9265254eb184368b41459f7891.jpg,1,48.623417,8.200689,10,55.531331,13.349853,844.3361,34.14571,0.62835264,6.633997e-05,0.5876155,0.7913012,844.3361
855deee512564501b269ddd347c850fd.jpg,4,50.198954,3.252086,1,54.423636,11.172715,713.8151,37.763706,0.6136162,0.0019510388,0.6116905,0.7146155,1100.6812
856899c038074f8cbc839afd12144781.jpg,4,46.443021,4.146284,5,56.626356,-2.525955,1221.3899,311.32178,0.71791095,0.01458025,0.69855976,0.8074068,649.9118
856bcbb660c14e08a5c5ee781d777f71.jpg,3,61.23754,27.987011,1,52.972402,13.841704,1249.5663,77.27473,0.71234286,0.0062737465,0.69635963,0.7851583,1942.3568
8575c8b667464578a22c77e2db25ab13.jpg,2,28.774627,-17.962095,7,45.720061,12.727578,3273.5308,1804.8612,0.67607087,3.272295e-05,0.6362253,0.8590727,3284.5461
85775e1b87e84ef7bfad965306cec7d9.jpg,5,51.926585,-1.162863,5,52.12557,-1.414392,28.030762,2.4358597,0.78752697,0.024829924,0.755716,0.91477054,28.030762
85c3e06775d04ace9eda9ae2077a944e.jpg,7,40.710317,8.803033,7,40.68621,8.3798,35.78033,0.56500906,0.7852756,0.0033553839,0.7487628,0.9313268,35.78033
85cd2d80deaf43bf9978a7c75cd5651d.jpg,7,45.234371,11.011128,7,45.24649,11.006934,1.3870051,1.3870051,0.7405855,0.03548503,0.71514213,0.84235907,1.3870051
86237b3ba1e94b32a501914e1e6df196.jpg,4,46.921401,4.192012,4,46.780895,4.141128,16.095629,16.095629,0.79795074,0.064254105,0.79149497,0.8237738,16.095629
862f25e94ac14da985b20ac874189894.jpg,1,48.07729,9.447945,7,45.401273,9.600237,297.78598,56.95975,0.69705486,0.0033451915,0.6991055,0.7222835,1017.078
869244e4d311432ca7a5e94e2495ac3b.jpg,2,41.776543,-2.851568,2,41.968908,2.867241,473.90695,79.573944,0.6584053,0.0021860003,0.6548618,0.73721856,496.83536
869964c0e02b4cfca9ac72c9ad8c7ecb.jpg,11,37.40133,34.86127,6,65.414525,-21.883301,4760.6313,146.578,0.65992343,0.012098253,0.66116685,0.7309203,696.27893
86ba2d7f32254b7ba13a8cc3040b4fbd.jpg,4,47.498053,1.298743,7,38.088568,12.753031,1399.955,350.62448,0.64393365,0.0015410185,0.61219126,0.7893151,1402.0443
86d23418300c4408893022893b0e751f.jpg,5,51.617069,0.25248,7,37.257817,14.917591,1968.187,46.92673,0.741679,0.020635724,0.7355627,0.8049681,1967.7925
86e87d8bb9914d788237d0dd3b16f82a.jpg,10,58.780373,17.333735,2,43.323964,-4.681338,2285.5437,1049.7911,0.6284725,0.0050477386,0.6171666,0.69563746,1809.6447
87114556f920458e9e17041b290ecd94.jpg,2,39.488821,2.809053,2,39.488512,2.814789,0.4934317,0.4934317,0.85980517,0.08608353,0.8428263,0.92772067,0.4934317
8743baa8183d4bd7a65e1fe14db88d6a.jpg,10,65.420037,21.25187,10,61.655272,15.003275,520.1721,46.723125,0.78357947,0.017781138,0.7745007,0.90042937,176.21077
875c70b54f9a45bb80e96a20f3534eac.jpg,2,43.346965,-5.019349,0,54.500964,25.875252,2546.22,1418.7577,0.6803649,0.010067046,0.66931176,0.8316219,2682.578
876017092fa240b59fb8287922a37f9f.jpg,1,48.108602,12.334797,3,60.492494,25.016808,1597.9783,347.4874,0.6918757,0.020974219,0.690215,0.72143084,1916.0594
878abb493f1e43cc845ca70d2508851b.jpg,3,62.83153,29.84284,3,62.98714,29.761209,17.78997,4.664607,0.87513554,0.022052467,0.8557297,0.9617855,23.046242
87be0b1c49c7474089b2e332bf1da87b.jpg,9,50.226132,19.729764,9,50.233471,19.709155,1.6778047,1.6778047,0.6820601,0.015708208,0.6690593,0.7517144,318.7421
87e0f862bb4d4bbda443ea27beab015a.jpg,4,45.69699,5.178455,1,53.099712,7.673693,842.58,248.5236,0.745669,0.014438868,0.7359785,0.8092948,687.7457
87e2dddf05f545c48e679e1d6e7d471e.jpg,3,62.026523,29.486027,8,62.486727,6.57758,1180.6755,81.4056,0.7506169,0.004797399,0.72280324,0.8971635,1192.3066
87eec7c81fea44ae81989862a55771d5.jpg,8,59.908537,5.367889,11,36.984381,35.81847,3338.9978,248.68863,0.69015026,0.0067228675,0.6757349,0.86643654,3293.356
880f9380f8084fcd8228ac87764eb1d3.jpg,7,42.66305,12.513669,5,50.313732,-4.850217,1572.3794,916.68616,0.6113231,0.012773633,0.61317503,0.7421334,1826.6978
88175f5300f6402aac91f6f70e48c169.jpg,7,40.986442,9.133019,7,40.941926,9.04993,8.554255,0.73423505,0.7805256,0.0011509657,0.76627815,0.8375156,8.554255
8826cfdbd1884338a42829c890b05c36.jpg,5,52.087129,-3.678146,5,52.417762,-3.560485,37.62708,35.917107,0.7754514,0.017367125,0.75193,0.88454854,208.37709
884bcf20edf84edd8762c83a4a26c52f.jpg,8,60.000546,6.565308,8,59.973889,6.572586,2.9916399,2.1308203,0.7631741,0.013657987,0.7258439,0.91249496,2.9916399
889d2dbe636948369c5e441f017fd36a.jpg,6,64.903414,-23.925787,6,64.857774,-23.909782,5.130868,0.37901056,0.9003578,0.0121228695,0.8826088,0.9805089,0.37901056
88d828bc736149e39cf116bf3a7a9606.jpg,0,55.196303,30.364669,0,54.998211,30.923392,41.81922,4.318914,0.78934324,0.015270829,0.7601124,0.9336556,167.68816
88ddc90d29ad4d38a0d6474a16c64b0f.jpg,6,63.912215,-21.36446,6,63.917507,-21.360853,0.6143035,0.6143035,0.8111956,0.003453374,0.8066002,0.8422072,33.5574
88f0b94ffd4d47f0a7eb76e3fe3bf7bd.jpg,8,58.68264,8.99526,8,58.907531,9.298824,30.515213,0.17020634,0.8282605,0.03175956,0.7968943,0.9575875,12.634225
88fbb93246294516af2cbd1a2482b002.jpg,3,66.261907,29.33451,3,67.427241,24.937528,231.7677,1.3583286,0.90295565,0.023234725,0.88255924,0.98454106,231.7677
8908ac201a1e4738b95087217815deb5.jpg,10,56.957938,18.302935,10,56.975206,18.314161,2.0371275,0.17729872,0.83662206,0.060954332,0.8107964,0.961558,11.35237
8978ab194b5f47d9983755d91ddaeb89.jpg,3,67.084424,25.081534,3,66.994231,25.249841,12.404869,1.0443194,0.8777677,0.012601078,0.8621086,0.9695743,134.3948
89e11dc10b34435999f1960d4450f3f6.jpg,11,37.093204,38.102587,11,37.274262,37.193566,83.00764,6.04486,0.6678821,0.016303241,0.66205,0.8099884,512.14026
89f0ffe176f84329bdd45f887256765f.jpg,7,46.90366,11.09188,7,46.04915,12.030811,119.15204,27.638731,0.74515593,0.06501335,0.7393619,0.7683321,119.15204
8a0ad43660694cc688cad2079953e16c.jpg,3,62.278329,25.727957,3,62.281361,25.726093,0.35065776,0.35065776,0.9116905,0.05295074,0.89496535,0.9785907,0.35065776
8a373b64602e42d6a7c40ba04a5f028d.jpg,9,50.138131,19.0465,2,41.630391,-2.515324,1908.3895,94.991844,0.69253445,0.025390565,0.6907448,0.820055,836.1839
8a492541af424d68b10a08d51a64e58f.jpg,9,51.975139,16.539871,9,52.205789,23.17661,453.98798,51.58207,0.728101,0.007451892,0.7436747,0.76702535,136.2739
8a6f74e3bc1e4fd992247cd228549bec.jpg,5,55.183346,-2.812824,3,63.174135,28.477162,1964.9597,213.52477,0.7445539,0.023504257,0.7342652,0.8445035,1713.1469
8a865242db4b4d85997dc74558cfbc6f.jpg,5,58.282545,-4.443699,5,58.234758,-4.480909,5.742236,0.53241986,0.701475,0.033311665,0.70107245,0.783244,271.99326
8a9903d416324c85bcbdc72bc00d173a.jpg,2,28.940975,-13.802124,2,28.943769,-13.797922,0.5135266,0.5135266,0.91349953,0.09819871,0.8997828,0.9683666,0.5135266
8ad58501a64a41ceacdd241259639206.jpg,7,37.251512,14.480395,7,37.43956,14.959847,47.260468,2.2701085,0.7652774,0.0024600625,0.7338443,0.9178928,52.089188
8adf3afeb94c4faba37ceebd84bf49a3.jpg,10,62.993485,17.672266,10,56.564804,15.897156,721.6376,238.99028,0.6773115,0.0094310045,0.6752945,0.7379755,377.36526
8b1f1b559e674d98a3fca14741e18542.jpg,1,51.752342,13.888441,4,44.185302,-1.292811,1404.4772,37.91214,0.73872924,0.006323695,0.721997,0.81471026,1328.145
8b2c9baa9d644e4cbe64f9c16ed538d2.jpg,3,66.599134,25.922703,3,66.599493,25.964024,1.8252592,1.8252592,0.8806853,0.04383117,0.8661592,0.93878996,1.8252592
8b53283b91cf4d45ae5cc0dd0bef76cd.jpg,10,68.230622,19.655803,10,67.664305,21.300287,93.15569,0.31996307,0.8724473,0.028563201,0.85459304,0.94690216,186.86348
8b5c4cf7c9bf4d85b965952e9efd7680.jpg,2,41.028628,-1.658791,2,41.719467,-2.840767,125.01045,31.678816,0.7035186,0.0095306635,0.679935,0.7988682,438.11148
8b85419ea95a4177a698379256581184.jpg,2,42.19852,-1.436046,2,42.197233,-1.429862,0.52913654,0.52913654,0.86051923,0.104837716,0.853208,0.8897641,0.52913654
8bc9aa58fa464f4daafd67533cd9d6a9.jpg,0,55.271661,30.330927,0,55.289707,30.322642,2.0740936,0.62851995,0.8586196,0.030420065,0.83123946,0.96813995,2.0740936
8bcc678546154bb39c8fb936b5b8d46a.jpg,9,53.620308,15.154359,1,50.583676,11.648885,413.82385,63.577816,0.6977119,0.013971388,0.7037922,0.80364895,555.11115
8be940fac098467d8f0fcad9e80a5836.jpg,6,63.472723,-18.580568,6,63.44198,-18.750103,9.091218,0.2891279,0.9422002,0.0013099909,0.9329377,0.9860214,0.52545166
8c2165e6fd884965b28baae76df74cb6.jpg,9,52.987858,17.37358,7,45.021444,8.256988,1105.8181,273.58347,0.73198384,0.04677522,0.7095183,0.8218458,1105.8181
8c47ca9bfe4243978fb2ff50aff7a01d.jpg,1,52.658756,8.443347,1,52.743155,7.207171,83.82129,10.572436,0.7156733,0.025516748,0.6812059,0.87031466,96.37196
8c6e28fe6552479998c1cec14a52f802.jpg,3,63.676005,26.500564,3,63.67815,26.21818,13.9256,3.6319613,0.873158,0.0107883215,0.855631,0.9673829,46.164288
8c74c7757429486c8d4c9a58d5695b3f.jpg,5,50.465477,-4.698527,5,50.458489,-4.673857,1.9113559,1.2761153,0.8504157,0.019386947,0.82626367,0.94702375,1.9113559
8c75546426c548dca5f2d2d4844a3708.jpg,8,60.824691,12.672547,10,60.005599,13.330053,97.96972,59.63271,0.62058604,0.028561711,0.61272466,0.6809405,1100.0358
8c840681c3aa4754bb48817884126593.jpg,0,53.926451,25.246678,9,53.608257,15.107757,666.73364,17.037933,0.6609132,0.0018447638,0.6597832,0.765858,586.4833
8ca33d79f556490885114ac4e292a944.jpg,5,55.788918,-3.019993,5,56.724715,-2.55703,107.912926,10.317543,0.7812029,0.060287714,0.74782306,0.91472244,107.912926
8cb7147624eb4a5fa2e0503cde6db741.jpg,0,54.747235,25.901959,0,55.157076,27.763945,127.32659,3.9940286,0.744948,0.016468525,0.70268536,0.9139987,127.32659
8cd6baf3a49741c39b8b093bb5e010c0.jpg,0,53.786645,27.717729,0,53.860604,27.902789,14.668649,14.668649,0.7189133,0.060261965,0.69650376,0.8270831,76.04208
8cde5ac94a464be487d41deeda12913e.jpg,6,65.813049,-19.328448,6,65.807262,-19.323321,0.6845764,0.6845764,0.9362636,0.036237836,0.9240074,0.9895225,5.552979
8ce23dfa1e5d4edbb5dda177e0f05d79.jpg,3,64.735134,29.593855,3,64.821072,29.339583,15.377671,5.3321276,0.8055504,0.0005322695,0.7670249,0.95965236,15.377671
8cedf59b490e49de9fc1c8270055db8d.jpg,2,40.121653,-0.741161,2,40.17504,-0.869698,12.433673,12.433673,0.826007,0.022200227,0.8227496,0.8390365,12.433673
8cf76f800ad74eeb86c316b0b6b59b53.jpg,10,63.495025,12.47252,10,63.49659,12.470929,0.19109164,0.19109164,0.9123591,0.052104533,0.89918554,0.96505326,0.19109164
8d0d9d823dcb462da8a730c5e95f07c2.jpg,3,62.926919,25.810572,3,63.357878,25.596325,49.11421,2.6470907,0.84567964,0.0007684231,0.8282036,0.9508568,5.1137543
8d38d5d42db348009d50dc835bcf47b6.jpg,2,42.309565,3.056967,2,43.662095,-7.602835,879.38715,10.373554,0.741024,0.0026262403,0.72276473,0.87771547,46.435905
8d4442593bd14838b8604a3a98b6373f.jpg,10,64.316607,17.52838,10,65.340937,16.04993,133.64229,24.170855,0.875586,0.007765174,0.8582523,0.9672706,179.35007
8d514b3a30b349ff90b3b133f793092c.jpg,0,51.674397,30.364853,0,51.674486,30.364488,0.027044436,0.027044436,0.8736646,0.031826675,0.85113084,0.96449214,75.866325
8d677a822b4047f49dfd05fbeaa3c2ef.jpg,10,65.081853,19.438652,10,65.486279,19.329744,45.254326,5.752398,0.8782246,0.010514975,0.8648972,0.94065076,96.67105
8d75a1dc007d4d4fb8e6d7c4240a223f.jpg,2,28.053565,-16.596215,2,39.814303,3.053184,2226.87,1339.635,0.7806134,0.014579475,0.76918924,0.854365,1892.8384
8d80f928c7fa447fbffe7cd42af515d9.jpg,4,44.066333,3.385927,5,50.240931,-5.06483,936.78656,318.3018,0.61173564,0.022013068,0.61149365,0.7026547,953.71606
8d884f5f6ee24ee68dcbe7e13881e1fe.jpg,6,63.430275,-18.768956,6,63.427581,-18.768528,0.300315,0.033149596,0.865576,0.014967024,0.8472713,0.9424795,0.033149596
8d9e5516e64d4c6fbc16cd70fb43b609.jpg,2,38.28622,-1.458351,2,38.916251,-1.823491,76.90702,3.7010002,0.85276294,0.061701417,0.83431864,0.93978417,57.898453
8de657bd0f9a47d7ab58be87a5c842d9.jpg,8,68.471802,15.18284,8,68.661656,15.519513,25.155575,0.13444728,0.7894075,0.01950705,0.7460297,0.9690566,65.53569
8e1f8aaf77bf4e0c8c42df739b5172ad.jpg,6,65.644809,-18.455455,6,65.468234,-18.725244,23.229256,0.3073805,0.89204687,0.022390127,0.87334347,0.9668603,23.229256
8e5c1cf9d3964e6eb6baf3bab07f277e.jpg,2,37.622647,-0.78506,2,38.29099,-6.302999,489.37967,1.7153459,0.6522744,0.005974591,0.6785625,0.6902495,2855.6765
8e71d5e1ccf040a88f5fcb9441161b67.jpg,5,54.338769,-6.342118,5,54.32522,-6.461995,7.917071,6.695963,0.74412334,0.0033353567,0.70744073,0.89602077,55.604034
8e8e380310c24794994adbfb301a7dd0.jpg,2,41.084325,0.625073,2,42.027822,2.977389,222.06342,49.504414,0.73574746,0.029860139,0.7292511,0.86657166,340.22577
8ea0e871ebd641ff96f23615b0d5bc5d.jpg,1,51.028986,7.263377,2,40.056453,-3.612864,1481.868,452.6646,0.64975977,0.006278038,0.6640763,0.69586146,985.3844
8eca24df6bee45ee956626d367ce88b7.jpg,3,62.307525,27.241755,3,64.380888,29.053629,247.60829,3.5037053,0.8192449,0.024112105,0.8013674,0.9191418,240.36707
8f2945bf29c64450a6d11b58578f9796.jpg,0,53.232172,30.586757,0,53.043558,30.550454,21.112288,10.61584,0.7552186,0.027665377,0.75470495,0.8064621,68.39311
8f39b2fcba0e47baa90c3c89325046e8.jpg,1,48.432969,9.711427,1,52.83536,11.051674,498.54248,415.1916,0.66768265,0.0025268197,0.6361636,0.82576126,758.4144
8f4ea52c02d4495eb88f73687f8baf4a.jpg,2,37.169503,-2.875597,2,37.955624,-3.791662,118.99736,25.391413,0.82887226,0.033823013,0.8158427,0.8809905,118.99736
8f5654ec1b7442df8dfed6f8ef9656cc.jpg,2,40.607515,0.280419,2,38.199715,-0.679126,280.13605,7.0227933,0.65625894,0.02988112,0.639378,0.79964995,3071.317
8f59660f2c164deabdc66d894ac23789.jpg,9,51.550652,20.045998,9,51.548366,20.067223,1.4894605,1.4894605,0.75084335,0.029596925,0.72016096,0.8735728,1.4894605
8f5ab1725c1c45c6aa15cf46cb140387.jpg,5,51.803385,-1.063299,5,54.709994,-7.596016,541.2116,4.865741,0.6558189,0.006645024,0.6485506,0.73504657,1355.1707
8f5b11e9a9e443aba5733027dda79f36.jpg,7,40.118105,8.865895,7,40.054391,8.577498,25.537107,13.134316,0.644688,0.030550063,0.603353,0.810028,25.537107
8f69e95b3e4245018353908fa395e8b6.jpg,8,68.192065,16.020364,8,68.560191,16.438189,44.36988,13.450489,0.68474066,0.005595207,0.6349689,0.9274356,168.97713
8f88445e1e3b4b18b60fa4311e81df37.jpg,8,58.083771,8.067255,10,67.756624,20.07438,1230.5503,375.23175,0.5448721,0.01671809,0.52308357,0.7281616,1700.7695
8f8e94534c5c45718dc3dfa51b41e906.jpg,3,64.294019,28.211137,3,65.430789,26.861558,141.56056,9.513159,0.7546078,0.0034421682,0.73565704,0.8788493,17.424278
8fa4d3bc67074fea8652917dd8749491.jpg,2,39.939438,3.909834,11,38.928137,36.061165,2748.559,62.724957,0.60238516,0.0054517984,0.58831203,0.71648777,2693.6763
8ff53ab35fbc4c279cef11058178551e.jpg,2,38.208125,-0.682584,7,40.283859,9.144591,876.62964,18.12502,0.71474123,0.022899806,0.7143456,0.7384448,764.13135
9013c7cf9bdc4111b44f4c8f7a96afc7.jpg,1,53.190469,13.998941,1,53.092389,13.668023,24.619404,14.113557,0.8000594,0.036791027,0.78092986,0.8765775,24.619404
9014b509d8b94a6a8482b4b172daad42.jpg,6,65.596679,-19.352075,6,65.614705,-19.35467,2.0079422,1.2818403,0.8789807,0.0027706027,0.8586818,0.96503675,14.74558
9027855d58bf45c49c9351be0bb0bafd.jpg,4,44.492942,5.373397,7,44.313225,7.211355,147.36835,1.2617801,0.6261312,0.02012527,0.6191036,0.73511857,168.33286
903137938dc5415589f45447bde1c500.jpg,10,64.121547,15.288088,10,64.317758,14.93895,27.588072,22.838562,0.8694974,0.014970601,0.85045546,0.94566524,27.588072
903e778da5884793a56bc637a08f2626.jpg,2,39.53824,3.246388,2,39.561229,3.249621,2.571249,0.77571255,0.7326933,0.012641966,0.70007366,0.8869214,12.589163
9072639c294a4ffa8c2cb1e82d4f4f77.jpg,4,44.460269,-1.09402,4,44.614127,-1.103238,17.123846,3.380178,0.67242897,0.0011689067,0.68501794,0.7831009,3.4696584
90764cd16b304bb89a300f0cb5694dc2.jpg,3,68.000301,25.182385,3,67.427241,24.937528,64.55246,29.262735,0.8447653,0.016977966,0.8166112,0.9614759,102.96882
907b408aaeaa4a18933cf4b8173129ee.jpg,5,52.427237,-3.792601,5,52.380967,-0.046549,254.15141,36.70954,0.687639,0.025803983,0.7011275,0.75626385,292.5855
908583be03104bb78fe0b4faf873c024.jpg,6,65.831871,-17.290068,6,65.555067,-22.363214,234.16264,3.3004317,0.8416183,0.010324061,0.8280511,0.91773444,236.28477
90a1352dd7e74be7b5a1863ebad64b6d.jpg,1,47.673277,9.811938,2,41.491975,-2.85175,1213.4475,40.134274,0.6971223,0.015764296,0.6952534,0.7314825,823.21564
90a58fb31dc1443085294191ed66ca13.jpg,5,54.132918,-2.619347,5,52.8382,-1.343884,166.87042,24.453945,0.6757677,0.017588258,0.6693959,0.7814514,182.1429
90bbb9b1036540b88ba14dc788c99b1e.jpg,11,39.615923,43.7202,11,39.615259,43.722583,0.21706587,0.21706587,0.92888784,0.17605,0.9172012,0.97563404,0.21706587
90d0ad739f9f45a2b94db63aa6ca7cb1.jpg,7,36.868314,14.657917,4,44.632143,-0.846068,1561.433,458.21454,0.72575426,0.02952975,0.70583636,0.8054259,1561.433
90ddc53715fc46ba80dde03c0d96593e.jpg,0,54.085518,26.669591,0,54.266668,26.305497,31.100403,6.0949774,0.84112275,0.07452178,0.8383243,0.8523162,31.100403
9139d83ed12a47f9872c94fb12a1c8a1.jpg,6,65.848367,-17.492047,6,64.002237,-20.978885,262.86578,2.3224342,0.79353297,0.0063177347,0.7643277,0.93494695,27.376095
915a592ca6734faab8c7cc5fcc67b79a.jpg,4,46.128702,1.434443,4,47.521393,2.034491,161.44815,50.019463,0.78547156,0.049198925,0.7702955,0.8461757,161.44815
91ac382332d146bb86aa513d8dbe056e.jpg,11,37.928251,41.632534,11,39.195827,37.280531,403.73874,16.415462,0.70253074,0.00699085,0.69139767,0.7470629,403.73874
91d5bec970c64637a1bf0d5b00d2e328.jpg,9,51.790897,21.726338,9,51.646708,21.904922,20.20904,5.468532,0.7773352,0.014637411,0.7854626,0.78529644,77.53113
91fd6276d06d4f33afc48a8e404a0a0f.jpg,8,62.873298,11.186421,7,40.94695,17.183093,2470.0562,474.50082,0.6047025,0.012062669,0.6095717,0.73794925,2660.846
92036c7e75c24f5b8e29a270007d6476.jpg,2,39.373791,-0.566865,7,44.369709,8.031063,902.1656,57.01859,0.72063893,0.04752004,0.72825146,0.6919997,776.35175
9216acfc1f8841c6afe9f214e85cb4e5.jpg,6,63.958325,-20.67126,6,63.962427,-20.648708,1.1916025,1.1916025,0.8951554,0.04221964,0.8776476,0.9692768,11.074851
9231f14564e3438880a318bc6f5260ab.jpg,10,65.321013,16.675509,10,65.462118,16.822604,17.104702,1.2745057,0.909372,0.033606708,0.89558375,0.9645248,17.104702
9264dc1e93cd441f8fa39cae80d3e158.jpg,0,51.922898,30.420236,0,51.978862,30.45619,6.693006,5.534303,0.8331342,0.033461154,0.80117625,0.96096563,6.693006
92d6511432274428ad9c8be3ffb74a5e.jpg,6,65.079903,-21.096759,6,65.094961,-21.09051,1.6997664,1.5911136,0.7567997,0.028797567,0.7218111,0.9002073,163.04141
92da5af2d43c4ffc9d416efc2f113d15.jpg,4,48.50272,3.771698,2,42.105874,-0.171407,774.99915,94.232,0.66138256,2.9206276e-05,0.66688955,0.77005434,705.6334
92f2491f4d2744bf983e7cbc8dc1de7a.jpg,9,52.094312,20.56517,9,49.990135,19.213565,252.32411,15.014426,0.7254374,0.00060015917,0.7121729,0.7968074,100.018936
92fe8db89c54424c9657095a432ff42c.jpg,4,48.598309,-2.824497,4,42.049035,8.752334,1159.5233,656.8037,0.71597695,0.005555451,0.70453,0.7839239,1245.3732
9330caf2f5594befafbb6caa52287ae0.jpg,1,50.254917,8.989502,2,41.254274,-3.897115,1410.8601,573.3742,0.63017696,0.020900905,0.63624656,0.71027756,834.84796
9339adea2765410fabe936c2a29371d1.jpg,0,53.065991,27.86868,0,53.062149,27.917112,3.2642794,3.2642794,0.85446787,0.008927882,0.82689667,0.9647528,3.2642794
93562d5dca934a69815728e1c34b3425.jpg,5,56.196136,-5.506862,5,56.199409,-5.509458,0.39779752,0.39779752,0.78350115,0.022895098,0.75878704,0.8924198,145.32037
935c7e6852c54a3580a7e0aa50de2f29.jpg,3,63.496378,25.682223,3,63.445952,25.643092,5.9343743,1.0712682,0.88249815,0.00057315826,0.859919,0.9745934,10.47979
939454fdd325456898fb86b0172cd552.jpg,7,42.261523,14.442519,11,38.468928,27.593808,1189.789,5.2171235,0.71685815,0.00045275688,0.71875846,0.74581486,391.55206
939991de4e9a4700a3d9a00be167fffb.jpg,1,52.643522,13.66012,1,52.007495,14.166675,78.65606,2.0091965,0.7684762,0.0034857988,0.7636018,0.84333944,428.1871
93c71275ddf2481a87015edc431caef2.jpg,9,50.063179,19.236026,11,39.889285,33.672381,1597.5992,1093.6029,0.69220287,0.0075413585,0.68384635,0.82870066,1162.3535
943276fe209b4806875b040a8fa401af.jpg,8,68.399291,16.809055,8,68.33597,16.741079,7.57231,0.13914202,0.83086646,0.0010249019,0.795905,0.97778165,2.7351012
94638b0158614b37a4902882bbc6399a.jpg,10,65.65043,21.483787,10,65.660232,19.860624,74.40743,17.729963,0.8147372,0.0065736175,0.7812222,0.948797,74.40743
9463d1e21eee4bc1a6c04208da3f257a.jpg,11,37.702494,27.189776,7,41.550205,14.12204,1196.6484,119.47436,0.6652726,0.0006465912,0.6407851,0.79591227,1339.5428
94bf936aa36e4f2ba22a75f20cc9b1a9.jpg,11,41.443647,31.83006,11,41.41228,31.905386,7.1836796,0.27199242,0.8019755,0.06983507,0.7761106,0.90543514,7.1836796
94bfcbcef22040469bcfc73ed27213c7.jpg,1,51.077885,13.833644,9,53.025056,14.898744,228.43025,41.274673,0.6972341,0.012809098,0.67882645,0.78907293,323.04962
94db9e490c2c4d7f93016a3334199308.jpg,10,67.113761,20.629835,10,66.684392,19.830604,59.11989,6.022605,0.7762852,0.00055384636,0.7839858,0.89266706,1053.9476
94e07104fe014baab069191ee058fc89.jpg,11,39.472752,33.604247,11,39.550074,33.220289,34.042126,5.8388133,0.79587173,0.028223455,0.78272176,0.85640126,41.16074
94ee0370cce54b8e94b092a7df9a14ca.jpg,7,44.469665,8.026556,7,44.531273,7.518321,40.88569,0.997709,0.7704385,7.867813e-06,0.7346988,0.9133973,40.88569
9503f1cd02e347edb4490d2416e361f1.jpg,2,41.887766,-2.790526,2,42.062302,-3.427818,56.14354,19.17177,0.67308915,0.006675482,0.629319,0.85684633,129.58905
95178d5592104347bb97605b43d67c11.jpg,5,56.206378,-5.513599,5,56.184237,-5.473365,3.5009682,0.44834948,0.8075553,0.01369071,0.7956891,0.8974072,140.62143
951874f379e54813a5f837d02e584c3c.jpg,2,36.709956,-2.804122,7,40.917523,9.378381,1153.2036,2.0075104,0.7721026,0.012007773,0.7542814,0.84338737,1153.2036
957103e3f38746359c79551ae7a9a39b.jpg,5,53.12849,0.302474,11,40.197575,35.666437,3015.2644,0.41574967,0.7328448,0.00087988377,0.7392654,0.78770185,1.6232724
95715c8324bb46a1a239a4751aa6b0cb.jpg,6,65.728739,-20.2123,6,65.948285,-18.151452,96.9158,0.23057173,0.7722021,0.0020982027,0.75067455,0.93885267,61.034008
95922ff2ca2045459d0d8300d26d7c6c.jpg,2,38.822757,-0.511819,7,38.013963,12.870509,1168.2903,53.915314,0.7268874,0.037588358,0.7493335,0.7048686,928.89813
95eeed993f5f41afadfbc612ebb97428.jpg,0,51.677604,29.129361,0,51.668967,29.12494,1.0076169,0.252842,0.8746115,0.00049459934,0.8529416,0.9612912,1.0076169
9607374ea9434cba8e251b38420e5c12.jpg,10,58.347411,11.509414,10,59.146639,17.574425,360.8593,21.02829,0.6808914,0.0069625378,0.6581845,0.8036357,424.4102
963c8bb568644d89a556603bfe947f37.jpg,2,37.133307,-4.74244,2,28.050318,-14.358446,1351.7773,453.37738,0.682877,0.013277829,0.693398,0.74672306,1489.5745
964e4567ed49467880dd19f021ecd233.jpg,11,38.236855,35.095871,11,38.239731,35.098602,0.3989502,0.3989502,0.8249675,0.05739242,0.8237593,0.82979995,0.3989502
9664cd04a2b148ad94f8b4f617ba3243.jpg,4,50.177156,2.795795,6,64.420061,-21.5914,2130.8064,1037.1322,0.71430844,0.06325561,0.7310854,0.75081897,2029.2064
968fa70daca14d9cb65e04796351d024.jpg,11,38.509456,42.278967,8,61.078851,9.129676,3388.974,337.80902,0.5642664,0.026877582,0.5730004,0.67857397,3743.286
9695936f866c47fba8af03b5fd4bcb47.jpg,8,61.105746,9.109536,8,61.106855,9.108772,0.12996778,0.12996778,0.7888703,0.034535468,0.7834802,0.85275114,1.4749197
96d9d19920f24158a4f9061b64eab858.jpg,10,65.719496,18.695764,10,66.106757,17.477635,70.07062,14.527534,0.8655158,0.01540494,0.85281485,0.9392541,51.457336
970f814d7155463b80464e74280c260a.jpg,7,37.629457,14.118755,2,37.486248,-5.626076,1737.3285,3.8181384,0.6982643,0.041583,0.7204842,0.70618683,48.466137
9715c934db4a4683ac8551eb0d18f253.jpg,11,37.544872,27.348618,11,37.5436,27.348292,0.14433083,0.14433083,0.8691278,0.15443432,0.85142106,0.93995476,0.14433083
9752f45e76dc41cd8f5de50cf07d7976.jpg,10,58.755091,12.131446,10,64.496185,20.67606,780.5059,4.5625153,0.81719726,0.012642086,0.7992917,0.8998077,694.3012
975d652cfd5a4bf28b4bedee21cf8bcd.jpg,3,61.205301,27.970565,3,61.201091,27.981701,0.75824475,0.75824475,0.74164075,0.009699762,0.71964574,0.86183906,237.66446
976ffb53200a4aeaaa0e21a3d31f7a7a.jpg,0,54.542515,30.194909,0,54.525636,30.160792,2.8926868,2.8926868,0.87748694,0.0077651143,0.85794544,0.9589776,325.3804
97812b37fb654c578d6b2248bd81cb65.jpg,8,68.651236,17.690189,8,68.775022,17.801352,14.47741,13.229787,0.82260925,0.01389426,0.8162415,0.9171245,63.069275
979d4974a0474b32aedecdcdd3b95144.jpg,11,38.95388,35.593001,9,54.788806,18.378749,2181.156,1660.3164,0.7086435,0.036806405,0.6876969,0.8065423,2208.6445
97b61fba8d474771bc781c3d32c709e6.jpg,6,65.23467,-21.769265,11,41.324308,27.485505,4047.1897,6.3001466,0.7126438,0.027610958,0.7240046,0.7328279,3745.238
97e0eb1ab62541d6aec1141b0cd77723.jpg,8,62.54223,6.125243,8,62.539636,6.126605,0.29677358,0.096569866,0.83115065,0.11750209,0.8306354,0.83321166,0.29677358
97e61c13694140f9bef9442ede597a11.jpg,8,69.442884,19.2374,8,69.442513,19.237662,0.04250288,0.04250288,0.95381,0.010727406,0.9448614,0.99338484,0.119891986
98031a7e21e74108ab00ded4957f40bd.jpg,4,44.140161,5.461328,2,41.596439,-2.519617,708.86414,38.861355,0.681106,0.00045984983,0.65687644,0.780273,762.6919
980a9332abee4ba6a2ab5ad028ac2957.jpg,2,35.881251,-5.506237,11,37.533725,36.917944,3754.1377,49.147297,0.71390736,0.009262085,0.6985022,0.8065351,3283.2397
980bed1107ae48a7ac1c92c1f80e3eaa.jpg,8,62.480583,6.455667,8,62.485978,6.485301,1.636318,1.636318,0.8202961,0.03394121,0.78611165,0.957034,1.636318
9812ca576d3c4be0a22a4a0950ca0112.jpg,11,39.707814,30.692361,11,39.523902,31.133649,42.97694,39.675827,0.8391026,0.00011730194,0.817804,0.9295976,42.84446
98181bcb19fa4c3b995a221a2305c187.jpg,2,42.072375,-8.74651,11,40.511476,36.146334,3711.2317,2907.3003,0.66678494,0.009478867,0.624617,0.84651756,3670.8066
98198146c0df4f7abdb36736a664e2cd.jpg,9,53.178506,16.535285,9,53.092148,14.501921,135.9784,7.6190667,0.72406805,0.016947508,0.70116043,0.8156983,135.9784
98269bf591cb4fae902ba757d5e61039.jpg,7,40.634666,8.898934,7,40.5915,8.375922,44.407906,2.4643245,0.861603,0.037601948,0.8336425,0.97344524,44.407906
98368d7582434f9e97ad090bad6853dd.jpg,7,39.723141,16.390583,2,36.469184,-5.861424,1975.2034,28.936594,0.629427,0.009643972,0.61929995,0.6699353,1975.2034
984494e0ed6d444f8a71221865867f2d.jpg,9,53.323399,22.455967,9,53.32512,22.456766,0.19858801,0.19858801,0.82376397,0.045396507,0.81822866,0.8459052,0.19858801
98a6c79a220e40d895408b91f20b4799.jpg,1,52.416288,8.614494,9,51.164924,18.605441,700.50134,35.93041,0.75837016,0.016319513,0.7684068,0.8000409,605.1939
98cce45934b94f738b0be72b470a12e8.jpg,0,56.027359,28.354016,0,56.028425,28.326887,1.6898124,0.40083998,0.8301076,0.064373076,0.83255386,0.8203227,1.6898124
98ed1aaa3f07497f9629d240adbe9a11.jpg,0,55.205567,28.756769,0,55.617381,28.64715,46.31152,0.8621858,0.8657758,0.0011009574,0.8495789,0.9656724,0.8621858
99ae2c52568d4a968bb64a158f9128d3.jpg,8,69.462859,19.239782,8,69.457138,19.235632,0.65642774,0.65642774,0.88881755,0.020636797,0.8697827,0.9649568,0.65642774
99cbf90cedef4b259c11b598e8877be6.jpg,3,60.569793,22.8602,3,60.646219,23.011552,11.85079,9.819286,0.79068506,0.0027605891,0.8022622,0.8161924,31.744959
99ebe7a1c7634e7a966d24420b0ec864.jpg,10,61.9296,17.24552,10,61.931782,17.263672,0.9802445,0.9802445,0.82220995,0.15852934,0.8159412,0.8472846,0.9802445
9a353bfec89046a4b6addad2e126e13a.jpg,9,53.561039,21.217042,5,50.440984,-4.719669,1798.5563,27.660542,0.6662409,0.0037887096,0.67365396,0.7048919,27.660542
9a414f3666ef44179556e7d2394099e9.jpg,3,67.117813,25.071383,3,67.124174,25.056933,0.94367766,0.35166204,0.909325,0.019262075,0.9036454,0.9320433,0.94367766
9a58093c5bc44da7a829d4d7364f96bb.jpg,5,54.123416,-6.235751,7,41.712179,12.692136,1961.5796,329.75815,0.6422246,0.037720263,0.6639124,0.7433578,2270.2195
9aa3f49d3c734246920eb4e91798d21c.jpg,6,65.841204,-18.252043,6,65.938213,-18.404188,12.810812,2.0546556,0.8499292,0.005479336,0.8239017,0.95403916,12.810812
9ab5e34adfde4576a03d00914134c82a.jpg,8,68.370627,22.222291,8,68.443138,22.742898,22.778519,7.377277,0.912044,0.0057271123,0.8982866,0.97539496,17.772017
9ab920ce9e95414bbc4cbcfff98676bd.jpg,5,51.918519,-5.116318,5,52.407796,-3.614718,115.97191,3.8682153,0.7139579,0.004097402,0.71263754,0.8338024,3.8682153
9ac5ad30c7714219961f7079ce3cdad1.jpg,11,39.561484,44.064047,11,39.562467,44.063764,0.111964576,0.111964576,0.9491855,0.049371123,0.9399608,0.9860842,0.111964576
9accef3801ba424c81d6c69b6cb4b794.jpg,6,64.328927,-14.935126,6,64.326507,-14.937856,0.2995088,0.2995088,0.94039774,0.08925021,0.9306451,0.97940844,0.2995088
9b019120ab624f06a8b9ba2358188824.jpg,5,58.510915,-4.80936,5,58.50786,-4.810098,0.34239486,0.34239486,0.91485107,0.05657935,0.90101284,0.9754881,1.1045126
9b0c3014fd5e450a9b7ddf442492681d.jpg,4,45.374621,-1.08086,4,45.37206,-1.078116,0.35642192,0.124868855,0.82975996,0.07759768,0.80896306,0.9129474,0.35642192
9b2b9f0a58c74d6ba53d9069189d1ae3.jpg,7,42.869567,12.397525,11,37.854023,32.659016,1799.7737,42.781593,0.6701043,0.003159225,0.6376301,0.8000009,1799.7737
9b2ca5b6bbaa4d8ca5501fba09a764bd.jpg,0,53.278618,30.417545,0,52.922412,30.643774,42.39032,11.012429,0.78567994,0.008246958,0.7488867,0.9435022,40.076412
9b4d7192e83f4524a219e81cee40ab56.jpg,4,48.445178,6.61971,6,65.622719,-16.884384,2351.0793,580.5087,0.65345454,0.005382657,0.68176925,0.72486603,2506.9197
9b83929fd0be417182a8454cd754026d.jpg,10,58.900948,12.332365,3,60.619236,24.301789,695.8778,135.15067,0.72765344,0.00065761805,0.71540153,0.81072104,749.9795
9b95f0dde9b84614978c7fda5de449bf.jpg,3,63.637319,29.198484,3,63.484984,28.823582,25.128292,2.6359017,0.83170986,0.026619554,0.8123338,0.909214,25.128292
9b97df214be345c59be5a2f22e77091c.jpg,7,37.596236,14.131831,7,37.596612,14.131395,0.056776468,0.056776468,0.79993266,0.071667075,0.7747867,0.9005165,0.056776468
9bb393d6a4b547699c260b17f31d699a.jpg,2,42.683589,-9.022729,2,43.376913,-4.516835,374.22717,2.762872,0.72622067,0.047519803,0.7288743,0.78860676,132.05812
9bf80380f1764083a7844d1fa30d3aa4.jpg,8,65.085325,13.325799,8,65.024836,13.264094,7.322144,0.72679657,0.86061203,0.00096046925,0.8342179,0.9661886,7.322144
9c0a48447ae84e4b997875fd0bfe7ca3.jpg,2,41.332482,0.810697,2,41.363281,0.913832,9.265402,9.265402,0.7404996,0.02352357,0.7420188,0.76566225,925.6658
9c16f9b710104635a7f261edeb0e70a8.jpg,11,37.185685,34.868055,11,37.186668,34.867857,0.11070314,0.11070314,0.9180018,0.21209985,0.91350925,0.93597174,0.11070314
9c3137556d2c4915a847c9f992acf148.jpg,5,55.259696,-1.892847,5,57.476405,-3.31996,261.67313,10.646184,0.8272096,0.0076346397,0.8141685,0.9346504,50.618103
9c623c71f50845638166ada34f9e414d.jpg,0,52.774372,30.753937,0,52.769769,30.757316,0.5600367,0.23399697,0.7755772,0.03299755,0.73763245,0.927356,0.5600367
9c741496697c4ca5b9a98d9fd9fe3c3f.jpg,7,45.36597,7.901622,7,45.357325,7.931644,2.5349243,2.5349243,0.8140564,0.093438625,0.81011343,0.8298281,2.5349243
9c7861d1b77e46f7bd8eb20e477e1adf.jpg,2,28.079542,-14.485114,2,28.080808,-14.479183,0.598655,0.23904029,0.93975854,0.1143679,0.9284855,0.9848504,0.598655
9c85e205e6784bf2a34c2abaed5a54ef.jpg,5,52.63502,-1.343146,5,53.83272,-0.628121,141.42365,19.388908,0.60191613,0.0065973997,0.58596516,0.7717577,1276.5663
9cae9643229843f4a2ebc16d4905d89c.jpg,4,46.885916,6.236643,4,50.470094,2.977522,464.753,117.88036,0.7050156,0.011408269,0.6958052,0.7418572,464.753
9ce43f9c53e7487a96e858cbd7bb538c.jpg,1,53.991302,10.141287,4,44.084387,-1.310524,1378.5494,115.917305,0.7546119,0.0010080338,0.7441094,0.81090176,1347.4446
9d25d13304a64f3cb40532d850aad049.jpg,2,42.535643,-0.386954,2,42.038953,-1.601847,114.18106,35.10508,0.75262475,0.036845386,0.7326988,0.8359912,114.956154
9d51ded13738405295a14d3a6c4a7c18.jpg,10,64.915074,18.238231,10,65.414853,16.527094,97.33306,29.15515,0.86887157,0.03687316,0.86080587,0.91743153,75.094185
9d53713867194cd1bc4868a7b92f3fad.jpg,11,37.692463,30.350293,11,37.688848,30.348155,0.44381434,0.44381434,0.8722962,0.12310308,0.8490415,0.96531475,0.44381434
9d6ade7f35d34ebd86b630b549670392.jpg,5,51.694809,-4.929564,5,53.878598,-2.77546,282.7229,6.825935,0.6998717,0.04262483,0.6814573,0.77352935,282.7229
9d7363ca4d57497ab203e13c0e09ab18.jpg,3,60.97258,22.904695,3,61.025435,22.96541,6.727198,6.727198,0.86230373,0.060701847,0.83641046,0.9658767,6.727198
9d8c44e51e7f48949a0d07e35cdcbb0a.jpg,8,62.667618,8.583245,8,62.664018,8.616142,1.7267135,1.4297843,0.77146053,0.052138448,0.75145614,0.8796103,1.4297843
9ddd5deb03c646499b83af29baba8437.jpg,2,37.009124,-4.488741,11,40.991257,39.797712,3811.48,125.34286,0.65880007,0.007907033,0.6588338,0.7591482,3208.3203
9df38e759f96457b869c1b98abc93681.jpg,11,37.138386,44.34417,2,39.048829,-0.243978,3868.4612,491.49066,0.65259576,0.0020051003,0.654473,0.7229755,4192.6987
9df84ea264c14811a70b5b22a26092d8.jpg,11,37.839923,27.24608,11,41.619874,35.574191,826.40546,3.6147716,0.73170924,0.0015892982,0.72490776,0.7934545,858.5797
9dffa4d51b7a4a4bbf962077c45bcdeb.jpg,7,43.884048,10.318876,7,39.280831,9.134693,521.2282,16.165873,0.82472354,0.026926458,0.8307166,0.8042588,195.30687
9e13395ab1184ef39f63200bc71ca26d.jpg,1,52.054843,14.231174,1,52.050287,14.254184,1.652929,1.652929,0.6969892,0.0066918135,0.69356203,0.72072774,551.08105
9e41b0d5eb6d42e4abbcfd16da19d3b5.jpg,11,40.242425,37.956072,11,40.227757,38.027394,6.2701144,6.2701144,0.82329273,0.0006328821,0.79066306,0.9550032,6.63519
9e4251d0aa404fa99a4aa28084b7bf78.jpg,6,64.17888,-15.852489,6,64.178474,-15.867354,0.7213678,0.7213678,0.76840043,0.015548825,0.7689187,0.775156,39.757683
9e4508b519664970b02142a992cc8024.jpg,11,40.989609,38.779097,11,40.981471,38.768047,1.2958187,1.2958187,0.8018935,0.099318266,0.79761106,0.819023,1.2958187
9e4647a93c5e4c6e8d57514b327e77f2.jpg,1,53.603695,7.180543,1,48.301738,10.963977,646.1538,134.70993,0.7134922,0.02798152,0.7046434,0.76030076,674.61914
9e4c9641c8444e2faa11bbdb6208543e.jpg,2,38.679685,-3.062568,2,41.758081,-1.084571,381.2533,9.010311,0.71738446,0.005812943,0.7075057,0.842679,223.34935
9e5e0cbc3b894a3690f538ce07bed268.jpg,9,53.645694,16.594057,9,52.511746,20.645253,298.48294,11.31306,0.7184865,0.026362836,0.72473943,0.77427685,797.36786
9e62727071fe4b519511046bc2a8af3a.jpg,11,41.637294,32.325089,2,38.908586,-1.663589,2880.72,159.40688,0.59507513,0.017899513,0.61194104,0.68788695,3250.0115
9e6cdc3863e84fa886948551463829e9.jpg,10,59.693365,17.1813,10,59.146031,15.167312,129.16054,10.84205,0.72341776,0.014294744,0.69831455,0.8590251,32.072174
9e74792d024c48fdb11b00309e28d860.jpg,4,42.732686,9.461247,11,39.550074,33.220289,2013.8446,137.54312,0.677384,0.019006252,0.68400586,0.74648654,1527.7856
9e7e239edb894aff8c2456c9264d1ce9.jpg,5,57.346107,-6.383926,5,57.345574,-6.402044,1.0886434,1.0886434,0.7570579,0.022135675,0.77426326,0.81591713,1977.5221
9eaed50a3d6a4cc98794da471be027ad.jpg,11,36.836481,28.769788,7,41.550205,14.12204,1364.5508,1.6402196,0.64995027,0.013107359,0.636778,0.75326455,45.873947
9eb73c5b43bf4fc4855c80430b2e804f.jpg,0,52.112949,27.848882,0,52.083983,27.563951,19.727715,0.0077055763,0.8572609,0.017265737,0.8346343,0.9609587,326.88528
9eb98fc158c64f2d9f2bb7ebeba09ed0.jpg,6,64.965791,-22.895596,6,64.973129,-22.933374,1.9556807,1.9556807,0.88126826,0.054652095,0.8639847,0.95040214,1.9556807
9ef7504123074ac2909d5fde40ce5ee9.jpg,2,43.363021,-2.667998,2,43.484456,-5.490774,228.35555,33.1512,0.7594825,0.00049459934,0.721781,0.94150436,206.17856
9f0bf1e95f0a4fb8a7bd16b2a2a85545.jpg,7,38.743118,16.475035,7,38.74428,16.481695,0.5918771,0.5918771,0.6616225,0.010645986,0.6662903,0.7786304,2467.1968
9f51ea453aa247bb9c5dece9f2291320.jpg,5,50.350393,-4.023402,4,43.877962,7.451246,1125.6111,102.93301,0.6371989,0.014814794,0.63495266,0.7132975,1134.0735
9f625b743bb04565a45b28743ba1295c.jpg,3,65.422309,25.387218,3,65.454064,25.380149,3.5460846,0.80828243,0.9184968,0.027519882,0.90363014,0.97796327,3.5460846
9f87ae68d4eb474b91d700b411578e20.jpg,8,62.337888,5.87296,8,62.337188,5.877566,0.2501942,0.2501942,0.7912147,0.025823176,0.7680371,0.9190263,25.84707
9f9f9f2b640643bf9efb7d48c1beaac8.jpg,11,37.045993,30.621952,11,37.059845,30.617627,1.5873739,1.5873739,0.8875856,0.056256235,0.87501633,0.9378624,1.5873739
9fb44ec17dd04116bf242c4b543ab88e.jpg,4,49.523653,-1.872275,4,48.341266,-1.720121,131.94452,6.3144274,0.7822335,0.054147482,0.781569,0.8133813,591.5987
9fe9d70f2bd14ec1b9d8355eca9c95f4.jpg,10,58.396003,15.297691,10,58.394315,15.299058,0.20390141,0.20390141,0.9242901,0.19593018,0.915557,0.9592222,0.20390141
9feb85a0fd58464a9c6221c8d91fb226.jpg,5,54.359416,-3.294828,6,66.564855,-18.018815,1570.108,20.607052,0.77752197,0.007878721,0.7738732,0.8928865,496.33295
a03c684323614940b986897150697de7.jpg,11,38.690588,35.61452,11,38.694272,35.611705,0.47696465,0.47696465,0.83577013,0.15045679,0.81399435,0.92287326,0.47696465
a0528c71ce87443383db865598ab91d2.jpg,2,38.144099,-1.127657,2,42.437567,-3.07748,505.2037,33.605442,0.71748865,0.023006141,0.72426265,0.7496357,2437.971
a06b6b916eec49fabe0769717d7506d4.jpg,0,53.479446,31.09432,0,53.48928,31.125004,2.3059835,1.1641355,0.8143567,0.008833885,0.7827707,0.94794726,51.31583
a09573984fc7435bb60a767e211af81d.jpg,0,55.364771,29.336371,0,55.332986,29.38598,4.7253294,4.7253294,0.88249826,0.05904126,0.87696874,0.90461653,4.7253294
a0aab6e61fa247cf94214492f73d754c.jpg,11,41.0752,42.828503,11,41.036756,42.860677,5.0548606,2.3154666,0.7989367,0.018309236,0.7869842,0.85065424,55.100735
a0d27dc8a8004ba6b65d90355f06ecac.jpg,1,49.5408,7.088954,2,40.73446,0.820519,1094.7988,414.89505,0.6726107,0.04504955,0.6541755,0.775565,1155.6042
a0dd4a79f720481b8231287fc6db3da3.jpg,1,53.34965,8.126459,4,47.834133,6.434561,624.77075,415.68512,0.6185389,0.014710486,0.6190924,0.7561263,1097.1318
a10a810208f841bea9a698703c44dd92.jpg,3,63.349379,30.012586,3,63.330447,29.994058,2.2991693,2.1061375,0.8867771,0.020643234,0.8713815,0.95678264,2.1061375
a12258d05bdb4d419e74beb23fb802ca.jpg,6,66.044177,-18.521407,6,66.067794,-18.531692,2.6667953,2.6667953,0.8525571,0.039840877,0.83017814,0.95912635,41.59873
a1633111b6074000ba47b70cda600a19.jpg,9,49.982251,22.019829,9,50.159738,22.159174,22.099741,0.8046974,0.80856836,0.010688424,0.7917901,0.9154155,10.892642
a1cb905331fd4717b0d4f2ff003a73ad.jpg,10,65.057496,17.222034,10,67.903071,20.11436,341.36496,6.203458,0.8155122,0.0027182102,0.7836659,0.9439007,334.74695
a24402e0a2304df89bf63c766e639f6d.jpg,2,28.789493,-17.802436,1,50.202678,7.017817,3164.536,2751.947,0.69225675,0.00025057793,0.66052806,0.8191713,3164.536
a262e7630e5f4afd9a5fa7b419fe918f.jpg,3,64.918752,27.614709,3,66.383732,25.871219,181.43547,3.516745,0.8259033,0.015035808,0.8023076,0.9348842,14.76789
a2a50d9cbe3a4d9cb243165050b5c702.jpg,5,57.578866,-4.106744,5,56.992464,-2.279252,127.71613,0.40485805,0.7335518,0.0033230186,0.74069715,0.8106259,51.263683
a2c5952382394192bcadb84c2d37b523.jpg,1,48.81384,8.749654,9,54.412743,16.72552,830.1751,146.00507,0.65302837,0.0018023252,0.6727084,0.637815,241.04993
a2ca0cccfa9046df945b1f3793b190fb.jpg,7,38.649459,8.279764,7,38.650466,8.342764,5.4721103,1.5127727,0.79202056,0.06042874,0.78122413,0.8352061,5.4721103
a2dce87789f84933b54d17504420651c.jpg,8,60.779111,5.867994,10,56.625007,15.548624,724.0697,5.0208592,0.65133375,0.0064761043,0.64319277,0.7142911,69.61366
a3190f50c5a04b079ebd02a45cc7b4c7.jpg,7,40.46751,18.178468,7,40.60985,8.377353,827.96295,1.9164422,0.7642682,0.028188169,0.75329685,0.8081537,827.96295
a3195b185fef4896b7bf8798142079e1.jpg,1,52.782624,11.104961,1,52.781625,9.553131,104.368034,98.3643,0.68523943,0.014500499,0.71530974,0.6457169,1026.3151
a31a8ec59d184ae98b289c50bf30ead2.jpg,0,53.800393,25.368167,4,48.90494,7.70726,1337.1649,19.996897,0.628579,0.0043911934,0.5986477,0.7483044,1337.1649
a3278a0c476f4a3da78d3139075690c3.jpg,2,39.873513,-4.017265,11,40.991257,39.797712,3671.1506,0.9634716,0.7440871,0.013065875,0.7687056,0.69153416,2266.7705
a33358cdb6b54e9b8e3c4804bd947006.jpg,4,42.177576,9.529494,4,42.172352,9.528403,0.58779943,0.58779943,0.7727835,0.08480412,0.7782426,0.75094736,0.58779943
a34d32c4fab0463ca1869885c04a31da.jpg,6,64.313924,-20.266064,3,64.80352,25.510789,2139.5955,1937.4508,0.7938559,0.005926013,0.78061146,0.9037864,2100.439
a34d38810c59485a891a36534da20643.jpg,2,42.18495,1.797577,2,41.933008,2.843993,90.8175,32.504433,0.6789566,0.031359315,0.69198173,0.74892086,830.3184
a350ca2c967144b1bd1fad96770818ea.jpg,5,59.087334,-3.32284,5,59.060786,-3.334604,3.0275886,0.43886644,0.89361525,0.011238337,0.8843173,0.95362025,2.561582
a37c24442f2d4ab1969b32f8d0b4828f.jpg,3,61.09127,22.957754,3,61.036514,22.07533,47.862843,6.258297,0.71511304,0.029920936,0.7300919,0.7455125,348.1344
a388deb2d1ba491b91e07ac0ed6771c4.jpg,0,52.93188,30.636684,0,52.636384,30.840298,35.596935,1.1550951,0.83766556,0.024606466,0.8202092,0.93564004,41.434628
a3928a161b1c4e1f8beec90d6bfcc972.jpg,2,42.116313,-0.068642,1,49.72925,8.417897,1069.7827,150.90956,0.6689023,0.025834918,0.6594027,0.80914897,728.9535
a395c56373d4454498c054d81d0e8f65.jpg,5,57.556987,-6.153906,5,57.556098,-6.1535,0.101776004,0.101776004,0.8869362,0.017368555,0.86755836,0.9644475,0.101776004
a3d79999090d4cb1a636874d993a14f4.jpg,3,67.432208,23.819598,3,66.267209,23.710344,129.63013,27.380323,0.8591289,0.03171575,0.83588976,0.95208514,129.63013
a3db55b4329f42d391992ed1f1c45e89.jpg,5,54.030452,-0.960102,5,53.846102,-0.636091,29.49564,3.0574493,0.7619121,0.0008122325,0.72845095,0.9146805,68.789055
a3f5718b0a8846bf803d75f25f12d4f0.jpg,8,64.090425,11.522838,8,64.080088,11.514431,1.2198707,0.5120978,0.8524528,0.025492072,0.8360206,0.9461838,70.357574
a418fca7577244f39f5cbf7d5923788f.jpg,3,60.689596,24.168208,3,60.694126,24.168639,0.5042597,0.5042597,0.79453325,0.019157708,0.7799627,0.8652974,16.723694
a4190073422141a1a9e62bb15d30c04e.jpg,7,44.602761,10.501339,2,39.765064,-4.072511,1313.3267,312.6945,0.67616427,0.029039502,0.6893374,0.6639396,927.6714
a45e67d9ac814ec29f0c1141d39f324a.jpg,9,53.049617,19.737671,4,44.599639,0.897113,1660.8744,64.29479,0.648739,0.011387825,0.6589082,0.7138088,1399.7235
a466e5fc77fe456ba1eab7c0f0bf530b.jpg,3,66.094553,28.406416,3,66.093071,28.414964,0.41894996,0.41894996,0.8150323,0.045850992,0.7930019,0.9031541,0.41894996
a4715860f7334782a7e2d894d561818d.jpg,6,63.517242,-18.480205,6,63.513897,-18.484581,0.43061888,0.03588886,0.930023,0.03909719,0.91849744,0.97928977,0.7880349
a475e2d5a5144ee78ef3e792078d33ec.jpg,8,68.634636,16.569265,8,68.684487,16.538142,5.6844497,3.1387987,0.7215025,0.02095282,0.6765849,0.9011727,5.6844497
a49637cbbced4dffb8b7f237b5dd3e63.jpg,7,37.333999,14.119502,2,36.579329,-4.70816,1672.2665,26.81671,0.72808075,0.005343616,0.7195025,0.81857485,1786.8728
a4bbae39be364a1dbd43e8ebd8b76976.jpg,2,41.420853,-2.358681,2,41.491975,-2.85175,41.844563,41.844563,0.80739856,0.05692005,0.8340013,0.7638624,530.4696
a4c398e27d3e4b3ebe4950e60e1c40b3.jpg,6,65.794127,-19.93966,6,65.797196,-19.938254,0.34722528,0.34722528,0.91058326,0.06946379,0.89576423,0.96985936,0.34722528
a4ca45a908394321ba2d9613e354aa31.jpg,10,62.170708,17.158308,10,62.17306,17.157395,0.26579013,0.26579013,0.82680297,0.044837058,0.79516006,0.9533744,0.26579013
a5195f103d0c458a910ebbafee8d98c7.jpg,0,52.69189,24.354945,9,53.879826,14.621169,659.8351,240.33098,0.67771864,0.00087314844,0.6704515,0.7821381,730.5427
a51ed661e10b43fb9b3055a9db3fc616.jpg,5,55.924131,-3.896857,5,55.693739,-3.563796,33.006554,21.254984,0.7186099,0.0067836046,0.6933771,0.8744836,99.52963
a55896edfafc40d7842814ccf6310447.jpg,3,65.985036,25.061583,3,65.98544,25.06029,0.07376831,0.07376831,0.93589264,0.104999065,0.9266437,0.97288805,0.07376831
a56409649eee47fdb7deb7bb2f06339a.jpg,6,63.54086,-18.455383,6,63.539264,-18.457464,0.20524399,0.033616528,0.934193,0.024731755,0.92071104,0.9881208,0.20524399
a5e2ce03071c433592928772fc1f8ad1.jpg,5,54.478649,-6.497841,10,56.340738,13.274315,1260.6459,851.5355,0.61324644,0.0015226007,0.61734855,0.82617915,1255.548
a63113c80dae494faf37141a64e62e1c.jpg,2,37.891619,-4.723106,2,39.513313,2.76595,674.1962,418.8596,0.6773682,0.002589047,0.666729,0.8039456,1668.985
a63501b41de04ec0ab8e71ca7ff491a1.jpg,5,52.63891,-1.254396,4,49.655349,-1.416967,331.9508,10.746892,0.6586109,0.020935655,0.64604026,0.7455342,163.47209
a643279f490f440d901d976c6efac3fb.jpg,4,43.457623,5.007839,4,44.420501,4.868979,107.64299,36.460377,0.71861964,0.068047464,0.6983026,0.79988784,107.64299
a64653e43e084fc8a52488564111958b.jpg,8,70.627782,25.360843,8,70.440607,24.594686,35.201477,7.6638865,0.8760906,0.0016633868,0.8544433,0.972773,19.322748
a6550ca9887b482b9d73ffba72fb9183.jpg,8,69.081363,17.978113,8,68.842188,18.268426,29.010212,0.2571498,0.85041624,0.03487885,0.82904434,0.94202256,55.068027
a683c8ed9c064b29a214c072bbfb63d1.jpg,1,51.039147,13.520706,5,54.611694,-2.065502,1117.131,265.44336,0.6375645,0.022847831,0.6220419,0.69987357,1138.906
a6a1b8c67dfa4c2b9caf5f0cccfbb809.jpg,9,54.785546,18.407208,11,40.394115,26.870243,1718.5635,551.2039,0.6724359,0.01011157,0.6816902,0.7765042,1493.3491
a6da2706c3e14f11b0410bc1ac6259aa.jpg,7,40.823885,14.38893,1,49.562775,9.892691,1033.1376,788.9114,0.63864833,0.009773612,0.60472226,0.8473457,1147.5394
a70d56ce34ba4c8da539a318190bd066.jpg,1,50.037722,12.037186,1,52.715939,7.691909,423.705,78.47074,0.6521405,0.002939701,0.62448865,0.7996471,352.29028
a70fb62461d4468080097b072defc914.jpg,2,42.205774,2.756201,9,53.463153,16.367078,1606.5195,318.58313,0.7157217,0.004657626,0.72358704,0.7461358,2199.8323
a7132e50c04a42d193bd3972bb06ab85.jpg,5,51.430748,-0.556247,5,51.408987,-0.592503,3.4893522,3.4893522,0.68570614,0.020512402,0.684798,0.76097584,443.24405
a771dce46a4b4408afb9acf064ae2793.jpg,6,65.626167,-14.995762,6,65.637273,-14.995831,1.2349366,0.8253525,0.8479032,0.008188784,0.82988966,0.9199572,1.2349366
a77646971d654fcdb5a204cfe8c65c77.jpg,8,68.693948,17.993501,8,68.694606,17.994821,0.09053993,0.09053993,0.90368414,0.16018051,0.8900269,0.95831317,0.09053993
a780e4a6b82f45b5a55cac97846eadd0.jpg,8,66.659162,16.158711,8,66.658311,16.162488,0.19142462,0.19142462,0.8567402,0.029444039,0.83307856,0.9513866,0.19142462
a786644b129b4b35b7537968dfd2600e.jpg,8,62.339427,5.871033,8,62.468812,6.292679,26.051485,0.28151363,0.70781904,0.0024486184,0.68862456,0.798249,27.30571
a795732bace84989951cff791fe8046b.jpg,9,53.658057,19.037787,4,47.33744,1.702782,1407.9403,9.049182,0.64290065,0.0070818067,0.6594641,0.7477639,64.97718
a7c4256781774e8b91afe1639b83feb9.jpg,9,53.442279,15.482306,1,51.423993,7.853761,563.3964,60.58641,0.6581272,0.019506514,0.6584183,0.7710146,568.276
a7d502541a0f44279ea06e4c5fb67c9e.jpg,6,63.832103,-22.492297,6,63.832662,-22.48974,0.13994858,0.13994858,0.8936158,0.005922258,0.87531006,0.9789078,3.4545476
a81e087b629a4294a3379be41c99c822.jpg,7,40.647544,17.316788,5,50.424598,-4.668645,2016.5597,887.3175,0.67575353,0.00835681,0.7036199,0.7048835,2060.8232
a821b52ad7cf45039c1f18941875f2b2.jpg,3,60.751928,23.429168,3,60.769946,23.428067,2.0044053,2.0044053,0.716305,0.04039347,0.708934,0.7457892,2.0044053
a8303ee8513d4d618b080759fca2dbe6.jpg,10,64.147495,15.245379,10,64.742749,15.802441,71.37868,9.189109,0.83884144,0.00053596497,0.82519495,0.89342725,71.37868
a8314f79c4d34222aafbf6656220c5a4.jpg,3,63.642007,26.598409,8,59.784593,7.309337,1097.767,1.6223156,0.70305413,0.011801183,0.68589044,0.819741,1091.9235
a8332aebded845e4b930b3abd869ac7a.jpg,10,62.252036,14.129205,10,61.771532,14.14664,53.437428,7.8301754,0.9044371,0.01417613,0.891142,0.9576174,53.437428
a85cfa2321a84933b1cdc66b7ed42df4.jpg,10,61.707296,15.690005,10,61.710133,15.693805,0.37365955,0.37365955,0.8647182,0.06749141,0.85457027,0.91440773,25.556723
a86e55596a034708bdce58b98b213f6a.jpg,10,63.843369,14.375885,10,63.517014,14.850669,43.183273,19.992664,0.8596169,0.015302062,0.8435563,0.92385906,43.183273
a895718e705c4b01912ffd32fe06747e.jpg,5,50.647209,-4.738397,5,50.647955,-4.739322,0.10552029,0.10552029,0.803831,0.013129115,0.7869929,0.93545264,10.613371
a8d703a30e8b49efa91d44456fba6fad.jpg,11,36.103111,32.995598,11,36.145029,33.322853,29.760313,2.3317666,0.7465171,0.0061733127,0.72131443,0.84732777,29.760313
a8d88f893e4447d08ceba60ec035d042.jpg,0,52.927886,30.010687,5,52.225115,-0.225277,2029.5011,334.95706,0.613888,0.014857888,0.57720757,0.7723605,1618.8164
a9024ddb6b6d474fa70cd95b1c04f7f2.jpg,7,42.558856,12.517622,11,38.641537,27.442074,1331.0173,20.274,0.65456617,0.008095503,0.6295164,0.78768957,1362.9141
a91362da8e244fd5b5a01b98925fb3eb.jpg,10,58.358672,15.930729,10,58.278021,15.379167,33.43598,3.0310001,0.78337157,0.025604308,0.7471079,0.92842615,33.43598
a915159c75ae45a5ba2ed142379bef7c.jpg,8,69.620631,23.463896,8,69.621868,23.463642,0.13789949,0.13789949,0.92330897,0.19969487,0.91389036,0.9609834,0.13789949
a93181c6eaf44302a11e96ab96367b87.jpg,7,41.317631,15.406956,7,36.781156,14.915399,506.21378,20.310324,0.7322779,0.027136803,0.7256322,0.7588607,506.21378
a96e5bd0a4794be2ac1643da1c42392f.jpg,3,64.013968,29.486737,10,65.018048,20.193125,457.97104,1.5169677,0.8145411,0.023929358,0.78934,0.9153453,457.97104
a9b18d9de1ff44769893f7b88d207ab1.jpg,1,53.673713,9.05853,1,52.324838,10.827175,191.05038,6.5743074,0.767604,0.030661702,0.7484652,0.86370575,288.51266
a9ca233b654248ce8700d14917c28ec0.jpg,4,48.630405,-4.518757,4,48.632429,-4.517262,0.25044358,0.25044358,0.7819323,0.014238179,0.7636948,0.86280715,2.5221674
a9eb905e6de443bcbb9edb3022dfafba.jpg,4,45.454263,2.071068,4,45.534759,2.353654,23.775417,23.775417,0.6534828,0.026765168,0.67668205,0.68996227,211.37839
a9f1eaded87e4e0cb4fbf0eceaab6a79.jpg,0,52.612203,30.853534,0,52.612886,30.85318,0.07961857,0.07961857,0.9540867,0.047602415,0.9462382,0.9854805,0.07961857
a9f5961f2a5744adb9423b5ac62ca621.jpg,5,55.372114,-4.752378,5,55.841474,-3.156091,113.03023,5.97336,0.74251175,0.030620158,0.7207225,0.8296685,113.03023
aa15271766fe4aa6a23752dffad5c5f1.jpg,3,67.537401,27.924043,3,67.546986,27.918034,1.0959421,0.13560502,0.89720476,0.017234027,0.880775,0.9629237,1.0959421
aa17fa1741c2431d8785440356c76a0b.jpg,1,51.135594,7.940862,1,48.974176,8.081471,240.54848,22.997358,0.6987164,0.023908734,0.67393047,0.83289284,246.71095
aa27af38ec804d4baf605854252eeb5c.jpg,7,42.40682,12.108696,11,38.648827,28.980457,1483.0571,32.080654,0.70275944,0.03260541,0.69255954,0.7555813,1937.9794
aa282360a6564d6fab6842c74a27a11b.jpg,6,65.878922,-16.535227,6,65.652981,-16.791869,27.719965,1.6199294,0.70510095,0.017784238,0.689927,0.80953896,41.673645
aa2c108494274dfabd8322d31094c1e2.jpg,1,53.477083,8.386283,1,53.45502,8.344848,3.6798651,0.5133186,0.76637423,0.015055537,0.76634616,0.82238364,583.24677
aa2e37bd8af744b09440b1f896107a68.jpg,6,64.617261,-22.050875,6,65.615748,-22.514635,113.12648,0.34751353,0.921656,0.00028157234,0.9094975,0.985191,127.496025
aa3513c6499b4834a37ae99a0299fa3d.jpg,11,40.581937,35.651773,11,40.929043,35.15657,56.82862,22.862524,0.8186945,0.0040676594,0.7971379,0.9129162,42.04565
aa5108eaed0c4ae29f2783486a917aa1.jpg,1,52.733323,12.065867,9,54.244707,22.397196,703.157,3.4433773,0.7075265,0.006202638,0.7174507,0.7086388,400.16083
aa53472c4144442b8e4765eba4fede9c.jpg,4,44.55179,-0.934463,1,54.021061,9.004831,1273.4349,1088.1522,0.76624304,0.03459525,0.7685613,0.81065094,1831.0492
aa691e929ba4436aa828ec60ab5ea880.jpg,8,59.460237,6.327041,8,59.475373,6.293143,2.549399,2.549399,0.6368319,0.00412786,0.5994445,0.83780545,246.97343
aa6c42b0ea9d4e5d92a957fb91d0466b.jpg,7,38.091016,12.7497,7,38.151481,12.737976,6.8011827,0.39884382,0.7259711,0.057585657,0.70737064,0.800373,6.8011827
aa73da2bedea4b4abe0c9e1d7f535958.jpg,11,40.270365,36.544936,11,40.272108,36.544098,0.2064419,0.2064419,0.71948636,0.036648214,0.6859256,0.8951232,504.85483
aa793d890fc04ddfb88f19834b4c6920.jpg,8,64.093354,11.524856,8,64.103934,11.54029,1.3949997,0.17894143,0.80269927,0.002832055,0.778316,0.9111171,21.883587
aaa6ab9fb8594600986f73bbef29fdd8.jpg,4,44.146276,-0.873696,4,44.154292,-1.011627,11.040748,2.7403836,0.7767042,0.04349315,0.7367339,0.9365855,11.040748
aabd27d762b54ff69fd449575511e5bc.jpg,4,42.621449,1.822425,7,44.095861,8.127171,535.2704,372.79053,0.7000245,0.003765583,0.66795486,0.8737861,535.17004
ab27273934414b7ca0bb4b3fda369fa1.jpg,4,47.544324,-0.607768,4,47.633338,-2.989563,178.88992,21.457449,0.71723527,0.01712817,0.69645274,0.87039065,66.64278
ab38177370de4e82b62ab432b997c3aa.jpg,5,55.648971,-2.787743,5,58.234758,-4.480909,305.2933,10.714387,0.66962075,0.0058787465,0.6708502,0.74257183,38.363106
ab4e227946a840cebc2300fcf1dc43fe.jpg,11,38.73468,35.57489,11,40.546478,37.234002,246.50368,4.5181336,0.6694344,0.020501673,0.6683637,0.8314991,27.760061
ab8c574ab43c4894b529bc2740b03ceb.jpg,9,52.389206,20.430847,1,54.474197,8.850906,800.3451,9.180659,0.718642,0.00023168325,0.71787834,0.80270076,296.2693
abbfca449fd94a16a7492a39a5d117be.jpg,8,61.339571,5.755509,8,61.289071,5.832616,6.962014,6.962014,0.71381277,0.047859013,0.7051859,0.8602864,995.24646
abdd4002d5d4493eb7d0903ecf249782.jpg,10,64.948201,15.470625,10,62.875036,14.890709,232.26076,3.7857764,0.82340074,0.0039363503,0.79370254,0.9480923,76.13808
abe9c1f9e27a45d6b695499813175b8b.jpg,11,40.896537,30.356028,11,36.970139,28.703006,459.38574,11.024328,0.6518433,0.021913886,0.64802706,0.77412593,411.18936
abf11b5d89dc4aae89e28fed977ad0ab.jpg,10,59.846324,16.639218,10,59.202594,15.069845,113.82241,8.848079,0.7138273,0.03806001,0.67567784,0.88261604,10.425655
ac06fffae6b24cd8be3c79714e54a1b2.jpg,7,46.69318,11.891429,2,41.982395,2.882943,886.5921,16.961565,0.68023866,0.014343321,0.67753696,0.80885786,105.92181
ac0af944223c41779d50ffa53754035e.jpg,0,53.919431,25.841653,0,53.917087,25.845466,0.3609503,0.3609503,0.88107103,0.07433683,0.8572971,0.9761666,0.3609503
ac44de46343a42bb9bb96ffbc7512e16.jpg,4,44.169215,5.83925,11,38.86398,35.667095,2537.4753,4.976102,0.64330214,0.007894516,0.62100124,0.7483305,139.2055
ac4fa88f9a3d469594b03a43f18bb954.jpg,1,53.612949,7.85119,1,53.014535,11.179931,230.90263,25.587664,0.75591433,0.071279824,0.75321794,0.86046904,322.26907
ac6e515fa1db448cb4852f0a038f622b.jpg,2,37.94765,-0.711221,2,42.8591,-2.355799,563.5695,399.1118,0.6361691,0.010464668,0.637369,0.79541254,954.80865
ac74b84b88e9429aac6d3dbbc2455622.jpg,10,68.229028,19.672056,10,67.974271,19.954008,30.646053,0.3738295,0.76649183,0.009458244,0.761918,0.7902291,186.6196
ac875daf2fd442598999c6d9bcd39d28.jpg,0,52.078902,27.700558,0,52.064618,27.75813,4.2434354,0.1365431,0.8696236,0.005729854,0.85642624,0.9670818,55.288795
acd471c785064fa582839da872c4fadd.jpg,5,55.888942,-5.420166,5,56.102788,-5.476811,24.038116,17.79427,0.72260153,0.00029414892,0.7015716,0.8343716,172.26541
acfcd587876c41f3a7c2b1d024bea4c3.jpg,1,53.663451,7.664009,9,53.402382,15.550994,521.7898,413.33987,0.70403665,0.007658839,0.707601,0.73439085,977.855
ad61e1fa76ff48e398da828f45ae1834.jpg,8,65.212879,13.377714,11,36.855031,28.226164,3300.3767,2834.5269,0.61803967,0.021885514,0.5979507,0.7804507,3307.591
ad6b86a23a59416c99ece27962549dd4.jpg,7,39.913019,15.784227,7,45.37178,8.910829,826.73376,42.96662,0.739751,0.0054350495,0.70980155,0.8596963,844.8304
ad8a6dfe2f3e4c2d9401497e28484341.jpg,5,55.68122,-4.30114,5,55.681212,-4.30107,0.004477089,0.004477089,0.9178401,0.16177136,0.90505975,0.96896136,0.004477089
ada5e03aa03c4bbeb5990db8f4c3faf5.jpg,8,64.479814,14.169416,8,64.380178,14.577786,22.513641,10.895536,0.8245714,0.0032619834,0.8033104,0.950313,30.153816
adaa6a86ec7344a28fd2f35cafd82e91.jpg,10,60.492783,17.424146,9,54.31331,22.651942,754.5688,90.50601,0.71252,0.0076125264,0.6953203,0.78611934,415.5765
adcee0b97acd477b99244fb182b133e2.jpg,11,37.232682,30.501363,11,37.228447,30.503555,0.50933236,0.50933236,0.9309536,0.22998011,0.9273713,0.9452827,0.50933236
ade316c1119e4ec59e7a44df02f8b0d3.jpg,7,41.003445,16.833794,1,51.815334,6.921769,1419.4062,356.25925,0.6750579,0.005570531,0.6608381,0.747367,1145.417
ae1bb27d91ac40f38e1503c65112ab10.jpg,6,65.311367,-21.743107,6,64.982884,-21.592246,37.19989,2.321991,0.72240925,0.0006445646,0.68590635,0.87239516,243.65207
ae1d385034d54842a461b8efafc89791.jpg,2,41.897388,1.320002,11,40.223727,25.960006,2067.1067,20.54653,0.69083077,0.023926556,0.6743837,0.7566189,2067.1067
aeb1549f09314de58341bf41bb9f16dd.jpg,3,60.527296,27.547288,3,60.527143,27.549274,0.10997621,0.10997621,0.7636439,0.05878526,0.73383176,0.8828925,0.10997621
aec27abc623e4d95806f3036b68c3752.jpg,8,67.251469,15.429435,8,67.260499,15.433198,1.0170395,0.59764886,0.7480757,0.020873368,0.7188879,0.86482656,1.0170395
aec8a01e07bf4bc58514ecf41bc23c8f.jpg,3,67.431367,23.81852,3,66.267209,23.710344,129.53494,25.505354,0.84806526,0.0054665804,0.82999986,0.94840086,377.37595
aee3ce54d15b416e8d1c6aeb39e0094f.jpg,8,68.33124,16.7333,8,68.33597,16.741079,0.61531585,0.565053,0.8172481,0.032010794,0.7843646,0.9542319,8.5177765
aef4770194bc487dbbfc75784b58ab6d.jpg,1,49.269064,9.011042,8,58.683881,8.996984,1046.8817,166.62083,0.626782,0.00255692,0.61858463,0.66005254,1191.8118
af21df7daca94ef3a42bbc7eaa75f375.jpg,4,48.218659,6.268391,6,63.839884,-22.427676,2449.6938,2189.2166,0.7456728,0.041642368,0.7495388,0.79189014,2451.2412
af8242d4578f4e128b1981d03521421a.jpg,2,43.188915,-6.076391,9,52.366013,16.249205,1943.5609,127.8406,0.6994907,0.009652555,0.6981474,0.80155146,1461.0349
afab1a6dd2054f469827c6a0f139e6bc.jpg,9,50.408685,23.429446,9,50.410322,23.428899,0.18610787,0.18610787,0.82083786,0.07523912,0.8032973,0.89100015,0.18610787
afad62f8dfa04607929757626a606e66.jpg,11,40.395684,26.839398,11,40.395273,26.886917,4.024406,0.7551766,0.8652848,0.000107347965,0.8430226,0.9725641,2.6179512
afe7515323034c38b589c7ffa4014085.jpg,11,41.310642,42.834028,11,40.883534,43.009098,49.706448,24.012352,0.7599437,0.00220263,0.7366978,0.8529272,49.706448
afe9a62078b34b02a3214d8dff3ce366.jpg,8,66.346094,13.480634,8,66.339523,13.411082,3.1881638,3.1881638,0.7563914,0.02548939,0.7215003,0.92271304,8.639088
b0088b5f19b240e79a01c932fd8872d0.jpg,3,62.293657,26.476005,8,64.81943,12.977389,723.21814,11.843364,0.73224807,0.015269518,0.729859,0.7483722,2651.849
b00e81cc213a4c1380c90fa14fdda894.jpg,11,39.59408,39.868964,11,39.593058,39.871287,0.22920291,0.22920291,0.8490183,0.023065746,0.8293533,0.92767835,0.22920291
b02606bd42314275945595cc62904c64.jpg,4,48.553453,-1.79099,4,47.220166,-1.833826,148.28935,30.5841,0.6670576,0.011220098,0.66452175,0.68412864,30.5841
b03674f595a04fd48932b9e741d40af3.jpg,8,58.613764,5.688058,8,58.625675,5.746338,3.6250818,0.17579228,0.7775852,0.016351521,0.7725749,0.79762626,3.6250818
b03fc50ef675462c9cc24e0a1d4aa8fe.jpg,6,63.530374,-18.467368,6,63.529056,-18.468604,0.15884343,0.048606478,0.94254005,0.019921184,0.93164766,0.9890392,0.6094324
b0708d30e9df46d2bcffe717ac83a3f4.jpg,10,67.700508,20.771144,10,67.844798,20.396218,22.497303,1.7467642,0.7555634,0.018731654,0.7192192,0.9009398,22.497303
b09c19609f254624a7f326f302fcaf19.jpg,0,52.355726,25.023144,0,52.358937,25.024378,0.36675003,0.36675003,0.80435777,0.1330632,0.78612673,0.8772817,0.36675003
b0bc50e536314eb9a31aae2012b6071e.jpg,3,62.027099,24.531285,3,62.026453,24.529548,0.115618415,0.115618415,0.88436097,0.035332143,0.8748002,0.9246836,268.54196
b0ce98920b654dfeb6ada19b74cffdc6.jpg,0,54.025024,28.292726,0,52.979181,26.881763,149.09875,8.44354,0.84155387,0.0110237,0.8242563,0.94232035,249.02599
b0fed7a35109409496a9a9c1c319edda.jpg,5,50.508885,-4.697502,5,50.530964,-4.697898,2.4552357,0.7627296,0.862291,0.050569296,0.8363388,0.9660994,2.4552357
b1389892f6a64429842ff765d77e1677.jpg,1,50.920036,7.926111,4,45.109586,1.851809,787.81433,280.50534,0.6619313,0.007738769,0.6726576,0.794415,939.38885
b15adbf73a474e528bf613cc34ab3d54.jpg,6,64.934786,-13.740428,6,64.929349,-13.698526,2.0646086,2.0646086,0.83232725,0.017517805,0.8032818,0.9485089,2.0646086
b15d9145bfd0458c81f4b911025da733.jpg,9,50.627179,19.834788,0,53.931219,30.469006,810.27795,316.39066,0.66730213,0.012060404,0.6414277,0.8069283,743.16077
b180577062ba4405ae3eb921956d4802.jpg,1,52.55149,7.847805,7,40.655248,8.32896,1323.3062,942.3724,0.7539796,0.0047726035,0.73665196,0.82329035,1323.3062
b1da0471edfd40b195438ce0e0fc050c.jpg,9,52.828788,21.225611,9,52.806897,21.16421,4.7906904,4.7906904,0.8378843,0.062821865,0.8209346,0.90568316,4.7906904
b1f312cb657b41fb800825944f14f9f9.jpg,8,58.282534,6.454373,8,58.336997,6.262142,12.757902,1.3140045,0.83177257,0.0076910257,0.79939646,0.97044635,30.818792
b21efdeba37d49c2a239f9ecf27f997c.jpg,4,44.638568,-0.840848,10,57.452758,12.171271,1684.1213,111.92947,0.649814,0.0046444535,0.63698816,0.78834903,2389.4456
b22456c81fe747dea97b3933b8b280a0.jpg,2,43.633118,-7.600987,2,43.628609,-7.603044,0.5280043,0.04663794,0.75938505,0.021488726,0.73417884,0.8860643,78.51683
b25282d9a5464f99b33a197fdf660977.jpg,5,57.162041,-2.718103,5,55.813308,-3.502197,157.50589,1.3249253,0.8174947,0.013815641,0.7879586,0.93563884,157.50589
b258d616631d4eb38255f746355adbda.jpg,11,37.483791,30.564502,11,37.912698,30.488287,48.161438,3.3608656,0.8129213,0.037294626,0.8035178,0.88665736,125.9049
b29b4e607c97487d91e718cdb773ce5e.jpg,7,43.722043,11.450498,10,60.468645,17.167411,1900.9229,112.323265,0.60707974,0.012786686,0.595754,0.717517,1739.2413
b2cc6a05050f4edea34c0b7a7e32aa90.jpg,5,55.688253,-5.330261,5,55.576085,-5.196192,15.046086,14.038092,0.79997224,0.07263738,0.80070424,0.7970439,15.046086
b30740a2f1464d78ab2be1872870be89.jpg,10,56.211379,13.736622,10,56.201712,13.744897,1.1905377,1.1905377,0.83941185,0.052999973,0.81891024,0.9214184,1.1905377
b3274e2930f8421a9f244465992d5dab.jpg,9,51.04334,20.41802,4,48.793436,-1.514373,1583.9856,84.685974,0.6237565,0.00026845932,0.6255088,0.71264935,1801.6663
b369e265d5c74e719eabf42e4a318d66.jpg,1,53.339464,10.014342,1,51.985405,13.926269,303.7034,33.77042,0.75424534,1.3649464e-05,0.73639387,0.82565117,303.7034
b39b40c25c9b411a988972cee7c02235.jpg,1,48.783557,9.514531,9,53.721142,20.472132,938.0258,576.5106,0.6501284,0.0018937588,0.6474458,0.74652076,924.62
b39c5baee13742cfb4a11ef31fdf66fb.jpg,5,54.534103,-7.65869,5,54.709994,-7.596016,19.970068,11.370559,0.81224346,0.08920342,0.8150282,0.80110455,19.970068
b3aa49c83425400b945652af54a354e2.jpg,7,41.051774,8.940136,7,40.655248,8.32896,67.7228,2.5659497,0.8291512,0.0040044785,0.8088884,0.9102026,67.7228
b3bbb03d6fab46ffb70f468c427f79fc.jpg,10,62.556967,14.456749,10,63.918676,15.746666,164.60649,18.18308,0.6957823,0.0031406283,0.672977,0.8455657,376.6049
b3fd1fd8880d4b34bda71fee9d13a0a3.jpg,6,64.932154,-14.05935,6,65.223531,-14.349583,35.137894,0.45663384,0.8331261,0.004146576,0.80368084,0.9509071,35.137894
b41b4b3087234b43b2c8b2204d7b8c22.jpg,5,54.364968,-1.361226,5,54.345099,-6.647312,342.46603,15.224772,0.7113959,0.01568675,0.6703852,0.8893477,41.31103
b441c8c666944978b6dfb333a75ae5d2.jpg,6,65.251402,-21.769062,6,65.290541,-21.746769,4.473901,1.0025265,0.8189762,0.10225165,0.80413175,0.87835395,4.473901
b4782030bb9b489fa8893240513474e7.jpg,7,40.912198,9.416038,7,41.177412,9.278804,31.656624,2.6234112,0.7873548,0.006940484,0.7740156,0.8662561,36.60459
b47bfe7743e1453c89bac8d4443c427b.jpg,8,69.276446,15.971742,8,69.27776,15.975718,0.21406052,0.08947915,0.9230764,0.015201092,0.90845627,0.98155683,0.21406052
b4aa0152f760473eac35a7d7af62e38f.jpg,1,48.632513,11.588454,4,43.627323,-0.928263,1111.6075,343.84344,0.6517386,0.004721701,0.6660093,0.76733744,651.246
b4ca5edc13054302abedcc1c2c2e6bca.jpg,4,48.999284,2.136712,7,44.581672,10.910893,828.29535,68.077614,0.6734305,0.022304773,0.68138427,0.74348474,392.43936
b4d83995f9e24801a8fb18abbc129f73.jpg,9,53.737002,21.607902,9,54.330621,22.66959,95.72805,11.375392,0.7843149,0.018124878,0.7603582,0.89797246,100.17342
b4e58e6d0a5a4f7fbcf9de787391ffff.jpg,10,61.440045,17.128616,3,67.546986,27.918034,850.7641,76.978386,0.7052828,0.0029304028,0.6750704,0.86285305,850.3658
b510218ef76744569f68e3d14cb926e1.jpg,4,47.245993,1.990044,2,39.321286,-0.410527,902.2357,9.812001,0.7581487,0.011842251,0.7717527,0.828566,208.11986
b5262413d75e407c9ee9651c418cce37.jpg,1,53.385144,9.442847,4,49.924965,4.646958,507.20966,6.157771,0.7308013,0.035265207,0.7031062,0.8415816,507.20966
b53436edd5e54d06b1cbdd5d30142e78.jpg,8,58.424621,6.017502,8,58.424308,6.018055,0.04741338,0.04741338,0.8847277,0.037971616,0.85924697,0.9866506,0.04741338
b536feff6a454562a045219f78407b15.jpg,3,64.870536,27.679736,3,64.842564,27.786258,5.9162397,3.017015,0.84892833,0.003546238,0.8256638,0.9459944,171.28514
b549f50a168f4eb3aa8ba6d68e580674.jpg,4,44.993358,2.544055,10,59.317692,15.910244,1827.614,732.3761,0.6779136,0.012645245,0.66098654,0.78254753,1827.4481
b54a8ab627b74330bf7e8a8e3ad114cb.jpg,6,66.013048,-16.417667,6,65.914164,-16.396201,11.038314,11.038314,0.8086029,0.039889216,0.7888744,0.8875171,11.038314
b560644961294d0c8e2bcc640e9e5859.jpg,10,66.382257,16.968025,10,66.085372,17.539422,41.7782,19.114613,0.7576586,0.0081163645,0.7284727,0.8826891,19.114613
b5ad1f3d02434b5386e6cea10019f7db.jpg,3,63.103757,29.815951,3,60.979188,23.63445,399.2994,3.9422443,0.6973647,0.002082944,0.6738446,0.8596332,444.3058
b5bb8afbe6034f1d98eba8a62bb62cc6.jpg,7,42.236429,14.475685,7,41.923093,15.092242,61.66963,1.4101955,0.6979337,0.0061106086,0.66618747,0.84244215,125.447556
b5c48e895d534dfbb94825cd49d52863.jpg,9,54.075742,15.637246,1,52.905559,13.597154,187.45892,0.22802319,0.70967174,0.021109164,0.7029046,0.7854773,221.96735
b5ee14b3c17a4c96b39267972461d78d.jpg,3,62.555979,25.675531,3,63.626288,25.784915,119.14028,12.731914,0.82469857,0.020582557,0.7976617,0.94393206,83.635025
b607128792d447bdab5d0839e1c4dbb6.jpg,5,56.218678,-5.541628,5,56.184237,-5.473365,5.700446,2.588851,0.88736224,0.029337406,0.8716475,0.95022094,5.700446
b61043876f9e48909c57a480ee7e6c14.jpg,0,53.669267,31.654703,0,53.721031,32.014413,24.371479,0.5293191,0.76166457,0.005151987,0.72691023,0.96783143,85.58825
b6a7ea44af5143f3bc3cfee85d58efd2.jpg,0,52.311227,29.335801,0,51.703745,29.147891,68.76254,1.0780983,0.8750738,0.0009812713,0.8549273,0.95565987,68.76254
b6b30a5b78e84ff3afbc7a0a8b7c8a12.jpg,2,28.500504,-16.197217,7,43.485511,13.633364,3132.9324,175.05084,0.6985236,0.009670198,0.7278882,0.7596941,2172.5776
b6be25de2f9945d6ad25f7ec0e0870f8.jpg,2,39.354319,3.132359,2,39.358262,3.131218,0.44928315,0.44928315,0.7602649,0.040315866,0.7668227,0.7415234,8.5235815
b6ff936157e345ce98c6e099b90bc1f2.jpg,0,52.207007,27.865883,0,52.175239,27.881594,3.691221,0.65767425,0.8901093,0.029444754,0.8780801,0.93974984,26.297726
b703b3ab9abd4f4b9ec8a03479f1ea6e.jpg,7,44.047583,12.4139,8,69.729689,30.053518,3023.2837,54.222965,0.6468423,0.014239371,0.6379232,0.7912817,754.7795
b7497eaf79614a8e982cd80201536306.jpg,7,45.525719,8.241066,2,36.717956,-2.874764,1348.8368,9.893651,0.7155639,0.022760868,0.7120433,0.72964627,1348.8368
b74df949dfc8464d92b4bd422905e8ef.jpg,11,36.674129,29.13136,7,43.522332,10.378599,1762.1439,1146.3728,0.65576017,0.0047608614,0.6361001,0.7825276,1895.787
b7a65b2c6a79485fa719f156a3753be7.jpg,2,28.64289,-13.899496,2,28.985871,-13.584265,48.96656,3.4903247,0.6665349,0.011746287,0.65698916,0.78414947,1667.7323
b7d6fd5bf9904999b604d82533d3dbf8.jpg,3,65.00938,28.858275,3,65.007151,28.839384,0.9214321,0.9214321,0.8860527,0.00032788515,0.8635943,0.97983795,253.61246
b7e07f17c0864496a64a5f8af7af9baf.jpg,3,62.30716,27.96757,3,62.599463,29.239587,73.0412,10.89083,0.75037676,0.009150505,0.7576762,0.83111596,168.96068
b820c00ef5e548fc804b36df0334957f.jpg,4,44.919628,-0.782757,4,44.88852,-0.742298,4.703057,4.703057,0.74323666,0.039184988,0.7429874,0.8030492,1288.85
b8582680f37440b691698a44004542df.jpg,10,60.414853,14.779892,8,61.936309,13.012515,193.8878,26.723671,0.78510475,0.016849816,0.79159445,0.76626396,198.08156
b88c1d8201024156bba8bb3c49cad1fa.jpg,2,28.778991,-17.962548,4,48.772813,0.966726,2746.7896,2458.5837,0.6213609,0.011223555,0.64481765,0.6797018,3078.225
b89543db7f4a444584c4219f1d628191.jpg,1,51.042588,8.651111,1,49.702115,8.963045,150.68633,97.30651,0.67825407,0.00047439337,0.6818352,0.7306292,1565.1908
b8987f47ad094dff8c0ad60c9668e8e1.jpg,10,64.911822,15.513048,8,64.134881,13.91503,115.34291,0.7271702,0.7952146,0.0022847652,0.7637147,0.94749546,71.28623
b8b344a9b8f54cb58289d555ca3c9817.jpg,11,38.798155,35.594043,2,37.181748,-4.776373,3513.59,152.30138,0.7320077,0.000582397,0.73124444,0.83128357,3414.7346
b8c8c49972ae4beba6cc0419a56ebb52.jpg,5,55.369446,-2.513646,5,55.188557,-2.177198,29.302435,9.182162,0.83941114,0.004115522,0.8104386,0.9640157,30.338562
b8d514cc331940a08cfef76519e80aeb.jpg,6,65.584005,-23.149637,6,65.561614,-23.18269,2.9170184,1.6824498,0.94302785,0.005765736,0.9328541,0.99224865,13.054213
b91076bde2d34ebdae7461ea73bb6f83.jpg,5,58.497341,-4.456095,5,58.574835,-4.767275,20.01103,1.554365,0.86750084,0.012081325,0.84699476,0.95694256,6.6540174
b914123b602e44b09d53668bffe72e5f.jpg,7,41.040805,14.734124,5,56.758493,-5.781946,2284.727,2.8001745,0.6124132,0.009528756,0.62546027,0.681582,436.909
b93617aa28864348b68a570591a64d5c.jpg,11,40.392365,43.408347,11,40.471631,43.327216,11.173183,4.0126805,0.79106563,0.04897058,0.77056044,0.8749534,47.580555
b94712069ff94b989f38a670a53d5304.jpg,2,36.519239,-5.045007,8,63.094208,9.28287,3112.2375,72.12524,0.68184054,0.011828244,0.67876166,0.70424604,3262.8342
b95d632bc79c46acb1d58930968ee6e2.jpg,10,65.301724,17.663541,3,61.670778,25.029125,544.0176,203.52713,0.72071177,0.020342112,0.7030082,0.80721605,553.507
b965c5e29c9e4fd682b47b285764a4ec.jpg,8,58.085241,7.808552,8,58.258576,7.971341,21.508493,2.953859,0.76801574,0.0076774955,0.7382079,0.9013336,21.64518
b972ccfeccb341eea12b14e35eb2af12.jpg,8,69.466425,25.477901,8,69.465926,25.47615,0.08799311,0.08799311,0.89159626,0.007029891,0.871495,0.9774422,65.20989
b9ac1621dad443579ba6464596ad373e.jpg,6,65.518832,-18.599921,6,65.508431,-18.609608,1.2397195,1.2397195,0.9078711,0.02248621,0.8960462,0.9551707,1.2397195
b9c15299a8e440469836303fa43489f8.jpg,8,60.517393,5.212953,3,65.699168,25.161729,1149.7367,521.65155,0.71024346,0.027367115,0.70766175,0.7421688,1312.2544
b9c46b9603cd4edd8c2ca5bf8409dd30.jpg,5,53.294328,-4.607099,5,54.32522,-6.461995,167.23842,70.295525,0.7103718,0.005634427,0.65500414,0.9318422,167.23842
b9dd266db1574c84ac58643b7349ba58.jpg,9,51.828378,19.426653,7,42.593051,12.237133,1160.3448,867.00696,0.69753456,0.029341042,0.69209975,0.77849376,1142.7306
b9e53452a17f4e4080c468c544300100.jpg,7,45.411804,12.159605,7,45.401837,12.14855,1.4046711,1.4046711,0.7702594,0.08843112,0.810104,0.77918804,1876.7692
b9e7bc55f4d048379c2ffdccaf621d9a.jpg,8,70.421992,25.157465,3,67.983386,25.164929,271.16116,8.170779,0.8189224,0.018166304,0.7937366,0.91966563,271.16116
ba0ffc95452545a49e980e7ea9fcafca.jpg,5,51.129947,-1.156045,1,49.97477,7.704498,638.62177,19.30479,0.6331123,0.010936141,0.62890244,0.7990907,956.2889
ba18210c629949c3ba3292f397efa8bf.jpg,7,40.840505,9.401918,7,40.60985,8.377353,90.06726,5.974528,0.8205472,0.014522612,0.83649933,0.78322685,2014.0571
ba1f92ff871a4c6b87f8de80909216a9.jpg,0,52.926781,29.985242,0,52.986032,29.816624,13.076192,2.9186723,0.9325006,0.008444309,0.9249669,0.9626354,13.076192
ba3a376d6d4742c8af17ecd7310f8a9f.jpg,3,61.713536,29.414476,3,62.873426,29.847493,130.90175,1.7462901,0.8214759,0.00071781874,0.806822,0.92118055,11.655542
ba3f3842065947fc845e01ff50d764be.jpg,1,52.052615,8.702091,1,48.028075,9.090447,448.36578,34.00522,0.6496774,0.011547804,0.6316131,0.8168537,370.8797
ba60762cfa7c4ab7853277140858031b.jpg,6,63.888817,-16.624079,6,65.632065,-20.295927,260.46417,1.3819056,0.8681981,0.0055540204,0.86451554,0.9414977,82.908
ba80b796e7b84fcf9b19ca6e6249fd42.jpg,11,40.952462,27.477399,11,40.864768,26.758173,61.2224,32.837334,0.7973427,0.15719831,0.7859993,0.8427164,61.2224
ba9ea63c8d8a4c199d3a4dd84af4ef8b.jpg,8,68.401461,17.474448,8,68.661656,15.519513,84.651375,17.212101,0.8294847,0.022496998,0.805844,0.94553816,47.386265
baa9feaa212142f09ef32dc12ac9a420.jpg,5,57.913326,-4.058455,5,58.234758,-4.480909,43.526344,0.17954195,0.7883481,0.006515503,0.76959276,0.9036281,0.17954195
bacf1f20a2f64bb5bc90755749e562c7.jpg,9,53.262339,18.173125,9,54.632306,17.50353,158.50877,10.819039,0.7394557,0.027113378,0.7090652,0.8610176,158.50877
bafeb197c67142539c304ec449859337.jpg,0,54.121223,26.590901,0,54.410293,26.06306,46.9912,1.5353411,0.8673004,0.0014430285,0.85341096,0.92285806,46.9912
bb075d20b329471bb4e183a2ef4226f2.jpg,11,37.473438,30.56402,11,37.912698,30.488287,49.296,34.15403,0.74439985,0.04463607,0.7787828,0.78030944,2845.0605
bb088e72cece4d71b6696c9d1f9da65c.jpg,5,58.554127,-4.696808,5,58.544871,-4.673834,1.6840112,0.54683155,0.8263821,0.0047977567,0.7987256,0.9370079,1.6840112
bb11441d9db741c1ae22a179f83b6fbd.jpg,0,51.930592,29.25956,0,51.666827,29.123838,30.778513,0.5807053,0.93252456,0.016960025,0.9213098,0.9773834,30.778513
bb2252f5b3874160bb53d4b534e32194.jpg,6,64.058995,-21.530906,6,63.864834,-21.880357,27.514675,1.4152166,0.8101678,0.0058344603,0.7880672,0.92592764,49.972828
bb5a7dcfb33e4d1b8bbc1d0bf699fa1c.jpg,1,48.349236,8.777997,9,52.404748,20.329306,933.5347,602.71954,0.6739923,0.026709974,0.64583075,0.8044563,848.97034
bb61b916b9fc4add81db514d490420ac.jpg,11,37.898967,39.839328,11,37.78384,39.490982,33.15967,33.15967,0.862767,0.018437743,0.8437075,0.9390046,33.15967
bb6f2a78ac6c4015ac4328dbc85799eb.jpg,2,29.003776,-13.7654,7,42.787413,13.429497,2869.8206,2015.8958,0.631593,0.028917968,0.61743855,0.70627093,2912.1975
bb9571c6312648f6b124546f34042369.jpg,8,66.690785,15.429968,8,66.689591,15.426246,0.21082519,0.21082519,0.9001727,0.04162121,0.8843219,0.9725059,73.07324
bb9a5b4323ac4a1eb8c56fdfc25ec5eb.jpg,10,64.530242,20.836752,10,64.496185,20.67606,8.570737,1.909885,0.8890427,0.037578166,0.88231444,0.91712797,101.24
bba3567e552e437597885cfa24bcf112.jpg,7,39.216198,16.06249,7,39.201136,16.062318,1.6748859,1.6748859,0.77488226,0.01217258,0.7487638,0.88322043,2.1471226
bbb30f9400024b4585a77b352a05fc65.jpg,2,43.353219,-5.478176,4,47.228351,2.482549,756.67847,226.17393,0.71808404,0.0032766461,0.71667606,0.8082787,445.0547
bbb65dec6dfc4a28879e90e76fad07da.jpg,2,36.480552,-5.038261,7,37.040093,14.390464,1728.8896,1282.7002,0.7488961,0.0091353655,0.70562875,0.92196566,1728.8896
bbdc92976d7b49ff942e2a42d278ee44.jpg,3,61.414292,26.3755,3,62.301981,26.998262,103.96879,45.880463,0.7712137,0.0024250746,0.7680935,0.83704257,223.48654
bbde42aa3251468d979b638a1866ca30.jpg,9,54.146887,22.931552,9,54.163186,22.93154,1.8123688,1.8123688,0.6822311,0.00044250488,0.69236696,0.68917996,382.19833
bbf4078296c04376ad16295f603ffa6f.jpg,2,38.311814,-0.516901,7,40.639182,14.689358,1328.7875,506.388,0.700209,0.015119553,0.67124766,0.826555,1273.4489
bc55b69e81fe436d98a0d29f25cd688c.jpg,1,51.032173,8.668183,9,52.71391,21.36695,890.3717,585.4207,0.684479,0.0044623613,0.64812577,0.8434888,973.2085
bc581ce6f5f145a89a8bbd6eb5d64d71.jpg,10,61.362866,13.531905,10,61.361226,13.53489,0.24199446,0.24199446,0.9230842,0.0138937235,0.9085759,0.98111737,0.24199446
bc5e62f2e5f74a929ce6bebee31de457.jpg,10,66.686073,19.830746,10,66.716755,19.83423,3.4151266,0.18702336,0.95011777,0.03560984,0.9412006,0.9857862,3.4151266
bc6905b188134246afce7fbd0259332e.jpg,7,38.907204,16.329004,11,36.984381,35.81847,1718.971,198.41727,0.6461008,0.012026131,0.65867263,0.6994556,1641.3855
bc72941f14fb40adb91d7412ab7ba39e.jpg,4,44.14806,-0.986995,4,44.175908,-1.112129,10.451012,2.0838115,0.85275733,0.089758515,0.8351086,0.92335224,10.451012
bc876a8de7a6492f9340a97c24f37412.jpg,4,47.774509,-1.35045,11,39.082056,29.463706,2647.8467,43.78819,0.61371094,0.016511083,0.612748,0.708777,413.1865
bc9154f88eab4159b53c864e41885481.jpg,11,40.012733,41.980479,11,40.005743,42.21293,19.81283,19.618328,0.8214663,0.020721495,0.7881913,0.9545661,19.81283
bc931e20dc894109b4d11da2732663a9.jpg,7,37.906705,14.963405,7,38.111306,14.97837,22.788372,14.842705,0.6837365,0.0030525327,0.71906567,0.6830911,1616.4456
bc9bc8de69cd4db2a47b246a9745d03d.jpg,6,64.617349,-21.77484,6,64.609046,-21.719617,2.7898078,1.7261441,0.9133824,0.07278395,0.89726794,0.97784,2.7898078
bca547e2ff9344ac9d8379511d23d3ce.jpg,2,39.795769,3.071751,8,62.235066,11.772583,2563.0166,19.660051,0.70242906,0.023443818,0.6817894,0.78498733,2563.0166
bcd00511789d4fe3ae21ec589175d11b.jpg,6,65.534,-19.895781,6,65.541558,-19.914065,1.1895672,0.7505254,0.8973477,0.004706979,0.88116825,0.96206546,1.1895672
bcdc5580f1614b94b4de0fcbafc4fbdb.jpg,3,64.599409,29.686101,3,64.59372,29.681802,0.6649976,0.6649976,0.8308021,0.016495705,0.8048339,0.93858826,8.677805
bd0f52a5e285432a936bd92aead5d185.jpg,11,37.521559,36.997576,11,37.506547,37.00308,1.738418,1.738418,0.7540087,0.03108412,0.7316222,0.84355474,1.738418
bd15b78817ff4024b113088fe7e54ad2.jpg,2,37.845897,-0.788254,7,38.74428,16.481695,1508.1993,806.6695,0.75881463,0.030133128,0.78240865,0.8034602,1423.7517
bd328c8874fa403baf2594b3ab6a896b.jpg,7,41.131092,14.195698,7,40.899587,14.584735,41.56982,13.701981,0.714069,0.022606075,0.7183041,0.7955419,393.05563
bd472654755d468a988c571d8d0a8c5f.jpg,11,37.207007,33.067103,11,37.088518,33.255519,21.271267,21.271267,0.7419226,0.012799144,0.72584033,0.8411298,34.36211
bd662ec478234b14adb1369aec93b9ba.jpg,0,53.044577,29.567911,0,53.021574,29.710862,9.895093,7.143677,0.9572705,0.008819461,0.956621,0.9698077,103.016846
bd8035051ca344b589305680c266e6a0.jpg,7,42.282346,12.522205,1,48.364855,9.09555,727.2746,646.2043,0.670341,0.014128923,0.678337,0.7067754,889.50854
bd8150879a9c4ce4967e2ef8d16a4ec5.jpg,0,52.016769,29.288228,0,52.831895,29.388148,90.890854,10.359596,0.8411331,0.016270816,0.8214443,0.9295943,80.37181
bdb886fab9bd4904a14ea5ae830f830a.jpg,4,47.413781,0.438106,11,41.444897,31.81685,2559.3525,509.36166,0.61058134,0.007246375,0.5736111,0.7584624,2559.3525
bdcc755616ef405a8782ef680ae44df0.jpg,8,65.833744,15.022905,10,65.31097,16.196515,79.31682,9.518723,0.8478507,0.0074577928,0.8320727,0.9618068,152.04408
bdd85b3d0f7d4bf8989a8d515cca7915.jpg,2,29.001911,-13.549113,11,38.73891,35.35651,4587.115,0.23533975,0.68618864,0.023408592,0.71294844,0.6640957,3466.6992
bde6bbbad25b418989de964557c97914.jpg,5,50.28046,-4.990212,5,50.227643,-5.078651,8.603902,0.09128751,0.800511,0.0004797578,0.78905106,0.8608819,11.650806
bdeafc4686374642b577babe00f947e8.jpg,8,59.148515,6.204145,8,58.086695,7.295165,133.90402,9.460827,0.7057988,0.025651395,0.6935744,0.782642,1268.349
be0982f4653344c7b2f8f33ff8c00c9b.jpg,0,54.597116,27.896206,0,54.632202,27.931331,4.50956,0.2800021,0.8386665,0.039889872,0.8101542,0.95271564,4.50956
be79959af52f4bd0ba23a9d8a6b5aa09.jpg,8,63.17954,8.668043,3,63.600648,28.018747,961.2247,7.2953787,0.68289423,0.015590668,0.67517126,0.83889395,64.68758
beb9def5756647d4b373f4272913c37f.jpg,6,65.813487,-19.328868,6,65.807262,-19.323321,0.7368872,0.7368872,0.9214337,0.031305134,0.90811014,0.9813336,7.730388
bef2c08b68874a95935eaec815355f84.jpg,9,49.982188,20.912998,11,37.533725,36.917944,1881.14,1012.0686,0.7403755,0.01976657,0.7385063,0.77558726,1881.5564
bf28cc7e2c5044a9ad3f23bb82492390.jpg,3,61.6769,26.988157,3,61.625174,28.221773,65.38729,2.5929177,0.7187407,0.011402726,0.7201323,0.8410996,3.2812276
bf44012d64d54958a59928c7be9fe011.jpg,6,63.843061,-22.405268,6,63.843436,-22.407855,0.1334892,0.08888755,0.89324254,0.00019723177,0.87197876,0.9819071,0.08888755
bf76c303bf504d149d83a2a9a4e76ee0.jpg,6,63.437073,-18.770742,6,63.435155,-18.770042,0.21609403,0.21609403,0.8633076,0.010111928,0.84331566,0.9530528,10.533969
bf987cdcb08448a1a23b675de6ab3981.jpg,9,50.679042,18.650596,9,50.726613,18.631957,5.450096,0.5179854,0.8341042,0.04595244,0.81647724,0.90461195,5.450096
bfacdd87c44e43da8e8d3a101e94452e.jpg,7,37.75543,15.130626,7,37.631142,15.143033,13.863263,1.7086519,0.79027295,0.0004709959,0.75883484,0.92470056,2.7121456
bfb1491be3d8459ab638bc6df3d7e280.jpg,11,41.917706,34.582727,11,39.861862,38.205294,380.7109,22.094116,0.72165793,0.005652547,0.6773391,0.8989333,380.7109
bfe64f355c5f499aaf088a6f2084f97f.jpg,9,51.462011,14.939367,3,61.728771,29.699428,1448.9113,108.71528,0.6836988,0.024661243,0.6515634,0.81224036,1448.9113
c002293daea64dd286c709983a3fa745.jpg,1,47.839285,10.278374,1,47.830898,10.29488,1.545198,0.545667,0.80903125,0.060296774,0.791722,0.90143394,0.545667
c010a9559bae481485f85986a4d42351.jpg,1,53.924532,11.486047,2,42.112021,2.774026,1462.0803,193.06158,0.63945854,0.020238757,0.63580096,0.7143594,923.97626
c01888e40f2c47f09c76bc7ebc4c6687.jpg,11,38.468944,42.465505,11,38.469104,42.471028,0.48115912,0.48115912,0.8631785,0.07434094,0.8524461,0.906108,0.48115912
c0215e96cc6f49b99240117b4fb9a992.jpg,2,38.781029,-0.440526,7,45.356371,10.750228,1176.1884,754.92865,0.70474327,0.033620775,0.680276,0.8084969,1205.1744
c023291da9d044a796f377edd822c1fa.jpg,7,40.606045,17.300756,5,52.339959,1.331629,1780.4885,5.950528,0.6863855,0.018992662,0.67434067,0.7345649,1780.4885
c02436a2a37b40ae8b0bb89c3beaf836.jpg,8,65.213835,13.378222,8,64.752732,12.860303,56.761925,0.09607517,0.7460372,0.013224959,0.71056724,0.9158213,31.165583
c05644dbf52e4c4da0fb82207a4b4b76.jpg,6,64.988235,-22.655239,6,65.029038,-22.236636,20.18165,3.5609503,0.83270997,0.00012844801,0.84446925,0.9069932,341.24585
c06ae66a655c41aa960d916507b21590.jpg,4,45.007202,1.533217,11,37.248504,32.212408,2691.6257,219.50745,0.68801415,0.03182161,0.68747306,0.7721419,2680.2544
c08a3837c090473ea355005cc1f225ec.jpg,7,37.808312,12.444685,3,64.827373,27.802288,3168.5461,1230.7845,0.62192273,0.0037007332,0.6026915,0.77541876,2494.022
c0afda8114094f58b0db52fdd5c6207f.jpg,4,49.645013,0.294231,0,54.628375,29.088931,2025.7899,7.596576,0.7123324,0.022646487,0.7150184,0.7606676,157.62871
c0b9d2d017d743d08a134d4c6e8e4b12.jpg,4,45.358459,0.098982,0,53.93057,30.195273,2344.4258,22.411482,0.73237604,0.00090384483,0.7305025,0.8050512,2201.27
c0c49d15801840bf98373fad1fd80c02.jpg,6,66.565946,-18.020466,6,66.565602,-18.019812,0.047953952,0.047953952,0.7355404,0.021245718,0.7252463,0.7828678,0.063877225
c0c77ed313024921ae360658bf47bf9c.jpg,9,51.613886,17.733664,9,51.593643,17.674859,4.64331,4.64331,0.70627934,0.00033056736,0.72713965,0.81991094,261.16632
c0d693614952436ea74d3c2b26e91f95.jpg,4,46.312042,4.961355,4,47.55493,3.407495,181.70657,60.95608,0.77923936,0.03918034,0.7890497,0.77067125,691.2292
c0dda294a8364d6d886087b852cef6c9.jpg,0,52.213974,31.486914,0,52.215032,31.517818,2.108774,0.21201731,0.8951786,0.003611505,0.8786663,0.9691001,4.0673923
c0fb71a5df894890bcc03052b6f3ec96.jpg,2,43.13162,-6.073977,4,45.053917,1.020083,605.26746,41.74093,0.67476064,0.003680706,0.68434286,0.7133513,697.6999
c1064cd9e3aa4000ae37156bf648e738.jpg,3,61.814422,24.460896,10,65.159919,16.557663,539.92194,1.5561953,0.74357295,0.0059429407,0.73488647,0.8033383,567.6281
c1290e401e984551a4bc064b0817a93f.jpg,9,53.363876,16.263603,9,53.297362,15.434612,55.543705,11.251458,0.6836785,0.024147153,0.70777786,0.7651988,830.3819
c16183b47e204476aa75430f950d4525.jpg,11,38.424483,42.126262,11,40.956067,40.032044,333.6685,0.38038895,0.6157161,0.027683616,0.58429754,0.74280846,3474.7556
c16dc873635742ec8540906652976958.jpg,4,48.616235,-1.364078,4,47.962593,0.291386,142.41765,142.41765,0.6836372,0.0027673244,0.67472154,0.7393496,1599.6515
c17be10f2cc2446186e48b8b8fedd771.jpg,1,53.254191,7.795426,1,53.192195,7.7251,8.33315,0.15221699,0.800965,0.033664286,0.7765426,0.8986544,8.33315
c193f5b488004bf894f1bffb516688f4.jpg,2,28.713276,-17.749737,5,56.269644,-3.318502,3269.4458,1679.5201,0.6595797,0.02124536,0.65922976,0.7408146,5002.98
c1b0b7b1e1cc427f9cfe8786fe8780cd.jpg,0,54.429813,25.985527,0,54.266668,26.305497,27.552414,4.529379,0.825554,0.07104063,0.80417436,0.9110725,27.552414
c1ce4e9a080d48ed8317b08151e5cf3b.jpg,3,67.326915,24.907221,3,67.336016,24.906071,1.0131857,0.1954225,0.93836474,0.0059995055,0.92864466,0.97907686,0.75553685
c1f84afa05d24d8e96f4d0bc2e4281a2.jpg,3,61.91961,28.575552,3,66.267209,23.710344,537.7522,24.3462,0.7407297,0.044124007,0.7085526,0.8952053,257.53763
c21de4cfc10248b1bc3f860dee8a8dbf.jpg,3,60.746034,26.129088,8,62.470561,6.190151,1067.0306,43.417065,0.68204564,0.008470774,0.6466176,0.84350336,1074.2123
c225e45622f24723bcee0c8f227a3c15.jpg,11,40.990886,39.798832,11,40.990047,39.802249,0.30158833,0.102656856,0.85496193,0.07910633,0.8388664,0.91934377,0.30158833
c23e6b05dc474cebb4b21294bf7d8bdb.jpg,4,43.758281,-1.394736,1,51.038639,10.443183,1201.192,1050.7053,0.66878676,0.030357242,0.643094,0.8566927,1438.1693
c24594ee96174debbd764bf65e02059d.jpg,8,58.330126,6.265267,8,58.345042,6.190459,4.6707773,0.62906903,0.806718,0.016399264,0.7731252,0.9651165,17.815994
c2645711c5804e7e8693125703eef092.jpg,7,44.219594,9.731962,4,43.172637,5.698183,344.51468,24.323065,0.6384204,0.0064129233,0.60348094,0.78715533,392.9084
c274370f183c4540aecdb6aa30bb3385.jpg,5,57.985951,-4.483702,5,57.996643,-4.448606,2.385839,2.385839,0.77121615,0.06751335,0.74712455,0.89785075,12.122401
c279b3619ce34b5b8c699e68d7c79ee6.jpg,9,50.120978,20.399961,1,47.988627,10.476559,760.3132,451.71082,0.7257422,0.00014525652,0.71649575,0.83946943,950.67706
c29b2ce01d484ffbb03ef1227ca6e42e.jpg,11,41.285975,33.78047,11,41.566274,33.782703,31.168427,31.168427,0.62011784,0.006983936,0.6231951,0.678102,2434.9106
c2a8eafce592417d9f2f598d1c266bb9.jpg,10,62.618604,15.658652,10,62.617578,15.661317,0.17773761,0.17773761,0.91428727,0.02122116,0.9001981,0.97184885,0.53537244
c2ada03e95e24889b2fe5e5ea9e0694c.jpg,6,64.607301,-14.40961,6,65.539738,-20.340426,296.5108,2.6920624,0.88021296,0.004039645,0.86744076,0.9595276,313.5192
c2c8cc65e88b424cbdc5c5267cb60cfc.jpg,9,54.769101,18.337994,9,54.233978,17.47706,81.4286,3.4105532,0.67250466,0.009011567,0.6539166,0.7468569,81.4286
c2d6d69addb74e698380d8852d800199.jpg,7,40.599087,16.174433,7,40.59346,16.157511,1.5597568,1.5597568,0.86820245,0.07273507,0.8445105,0.9629704,1.5597568
c2e2fb53eb2441858d6cdf18d8562bee.jpg,4,47.679242,2.739832,4,47.842127,2.686006,18.55351,15.71677,0.72866046,0.06310111,0.7540636,0.7426895,369.8318
c2ef1316d5c345d489b6751d5177ceb2.jpg,11,40.362512,29.047688,7,40.825782,9.322049,1662.8062,14.009441,0.75309366,0.022292495,0.7474222,0.8521056,1634.9695
c2fcc26361144948b6b1f06f96285a75.jpg,4,46.008803,6.001821,4,46.010833,5.951341,3.9050434,3.9050434,0.6713844,0.036366045,0.6764051,0.72489065,530.2865
c30a4950b3e54d22a323ff87874bb824.jpg,3,66.138562,28.489213,3,66.115534,28.441219,3.3498464,0.5634195,0.8303013,0.02337563,0.81246936,0.901629,3.3498464
c31d6f9393914f9288d5823382700f09.jpg,3,64.558399,25.681527,3,64.591353,25.668091,3.7200391,3.7200391,0.93418235,0.0030984282,0.9253303,0.96959054,3.7200391
c32e133c77a646648dd7ebf61d5b8fc5.jpg,7,39.08097,8.415868,7,39.090338,8.387709,2.6442318,2.477851,0.8785939,0.018997848,0.85483325,0.97363645,2.6442318
c365a47d03bc479fb514c08ee0ae6920.jpg,0,54.885285,26.889033,2,43.728035,-7.716684,2760.9421,868.6809,0.6466776,0.011412561,0.63869643,0.77964395,2759.7952
c37b5ea64af04b4ebd6838cce9d52c87.jpg,0,54.335391,28.57044,7,40.66102,8.32831,2135.6655,1420.9934,0.7231498,0.015247405,0.71501493,0.7556892,2135.6655
c38866c3e0104f9e98cee2cc139027b6.jpg,10,59.938709,13.55337,9,50.743407,21.304398,1132.1143,192.59851,0.51084864,0.00091159344,0.47384354,0.65886885,1132.1143
c3957269d1ec49ba8becd42904758250.jpg,5,55.791351,-3.292422,5,55.685427,-2.177211,70.79773,4.9174566,0.7583704,0.011932552,0.73544914,0.85005534,70.79773
c3b3f364a2594a02b99014745660189e.jpg,5,56.569212,-3.311706,5,57.327991,-3.698684,87.57516,7.656258,0.78150487,0.012840867,0.7774753,0.9137471,268.0758
c3f5065e1ece4416b0e6fbd5e7b052c0.jpg,9,52.44037,22.918828,9,52.513536,21.678572,84.390526,19.070024,0.79904366,0.024118423,0.7911558,0.8573159,19.070024
c4144c118e084bd9a14c5dd7e8589394.jpg,3,65.395837,27.157416,3,65.393088,27.180634,1.1175668,1.1175668,0.93556297,0.05128491,0.9288902,0.96225363,1.1175668
c43cb25ff0c242fa9b7a880a16a3f760.jpg,5,53.574519,-1.650933,8,61.202114,8.977163,1057.9269,35.809547,0.60427845,0.034442425,0.5856418,0.72740763,1775.6222
c43f516640dd4096ac547daa2fc48ef3.jpg,7,38.095805,13.19241,7,38.095673,13.193202,0.07084378,0.07084378,0.80616426,0.16074777,0.8358544,0.73440623,1457.6278
c480f7afd29a48598c9b4c4d18904bac.jpg,10,61.75767,16.866385,9,49.990135,19.213565,1316.4419,230.13896,0.68771684,0.003127277,0.67085934,0.81366694,1366.7155
c483ab8236984984b7ac60d5f9b86d3c.jpg,6,65.559466,-15.373686,6,65.568282,-15.35923,1.184548,1.184548,0.8263304,0.010904193,0.7984862,0.948978,194.68523
c4914ec607814d37973ebdc9e45bf96c.jpg,7,40.665576,17.485722,7,40.662733,17.496178,0.9368701,0.9368701,0.8322259,0.089016736,0.80616796,0.9364577,0.9368701
c4966afb7679489597a3b58a7ce5b6ce.jpg,2,39.564654,-3.684938,2,39.026099,-3.374009,65.59008,14.289349,0.86337966,0.036961913,0.8537183,0.9246511,68.61692
c4a298f7bb7649638c977cb121d2cc56.jpg,10,62.069346,15.837376,10,57.106503,18.320732,569.1664,0.03130365,0.6086564,0.00041007996,0.5679176,0.7783561,315.18277
c4a7878c1474484b880c22e3da54657d.jpg,5,51.942482,-5.096291,5,51.929847,-3.917791,80.8047,9.966233,0.78251886,0.022126615,0.7529648,0.91397893,280.49683
c4cb71fb92764073be2433274d6634bd.jpg,9,52.492906,23.117211,0,52.446246,24.283131,79.14659,33.56369,0.85431343,0.0847581,0.85878694,0.83641946,79.14659
c4d84d2520714c3fa5669617b24b0559.jpg,4,41.634377,9.231767,7,40.930937,9.36785,79.04123,1.9865028,0.81656057,0.0043962,0.795827,0.90967095,1.9865028
c4d985a9b35345e08bee4403b60692f4.jpg,5,51.331009,0.027118,2,28.77719,-17.909895,2918.4595,59.521484,0.65236354,0.018622935,0.68297935,0.60672075,1230.5491
c4d989f7f6c948ca9d782d43e60529a4.jpg,2,39.44487,-0.402713,2,38.935922,-3.386831,263.31592,5.5569096,0.7786794,0.0063079596,0.7674117,0.8971199,5.5569096
c4ead54185d14471bb5486850d9f50e8.jpg,10,56.809463,13.356455,10,56.808036,14.415889,64.489555,10.041863,0.7071997,0.016027153,0.69966984,0.7777363,112.6947
c5371eee8d4b4277b398bb9d3b1e448f.jpg,10,64.951986,17.755101,10,66.473153,20.319885,205.80551,19.325571,0.79981226,0.0013858676,0.7883331,0.87775743,208.22408
c5756a5a50b14357b28b0599bb276fc3.jpg,3,61.266256,24.087743,3,62.172736,29.957261,325.10242,23.06584,0.8301567,0.01863134,0.8064078,0.92515194,325.10242
c57c35d067f648789e6a6e375612db63.jpg,11,39.55974,44.064522,11,39.562467,44.063764,0.31011316,0.053936023,0.93288964,0.00015193224,0.9258406,0.9769977,0.053936023
c58dbd005d164fb5857a6e08dc7d4ef0.jpg,4,45.769138,5.911194,7,45.357325,7.931644,163.81685,22.049553,0.6175796,0.0060445666,0.6072774,0.69908416,626.60016
c5945afb8f214f55b39848350c77f58a.jpg,7,36.921314,14.439324,7,37.136291,14.659518,30.878708,0.9065248,0.73395616,0.0031802654,0.7469919,0.73395795,41.36294
c5d66a467f7b41e29670dc0cbada33b0.jpg,4,46.853475,4.639222,1,53.385422,9.417583,801.81067,253.27226,0.7192952,0.00705868,0.71676147,0.8199189,480.06305
c5d7c3b50db14f7db46759ad35c6400d.jpg,3,61.8653,27.776802,1,51.198221,10.530916,1579.2462,236.22588,0.66238266,0.03656465,0.6522704,0.7750782,1795.2114
c5d8f69d4c434a20a34355f0d7d2157d.jpg,6,65.300048,-15.286266,6,65.362214,-14.866272,20.681253,12.041265,0.9119408,0.0010302663,0.9010593,0.9632944,16.390114
c5f672da62a44c0d82399430d99da01e.jpg,1,52.967924,12.439271,10,64.248047,15.831514,1269.1405,292.68097,0.66084075,0.013153493,0.65742075,0.82072544,739.1918
c63f424278da40ceaa136f5991e24923.jpg,6,65.575295,-19.343319,6,65.576362,-19.344951,0.1403818,0.1403818,0.927159,0.026385248,0.9146663,0.9771298,0.1403818
c65415c2ea4a4b4d825a8a1832162bc9.jpg,9,53.681477,14.631165,9,53.797447,14.643786,12.92198,12.92198,0.7596788,0.070263505,0.73549426,0.8564168,12.92198
c6546f6b76a6425ca9b37ae5c0f6c603.jpg,7,41.754373,12.913302,10,60.0019,17.515881,2053.3667,672.28314,0.61107206,0.0040583014,0.5963986,0.7389679,1532.2578
c6666f8af6fc4494ac76a4f1151ba4c0.jpg,1,50.824073,11.423585,1,48.119155,12.329083,307.80118,24.037674,0.7091943,0.02625537,0.66314787,0.89338005,307.80118
c6765193c03b47caa7e9cdcd1fbbed79.jpg,0,55.61922,28.264955,0,55.607787,28.311598,3.1931589,1.3989081,0.87026584,0.03707075,0.86234653,0.9072031,25.519772
c679384554594fddaa0fb43f82a2aa6a.jpg,9,49.683824,18.974864,8,61.911094,7.043133,1545.1624,560.6124,0.6322722,0.019002736,0.64516205,0.6956188,1542.0568
c681e2b5ce46438ab03fa022d99d4842.jpg,4,47.936168,-3.478184,7,40.668206,16.703925,1790.5732,101.98177,0.67864764,0.021048665,0.6830013,0.7169469,779.0647
c6896bcf462f4e24a657fffe4458c4ff.jpg,4,43.31846,6.354939,10,55.561861,14.259054,1474.2405,1352.9922,0.57515764,0.011322737,0.55777436,0.67934686,2721.1992
c6a40eed2fd643248c321fd923694a6d.jpg,1,52.668866,14.44616,9,53.577163,19.022798,321.5893,6.65742,0.72466654,0.02440399,0.7108161,0.81196177,54.142887
c6bdf7b7903e40ccbcfcaaf1eef68ede.jpg,0,51.638658,29.095422,0,51.653464,29.114803,2.1210248,0.33385116,0.8665707,0.0004900098,0.8503041,0.9491302,8.73915
c6e9bcb94a1243e6884d1a193d18b0f7.jpg,9,51.284343,22.524664,9,51.383318,22.457828,11.944945,11.944945,0.66023064,0.015133202,0.6744052,0.72306633,473.79944
c6f1b725e00c42f9b1a79bf8b33b1015.jpg,10,57.552011,11.966775,9,51.460756,22.642346,964.2597,133.64778,0.6212306,0.014953852,0.6071739,0.76619494,910.44366
c703357b7964466ab7e6ac0c404656ad.jpg,8,62.543455,6.124644,8,62.539636,6.126605,0.43639484,0.43639484,0.7277869,0.0031619072,0.71745336,0.79318094,1750.5216
c731d8a2c1944e05b8243bae7590d3b7.jpg,2,41.94892,3.106373,2,41.947476,3.120049,1.1423633,0.049963012,0.75119287,0.052217603,0.7229184,0.86903596,29.096981
c73822d5c7c747cc906ba303188fbb82.jpg,3,66.690956,25.411277,3,64.842564,27.786258,232.32597,4.3517203,0.76105464,0.002551496,0.73441726,0.90861356,198.74776
c73d1489c45c45c3919b933b136f3370.jpg,9,50.370395,19.72776,9,52.513536,21.678572,273.9673,23.292768,0.6768888,0.008395791,0.6452569,0.8034167,273.9673
c73e87a9f6b3457b9d3c19e886bd9ea2.jpg,1,49.724888,8.030464,2,43.345176,-8.308373,1432.7019,280.0447,0.6538352,0.00732702,0.65477157,0.7762906,783.94696
c7588eea1d86408da77804be95032651.jpg,11,40.854263,38.866651,7,45.952691,9.041908,2459.7212,593.74805,0.656364,0.00050896406,0.6334343,0.8174374,2412.837
c780829d8d154297a0db5573f5dfdab5.jpg,6,65.047983,-22.761526,6,65.0365,-22.753404,1.3325057,0.32379383,0.8446141,0.062190294,0.8409915,0.8591044,1.3325057
c7a00cf6acf543b9b0949e89758efbc4.jpg,6,63.943358,-18.652809,6,63.979769,-18.779054,7.373285,0.31694052,0.80857503,0.009138286,0.7838318,0.9329264,7.6247115
c7bfe55de38a47f1b5094e8090a765d3.jpg,10,61.715459,15.701026,10,60.458932,14.736934,149.01913,0.70392865,0.71082026,0.013667583,0.69915545,0.79709435,107.934814
c7c0003f13ff44e689c57f3a314d6d11.jpg,1,51.5737,12.42988,9,54.412743,16.72552,426.83322,39.24576,0.71481264,0.041496515,0.71592724,0.7647257,196.4519
c7ddf4ae47be4a038f11aca2c55fa417.jpg,0,54.75235,25.93075,0,53.721031,32.014413,411.50052,2.0827935,0.7658496,0.027523518,0.7504956,0.9111175,30.391016
c7fb76e947a74568853153ffdc4f1034.jpg,6,65.028916,-14.264416,6,65.0262,-14.256776,0.4688733,0.4688733,0.88800716,0.04346651,0.87429416,0.9589798,14.450993
c804ae929c204fc68669136bf3af4e99.jpg,10,66.678486,19.831315,10,66.716755,19.83423,4.257256,0.6574634,0.9165215,0.032595158,0.8996823,0.9838784,4.257256
c83de7581f8649f7bce3a88030556740.jpg,7,45.861445,13.532614,10,59.830573,17.998021,1581.0924,325.3533,0.6805809,0.04828328,0.69253594,0.78396726,1350.7965
c884c1f15ec841a8bb4041d71de23c86.jpg,10,60.557113,16.034246,3,62.637052,22.430047,409.50546,305.3419,0.59350926,0.010778308,0.5768117,0.7607755,439.87912
c89675b3ee114f8e92e298de61e77f0d.jpg,1,47.836155,12.336856,9,53.41419,15.383925,656.28143,167.56369,0.7085707,0.005057633,0.69590545,0.7955143,763.6901
c8a0e1b38d4d4df5807bd7995091fa37.jpg,5,58.557815,-4.70673,5,58.555856,-4.705998,0.22193073,0.15117039,0.7625352,0.0043702126,0.76246595,0.7628122,0.22193073
c8b9bb093afb480e8ad7fcde2fb3d044.jpg,8,62.247509,11.760032,8,62.229945,11.777898,2.1611533,0.8520891,0.8444738,0.012561202,0.8247633,0.9233156,2.1611533
c8beb4643028447090006cfe8f8db2ef.jpg,2,28.049279,-14.345004,2,28.049872,-14.330039,1.4700582,0.9402129,0.73335195,0.018856764,0.71318924,0.8171694,360.53226
c8d64dd3be644a5f8da44aff52c2e12e.jpg,2,36.849494,-2.621772,2,36.859071,-2.635936,1.6499174,0.2900892,0.8510217,0.031903863,0.83088183,0.9398608,0.2900892
c907c80e603c49feaf4fa0f9ddcab2e9.jpg,1,52.21886,7.087109,8,62.854364,7.137688,1182.6195,633.2461,0.6411645,0.019331753,0.6370022,0.77278554,674.0512
c91dbc8fa2434037adb243b9477f4a77.jpg,9,54.209287,15.927798,4,47.326428,1.69145,1256.3507,720.2564,0.68295205,0.020507693,0.66439396,0.82530487,1466.1802
c92cbb469b7344369d7acda8fb9271ed.jpg,2,41.172185,0.928257,7,38.111306,14.97837,1248.6617,172.73933,0.75121224,0.10358071,0.7677504,0.76282644,2567.0784
c93472d8977c4bc5bd87b49732293c16.jpg,4,45.793745,3.300974,4,45.807773,3.319766,2.1343074,2.1343074,0.67806214,0.0033738613,0.69600004,0.6809654,390.89233
c93632b57ff14db5a64b2f959b10f8e2.jpg,1,49.400693,10.071153,1,49.562134,10.324151,25.618597,25.618597,0.7041984,0.007658124,0.7338664,0.71354353,420.7206
c937058a4e8c402fb0b4313cf15ec6f1.jpg,1,53.551028,10.468131,8,60.786139,5.988071,848.1503,530.325,0.60575676,0.021030307,0.5678842,0.7831295,1063.5626
c93f8a2b7a32462ea36b514fd2604a9f.jpg,10,64.425723,15.137022,1,49.005286,11.265709,1730.0911,1.2614057,0.64882827,0.010317445,0.663546,0.7097879,787.94385
c93fd583252a40028b87d403a5a8fb64.jpg,3,62.262973,24.653811,3,61.802653,24.444865,52.3321,5.3131785,0.8837385,0.0069052577,0.8629579,0.98123646,199.40181
c984731a42b142a1acc5a2fbfe0d6c3d.jpg,10,66.201122,19.953642,10,66.000502,19.792407,23.460615,2.4054296,0.8755419,0.0011181235,0.8586174,0.9444561,39.644394
c9974fdc2f5b4ee5bd7638128b6f9f32.jpg,5,58.495459,-6.234026,5,58.50259,-6.264269,1.9277707,0.4249541,0.8013284,0.007081926,0.7668453,0.93926114,1.9277707
c9dacc394a4b4e0bb094375abc4f2dc1.jpg,8,62.839373,7.233919,8,62.94322,7.20125,11.665318,5.160014,0.78353727,0.0026773214,0.7497884,0.9185327,11.665318
ca0a368b65194080bb8af327f9ff2a0a.jpg,10,57.077371,12.379498,2,41.755253,2.798435,1835.1648,986.65485,0.5768416,0.00597775,0.56702054,0.7464801,1872.1794
ca7997cad3dc444b857e530efb5965f4.jpg,9,52.903416,19.472434,9,52.205789,23.17661,262.13287,49.89244,0.6826496,0.024394155,0.69345653,0.74035686,496.05347
ca90044ef2464edbbbb06cacd0aaed75.jpg,5,50.181113,-5.59602,5,50.199016,-5.525764,5.383265,1.3222355,0.7410307,0.0147999525,0.7494861,0.7636186,3582.1921
ca92d015467046afaf7c03e006521d95.jpg,3,61.928424,29.823781,3,61.831539,29.732559,11.7862835,1.6204597,0.8858871,0.018219829,0.8644164,0.9717697,11.7862835
caa5f203cb764a5186e073251aa0c92b.jpg,9,53.261,19.447744,10,56.75834,14.918567,484.1722,309.1834,0.6981079,0.04555267,0.6951581,0.741711,2294.299
cabf3663ea674f8e82d7dabd89fc1ba1.jpg,2,39.701123,3.262162,4,43.546161,4.812498,446.52353,5.1126633,0.6604126,0.0007199645,0.6660656,0.72397816,940.4572
cacc2db4927a4a8bba8a9ad65484991b.jpg,11,41.111887,30.534268,11,41.093368,30.55773,2.8469293,2.8469293,0.67854905,0.05392897,0.68193626,0.8332187,2792.975
cb050e1343e1457bb9550160e9092023.jpg,8,70.163093,28.57018,8,70.163125,28.570106,0.0045231525,0.0045231525,0.9572059,0.032900214,0.9512999,0.9823754,0.08225545
cb605c1d13f944cc912621530ffdfe1d.jpg,3,62.256311,23.498542,3,61.959233,22.8661,46.620724,19.546633,0.8423212,0.014576018,0.83355826,0.8773729,46.620724
cb793a84341349829564b9856f835291.jpg,7,37.72838,14.056392,6,65.0365,-22.753404,3860.0583,995.5312,0.72081393,0.047727287,0.74208087,0.74249506,2535.9956
cbad05dfb9b74b168e8753fe561eb86d.jpg,8,67.321139,14.622719,8,66.755091,15.834581,82.004585,0.17450716,0.71842873,0.0035446882,0.6803328,0.8733127,4.3920574
cbcaa6ca914a44028aadf065888ad0a2.jpg,0,55.228763,29.98036,0,55.226249,29.985494,0.42912504,0.42912504,0.95907766,0.012755573,0.953926,0.98548603,1.3242807
cbcd5e7c55e9471d9ee768bec5b51ea9.jpg,0,53.4829,26.400855,0,52.223114,28.797792,213.34865,1.6075394,0.77768683,0.040879726,0.77395165,0.79262745,213.34865
cbf56fee8c8d42279f4e0772373b93df.jpg,10,57.537906,18.517124,10,57.500771,18.563602,4.9752545,3.1311367,0.6606794,0.0015259385,0.62555647,0.8554571,707.36957
cc01e860af94488fa8ee55ed03de734e.jpg,10,59.807539,17.982223,4,48.549198,-4.704527,1918.5746,93.59698,0.6506234,0.007143855,0.6292519,0.7517351,1663.6143
cc0292bd4ffc423bb38fa74b338780af.jpg,8,69.435636,19.254638,8,69.438057,19.246305,0.4223637,0.4223637,0.90657246,0.06437576,0.88938016,0.97534156,0.4223637
cc1797239d914e6692690fc7d407ff6d.jpg,0,52.306639,29.334034,0,52.270312,29.320298,4.146021,1.5979052,0.77971154,0.023526907,0.7636391,0.9149953,33.44562
cc4a13036047465da5749c6da4934e59.jpg,10,59.32518,15.793403,10,59.343457,15.833518,3.050579,3.050579,0.824028,0.06508577,0.7954695,0.93826187,3.050579
cc4a40188a1f4ce3bdddba97cab4c137.jpg,11,39.614541,30.850101,11,39.523902,31.133649,26.311255,22.96421,0.84926975,0.002562642,0.82943755,0.9285984,26.311255
cc4aaf907ea440fa9747e5c66f70517f.jpg,5,50.508381,-4.719895,5,50.500133,-4.719893,0.917137,0.917137,0.84432423,0.0059034824,0.8186131,0.9641863,2.0134945
cc5ba81578c74f6d81883334be939568.jpg,4,42.518416,9.397703,4,43.991427,7.546897,222.00981,2.9432473,0.77008414,0.016116977,0.7501523,0.84981143,222.00981
cc90d9b456f0499da0767c803723b86e.jpg,7,42.689154,12.347071,10,63.812072,17.140581,2368.7422,1722.2871,0.69960773,0.006452143,0.7143207,0.76831055,1963.8474
cc927ac023544af79f7a492fb1ecd45c.jpg,7,37.724971,14.043879,6,63.819151,-22.557148,3778.1345,0.8763657,0.68285435,0.0055933,0.6893618,0.74773014,357.05304
ccf236830b434612b08d6f24fc8b919d.jpg,10,63.464579,19.660201,10,66.672227,20.166162,357.4592,2.7288904,0.8881999,0.0016955733,0.87711227,0.9443351,332.99136
cd04716cb64e4116966c3bd62743ef70.jpg,10,67.945904,20.046309,10,68.122348,19.817573,21.804678,4.31148,0.7888372,0.030024767,0.7740791,0.84786963,21.804678
cd65644423234323bb048c9852f83b79.jpg,6,66.079514,-16.757216,6,66.070681,-19.290637,114.23836,3.6034293,0.86391735,0.0070191026,0.84409016,0.94322586,114.23836
cd7591c12072459491066072190b6203.jpg,10,65.713944,19.332117,10,65.74167,19.389552,4.049332,4.049332,0.862883,0.027742803,0.84763217,0.93630624,38.550217
cd800fd376724e9982f384a4e5e02d5d.jpg,6,65.631008,-23.291513,6,65.777903,-23.952217,34.358215,1.0979962,0.8186787,0.0008532405,0.78962046,0.9349114,34.358215
cd97cae59fcd47ab8e41fc0008d556a5.jpg,1,47.58059,11.381919,4,44.487337,4.674636,621.254,109.11002,0.6314624,0.016176939,0.62281084,0.7312672,1048.6353
cdb538201b954ffc90417213bab1c3a5.jpg,1,50.685391,11.480519,1,51.787159,13.665057,195.27962,4.5439544,0.7179252,0.005622983,0.72307605,0.82691276,76.14036
cdbf1ab0d66d46669127f083e1af2a58.jpg,3,67.553512,27.904687,3,67.536336,27.925598,2.1062868,0.18901642,0.83909637,0.03733498,0.8183403,0.9221205,2.1062868
cde6c97555744a6fba71bc0f1ae7c84d.jpg,1,52.460993,11.092875,5,55.59005,-3.608228,1018.9733,93.538216,0.7743476,0.021513999,0.7580937,0.8393631,1018.9733
ce3daa3d88504f98880aa9fb6592a341.jpg,5,56.671428,-3.405326,5,56.8077,-3.446426,15.358676,11.752203,0.7208059,0.0153977275,0.72971314,0.7759265,157.52722
ce526ae1f9694498b74677760fd87aac.jpg,4,48.36631,7.41699,4,42.639294,2.445722,745.0335,190.10265,0.6759163,0.00031399727,0.64028585,0.86828375,440.89127
ce64b8549cf74df28e6764169cbf9148.jpg,9,51.521863,23.076633,9,51.350279,22.732794,30.529993,15.962723,0.73141795,0.0030602217,0.7222635,0.86372566,277.24976
ce68f7e6f21647b392eeab74a5cec2b8.jpg,11,39.175755,27.85073,7,37.137432,14.312501,1204.0146,822.20184,0.6858069,0.030804813,0.64883053,0.84233826,1273.3809
ce7041b3282948e482f02130789f608f.jpg,9,53.307398,15.500943,9,53.230998,15.531438,8.733999,4.5467243,0.67616165,0.0027061105,0.66174626,0.8237535,473.19763
ce70bd6af09949c6bd1e0829130d4553.jpg,5,53.864739,-0.365382,5,53.864766,-0.36626,0.057649497,0.057649497,0.8337629,0.13371241,0.81035006,0.92741394,0.057649497
ce7b8cf6c58343b292db9d5baf5415cf.jpg,3,68.372554,27.412926,3,68.371108,27.415558,0.19362071,0.09002132,0.83995426,0.02825147,0.8142006,0.94296896,0.19362071
cee1daab84b44bb19fc6a6a3d356efdc.jpg,6,65.741336,-22.008326,6,65.738799,-22.016716,0.4759351,0.4759351,0.90752053,0.036489904,0.8998563,0.95942855,27.843805
cef4aaef02c94435bec5c8b7a329fc22.jpg,2,43.253107,-8.435583,7,43.198992,13.641246,1783.5165,25.004034,0.6209113,0.006869614,0.64159536,0.6150264,2317.9373
cf0271799a29476a832fdb66950a8f28.jpg,2,40.217411,-3.591323,7,45.04196,11.542332,1346.6226,541.9867,0.6769709,7.43866e-05,0.6648468,0.7614027,1346.5236
cf39b8ddc4614b599d31dae58b3a4eab.jpg,2,39.469883,3.144428,1,47.995991,12.007422,1184.0289,2.3181324,0.63720167,0.0030489564,0.6453723,0.69662863,1194.4987
cf3d481ab45143f0ac1e2d2da2b4d59f.jpg,5,58.497978,-4.484153,5,58.503863,-4.571898,5.139615,0.13187402,0.7698941,0.0022551417,0.7430669,0.9292022,17.926218
cf4274c4fb704cd7a57015d230520c8f.jpg,4,48.128611,-2.181528,4,48.128184,-2.178469,0.23194659,0.23194659,0.626054,0.023288488,0.64485717,0.6557548,829.45483
cf76a352cb2f4de0b7184da8c06133ee.jpg,9,54.147412,23.398492,9,49.388712,22.127969,536.294,19.356104,0.656078,0.004129648,0.63950694,0.8422939,497.6022
cf88cc90008141a28fdea5d0dad9244f.jpg,4,49.320661,1.411134,1,51.475156,12.10533,794.12476,23.940987,0.70093775,0.021316767,0.69331515,0.78341144,814.68677
cfa23435cc7b47eb930b41668736127c.jpg,9,53.177938,23.147298,11,41.144326,29.168462,1412.1476,620.1461,0.69478345,0.013045847,0.7154744,0.82085276,1518.6465
cfc2c672c99c45ee955b963d4e835b78.jpg,5,52.950925,-2.296401,5,55.841474,-3.156091,326.1903,64.67575,0.7980142,0.027819037,0.7746954,0.8974317,243.03114
cfe9b91aafae4b079839f7c64239003d.jpg,11,41.642205,26.7513,11,41.664153,26.614502,11.624645,11.624645,0.87645024,0.11835766,0.87660646,0.8758253,11.624645
d00bb0f9feaf49a8bea97057da601b0f.jpg,0,52.304732,30.914933,0,52.300298,30.924334,0.80727327,0.80727327,0.77501565,0.0029225945,0.7537906,0.8920012,47.885155
d00e57b5c3d44f3baf5d64d84aec55e9.jpg,9,54.50764,18.317357,1,52.00415,12.269366,488.97357,273.2362,0.67663026,0.016504109,0.65298605,0.77120686,488.97357
d037e264248b40c5bab80930cf27654d.jpg,7,45.733933,13.82301,4,47.189441,0.105315,1061.6791,548.98444,0.6773258,0.027687252,0.65734816,0.7935127,1297.118
d03bedec6fde467ab8be806751a16b4c.jpg,6,64.533274,-21.613773,6,64.532691,-21.609992,0.19205251,0.19205251,0.872326,0.015553117,0.8545065,0.94360423,0.19205251
d04ad6c5200c49f484086ca65055cfa8.jpg,8,68.402442,17.471848,8,68.317605,14.598216,118.20162,17.30461,0.8310635,0.0005399585,0.805035,0.9684908,47.29546
d0f34a91f51541fba71250320eae65cd.jpg,8,61.982009,12.979908,3,62.955271,28.575472,806.8109,3.1707103,0.7638268,0.0058642626,0.7523541,0.8389796,623.2896
d11e92233d7c4507b333099a17953787.jpg,11,37.787755,27.275905,11,38.13274,27.378646,39.40393,1.9015392,0.7923085,0.0091789365,0.77297264,0.8696519,39.40393
d17280b9dbaf4c329d629fe18a3f8662.jpg,2,39.317202,-0.407377,2,39.319087,-0.408522,0.23159288,0.23159288,0.8947728,0.008064926,0.87370676,0.9790369,0.23159288
d1cd6bd791284884be1d10cef7ba8eaa.jpg,9,49.867404,22.268105,9,53.476343,17.240533,530.0564,312.44116,0.7004526,0.02501148,0.71443695,0.74157035,529.4383
d265fbdd96324eedbbf6243039e74e11.jpg,4,44.629129,-1.157099,4,44.628297,-1.15735,0.094622575,0.094622575,0.9171345,0.19676387,0.90922034,0.94879115,0.094622575
d2aed15c1f244b20ac618d478eb499e9.jpg,8,62.08673,9.17387,10,64.095247,20.140189,594.39667,52.440193,0.63780415,0.02175206,0.60605717,0.76479197,594.39667
d2b514e63e494d468ef6f800d635976b.jpg,3,65.261506,27.538558,3,66.383732,25.871219,146.06194,4.185001,0.8771729,0.009929717,0.86001396,0.9580085,129.35674
d2d5d8bc8d9b4cd9a95955add9b7c599.jpg,7,45.986305,11.979803,7,46.016867,11.987493,3.4498627,3.4498627,0.7645342,0.06902403,0.742712,0.85182285,3.4498627
d2dd8120f30b4ac6a1cc6ab9ab09b610.jpg,7,46.72315,11.939884,1,53.173157,7.725568,777.68146,30.327291,0.59758234,0.015642166,0.5921081,0.78249025,1605.1315
d2e4bbc972504639bf429d2ba5ef75a9.jpg,11,39.709868,39.592382,11,39.713962,39.583409,0.89238566,0.89238566,0.84314036,0.048983335,0.8239237,0.93852746,33.07842
d2e51041280b41f8b2136db29f8f7612.jpg,3,63.201793,22.814086,3,63.198933,22.811163,0.3501578,0.3501578,0.95531267,0.14968258,0.94793046,0.9848416,0.3501578
d2ec969dadbf4c3b9a4380602a91e600.jpg,9,50.488328,19.321573,7,45.192107,10.968573,856.623,18.119158,0.6962178,0.0039529204,0.7071818,0.7949515,507.8066
d2f161f973ad429691f16ba61f476306.jpg,0,51.981033,23.929482,0,55.767992,27.963082,497.0422,23.720829,0.63610077,0.0032775402,0.6474527,0.808733,2562.2383
d35a5e602ef74a4da146d6ec01cae98c.jpg,6,66.075201,-19.195748,6,66.07504,-19.232384,1.6521567,1.6521567,0.88026774,0.0068582296,0.85882884,0.9660232,1.6521567
d35d570bf593493cae797d8a4aae0ca7.jpg,2,36.701668,-2.717626,2,36.72425,-2.880668,14.748639,6.373455,0.7863421,0.020017803,0.7581641,0.8990538,14.748639
d3a51a9ae259448fb1bb92037c94502c.jpg,9,51.831564,21.682899,9,51.749842,21.770093,10.8875885,10.8875885,0.80531114,0.0040331483,0.79654706,0.88677996,48.92873
d3ae424fe5404599ac6599f7703fefed.jpg,9,52.45754,16.61844,1,53.823182,9.601256,491.82596,174.71265,0.64748156,0.01326853,0.6536403,0.74731654,790.68207
d3fca40ca97847728eaf477811090fac.jpg,3,63.681273,26.024487,3,63.698793,25.909176,6.0077,6.0077,0.8893494,0.00776428,0.88395786,0.9353362,13.081738
d40a3cd5dfe5424b9ebd9050abed927d.jpg,6,65.405404,-20.633793,6,65.442743,-20.580636,4.8250995,3.271403,0.95090085,0.030102432,0.94464266,0.9759336,4.8250995
d43900ab7d40481097766994b383ba89.jpg,7,40.79306,16.150118,7,40.778038,16.183277,3.253297,1.5029055,0.8255495,0.034306526,0.8012168,0.9243071,24.811338
d457de03892e49998d69e0b728171f58.jpg,8,58.389774,6.046943,8,58.427187,6.014318,4.5736637,1.9704609,0.8254008,0.0024101138,0.7888159,0.97712463,5.3202014
d46f4099498546e6b5805cd68b909f79.jpg,6,64.183756,-15.81911,6,64.178474,-15.867354,2.4090793,0.19359201,0.88217646,0.07459092,0.8651636,0.9502276,2.4090793
d47c9c823cd34529b53bd60ced128745.jpg,2,42.790364,-8.1145,1,51.451203,7.824947,1537.6932,978.37573,0.6009666,0.018685699,0.58569646,0.7914721,1837.7574
d487bbff58b54002a92d26503e5afeb1.jpg,5,50.386639,-4.927622,5,50.381196,-4.934506,0.77752393,0.77752393,0.82855624,0.027466238,0.8198105,0.9050604,20.85702
d48c23d65d2e4e6194486d22612e58ca.jpg,3,68.097884,25.459827,3,68.097726,25.459562,0.020723993,0.020723993,0.9623857,0.0074627995,0.9540689,0.9956529,0.020723993
d49110ce40f5440fab36502fc09cdeff.jpg,7,42.280911,12.601198,1,52.479247,9.679701,1154.8881,685.2629,0.736747,0.02035731,0.71363866,0.8684056,1049.9827
d4fbddc3f3a54286a4b94ffd447e7ad5.jpg,4,47.829062,-4.206835,4,45.519761,2.603041,579.2727,37.792267,0.6950232,0.034623682,0.6917685,0.8352448,387.00558
d5024a253c0344359b198c83afde373b.jpg,0,55.782069,28.600845,0,55.774632,28.603931,0.8491775,0.03372547,0.85351837,0.0058799386,0.8225708,0.9773084,0.8491775
d52e6687aea24a6ea2a3b42dda80995d.jpg,1,52.649371,11.828318,1,53.100338,9.429948,168.58163,10.530147,0.7584294,0.033848763,0.735831,0.84882295,168.58163
d53e4f6b6df0468a967af8212cf74b53.jpg,2,39.736992,2.910084,2,39.673322,2.957416,8.155903,8.155903,0.8178066,0.03301543,0.79434764,0.9116423,8.155903
d5617f6a90a44fec8356d18aa6632f2e.jpg,11,39.950175,33.190235,0,53.441361,23.930519,1654.8352,30.669954,0.67767036,0.016405165,0.667048,0.73074424,509.42325
d56ea9f3c94444ea90e895d6f4704582.jpg,1,48.371318,10.274082,6,65.550515,-23.952548,2757.7517,1470.0844,0.6786673,0.019556344,0.6903336,0.8381704,2307.723
d57f78483d8e4b8dbb03e2abaa8a1acc.jpg,1,48.411993,13.316801,1,50.027031,10.5588,268.99176,28.943087,0.7105862,0.00037264824,0.7037758,0.7846147,759.3291
d59b93eadf3542eb9cd2e5a558af9aea.jpg,8,68.470405,15.178729,8,68.471011,15.180348,0.09436744,0.062165674,0.843222,0.016140163,0.81290174,0.96688616,0.062165674
d5b298b91ef94878b64f192be42c0c93.jpg,4,41.82091,9.403181,4,41.819108,9.402401,0.2105408,0.2105408,0.7242762,0.009846151,0.7028385,0.81105614,653.10016
d5e1ea51ffa54e24b691f361d5e23fc6.jpg,4,51.01515,2.463513,8,60.155797,5.434047,1033.1295,839.6797,0.75764316,0.033947527,0.70816463,0.9555571,1033.1295
d618fe649bb342dea23ac0529c53efd5.jpg,9,52.785263,14.495926,9,53.879826,14.621169,121.99377,0.5543161,0.6018566,0.0016616583,0.5708948,0.7257037,121.99377
d6381b42cc664583a5fe92be44feb14b.jpg,11,41.060967,42.845395,11,41.036756,42.860677,2.9815965,2.9815965,0.8080109,0.011171997,0.7887925,0.8972225,56.540344
d63c3e8128624178ba3c37ef655a11d9.jpg,7,37.366602,15.08118,7,37.518268,14.129578,85.68769,0.5676221,0.6270134,0.010824382,0.6382959,0.65037763,81.69642
d66a9867b4914bdc9a6f78fa1ace2fab.jpg,0,51.97453,23.946428,0,53.051938,25.544566,161.38748,11.763172,0.6732486,0.00304538,0.6480049,0.778608,164.99454
d66cae0cdfd44aae8683ad77ae793033.jpg,4,44.448475,-1.244972,5,54.335665,-6.636037,1165.7378,481.43518,0.67013556,0.012969375,0.66770184,0.83663464,774.4824
d685d2635b7a40f2b6b5e5db13c19568.jpg,3,66.468158,29.000913,3,66.994231,25.249841,174.81642,5.874762,0.8747946,0.0070689917,0.8533327,0.96337855,127.612976
d69e583e26fa465b94fc7c799d5a537f.jpg,3,67.579998,24.492555,3,65.75071,29.193629,290.11108,19.498978,0.83796716,0.00180614,0.8298918,0.94278824,123.46419
d6c0e40b2a8644efbf5da0ab0d888b7e.jpg,7,39.220807,9.187497,7,39.22141,9.188401,0.102762766,0.102762766,0.8917571,0.033667147,0.8851247,0.9182864,0.102762766
d6c754020ea147ab9d475485bbf13407.jpg,1,51.870433,13.08876,1,52.050287,14.254184,82.31904,4.9535227,0.6776412,0.010398805,0.65038335,0.81246233,58.45963
d6d9aa8e85614d21b117cd23668aefae.jpg,3,60.469394,25.179612,3,64.078468,28.702842,440.60587,4.668888,0.7608668,0.021749556,0.73646146,0.91891754,225.59729
d6f3ec535e344e20be2cec7eac2465d9.jpg,2,29.104045,-13.469375,2,29.123607,-13.467053,2.1868632,0.42494142,0.81213176,0.019566774,0.81974715,0.7816701,2.1868632
d6f9596d72824c699e730eab578f31cc.jpg,2,43.64486,-7.603017,2,43.63631,-7.601866,0.955219,0.21750635,0.77157867,0.011893392,0.74646306,0.8855878,1.2695395
d6ff0ef8f1a049a5a4b91f8891765a3e.jpg,2,43.08801,-9.219305,8,69.219644,18.090956,3298.992,1191.8799,0.5764527,0.010050833,0.58630925,0.6210655,1517.3711
d7073a2504be4655a897f29c3168eeb4.jpg,3,66.661498,25.438167,3,64.887844,27.630516,221.1073,3.1986263,0.8345567,0.004244089,0.8095976,0.9522279,57.531296
d7087192c0bf43b3bb77f142e5281a35.jpg,4,41.59227,9.326815,11,36.135199,33.193346,2145.723,0.27954525,0.7768897,0.043306053,0.7527381,0.8734958,2145.723
d72c8599b1854c2da7a4f924b2b7f752.jpg,10,56.096253,15.850349,1,52.650957,10.888984,499.777,115.40922,0.6640921,0.0015053153,0.6565061,0.802775,572.18744
d7579180096d47dba2894ca0042c697d.jpg,9,50.291373,22.248856,9,50.567062,21.676632,50.819977,15.967134,0.71853524,0.0020841956,0.6856476,0.89629364,115.33711
d763d96e10384cbf95c81b639764bac1.jpg,4,48.610277,-4.533113,4,48.613797,-4.542128,0.7697049,0.7697049,0.862084,0.053069174,0.85673213,0.8834913,0.7697049
d7bd0734008d42958454e80b4c3d39da.jpg,11,39.677753,44.055049,11,39.562467,44.063764,12.840951,8.454793,0.7503526,0.00026112795,0.71985626,0.90297675,17.132055
d7e85ed9f6754abfab36844ac3014088.jpg,2,39.371854,3.147691,2,39.37136,3.147322,0.06343065,0.06343065,0.87586695,0.034144282,0.86638284,0.93782276,6.777929
d8113286669346ef8016b26f6cf095bf.jpg,0,51.711651,30.351019,0,51.712439,30.349922,0.11571542,0.11571542,0.8952354,0.027637541,0.8868764,0.9286714,0.11571542
d86038d206fe4e7baef8198ba32e6623.jpg,5,50.283408,-4.983344,5,50.279947,-4.991215,0.6788929,0.51906174,0.8197577,0.01645428,0.80560464,0.87935597,2.696694
d87b693a9c59493bade17473d93b2a1c.jpg,1,53.746572,9.296206,1,52.577898,8.613526,137.68846,14.32836,0.76746553,0.0015477538,0.7544751,0.8340257,149.89342
d897fd1f91454061ab6836ae44ee5c64.jpg,9,49.979629,22.021666,9,49.97559,22.024228,0.48504603,0.48504603,0.8131075,0.056286335,0.81169736,0.83753264,222.377
d8a4e4bac9264be786e47cdb5ddf51b0.jpg,1,47.838156,12.335204,10,62.22591,17.138163,1627.7697,878.4305,0.6413143,0.0035591125,0.6265123,0.7756886,2168.5925
d8e61c7669864f389e7c0657a33abf1a.jpg,3,62.928149,23.037427,3,62.929162,23.038082,0.11741625,0.11741625,0.9371321,0.012618542,0.92543143,0.9839345,0.11741625
d8f42205c90346c39fbc01e099de6446.jpg,2,40.824865,-4.65736,9,51.248668,18.540473,2118.906,298.0255,0.658975,0.005687058,0.6605201,0.72052115,1450.7998
d91407e392be421ababfcfcb3c95af40.jpg,9,53.091977,14.944766,7,40.997164,9.222957,1411.9037,132.4347,0.61859244,0.0049185157,0.60735273,0.7125114,1056.5604
d949ff19616b4b5da0e0798841345465.jpg,1,50.367544,8.865467,7,45.356371,10.750228,574.6326,456.16238,0.6929852,0.0039248466,0.67109466,0.8289163,869.65875
d96066ccdab94cffb263a6fb5662f450.jpg,4,45.037651,-0.739115,7,44.747533,8.529666,730.452,5.6893888,0.6870664,0.00076919794,0.6790906,0.7252453,697.3617
d96be400177943f0befae1023bd082c6.jpg,7,38.133823,12.734652,7,38.151481,12.737976,1.9848843,1.9848843,0.6827985,0.045761824,0.7033044,0.62475806,3648.58
d975665caced44948b080ab62b57f57b.jpg,0,52.239405,27.511104,0,52.704815,27.450029,51.916378,0.83675706,0.8239939,0.0068799257,0.8065798,0.94593275,19.301476
d98d2373563a4597b07d865b8cef208b.jpg,11,40.620326,39.250049,7,42.451735,14.217065,2085.9001,34.639553,0.59848344,0.0026128888,0.60143054,0.7097369,564.8963
d990a7f05eb0433483cfa93e428e01f1.jpg,10,64.409291,15.626103,10,64.400648,15.64695,1.3879827,1.0935432,0.8559485,0.030797005,0.8362164,0.9348767,1.3879827
d9d7d77029804eeb91caae32ffe6bf05.jpg,1,53.549096,7.920105,1,52.505012,7.081913,128.91925,67.80827,0.64505374,0.0035321116,0.64792496,0.7645103,605.6222
d9e554220cef4d4fa79a33cff2bbc3a1.jpg,0,51.697883,30.346838,0,51.702531,30.34821,0.52541256,0.24713056,0.9139698,0.028759956,0.91097474,0.9383557,1.2162135
d9f429c9662b458ba5994675ef310159.jpg,8,70.976558,25.793858,8,70.9886,25.750461,2.0653033,0.4382074,0.9234583,0.019081473,0.90828866,0.9841367,2.0653033
da605cf0ebc5431baf6fb23930d7bc62.jpg,9,51.459902,14.943839,3,61.728771,29.699428,1448.9436,159.34709,0.7084615,0.01856774,0.6699348,0.86256826,1448.9436
daa34985728c4afa8b1d15dc1c5742f6.jpg,5,50.121122,-5.440189,5,50.227643,-5.078651,28.340805,0.21200009,0.7787492,0.0075654984,0.74409723,0.92195535,48.212147
daa9ee16549a45bb8c30feba46080dc4.jpg,10,66.592453,19.212588,10,65.641953,19.68753,107.8312,2.9815872,0.80891263,0.0034567118,0.78969693,0.92145455,2.9815872
dac315e5720f453b95065c60bb87f369.jpg,10,57.475968,18.623502,10,57.590938,18.362006,20.175879,4.519057,0.846277,0.019050598,0.833738,0.89643276,20.175879
dad44bce4f414940bbc85ff6348c0339.jpg,2,43.746086,-7.720213,9,52.410689,21.622174,2362.1125,1472.8804,0.6591829,0.024590015,0.6572585,0.78744584,2243.3286
dadb9ba799bc4f188ce63919707caa93.jpg,0,55.20902,30.147288,0,55.210578,30.143778,0.28214243,0.28214243,0.8029186,0.07468164,0.8331839,0.7038146,1844.3821
dae04dc70c844523aa241312417d2a76.jpg,0,55.115881,30.517368,0,55.166443,30.321166,13.678351,6.9155064,0.7313534,0.009354353,0.6988097,0.8771249,161.19838
daed0bbfe9af4a4c96868447e1fa82a4.jpg,0,53.530242,30.234568,0,53.649936,30.045455,18.246357,1.9219972,0.8476522,0.0024123192,0.8299265,0.918555,18.246357
daf61373ac8943fbbbfaa389a4e4bd34.jpg,1,50.173689,6.629151,7,44.741579,10.914752,684.30914,292.39792,0.6473143,0.0012031198,0.62678015,0.76582295,1067.2601
db05b2c24f8f4ce79940acfe802487b1.jpg,9,51.123472,23.344456,9,51.137637,23.395299,3.8817544,2.1231225,0.7194803,0.000359416,0.71620506,0.8083698,72.29358
db1b281972dc48be92e75c210f4fe377.jpg,1,49.146364,8.841426,4,47.525253,3.570431,429.17584,58.702133,0.6905568,0.0022249818,0.6611531,0.8158908,438.46005
db2d19c61e0e4ecba628fea3ce91b540.jpg,10,58.319156,12.790328,10,57.295633,15.923763,217.70773,16.811722,0.8250286,0.017305434,0.8112402,0.9043995,741.20764
db310de6adeb4f4b8b296b0243c38f02.jpg,8,58.822524,6.023049,1,51.224737,11.970631,925.13837,27.097559,0.72187495,0.01391542,0.73186123,0.726588,579.53143
db326f49b1df49a5bcca6ee2659e9549.jpg,1,50.619016,12.641705,1,50.406239,10.725955,137.50897,1.6486872,0.7031846,0.015591085,0.6854167,0.80977845,323.71368
db3c0df57e0d4ed4b3e2be472c6baaf2.jpg,6,65.249567,-14.361441,6,65.249274,-14.359948,0.07676203,0.07676203,0.95982504,0.027002037,0.95265734,0.9884956,0.07676203
db6b1e5aa8f24c13852cc8a1d1932bae.jpg,10,61.991905,14.578735,10,61.813616,14.676518,20.475542,20.475542,0.8647715,0.009389818,0.8462579,0.94060737,39.97992
db6d3a54857d4b94be08a229ce894239.jpg,6,63.887815,-16.624699,6,63.93396,-16.447924,10.052474,1.4883488,0.7512567,0.0055301785,0.72137195,0.88706326,15.375806
dc169df7b0804c33b25763ab3959f128.jpg,10,58.679544,15.315409,9,51.216971,18.478096,853.7838,234.9556,0.7620106,0.014606237,0.7491605,0.8935873,662.87427
dc417e308ee048b9a50460ce3d96f560.jpg,9,54.493944,18.334285,9,54.493315,18.335167,0.090201795,0.090201795,0.8396448,0.13884616,0.8226239,0.90772843,0.090201795
dc5bb19a64a74b5aba257d5f4926b4f4.jpg,11,39.549945,43.933988,11,39.551326,43.926909,0.62606615,0.62606615,0.9218265,0.084560394,0.90818894,0.9763766,0.62606615
dc75a8ffe783470a82c58c24455dd9c1.jpg,5,50.510019,-4.696977,5,50.502509,-4.693525,0.87002677,0.87002677,0.83535695,0.00043416023,0.80370295,0.9757526,0.9637555
dc8b4db7ada6417ca5177ae666cd3698.jpg,0,53.706774,31.742789,7,37.43956,14.959847,2219.1548,875.17474,0.8012276,0.019411743,0.79761565,0.83101064,2254.4702
dcaa07669cfb4801a8040498e0e4d820.jpg,1,53.30387,12.56104,1,50.898315,12.496634,267.52203,30.66994,0.78578424,0.006770253,0.7633244,0.89917946,165.7294
dcad58841c9e4d16a52f76f56cdc08c7.jpg,6,65.427686,-14.613669,6,65.337445,-15.042888,22.26975,1.4595274,0.9165075,0.0095463395,0.90350616,0.96851265,22.26975
dcb1538711e04e5188a07b851a8e1b75.jpg,9,52.963439,18.912273,1,48.234588,10.10181,813.34717,356.6023,0.6509644,0.014683723,0.6499817,0.7289006,1715.714
dcbedf545b754292992b28e9a0572f4f.jpg,11,36.167091,36.131945,11,36.171288,36.126764,0.6588547,0.3700699,0.8817437,0.023586154,0.8672868,0.95566875,0.3700699
dcd03c0df7c541e7a071793d0f160ec9.jpg,4,48.7689,2.862954,4,47.921112,4.772134,169.68419,14.729454,0.70137024,0.010123849,0.7047688,0.7411652,167.13524
dcdf46e17b3e4a48a960e3763f212a8e.jpg,7,43.910386,7.764451,1,52.322202,14.20353,1049.4298,436.41544,0.71358633,0.015895963,0.7375278,0.753325,981.09875
dce413dfa19646f6accb507d93b1f22e.jpg,5,56.501132,-6.960155,5,56.50321,-6.957209,0.2933881,0.2933881,0.9268725,0.13462186,0.91426057,0.9773201,0.2933881
dd3d527bf97b4e97ba0007aa98f1f8a7.jpg,7,40.99501,9.220094,7,40.941926,9.04993,15.458319,0.33926418,0.7951518,0.022061944,0.79892063,0.79567677,659.04
dd6d49e4f25c412b9d492cb9dc77a08b.jpg,5,55.415787,-1.869922,5,55.685427,-2.177211,35.672825,19.19792,0.74807596,0.026371539,0.705017,0.9203118,35.672825
dd7a6ed0221e4ddbacb3c559be95a5a5.jpg,0,55.197378,30.364605,0,54.659489,30.436626,59.987354,4.26419,0.8837108,0.031458914,0.86112857,0.9740397,59.987354
dd9f900d99954ea1836400e0ea53bdd8.jpg,8,63.023488,8.596998,8,63.094208,9.28287,35.437363,35.437363,0.6925219,0.023867369,0.7118603,0.7483041,2351.5662
ddc2e5c843794115bed98b69b3942403.jpg,0,52.749695,30.771588,0,52.330604,30.850796,46.907722,2.070284,0.8097858,0.003829658,0.7830923,0.930776,117.493774
ddca58db4fac437eb3cdfe759d4cca8c.jpg,5,50.372257,-4.444762,5,50.374954,-4.44263,0.33585173,0.33585173,0.8037814,0.115790606,0.79361975,0.84442776,0.33585173
ddd1aa3f222e42d7923580e79f1bca6b.jpg,6,64.968644,-13.856102,6,64.968431,-13.855779,0.028140789,0.028140789,0.9619859,0.17369467,0.95341575,0.99626625,0.028140789
dde14dc6a0a144738a6ff9a8cd20646a.jpg,9,51.589535,18.659561,11,39.084139,35.858293,1924.7338,1258.0607,0.7400372,0.006016016,0.70288396,0.88865024,1924.7338
ded62de2d77f4e519bf8921daa3bb00b.jpg,3,66.895846,28.770135,3,66.896565,28.772585,0.13348985,0.13348985,0.8693516,0.014311016,0.857754,0.9200494,7.226725
def7248f4b584f39abe8ce74ae903cd1.jpg,5,58.540955,-4.78118,5,58.522621,-4.797917,2.2583094,0.7007795,0.82760066,0.016897917,0.7995436,0.94984615,38.351887
df45cad434d64f4ab9bc8d971b072762.jpg,6,63.553166,-18.446691,6,63.547345,-18.450195,0.6701283,0.2678703,0.9478572,0.0025265813,0.93689156,0.9917196,0.6701283
df69458f0fc247c2b856e9e512d97b09.jpg,1,53.307476,12.35975,1,53.115205,12.088526,27.98724,14.695157,0.8020918,0.024690688,0.7841663,0.88844335,67.34071
df73a69d271b4024ae0877c32269554c.jpg,1,53.426505,13.818748,1,51.622136,14.08093,201.4191,29.24711,0.73664445,0.017727673,0.7274287,0.8051035,171.80911
dfc4fd9e5a344e1c8561b499225b877e.jpg,3,68.826955,26.675306,3,68.796682,26.574339,5.272304,5.272304,0.87691224,0.0017395616,0.8525676,0.9742907,5.272304
dfe0f169ae994eef840d9526d9e7df81.jpg,5,52.01146,-4.880304,5,52.407796,-3.614718,96.84074,12.468545,0.79288757,0.034027398,0.77374595,0.9147719,100.62869
dff805c4c2624e44aaa2f115eb142e48.jpg,1,51.28129,7.716669,7,43.973012,10.525031,839.2869,103.74804,0.64902824,0.0062334538,0.6604556,0.63891786,881.8513
e01be665c8fa4523973dadb76742181e.jpg,3,60.239856,24.046441,3,61.137429,28.087668,241.51727,7.71043,0.70290744,0.0066429973,0.66523904,0.8816023,273.12015
e0432326af3448fb8a24e40e1251b25c.jpg,1,53.091262,11.291951,1,51.671062,9.443881,201.66054,3.5711405,0.7358454,0.02765733,0.71384895,0.8478021,204.72357
e05c79a3a5014d4c86a27c538e3ae8d3.jpg,0,52.23129,29.306069,0,52.216834,29.300354,1.6539011,1.6539011,0.6611608,0.03802091,0.66299796,0.6612085,74.68272
e0b5cb0b545b4eaf86fb642b52bd2ac1.jpg,2,43.651568,-7.600131,2,43.646794,-7.602612,0.5671366,0.3999443,0.7435984,0.0049497485,0.7184088,0.85663795,1.7023487
e0bc1db834c447829599723da04dbd9d.jpg,2,41.929049,2.729045,4,47.97629,0.830089,688.7666,10.0588455,0.62347233,0.0051834583,0.632598,0.7235862,877.3638
e0d23a2a355a4179a35b5823a79dd07e.jpg,7,40.895419,9.07123,7,40.706562,8.798517,31.11158,0.2685099,0.6848124,0.009785354,0.6540752,0.89019716,25.926619
e0fdb8dc50d7405989478ff5e6dc16c2.jpg,6,63.547965,-20.086815,6,63.550959,-20.076156,0.6241354,0.6241354,0.87761533,0.025915205,0.8572953,0.9588953,0.6241354
e101b6acda894b26a74a9cf61384f579.jpg,8,69.696694,18.974472,8,63.607928,8.919792,806.9255,1.1369241,0.71364695,0.008809984,0.693984,0.7952359,808.2443
e106289e2f774d7987a217704271aa78.jpg,4,49.088934,5.178046,11,38.190828,34.047163,2598.041,936.46533,0.74228555,0.030875862,0.73374355,0.8445406,2686.7153
e1063277646f4f99b1f88a710442020f.jpg,6,65.747192,-17.131555,6,66.104728,-17.270412,40.25203,11.406342,0.7526993,0.0049841404,0.7135896,0.9421363,35.0676
e1194bcbdea749e4979eaf451b811c69.jpg,6,65.275728,-14.444835,6,65.320718,-14.474249,5.1860228,0.62394434,0.8380188,0.005884528,0.8191234,0.9237915,7.9886537
e128093b74e3458f87193df182897ef4.jpg,4,43.985798,5.928253,4,43.936445,5.913326,5.616359,4.965017,0.8227206,0.041425288,0.8119557,0.8657802,5.616359
e13ec51da47e415a8ed485a354876af3.jpg,11,40.147015,25.932565,11,40.148921,25.929809,0.3158949,0.3158949,0.79562736,0.043130517,0.79884034,0.83103687,1011.3506
e140fde5b846471d8d8ed542d13ddace.jpg,3,65.004635,28.822809,10,63.528253,14.736579,698.0032,0.82746774,0.7745883,0.019015312,0.7722216,0.8877238,286.6869
e17aaad0d1bb41259ee8d0d6ddacec5b.jpg,3,64.324033,28.137822,3,66.599493,25.964024,272.1668,7.4263053,0.822082,0.013889968,0.8118787,0.9229573,137.66687
e19d082a1270488f874cc654dac03afd.jpg,2,37.467041,-1.961532,7,40.580063,8.242867,946.31464,84.07988,0.7412558,0.0042228103,0.72856706,0.8376877,946.98175
e19e51270d964951960a753582d32db7.jpg,0,53.815977,30.772536,0,53.813011,30.797391,1.6647209,1.6647209,0.8586285,0.025327623,0.83848244,0.9592889,48.43261
e1a7a13f8d5a46c8bbed6864cd3cffc3.jpg,7,40.841882,9.649482,7,37.257817,14.917591,604.5838,0.23529233,0.7029783,0.032773793,0.7095737,0.7806546,566.7733
e1a874c119b245299e20ad88e879280b.jpg,2,39.822238,2.81467,2,38.757073,0.104518,261.56897,249.26704,0.64321667,0.009021342,0.65516126,0.7078862,418.45407
e1ee8e1d2cde43f3b8e99b9fb0e84856.jpg,1,52.224396,12.591949,4,44.639717,1.538495,1170.6884,304.9745,0.6197703,0.023917675,0.61551255,0.6924791,781.32764
e1f239ec16224f43871bf7b485507b69.jpg,8,67.653363,12.596821,8,70.083242,22.008806,463.2831,0.11068046,0.7430687,0.032248616,0.72522855,0.81442934,463.2831
e1f4120116004020acb85e4b4ce3318f.jpg,7,45.83152,12.600464,7,45.797534,13.049166,34.979595,11.6712,0.75208664,0.042780638,0.7655934,0.78611875,67.47382
e20b163804c244ba919755dd0248f4cf.jpg,6,63.424991,-18.768358,6,63.435155,-18.770042,1.133286,0.090477794,0.8352118,0.00171417,0.8081957,0.94327617,1.133286
e2219dc2157545a3bf4e47f186c6fdbe.jpg,6,64.67435,-21.665322,6,64.6716,-21.625595,1.914295,1.914295,0.8635722,0.007605016,0.8632473,0.8648716,1.914295
e26aaae54da0488b89d3e32a433a0218.jpg,11,41.520366,31.922006,11,40.989824,31.202115,84.27122,10.502456,0.71121675,0.009452105,0.7285054,0.8159218,2137.8997
e294fb25c1484068b30e7063cc61a3a5.jpg,7,39.605324,16.67456,2,39.741528,-2.42178,1631.3539,297.60315,0.73249257,0.01739502,0.7490642,0.7499814,1179.1854
e2ce9771a8884626bf764174c4765bba.jpg,11,38.927739,30.884634,11,38.455411,30.263784,75.244965,9.908871,0.8021644,0.0030087829,0.7857764,0.9151869,131.59244
e2d02e6aadc14a108cceb01f168cf897.jpg,1,49.916708,9.346977,1,49.702115,8.963045,36.446976,16.07226,0.6692473,0.03355843,0.6623347,0.7699021,1501.9132
e2e9eeb0a5944736ae614067782d0900.jpg,8,65.035963,13.276254,8,61.929216,11.766155,353.47037,1.3625811,0.7884866,0.0043296814,0.75330913,0.9362673,160.8139
e2fb693e68de4ecaa25b5fb07e9fcb3f.jpg,8,61.782536,6.205788,8,61.7496,6.361047,8.9506855,0.008344063,0.7949186,0.0058805346,0.75716007,0.9701888,8.04095
e2ffa87f35024ffe8c40d3ece6ddf813.jpg,6,63.476729,-18.563733,6,63.44198,-18.750103,10.033721,0.28693032,0.9349702,0.0037412643,0.92832977,0.9737123,2.761661
e30bc573eae64321ae13e8f193f134ac.jpg,9,51.15941,17.05631,1,53.014535,11.179931,451.20648,282.04062,0.6527534,0.0051116347,0.65009844,0.75100267,1139.1729
e320bbf8a375421c832ccc5323608072.jpg,6,65.749459,-23.843698,6,65.73374,-23.785132,3.1958985,0.07012361,0.8806123,0.036004186,0.86048853,0.96193457,1.5359037
e325c0fbbe6448449d31e8fbdf6f6f4a.jpg,11,39.281801,29.963307,11,39.287131,29.972519,0.9898774,0.9898774,0.7603851,0.042072594,0.756258,0.78726524,2796.5686
e3645317ee4c40238a4b9612c724c164.jpg,6,64.498258,-14.476584,6,64.499487,-14.478084,0.15437669,0.15437669,0.91250545,0.013111055,0.8981874,0.9697777,0.15437669
e39062e6555345ba8bd2c517126fe251.jpg,4,43.682663,5.095597,2,39.37136,3.147322,506.04492,28.905613,0.6939824,0.008383691,0.6827039,0.7986023,472.19925
e3c32bf041be4dff8a022b390be68ea5.jpg,0,53.119865,30.489643,0,53.181685,30.451467,7.3303404,3.3278558,0.8726259,0.0038372278,0.84829617,0.9699445,7.3303404
e3c89cf1d91d4396977bf51ec7908626.jpg,2,36.761358,-4.061577,2,42.668631,-5.598399,669.8483,4.3913765,0.6922839,0.010424912,0.69675386,0.7575376,19.661573
e3c95814577c46b88ce9ab9f4703a026.jpg,5,58.539272,-4.782386,5,58.50786,-4.810098,3.8456264,0.89961255,0.8229897,0.033251226,0.797813,0.94816685,38.2178
e3d64e8c0de84f5598d3fecf5a592b47.jpg,5,52.63924,-3.717811,5,52.380967,-0.046549,250.08171,18.76224,0.6942138,0.002226591,0.7123215,0.7779143,1443.6987
e443dca363254205bc249816c9df6b34.jpg,2,37.876593,-6.567868,2,38.094182,-0.712794,513.62555,64.01126,0.71183646,0.0050723553,0.73524064,0.7486597,607.7854
e44b133e006f4e78875ad5f242d7bc38.jpg,11,38.45382,42.395646,11,38.443244,42.320859,6.6180973,4.730024,0.7743762,0.0013991594,0.7609669,0.8718977,36.330242
e47b3dac165f4ee2b209bd8c91627884.jpg,7,41.324397,15.398246,11,37.506547,37.00308,1898.528,896.32874,0.7173067,0.0016229153,0.696565,0.8301221,1585.6361
e4bd18e2368447ce8c90b382165a3619.jpg,10,56.936349,13.06866,2,41.719467,-2.840767,2036.5809,98.036476,0.7019183,0.0727334,0.68444526,0.802196,2023.336
e4fa0d4f05a4482c8433dcadc7302eda.jpg,6,63.814322,-20.113456,6,63.440931,-18.758089,78.77327,13.507776,0.8144277,0.011385024,0.7967167,0.88527143,78.77327
e533c1825f7d44be99bdfbfded44ea5c.jpg,4,50.152868,2.486335,4,47.548604,-2.07733,441.8493,17.857214,0.7183961,0.030864775,0.71100724,0.7479515,441.8493
e5564907a969409f8c45b6c2b6356224.jpg,2,40.768182,0.555726,2,40.765362,0.561859,0.6042323,0.6042323,0.8413309,0.1292826,0.83843243,0.8529247,0.6042323
e583e278eb964ff7abd63968f412fdbd.jpg,5,53.761475,-0.526509,5,54.551251,-3.211184,195.60912,8.26698,0.70461833,0.0005861521,0.7052327,0.7887703,466.4844
e5998b4ffadb4191b67638472ffd5236.jpg,10,67.041202,19.79593,10,67.227809,19.244056,31.608788,0.24589801,0.90862507,0.006210506,0.8975115,0.9641062,39.753708
e59be0e0e3d24a2ca8a176a45a20ac68.jpg,5,56.239355,-5.02462,5,50.321913,-4.829861,658.1171,48.535435,0.74237,0.005082011,0.70104444,0.90767217,658.1171
e59cb70963c04a1c988204248ba50a88.jpg,3,61.468915,25.147718,8,59.022242,9.719295,891.3413,439.89774,0.6103995,0.02661866,0.57660985,0.74555814,891.3413
e5b86f1b2a774c85a7539ced3f6a8a1b.jpg,11,41.072815,32.549707,1,51.139887,14.269294,1791.3022,1656.9021,0.7201201,0.06037432,0.68988466,0.8410616,1791.3022
e5f23f3ef9e14f1e8555e99dd9fe86de.jpg,1,51.279546,11.688601,8,59.664269,10.872223,933.74005,308.27603,0.5795276,0.0013203025,0.59249353,0.65469944,1194.2122
e633d3d1755f40a2bd6c17e2afa7492e.jpg,5,56.701833,-6.072339,5,57.507617,-6.557777,94.2726,0.9040395,0.825443,0.010823667,0.7898936,0.96764064,94.2726
e65530dee7b2429fbba0615f12a29b25.jpg,1,48.62618,12.11965,7,40.87557,9.039777,895.2868,68.979065,0.67801476,0.031011283,0.688367,0.76996,808.9966
e659a45335a742388a8f001ef952b801.jpg,3,67.233783,28.400773,3,66.680404,28.924532,65.61936,7.650283,0.818801,0.0012121797,0.7872387,0.94816124,75.19596
e663250a7f8143fd991cacf879df92bc.jpg,7,45.116002,11.391798,0,53.604489,27.464654,1492.699,563.10474,0.66594744,0.009260118,0.67488927,0.83156097,1152.1241
e6abc0e3618e489b8a4dba143a2a4e43.jpg,8,69.295155,15.994477,7,44.095861,8.127171,2837.5884,1698.5211,0.6728938,0.033465743,0.6875248,0.7217498,3573.6482
e6b33a9754464ce384ee1cd8ecb36b9a.jpg,3,64.076247,29.192025,3,68.018824,26.945526,449.8979,3.3612268,0.7769234,0.037736654,0.768273,0.8791215,70.06903
e6b4595d9e8d4525b8aa000d47904f8e.jpg,10,66.591643,19.260226,10,65.641953,19.68753,107.33812,5.077912,0.78997993,0.0016930103,0.7696972,0.9088193,5.077912
e6b47c9a811f4e27aefa623bcd1026dd.jpg,4,43.783112,1.428261,1,50.923088,12.574041,1153.2433,968.41174,0.74423814,0.069732726,0.71557444,0.8588927,1153.2433
e6c2db495b404601970b1fb85c85002e.jpg,4,44.59625,-0.754132,4,44.746035,-0.756461,16.656374,13.402834,0.72711253,0.018239677,0.69516265,0.854912,16.656374
e6c4ad8b0e784f419b5e6f47c755bb8f.jpg,9,52.331743,18.299378,8,61.960859,13.008505,1116.3624,866.7276,0.5975907,0.010223627,0.57090545,0.70433164,1116.3624
e6c78f35761d433eaefe4976a5d88da0.jpg,10,63.976214,15.264572,10,63.917194,15.240991,6.6630135,6.6630135,0.8539029,0.011379302,0.8274913,0.9595491,6.6630135
e6dc35d438644131bb0c437f37fabc14.jpg,3,67.936361,23.94645,3,67.980089,24.074784,7.2333794,0.6234995,0.8257207,0.008996785,0.8080497,0.92704,452.8117
e6e15c62b0bf4246b925c06685c9e14b.jpg,4,48.231975,-4.500228,2,43.352743,-3.930528,544.3371,515.85754,0.7323406,0.058127403,0.7440952,0.8077401,1069.8972
e6e80965db0f479bb6d95cec6f93c3ac.jpg,3,63.147365,28.049237,3,63.146978,28.048931,0.04569482,0.04569482,0.80520564,0.054489017,0.8031746,0.81332976,0.04569482
e747315375054d8fa52d7febc962cb5d.jpg,6,65.938823,-17.309862,6,65.883173,-16.541364,35.42261,6.1395783,0.65200436,0.0071796775,0.6446718,0.8290969,55.877827
e74a2f14814a4d10ba5fe5a1665b8ce4.jpg,1,53.190254,7.191864,1,52.002448,14.668426,521.70233,68.89493,0.75915873,0.009224415,0.7587528,0.8222921,469.85077
e75be9808672455c92c9aea75c5046cf.jpg,2,37.30302,-5.924733,11,38.036642,30.166932,3157.5625,35.231792,0.7185062,0.02156359,0.6930394,0.82037336,3157.5625
e76993a291ca43c49cffbfd3a7927f43.jpg,0,52.41927,24.358441,0,52.413007,24.339019,1.4899752,1.4899752,0.8845601,0.003029585,0.8664097,0.9571614,1.4899752
e797a8fecc7a41088259a79c9879b707.jpg,5,52.667677,-2.85926,5,52.927314,-3.613637,58.359356,8.347887,0.7950915,9.179115e-06,0.7807509,0.91540635,218.79404
e7a111058be54975b2c9e53122b1bd7c.jpg,3,61.322985,22.767447,3,61.564863,22.566757,28.933819,7.3850465,0.8199262,0.012240469,0.79052854,0.9401543,41.0496
e7bb8fdc74104845a819698e88de5f4f.jpg,5,53.603625,-0.65156,5,53.605684,-0.663562,0.82430154,0.82430154,0.7377128,0.057603896,0.72914004,0.7999749,140.24916
e7c62f45938c4cbd99f35063b3a2e5f7.jpg,0,52.067379,27.738618,0,52.078378,27.702365,2.763192,1.3208089,0.8634978,0.015630782,0.8427428,0.9465176,2.763192
e7dccb5929c1495b8f459c74c64311c4.jpg,1,51.375299,7.231962,9,54.757664,17.655163,790.39905,28.128366,0.6768888,0.018657446,0.68767095,0.73920524,602.18176
e805370ce59c45d4bcecb3ecabeb3f4c.jpg,6,66.009449,-22.641419,6,66.020685,-23.378411,33.33556,10.153246,0.90565425,0.00077718496,0.8898895,0.980027,40.317043
e80fce4c25644fd581bb11f0ea884c33.jpg,11,38.299981,29.911377,11,38.185375,30.063727,18.423471,4.473547,0.7748431,0.0028828979,0.78908414,0.82244694,3019.5527
e81c2a6164d5499bb0640083b0ae0327.jpg,7,44.864462,11.696724,7,40.356473,17.641353,698.147,23.176483,0.7834482,0.010914862,0.7823761,0.80420554,553.5549
e83568f4c11a4832b6ba8446c602c3c9.jpg,3,62.963819,22.58867,3,61.742984,22.139353,137.7153,14.752858,0.77891356,0.024090052,0.748998,0.91812897,107.08257
e841dc6907fd44e4a76c61f6d58f969c.jpg,11,37.273831,40.687948,11,37.223707,39.870056,72.60804,2.7815878,0.788526,0.009329736,0.7743827,0.86419004,10.044041
e844abc473e2409da237fa460b9f8dbf.jpg,11,38.977039,30.930378,11,38.455411,30.263784,81.90828,3.275452,0.8785929,0.011568725,0.85683095,0.9658668,27.091166
e84c3ed3379842bcb20fc6c771365236.jpg,2,38.036032,-4.107785,11,39.446009,32.865233,3187.9915,43.056835,0.70608735,0.00085639954,0.7250244,0.77190864,3097.268
e881e437106d4f32b5c61883f9f49506.jpg,7,38.013572,14.985728,7,38.111306,14.97837,10.886616,2.7995715,0.7263547,0.022583365,0.72638327,0.7916584,12.605963
e89e3644569d4fd1a7661dfae27a26ca.jpg,1,52.076844,6.813723,1,51.82978,7.737757,69.0258,24.944979,0.7339238,0.012511671,0.73409,0.75367707,287.6779
e8a8a58c548040d6822e5fa37e0bee25.jpg,4,44.085089,-1.001165,4,43.847305,-1.172178,29.772768,0.21380854,0.884506,0.020047724,0.8790647,0.9062711,29.772768
e8f7c69c8edb483fb2d620f263afd2cb.jpg,2,42.417108,-3.284499,9,53.152705,14.355501,1769.42,1023.45776,0.68835115,0.0075677633,0.66241324,0.8120923,1834.5311
e90a2190b7ea41079b641dc0e1d4525f.jpg,10,59.994644,17.713114,10,59.972889,17.697901,2.562789,2.562789,0.9078532,0.080978036,0.8953111,0.9580212,2.562789
e90c6bc168c44fc59cbed2bc23499c22.jpg,3,65.531516,28.519207,3,65.531504,28.520274,0.049160056,0.049160056,0.9547262,0.02406156,0.9454671,0.9917624,0.049160056
e92dc91311b64bd5ac9ddcf70e227092.jpg,5,53.465614,-0.552037,5,53.490757,-0.553824,2.7982779,2.7982779,0.75139165,0.08532256,0.75919527,0.79416597,283.432
e9319fac826a43a18eb5d79ab87e2dc5.jpg,4,48.60556,2.651132,11,40.735334,30.115311,2325.6106,364.75693,0.67540526,0.012324691,0.6587398,0.8270914,2432.0383
e946310a6a75408aae992c3b42e8f04b.jpg,3,62.469414,22.050425,3,62.552665,22.034549,9.292894,1.0419447,0.89685124,0.008527875,0.8835063,0.9634744,98.248825
e957cfe939564393ae97132d6a5e56c3.jpg,11,39.564344,33.326767,11,39.550074,33.220289,9.265263,9.265263,0.8226233,0.007876217,0.81145704,0.9071953,16.986721
e95e5907d216495b9d1a2d4def7d052e.jpg,0,53.733242,23.818957,4,50.355237,1.733259,1549.5366,13.826404,0.72310835,0.0041163564,0.7004169,0.8138739,1549.5366
e96126ca4e3b4ed79a26fe37140f4446.jpg,10,59.370079,18.415837,10,59.371172,18.413817,0.16693375,0.16693375,0.77512246,0.08646786,0.7647743,0.8202939,276.43228
e9859206c69346279f6c6e43bbfd6295.jpg,7,40.647155,14.700341,7,40.647206,14.700332,0.005721386,0.005721386,0.86273193,0.088219345,0.8481151,0.9349314,1.2824563
e98782822c9949029ffd50553514749a.jpg,9,50.549568,20.725968,1,51.346671,14.636367,435.5832,321.7524,0.66789365,0.006290376,0.6318745,0.87179995,496.7516
e9a8a530831843e08758b8b72ba84e83.jpg,2,39.986563,4.004188,2,40.006393,3.882051,10.635301,10.635301,0.76222956,0.03973496,0.7337326,0.8762175,10.635301
e9ad3df7aea644bba091942b9e5e25f6.jpg,8,61.407093,9.965637,8,69.636672,17.995277,985.10034,380.20804,0.70978963,0.0025075674,0.676993,0.840976,985.10034
e9d5369bf9824216b3e3dce602ccb759.jpg,8,68.992673,17.720836,8,68.993804,17.72014,0.12878543,0.12878543,0.92697346,0.09199989,0.9157096,0.9720286,0.12878543
e9ea44c4a29c442496aa6b1be2714d1c.jpg,5,53.606422,-0.67208,5,53.605684,-0.663562,0.5679417,0.5679417,0.6754735,0.02434957,0.6760514,0.75068724,444.27805
ea0bae1b48254c758dc60855b2f1297d.jpg,0,54.160862,26.455054,0,53.769295,23.839714,176.52103,1.878564,0.83734715,0.023030162,0.8083879,0.960602,77.83504
ea1a755afc9c4ae49b887925c8f3c797.jpg,8,59.81384,7.214647,8,59.830416,7.173284,2.9568195,2.9568195,0.9184274,0.12459612,0.90542006,0.9704566,2.9568195
ea30355a301d44f182453b35538a83ea.jpg,6,66.02771,-22.988935,6,65.611402,-22.802872,47.060677,3.1231754,0.93213224,0.0011211634,0.92140317,0.9756157,45.309513
ea486062d56946bc81cee4220ab0c543.jpg,11,39.558188,40.035545,11,39.557206,40.037589,0.20646852,0.20646852,0.8585693,0.0029454827,0.8387456,0.95247805,13.795214
ea6adebe351e48d4b22deefa4ad07956.jpg,5,56.873261,-5.061956,5,56.883079,-5.049903,1.3145906,1.3145906,0.68407637,0.01392895,0.6946058,0.7087772,1263.4678
ea9afb2f248547df827ccc2fd5d17c58.jpg,3,64.770137,25.548143,3,64.769238,25.548094,0.099991344,0.099991344,0.9291391,0.013680279,0.9206315,0.9823365,18.338491
eaa4eb4c0d9f48d9af1c4a94a2d4118f.jpg,6,66.034041,-19.361062,6,66.030732,-19.364741,0.403731,0.403731,0.90909046,0.058485806,0.8970446,0.95915985,3.2732234
eab206c42f554b36b8ba47d04ed37f48.jpg,5,56.334732,-4.720706,1,51.815334,6.921769,908.9404,86.32355,0.6854226,0.029872298,0.6740974,0.81777525,613.2514
eacca64f5dcb4bc49c8b2b6024357934.jpg,6,63.48638,-18.537891,6,63.44198,-18.750103,11.640887,0.029036742,0.92074555,0.013864577,0.9094364,0.9731544,5.2373595
eaf7f1c4526a41768e5a2aebb045aba3.jpg,11,40.928778,35.15705,11,40.929043,35.15657,0.049943976,0.049943976,0.9571413,0.16026634,0.95094794,0.9819145,0.049943976
eb1e19d0c9674c019786fbb84b646159.jpg,5,58.95567,-3.008018,7,39.222473,9.1914,2358.5771,260.57745,0.71871036,0.004716754,0.730271,0.7462739,524.4136
eb38317b5ad140aeb06b8e01b42ebb9a.jpg,6,63.847514,-22.420016,6,63.847865,-22.42704,0.34645322,0.34645322,0.86789674,0.103158414,0.85403574,0.9233405,0.34645322
eb3bf4e5875a4de591016605b3d8daca.jpg,9,52.397456,20.844057,9,52.415285,20.754915,6.363665,6.363665,0.77260375,0.08273733,0.7657652,0.83588874,122.127106
eb6b1b5591384d55862782695187855d.jpg,10,64.646519,15.733068,10,64.742749,15.802441,11.196803,4.9813995,0.90713656,0.060406566,0.8918264,0.9683773,11.196803
eb7fba610651475c9c8c2d7eb3e80658.jpg,1,48.426187,9.325146,8,58.220259,7.93342,1092.907,37.94727,0.6452256,0.008892953,0.6404541,0.69989604,1198.4751
eb88890592344db39a0bea7b28d6f783.jpg,7,45.064135,10.87783,7,45.117925,11.669355,62.423073,33.566124,0.7269689,0.00045150518,0.7309615,0.8378469,742.05853
eb964975d37f4595847af5776a234d5a.jpg,8,62.536714,6.127765,8,62.558255,6.127336,2.3953543,0.33031204,0.81429756,0.0023089647,0.78124094,0.9465239,2.3953543
ebc06b5a8d0e4ad196cda42bc13fa3d3.jpg,7,40.832784,17.167955,7,36.843245,14.457916,501.818,19.725605,0.7518637,0.04121661,0.7232757,0.8662156,501.818
ebe983680aec4465b2356c64c0066fa1.jpg,11,38.509879,42.278809,7,40.966933,17.114876,2161.3499,2086.5718,0.6442085,0.0026920438,0.64118785,0.80567545,2354.057
ebf3681d51c64322935cd18942e70a7b.jpg,10,65.44812,19.405075,10,65.371018,19.200598,12.767983,0.21146794,0.87859,0.03555107,0.8698323,0.9354675,13.606996
ec8c730567b242ffae8a05d9738b602a.jpg,1,52.47004,8.365829,1,52.510105,8.401544,5.068994,5.0502625,0.78971434,0.032952607,0.7882514,0.8477598,5.0502625
ec9cc7d7770642fba736f62953186b9b.jpg,1,52.589458,7.395857,9,53.392691,22.582994,1018.48627,245.09581,0.6924641,0.0011193752,0.66770196,0.84456456,894.61725
ecaf28775e58419e99a5e08c82a0bbdc.jpg,5,57.263073,-3.666012,5,57.267736,-3.458337,12.497952,5.6411314,0.6954144,0.00759393,0.69222295,0.7081804,12.497952
ecb473356d34404d91bb504e300714af.jpg,0,54.515672,26.915273,4,47.602684,-0.335128,2037.6123,14.863182,0.6883458,0.02184552,0.7058053,0.7125788,437.10617
ecb48274790244dcbb18f7f46a94f7c4.jpg,3,66.23329,28.855293,3,66.296821,28.869785,7.0940485,1.4414579,0.8677255,0.0024001002,0.8434497,0.96559364,234.96956
ecbe36d5a5ef46619b6202671f63c752.jpg,11,40.887482,27.095766,11,40.864768,26.758173,28.496113,28.496113,0.89533633,0.16517597,0.88823014,0.923761,28.496113
ecd4accc5e81420fa3b5f32e388a9f17.jpg,11,37.361268,40.852115,11,37.420548,40.978068,12.9332485,5.771513,0.76094663,0.04731518,0.732095,0.8763532,12.9332485
ece0eabfc26d4ca4855f04b2ca14075f.jpg,4,47.755922,1.108391,9,53.219027,23.190687,1667.8383,198.6062,0.64850664,0.010018408,0.62992084,0.72284967,1667.8383
ece7e93ecf314c56b2e8f2de3f755881.jpg,10,67.193841,19.412002,10,67.197316,19.404921,0.49238098,0.49238098,0.93681645,0.022226453,0.92709196,0.9757143,0.49238098
ed09e9c043ca4d7dbfee45fc3f93571e.jpg,6,65.028859,-14.277185,6,65.586593,-17.149567,147.11653,1.0026774,0.8760253,0.014021754,0.85641,0.9544865,147.11653
ed1969ec59a441598b7915b05641f3a8.jpg,1,48.786504,9.687913,7,38.020468,13.597066,1237.6405,414.19247,0.6252735,0.0010588765,0.6163677,0.7585449,1542.5696
ed2e23301a3e4390a8fa1d7d7850f1bd.jpg,1,54.543482,13.533462,1,54.535707,13.249757,18.321848,6.7088575,0.7322733,0.039387524,0.71756434,0.7958912,225.6544
ed51e6633d3a4fd68533dd8637e38743.jpg,9,54.496962,17.060184,9,50.524787,21.191122,522.52075,81.469604,0.69480765,0.00025308132,0.6895007,0.810506,498.72147
edb257cdea174bd28acc6f57d9a5d73f.jpg,4,44.656498,-0.927089,4,44.685847,-0.86745,5.7351027,4.3122625,0.8046845,0.051507473,0.7944298,0.84570336,5.7351027
edbf1d76d1764b75817ed333e2449271.jpg,7,45.74436,12.218655,7,44.850019,8.512352,306.44644,39.503483,0.61282754,0.011129081,0.6069715,0.69997954,381.0256
edddf2385052488f8b19b24dfbffd104.jpg,9,49.970286,20.305502,9,51.560992,22.015205,213.8665,14.514221,0.67520463,0.02470237,0.66137123,0.73966116,311.8316
edef6fa09354448ba8af8d19df7e890d.jpg,8,70.877155,25.732566,8,70.9886,25.750461,12.409173,2.1145282,0.91651267,0.010568619,0.9080073,0.9527553,12.299371
ee31962dc8854a95aa55edda497f223c.jpg,8,67.158153,15.470315,8,67.091848,15.412091,7.790485,0.3374474,0.79501724,0.0045300126,0.76879483,0.921322,1.3080056
ee86fd243d844d02a53bdbc494be42cd.jpg,6,64.276197,-15.032096,6,65.207832,-21.387564,318.67697,0.27197805,0.82031906,0.005991876,0.80752015,0.88358057,26.517397
ee9d2773566048ecb5fc9ab875297910.jpg,9,51.283682,18.192478,3,61.183006,21.961342,1124.6615,547.0657,0.67262733,0.012551904,0.660081,0.7719195,1272.6104
eeb97c6ff8d641aa95b1fbcb95b6fecc.jpg,1,53.510688,11.173436,4,49.303244,-1.46278,991.5683,56.17816,0.73817974,0.0199548,0.7434756,0.7576422,1026.5657
eebdfe5201824fc8a8a45f740ee0dffe.jpg,9,50.242799,18.643505,9,51.770393,19.204202,174.33087,49.308952,0.7409834,0.01714772,0.7259523,0.83351743,456.34665
eed85940681b4a5b9302b111c5c26cb7.jpg,3,61.702628,23.151498,3,62.314962,22.883705,69.50785,21.027674,0.87332755,0.04222423,0.8555266,0.9445313,69.50785
eefb228d74a047a7ba4998050108756c.jpg,4,42.90757,1.39537,5,55.101628,-2.978618,1392.2533,713.7057,0.6407899,0.028711915,0.6252413,0.81242967,1176.7988
ef08a8b6ee61477397cf4abeb6060a64.jpg,1,53.346478,10.635902,1,53.291017,7.742422,192.28168,20.197756,0.75514245,0.030361831,0.74359536,0.8286532,105.48646
ef57497d73ef421387fcaf3a0abc1d00.jpg,4,44.530403,-1.014092,4,44.500189,-1.053215,4.5727253,4.5727253,0.8285046,0.06384379,0.84842587,0.824541,681.8387
ef6325ba65d340749b8b70b3e9d88976.jpg,0,53.706641,31.740746,0,53.681016,30.050874,111.29267,7.5533347,0.79557055,0.003406465,0.7660209,0.9210824,160.29912
ef7c14a4016748fa9044396a3e3134f9.jpg,9,54.701546,18.358303,9,54.702913,18.356784,0.18063903,0.18063903,0.75243044,0.0772866,0.76074106,0.719188,0.18063903
efeb98dc4d564ac4b9109959ed070f75.jpg,3,62.568713,24.466897,3,63.600648,28.018747,212.39297,21.742163,0.8288419,0.03833753,0.8081782,0.9493761,171.81454
efedf0f6e8a342e7a841461d75f40b8f.jpg,8,68.38382,14.590561,8,68.383406,14.590031,0.050897434,0.050897434,0.70675546,0.03599018,0.7324265,0.74460065,1551.8187
f002685eb00a4146b7a01283f5f08e2e.jpg,1,52.655824,7.274623,1,54.864727,8.871304,267.08676,10.721833,0.6837232,0.016008615,0.681122,0.8432008,21.23114
f02d65c6f9b543d795fb59b4b6f09e8a.jpg,5,58.524185,-4.683864,5,58.504898,-4.70655,2.516979,0.34433085,0.7681668,0.032453477,0.74028623,0.8796889,2.516979
f03bced455e749dba45b8135f92ecd98.jpg,8,69.513817,19.252509,8,69.512747,19.252462,0.118992805,0.118992805,0.9154928,0.03653121,0.89970523,0.97864294,0.118992805
f08a271baf0d43b2a865e9c5570e4c65.jpg,2,39.391765,3.189861,2,39.35609,3.122808,6.9968247,3.3689935,0.683932,0.01634866,0.68944126,0.85468364,633.7035
f08d34517b894676b9e18a82cc750f97.jpg,10,65.054595,17.275649,10,65.038537,17.018265,12.205485,8.702704,0.9194049,0.019417405,0.912522,0.9606037,172.66058
f0abbedd3a264fa3aeef15e739bc56c4.jpg,0,54.177744,28.471877,9,49.340849,21.723146,710.0134,0.41555697,0.7028909,0.0010588765,0.6885082,0.8423413,141.28322
f0d818546816412f80dbd140e7400da9.jpg,3,61.841421,29.86528,9,53.672103,21.289722,1039.1779,15.261848,0.6696311,0.017578483,0.6684308,0.7126137,1215.5084
f0eaa80e50d34166ad99e7aaf0b89deb.jpg,3,66.160254,25.101915,3,66.241134,25.341481,14.015531,13.040419,0.88541687,0.008271456,0.8906232,0.9413333,404.58945
f1090e0a750346938bc81576699371a6.jpg,3,67.491003,27.976054,3,67.546986,27.918034,6.696024,1.778391,0.8479412,0.00019997358,0.8273784,0.94555,5.4785175
f1220d394c2f44b8ad9e4632b5b0abb2.jpg,4,43.157206,6.455058,7,43.998848,8.051325,159.0314,3.4413545,0.68377405,0.009149134,0.70799315,0.7598696,243.54834
f124a967e73448dda21f2fc9612ad29d.jpg,8,68.320556,16.617355,8,68.42661,14.668645,80.72315,5.311816,0.85498315,0.018504977,0.83039963,0.96781313,5.3618073
f15fbc6f19f742d4af4047264becdf60.jpg,2,42.423542,-8.718336,2,42.422668,-8.715862,0.22512875,0.22512875,0.73327327,0.08997166,0.76886714,0.77191335,1874.8978
f18f5c88b5394ba7962d6455f5ea4c6a.jpg,11,37.088642,34.944621,11,37.112709,34.91065,4.0297003,3.4862752,0.80860686,0.04552543,0.79602665,0.8589276,4.0297003
f1916fc655494aeeba9f808623edac19.jpg,8,68.335733,22.928728,8,68.335551,22.93107,0.098245464,0.098245464,0.96673334,0.009846687,0.96134293,0.9882947,0.098245464
f1a19dea415c41c59769979b2d1ae2f5.jpg,11,40.92845,40.07226,11,40.848302,39.652283,36.41154,0.15921156,0.72470844,0.0149716735,0.7099886,0.81420463,329.06076
f1c6cf2deaed48089d05eb7a208c2590.jpg,0,55.317235,30.322307,0,53.731438,30.457817,176.54944,0.414754,0.6838603,0.004930198,0.6526041,0.8088852,176.54944
f1dacb1de0f74cbd9898b6e45a84bdbb.jpg,4,46.829666,-0.247771,11,38.928137,36.061165,3055.7498,342.59375,0.6285327,0.011136889,0.6215786,0.74345785,3139.2107
f1e81334fc34416bb745adfd9d31c9f5.jpg,3,65.480987,26.797656,3,65.555956,28.184113,64.427086,3.931134,0.86352503,0.0010024309,0.8433644,0.95962095,98.357834
f1f5651ca4f44474b24a71b9ff3e6ad5.jpg,3,62.560859,29.889508,3,60.404127,25.79292,323.6223,8.88449,0.6793009,0.017038703,0.6506393,0.82128847,319.70605
f2143fba6b1e41cebc8878d691f6c980.jpg,7,40.954166,8.872973,7,40.860294,9.335879,40.277676,0.3423302,0.8267112,0.008727431,0.80245775,0.93197954,0.3423302
f2153ddbc7eb4f2faf7960db1b6bac5b.jpg,8,67.312948,14.534319,3,64.738022,29.787482,743.843,0.3795279,0.7207919,0.024477541,0.73115236,0.78952336,786.25226
f21a38ee383f4b3ca26cd0e9de4f21f6.jpg,9,51.49432,22.559617,9,51.350279,22.732794,20.01801,6.277666,0.68150723,0.00015807152,0.64889455,0.85021996,68.26305
f249c3bf570d496db1fca951b1d087aa.jpg,7,42.204487,11.735947,7,42.163085,11.764379,5.1654687,5.1654687,0.6595548,0.03728479,0.67004144,0.7606946,2216.5881
f25cc5b258db4ca5a70e9a9c399e18a7.jpg,6,63.52851,-18.468825,6,63.523604,-18.473202,0.587086,0.061692692,0.91000646,0.007244885,0.8920809,0.9817087,0.587086
f286e0fb8dee40ccac3a6a8030b02163.jpg,5,53.054758,-1.42123,1,48.635866,9.046002,882.68994,882.68994,0.6498127,0.016020298,0.6527991,0.79977643,1817.4991
f293520df78b447f9a257758085f6c7f.jpg,4,45.693571,2.10451,4,45.003865,2.025047,76.942894,27.024826,0.7005625,0.0356133,0.7117393,0.75948024,121.430626
f2a6375d32e04080a9f4140b8739f609.jpg,2,43.748229,-7.723766,1,51.856473,12.039205,1721.2977,1431.7993,0.6325811,0.007520914,0.6142322,0.7941108,1729.159
f2aa4074e0d14a59b9bf906af4b4e0e7.jpg,8,67.068108,15.382515,8,67.071903,15.381277,0.42537996,0.14314078,0.86252785,0.02707553,0.8445238,0.9486012,5.350334
f2abe5a8daa246c399fe87ff62c3e671.jpg,3,62.629163,25.686006,11,40.87746,26.479525,2419.2554,79.13351,0.7448803,0.0025452971,0.7194601,0.84656096,2419.2554
f2c1ec729ca94a57ba532527959bf746.jpg,1,51.99864,9.856611,1,52.152133,7.681115,149.65096,11.401277,0.66663253,0.001183629,0.64042574,0.79648817,135.53134
f2e2f9e00c8648f8b484653f6220e09d.jpg,1,50.629752,10.915142,1,48.00025,11.096244,292.68198,95.08794,0.67115784,0.00092184544,0.66449785,0.78238106,1306.66
f2f313d9002f41ee9bc64dcb0be0be49.jpg,11,36.226584,36.132054,11,36.187582,36.192725,6.959883,6.166939,0.6467111,0.029402018,0.62378347,0.83459544,133.84839
f304bef6daaf4480b328bdd0e0c90504.jpg,7,37.715341,14.038502,11,37.974936,27.391974,1171.8875,33.861034,0.6399883,0.003827393,0.64679766,0.69689786,1122.1556
f31a4cf740b344509f1f09d32b35b060.jpg,2,37.674876,-0.889448,2,38.762131,-3.36504,247.75473,2.8160737,0.8123715,0.013314009,0.80144596,0.87210447,227.62988
f328355d305744128d1b6ad0091d837a.jpg,10,66.25552,19.92362,10,66.330461,19.824736,9.433112,7.601,0.9255801,0.04317093,0.91410774,0.9720679,28.96495
f32aa772d7cc4eebb68d0320bfd201a4.jpg,10,66.259218,22.278281,10,66.235739,22.314724,3.0789785,3.0789785,0.88235885,0.00516659,0.8680799,0.96051997,10.485035
f32ab2440f944733945701073cafd5a6.jpg,3,67.981043,24.075276,3,67.980089,24.074784,0.1080449,0.1080449,0.9411686,0.12786657,0.9341094,0.9694054,0.1080449
f384e505e0ad49d4a7a0d0ad1a79d8bb.jpg,8,64.038381,10.047166,5,58.570455,-4.760951,993.4097,192.34729,0.6433158,0.005883217,0.6164255,0.8051944,1158.5736
f38dd826c88c458bbe427964395be82b.jpg,4,48.555877,-3.355627,2,43.273342,-5.597113,612.3783,461.06912,0.66917664,0.013085425,0.670303,0.68114644,1620.1644
f3ba63a23fa74eee83a624b0337b9d75.jpg,8,64.43191,14.315848,10,64.344933,14.714131,21.448147,3.4488087,0.83515,0.00058603287,0.80707705,0.97301763,3.4739969
f3d4254fc5d843c58f388ff7364cb213.jpg,2,37.335646,-5.949848,2,38.791971,-7.048533,188.34431,10.025912,0.75563693,0.0003809929,0.7582129,0.85019946,125.12427
f423cf6b2d1c4b4c9b17e65c90ade089.jpg,11,37.841007,27.246711,11,37.715281,30.255341,264.77826,3.6653953,0.6885808,0.015442789,0.66345274,0.8735533,34.438343
f42c28eecb1b44089d84abc483444f66.jpg,9,49.724352,22.049223,9,49.958614,22.179809,27.68085,3.698953,0.7864351,0.014191091,0.76711744,0.8665713,45.62506
f44c6110a00a40c082e0d04cf9a90e7a.jpg,2,28.963853,-13.568601,2,28.985871,-13.584265,2.8837383,0.6368808,0.8382464,0.053765178,0.83155763,0.8650013,2.8837383
f473b2c975ac4a948d5ad3b5910750e1.jpg,3,62.414786,29.889803,3,62.172736,29.957261,27.139772,8.387273,0.80468273,0.016634643,0.7951259,0.864492,76.923035
f48ea79b78574b708ca4a75a9345d46a.jpg,6,64.744438,-23.809086,6,64.813266,-23.950678,10.177542,0.117804505,0.92453206,0.006834924,0.9116394,0.97610265,10.177542
f49af5821a2142ee9a7fb3cce961b57b.jpg,6,63.939296,-18.648882,6,63.946051,-18.654935,0.80721647,0.80721647,0.7594431,0.011129677,0.7323891,0.8869966,7.7866387
f49d414e432b4017a36e78edd9b6f2eb.jpg,4,43.541191,0.465658,4,44.350657,5.046733,377.58682,61.633476,0.66309434,0.031700194,0.62612987,0.81095207,377.58682
f4b7c9e6f6334b269e9d5dd2f460c6de.jpg,0,55.661182,28.366563,1,47.898617,12.176085,1403.3746,639.0299,0.67602307,0.0047240853,0.66295326,0.77000463,2011.8662
f4bc5341fa2849ffabdae5982aa4e7bb.jpg,0,51.928438,29.576374,0,51.674486,30.364488,61.107468,1.4047787,0.8329165,0.013422132,0.8106159,0.92211866,61.107468
f4be259322c04f5880d1ec65c12bc5bc.jpg,11,40.230732,36.53245,11,40.241926,36.54699,1.7528933,1.7528933,0.6432658,0.015716255,0.6117215,0.8479302,485.4234
f50a9ae34a3e49cda79286dac33fc09f.jpg,5,57.262022,-3.697377,5,57.507617,-6.557777,173.58167,7.3358483,0.7280797,2.360344e-05,0.67952466,0.92229974,173.58167
f51a23b12df24211823c5f17b46f5e2f.jpg,9,52.322636,21.565853,9,52.447733,21.646522,14.9488,10.511316,0.8163005,0.005154252,0.80094206,0.87773407,14.9488
f5669dbb758f486ba193a9e756647928.jpg,8,60.779146,5.873446,8,60.81791,5.820652,5.1751523,5.1751523,0.6983182,0.008448005,0.6870259,0.7690722,1825.9886
f59268e4436341218b5736ab2f5dc416.jpg,8,61.797294,10.22406,8,61.580103,10.062454,25.610157,0.47321334,0.77449894,0.058062077,0.76551366,0.8214258,636.0756
f5a8718081cd4b6b9b797ad3fe1d1ef8.jpg,9,51.53143,17.850981,9,51.531879,17.850895,0.05027976,0.05027976,0.90081567,0.20108569,0.89256334,0.93382484,0.05027976
f5b39c2d2b23463cac44de386d4bef07.jpg,4,41.787916,9.397172,4,41.832903,9.403586,5.0304995,4.1029954,0.8215619,0.016531646,0.7887911,0.95264494,5.0304995
f5e8ed85171343679b570ebfb352e5b8.jpg,0,51.710682,29.154923,0,51.635884,29.09308,9.346729,0.26016542,0.8911016,0.016340554,0.8782901,0.96553886,6.8354855
f5f1f89b04da43c49016541209ddbc80.jpg,9,52.602289,21.496234,9,52.610269,21.494867,0.89212537,0.89212537,0.8513681,0.10300249,0.8631342,0.8043038,0.89212537
f6001f1ffdd84b23bb37fcae6093a7b9.jpg,9,51.57047,17.83131,9,51.687807,17.921345,14.451751,4.4997272,0.80596083,0.056964457,0.7883116,0.8872597,113.906876
f60581b8c1a5481a8a1cde5923745bcb.jpg,9,52.835021,15.060811,11,39.87254,39.256192,2331.4055,276.45242,0.662128,0.02459085,0.6634997,0.6928977,896.5075
f6618891611e41e794e8c0fa85ade943.jpg,9,52.452773,14.719045,9,52.360964,14.779414,10.999436,10.999436,0.6614992,0.047705412,0.6602559,0.76871634,531.40424
f696ab43513c46e29ef64da2cab56ec8.jpg,10,64.417272,21.22581,10,64.512091,21.062322,13.13668,0.068613164,0.78263974,0.007828951,0.77038115,0.88538224,25.640772
f72ca373207d412abda5fe4da70eb840.jpg,0,52.368024,25.59693,0,52.290326,25.682711,10.422206,0.5242082,0.8366888,0.006578028,0.8254724,0.9015633,0.5242082
f74f4dc3e18c4fc082d71c5ee4e4a93f.jpg,6,63.982617,-16.871888,6,63.958355,-16.859442,2.7653282,0.2622192,0.88377553,0.0064175725,0.86983865,0.9699384,3.6283376
f75ff49c27ae4b7792f16dfa1ef4f18f.jpg,11,38.732664,34.052067,2,41.256836,-2.19453,3078.045,9.74615,0.6982581,0.015608311,0.713372,0.7623677,2879.7144
f788b23ab61d4a6ba196897077b13080.jpg,11,40.970559,38.751946,11,40.981471,38.768047,1.8163984,1.8163984,0.89069736,0.18531406,0.8815609,0.92724276,1.8163984
f791354e5bbe40cfb16d222fb2a24374.jpg,1,54.377429,8.729493,1,53.867233,12.190548,232.5439,4.050115,0.83970505,0.03628224,0.8238466,0.92221355,27.332241
f794ca7012494b6fa68aec7601a94ef2.jpg,3,65.413605,25.397876,3,65.699168,25.161729,33.560757,24.593224,0.71836084,0.013851941,0.71175325,0.86672616,547.80383
f7c0ccdc2efd4790a1a2d03d3b388c70.jpg,8,70.29884,24.179638,8,70.29497,24.155149,1.0139172,0.24173951,0.92665505,2.5391579e-05,0.9156947,0.9897012,18.047363
f7c4ba97cfa84e4599a46ac30616d331.jpg,0,52.022771,30.495758,0,52.278918,31.085183,49.279472,2.2177541,0.71957934,0.025282025,0.7068678,0.8391926,3096.6157
f7de1c89c1e84dc2933a49c6c3527ab1.jpg,1,50.118843,8.853504,11,40.548719,29.350429,1913.4313,700.7315,0.7108059,0.00065273046,0.6883945,0.8117714,2199.4702
f82546ead7e344c28a53dd27056e6cd2.jpg,1,51.292822,13.390976,1,53.605215,7.1682,493.66174,24.077475,0.7366073,0.0052401423,0.707729,0.85212064,493.66174
f82b8f0db4894e3894accf09d2b42989.jpg,10,59.364462,16.071754,10,59.95768,17.29381,95.193344,3.3973925,0.7696615,0.024176836,0.73096585,0.92444384,95.193344
f83f5ffe3e9a474d82ce4bc0dde67870.jpg,4,44.614416,-1.090318,4,44.63269,-1.160036,5.879868,3.4586673,0.69942486,0.042924106,0.71706027,0.693955,1453.5873
f849452997f6448c9c2960010ea5b9e4.jpg,7,44.586404,7.752267,7,45.401837,12.14855,357.342,1.6108935,0.7256463,0.0075851083,0.7014473,0.8224422,357.342
f84986dcdbb44e079ec8059c60b2659a.jpg,9,54.453439,17.239374,3,66.040597,29.130346,1440.3107,752.20074,0.6998429,0.026125193,0.6712762,0.87636065,1322.9928
f84a915b88714d6aaccdc80a33716719.jpg,9,52.095703,21.152452,9,49.872003,22.176226,257.4336,4.605948,0.7176445,0.016794622,0.7170581,0.76955986,280.70587
f84dc98ad944488ba6411ecb06d4bad8.jpg,10,63.717556,17.745612,10,63.431467,18.194187,38.7907,31.542252,0.8002809,0.029726744,0.803347,0.8734443,229.42041
f88740772b5646249eb73153e0c3bf21.jpg,11,38.199255,30.054815,11,38.203519,30.05099,0.58010167,0.58010167,0.82140195,0.054395914,0.81038463,0.8697276,219.48943
f890f4571d064f029d171e16c0b9fc08.jpg,4,41.593333,9.315243,7,40.893911,9.068735,80.45679,0.77041394,0.7988181,0.00499177,0.7799754,0.9029951,66.231575
f8954a1729c348629df307918c8a3fcb.jpg,0,53.032466,25.656718,0,53.051938,25.544566,7.804117,0.08609963,0.7664693,0.038533628,0.73740494,0.9149289,0.08609963
f8b27286fe2a407c93617669f93b7f17.jpg,9,51.777759,23.654926,8,62.543071,6.124773,1586.5756,53.77071,0.6229046,0.036492467,0.6189173,0.7400761,1619.7993
f90c590242584a65b12f0bb428d7f49f.jpg,10,58.420005,13.77128,9,53.726098,21.32721,700.8305,17.823536,0.6884601,0.0040110946,0.6592469,0.83545434,230.86858
f9435f572cdd40a796871b231c8666e3.jpg,1,50.000302,9.334376,9,49.777361,22.067226,911.4152,146.97067,0.666424,0.0057893395,0.66089135,0.80004704,624.30316
f95cf57d2ece43f8b2c9f5b7006d5c6b.jpg,11,39.010222,35.928438,11,39.550074,33.220289,240.68938,41.262787,0.7092808,0.008990824,0.67517096,0.8457202,240.68938
f96f08b13e42475db2ce9a0c6393b7ad.jpg,3,63.133474,29.745083,3,60.145893,24.154315,444.1682,2.207028,0.7339308,0.00313586,0.70942825,0.8344543,330.33014
f97dae741bcd45ed936295e56274bf90.jpg,4,43.761831,1.233119,1,51.815334,6.921769,990.4999,693.97394,0.7083625,0.027161598,0.6715996,0.85541385,990.4999
f9ac874273344ef8980853e9b4f0717c.jpg,10,57.51573,18.373488,10,57.576635,18.383688,6.79963,0.5157688,0.7452346,0.0009559393,0.7155271,0.8640642,6.79963
f9dd17d2725d49828d7288bd2b105382.jpg,8,64.032948,10.082914,11,38.316743,43.10147,3589.108,0.29226318,0.7428674,0.041175127,0.74245524,0.744516,3589.108
f9f5136047f14960b7bc59bb029b7fe0.jpg,1,47.705085,10.03544,1,52.83536,11.051674,574.99915,375.589,0.736575,0.002260089,0.7170457,0.8377007,809.5764
fa34a89cd5934cbe9d563666ae5994ca.jpg,9,49.819205,21.424565,9,49.944497,21.327826,15.5608635,15.5608635,0.82247716,0.11892247,0.8309486,0.78859144,15.5608635
fa4197eb881246c5924d4f313f41ff85.jpg,7,45.707242,11.420835,4,48.628972,-4.510165,1244.7833,136.43166,0.6522894,0.017809093,0.6473675,0.75062674,452.46268
fa4a47f005594e09ace3b094d05aa1db.jpg,6,65.787779,-19.946876,6,65.797196,-19.938254,1.1184857,1.1184857,0.8725271,0.010119915,0.85193837,0.96588844,35.31441
fa622f38a0d54e5785f3d045ae8ca6b8.jpg,8,59.929833,8.929209,8,68.391602,16.641245,1010.60645,303.22925,0.73600847,0.022539914,0.7294292,0.8401191,1046.8347
fa6d854151c84d849e6030794bbb3b1b.jpg,8,64.042543,10.006046,1,53.100622,9.219176,1217.5193,932.71686,0.6714409,0.032453835,0.63170284,0.83039314,1217.5193
fa7292766f374708ae4cbcbeb3c43560.jpg,10,60.008483,16.642894,8,61.899288,12.864203,292.86157,10.927329,0.71380186,0.030280173,0.7061689,0.7824407,182.88467
fa794147576b4d719bdc338e49b40a6c.jpg,7,38.023083,13.361467,7,38.048346,13.376082,3.0869927,0.17764644,0.7497581,0.047771573,0.7256666,0.8461243,3.0869927
fa7f7e3c490a44ef8f81f2823071db55.jpg,3,68.35944,27.416946,3,68.360777,27.41541,0.16145955,0.098778434,0.83632755,0.0020223856,0.8161402,0.9411714,0.45721823
fa81bf692e0947948c672ec77ab5c3eb.jpg,9,54.171599,21.927083,1,52.113971,9.415716,863.9738,97.266,0.71129096,0.007306099,0.6886428,0.81020117,1018.27966
fa9e1fcf84b74868ae9d314e5da9f4ab.jpg,8,58.44504,6.005733,8,58.449026,6.005917,0.44335288,0.33180836,0.8333159,0.016281843,0.8050225,0.9528438,0.33180836
faa09292333b405ebcaf88be924ad0b2.jpg,10,63.716977,16.189461,10,64.311834,14.961415,89.18661,1.525172,0.8098467,0.016937494,0.8025933,0.8388603,89.18661
fab9aeb3dd7f467da89cc4987b66fb40.jpg,5,56.068367,-5.462571,5,56.184237,-5.473365,12.901529,1.0604501,0.86651945,0.021023989,0.84754854,0.9594959,28.229801
fae278a31f7647bc881cff8d15a2842f.jpg,5,58.528227,-4.21013,5,58.526457,-4.217065,0.44813696,0.44813696,0.77132183,0.020226538,0.7519503,0.8765925,25.40622
faf0679e051549cbab8430ccc8dd1e71.jpg,3,64.875534,28.950064,3,66.229694,29.133889,150.8132,10.373208,0.80281687,0.0038713813,0.7657823,0.95632654,129.71054
fafd56c0588c494ea5e3301c96071d1a.jpg,4,46.198038,3.446635,1,50.613346,10.327426,705.8594,202.11491,0.66542315,0.018125474,0.6970701,0.70978165,1695.3577
fb24029dbc064c18a69cd7f748057990.jpg,10,65.279578,16.339667,10,65.273261,16.052077,13.393177,1.3503922,0.94470906,0.014957428,0.93699723,0.98154217,2.8877053
fb3ca8147f134ae39647bd18f58d0998.jpg,4,48.896736,5.43926,7,43.062516,13.082643,876.4382,412.2659,0.62488407,0.016044319,0.5883244,0.82195324,659.5722
fb42f24215844aa2a59929b6e3e25073.jpg,2,28.958852,-13.567067,2,28.985871,-13.584265,3.4387882,0.3114123,0.8107674,0.017671525,0.8282359,0.82247084,1574.8424
fb5c9c8b3e1b414d869a4369ad8c93e5.jpg,1,53.470851,10.729593,5,53.932996,-2.775358,889.108,11.323577,0.7727586,0.035945058,0.75206506,0.85553247,889.108
fb690ee86298461eaefa632774658342.jpg,7,44.7331,8.365771,7,44.895477,12.46186,323.57407,13.043916,0.6413961,0.01182133,0.63943887,0.74963474,261.07837
fb6ff9d3da324568ac1d490b92658b04.jpg,0,52.707747,30.798691,0,52.612886,30.85318,11.169927,3.6405115,0.93968153,0.019224644,0.92999035,0.9784464,11.169927
fba5f90c8ab04bf4a346521da7d8494d.jpg,11,36.50259,32.080001,7,40.286051,9.150943,2035.9595,96.422165,0.6595732,0.0031423569,0.6666635,0.7257985,1902.3011
fbc970640c0c47dab9b757459b6abfb9.jpg,8,64.246367,12.183871,8,62.717222,11.34993,174.9976,4.5402727,0.82142127,0.018687367,0.79185444,0.96275157,44.781555
fbd08c78333446a39a7d27e12951bcac.jpg,10,61.09386,15.173316,10,61.159412,15.129742,7.655343,7.655343,0.8021717,0.06453943,0.78616405,0.9022871,118.537476
fbdc71dac7de4fb6bfcf3e83f746e141.jpg,8,68.412237,16.690519,8,68.416129,14.678166,82.31891,1.5632471,0.8258324,0.0053051114,0.7947924,0.9734077,62.046898
fbe4d6c4f69d4fb1ba0e5b13d1813308.jpg,2,36.775086,-4.109316,7,41.177412,9.278804,1254.8486,1123.1774,0.7683249,0.018132448,0.7404288,0.8799094,1254.8486
fc0328af3c534f599c721073c1fce5e9.jpg,3,64.062716,29.462577,3,64.309639,29.119438,32.09217,4.4942374,0.8004624,0.022459805,0.76808786,0.9299606,32.09217
fc0f19e55922436eb6fd1f4580944536.jpg,8,58.683971,5.593687,8,58.689663,5.597417,0.66862184,0.66862184,0.84889215,0.055328608,0.82814306,0.9318884,0.66862184
fc3470ab25d244689eedb244973f5cdb.jpg,3,66.303521,28.861826,3,66.296821,28.869785,0.82557476,0.82557476,0.84839004,0.029995203,0.83879596,0.91262513,8.538671
fc48f26351e749e3b840ab8a03439022.jpg,7,37.741958,15.146813,7,37.729181,15.162413,1.9749489,0.58098036,0.630087,0.0035772324,0.6384165,0.68823826,2473.53
fc6edcc352f5413ca5c9e5ee869988b2.jpg,4,43.79423,0.824933,1,53.08919,11.275679,1286.5869,713.58527,0.607929,0.0018601418,0.59838474,0.7542221,967.4157
fc7ed0bbd573470d937f363cd71d6927.jpg,0,53.268626,30.658973,0,51.978862,30.45619,144.06697,15.734129,0.80529386,2.5987625e-05,0.76684296,0.9590973,144.06697
fc93fe942cc247969334c3d0ceefcc51.jpg,4,48.3861,-4.761849,4,48.128184,-2.178469,193.38249,0.16947195,0.67610604,0.0063901544,0.6696613,0.7550331,285.39978
fc9984bbdaad43278071baeddad472e6.jpg,1,49.920955,7.902567,1,51.830832,6.669022,229.31987,111.08908,0.699802,0.014930725,0.69475055,0.7929326,640.92975
fcc82a502a9a432eba84a8523cef8137.jpg,4,43.445493,0.31345,4,43.280181,0.109793,24.676933,24.676933,0.70395315,0.055915356,0.71612763,0.82167816,390.53583
fcfd731625aa45b4876e36b3633b56f5.jpg,9,51.597294,18.654489,4,45.8433,-1.151418,1581.0906,119.452065,0.6876511,0.00028818846,0.7119185,0.78854734,1719.731
fd19b6ab15f74b6cba75b48fea82250a.jpg,1,53.14762,7.780379,1,49.000609,8.881824,467.4885,2.5285351,0.6506219,0.0043332577,0.62246543,0.7632477,467.4885
fd2f08d9da914961bc00f4ed68d3f710.jpg,0,54.454921,25.890965,0,55.441259,28.657214,207.91052,4.470674,0.6577098,0.0075821877,0.6344683,0.7508981,337.42764
fd39b35e73eb4df0819b42127d1d08b1.jpg,4,49.54541,1.512449,9,53.892177,22.346202,1507.8597,84.40916,0.679657,0.0132629275,0.6673008,0.76192033,691.68353
fd9531545b36418097708c4ddb93edfd.jpg,8,70.04132,18.818739,8,61.375302,8.813035,1063.6373,37.465958,0.6625289,0.016647935,0.63548994,0.7706846,1063.6373
fd9c3dc73ccf4164a9440460de022fd4.jpg,2,43.728484,-7.687987,2,43.728971,-7.690226,0.18788098,0.18788098,0.6822248,0.0205639,0.6769709,0.75074005,2.9076178
fdfcb1fecb694957ae6cba61070b9420.jpg,3,63.299987,28.374453,3,63.298492,28.371361,0.22693786,0.22693786,0.85543925,0.032063186,0.8427271,0.9062876,0.22693786
fe6a874f91404b70a6599076db6b1b17.jpg,1,52.763532,11.756891,1,53.100338,9.429948,160.38733,20.34337,0.7351624,0.050116718,0.73396975,0.73993295,160.38733
fe79f2675ba348efbb3680524dc34316.jpg,7,40.589654,16.250055,7,40.554271,16.271436,4.3290744,0.2838071,0.92438614,0.01718384,0.9105099,0.9866318,3.5747554
fe9e63942a3f48a191e28f11aea5adc8.jpg,11,37.354932,41.349491,2,41.183955,1.423057,3433.0022,0.2575813,0.71046627,0.0018946528,0.7059977,0.7404353,659.4798
feaf767c38b84a6aacaa4ad7c58a4591.jpg,1,48.520989,10.350077,1,53.782348,9.30698,589.5259,10.684665,0.7599189,0.027419508,0.77015114,0.84495246,168.14748
fec27ce768b24f3a922ec988fa89276a.jpg,5,51.614129,-2.591593,5,51.929847,-3.917791,97.76961,8.061607,0.815089,0.029413462,0.806407,0.8868076,65.28376
fed9fcf60156498d8c43ee2f86d501e4.jpg,4,47.774731,-1.162269,2,42.771244,-5.038867,633.48663,397.0561,0.6588844,0.027725458,0.6557778,0.76134884,708.7016
fee65c946d2f4692810b0256eb835887.jpg,10,57.778879,13.292995,10,57.778784,13.293008,0.010591152,0.010591152,0.8937609,0.17198122,0.8767798,0.9616854,0.010591152
feee493a910b4bb1a8bae25dc196ff50.jpg,4,43.464629,3.40176,0,54.791226,30.414827,2312.0566,720.9246,0.73226035,0.00054240227,0.7365795,0.73707,2258.2825
fef0b35c8efd48a99a5b82febdeaad5f.jpg,3,61.109459,21.510456,3,61.27953,22.096408,36.64977,24.0258,0.8564738,0.0035328865,0.8351742,0.9503857,179.71605
ff0554dba41646a380f808378f4e14b5.jpg,0,55.148837,30.34275,0,53.605371,25.764625,342.49472,2.390136,0.7863212,0.012857974,0.7709429,0.9166972,172.69272
ff118951725a459b99cc1acaf77cc8db.jpg,2,39.700225,3.101041,9,52.479205,16.535006,1752.4105,744.56134,0.6502549,0.02176857,0.64588034,0.71918035,1590.8378
ff17918215de4a378dbde8f4c8991567.jpg,4,43.992367,4.336861,7,43.891483,10.520337,495.09296,21.048422,0.61743677,0.0032721162,0.6320771,0.69467556,1797.9803
ff6de30f70f34cd6b304202d94ccb10a.jpg,10,60.948433,15.232091,10,61.220499,15.415525,31.819353,24.097765,0.7974377,0.007312298,0.76613617,0.92264384,31.819353
ff6e885764dc498295f885afe8c9af6c.jpg,1,51.565856,8.197228,1,53.369152,7.330128,208.9396,45.7652,0.7056676,0.04845053,0.702508,0.739565,366.2272
ff6eead17d6f4cfb952ac4a0cafd2e22.jpg,3,60.560735,22.447208,3,63.053611,31.174255,535.0952,61.41527,0.6855566,0.0003656745,0.6768979,0.822049,453.88925
ff78a75ce57e4f83b236f6990da710c2.jpg,8,65.100592,14.602914,8,65.082534,14.630677,2.392157,0.19410138,0.78803617,0.04885602,0.77342397,0.88272864,25.451086
ffa54cf2f8c546b4a8d7bf0ab0939722.jpg,5,57.961191,-4.049945,5,56.521364,-3.221892,167.67139,5.19293,0.7325259,0.009212792,0.70307946,0.87421757,159.69945
ffb4df833cd948d781af9e7859aed07c.jpg,1,51.996815,11.557226,0,52.080309,25.558226,956.2227,138.6236,0.77565116,0.023269534,0.7454972,0.89838964,979.28644
ffbaab002cce4339b6cf0886e1f7494d.jpg,5,55.822208,-3.996808,11,41.348261,32.023204,3049.2625,374.45294,0.67457706,0.008024693,0.6824639,0.7161249,3046.5217
ffc49647426b48e480478e725a4ef0c7.jpg,4,48.095967,-2.801507,9,51.149424,23.576359,1919.4078,9.27235,0.6425526,0.0032997131,0.637161,0.7139227,485.0429
ffcdbf8199b642439253e80a5eda0b38.jpg,3,64.746363,29.495029,3,64.746486,29.483094,0.5663451,0.5182315,0.87022007,0.029188871,0.8711729,0.8808096,21.331087
