filename,true_country,true_lat,true_lng,predicted_country,predicted_lat,predicted_lng,distance_km,top200_oracle_km,top1_similarity,score_margin,top1_local_similarity,global_top1_similarity,global_top1_distance_km
0006762b474e4b4d9be9a61ed0247fd9.jpg,7,40.890871,14.348968,7,40.89018,14.352884,0.33802444,0.33802444,0.8514789,0.13145798,0.83661497,0.91093445,0.33802444
00138c19ed274a64a8eb01a8fbd6c33f.jpg,3,65.50081,28.926073,3,65.533409,28.87899,4.2245655,4.1763287,0.93396175,0.008265197,0.9219787,0.98194265,4.1763287
0019a967bdae44d4a7adc69bfcb1f823.jpg,6,63.617922,-18.451649,6,63.630728,-18.436014,1.6199391,1.3392303,0.93575764,0.0022435784,0.92572653,0.97588193,1.6199391
001c2dde9a32436ca4192d5015a4af8c.jpg,3,60.84178,25.545941,10,64.713378,21.154692,484.7376,41.764587,0.7260668,0.02471745,0.7345891,0.7765974,460.71277
00368a72f2a9491fba0f2fd1ea95bfbc.jpg,4,45.374921,4.68234,4,44.485385,5.385263,113.3375,25.404524,0.62350655,0.0033174753,0.6316502,0.7377717,643.95544
004ebffb76f84ed8aef5b1dd8cc3764d.jpg,3,67.124174,25.056933,3,67.159445,24.967159,5.5152745,0.091348305,0.9640305,0.0012283921,0.96041286,0.9785011,5.5152745
006d6770631844dfb8430961c13f069d.jpg,3,63.630349,25.785498,3,62.969804,25.819453,73.46894,0.4524804,0.9245484,0.0016778708,0.9120098,0.9846533,0.4524804
00906204ddc84819a976d80a06e4bcb3.jpg,4,49.418365,5.704938,1,51.279546,11.688601,472.13,53.14862,0.64945835,0.028652966,0.6615303,0.69292706,1002.1635
00bf92708e3b40b6b3c9c66cde332727.jpg,8,68.342705,16.328299,8,68.337369,16.349202,1.0430897,0.21644449,0.7998744,0.04563117,0.7945821,0.8411946,12.120613
00cdd5e5637641948ccfa56664dddce7.jpg,4,46.297168,3.43746,4,44.751957,4.868869,204.82568,11.045324,0.6893803,0.0047496557,0.64345217,0.89432186,291.15787
00d57395be3e4bcfbc668d57f7abba53.jpg,3,60.393724,24.43317,8,63.230691,9.432156,846.24414,10.582338,0.6657715,0.00016236305,0.67203414,0.7927693,1245.2449
00eb2764b1304e9e961a630fe3ecb1b7.jpg,10,65.449526,19.401993,10,65.410185,19.684866,13.791005,0.21146794,0.81594384,0.0015838742,0.7987539,0.9141824,0.21146794
011ad31d608747d2a606e95e15766468.jpg,2,43.728035,-7.716684,2,43.746086,-7.720213,2.0271077,0.18568812,0.6676019,0.00081056356,0.66184264,0.7404684,2247.5679
0136861569f44336a7e199f9d4049bdc.jpg,3,61.938738,23.963101,3,63.220594,28.257878,261.9926,29.37491,0.6484714,0.0012689233,0.6115378,0.8521507,355.36374
014788dda4ab4cd0974ac28a0bd448a5.jpg,8,66.469251,14.856078,8,60.267544,5.441657,832.2053,6.966263,0.636464,0.03528297,0.60500455,0.8015951,771.2105
018c77531a4841e790523dc752ce83a9.jpg,3,65.4812,26.797539,8,69.612478,18.938375,566.9072,0.024291972,0.71010983,0.002259612,0.6806973,0.8746562,89.318115
019ce075192e4fa39c1cc8398f8c8fae.jpg,5,58.040677,-5.24709,5,57.54566,-6.615333,98.00253,1.0129989,0.85876393,0.0076025724,0.8303642,0.9723626,98.00253
01f9471bda184521a7d9d773c2c0f74f.jpg,2,38.533243,-3.493837,2,38.529083,-3.493849,0.46257272,0.46257272,0.94710433,0.1064136,0.9372641,0.9864651,0.46257272
021be4c6462a408dab42813843fdd598.jpg,4,46.399715,-1.32036,1,54.445027,11.249409,1258.725,481.38232,0.64479446,0.017769396,0.6164631,0.7994977,1298.0586
02589dff14364941a8f431a5a30f9679.jpg,4,45.037538,-0.546996,5,50.466304,-4.700678,678.5789,39.22697,0.6573291,0.024057806,0.6479647,0.80065054,684.7956
027d74a0e6d4499890fe7102dfd6a483.jpg,1,50.161007,7.94395,4,49.174018,-0.61689,625.4375,26.850233,0.59790057,0.0022889972,0.56611127,0.7528639,414.55963
027e9d36a4124de8a1ec481387002527.jpg,10,57.106503,18.320732,10,57.108945,18.325469,0.39440605,0.39440605,0.81903696,0.05063808,0.7882428,0.94221365,0.39440605
02a02543f8e04e9099d86e8d3531d175.jpg,6,65.207334,-21.394387,6,65.207832,-21.387564,0.32292375,0.32292375,0.90259224,0.03319174,0.8905156,0.9508984,0.32292375
032f919d7b6f480a95f3c007eb5e8701.jpg,9,54.705999,18.390373,9,54.776636,18.405332,7.912962,2.1851332,0.7776197,0.023474514,0.7735862,0.7953203,7.177927
0340df1aad1c41b88662826c1d6b5598.jpg,8,59.217874,5.453483,8,59.547849,5.695662,39.171013,21.678017,0.73951936,0.098741055,0.71736,0.8281567,39.171013
034b1c2a3da14970a76f120adca7c174.jpg,11,38.427501,42.128318,11,40.500473,30.202935,1048.4719,1048.4719,0.59715444,0.033150792,0.611945,0.6616227,2033.5443
0375aab048564dd8bfed5cab97c0778d.jpg,3,64.25866,29.170698,3,64.278348,29.16094,2.2393184,0.26456115,0.88612777,0.006424606,0.86863196,0.964007,13.131408
03afbf5bcb444bb3927a6fc5d91c8654.jpg,0,53.416355,30.389823,0,53.378681,30.394388,4.200083,4.200083,0.88966095,0.034327507,0.8749739,0.9648685,6.8167586
03cc694911264258ba907f8b818e606d.jpg,9,51.480985,21.469338,3,62.298626,22.243543,1203.7653,695.26776,0.7170703,0.023198843,0.68614376,0.88222,1138.3792
0403a4f730194dad9f34bd1e7f178e31.jpg,2,41.739356,-3.171023,2,41.630391,-2.515324,55.782196,10.405418,0.66797423,0.022516906,0.6274197,0.8349911,35.59099
0411b94983444843a98e5b84bb3a57d4.jpg,9,51.478109,15.268282,9,51.349538,15.610458,27.704102,22.564384,0.7750032,0.081685364,0.7555647,0.8527569,27.704102
04129a2e3f864f6da9278a0ffde6722e.jpg,10,61.710133,15.693805,10,61.707296,15.690005,0.37365955,0.37365955,0.88958335,0.100509346,0.8775102,0.9378756,0.37365955
0417da48c4cf41329b52d73f9393b56a.jpg,3,63.918825,29.182165,3,66.261907,29.33451,260.63666,11.480712,0.688256,0.00054478645,0.70017517,0.7456218,399.4203
042c08df840a4c739149122c891e1489.jpg,9,53.366503,14.817662,9,53.527641,15.071945,24.58896,7.9323153,0.686194,0.008178651,0.6506549,0.88400555,13.198137
04372647afb8401b96814eccf9c92dcd.jpg,0,55.054708,26.893652,0,53.59516,25.862332,175.52933,2.3864334,0.71644336,0.0066944957,0.695145,0.8641254,148.418
043d6117686248678e87f08088bc8748.jpg,8,58.306187,6.422033,1,51.847743,6.165924,718.3308,1.9274617,0.7109726,0.011941075,0.6857683,0.8376758,702.9062
0478b6b548e54adcb05673e1e55b593e.jpg,1,52.503239,7.200847,1,51.883315,7.015623,70.079094,70.079094,0.6995279,0.0345394,0.7090547,0.74974453,836.6179
04934daa3305414ea8f6474011d04931.jpg,0,53.287655,23.939854,0,53.138475,24.304861,29.4262,17.102571,0.66472477,0.013186216,0.66843915,0.7979521,1654.2708
04bbb772a912429da1d74023e06995d2.jpg,10,65.486279,19.329744,10,65.451277,19.377702,4.477743,4.477743,0.9022438,0.0018351674,0.8876945,0.9604409,4.477743
04de89624887493e89dfc5dedfb20959.jpg,1,52.889452,12.265368,7,39.046161,8.424981,1567.0778,142.8272,0.6230903,0.0068433285,0.62114966,0.71584684,1570.6832
04e8af0635b646f587744c71513794be.jpg,7,43.013803,11.910282,7,38.74428,16.481695,610.61127,5.0902615,0.669355,0.0041646957,0.6764368,0.67753667,223.19191
052dad75011f4f379b898a95c3c43f63.jpg,1,51.357571,7.346681,1,47.87707,11.736293,499.5993,86.06495,0.65480787,0.0031116605,0.63128674,0.74889237,499.5993
05620bec498949b1849896dc3ac88f13.jpg,11,37.223707,39.870056,11,37.224303,39.85981,0.9096191,0.9096191,0.83722657,0.003219366,0.8182808,0.91300964,0.9096191
056e72f9141a4f52ac338fdfd34d42f5.jpg,11,39.434617,30.677406,11,38.578091,30.216227,103.24146,30.405195,0.7077086,0.012585998,0.74452126,0.69985116,2756.4968
05784411cf3644069aa39771da9908b1.jpg,1,52.49548,11.026611,1,51.206794,13.650132,230.20377,5.9029784,0.72883314,0.013286948,0.7181915,0.85864484,180.37834
05a3a68959364bbf85541fd82bce2dbe.jpg,8,63.194034,8.879119,8,63.230691,9.432156,28.01291,3.4139698,0.7537592,0.025701404,0.74063194,0.8401436,304.68335
05bf355c878b42b199c9b2a6164feabe.jpg,9,52.681865,22.297236,9,53.120276,22.122432,50.13919,50.13919,0.8023191,0.071401894,0.7927965,0.85120326,479.6455
05d836fde40d4ec7870de47778b12f27.jpg,2,41.990718,2.75894,2,41.977911,3.025598,22.08641,4.785762,0.6739071,0.010196924,0.6623263,0.7486425,29.096981
05e2ae7175d14e0d885af4c840191eda.jpg,1,50.399316,7.84631,1,53.676365,13.932896,552.92633,17.44676,0.6763937,0.0063684583,0.6864188,0.7695623,215.05711
05efda5f30d844609d012db6e1e3b796.jpg,5,55.205507,-6.590937,5,54.200853,-6.094424,116.177376,20.222263,0.6901395,0.014979422,0.6464916,0.864731,116.177376
0633facd400744aeb92838d25f93c8e9.jpg,7,45.848418,11.935953,1,50.036314,6.259586,628.6268,529.29266,0.66807103,0.011360645,0.66414905,0.78284085,1065.1022
06411dab4a8b4ef8903e40f6af2af1d7.jpg,0,53.985837,30.465967,0,53.924427,30.469325,6.8320236,1.2050322,0.8547347,0.022991598,0.82930464,0.95645475,6.8320236
06f64fbc47674fec9faa21b1c66769c3.jpg,5,58.570455,-4.760951,5,58.504177,-4.509209,16.363966,1.2779669,0.81179035,0.0028430223,0.78413343,0.9513993,378.01184
06fd0f32794b416786715a1c32605833.jpg,4,44.420501,4.868979,4,43.457623,5.007839,107.64299,16.119535,0.7414455,0.050358117,0.7174641,0.837371,107.64299
0737f29b52744fca882535107316b632.jpg,1,49.635908,9.080517,4,50.545104,2.475844,481.72684,197.52841,0.63291395,0.0020705462,0.62507325,0.7341783,1125.0363
07405f14d6484710949ff20e78cdbe65.jpg,7,43.559906,11.323641,4,48.279094,-4.500337,1328.6118,47.640793,0.6926039,0.0014129877,0.69295025,0.72548866,1305.5631
078010795956474d9823dc43b2250df6.jpg,2,36.965384,-2.103976,2,37.717789,-1.579756,95.64104,68.476326,0.81009567,0.0042511225,0.83446133,0.7531198,262.50983
07875689eaec4b2fa3d2cbdc6794cec2.jpg,7,40.966933,17.114876,7,44.543646,10.942637,641.6564,595.73193,0.61671937,0.012248635,0.62570953,0.7392889,1016.7681
079ee9f630ab47f39cc0207835460c1e.jpg,1,51.985655,13.926189,1,52.052851,13.897482,7.7257752,7.7257752,0.7145405,0.0783571,0.72986126,0.78711677,1109.6066
07d8124eb0724df0aad37210bfaffdb1.jpg,4,42.108165,8.659787,4,42.211866,8.656618,11.533999,4.733954,0.80737364,0.027217925,0.7794701,0.9189876,11.533999
07e134c6c142437aa53e8d17cb5f1691.jpg,7,40.813949,9.300609,7,40.767958,9.161889,12.748868,2.232985,0.88913965,0.018477023,0.86751163,0.97565186,12.748868
081fad65b6184a74b9525d282327919e.jpg,9,53.463153,16.367078,9,51.932388,23.612608,516.7903,98.54247,0.7012984,0.03412503,0.7150502,0.64629114,516.7903
0826d3f0f56442beb188b658b68235d7.jpg,1,53.727359,12.796905,9,53.387679,23.45866,704.5743,87.26615,0.7464368,0.017371953,0.7292963,0.8149985,704.5743
083afef289d544919c959c5e8464eff5.jpg,8,61.537406,9.946608,9,52.331743,18.299378,1140.0913,3.0427606,0.6435576,0.05102092,0.6548543,0.69717884,2721.2356
084ab83b221f41af9be65b0e19070d5d.jpg,11,40.511476,36.146334,11,40.568607,36.038915,11.079372,1.1884623,0.78145605,0.022582531,0.7795122,0.8303672,42.515778
08520d157ded42c9b7701b57cc654ca1.jpg,6,65.710698,-23.701045,6,65.749061,-23.842507,7.7460127,0.88651663,0.8282565,0.010666728,0.79710644,0.95285654,7.7460127
0884c9352cf741baaf23a09af7abc74e.jpg,8,68.076808,13.195852,8,70.075534,19.994428,349.35373,8.881528,0.6646617,0.008268118,0.64186573,0.8072556,233.38617
08c9fa7896814706bb852c471ffd48dc.jpg,0,51.653464,29.114803,0,51.708689,29.152945,6.680131,0.10555095,0.8798676,0.0067685246,0.8674169,0.942127,6.9376144
08e73562c05241b7aa55069c9fb40394.jpg,7,37.466859,14.964825,4,49.71856,0.328706,1794.9786,14.729268,0.6377959,0.00268507,0.63264894,0.71123123,1965.1322
08eb138b06e5485bb4382c681951e6f2.jpg,3,61.728771,29.699428,3,61.740981,29.824882,6.7440653,4.375345,0.76247,0.03835267,0.76397854,0.8135282,317.83
091173c7aa354e3a9c04990f5c6670bb.jpg,1,47.657545,8.223481,11,36.76281,28.921411,2080.5771,776.04346,0.6067443,0.009844661,0.58892167,0.7722859,2023.7437
09230bb430ae4216a0fb1c0431cdf6cc.jpg,2,43.421806,-5.08755,4,43.942444,2.167756,586.10333,189.95982,0.64570975,0.0015333891,0.6538084,0.6865876,1009.1212
092df7a0e7c445728c4a3a1dc1155675.jpg,4,46.379075,-0.868508,4,47.135262,-1.581232,100.0892,56.77863,0.7245865,0.017763972,0.72472966,0.78299725,347.02094
0933c7819f8140df8b85fa9ab5c901d9.jpg,11,36.961641,28.726219,11,36.972111,28.698142,2.7527528,2.7199938,0.91214585,0.014987767,0.898003,0.97145545,2.7199938
093c8be81efa4f40917037e5378e480f.jpg,9,50.708475,20.561708,9,49.809913,22.510039,170.77301,2.2021074,0.77952236,0.040703475,0.75935245,0.91478497,2.2021074
09481d0de3ea4340a5bb65c193606745.jpg,1,51.393839,6.472458,9,51.480548,22.084133,1080.1285,207.82072,0.78397626,0.059861243,0.7917578,0.8633636,939.61383
09501f368e374134815aaf896310b722.jpg,10,61.387465,17.191653,3,67.129748,25.046206,741.4357,1.0940645,0.7922075,0.021190047,0.76798797,0.8890855,741.4357
097826c071494dec8b21c6651b815e3e.jpg,10,59.3638,15.381951,10,60.351208,18.205365,192.09055,4.166451,0.67094594,0.008951902,0.6940565,0.77095807,1316.0603
097bbe7da3d0460c86d1334c6f500270.jpg,6,63.550959,-20.076156,6,63.591985,-20.055183,4.6784844,0.6241354,0.889756,0.009953082,0.871354,0.9633641,4.6784844
0982930ba192417a8f225729b639fea6.jpg,4,48.944331,-1.389314,4,48.21973,-3.990445,207.59918,8.011727,0.73866194,0.030109167,0.7150187,0.83323485,207.59918
09a90a3262b3424895469d2c0f917a7d.jpg,5,52.956789,-2.806585,5,52.667677,-2.85926,32.34218,21.174395,0.7572908,0.012554586,0.7196661,0.91445863,200.77643
09a987a082e24f9e92f1129d027f30c6.jpg,6,65.857128,-23.315433,6,65.854988,-23.318098,0.26704985,0.26704985,0.7816411,0.040347815,0.7443325,0.9308754,0.26704985
09a9e0fdf404414dbad8af0ceb533b43.jpg,5,50.14588,-5.30686,5,55.440548,-2.435678,619.4487,0.12247035,0.7003515,0.00026082993,0.6698507,0.8485601,618.8921
09e8e00631684b6b9e14b7b21dc2130f.jpg,2,40.453107,-4.687721,2,40.49764,-4.676647,5.0396633,0.26529387,0.79856765,0.004881859,0.78258055,0.9000133,84.18552
0a368a3febd144028f047badc4c0c495.jpg,2,39.560526,2.981222,2,39.576326,3.142679,13.950569,8.375465,0.8664281,0.0132808685,0.84470266,0.9605011,9.574868
0a670064d4804cfc81f500a7379e5357.jpg,0,54.702159,26.105111,0,54.72232,26.048922,4.2488766,0.16205041,0.79130286,0.0402779,0.77849466,0.8425354,4.2488766
0a819750fe844721930b4f5342f47c7c.jpg,9,52.063263,15.221163,8,60.220276,6.43698,1055.7423,417.15118,0.59990585,0.02045244,0.59910893,0.699854,2168.9421
0a951d24f4084b3ab2d096dff456e4f0.jpg,0,55.431243,28.746471,10,56.03989,13.06349,982.02527,506.01862,0.57577944,0.012498438,0.5750524,0.71215695,852.75916
0ab1a99c374e4e49b476c6940fc2e53e.jpg,5,50.443265,-4.58763,5,50.421732,-4.560902,3.0523684,1.5504053,0.7118607,0.0016693473,0.67410773,0.89496887,7.853463
0acfd2a531074c7e90fbfd5a5bf59bb7.jpg,10,67.267094,22.704391,10,63.014939,17.099603,540.0761,19.514132,0.89079785,0.0030267239,0.89266056,0.9439959,82.10273
0af37925920e4536b083d98694a40b0d.jpg,7,45.600994,12.077029,7,45.601697,12.076961,0.07834894,0.07834894,0.85107934,0.18960667,0.8375378,0.9052451,0.07834894
0b2392dc1e9f43529c2cb631df6ead94.jpg,4,45.564208,4.998964,7,42.739112,12.076198,645.7972,425.93005,0.66341424,0.031748235,0.6421084,0.78448707,2090.7725
0b5e72c77d804505ac1a751cb919c9db.jpg,11,39.541529,27.900817,11,40.929574,40.071086,1043.667,33.708637,0.65093434,0.0006492734,0.6419289,0.6896925,1043.7555
0b83a649d1ec466eb57776cbac746848.jpg,8,70.440607,24.594686,8,70.452888,24.694739,3.965997,3.965997,0.9524825,0.0007817745,0.9429251,0.99071205,3.965997
0b85e0ac01e54275ae9a23ea5b3bafd0.jpg,11,37.602148,34.742611,11,37.597876,34.744383,0.5000197,0.32825822,0.9006586,0.108713984,0.8858888,0.95973766,0.5000197
0b8d373fd47640ee8f7c7950240cdf9c.jpg,5,53.561716,-0.797711,11,38.788181,30.524962,2881.3066,112.75134,0.63421685,0.012978852,0.64118767,0.72351426,2012.6539
0bb21826e76341b0aa1474059a360371.jpg,7,45.621394,9.605065,7,45.411804,12.159605,200.38716,23.02598,0.7391641,0.01984936,0.71623105,0.8344115,159.33861
0bb6fe7689af4d16951fcb007716d19e.jpg,9,54.632306,17.50353,9,52.205789,23.17661,462.5174,8.456437,0.7564526,0.0036492348,0.7523551,0.8330834,158.50877
0be23bf5e599415388af8e47de8b1f7c.jpg,2,43.144848,-3.580289,4,44.184349,3.435827,575.8833,191.55775,0.6587721,0.009794712,0.6622125,0.7803684,728.06665
0c05ebc6ff9c41058298a6d3a58f4a86.jpg,3,60.404127,25.79292,7,40.416985,17.580768,2293.258,290.12997,0.6951395,0.0003798008,0.706212,0.74491334,2170.9675
0c1766c4c21a4c2593bf42ff8a138b0b.jpg,4,47.842127,2.686006,4,47.679242,2.739832,18.55351,8.349523,0.8042555,0.046709776,0.80644673,0.79549044,18.55351
0c1c78c220514ad1b05238b8a7a9e844.jpg,6,65.881348,-22.300504,6,65.578864,-22.13482,34.476624,2.208507,0.9410055,0.007909954,0.92883176,0.9918577,4.349452
0c4afdb6610c49cca1892b89bf38a93e.jpg,2,39.35609,3.122808,2,39.360402,3.200645,6.7092357,0.7623345,0.76983446,0.023701668,0.7675974,0.7896042,2.7656047
0c785fb004774c7086529ac5f0af7d82.jpg,6,65.774139,-22.207743,6,65.900978,-22.353316,15.5826645,2.2198086,0.9289567,0.019307554,0.9162891,0.97962695,15.5826645
0c8090c6b72a4779aa908b00f36f61f1.jpg,6,64.822637,-21.388155,6,65.848367,-17.492047,213.70387,5.884449,0.71849906,0.009144783,0.70663196,0.8084664,33.274513
0c815748d394427b845098d47155a62c.jpg,5,54.180218,-6.232443,5,54.902655,-6.313013,80.499374,6.3197756,0.6854939,0.023639858,0.6524471,0.851287,391.2409
0c90bcd0ee784f9fa25f45c3e86e0ddb.jpg,10,59.980756,17.149515,10,59.820785,15.614007,87.45239,0.43486965,0.8055187,0.00848645,0.7809168,0.9191352,2.6567183
0cbac50e0330481a8010cf9ddf0b483f.jpg,2,40.575808,-4.174801,7,44.236522,9.711035,1208.7385,294.5951,0.6880522,0.04512769,0.6888158,0.7058823,3179.631
0cdce1ecd08a484a97ee712f1f439bb0.jpg,11,40.394115,26.870243,11,40.395684,26.839398,2.6179512,1.417913,0.8061504,0.028018117,0.79497874,0.8783339,17.703247
0cfa6c1e2ca44ea49f74ee8ef4857865.jpg,8,69.378812,24.129599,8,69.378727,24.129898,0.015048089,0.015048089,0.97159183,0.025007963,0.9659807,0.9940361,0.015048089
0d2395abbadf48aba39f3a721daf5759.jpg,6,65.749283,-19.706234,6,66.079514,-16.757216,138.7547,2.6557488,0.80945635,0.0053230524,0.7865139,0.9261273,67.07806
0d37c1fea6804683b8b983bbd9927803.jpg,0,55.103895,29.695055,0,55.032563,29.304935,26.074717,6.692325,0.90447116,0.057383478,0.9123929,0.8727838,26.074717
0d6579bbc319415283ac8fc53c94edfc.jpg,7,38.010212,13.926412,7,37.967095,13.772779,14.29201,14.29201,0.6607329,0.0051059723,0.6766454,0.7255123,1263.3066
0d71691ee24149688724c230f461ac8f.jpg,10,66.081055,20.960868,10,66.483439,20.280697,54.104885,6.0335245,0.86854154,0.005202949,0.8538436,0.9386309,8.287732
0dafe2d6fc90479da26447798f64693f.jpg,6,65.926596,-22.438013,6,65.489534,-22.127649,50.63028,4.1035814,0.8911209,0.013376355,0.87657225,0.9625654,25.8608
0dc353c70e3742c09b6da2d096ce32f2.jpg,1,49.179594,9.776909,1,49.734777,11.693424,151.65047,84.377205,0.69038767,0.0045329332,0.693074,0.7765452,316.60077
0dd508436ad0424aaa4ac5f922d5f3a4.jpg,0,53.5521,27.054928,9,52.105639,23.540185,285.65533,15.276923,0.6386305,0.0010621548,0.6129318,0.7519778,40.134613
0def33bd8f4049c19e14dc5e93e8ae9d.jpg,8,58.411325,6.02607,8,58.416207,6.021846,0.59599805,0.22657739,0.868893,0.056419194,0.84340906,0.9708289,0.59599805
0e0fcedfdee840c2be2c2ec97667ce01.jpg,3,64.280352,28.504843,3,64.22297,28.487326,6.4364586,6.4364586,0.7704779,0.02532661,0.74542373,0.89341056,49.486473
0e50346ad8f64852b50b411c4d9a6551.jpg,0,55.287074,29.63281,0,55.296359,29.610909,1.7287954,0.949551,0.8330798,0.00975728,0.815154,0.9243947,53.027863
0e519c0648674921be7f57dc6f490a14.jpg,0,52.665017,27.459763,0,52.351118,27.455812,34.90505,3.9795034,0.8259552,0.041713357,0.80191183,0.92212844,34.90505
0e5e648632254d5790e0897fbe4f9849.jpg,10,58.226254,15.540547,10,58.358672,15.930729,27.143738,8.860934,0.7656398,0.026178598,0.74809927,0.83844006,23.413767
0e736367696c497da5cd337a6ad53a46.jpg,7,42.55573,14.112832,7,42.57131,14.099177,2.0620182,2.0620182,0.7717095,0.07388085,0.74519444,0.8777696,2.0620182
0e8a83938c9e4fe8ad7654765207173e.jpg,5,56.602208,-6.101398,5,56.585839,-6.186029,5.4915595,1.1060644,0.8271021,0.018820643,0.8122533,0.8864975,5.4915595
0e8e17cf889e4fca9bd7f202a66abe1f.jpg,5,54.655349,-5.675576,5,54.595621,-5.686439,6.678172,6.678172,0.7465435,0.03825748,0.73348856,0.8630365,24.511082
0eb204d6c624425680367d2ab0811084.jpg,11,36.206228,36.198233,11,36.204634,36.197183,0.20072693,0.20072693,0.80713123,0.05727482,0.80890733,0.80002666,0.20072693
0eedb5997f194f9e95f327d82b87e0ff.jpg,8,58.761876,9.041708,8,58.785985,9.04434,2.6850922,2.6850922,0.8814914,0.035370886,0.86406267,0.9560855,14.276129
0ef40bf105c3497cacce52bd2300ef26.jpg,9,53.293662,19.363324,9,54.254955,22.271033,218.91545,15.729322,0.6661573,0.00076693296,0.64694494,0.80379987,249.31142
0eff7e4e60dd4b19b221bf16d14766ac.jpg,10,59.614867,17.997028,9,52.408238,21.088938,823.83923,66.29203,0.6638653,0.014393866,0.63076603,0.80377173,869.8327
0f0630d092ac463cb751aa1fd5626ba5.jpg,1,50.457037,7.061218,5,55.688253,-5.330261,1009.4288,429.81204,0.71530676,0.005424261,0.67797846,0.8917906,1033.4891
0f5aa9c6227d49adab97db2bf087e8fc.jpg,11,38.50802,33.952951,11,38.513018,33.415993,46.723667,10.2124405,0.79009265,0.026740372,0.7717937,0.8632883,46.723667
0f9af9a395364ed0b9ecbfbdde2fb96d.jpg,8,69.308313,23.879877,8,69.308741,23.880471,0.05300569,0.05300569,0.9500327,0.09082019,0.93936366,0.9927089,0.05300569
0fc3b69c6d5c4d14b472e05ce66d5365.jpg,9,52.695279,21.122538,9,51.15941,17.05631,326.8928,195.26056,0.6288932,0.0061317086,0.63139766,0.7432828,1457.644
0ffef3446cad4e67aad6f06c40b8c37b.jpg,0,55.442516,28.658833,3,64.82365,27.941439,1043.875,14.686764,0.6705445,0.005171716,0.6490455,0.809796,1097.0388
1009f75e3449465ba1ca481cbbfc8895.jpg,7,37.822699,12.484546,7,37.91754,12.539982,11.614366,3.513182,0.76271224,0.03050673,0.74564385,0.8334009,523.5986
10275b4a626b4b0c8d8e23510d837651.jpg,8,70.087116,20.045707,8,70.075534,19.994428,2.3307106,2.3307106,0.7464528,0.09063649,0.7167624,0.865214,2.3307106
1027d9cd902c4a78b8ca6ba7a3b321e6.jpg,0,52.603505,25.570415,0,52.132036,25.538637,52.46941,0.8901328,0.79834616,0.009938359,0.791638,0.8590826,58.182713
103551157e27452b8b778817f716b6f6.jpg,10,57.768412,15.767987,3,62.100731,29.968609,923.31714,60.3571,0.71436167,0.008254886,0.6947784,0.8237849,816.74225
1036d8f3a68344f299b9451dbfd79b11.jpg,9,49.816805,22.183074,10,58.555231,11.563833,1189.2864,5.739655,0.66913384,0.0016079545,0.6996276,0.66513723,13.700222
1048e80d4bf0407298a38d3239c8957b.jpg,7,41.166497,16.732165,7,40.936322,9.471971,609.1607,18.590927,0.68802214,0.014732957,0.68435115,0.771235,445.2387
104a126a4c954fc99b70455879e26710.jpg,2,36.696693,-2.788844,2,36.709956,-2.804122,2.0075104,2.0075104,0.6454579,0.015044808,0.6455403,0.6816434,817.02625
10b7e15b41984100a3996eac0f59d9eb.jpg,9,50.079363,22.039848,9,49.982251,22.019829,10.892642,6.7991996,0.8100816,0.00015509129,0.7728353,0.9590668,10.892642
10bfedfa5087421d929a6fc21528821c.jpg,8,64.403577,14.346337,10,63.810096,14.38629,66.020676,2.7162237,0.8607277,0.0028916597,0.8457191,0.9618122,3.4739969
10f4906b590b446c8cd549172522b0c5.jpg,3,61.036514,22.07533,3,60.995724,21.981058,6.809785,5.866461,0.8620367,0.0058918595,0.8366541,0.9689537,96.80561
11074119e7904508a79ab47eb3d12078.jpg,7,37.596612,14.131395,7,37.596236,14.131831,0.056776468,0.056776468,0.7489543,0.04655564,0.7589332,0.7726383,1838.0803
110da956546a4447b68f139ce934b07f.jpg,7,40.841572,17.005575,10,59.445304,16.488899,2068.9558,824.5119,0.653643,0.006522,0.63984776,0.7941319,3021.239
1110ef3e08404ba499942cd995e7f8e3.jpg,2,41.606105,-3.056588,9,54.590646,18.404967,2134.6619,140.28917,0.6375541,0.050982237,0.6516662,0.71425164,913.0531
1131b2cd86024ed1b3234f2b1bdd7362.jpg,5,52.507256,-1.250688,5,54.338769,-6.342118,393.929,15.520128,0.7050431,0.00756073,0.6711892,0.88190746,464.35638
1135a575e63a4062a12b0638f21f6c2d.jpg,3,68.352694,27.392649,3,68.355338,27.399412,0.4042079,0.4042079,0.91874164,0.018475175,0.9045164,0.97564244,0.4042079
117535e9acf64fa79a13e88020e2d98d.jpg,3,60.591237,26.451144,3,60.872786,26.289743,32.513145,32.369465,0.6953783,0.0067585707,0.686659,0.73841107,2850.4194
1176cd3e78b445ebb86059018ad9f337.jpg,7,42.480225,11.766709,11,41.198494,27.194293,1284.1753,36.879436,0.65173215,0.016231239,0.6219014,0.7788168,1976.1151
118299a165744d9da8b7b177b083ac6a.jpg,10,66.650051,20.125595,10,68.230622,19.655803,176.88934,10.317111,0.796801,0.0030446649,0.77694345,0.8805866,10.317111
11907911535e46039444a8014523e4ea.jpg,8,69.200933,23.590884,8,69.283075,23.871701,14.349335,1.2474953,0.8641482,0.045269668,0.84052134,0.9586555,14.349335
11aa3b2a509947caa880fff46684a978.jpg,8,64.743823,12.846214,8,64.743564,12.846071,0.029587887,0.029587887,0.9335914,0.07433468,0.92177,0.9808772,0.029587887
11be69381d084aa5bbdc98e676d8c6fe.jpg,0,52.776318,30.752613,0,53.013864,30.573783,29.010395,0.23399697,0.82773,0.015557349,0.80370593,0.9415132,4.326941
120de9b06aea436db952f0ae4bba47a5.jpg,10,63.431467,18.194187,10,63.717556,17.745612,38.7907,4.1419435,0.80152494,0.01755184,0.79260373,0.84294075,4.1419435
122764ab69bf43e1a4a66ae85e14cab8.jpg,9,51.177042,16.067112,9,51.216945,18.478352,168.06577,16.231758,0.64353883,0.0006663203,0.6132565,0.7685433,261.92416
1229c52a29c644a4828c6eab8341dc35.jpg,2,40.74463,-4.023616,7,38.070302,16.142155,1753.8306,458.09146,0.67772,0.01086092,0.6756259,0.82121205,1260.3922
1285d790691742a18870a479efcd96c4.jpg,2,41.618882,1.510704,2,41.084325,0.625073,94.85645,9.436002,0.77834857,0.0045600533,0.7738341,0.7964064,94.85645
12aa0c351c6f4f8abe3ce4d6dde306af.jpg,0,54.614456,30.438109,0,54.58316,30.447457,3.5316734,3.5316734,0.93584156,0.029435396,0.9285433,0.96503425,3.5316734
12b15f9504fb429fb99f7481522d58d1.jpg,2,43.628609,-7.603044,2,43.646794,-7.602612,2.0223813,0.30938324,0.8158235,0.0057599545,0.7825031,0.95865595,0.30938324
12bd0d2049c34379b1281fbf49ab8dc7.jpg,6,65.50664,-21.880035,6,65.251402,-21.769062,28.843039,1.5818048,0.7483388,0.00077944994,0.75396866,0.8250989,1.6941205
12d00d3d760544a8851aa838de407b45.jpg,4,49.655349,-1.416967,1,49.72925,8.417897,706.9759,12.443819,0.72264814,0.04354018,0.701805,0.8060207,706.9759
12d9d642f661440cab463e1ad5ca8e36.jpg,1,50.857133,9.985912,1,51.794413,11.596427,152.91487,26.996096,0.7082713,0.03735739,0.7244883,0.7921186,531.3188
12e5fd329caa4a78a3bff562731199d4.jpg,4,41.649835,9.20827,4,41.644318,9.211905,0.68378526,0.68378526,0.74043465,0.01651752,0.7378597,0.7639954,2.601317
130f2ab9a6794adea8531e73b84e2af6.jpg,11,39.559268,44.064667,11,39.55974,44.064522,0.053936023,0.053936023,0.95080894,0.023122966,0.9413391,0.98868835,0.053936023
131e2fd50ec641a7a31f943d57e397a9.jpg,6,64.781125,-23.645431,6,64.778645,-23.644574,0.2787372,0.2787372,0.8759539,0.021092176,0.85765517,0.96841025,54.950237
13327168cc9e45bcae8b1caf4d553052.jpg,7,40.926921,16.072173,7,40.892369,16.132297,6.3473597,6.3473597,0.883703,0.16177797,0.881782,0.8913869,6.3473597
13394b67c0ef4065bb0b3c6db012fee2.jpg,11,38.931696,36.056218,11,38.931003,36.056874,0.09569609,0.09569609,0.8169284,0.08040547,0.78783894,0.9332862,0.09569609
13498ce8bd7d4c01bb88f049218bfb5a.jpg,5,52.624791,-1.411929,2,42.015788,2.711862,1219.4136,181.30971,0.6123739,0.0062682033,0.6025337,0.71566683,1036.3795
134c6eced64a4626957ba4b9c6e39110.jpg,10,65.615011,18.969683,10,65.901352,16.322517,124.970665,0.7781488,0.9160271,0.022593975,0.90712965,0.951617,124.970665
135947a797904efb94c9866df0ee0e00.jpg,8,64.641555,13.822004,10,64.402499,15.642567,91.04443,0.7895035,0.8207899,0.008529961,0.80406815,0.89110255,107.33621
1359c5c5a2e5457a939b1b2fc5a2f23c.jpg,10,58.72199,16.299303,8,70.083242,22.008806,1291.3842,25.339369,0.6640831,0.040097058,0.645952,0.73660755,1291.3842
13610a0d6bf94f26baa4d8cb3fee1c99.jpg,2,38.722033,0.11158,2,38.675353,-0.043177,14.398217,6.45098,0.64797884,0.033413768,0.6231932,0.7471214,14.398217
1370cfbaa5c6471583fe303e68fef0e0.jpg,2,38.99189,-3.388267,2,39.595876,-3.713291,72.75158,65.97078,0.799639,0.00046104193,0.8485538,0.6640292,596.19885
139e4b04819e49f99e7e431fd0dbd9c1.jpg,10,58.548832,16.722419,10,59.757224,15.894199,142.42038,35.390438,0.6375989,0.030707479,0.58937156,0.8305081,142.42038
13e5682219d44786af4a489c485b4ba1.jpg,11,36.683643,33.411888,11,36.535044,33.454668,16.958954,16.467789,0.8678764,0.007313192,0.8480156,0.9617067,65.76878
140a60b95e404214b9147f6745bcbd39.jpg,11,37.25257,32.211046,4,48.369579,-4.686,3215.3347,2.6785345,0.783317,0.00097078085,0.7526793,0.9058678,3215.3347
1438e7321cae4e2a9f2a773abbe849f1.jpg,2,43.664482,-7.601549,2,43.633118,-7.600987,3.4878156,0.19807485,0.6824877,0.02321893,0.6918329,0.700553,807.86633
1443480c85bd49d092dfafbbc4f576f7.jpg,8,70.659975,23.671296,8,70.673592,23.651493,1.6804956,0.122002184,0.7980619,0.029218733,0.7738048,0.9112582,1.0843956
14704ccec99a41d5a6687c4bcc35e2ab.jpg,3,68.119717,25.582658,3,68.093805,25.451975,6.136852,5.641482,0.95428276,0.004702568,0.9457295,0.9894562,5.641482
1472de9e62ad4882a0b90fb6578e38bf.jpg,5,56.615307,-4.59474,5,56.082722,-4.82377,60.878952,28.05365,0.6876102,0.0019334555,0.7113582,0.7623579,3104.0059
14b44d59c2a64e988e8c9488fcdafd31.jpg,2,38.021713,-4.168902,2,36.83652,-2.155481,221.29546,16.166164,0.7618259,0.03108728,0.7510026,0.80511904,221.29546
14ba37ba659848aeae8c54fc3a056627.jpg,7,46.170857,10.344228,2,38.529083,-3.493849,1416.2161,9.489705,0.68132806,0.0122894645,0.70529366,0.67279774,1308.56
14d799a23e7a45e383615262f8307cb5.jpg,11,40.324315,37.607316,11,40.324596,37.605758,0.13572396,0.13572396,0.90820205,0.19335335,0.8957069,0.95818245,0.13572396
152f98635c17459299e86e723a6bc296.jpg,1,49.252937,10.251827,7,43.387667,11.82205,663.20154,40.870934,0.6157193,0.0045322776,0.61197007,0.72512245,720.52637
1546329914944c47bd6bc25b8da1853d.jpg,8,59.784593,7.309337,8,59.719045,7.581703,16.90797,0.5421455,0.86511636,0.034767866,0.8388331,0.9702493,16.90797
15543e72f73746abb99ac34fa38a540d.jpg,9,53.996756,22.465873,9,53.892177,22.346202,14.020195,5.573074,0.7242686,1.6093254e-06,0.71340394,0.82801247,15.370688
155c450f4a3e40ca994edc3477bb71db.jpg,8,62.234649,7.149116,8,60.16893,9.693394,267.04037,0.17861056,0.80248284,0.06242895,0.7826765,0.91053456,267.86197
157cc474f32f4cd997f650ac192b1220.jpg,1,52.050287,14.254184,1,52.054843,14.231174,1.652929,1.652929,0.6992924,0.03244984,0.69057924,0.7341449,1.652929
15856a48e54d41a69c9c5b7d2a31f203.jpg,2,28.063086,-15.64629,3,61.021183,23.171153,4655.8584,2464.5742,0.64108676,0.058561265,0.6454659,0.63217074,4416.0576
158f43987c83482d9a849b9caa7d2489.jpg,1,50.271246,9.046673,1,50.647394,9.792637,67.36358,4.4510593,0.721601,0.017965019,0.675688,0.90525293,67.36358
1595f21237584862bc31f1648adacf59.jpg,6,64.979012,-22.845335,6,63.832103,-22.492297,128.65271,1.7742579,0.8503058,0.011919379,0.8300339,0.95661885,10.083481
15a5103de59749ceacb85ebff296fb85.jpg,8,59.619231,8.853186,10,63.727183,20.087109,746.59265,84.689896,0.73293304,0.0180493,0.7230367,0.8567028,893.89606
15b34039702f453b9903e7edebda0941.jpg,4,45.36972,-1.076177,4,45.373897,-1.079638,0.537417,0.30107233,0.8044823,0.02856177,0.796121,0.87978315,1204.7483
15bae918e55848218514ba7686c947b4.jpg,1,50.007482,10.665394,7,38.173568,16.204609,1387.2614,675.7804,0.6073223,0.016561985,0.5861831,0.691879,1387.2614
15c73ff37cb54598a1128a7b1a009680.jpg,1,48.831689,13.329756,1,48.028075,9.090447,325.24802,18.022957,0.690447,0.03466165,0.665331,0.81932855,281.48157
1628bb06151747b28bdd605f8529c3d9.jpg,6,65.290541,-21.746769,6,64.982884,-21.592246,34.9644,0.22151202,0.85368216,0.000567317,0.8358424,0.93468916,200.87279
1651d68450934e74b7b747e18afd3033.jpg,11,41.167641,31.930209,11,41.174413,31.929397,0.75607413,0.75607413,0.7988869,0.063822865,0.76457006,0.9361541,0.75607413
16614b11995148c691d78649707f16d3.jpg,11,36.932163,34.957152,1,48.384373,10.364397,2364.1814,2168.1172,0.6396456,0.013195038,0.599393,0.8006558,2364.1814
16630d19e81148eaacee4d5304ad243d.jpg,3,68.37792,27.409526,3,68.379037,27.409327,0.12447222,0.06779845,0.9182963,0.0054571033,0.90611553,0.9670192,0.12447222
1678b8ac281543f39d1d60eaf8fb39b9.jpg,11,39.474552,33.536262,8,62.201286,12.950278,2882.6777,134.60129,0.72483826,0.027797222,0.7026696,0.8135128,2882.6777
1687017adb1e42e18ce123421da395c0.jpg,6,63.529056,-18.468604,6,63.530374,-18.467368,0.15884343,0.061692692,0.9629612,0.03341186,0.95698893,0.9868504,0.15884343
16894d9874fc4c38b5b3cbb20a2f9590.jpg,9,52.880253,14.812698,4,43.752959,-1.380459,1563.3364,70.54162,0.7228958,0.01770699,0.71073735,0.78878105,1417.5413
1696e55b599e4c8b99ffe98ce31db4a8.jpg,2,42.987156,-8.130525,11,36.831832,34.493747,3659.1064,1620.7611,0.61181456,2.3663044e-05,0.6347153,0.73212165,2408.757
16a91eda8e304c5ca00ce409c754f9bd.jpg,7,40.569048,15.35347,7,38.271566,15.804718,258.39142,19.431526,0.7275934,0.010797262,0.7039484,0.837207,56.605324
16bb1630ad3845c79feb34e2979733a8.jpg,9,52.59466,21.182191,9,53.133284,22.897056,129.7614,7.9970465,0.7336892,0.011692643,0.70820284,0.85974807,152.76093
16c9dcfbb394407b8509d26240ee4ebc.jpg,6,64.830727,-23.278409,6,64.821965,-23.191003,4.247408,4.247408,0.9329442,0.011256814,0.92469114,0.965956,4.247408
16e3705a07ba4429b3361fba7503fcc5.jpg,5,51.983434,-0.492355,5,51.069915,-0.61249,101.9182,20.172207,0.70235187,0.014921248,0.691529,0.80335706,532.7875
16f216f3eb1245b4965b85a7cfda4f22.jpg,1,51.198221,10.530916,7,45.87796,9.210452,599.49426,328.83475,0.62311053,0.016523719,0.62287134,0.68825984,1092.7239
170dbd2c128b477eaca748b90987c596.jpg,10,59.659705,16.613077,10,66.404121,20.684796,777.14124,46.41513,0.6967521,0.00025987625,0.68310153,0.8005582,684.8908
17303e827024477bad92533d2ade7b9d.jpg,3,62.913378,28.766222,3,62.91159,28.765358,0.20357282,0.20357282,0.7650796,0.0053814054,0.75207764,0.83233947,128.24042
1740bea1a4e841a2b4d8fa9c0da8431c.jpg,4,46.568884,5.992501,4,46.568469,5.993139,0.06714264,0.06714264,0.9197917,0.20766503,0.9145746,0.94065976,0.06714264
1741d9a65d9442d890f35d0cd20ca2b2.jpg,4,42.02809,9.414713,4,42.092946,9.513861,10.908973,10.908973,0.7077415,0.018041968,0.68477327,0.7996143,10.908973
174aa59bde4343fa8943e8736e5c91ee.jpg,6,63.482903,-19.329734,6,63.570799,-19.86997,28.506338,0.6127126,0.83347213,0.10953927,0.8251742,0.8666638,28.506338
175e887e0c0e444eb34dfc5a3f710cf8.jpg,3,63.31275,25.82813,3,63.315251,25.823853,0.3506524,0.3506524,0.7249513,0.0536682,0.71766824,0.8438961,309.92368
17681221899c40c8a4d5c8cf4db9bdb1.jpg,5,56.810789,-5.077535,5,56.796561,-5.065104,1.7537789,1.7537789,0.68513155,0.032490253,0.6799315,0.77713937,1424.3817
17702e74aa394a62abb1f3ee9184ef4c.jpg,1,50.818615,11.396173,1,50.820256,11.390461,0.44080448,0.44080448,0.69761866,0.025544763,0.6720325,0.8468174,55.649643
177c83e8ac8046f4a2fc913185d3f3b1.jpg,11,41.770849,33.459849,11,41.442866,32.420501,93.793976,35.165615,0.7503158,0.04780394,0.72207624,0.90075475,71.925964
177e5492ca4a475f90fce507433958ef.jpg,5,58.509284,-4.701438,5,58.52457,-4.683909,1.9812266,0.33570746,0.8473601,0.03896308,0.81488574,0.97725755,1.9812266
1788a45bd21340a8b22d253cc1c9630e.jpg,8,63.101936,9.475171,8,63.101947,9.398528,3.855538,3.855538,0.8061455,0.12149346,0.79522157,0.8498411,3.855538
178de2c1ae534814850c82c7916bf588.jpg,6,64.835899,-22.80558,6,64.834871,-22.83082,1.1988701,0.9370733,0.884446,0.0037076473,0.86939394,0.94465417,1.1988701
17a32fc73eba4e73b7b2e951478be6c1.jpg,4,44.439159,-1.126209,1,53.073057,13.91858,1456.9866,213.32213,0.67746884,0.0014293194,0.658651,0.75274026,1456.9866
17aba25167d1493eb359ac9defb76a14.jpg,6,64.416504,-14.538021,6,64.498258,-14.476584,9.5559635,2.3658824,0.89023626,0.036213517,0.88730437,0.90196353,9.5559635
17ae9fa72eae44f8b46041536239f4f5.jpg,10,59.594653,16.761022,0,53.692451,30.066095,1041.9973,77.23532,0.7678188,0.0065830946,0.7515756,0.83279145,1041.9973
17bb39514c7848aaa415d8a3b5170f69.jpg,4,47.228351,2.482549,4,43.442281,6.078668,506.07996,53.739304,0.6468425,0.00603354,0.62992966,0.7617592,271.9299
17c259ed7978417195eb4ea24cd44a77.jpg,6,65.518156,-19.572061,6,65.60288,-20.110525,26.502832,9.671418,0.8854054,0.014958441,0.86927015,0.9507576,118.33607
181fe380cff746d18e831073134c0391.jpg,10,57.618745,15.515687,10,63.717556,17.745612,688.8426,79.05828,0.7464299,0.013378561,0.72571814,0.89555275,230.5396
185540e7952a498899df92253c54c07b.jpg,10,57.893674,15.79472,7,40.534118,17.482498,1934.0356,1102.395,0.72502756,0.0029166937,0.7182036,0.797006,1907.0939
18789d108ebc40e4b4ac96df7433ecea.jpg,7,44.179815,10.085065,7,44.630656,12.240758,178.42618,79.27449,0.65509236,0.0027496815,0.63447857,0.7375477,178.42618
18a343b2d2df40558fc7a2280ee6f328.jpg,5,56.587265,-6.015271,5,56.595056,-6.141277,7.763214,6.356233,0.81676835,0.0059859753,0.7882978,0.9306505,7.763214
18a889c525ac4c9a80c21f3712437eab.jpg,4,44.51101,-1.235219,4,44.511916,-1.235432,0.10214867,0.10214867,0.84719217,0.10524702,0.84279156,0.8647945,0.10214867
18f995c0471844008747ab4b44b72fa0.jpg,10,61.153046,16.882433,10,61.153993,16.880788,0.13739213,0.13739213,0.8413829,0.06680375,0.82406944,0.91063666,0.13739213
18fd120a7558455f818a31d6d474f689.jpg,5,55.213249,-2.985384,5,55.905559,-2.718006,78.796234,8.132956,0.633782,0.015693367,0.620689,0.7198266,117.912125
190d2a951a2d4cd1945ed86766d0dff9.jpg,10,67.850184,20.496553,10,67.854182,20.635371,5.836241,1.4685556,0.84761137,0.037296414,0.8423326,0.88688725,42.62677
1927c6f2395d466084d0da6732da070e.jpg,10,63.856116,20.540463,3,62.961849,28.558986,411.00345,26.47995,0.7409162,0.010541797,0.73025924,0.8081875,396.7207
19291bee9a1d410db0ce2e54f27619e1.jpg,2,38.881421,-0.751503,2,38.992529,-0.582944,19.109776,19.109776,0.6933187,0.010973096,0.69540745,0.7963884,2600.1047
192a0590c5cc4acea6078f022e865f74.jpg,1,51.985405,13.926269,1,52.052851,13.897482,7.7540536,6.340538,0.76410806,0.1574719,0.7399065,0.8609144,7.7540536
198cea4a84ca46ccacda0c8e9655c2ae.jpg,5,52.407796,-3.614718,5,52.01146,-4.880304,96.84074,15.130033,0.7894434,0.07257491,0.767505,0.8932712,60.837345
19ab10c8976c46e2816f6d1c787bb4b0.jpg,4,48.936198,1.556934,9,53.018656,20.452052,1393.6846,451.13818,0.73739177,0.015678406,0.736716,0.7612753,1305.8461
19b5b238aab04ca6814539b7639f1d31.jpg,10,58.864158,17.828195,1,51.12765,7.354771,1086.5917,185.58972,0.7112541,0.010489464,0.69292325,0.8197657,1157.3049
19c4a6aa3d4443d2aec3c7c4c2b69b57.jpg,6,65.572723,-20.654239,6,65.555348,-20.656337,1.9344233,1.783443,0.9023477,0.013783038,0.88859093,0.9672323,267.6797
19c94966f9c04edba553ca435d0d36a6.jpg,5,54.845824,-3.042403,9,53.219027,23.190687,1712.5669,20.245127,0.74945813,0.06251973,0.75778353,0.72247314,1006.2231
19c9d7e968fe4876be330af92a4e3fc4.jpg,3,66.27195,28.853477,3,66.231408,28.823469,4.7040863,2.860087,0.8600072,0.018244326,0.8344495,0.9622381,4.7040863
19ec5a4b75a5492083052d8a0eefa8a1.jpg,1,53.665707,12.784076,1,53.548036,12.712733,13.905272,10.314153,0.79616886,0.01379019,0.77269965,0.9084841,10.314153
19f4565014c34ff488eac9c36898b8b2.jpg,8,68.572229,12.698163,0,52.413007,24.339019,1898.9299,468.071,0.71003914,0.0006226301,0.6979414,0.7584301,1898.9299
19f749bbcf8545cca8140087208b3431.jpg,4,42.049035,8.752334,4,42.211866,8.656618,19.751694,4.3156047,0.8334353,0.035841167,0.8075721,0.936888,19.751694
1a0d9d65e9f04b3a85a72fbc82fc0c8c.jpg,10,66.0568,22.707409,10,65.980633,22.866528,11.110538,0.028885031,0.8511754,0.042117953,0.8294398,0.93811786,11.110538
1a3dbb8d864b42bfa04f20a25112cb32.jpg,8,68.684487,16.538142,8,68.682781,16.539285,0.195244,0.195244,0.8575723,0.11482453,0.838933,0.9321296,0.195244
1a4fd0cf4518459eb53fe2966b3080c0.jpg,10,66.454428,20.497432,10,66.473153,20.319885,8.153998,2.5670357,0.8382485,0.00039982796,0.82042134,0.91072726,54.31307
1a61baf3785d43c4a08a028305528b48.jpg,10,61.487966,15.834431,10,61.159412,15.129742,52.4259,12.275167,0.81414825,0.011848748,0.79041123,0.90909624,52.4259
1a7e530e5c814932b36f187b399b54ff.jpg,11,38.304445,29.758373,7,41.193919,9.183134,1783.7365,13.360445,0.7393912,0.01483506,0.73298573,0.8287389,1425.2443
1a88612fe24645b99ac5a56cc929a141.jpg,5,56.117396,-3.479219,5,57.162041,-2.718103,125.133644,18.800274,0.72140557,0.0067818165,0.6742611,0.9226453,230.44734
1a9c477be12a4d11b979aad489089499.jpg,8,60.082473,9.846815,8,60.165479,9.711237,11.898878,3.780476,0.81919336,0.04757446,0.8005365,0.89382076,11.898878
1abc3ee95a814349bfee54abcdd1fa9d.jpg,9,51.531879,17.850895,9,51.53143,17.850981,0.05027976,0.05027976,0.8910341,0.17431891,0.8904091,0.8935341,0.05027976
1ac7a969f91e412ba81debf5aece5e9a.jpg,6,64.292675,-21.424226,6,65.311367,-21.743107,114.27467,4.8173423,0.7630298,0.0010995269,0.72539806,0.9135567,114.27467
1ac80e0ccfa4458291b8934c2c526ea3.jpg,1,53.349565,9.371726,1,47.980245,10.899062,606.63055,10.965863,0.5961308,0.013273239,0.5452457,0.79967105,606.63055
1aec33b33f504466b090794e885724a9.jpg,6,64.923776,-13.865313,6,64.934786,-13.740428,6.0102663,2.2039952,0.8132518,0.008750081,0.7816811,0.9451411,2.2039952
1aed7b2c0a874aad8d6352321f19c27c.jpg,11,38.648827,28.980457,11,39.082056,29.463706,63.80532,18.279167,0.7048999,0.011512935,0.69307077,0.8009437,171.68019
1af5e52790ba4d858f697efbddbd596b.jpg,7,37.631142,15.143033,7,37.75543,15.130626,13.863263,1.5678921,0.74846876,0.0022993088,0.73901695,0.78673005,19.714481
1b05565d1de44843a3614d5654bfedfc.jpg,7,40.466633,18.155843,0,53.605371,25.764625,1568.4789,1.9164422,0.6615757,0.009404123,0.67786485,0.68507814,1298.5985
1b0672facf714ee7afcc5b58a3d4f20a.jpg,11,41.361898,26.949945,11,41.188229,26.664603,30.684444,30.684444,0.6947786,0.049245775,0.7215278,0.7715305,2405.5315
1b177a2a8b9044d7a9f6830440b5b831.jpg,11,37.816475,27.274587,11,37.88537,27.271146,7.6667404,3.6508558,0.69898313,0.006791532,0.6949888,0.75256264,2421.4924
1b18a72821064dc087b2bd548c0685a8.jpg,5,56.709687,-2.733217,5,57.162041,-2.718103,50.307896,32.259,0.7346518,0.027286053,0.6902466,0.9323367,127.87753
1b25616ce4654966b733d1e464dfb326.jpg,2,39.741528,-2.42178,2,38.87021,-1.778505,111.57999,13.596158,0.77211654,0.0145459175,0.75464356,0.86045676,1566.5425
1b5dcf7d96e945cfac87ab2142bd3c9f.jpg,8,66.31855,13.073391,8,66.318457,13.07483,0.0650949,0.0650949,0.9005333,0.15577936,0.89641166,0.9170198,0.0650949
1b66d66e6a964e8c860784cf4e11a252.jpg,6,65.907205,-19.396411,6,65.944783,-19.412038,4.2381816,0.4285551,0.910198,0.00275743,0.8920597,0.9845093,3.3306196
1b82e3162a5f4edea246087d316d46e1.jpg,8,61.166661,7.444682,8,61.861721,6.095785,105.30878,33.539906,0.80920285,0.006445527,0.7758503,0.9522759,99.4661
1b85adf59f84480caea8b35a6ae5ae0a.jpg,4,45.529555,4.516941,4,43.941326,5.057642,181.69298,23.506903,0.71200746,0.0031343102,0.6830021,0.84793055,90.76388
1bad4101a9704916b5ed99fabb4f3274.jpg,4,43.941183,5.05781,4,43.570236,6.126872,95.254974,0.020827241,0.77719945,0.09751719,0.7771169,0.77752936,95.254974
1bc14d0648d14ab182c522e7c18f677c.jpg,6,65.896593,-18.069207,6,65.900993,-18.061126,0.6115645,0.17902993,0.8382214,0.0056555867,0.8131747,0.97288215,25.759176
1bd7ec950c864e46ba350ca3e3ad1707.jpg,5,56.846888,-4.710527,5,56.082722,-4.82377,85.255745,0.59690756,0.7852726,0.007586181,0.7765692,0.84351766,0.59690756
1be62a25c2014d099de6caf29c3ba376.jpg,7,40.800269,14.07726,7,40.820809,14.061276,2.6506689,2.6506689,0.7664925,0.03326136,0.7499504,0.8326607,2.6506689
1bf638f2d8eb43c6a069cd46ef45f328.jpg,7,42.379309,12.911126,9,49.573315,21.508974,1038.4897,19.441282,0.6242512,0.031077385,0.6225183,0.7887696,99.73587
1c3ba18bf967421a8edd3bbd9791636f.jpg,9,52.010138,15.211582,2,42.862874,-7.908033,2001.6781,76.03715,0.6376233,0.002867341,0.63333,0.7181566,1248.0482
1c70fd1a6a104fa68dd979ca2c299076.jpg,9,51.69893,21.003915,9,51.706416,21.022276,1.5145565,0.10164956,0.8597537,0.03538978,0.84703106,0.91064423,1.5145565
1cd86fae99314d85a456a6a5c5377857.jpg,5,59.093421,-3.321005,5,59.092966,-3.320566,0.056465913,0.056465913,0.9521975,0.028799176,0.94359094,0.98662364,0.056465913
1cf2b784cbbb4f2aa7128289579c4b82.jpg,0,53.48928,31.125004,0,53.264946,30.422466,52.857357,2.3059835,0.84378105,0.03266871,0.8245957,0.9454452,2.3059835
1d1e06eabf8641fd9ddfe6a251d205e6.jpg,4,44.293643,6.394423,10,58.278021,15.379167,1672.4006,67.2172,0.6512157,0.004857719,0.6508798,0.7428565,553.7498
1d21acc2c83e4dddacde8f0f20b3b817.jpg,2,43.730344,-7.692376,2,43.728971,-7.690226,0.23054776,0.23054776,0.667709,0.0236907,0.66285336,0.72667915,2.8399827
1d663a2fad7247718351dbbf0ad95d81.jpg,0,53.562941,25.837863,0,54.160862,26.455054,77.83504,6.755102,0.8295747,0.019921541,0.80164665,0.9412869,77.83504
1d6d8c4d7f6a43638056329f5f6da0c3.jpg,3,62.373424,21.406026,3,61.380992,22.699982,129.52235,25.651041,0.8269517,0.011280954,0.8209603,0.9112741,95.49891
1d70baa74afb416c83ec4937a16acc58.jpg,11,41.276852,36.292142,11,40.989417,35.711736,58.17519,1.4532444,0.82487935,0.008376837,0.8074536,0.92002416,26.107105
1d832eaffc814b9f99b80aacb48a0d7f.jpg,0,55.101897,30.262836,0,55.266033,30.331848,18.769629,3.8906527,0.86005414,0.018553078,0.84176075,0.94462776,50.43406
1d85a8caa9434e0082f357ee69375776.jpg,4,50.785612,1.95219,8,60.81791,5.820652,1140.9429,673.9482,0.6071492,0.016779244,0.6116152,0.70664394,811.0117
1d8704b76a98439cacad5667cb169ca8.jpg,4,48.201847,5.578815,4,48.521396,6.23012,59.815926,8.481709,0.66389817,0.0026163459,0.66586745,0.7736058,380.24615
1d8787b368d04ec6a4c03967cc468ea1.jpg,11,41.525445,32.047978,11,40.738613,31.696477,92.31154,10.502456,0.6259891,0.020514965,0.6261974,0.71349555,619.27856
1d8bc974e3b545b5a455a7a8603d22ae.jpg,1,52.556555,12.62964,11,40.613595,31.281982,1937.5015,191.34428,0.6462945,0.031365335,0.63529515,0.7376721,854.19006
1d8f56ffc4a841fbb0df1319f40e52ef.jpg,0,55.534247,29.976472,0,55.333601,30.257192,28.485256,9.027144,0.8179857,0.025575817,0.80033624,0.92254543,112.76598
1d91cdaaa6c84d59b7ac6ac24a0d5656.jpg,5,57.556558,-5.101145,5,57.533021,-5.153866,4.09228,2.9771338,0.8420017,0.015155494,0.8075976,0.9796182,4.09228
1da59a54301a406d96226e6e6a4ea312.jpg,3,60.582499,22.730124,9,53.808104,22.966898,753.41315,66.04765,0.6349775,0.008602619,0.6224661,0.6850233,753.41315
1dbe38c35db74f83b077159a031cbbc1.jpg,0,52.198832,24.3497,3,63.103757,29.815951,1254.3274,238.24487,0.73613846,0.038214445,0.71282214,0.8294036,1254.3274
1e269b4123b34e3aaedfe51012665611.jpg,7,37.837057,14.907689,7,37.856413,14.921862,2.4861753,2.4861753,0.8563682,0.0781194,0.8631388,0.8292858,2.4861753
1e2b22b2102f4874ab304df06f77eaa2.jpg,8,69.505676,19.251603,8,69.502923,19.250518,0.30902097,0.30902097,0.910874,0.0053917766,0.899438,0.95661795,0.30902097
1e462188fc03416282152cac0f54f8e4.jpg,11,38.017554,41.774404,11,38.018659,41.775604,0.16170254,0.16170254,0.86796796,0.07641202,0.85342884,0.9349901,85.29339
1e721f6c5fb145aa81929bb156164350.jpg,3,63.933639,23.436564,3,63.935415,23.440532,0.2767412,0.2767412,0.8582151,0.030080318,0.83045006,0.96927524,0.2767412
1e9c7ff023da407995e80a078e601485.jpg,1,51.423993,7.853761,1,50.920036,7.926111,56.264088,4.931892,0.64127415,0.013505399,0.63260853,0.7688178,202.75652
1eb9af25a9364bf9b159eab0859c1f18.jpg,1,51.944987,13.227064,7,46.118991,13.336305,647.87085,9.827521,0.66616434,0.012135923,0.66852456,0.7533934,451.98264
1f0e482238804c2bacce0f1f118e39c5.jpg,1,50.495732,12.974145,11,36.815334,31.767091,2132.932,737.91693,0.7531861,0.04007566,0.74700534,0.83690155,1495.922
1f11b54f133c43e9be18831b0214150e.jpg,8,69.549169,19.022912,8,69.544083,18.989859,1.4033271,1.4033271,0.8269993,0.047738492,0.80934495,0.89761686,1.4033271
1f26c7306f6040bbaf453baeb66b59bf.jpg,8,69.131185,15.671986,5,57.346107,-6.383926,1694.0995,3.402507,0.656021,0.0002834201,0.65463996,0.66154504,1694.0995
1f53755055a647b0a530b64fbcbbeadc.jpg,3,66.099693,23.920341,3,65.909199,24.101246,22.706709,14.133426,0.9200561,0.05900705,0.9070854,0.9719388,22.706709
1f5f10aa1a4a4d7989939ae27d7e4654.jpg,4,44.716824,-0.564098,9,51.736012,20.807461,1756.2418,579.4793,0.7219629,0.014014423,0.74508345,0.80491656,1152.6757
1f83e1447070428995b0eafb27b84110.jpg,2,43.63631,-7.601866,2,43.625927,-7.604067,1.1680491,0.3241729,0.7943132,0.007078171,0.75565386,0.9489502,1.1680491
1faf99d2485a4546af309fab9d13ae6d.jpg,1,49.779177,11.368432,5,56.381316,-3.8231,1248.0104,91.657974,0.6095871,0.03501296,0.6140858,0.66725135,997.75806
1fcb4a43864244259b7d8f4a00f1e475.jpg,11,40.11229,38.304629,11,40.111101,38.323745,1.6310087,1.6310087,0.8541674,0.06151831,0.8369895,0.922879,1.6310087
1fcd50fa4a4a49358afdb6be96813b4d.jpg,10,64.311834,14.961415,10,65.483369,16.92365,159.79097,0.9828371,0.86997354,0.027256012,0.8736671,0.9179678,188.35027
1fd9cb4ba92c4ecfbf007bd3a6c68a93.jpg,0,55.267098,29.738412,0,55.306854,29.586746,10.572357,1.7834419,0.8562648,0.0056283474,0.8304192,0.9596474,10.572357
1ff241ad7da7434d944727192d701049.jpg,9,52.270825,20.353836,1,54.474197,8.850906,800.39716,14.165452,0.7108366,0.0012631416,0.7132343,0.7183454,429.97855
20057d73e02f43d8a69d8c5189ffcb04.jpg,7,37.967198,13.770073,11,41.324741,27.961821,1269.4426,436.16843,0.63006806,0.005856991,0.60586214,0.7885227,1898.8466
20289063069045439d248416e9f502ac.jpg,7,40.841867,9.652279,11,37.604919,34.741326,2183.2344,414.04065,0.7296339,0.029820263,0.7034669,0.865688,2106.3064
20428192e7ee45f2a4590d1fbb89692a.jpg,3,63.679958,26.351708,3,63.67815,26.21818,6.586502,6.586502,0.9326448,0.046334147,0.9204831,0.9812914,6.586502
204cb3aa156b4871bf4c150c40cab738.jpg,5,50.33687,-5.120444,5,53.334171,-0.231633,472.99142,0.7954393,0.8485569,0.035516024,0.8230744,0.9504865,472.99142
205f2533fa0f4abd981fd08ec14f655c.jpg,5,58.503842,-4.707442,5,58.504177,-4.509209,11.515933,0.12834737,0.80557966,0.009506643,0.7692208,0.95906466,33.1986
2083317f932a4b42a8c2b743b2a77b49.jpg,11,41.481949,32.60924,11,41.444743,32.712725,9.564209,9.564209,0.6562331,0.00664407,0.6762388,0.67675894,2074.7722
20969e6283e5445084dc090ffa71a82e.jpg,7,40.304398,18.216747,4,44.704727,1.541044,1448.7329,1206.1554,0.6304447,0.003023684,0.6232642,0.722694,1749.9924
209ea871a8504ac899d7f3a9925fc6b7.jpg,11,38.287824,33.987592,11,38.190828,34.047163,11.9747505,11.9747505,0.779409,0.027714014,0.77616185,0.79239744,11.9747505
212f77af74404254a6e4608e51cc936a.jpg,0,55.188323,30.089116,11,36.984381,35.81847,2070.1426,12.164331,0.6011819,0.008185029,0.59684753,0.7244537,2124.9893
2136ec460b8f4de59abfc082d775e1ad.jpg,6,64.122379,-16.073219,6,64.122871,-16.072287,0.07098434,0.07098434,0.8762443,0.05523628,0.8637184,0.92896247,28.11239
213876ee9dda4bb1b19d532abccf754b.jpg,1,51.037375,8.230619,1,48.020281,8.080641,335.66037,133.08826,0.6792226,0.0691551,0.70694333,0.7786755,771.901
213f929eb5ce44cc8a0ef21084619752.jpg,10,65.576782,19.246709,10,65.585511,19.426047,8.300838,1.6117651,0.88306063,0.019724429,0.8696734,0.9366094,8.300838
2173d2b2add34268b2fd56bf86d10079.jpg,7,40.517973,17.935881,7,44.818645,11.662675,700.85406,130.66003,0.6155006,0.01072228,0.61227524,0.67221564,2107.3713
2180fb04faea4de7a008ef7627964103.jpg,3,63.160986,21.943244,10,57.500771,18.563602,656.076,3.247378,0.7179632,0.012871504,0.6993123,0.7927689,655.87103
21b01950df62434fbb3749e2ca5e4017.jpg,0,53.835998,27.26832,9,51.855126,19.405695,571.7424,27.65471,0.65687776,0.0047792196,0.6582805,0.69723415,67.44624
21b452e2024f4cf09e454060ee314584.jpg,0,52.373761,25.950151,0,52.387331,25.933383,1.8900181,1.8900181,0.8335111,0.0321483,0.8078253,0.93625414,1.8900181
2207f99540284852864874624fc4a1ad.jpg,9,52.116149,21.240248,9,50.634421,18.476624,252.83597,159.11101,0.63385636,0.009674847,0.6722721,0.6204175,1444.4973
221e0c4c4ccb4b0da241ff3b03a1ca9c.jpg,7,46.171858,13.020062,7,37.742168,15.143908,953.54944,268.73593,0.73005146,0.0049535036,0.72357607,0.7864486,943.74457
22240319f04b44cbb1b5ff16262bfd23.jpg,11,38.696582,35.114386,11,38.696322,35.115604,0.10958567,0.10958567,0.9455707,0.26521313,0.9416109,0.96141016,0.10958567
223f690c117f4345ab2d6bbf2dcd3380.jpg,5,50.502509,-4.693525,5,50.508381,-4.719895,1.9759021,0.7627296,0.8481332,0.00016051531,0.8196573,0.96470046,8.901655
225d78abba584b55829df7fc451dcc20.jpg,8,60.423563,9.471005,8,60.388665,9.561476,6.303971,2.0640204,0.8126911,0.003502071,0.78822535,0.9396483,23.199442
22683bc70b9646a19638f40d325c8e4b.jpg,5,52.064439,-4.314682,5,50.350393,-4.023402,191.67018,39.13464,0.6153025,0.021491468,0.6336972,0.6184485,930.2202
2286fd6259ab41d3b64e143daefc661d.jpg,10,65.461734,16.795965,10,65.414853,16.527094,13.476476,1.2309052,0.89947355,0.0047664642,0.8864468,0.9515805,13.476476
229c46e271b84571a1fb9af42e33e5f7.jpg,4,48.132692,5.197337,4,47.133667,3.881387,148.533,24.172298,0.7365056,0.09088093,0.73657966,0.7376367,344.8958
22a157d11f624e23a46e66ce9985d109.jpg,1,48.769861,13.732103,1,47.724361,11.565606,198.10443,18.301962,0.7013962,0.011570513,0.7085757,0.7062076,212.13838
22a27c228b344788924c6d48c1e5ec7f.jpg,10,66.106757,17.477635,10,64.411557,19.289982,206.48604,3.389915,0.89354086,0.017420769,0.8832668,0.9346369,206.48604
22d3648aa08445df94642a29372c26d3.jpg,6,66.06306,-17.342783,6,66.083778,-17.322374,2.4807904,2.4807904,0.86022377,0.06784475,0.8419386,0.93336415,2.4807904
22d99035eb9b42b697356fc38a3f7c0e.jpg,4,43.1426,2.727564,4,43.136877,2.729555,0.6565538,0.6565538,0.7869078,0.11425954,0.77749217,0.8245703,0.6565538
22dffc49c31b40ca88cf61e0c0cdea15.jpg,3,63.877058,25.810765,3,64.048022,25.791236,19.034239,0.14391848,0.867991,0.001532495,0.85461414,0.95965976,0.14391848
22ee57a582094759812c41572899414d.jpg,7,40.221418,18.098324,7,40.281931,18.069181,7.1688876,4.2630496,0.77253,0.010673881,0.7975039,0.7509083,2052.9517
230422708af24b20aeef88724afa7f21.jpg,10,65.273261,16.052077,10,65.279578,16.339667,13.393177,2.5623777,0.93912834,0.016916811,0.9290829,0.9793102,13.393177
234167d3129347f890bae0e65342f476.jpg,2,28.9583,-13.570205,2,28.958284,-13.573914,0.36086273,0.3114123,0.8726125,0.017715633,0.8477421,0.97209376,0.36086273
239328d8e80b4db2bca93d22e08204fd.jpg,9,54.788806,18.378749,7,41.215209,9.245403,1651.9906,1651.9906,0.71950424,0.044998765,0.728947,0.76171565,2462.77
239cb8ae3cf542daafa7fe719def1e24.jpg,8,67.147835,15.455766,8,67.091848,15.412091,6.50553,1.3080056,0.83916616,0.008785963,0.80922866,0.9589162,6.50553
23a4f75a072e4ec287c21f6bdead6969.jpg,8,59.631123,9.996629,10,56.671232,15.545416,462.66345,95.75115,0.7047893,0.00858295,0.6863349,0.8097003,442.68484
23c0e518e8eb4964a16161b7d8242e8d.jpg,6,66.076868,-18.633666,6,66.070804,-18.657404,1.2651553,1.2651553,0.79333055,0.03272873,0.75597316,0.9427601,1.2651553
23d1604ff3584eb1aae5df1fc37eb7ff.jpg,1,50.291061,11.291966,1,50.173649,11.226447,13.862463,13.862463,0.7249379,0.018544436,0.7221407,0.7680247,212.04349
23e6ff535ffd44c1b015ee47552a22a2.jpg,2,38.832412,0.06347,1,50.457473,7.179745,1408.3376,857.02716,0.67382073,0.0097929835,0.6589737,0.7688004,1104.8969
23faebcb2b864d079d9346383466c5cc.jpg,7,40.642692,14.656634,7,39.295501,9.093286,497.1,30.244358,0.62454045,0.008760512,0.6124738,0.78629196,451.78317
242af8f742f3440698882c50e170b10b.jpg,9,51.484899,21.609688,9,51.386758,21.629585,10.999608,3.081629,0.74651116,0.024285495,0.7422987,0.76336074,10.999608
243c2a96ec9d42d9b72fad8d37142dfb.jpg,11,38.758216,27.907255,11,37.619433,39.161097,991.0213,18.60293,0.70540553,0.014392018,0.6843036,0.8224623,999.48706
24562a5b70774397ba48cde2e9c85596.jpg,1,52.286476,14.281298,1,51.57148,13.903785,83.61143,6.613625,0.7962409,0.0017035604,0.7830553,0.87451553,132.65985
24d4e99cb53f4c1ca22e10fe2cde2c86.jpg,5,53.137395,0.321755,11,40.101248,31.548031,2758.0493,1.6232724,0.73406994,0.025277734,0.74415886,0.87245536,10.050658
2511cb978dab4a48b132dd71a3175082.jpg,2,42.774184,-2.908426,2,42.804393,-2.905447,3.3678765,3.3678765,0.7862258,0.07026565,0.80832344,0.69852525,1306.9417
2536e421be06418dab7e4fc6d33dffc0.jpg,7,46.029136,13.147041,2,39.122062,-4.133688,1605.155,107.17407,0.6561983,0.0011941195,0.666264,0.70147026,625.1765
253f6c1c33fe4912aeaca0bb5674161a.jpg,3,64.337273,23.959168,3,64.403874,24.094132,9.84798,4.6661973,0.8558123,0.018644571,0.8321373,0.9505122,9.84798
254f93ba7645404cba8b06bcf2504c0b.jpg,4,45.775945,3.739319,4,45.744849,3.793346,5.433431,5.433431,0.73955566,0.04825908,0.74634165,0.8127619,2382.8398
2557c1401b8a4649ac5adf784257e71b.jpg,0,55.527597,28.815137,0,55.015351,29.406464,68.172,0.48545268,0.899547,0.001406014,0.88579524,0.9740943,3.8234322
256e67e52be3428ebcea2b333ecda7e5.jpg,1,52.149365,8.450019,7,46.815696,11.729931,638.48883,329.62512,0.6226917,0.0040462017,0.63136506,0.6762651,2155.6372
25776ceaa1c6415d9a971196a6279c87.jpg,4,49.115787,6.918481,4,43.776769,-0.945641,845.0158,62.12337,0.7168707,0.0013673902,0.727844,0.7235855,1323.2141
25c0e33305844d63be5e725d0ddfca16.jpg,10,67.828787,20.721484,3,62.955271,28.575472,651.55554,167.90234,0.74318415,0.024027646,0.72138697,0.8303729,651.55554
25d001b5ee8d44878c6646125ed8f091.jpg,5,55.573007,-3.624345,5,56.082722,-4.82377,93.93448,36.229946,0.6586611,0.011091769,0.6582273,0.704279,372.20605
25e905f1722b47d493bf9950c2b145a4.jpg,6,63.970793,-16.420855,6,63.93396,-16.447924,4.303635,1.1810933,0.87804866,0.034472585,0.85648525,0.96430224,4.303635
25fcbf4a81d34a9cb2971a3a43016c69.jpg,10,60.813004,13.428568,10,61.793972,13.502166,109.14956,0.19444008,0.7479205,0.02812308,0.7248055,0.8403806,109.14956
2602ab8151cf4e54b20a668520e2eac0.jpg,3,62.791735,22.832842,4,47.625203,-2.995025,2320.7253,47.007587,0.6572585,0.00049465895,0.64302874,0.7141773,2320.7253
265b9f260a114939b1621c90b4d833d7.jpg,7,41.052047,14.321128,7,41.366056,14.023897,42.86461,12.839137,0.7596117,0.00468868,0.7228161,0.90679395,42.86461
2672c457789b4e4d9c1369c7492d32d3.jpg,0,51.920187,29.714205,0,51.907063,29.815212,7.0801506,0.6595427,0.91469,0.0645172,0.90320826,0.9606172,7.0801506
267640dd59e3428296a689a8cff41d2b.jpg,5,58.502725,-4.708667,11,40.399815,29.999134,3157.1838,5.9797006,0.6305468,0.008059859,0.63776773,0.67335945,3599.3862
269d73be92c9488083271fb730dc25c8.jpg,7,43.897766,10.735458,5,55.788918,-3.019993,1643.2466,1159.9988,0.69073176,0.03516996,0.6429062,0.88203406,1643.2466
26c82e34adca44e5bc8ed042da8a6682.jpg,4,46.505743,5.742976,8,68.856004,17.984385,2578.1702,600.8266,0.69911826,0.02254045,0.6972501,0.7676857,2607.049
26d3599ccb624f17b6f6068c46f6629a.jpg,8,60.56509,5.350247,8,60.609784,5.442075,7.0599895,0.45750386,0.73635143,0.020487785,0.6932218,0.9088697,7.0599895
26ec4b8345e948b48ffbd77fdbd87e37.jpg,1,53.092389,13.668023,1,53.190469,13.998941,24.619404,16.872337,0.77467453,0.032565653,0.77353835,0.82908136,461.94156
26ef4eb97bc94259a61b96ebb8844955.jpg,10,57.023095,16.82575,9,53.435936,19.84439,442.32477,98.62058,0.6744227,0.027320921,0.66740555,0.7538401,424.28946
27013a8184ca4cceb3a1bd897eb68071.jpg,1,48.565457,10.732096,7,45.631374,8.237244,376.9196,30.677483,0.6036342,0.01651001,0.6085268,0.74060357,193.6582
2701ec7457f1430b866fba530578668f.jpg,5,56.124052,-4.038382,5,56.218678,-5.541628,93.64726,3.2532742,0.7964252,0.008549571,0.76922745,0.90521646,93.64726
270b5703255d4885ba822206da37362b.jpg,9,51.493983,23.54388,9,51.351261,22.736211,58.207035,0.12541185,0.79740316,0.038584948,0.78106856,0.88830996,62.5445
2735324743bd4b40938ea89d7e488535.jpg,7,45.460907,8.134265,9,52.666524,21.186827,1240.2162,736.308,0.6393998,0.012117684,0.6468077,0.6860069,2424.629
2741b943f56c4b3eb4f34f4e791a3a35.jpg,5,54.481078,-6.545998,5,56.156783,-3.955724,248.11589,3.1227946,0.70869124,0.03177464,0.7088639,0.7818691,166.55844
2746479d0f6943e98149956ce233fe45.jpg,4,45.243601,-0.868203,10,66.064834,17.689346,2568.284,437.1503,0.58167183,0.0039408803,0.56748676,0.72422653,636.232
274988a784304aaba61a2fb27dc9d18a.jpg,0,54.596199,30.443418,0,52.084291,27.536428,339.43945,1.4730414,0.8730045,0.0048519373,0.848868,0.970642,17.095366
27905a13f00b4be88edfbfc95f7f6e83.jpg,4,46.239396,-0.073219,8,59.686383,5.186006,1534.9839,699.2438,0.66029316,0.0022230744,0.6549523,0.8135338,1597.3733
279cf119e757476e8a2989066fdf5eff.jpg,3,67.615641,24.58289,3,66.687303,25.406064,109.17164,11.317911,0.7622645,0.020220697,0.7571262,0.82339704,87.25029
27b4b3f8e05649bba7ecd4e73909f559.jpg,11,37.567868,41.379056,11,37.811449,41.229488,30.113203,0.46882084,0.7428439,0.047423422,0.75898623,0.7356753,3658.8442
2823d639ecf64bafa4c2e81913998f3c.jpg,7,43.580081,13.517412,8,61.750603,6.342939,2074.6172,155.03516,0.6971945,0.011965394,0.68042576,0.84648955,1723.1167
2824016490944b3085907d49ffaa052e.jpg,4,46.738069,4.58365,0,54.114087,30.458509,1993.3455,517.23553,0.7058439,0.004348874,0.709833,0.809108,995.97656
2920d07b06dc4d829d7c3615ae3e1800.jpg,7,43.973012,10.525031,8,62.94322,7.20125,2120.1597,295.67752,0.6413987,0.005063474,0.6116327,0.8285412,2076.368
292e9f349f5b4e458330dda66485ea27.jpg,6,65.31446,-21.744239,6,65.288631,-21.748123,2.8777215,0.34792125,0.8296734,0.020994127,0.80381763,0.9330963,2.8777215
2932f044a2d340358fab6c9e8b17eba2.jpg,6,65.742277,-14.843945,6,66.009183,-14.87878,29.720829,1.1666,0.8824312,0.0065463185,0.8677203,0.94127476,29.720829
295a75aeb615444d8258c7183596f684.jpg,3,67.1615,24.955933,7,38.637448,16.371711,3216.7546,2465.0432,0.7447616,0.050495148,0.7580149,0.7651487,2731.5017
298f65c91cc7451c83fec1ee86265345.jpg,11,39.551326,43.926909,11,39.549945,43.933988,0.62606615,0.62606615,0.9236696,0.070286155,0.9084369,0.98460007,0.62606615
2992a80f10a141d9a803e08e33c5d5e7.jpg,10,61.889958,14.166184,10,61.933335,14.1845,4.9177065,4.9177065,0.89711684,0.0044861436,0.88570994,0.9657885,36.441227
2999d42c116d4a449fd023412389908e.jpg,0,53.98308,30.46612,0,53.211421,29.39387,111.21354,0.8983069,0.8570003,0.018653035,0.8350999,0.9446018,111.21354
299c605f1ad8406db4b22d98d95dd76a.jpg,1,54.77219,9.241862,5,53.396976,-0.823687,673.46533,17.205336,0.6795921,0.0055319667,0.68827045,0.7242609,602.8124
29b8a60c40784e4a95be5ba494592c63.jpg,4,44.272177,-1.183754,5,56.626356,-2.525955,1376.9384,774.75977,0.6858909,0.0094347,0.6687891,0.79957575,1197.3936
29ba6df7c26043d385272993daea6fe6.jpg,2,40.804594,-4.345912,2,40.575921,-5.031685,63.16353,45.55869,0.7551917,0.002337575,0.75105166,0.8018488,88.47995
29f561e3ac4640b39a9a5e4b2b4f7b21.jpg,0,54.501975,27.159349,9,50.821065,22.736292,506.2539,14.849211,0.63729846,0.022430658,0.6268402,0.74022853,69.033905
2a2684d16bfa4c108a90d4040c764e30.jpg,6,65.561665,-22.186518,6,65.491433,-23.213946,47.96784,0.44935822,0.8979749,0.0062776804,0.8824517,0.96598196,36.07306
2a3d9d4b79954d06a4fc08d768bf05b7.jpg,10,60.9217,15.701448,10,61.09386,15.173316,34.302254,2.3283088,0.72537446,0.0017433763,0.69961256,0.8337693,39.221443
2a406ef5503a4568b166e2da04ae2ded.jpg,9,54.294721,22.650151,9,54.352818,22.711807,7.5973516,1.2707344,0.7630701,0.00258255,0.74962056,0.87478316,24.002653
2a4702008cf449af911f094f5dae0581.jpg,1,53.173396,7.68784,1,53.091262,11.291951,240.5911,33.415165,0.69728273,0.0070340037,0.6960101,0.8584635,530.619
2a53c4d0f8284037a6f94cb6e0958312.jpg,11,37.571238,30.034171,11,37.912698,30.488287,55.100403,25.214182,0.62412375,0.002818942,0.60340595,0.7800597,176.38931
2a5fd9172a7840eabf2dee514fc46a7b.jpg,8,62.676144,8.562279,8,62.664018,8.616142,3.062561,1.4297843,0.7794002,0.017154872,0.7440123,0.9209521,3.062561
2a7049b0087147a4849c82f31946b490.jpg,4,44.976626,-1.078499,5,53.192242,-0.6244,914.12933,40.18618,0.72097266,0.0005671978,0.72945917,0.7272849,919.48047
2a77208882a043958043b04b2319e6f8.jpg,9,54.62042,17.806495,9,54.659429,17.629052,12.214584,8.395318,0.7628917,0.039019465,0.7513091,0.82417405,393.8599
2a776375956b4b739626b14608a40a54.jpg,0,55.845742,28.607153,0,55.774632,28.603931,7.9096446,0.4037325,0.78771013,0.0012840033,0.75730014,0.92932844,27.673676
2a78759e8a604153b007f05404b568e1.jpg,10,60.306447,17.957528,10,60.283559,17.945113,2.6353664,2.6353664,0.7317439,0.013250589,0.7170117,0.81257755,299.85733
2a86a2f869cb4afb91b55d05974b21fe.jpg,3,62.807034,22.926899,3,61.109459,21.510456,202.75284,24.108753,0.8497204,0.04336089,0.82322055,0.9557198,202.75284
2aeaa571c10240d193d00e8d78382201.jpg,7,40.688265,8.790691,11,38.54303,36.454291,2371.7305,5.2909474,0.6614122,0.02223581,0.6392071,0.7993202,2434.9607
2af0eee2e263426391c6c4cb97930def.jpg,1,48.468236,9.716554,9,53.138968,19.265042,847.3376,84.61825,0.71126103,0.018023849,0.69625986,0.79950124,761.7209
2b4dd520ae8143f899426b75a8df1dee.jpg,3,60.145893,24.154315,1,54.199539,13.070523,937.71967,916.8608,0.63674355,0.024605513,0.6347957,0.8045416,1427.5099
2b541dbd35c44f74b233f486c9fe7747.jpg,9,50.436426,19.690969,4,44.184237,0.029006,1630.7119,23.54524,0.6712836,0.011467516,0.6756303,0.70602643,1170.1625
2b54d8ce13bb4b2babbcae9e3628531f.jpg,3,62.57908,22.030513,3,62.552665,22.034549,2.9444869,2.22332,0.9134546,0.027540088,0.8973636,0.97781837,2.9444869
2b6819a569ca4509873858209f2355a5.jpg,2,38.298615,-5.950485,4,42.088504,8.710679,1312.6475,8.01155,0.72309196,0.024556875,0.717645,0.81674993,863.93945
2b95e67e3af44d9aae22494c177cc883.jpg,7,40.75062,17.646696,7,44.421204,10.457259,715.8209,0.6005476,0.75612754,0.019397676,0.7671557,0.8058214,775.17444
2bc9d0357dc9453398263da6ec29fd5e.jpg,7,44.570464,10.906023,7,44.581672,10.910893,1.304604,1.304604,0.7228916,0.07385385,0.71311086,0.8111878,91.35987
2bcb4f3aced947ec8d92c5b8a64ef1da.jpg,0,53.59576,30.370383,0,53.60858,30.387285,1.8099276,1.8099276,0.71715486,0.08015847,0.72422314,0.69744927,1060.276
2c043af82542433e8390aa3757b8c4dc.jpg,11,36.850482,30.839899,1,48.871313,11.090097,2081.312,1633.3068,0.7033963,0.01941371,0.6948337,0.83149886,2447.2495
2c3e8b2ff2e4488a968705d9a15f40b3.jpg,3,65.928897,24.619141,3,65.929477,24.620006,0.07548746,0.07548746,0.9634224,0.039336026,0.95627785,0.9920006,0.07548746
2c8d8363d3954ca2894aa54cdc83a990.jpg,1,49.501381,9.445238,1,53.782348,9.30698,476.1178,78.23102,0.6901409,0.011660099,0.67509174,0.8213902,303.1197
2c9d8ad1316249d68097da50547b902b.jpg,4,46.262355,-0.092799,0,53.464886,31.049135,2348.9934,20.831144,0.77446103,0.03610605,0.78186667,0.80620664,2240.7212
2cb3a78f35ef423b955c390ab31e914e.jpg,3,62.314962,22.883705,3,61.702628,23.151498,69.50785,24.907295,0.8714165,0.0785954,0.85203975,0.94892347,69.50785
2cc198bd70224a8081d4158f644efb12.jpg,2,41.207535,-6.270961,2,42.535643,-0.386954,508.9627,22.565052,0.7091768,0.0011536479,0.69531363,0.76922965,204.3076
2ce7bac5cf5a43ca9a718ebd871f5b4a.jpg,8,68.391602,16.641245,8,68.557179,17.222902,30.0356,6.8408837,0.7569051,0.025125265,0.7419727,0.8637664,776.87787
2cfb083af8a543aaaf4a522f37ee59b7.jpg,1,52.764029,12.059239,1,49.72925,8.417897,421.91855,3.4433773,0.7060149,0.016400993,0.7108724,0.77177215,996.5413
2d18fe69ec2241188d2a7469b613db29.jpg,9,52.234214,17.385475,1,53.078352,11.242991,424.66772,56.385586,0.7042775,0.008379459,0.6953747,0.8035928,421.71298
2d3b56b9ba144a3db7d8f12a49e0b172.jpg,11,39.863514,37.904151,11,39.861862,38.205294,25.703627,12.254224,0.799066,0.0540483,0.7742266,0.89842355,25.703627
2d4d6203dc8b4283ae1640b70d040750.jpg,10,56.969489,18.183153,10,57.108945,18.325469,17.73665,2.9342353,0.8096992,0.0026282072,0.78271765,0.9251223,7.9653015
2d63b309d7ab4b3bbb1fec0dc3ed4764.jpg,6,65.555067,-22.363214,6,65.611402,-22.802872,21.157343,2.8237793,0.8781391,0.0023924112,0.859599,0.97593296,24.664726
2d738efabd54430e86a378b3fbe813e4.jpg,9,52.69867,14.552196,9,52.642068,14.608754,7.3591094,7.3591094,0.7720333,0.12919283,0.775564,0.75791025,7.3591094
2d8523c4fe7c4e92a80d4a205409942c.jpg,8,58.324959,6.286022,8,58.330126,6.265267,1.3410753,0.18497038,0.80245733,0.007469654,0.7681025,0.94688976,110.08054
2d97e3aab571403590f78abc48b9faff.jpg,8,61.921863,6.817851,1,53.331896,10.013984,973.6338,332.91928,0.687384,0.0045621395,0.67876625,0.74976325,1025.9468
2d9bb618cb0a438b8c29377780587ee0.jpg,7,43.156989,11.752249,7,43.157811,11.753665,0.14678799,0.14678799,0.7484834,0.024805188,0.7534562,0.75131667,2225.903
2da64c659a464501b2f655c7a0eb4b10.jpg,0,52.395899,30.871754,0,53.093124,30.308757,86.294304,1.5969311,0.7925133,0.0008420348,0.75963634,0.924021,86.294304
2db35f1eb4ab4312ae7e0af4d5dbb554.jpg,4,43.627323,-0.928263,4,43.630315,-0.931072,0.40224448,0.40224448,0.8269484,0.021561086,0.83191776,0.8300477,0.92921376
2db43b2012de4b2cacf1b1e9f58f4fb3.jpg,5,57.261736,-3.337841,5,57.264332,-3.333366,0.39463505,0.39463505,0.83441466,0.11893445,0.81978863,0.8929187,0.39463505
2dba988afc7a49f78ef5b48f3f22fe37.jpg,8,64.763175,14.039326,8,64.926022,14.208947,19.803259,19.803259,0.80890554,0.028952718,0.7934835,0.87059367,19.803259
2e051688f9c9439d9228d26f1ea04ed7.jpg,6,65.614702,-24.220018,6,65.741336,-22.008326,102.257996,0.3319176,0.7230804,0.0013373494,0.71107733,0.8242587,1.1920727
2e173c6c06554bf1b04ee72469be9c13.jpg,3,68.357795,27.400849,3,68.355338,27.399412,0.27949047,0.077989556,0.9251695,0.0023912787,0.9102835,0.9874592,0.077989556
2e5301c1af7d40289762da4399e90ad5.jpg,3,62.542066,24.046607,3,62.5783,23.608721,22.796343,9.5964155,0.9366726,0.012563705,0.9263455,0.9782162,23.731731
2e5c8887e81e446281769eafc80d5e18.jpg,8,63.437116,11.726786,8,63.976028,10.208195,95.83889,95.74132,0.68909705,0.013650119,0.67850643,0.7314594,95.83889
2e77a7b8ed7d473c8e3903c52c253132.jpg,5,57.54585,-4.518346,9,53.620308,15.154359,1305.5994,935.7646,0.61262274,0.015182734,0.5995588,0.7504468,1550.6086
2e837faa0282474d8844d00d08270e9e.jpg,1,52.83536,11.051674,9,53.138968,19.265042,550.5244,23.24611,0.6978942,0.0029609203,0.69039935,0.85293484,124.75498
2e8ed9426b6c43e2966d83d69db74147.jpg,7,43.470124,13.571794,7,43.470744,13.569322,0.21106122,0.21106122,0.74118793,0.08469659,0.73435307,0.80157995,574.5279
2eb08b46de644edb87f91257d443f99e.jpg,4,49.696319,0.53088,1,53.819851,9.438115,764.6402,1.3520552,0.77258205,0.026040792,0.78261185,0.77590907,118.13439
2ed31edf91bf49d0b14e5cd75af7420a.jpg,0,53.5122,27.475016,0,53.613238,27.465405,11.252845,6.1812496,0.89046454,0.030765295,0.8706961,0.9695381,11.252845
2f492d3c394f4bdba55efa498d0ffba3.jpg,7,41.557847,14.116482,11,37.702494,27.189776,1197.3353,447.92755,0.63015103,0.009530008,0.62050545,0.80522096,2163.0996
2f56d0e2f2544484852f3cd69d539e1c.jpg,8,68.096722,13.245256,8,68.129661,13.385885,6.8843412,5.727722,0.6955445,0.006136179,0.6831882,0.79837203,171.14478
2f5d84785e7b4d1286579bda36d1d847.jpg,10,62.964914,15.849462,10,63.04808,16.777316,47.732964,16.58494,0.915558,0.05221677,0.9066386,0.9512353,47.732964
2f65d1daac184b20b4c614eb3ec4f83b.jpg,10,59.939451,18.600144,10,59.919194,18.925024,18.240698,17.02389,0.83769566,0.008570492,0.8193805,0.9179155,49.745445
2f668b8b81264835b8d4f724987b3429.jpg,2,39.440062,-0.337933,2,39.435352,-0.339188,0.5347034,0.37588152,0.836956,0.011161745,0.8338746,0.8544492,2712.0132
2fae193bbc9143f1adbd2de5cf4192dd.jpg,2,41.943851,3.12434,2,41.933008,2.843993,23.219923,0.37882346,0.75615865,0.03322178,0.73650694,0.84401363,35.481236
2fbaaf8ea3524184b7eb9f064c49ae93.jpg,9,53.367162,20.778366,0,54.72232,26.048922,375.53226,1.1323168,0.63242674,0.0035862923,0.62021667,0.72786546,1476.6027
2fdd919955204f36b5397de27e55a472.jpg,11,39.713357,27.801312,11,39.329365,27.62046,45.428574,45.428574,0.69404125,0.0030930042,0.72768235,0.7576728,1322.1864
2fe39d89b88349668fc91ac3afdcd178.jpg,10,64.933543,15.701501,10,64.402499,15.642567,59.116005,1.3376863,0.81515545,0.0033974051,0.7973337,0.8883935,1.3376863
30092c4a43624e4a937284aac03e4e95.jpg,3,61.831539,29.732559,3,61.892303,29.797767,7.572659,0.38567507,0.8914388,0.0045975447,0.88473034,0.98049355,11.7862835
30106d06de604b748d96012000125dd5.jpg,5,56.519081,-5.851202,5,56.589019,-6.165753,20.78682,4.9620113,0.82468677,0.00030636787,0.7945988,0.9485655,230.40892
3041706ed43c482b898233a0f7cb4c6a.jpg,4,45.761142,-1.228955,10,60.589548,16.330361,2008.157,934.8617,0.6634233,0.00015795231,0.6453781,0.7986346,1998.4923
30466f2f878e49eda3f5d7707c661010.jpg,4,48.802334,6.025052,4,48.797528,6.017837,0.7515622,0.7515622,0.8632312,0.16313058,0.8716532,0.829543,0.7515622
304b5f281e1a44b2a2328e23de1a0c9b.jpg,10,57.488121,18.514754,1,48.355179,12.397015,1094.1646,295.6103,0.6308167,0.0014309287,0.6289924,0.74760616,1125.199
304d701c498b4117ba51a93f5d388f1e.jpg,8,59.981387,6.566081,8,59.962699,6.574869,2.1347754,0.16130823,0.7678015,0.00038003922,0.7398851,0.92340624,3.2289207
3052d79946f84e80bd0a86aafd505a97.jpg,1,50.321171,6.621669,7,44.56235,10.22753,695.1942,496.91956,0.6725279,0.0006836653,0.65758514,0.74783874,535.1336
3078131983cd44f6b1e354aab7acc991.jpg,3,64.704692,25.572879,3,64.558399,25.681527,17.07068,5.6572104,0.93970174,0.004895985,0.9293952,0.98092794,17.07068
30c88a74dba94a90a4fe5edd5c87da1d.jpg,9,52.336978,19.357841,9,51.460447,16.121583,242.47107,37.32856,0.6423394,0.013714254,0.64471793,0.7767558,286.5268
311ad03d436548209bf119219fa475cd.jpg,4,43.838792,-1.177892,4,43.847305,-1.172178,1.0516913,1.0516913,0.83636457,0.010281265,0.8474099,0.8074908,30.824123
312b3a5711f34c858a38c98e5c88a638.jpg,11,38.216006,34.01376,11,37.604919,34.741326,93.22673,4.0443964,0.7683455,0.0006827712,0.7562072,0.8848995,4.0443964
312cc70ae223405e8be6652898fb97c6.jpg,9,54.007672,19.974641,10,58.103369,13.835063,593.4309,379.4635,0.57841754,0.014811456,0.5656691,0.67916566,403.74164
3164a981332644cba01457a90ec3f99a.jpg,4,49.115878,1.867653,4,49.304136,1.12845,57.633266,34.23973,0.7018668,0.003866315,0.7008969,0.77465355,1602.7557
3175ed696f5146fdbac2ac1ac68221ba.jpg,8,60.165344,9.711928,8,60.165479,9.711237,0.041067448,0.041067448,0.8594498,0.053759336,0.83427256,0.97198117,1.1000468
318492400fd74ec5ba2883b37627574f.jpg,0,52.304898,23.661191,0,52.529622,24.581232,67.212906,23.992422,0.8582827,0.021998525,0.83688647,0.9438677,67.212906
31d1c34bae9244d9996bd011e5a35778.jpg,3,68.744079,27.450711,3,68.559403,27.503438,20.64568,16.939009,0.7934885,0.0073797703,0.77109814,0.89010143,32.53228
31eef712fa134fa6bf70e3c97f95a85a.jpg,11,39.657087,34.545756,11,39.697756,34.394158,13.739511,13.739511,0.75586295,0.025392592,0.75415206,0.84167445,193.5173
31fb16d950bb420587c52c3e4bdffa28.jpg,9,49.98295,21.479,9,49.979629,22.021666,38.80372,9.984163,0.68923914,0.004224777,0.68751514,0.79811525,65.16262
3228c7d266af459abeb6c29186a8f3e5.jpg,7,45.632604,11.001466,1,53.099712,7.673693,864.31976,252.0853,0.651781,0.0038753152,0.63911694,0.77440965,663.65564
3246219b9bb74bd7807da370afce0eea.jpg,10,63.488399,12.488396,10,63.49659,12.470929,1.2573737,1.0787283,0.910501,0.006760001,0.8940414,0.9763391,1.2573737
32840df2f5d9410a88604e596bc40624.jpg,0,52.992978,27.272908,0,52.979181,26.881763,26.228294,1.4824799,0.80774885,0.02271694,0.7832087,0.9072095,70.14587
328863523e434191b8bc9d2dba9e86d5.jpg,4,45.332094,-0.249805,4,49.242238,-0.134976,434.87488,71.891235,0.6865233,0.017180562,0.6612637,0.80757666,617.72626
32a8bc6160bc4cb6a58a8b012f30938a.jpg,9,54.777025,18.237397,9,54.778922,18.236675,0.21595922,0.21595922,0.81993914,0.06603682,0.84160864,0.79984456,223.26912
32ae689a4c90437b897cc36475034f46.jpg,6,64.620365,-22.051724,6,64.847656,-22.667702,38.644455,0.7432868,0.8514562,0.0005495548,0.83344364,0.92447424,30.593813
32bf8d193d0a4da6bb0184561e31584a.jpg,2,43.352743,-3.930528,4,48.1022,0.166088,616.2471,36.189957,0.6714391,0.00965333,0.6657652,0.74050903,531.11365
32c5c34c55b34a029670fe3605cabdf4.jpg,6,65.759239,-23.871757,6,65.752018,-23.856479,1.0636483,0.5347483,0.86471415,0.028046668,0.84515566,0.9447798,7.101654
32d080b4d96e4880912f76d509a59783.jpg,4,48.33665,-4.753852,2,41.449719,1.785866,922.1754,4.3818703,0.70364064,0.038490295,0.6865331,0.7863687,57.969986
32d3d2538de042bca4a79a9c559692ce.jpg,9,51.745468,20.852306,4,43.622517,-0.923664,1853.3801,668.78894,0.78707755,0.0026763678,0.75825137,0.9116293,1853.1412
32dff61c4fd64aa3a80024730ad5a669.jpg,4,48.029955,-4.612747,4,48.30188,-4.151144,45.675465,4.065003,0.8089423,0.003061533,0.7741012,0.9605378,30.990505
32fbe0ee6b06412d9f8bea9a0b07a0f3.jpg,9,52.315758,20.87587,5,51.965122,1.209108,1338.5636,98.24736,0.6308315,0.0051143765,0.62248325,0.7199793,1497.1299
3310920417de4cffa989495e8a26777b.jpg,3,62.745181,28.729103,3,60.746034,26.129088,261.00165,24.627235,0.73584014,0.05480486,0.71056336,0.86753273,75.8565
3317738ae20a4dada700a238245ee291.jpg,8,60.167333,9.699319,8,60.172467,9.675134,1.4544343,0.37275657,0.835952,0.05299902,0.8035835,0.9725578,0.37275657
3331eb1c4eab4e79b50df30b984e53c6.jpg,4,47.55493,3.407495,10,55.730081,13.874312,1158.4362,3.6176846,0.7907716,0.029850245,0.8229114,0.8827545,181.70657
335e729828f54d4cbf6e35ae04ffb346.jpg,10,67.83499,20.705882,10,67.839996,20.691851,0.81009024,0.81009024,0.92827034,0.018854558,0.9209074,0.9577219,0.81009024
339631c348484d239a48a9d616f4f90c.jpg,3,60.611929,24.856437,3,61.181278,25.629373,75.86404,23.162909,0.6943127,0.024665952,0.67333937,0.8247415,222.6077
33af968b86de4ac98b3746acf64c4722.jpg,8,64.721576,14.039206,8,64.479814,14.169416,27.590734,24.10963,0.785152,0.014911652,0.7688353,0.8622372,332.8124
33b825901b4c423abedf590f66a837df.jpg,7,45.931441,11.022275,7,40.764531,17.29263,765.7708,35.225338,0.6886622,0.026400149,0.69643503,0.8037516,1292.2114
33d57a7a9c414dc687780f87b58e2ac1.jpg,1,51.796118,13.755521,1,51.620887,14.184331,35.392746,16.609245,0.78607166,0.09101671,0.76679945,0.8631605,35.392746
33e642bf4b434a16aaf1c761ebbe92a4.jpg,10,64.564866,20.899368,10,64.496185,20.67606,13.127924,1.1823272,0.86727136,0.009457707,0.8665736,0.8790971,722.0782
33f498504e8a4785b5dfb80a81cd1fc9.jpg,7,37.173314,14.34317,7,37.836407,15.120188,100.66928,1.3407528,0.57655203,0.0020136833,0.5822423,0.6368904,480.46732
34208c8135ba46e6acc1a811311b03c8.jpg,8,60.264766,9.686488,8,61.848349,6.147823,259.29535,10.282334,0.6711939,0.0015348792,0.62110806,0.89947224,244.4238
34261b81ed254991951fe177f398bbb2.jpg,11,39.993389,38.644208,11,39.99297,38.644729,0.06434739,0.06434739,0.9120299,0.12404364,0.89852595,0.96604586,0.06434739
343a2dbeaf5f4c25bc12ac8a2d42f089.jpg,10,55.561861,14.259054,11,39.125923,30.16177,2173.9233,402.60532,0.6466581,0.005324006,0.64484805,0.6882427,2063.5613
34516d071f6945aba424ec7abed64377.jpg,9,53.602058,21.045088,9,53.600136,21.043647,0.23391362,0.23391362,0.83865345,0.05669707,0.8148992,0.93367046,0.23391362
345dc05a2ad64ae385484e71c06977bf.jpg,1,53.192195,7.7251,1,53.254191,7.795426,8.33315,2.1171615,0.78275347,0.0012811422,0.77144885,0.8279718,8.33315
3493c5da33ae40a8b4c6cbab032d254e.jpg,7,44.955409,7.202041,11,40.148921,25.929809,1620.0205,1608.5343,0.82021916,0.052063525,0.8064246,0.8896726,1854.1864
34988e1e49fe4ab292b8c193b058c73d.jpg,11,37.352663,41.350078,2,42.546068,-6.545819,4068.708,449.76663,0.64037716,0.033974588,0.63807946,0.723863,3222.859
34c3203040c44de0beafb66049c0d897.jpg,7,42.73541,12.474057,6,65.652924,-16.935315,3125.6895,11.580054,0.7102072,0.008937955,0.7151762,0.7329955,2152.338
35212a9371dd4852a90444bec9a81628.jpg,1,50.468647,6.581185,4,43.622517,-0.923664,949.15796,14.34686,0.7358293,0.016159892,0.74530363,0.85055745,439.2391
35378896d9de45239801d1767bfec244.jpg,3,65.831182,25.321981,3,65.759223,25.293917,8.103131,8.103131,0.8148231,0.054864943,0.7977664,0.89671195,15.044367
354991772318434d9109e8a3d46441a4.jpg,1,51.854688,14.489142,1,51.536783,13.971422,50.227676,24.17194,0.7215966,0.018087268,0.69964385,0.81101084,39.162056
354b79e6aea445a5a2ec782b03fa3398.jpg,6,63.819032,-22.530084,6,63.831391,-22.504548,1.8594109,1.2958193,0.87731993,0.0019186139,0.86141294,0.9712461,2.3553283
3570526b673f4e62aa88359f4233c67d.jpg,8,61.388137,8.810814,10,65.660232,19.860624,723.29175,0.14038257,0.7052795,0.0102799535,0.6789435,0.82748336,720.0981
3593f0fca9694b28ac1e2f76acc93a0b.jpg,8,62.493369,7.673348,8,63.023488,8.596998,75.396706,13.305118,0.63188714,0.0045697093,0.61053896,0.79909444,221.69174
35bd4f50eb7d48ee928ba76bd8c09070.jpg,10,67.297081,19.055061,3,67.491003,27.976054,381.583,42.9293,0.78897977,0.0052913427,0.78077054,0.86941284,42.9293
35d10d1ae63f4f53a5c5141e0baf238d.jpg,7,44.599519,7.760909,4,47.347926,-0.457613,704.3385,357.2069,0.6885403,0.013064027,0.6792264,0.7586671,684.46515
366f02a65128453eb67bea2d60aa703e.jpg,10,56.959525,18.303218,10,56.958665,18.303057,0.09612464,0.09612464,0.76307744,0.036967814,0.7463143,0.89907515,75.30189
36a0233992ef4e59b56b9dda98d8eb57.jpg,11,36.128457,36.160608,11,36.164977,36.135129,4.6609464,4.6609464,0.68381494,0.00404495,0.66137874,0.77355975,4.6609464
36babaffd34940dda7b0af7e5552b8f1.jpg,11,37.064461,30.616619,11,39.932911,33.831631,424.21313,191.4123,0.72009313,0.014230907,0.7289862,0.7975348,281.2696
36bd7d6cda984697a068c33801dc5468.jpg,3,67.514844,27.947852,3,67.541653,27.919456,3.216069,0.37893072,0.78692985,0.010586619,0.7666858,0.89780915,4.917046
36c0fc647bed458eb2b1b0d165e8b440.jpg,0,55.453307,28.6804,0,55.450088,28.672523,0.612245,0.612245,0.8312242,0.08876634,0.8432408,0.7831577,0.612245
36ed67cacf5b4a149b7bc6e663201037.jpg,10,64.271487,15.776878,7,40.546533,16.485082,2638.497,83.12776,0.7366154,0.029814303,0.7066184,0.8681088,2610.797
36f2364f4877413ab3b01f2acae2de50.jpg,10,56.303683,12.767631,1,48.342902,9.823468,907.3157,4.9829464,0.6624333,0.00021034479,0.63995874,0.7574178,656.39905
3703c76c2deb400f85ae3af069dff5bb.jpg,3,63.698793,25.909176,3,63.536019,25.748219,19.769884,6.0077,0.9333747,0.006315291,0.92262363,0.9800819,92.58698
371214f4a03f46a4bf094ffa12e87fde.jpg,7,43.581867,13.495568,7,43.578869,13.498627,0.41454297,0.41454297,0.77620924,0.05158335,0.7527745,0.86994815,0.41454297
37378834d7c345dd97578155494b497d.jpg,3,65.679861,29.114293,3,65.677299,29.109101,0.37107167,0.37107167,0.9711015,0.0015386343,0.96659786,0.9946374,5.3655214
378a25819ac947d59e9632c6bf14c645.jpg,11,38.469104,42.471028,11,38.468944,42.465505,0.48115912,0.48115912,0.8288175,0.06269878,0.8137249,0.8891878,0.48115912
3791c47919254c5bb2d6c1643d9c971b.jpg,6,65.797196,-19.938254,6,65.794127,-19.93966,0.34722528,0.34722528,0.9234831,0.016914785,0.9138367,0.96206844,0.34722528
379bae1dd87b456b9b071562379eebbd.jpg,7,44.130405,8.112189,7,44.095861,8.127171,4.0230374,4.0230374,0.7403746,0.1067518,0.7279921,0.78990453,4.0230374
37c03c416c774c8f8d2a6c4110033686.jpg,10,57.057636,12.499418,10,57.069847,12.509087,1.4782904,1.4782904,0.65355,0.04084778,0.6230824,0.79873955,7.574174
3833ac7976ca44dfb707c8d90b1cc518.jpg,7,40.673487,15.974114,11,38.472824,27.598781,1025.1085,834.9888,0.7195827,0.0044151545,0.6860666,0.8771106,1030.4594
385cf2346fda417291a62b976ce26dd8.jpg,11,39.567235,39.977494,11,39.56763,39.976372,0.105729856,0.105729856,0.93705153,0.06173402,0.928748,0.9702655,0.105729856
387cce3346014fa3847be536fc30e984.jpg,3,63.782579,29.408017,3,63.835635,29.464602,6.520495,0.46332598,0.8873027,0.022347867,0.8769573,0.92868423,6.520495
388a0c4fd4194ce5a74dfc132d21a2ba.jpg,10,57.561072,18.709824,10,65.188021,18.230342,848.45746,151.5199,0.8586399,0.010629892,0.8495445,0.9162644,781.61646
392b7a2b4b094fd3ad2681d86ddc4535.jpg,10,66.243222,17.219657,10,66.382257,16.968025,19.114613,3.6101692,0.83703345,0.100702226,0.80997115,0.94528246,19.114613
393668af144c4981a32306520284311f.jpg,4,48.554634,-4.678858,4,48.464208,-4.51439,15.744621,0.7967854,0.88218653,0.027732074,0.8643743,0.9534357,15.744621
395e02953e844e9eaab2bfdb2e49dc92.jpg,10,62.200191,17.495495,10,62.162712,17.498828,4.1710677,0.6032978,0.68627286,0.0042277575,0.70772874,0.6836383,2.2073727
396eb45470764a38b02165f070a8aa01.jpg,8,62.470561,6.190151,8,62.470735,6.186424,0.1925227,0.021343587,0.8711343,0.03782153,0.8518263,0.9483662,0.1925227
3975add91b1c409297b24fd3406a87e0.jpg,10,58.861992,17.82772,1,52.00415,12.269366,838.6435,185.35022,0.6855623,0.017271817,0.7004872,0.7749228,1285.2975
399b1a65216c4836a5fdde577255ba4b.jpg,5,57.764542,-5.131661,5,58.504177,-4.509209,89.994606,7.60991,0.84801966,0.048949778,0.8243394,0.9427408,89.994606
39a2919946f0482fa52131693dc24178.jpg,2,39.572638,3.108003,2,39.186763,-2.12374,451.6413,14.199568,0.71522737,0.034364164,0.70334727,0.7958524,34.760098
39cdc7ffa3584c5fb13a2be15ceb1e90.jpg,4,47.534837,1.307801,7,37.3717,15.08085,1593.5425,4.14638,0.6275425,0.019293308,0.6212772,0.75149834,1403.3752
39f5f86da7794cbaa772b96b78d38bc4.jpg,4,48.477796,-4.564584,4,48.47549,-4.579769,1.1483414,0.5146504,0.84022826,0.015574336,0.8277389,0.8901858,1.1483414
39f684ca02f54c88a5fdb26c65a741e5.jpg,11,40.929043,35.15657,11,40.928778,35.15705,0.049943976,0.049943976,0.9403256,0.13007617,0.9339926,0.9656576,0.049943976
39f9314a58fd42e09d20a4642ece1a83.jpg,0,52.37157,25.591842,0,52.368024,25.59693,0.5242082,0.5242082,0.81840366,0.017102242,0.79108846,0.9276643,0.5242082
3a3a6178de184ad889e43bc5ab85b878.jpg,3,63.069429,29.835529,3,63.057436,29.80908,1.885038,0.90479326,0.6975817,0.07767868,0.6685432,0.8137357,1.885038
3a6457a32fd14cda8d2e808db68c4170.jpg,11,38.271105,40.949906,11,38.271251,40.949277,0.057260074,0.057260074,0.8280986,0.0014742613,0.79947364,0.94259834,0.057260074
3a66c2ae60c144ef83cb8ca8fab2cdec.jpg,10,66.998655,19.844396,10,67.102348,20.45276,28.786762,0.26513287,0.8835764,0.010416627,0.8620163,0.9810234,197.14685
3a6783be6f994b2c95f40226c561fc81.jpg,10,58.706896,13.896556,10,60.814739,13.429015,235.83795,29.324942,0.77725464,0.014152706,0.7683413,0.8805845,741.361
3a9e667c2bf94fbe8bd49983235b0447.jpg,2,38.394037,-4.295581,2,38.665632,-4.182748,31.754898,31.754898,0.65064883,0.006816447,0.6251854,0.82142997,246.88748
3aaa7e9874cc489ea3ab48734b0e8dd1.jpg,4,47.882254,-1.584929,1,51.465042,13.180692,1132.3079,236.67134,0.68060327,0.004833102,0.7025206,0.73494184,1571.1565
3af9c580bade442ca099d2d16268119c.jpg,8,60.083692,9.844815,8,60.165479,9.711237,11.723736,3.9393892,0.8076459,0.023673356,0.7713293,0.9529124,11.723736
3b1862f36662422482cbd8c66e554ddc.jpg,5,50.424598,-4.668645,1,49.796686,7.301667,855.52124,15.399644,0.6996225,0.07859427,0.7195222,0.6200238,855.52124
3b1d0f89f0614768881a4e3f080a66b1.jpg,0,52.488209,24.926014,11,37.224303,39.85981,2056.6484,7.877533,0.71234554,0.01886034,0.7356808,0.7763454,452.9568
3b47be466aec460cb736aa413dd6d047.jpg,7,40.893911,9.068735,2,40.419082,-6.125988,1281.2399,0.2685099,0.74473333,0.01891303,0.74988544,0.8196717,22.356133
3b52a150216b41f5b36ad2b68b67831d.jpg,2,43.727791,-7.72416,1,53.211736,9.550637,1645.999,1281.7091,0.6938419,0.0187971,0.6730351,0.7930451,1675.5795
3b9be1c9e6b94ad7a704375b6666fa27.jpg,5,57.81025,-5.05747,5,57.685429,-5.643552,37.444603,1.4070799,0.73637885,0.0032727718,0.7292952,0.8627037,153.09557
3ba41cf360b1450b9a27d6d5c4a09c99.jpg,10,58.265134,13.471541,10,56.946506,18.154203,315.0469,11.1160965,0.634211,0.0068047047,0.6209476,0.7409285,1149.198
3baae3c6aa5e485b8fe487db4c19abf4.jpg,6,65.554549,-22.3615,6,66.170838,-23.417174,83.66544,2.858813,0.83137214,0.0009021759,0.8023027,0.9604664,24.673443
3bdebd5497c643eca37886b498dfa867.jpg,8,58.390813,6.084916,8,58.330126,6.265267,12.498173,1.5752201,0.8215437,0.027039647,0.78968537,0.94897676,12.498173
3bf0fa4b9b2145469b2ae44a318a8892.jpg,1,52.491966,14.119879,1,52.638381,12.471269,112.61149,10.103397,0.73697,0.052787006,0.73015404,0.79410213,66.01085
3c0cdac56818430491c5955d07e68171.jpg,5,50.708478,-4.626996,5,50.306187,-4.851407,47.464386,5.3869495,0.6510135,0.0088198185,0.6248399,0.85135555,442.0597
3c1ab940b79c4d54bf33600cfd4bea66.jpg,9,49.958614,22.179809,9,49.724352,22.049223,27.68085,7.6845145,0.75873905,0.017134309,0.74918604,0.8155095,9.231667
3c21f673a4974ad09e0c05ab954222cc.jpg,11,41.41228,31.905386,11,41.443647,31.83006,7.1836796,6.924911,0.76215535,0.024980366,0.76994103,0.8045764,8.224317
3c6796b7bcaf40d1b49e4d90d1d7697b.jpg,3,68.363535,27.391015,3,68.385087,27.409191,2.5095625,0.8298167,0.9308087,0.016340673,0.9207709,0.9747125,1.6788166
3c6fd1e5d5844233a5d86f562fd3d00d.jpg,11,38.350516,27.149765,2,41.933008,2.843993,2096.7004,1103.6312,0.7345378,0.0040299892,0.750638,0.7556674,1819.7709
3ca1d39aba1441f58a3273679243c097.jpg,11,39.204046,30.715234,7,38.402193,16.499423,1233.8188,423.1819,0.6230694,0.0036991835,0.61299586,0.7024385,2831.738
3cabc0e3ed834ec8a4ba7b21512a9f76.jpg,4,46.829263,0.560205,4,46.388097,3.885522,258.68826,45.532364,0.8265827,0.065248966,0.82310873,0.89646494,351.41586
3cf5356c050a43d7bc22bbb75915e75a.jpg,8,66.805512,15.426712,1,48.817568,8.427473,2039.665,1800.1804,0.6352111,0.019137442,0.61837494,0.7914294,2348.9412
3d0fd437fe1e4b809e2c3868a833e6b4.jpg,4,49.530902,4.421843,6,63.946051,-18.654935,2109.0298,173.14938,0.67744553,0.019037008,0.7137687,0.71692795,510.85617
3d5a374f842149f99ec74f33873a4a3d.jpg,1,52.732333,12.287436,1,53.463519,7.556725,326.0831,13.140177,0.7924286,0.0032974482,0.78012013,0.855348,270.46146
3d829afbd0f0487c86f663fbdebb2f18.jpg,5,52.328031,-0.710231,2,41.80035,2.830866,1200.578,101.61078,0.61040765,0.00140059,0.62819433,0.63133305,1172.259
3da3d648f59146ee8709eabf88a1998b.jpg,5,55.951012,-2.497866,5,57.139504,-2.795045,133.40376,14.615287,0.71549135,0.0061232448,0.68326724,0.84438777,133.40376
3da883761ea84b689581ad095b916dd0.jpg,5,50.341204,-4.239431,5,50.635871,-4.501733,37.655407,14.895648,0.79647005,0.06515741,0.761706,0.935526,37.655407
3dccef4404564f6a972ab0873edca83e.jpg,10,59.836135,14.256936,3,63.941637,26.853145,800.27435,25.69061,0.71274763,0.014040232,0.70515645,0.8551446,202.68216
3dfa28f1e3384509bb172bde9c27e141.jpg,5,58.537429,-3.117629,5,58.572695,-3.073367,4.6871915,2.7090526,0.68147904,0.026863396,0.7039721,0.67426425,1396.1759
3dffb8fdb0e04a49bc7fffd029d52133.jpg,5,59.082222,-3.321316,5,59.092966,-3.320566,1.1954479,0.14008783,0.914896,0.009570181,0.90039784,0.9728887,1.1954479
3e09599b48284905973fa19872d8b37b.jpg,0,53.072627,29.964033,0,52.707747,30.798691,69.14944,1.6331062,0.91505575,0.011720777,0.9080095,0.9436455,78.67652
3e22feff3ed5493c82c23bd0a2d8849a.jpg,11,40.182693,38.079849,11,40.18315,38.079731,0.05179526,0.05179526,0.9133557,0.01763773,0.8995027,0.9687675,0.05179526
3e4f644351d84b35aefc3e0fdd55083a.jpg,6,63.98095,-16.408107,6,63.93396,-16.447924,5.5749135,0.02559914,0.86939687,0.009190381,0.85002154,0.9468982,5.5749135
3e6212855f374f15ba1149ef6a0095b1.jpg,7,41.857191,12.376878,2,36.772698,-6.04207,1678.3291,2.1593323,0.73225546,0.0012555122,0.75579846,0.75371915,176.35487
3e82fdae98cd44238aff74385eff6757.jpg,8,59.753115,9.878688,8,59.63238,9.640728,18.934826,18.934826,0.7099293,0.026356936,0.7012068,0.7826607,2266.5002
3ea0eda9be824a9680a449b3d7e01794.jpg,9,50.754494,20.284491,9,50.670538,20.29991,9.398409,3.0702517,0.7664331,0.057696998,0.7540571,0.8159372,9.398409
3eca4ca1885f4c3fad210c6022434c92.jpg,0,54.594797,27.894512,0,54.632554,27.931983,4.8423324,0.2800021,0.8605472,0.048052788,0.8448226,0.9234454,4.8423324
3f7d05c114de4823bac28c00802c78b4.jpg,11,36.944458,33.271389,11,36.935248,33.27189,1.0250742,0.47565818,0.8019747,0.048882067,0.7907564,0.89285636,34.36211
3f95fce35e28442ca8da860c79af760c.jpg,8,58.075173,7.762058,8,59.586895,5.299061,219.85323,2.953859,0.7306957,0.025820374,0.71566105,0.8931452,19.010145
3f9a72628b3b42f488690b0f9f2ac970.jpg,0,53.549295,30.34094,0,53.931219,30.469006,43.29517,5.8858767,0.78387123,0.013802588,0.7615725,0.883752,47.76419
3fa130f47d6a4a9fb83b049183ce746a.jpg,1,48.862527,8.364491,9,53.230998,15.531438,697.2065,17.51234,0.64085555,5.2452087e-05,0.6142279,0.77892697,721.75256
3fa5e191030840e7bd7cea6c63b2c9cb.jpg,6,65.689603,-23.192717,6,65.610774,-23.209587,8.799453,0.9968717,0.8729508,0.006459832,0.85101604,0.9684996,30.314142
3faafd47db8f40b5a6b32797495c9e11.jpg,4,48.414704,-4.791487,4,48.554479,-4.656976,18.43491,3.8605428,0.89422977,0.031915903,0.8751161,0.9706844,18.43491
3fdb7e42c3744e0dbc0024374da84ed7.jpg,11,40.442594,36.11413,11,40.581937,35.651773,42.04565,9.076553,0.8235382,0.0037542582,0.79910755,0.9212607,42.04565
3fe1a472578e43c5b33b4954ac53dd6b.jpg,6,65.615748,-22.514635,6,65.629961,-22.770375,11.843048,2.9519198,0.923591,0.0010955334,0.90751374,0.9879001,11.843048
400c59850f884ae4a4a9dfb7582e721c.jpg,5,57.080644,-3.984903,8,58.68264,8.99526,786.42224,703.976,0.62982553,0.0060485005,0.6360346,0.6649311,1639.8318
401da4fcb3494c09bf05d4cbebfe29e0.jpg,7,43.890694,10.476425,4,44.169215,5.83925,371.96786,72.24042,0.66349936,0.00091552734,0.659008,0.7669217,420.9001
405b39164f4c42398d6a3a4523f67996.jpg,6,63.441663,-18.753071,6,65.802066,-17.568896,268.45163,0.1517089,0.8172045,0.009351671,0.8009417,0.9356875,7.6042266
4070aebd91a34015aa84bf4a0c90e65e.jpg,3,61.549304,24.068956,10,59.837076,17.521568,403.78186,331.0545,0.7376225,0.026486874,0.7425747,0.8307836,1101.5593
408980c5215647b2b01e2f0f61f2f111.jpg,3,61.307578,27.466825,5,57.557255,-3.001561,1755.1428,951.8824,0.7098237,0.019284487,0.6926074,0.778689,1755.1428
4098e543eb954a13afe30c5af88511c0.jpg,7,40.823563,14.380019,4,49.426979,2.694839,1322.0466,1001.6495,0.6492775,0.005357206,0.6265426,0.74021685,1322.0466
40afb9ebb6e8408fa8d7445650abad05.jpg,10,57.560439,18.4111,10,57.580503,18.377275,3.0075946,0.74744487,0.8995674,0.0057842135,0.89266825,0.92716396,3.0075946
40e103705eb048a2bbacbd76bff987ba.jpg,3,63.614558,27.677383,3,63.445952,25.643092,102.54808,0.3905429,0.82077885,0.0010638833,0.79687905,0.94549936,103.49207
40f95bb1faf74f21a2938309ed68fec0.jpg,6,63.569448,-19.863883,6,63.569645,-19.864772,0.04915162,0.04915162,0.97493315,0.25068128,0.97043777,0.9929147,0.04915162
41037cbc2e1e487a87b64fee6c925353.jpg,11,37.974936,27.391974,11,38.006812,27.430457,4.892476,4.892476,0.81527275,0.047795713,0.813968,0.8204917,4.892476
410c9aafc549465fa4ad37367b4937f0.jpg,6,63.646161,-18.419536,6,63.644176,-18.420903,0.23080662,0.23080662,0.9580703,0.04987657,0.9523572,0.9809224,0.23080662
411fcd21ccc2462eb73855394a531f88.jpg,10,60.177804,16.285333,10,61.159412,15.129742,125.994774,50.049973,0.68472874,0.0015473366,0.68715954,0.72873664,1350.7267
413609e69ff44aa7a2cd7f1c27cb7aab.jpg,8,69.376497,24.057266,8,69.377999,24.059308,0.18517505,0.18517505,0.89995795,0.04399842,0.8855421,0.95762134,0.18517505
413780a22f164cdc90e1fbba35cedcba.jpg,11,39.352844,30.038543,11,39.292443,29.972252,8.810502,8.810502,0.75015646,0.026540339,0.75710386,0.8136046,118.814674
41dd3354c8b443c2bcb4cabd9fffc5fd.jpg,5,51.962081,1.196913,5,51.965122,1.209108,0.9013615,0.9013615,0.9003291,0.15342617,0.8919647,0.9337868,0.9013615
41e95c6a6c464c6991ef6df514ff6dd3.jpg,8,61.960859,13.008505,8,61.936309,13.012515,2.7378807,0.38935834,0.87411964,0.051671386,0.85549754,0.94860804,2.7378807
41f4cea541284428b49541d9cc87be3b.jpg,2,39.742311,3.168865,2,39.747495,3.165364,0.6495188,0.6495188,0.65386,0.02798146,0.659752,0.7228899,848.8919
424c8fbbc91643f2a875750a7e39224e.jpg,8,64.046687,10.041601,11,40.287944,30.024419,2943.5654,73.828285,0.69040024,0.04050702,0.6927024,0.7734157,2916.84
4254750a27f9426a93657b6fa58ddf9f.jpg,0,54.493287,30.028954,0,54.261009,28.668641,91.80726,9.239888,0.90092415,0.003565967,0.8834164,0.9709548,91.80726
425822929d7e4e85bdfe1253d93e172c.jpg,6,64.938218,-14.093906,6,64.946968,-14.115853,1.4194778,1.016027,0.93271095,0.000842154,0.92007494,0.98492855,2.6432743
427b835e348f4a999767b79c5f0002a0.jpg,10,63.267603,15.568664,3,63.330447,29.994058,719.26,49.407906,0.7320037,0.009737134,0.73051804,0.82843035,540.3085
429c3d387f3a4916851da4e9c2ce1f40.jpg,4,47.971248,2.78064,4,49.538693,-1.708243,372.29468,71.18023,0.63674444,0.0019162297,0.64197695,0.72811675,2160.5305
42b3869a8b2a48119eea1f9ff46f5799.jpg,11,38.032097,32.642387,7,40.60985,8.377353,2100.108,13.351615,0.7496544,0.011869073,0.7708401,0.82645845,229.73492
42c3d8347d6c4ee5afc2edc256d530d5.jpg,2,38.322666,-6.137035,11,38.271251,40.949277,4062.92,473.7574,0.8541025,0.015574813,0.85335356,0.8728583,4063.8796
42e208faa2e24de294da60f83b82cef4.jpg,7,44.741579,10.914752,9,51.657159,17.780654,921.2017,50.056248,0.69721556,0.0012722611,0.69541645,0.71115935,905.83484
42ea7726ae2a4e98a055115622c9cd31.jpg,8,58.448562,6.005886,8,58.448024,6.005754,0.060313966,0.051626023,0.85702515,0.034843624,0.8430978,0.9153969,57.53814
42f3b1ba3a694395ae2a5a24e9f079df.jpg,6,63.951738,-16.843062,6,63.952233,-16.844779,0.100291856,0.100291856,0.9341309,0.048241675,0.9271106,0.96221197,0.100291856
430ccc2a578947ea991458bbb24be358.jpg,9,54.120034,22.86413,11,38.657967,36.077699,1988.4042,154.94899,0.7090593,0.056471646,0.7318489,0.68235075,2072.5322
431545cf2af443428e2282ad692fa240.jpg,0,54.934577,26.909147,3,63.220594,28.257878,924.52924,613.91833,0.70776385,0.00019973516,0.664338,0.8814671,924.52924
4338bf56a3c242009b3c4dde9c9711d3.jpg,1,50.725329,10.000431,5,56.082722,-4.82377,1145.686,5.4831915,0.6759898,0.041556895,0.68098825,0.7368747,5.4831915
4339c72539124e16a77594a163e6b131.jpg,6,65.561614,-23.18269,6,65.519996,-23.418932,11.820086,0.89011717,0.93150747,0.000857532,0.9179565,0.9881623,20.410456
438137ce4aee4cf8ad4711f770860a90.jpg,5,51.751362,-4.571168,5,52.837641,-1.344528,250.44954,29.091585,0.5830686,0.001161933,0.5799583,0.72632587,187.12628
4414e76fa52a49e799b90b7d0bdd6f7b.jpg,7,45.570605,8.328793,1,50.492264,10.208583,564.782,76.49831,0.6479183,0.031193852,0.6600276,0.68262583,1987.0381
4421531570f14623929fc300778ad13d.jpg,9,54.212391,17.48138,9,54.233978,17.47706,2.4167407,2.4167407,0.7389259,0.02614969,0.72656864,0.7883549,2.4167407
445f333180fc41c08f03478733b2d0c5.jpg,1,50.128365,11.095163,1,51.794413,11.596427,188.55205,10.623182,0.7501825,0.037849665,0.7562351,0.79898095,176.77531
44871a7802f942f79096a9b401f4abc8.jpg,8,60.084317,11.182648,11,39.697756,34.394158,2779.9485,869.79156,0.76371425,0.06550622,0.74133873,0.85321635,2779.9485
44a84f764bcf497e9568bc46405bd48b.jpg,6,63.964324,-16.860967,6,63.97621,-16.863628,1.3280278,0.33007774,0.87843597,0.0035395622,0.86523104,0.97179013,0.86732537
44b07eb619f2428f96bdb032473354fb.jpg,1,54.639823,9.750953,9,52.105639,23.540185,955.37305,232.91182,0.71988326,0.021804988,0.7022437,0.82909644,928.1975
44d086c3f2eb46c6978945d0be3d1684.jpg,3,67.464585,27.043732,3,67.460569,27.095057,2.2325675,2.2325675,0.8664381,0.020219147,0.84211254,0.9637402,2.2325675
44d37d86ac664cccba2c84ca42955e74.jpg,11,41.465022,36.109403,11,41.465272,36.109177,0.03357669,0.03357669,0.9481642,0.10962069,0.9392322,0.9838923,0.03357669
44f88dafc469493b9951760fea87d138.jpg,2,39.882023,-4.019389,2,39.442867,2.898983,594.0718,0.9634716,0.72737277,0.0013718605,0.7239127,0.7914252,622.2871
459fb2b64d98456cbc126f3b6f1d6446.jpg,8,68.129061,13.395933,8,69.44177,25.052573,490.34366,0.42151698,0.76846933,0.00047802925,0.72701657,0.9366865,488.77118
45b60ab85a434ed0a779f2a36287ff6a.jpg,8,62.663497,7.504277,7,40.899587,14.584735,2465.1226,28.259066,0.663374,0.025004447,0.6898612,0.75828123,1400.4213
45bb52d6b260450db5f5d48db5194e13.jpg,11,38.528378,35.526618,11,39.740129,42.940702,653.3016,18.924883,0.6565943,0.0053207874,0.64128745,0.7178215,653.3016
45d460e8cdc34810b57d00c03d497111.jpg,1,52.781625,9.553131,8,59.675637,9.635643,766.59705,6.999091,0.64043456,0.0049675703,0.64635986,0.7473735,78.65106
45e6eb69315c4be18a618f09b823c8f4.jpg,6,66.090908,-17.315833,6,66.083778,-17.322374,0.84586185,0.84586185,0.8563702,0.019291759,0.8436655,0.93333817,19.51715
45e9929ad19d4d248048541acf0c25b9.jpg,10,65.048335,19.070491,8,62.22618,11.782424,476.95822,1.0374411,0.8249686,0.023409843,0.82044464,0.8430642,476.95822
45f7c7c6e279440ca4f95f0e5458a374.jpg,2,38.064573,-0.589395,2,38.116988,-0.550413,6.7533092,6.7533092,0.9101101,0.1814689,0.90627575,0.9254476,6.7533092
460193902c864f9a84f888ac1cb816e5.jpg,5,55.173078,-4.930934,5,58.504177,-4.509209,371.28693,11.787806,0.7655586,0.035708487,0.73616827,0.91890717,374.5534
460a8a022d8c4c72ba958b87dcaa61fb.jpg,2,41.491975,-2.85175,2,41.420853,-2.358681,41.844563,21.918371,0.8738964,0.06282008,0.85661536,0.94302046,41.844563
4622fb64ab414d5792c1885f35f0ac4a.jpg,2,28.912315,-13.780146,11,38.745985,35.345609,4610.699,1172.5265,0.7045713,0.012039244,0.7043948,0.82046276,2952.497
462a4e9dddaf42a19df3f6cca9229345.jpg,3,63.125703,30.601843,3,63.56211,28.489071,116.0248,8.203548,0.81419444,0.025255919,0.79014486,0.9103925,116.0248
462ce21edae5486b9a5c317a250fa75e.jpg,0,52.941395,30.629448,0,52.922412,30.643774,2.3189464,1.1638604,0.94478256,0.05689782,0.9389245,0.96897566,21.936863
46338b8f203c479998d9609dd3a19267.jpg,1,53.192276,13.116131,1,51.476377,13.138438,190.80554,17.964499,0.6884645,0.0038687587,0.6799725,0.78402007,113.02737
465117e2b5504ef5bc48120a4bb0f59f.jpg,9,53.465329,18.030376,4,44.500189,-1.053215,1703.9186,54.876137,0.67930555,0.013650954,0.6628666,0.74506116,1703.9186
466c6893c8784e0db887fcaeaf22aa7c.jpg,2,38.75797,-2.897876,4,49.512661,-1.290838,1202.6488,358.30286,0.64881,0.028072596,0.6576041,0.6915297,1478.1536
46749689365f4e73a846a5db9722f612.jpg,6,65.485469,-23.251026,6,65.487117,-23.26191,0.53453696,0.3961235,0.96348345,0.0433231,0.9561559,0.99279356,0.53453696
468e1302eca64d0bad5b19608ede8c24.jpg,8,66.577339,16.299927,10,66.419856,16.893402,31.6092,10.855933,0.8555624,0.03714764,0.83489716,0.93822324,31.6092
4690cd5186d444a5b6836fcfa02a4ac2.jpg,8,59.664269,10.872223,0,54.501517,25.876029,1069.4319,19.155437,0.65664303,0.0018951893,0.62642294,0.7775231,1069.4319
46c598a8291047239e23eff4234993de.jpg,8,60.481978,6.991595,8,62.480583,6.455667,224.04692,37.633476,0.6399045,0.008765876,0.62609136,0.8305769,64.327995
46d3b32dca064ec1b2c6def85304e2af.jpg,5,52.456357,-3.507105,5,56.126394,-5.130044,421.43268,23.041779,0.7075405,0.0018472672,0.69279,0.80672693,151.92612
46dc8a54a4b7414098eb59488ad993dd.jpg,0,54.421805,29.029361,0,54.580498,29.004764,17.71721,10.856983,0.8620498,0.085339844,0.84976614,0.9280597,23.289019
46ef229b61f240ff82df8496e798b671.jpg,6,65.582832,-20.051701,6,65.581349,-20.047073,0.269163,0.269163,0.88576317,0.019964397,0.86891955,0.95313764,0.269163
470980b907ae41d7bfc47fbb0f4887f9.jpg,1,53.341675,10.74986,1,53.190254,7.191864,237.20128,45.577427,0.75602466,0.062936604,0.7349961,0.8412624,118.36544
47633e9bc31a4e8d9bdef42945761c8d.jpg,0,55.198349,26.393961,1,49.802499,7.254314,1421.6602,85.4644,0.66154927,0.0010786653,0.68214494,0.71342933,1412.7567
4788c8f1b5514b7a8757e5c494c6065b.jpg,0,54.770011,28.255829,0,54.488927,27.859328,40.35117,4.5784836,0.7870245,0.0009779334,0.7627217,0.9041283,28.390715
47ce334cb36e40a18d63b78f49727cbe.jpg,5,52.8382,-1.343884,5,52.837641,-1.344528,0.0757286,0.0757286,0.76462793,0.0010496378,0.7877875,0.77443683,1529.4176
47e42bce3f5f45509c34df139c4d465e.jpg,7,40.455633,9.565489,7,40.395052,9.477628,10.034435,10.034435,0.8611531,0.02108854,0.8381142,0.9594013,14.635233
47ebeff71a5b4e818751de1e4e35608c.jpg,8,69.293191,16.017455,8,69.293549,16.016331,0.059477635,0.059477635,0.86362183,0.090809464,0.8480581,0.9258768,0.059477635
47f74254501a4173a1a1a2a1f2534603.jpg,2,39.926597,3.825969,2,39.930903,3.826913,0.48552498,0.48552498,0.6620922,0.04486531,0.6524533,0.77528644,745.754
47ffa6a3dcd04f09a61ef3b536df256b.jpg,7,38.038435,14.990761,9,50.260003,21.853498,1463.5891,848.6423,0.689368,0.050633073,0.67307824,0.80513537,1424.1239
4806d145e7bd43958639cbf4c01bdf14.jpg,1,51.787159,13.665057,1,53.067468,13.2877,144.6444,15.851122,0.7840029,0.01464808,0.7743135,0.8792498,34.028824
480a6a8fe6ed4b87a608c55d8af48f2c.jpg,4,48.740637,5.942791,4,49.450707,5.882982,79.07628,8.382606,0.7280301,0.012976408,0.75066215,0.7681651,244.02455
4851780ec4fa462297493ce8d7f60e69.jpg,9,53.767322,19.94884,1,48.780567,9.649726,904.4799,206.63992,0.66734636,0.014971495,0.6572113,0.70788634,904.4799
485df52b84dd4fd690d7ef1c95a74fd7.jpg,5,53.762108,-0.616057,5,53.720084,-0.422087,13.585304,13.585304,0.7424266,0.04011011,0.7562141,0.777861,1124.4276
486cf662aeea4a679040ff0e467e5c6b.jpg,4,48.387623,-4.761936,4,48.3861,-4.761849,0.16947195,0.16947195,0.7066885,0.047136545,0.7194433,0.6973248,516.6401
486eb6239b0f4d1fa5204d27b4af8a0f.jpg,7,38.075378,13.405314,4,43.988064,7.54734,820.3064,631.5723,0.5956869,0.000824213,0.59104764,0.6897334,966.2374
488ed25437cd4b53972d061c56a2c9b8.jpg,2,39.086575,1.520939,2,38.978974,1.466092,12.868449,2.024631,0.66336304,0.014427602,0.6202755,0.83571315,12.868449
488f1711cc014f8bb42660fa08148c06.jpg,0,54.111764,26.608062,0,54.121223,26.590901,1.5353411,1.5353411,0.7631789,0.021399498,0.7757849,0.7597968,69.76427
489b6bfd610c4ceda0b2203c21ada439.jpg,9,49.595965,20.583141,9,51.270098,23.158438,260.59464,42.57418,0.7625284,0.057764173,0.7302973,0.89145267,260.59464
48af540b2bbe4be0b54b6c7f16824e06.jpg,6,63.524758,-18.472145,6,63.482379,-18.54682,5.9941387,0.13860524,0.8868628,0.004776001,0.8685533,0.9601009,5.9941387
48d909041cd44967b9910ea08cb87789.jpg,6,65.738626,-23.166166,6,65.965858,-23.063138,25.698044,5.5016265,0.91081303,0.007466018,0.89240813,0.98443276,25.698044
48f789b07e2a4fe2bdae3157c89baeee.jpg,2,39.364515,-0.653788,2,40.21861,-0.937353,98.01261,19.728909,0.7571817,0.020414352,0.7516005,0.8483523,145.3601
4908a062f5a54d069df6208565222b51.jpg,5,52.132813,-0.905005,7,45.159782,9.986557,1111.9938,17.241371,0.66442645,0.019403696,0.65206075,0.7138894,1111.9938
4910b6de715e49aebe9def606c6675cb.jpg,0,53.860604,27.902789,0,55.306854,29.586746,193.98917,14.668649,0.8031062,0.0095975995,0.7803862,0.8992784,194.48409
4926e98ec1b64b488b0658783633be26.jpg,0,51.701238,29.145248,0,51.682127,29.131744,2.319969,0.33299252,0.9628032,0.0037981868,0.9585701,0.97973526,2.319969
493181754c6049e5a102fa65278aa040.jpg,10,59.381709,15.136423,8,59.482232,11.712211,193.9382,27.963339,0.633885,0.0032898784,0.5830939,0.83704954,193.9382
4934342aa7f44b8c92b5ec6eca0374f9.jpg,5,50.199801,-5.534756,5,50.18545,-5.578729,3.5136242,3.0756109,0.83717185,0.04947871,0.82645607,0.8800348,3.5136242
494ec7456a66466eaf5981a114b212cd.jpg,1,53.503246,9.077636,1,52.356261,7.303027,174.38795,13.172917,0.7177545,0.009405494,0.70834047,0.86975944,27.52242
495fc4b0b54a4bf3b38412f7b66059b5.jpg,11,38.93689,35.59719,11,38.890409,35.594218,5.174851,1.9236251,0.83635706,0.0036511421,0.8302801,0.86066484,5.174851
499b01c4c5e54b718440706dbe7bd68f.jpg,4,45.679567,-0.897135,4,44.239722,0.59674,198.6098,9.731881,0.6537705,0.015901685,0.63968503,0.73839,115.83806
49dde64acddc4ecba020d27a42120bbd.jpg,10,61.66414,16.058122,10,61.664889,16.058077,0.08331897,0.08331897,0.8035138,0.00010919571,0.7881752,0.86486816,0.08331897
49e2d8b39daf4773983532c588cf1b06.jpg,6,64.062095,-21.559126,6,63.849054,-22.433356,48.8145,1.4152166,0.80570936,0.019132853,0.7849963,0.8885616,48.8145
49e4a74405fa485497b4d2de8ba64923.jpg,7,42.293354,12.687949,0,54.571474,25.739879,1664.8878,6.19679,0.70524174,0.0041317344,0.7048351,0.7821219,1106.6128
4a126ca698944e009b11c970cece1f4f.jpg,8,60.787843,10.673131,9,53.28925,20.263466,1013.60876,87.73654,0.67663217,0.038440824,0.6588093,0.76233494,1111.307
4a15ed02d26348f29493b3602325b8eb.jpg,3,67.875963,24.860886,3,67.997382,25.181752,19.023544,5.708493,0.7539997,0.009485006,0.7535664,0.82304597,17.437054
4a2f7b6515084375add5c68c81b759eb.jpg,9,52.511746,20.645253,1,49.883692,6.618844,1018.2093,427.23816,0.6870235,0.0019803643,0.67942846,0.80219185,1008.6019
4a3553c07ea4471a87b124d14b66370a.jpg,5,53.165875,-2.238081,9,54.641503,17.66953,1309.9276,92.59916,0.7123744,0.0006968379,0.69930935,0.8154261,1458.3954
4a6a2ae146834129bdfc4318d9f4083a.jpg,0,51.634304,29.086037,0,52.971279,29.261425,149.14246,0.0991789,0.814566,0.0030597448,0.8009847,0.9482082,0.0991789
4a798b0e9ffa49f6bf6978264facf21b.jpg,10,64.729903,20.917551,9,51.768065,17.709702,1453.0032,373.41287,0.6574335,0.014457166,0.6495451,0.70652694,1435.8068
4ad6b7a10f9e481b97cc502b8823fe94.jpg,4,47.922951,-1.426644,4,47.799092,-1.334456,15.394272,15.394272,0.7392792,0.08048254,0.7367414,0.7786208,550.42346
4af197ce4534472692c80829e1335a6b.jpg,2,28.670361,-17.80403,1,50.730307,9.237267,3335.178,12.579646,0.68843544,0.03774339,0.6667703,0.77509594,3335.178
4b21188c9d3348e2a155e05544fe064e.jpg,8,58.926934,9.315328,8,58.912374,9.301691,1.7983191,0.28609356,0.8394571,0.06732994,0.81963146,0.9187597,1.7983191
4b22b45a094840ff8deca548fccd23c0.jpg,0,52.676982,30.817168,0,53.652064,30.039781,120.17097,3.6405115,0.86321896,0.009361029,0.8387271,0.96118623,120.17097
4b3488ef8b8a4d799a2ca9aab75299f3.jpg,4,45.903716,-0.959794,9,54.595764,17.256314,1608.1671,1117.9493,0.6987378,0.0008894205,0.6641251,0.87219703,1348.3647
4b4faf799a1a4d7d9c272d3b3626c4f8.jpg,10,59.202594,15.069845,10,60.198102,16.593615,139.85324,8.390518,0.65193135,0.0017279983,0.66250783,0.7651671,2652.817
4b71e882dd6f4719ab8261c9a709a11f.jpg,7,40.286856,9.154227,7,40.395052,9.477628,29.933496,0.29258415,0.8039403,0.012934089,0.79966086,0.84091926,58.96744
4b79991b4b774dc398769446c000b9dc.jpg,3,64.738022,29.787482,3,67.614927,25.402213,375.47092,14.413586,0.8008369,0.018788338,0.7785008,0.8976053,375.4111
4b7c809e1e1c464f8a5d2bce68eaa026.jpg,5,50.341822,-4.658837,5,50.348435,-4.662825,0.7879075,0.7879075,0.7850078,0.040014625,0.7512201,0.9265754,1.3045245
4b8fb1010201448bae1bd3ef2f439ecf.jpg,1,53.664453,11.222042,8,58.44504,6.005733,622.0647,60.45158,0.6534378,0.02137059,0.6476414,0.7599506,1145.49
4b90770fbda6434999c1550c8cb91049.jpg,5,50.416092,-5.075175,5,52.383836,-1.168162,348.2505,5.394604,0.73177505,0.009337723,0.72362673,0.80333436,10.130823
4ba41ff7c9594e74a908929e1c195575.jpg,0,53.973585,30.466683,0,53.940111,30.468523,3.7240903,0.15815185,0.8358786,0.02089727,0.8126847,0.9415929,40.843864
4bd5d1f39ffc47c3b6aec73bed097529.jpg,0,52.077872,27.374165,0,51.942545,26.923705,34.30693,0.87339246,0.8498524,0.012311101,0.8431261,0.9220917,36.94779
4be7a66add0142d6a84bfa6011166404.jpg,9,50.385045,19.301235,3,62.904603,21.207949,1396.8313,647.72046,0.6819647,0.0006939173,0.6816701,0.698987,1402.076
4bf809a4ddd948b09db4b5bc11e1fe43.jpg,6,65.691177,-23.194068,6,65.610774,-23.209587,8.968682,1.1528106,0.8024567,0.011193514,0.76874363,0.95064497,22.229324
4c010f7b36e44c2b82169d92cd561659.jpg,0,55.77786,28.602544,0,55.015351,29.406464,98.82134,0.34447995,0.8759167,0.011170387,0.85722685,0.9578487,0.9857454
4c36c3e30c7a43cdab3e860954136035.jpg,2,38.860503,-2.209342,4,45.124963,4.177179,873.33563,335.63467,0.7008689,0.01102078,0.6988558,0.8421452,596.9758
4c40a21734d54ca6ab74f43db7f39546.jpg,11,38.514323,27.960818,11,38.490793,28.055144,8.615078,8.108659,0.6807347,0.0072445273,0.68119097,0.7710833,449.6546
4c4b34db9c704f99be01a8397e4ea24a.jpg,7,40.07073,9.609386,7,40.212728,9.550849,16.554956,8.818267,0.7108863,0.048484504,0.7031338,0.74189603,16.554956
4c5ebf7fd57d42abba1f3d6a639acf50.jpg,5,55.044597,-2.049236,5,53.871321,-2.757613,138.26234,14.93316,0.80771375,0.014897704,0.7807482,0.9188138,246.46268
4c7654ac423f4620a40f1a0eef7a484e.jpg,8,64.609139,12.589056,8,64.607245,12.586425,0.24513523,0.24513523,0.889464,0.019784927,0.87055707,0.97031534,47.229404
4c9a76f251bf4e6189816caa683fe080.jpg,4,49.422375,1.05173,2,36.853029,-4.445483,1466.0836,86.59859,0.6788204,0.029983222,0.6651199,0.7336223,1466.0836
4cc61e1206c64ab196827dd2e04ab284.jpg,11,41.494109,27.885843,11,41.53471,27.833521,6.2737756,5.720796,0.74779963,0.0012425184,0.7326305,0.845786,5.720796
4d2f3148ead44c21a915ce1ae96cd237.jpg,9,54.421319,16.862323,2,40.811192,-4.611317,2192.7776,370.1483,0.6108622,0.005022824,0.61572635,0.6976167,1734.016
4d3873971091447a8fca1690e98a0b72.jpg,10,65.857314,23.60278,3,65.909199,24.101246,23.37055,1.1534792,0.8438648,0.011624038,0.83124727,0.9239063,1.1534792
4d4ed179f1b347d2a110a80b9c31ced2.jpg,10,60.039134,18.696953,10,59.994644,17.713114,54.89395,18.408085,0.77674806,0.010722399,0.7784348,0.8112246,370.08014
4dd67396a753484ab969d281f713f806.jpg,7,43.233988,13.758248,7,43.209444,13.776906,3.1199408,0.3135394,0.8027822,0.122264504,0.8202825,0.76618177,3025.451
4e150508ae9c448aba24afc4d02a2ca6.jpg,9,52.062701,20.281456,8,68.335733,22.928728,1814.98,1015.75653,0.7817114,0.008050799,0.76934355,0.8521709,1602.0535
4e1ec80cc93a4314aa07ab0b88c0ebed.jpg,11,40.818525,30.443636,11,40.81573,30.431976,1.0292606,1.0292606,0.6598562,0.01738441,0.69635284,0.6998258,2125.484
4e4083129aeb477d8bfbcc207cd1cd2c.jpg,6,64.919492,-13.93514,6,64.934786,-13.740428,9.331332,5.378295,0.80770415,0.02581799,0.77216494,0.9498609,9.331332
4e41ac2ef8df483fa868f6054ef75011.jpg,9,52.976018,14.694,4,46.434166,3.083105,1104.9902,339.64868,0.67050225,0.011077106,0.63255405,0.856139,1107.1765
4e68b1930ff04aa98ad4adc304383900.jpg,8,68.538905,17.215161,8,68.402442,17.471848,18.438068,2.0562189,0.8135214,0.015707612,0.7750827,0.96744037,18.588259
4ea8781b8b0245c0bc8f16ddae1f3ec8.jpg,7,36.863404,14.730773,2,40.107538,-3.841539,1652.9863,3.388337,0.7871996,0.023754,0.7854663,0.80951685,62.98708
4ec0c2fea0484beda5d07a5c1ebc8902.jpg,10,63.829725,15.615979,10,63.829296,15.617103,0.0728978,0.0728978,0.77526706,0.036385655,0.75396866,0.86046064,0.0728978
4ef8d44ac5a045e09717428b5040d61d.jpg,11,39.589818,44.055451,11,39.561484,44.064047,3.2355952,3.123638,0.7861168,0.004771292,0.77194154,0.88018644,31.445913
4effd27d19d449c48233106349a1f3c9.jpg,1,51.306859,13.249595,1,51.329307,13.350659,7.4539547,7.4539547,0.72412974,0.18486875,0.7025328,0.8105174,7.4539547
4f0cf94955d54eb18188c9bff5fe90b0.jpg,4,47.962593,0.291386,4,47.123191,0.978057,106.62187,2.354421,0.73947114,0.009416163,0.7262575,0.7923258,106.62187
4f8fc88af2364e8899ec81c4ef8fae31.jpg,9,53.767071,22.965163,9,54.769101,18.337994,320.39365,35.42906,0.6675026,0.004190922,0.6611238,0.7934979,203.51364
4fa01748c7874a36839c32b15123ab01.jpg,11,36.705251,33.112627,2,38.681827,-0.051148,2910.384,1.6589268,0.74073255,0.031038702,0.72711337,0.79520905,2910.384
4fc2f06a8d6545708659018cb6c66b61.jpg,8,67.384493,14.632202,0,53.246339,29.443691,1760.4875,5.7052875,0.6964536,0.0140993595,0.7026211,0.7314159,563.0427
4fed5bdde12d4b61aba083f67fcb5545.jpg,9,51.149424,23.576359,9,53.323399,22.455967,253.48083,69.2169,0.71783775,0.0134443045,0.701314,0.7905264,231.62595
5012a881ec6a424db628db335a861487.jpg,2,40.054278,-3.613566,2,40.056453,-3.612864,0.2491203,0.2491203,0.64659756,0.029373288,0.67191565,0.68873864,2784.9023
5013b8587bd14a629743c7c467fc706b.jpg,2,38.790542,-3.408166,2,38.953641,-3.50864,20.11379,4.6138954,0.90171266,0.06320703,0.88783234,0.957234,20.11379
50266ac91de5463faa5dffe0d74c0c9c.jpg,4,46.605511,0.606093,4,46.612769,0.600643,0.9081042,0.26890624,0.8392483,0.027714789,0.8095323,0.958112,0.9081042
5039e286f0a441619ba156ca50bf1deb.jpg,7,41.002477,8.904379,7,41.000731,8.901784,0.29174545,0.29174545,0.8474319,0.020887852,0.82522786,0.945717,2.8123057
5062d4d6aadf4a05aa26e8d04c2e58ef.jpg,7,39.243458,16.062756,7,39.201136,16.062318,4.7061496,3.0312645,0.7754363,0.0049960017,0.75731575,0.8640659,5.177434
507eb184124a400a87a19a61b0147d13.jpg,9,51.369177,21.069261,9,51.39295,21.102648,3.5152097,2.440096,0.7520143,9.673834e-05,0.72089857,0.8764771,3.5152097
509d4dda8a14491aaecfdb1267a4093d.jpg,4,46.122586,0.766276,1,50.042922,9.331095,770.4925,28.375446,0.638532,0.02398336,0.6282399,0.76411057,206.96486
50b820cb6f54465287ab90c852e12082.jpg,6,65.795598,-16.44106,6,65.429899,-20.592736,194.86485,3.57533,0.867739,0.0012111068,0.85574675,0.93444794,194.892
50d51efd711240b99039ea576b0d8a44.jpg,5,50.240408,-3.704632,3,61.70945,28.033044,2315.0117,54.568913,0.6723185,0.0049397945,0.68413913,0.7786449,2467.3499
50f90c3cab8c4ca5b0a20d4719d193ae.jpg,1,54.618314,9.76838,10,57.652833,18.653089,644.9431,12.008564,0.6744531,0.044678748,0.6622292,0.74212253,314.7501
5123e246fcb64b9d9a1bb6baa2ca2f6e.jpg,0,55.717488,28.585856,0,55.858154,28.605743,15.690706,2.6012616,0.80073977,0.004258096,0.7782704,0.9272324,7.242096
51332f71e48f4cbfa5085b06abeeb714.jpg,1,52.303567,13.56936,7,43.14721,11.893615,1025.7526,91.1346,0.7312903,0.0009636283,0.714212,0.7996034,1025.7526
51719672d48649db9799b6b7b0a1beae.jpg,11,38.72754,33.746035,6,64.82904,-23.467422,4644.0254,9.539724,0.70321286,0.0042806864,0.6617167,0.86919767,4644.0254
5193056d1d2b427d8bdf587926186bfe.jpg,1,49.670184,7.087363,1,50.743487,13.334097,460.14246,20.858755,0.70457405,0.032413065,0.6941204,0.7463883,460.14246
51972d7bc70e49418b8f706e7ea3a852.jpg,9,54.232511,19.540087,9,54.238702,19.528148,1.0372663,1.0372663,0.74072737,0.064937234,0.7674759,0.8442836,1407.7487
51a2ad96f72b40afbf1cd6693b589d99.jpg,8,60.708576,11.301606,3,63.175531,25.73665,801.1785,156.70515,0.7687902,0.00024187565,0.7585946,0.82682186,602.6446
51a440c14582456ab90370f153c2523b.jpg,3,66.594912,26.058996,3,66.698726,26.251123,14.316757,4.2253375,0.90165687,0.03567958,0.8939221,0.93259585,14.316757
520dd852a18f4adba5165cf3a23f4ba7.jpg,6,66.564954,-18.017797,6,66.565268,-18.018131,0.037910987,0.037910987,0.74491596,0.035249114,0.71573925,0.91779125,0.11459591
5246f8df50b34a22abcac35fb48381b0.jpg,9,49.641643,21.339885,2,38.529083,-3.493849,2320.3645,5.269277,0.7145899,0.010400295,0.73500866,0.743881,83.05742
524bd553247c42ee85dcf7c223569acd.jpg,4,49.263229,1.544308,4,49.290472,1.47945,5.595916,5.595916,0.7720042,0.038148284,0.8044075,0.76777595,910.1939
5262045e5f54485f91ef8b1cb6a95017.jpg,6,64.158657,-20.304283,4,48.792682,1.194648,2136.9246,1907.2552,0.62257284,0.0004940629,0.6326134,0.72999287,2089.8171
5273a3b794874be4bbdfef39442d16d8.jpg,6,65.764413,-14.825045,6,65.535165,-15.420656,37.355846,3.7371643,0.79155326,0.016119063,0.8019718,0.84499764,151.62726
527901c8799b4851ae43432e749abdc4.jpg,8,70.163125,28.570106,8,70.163093,28.57018,0.0045231525,0.0045231525,0.94959134,0.0113579035,0.9408397,0.9854465,0.031778138
52b05a3a7bca4a47a72f1e7e76b2a12c.jpg,6,64.02699,-20.506727,6,63.958325,-20.67126,11.074851,5.681368,0.8185024,0.009098351,0.7877687,0.9470052,9.97272
52cdbeda348a4b7f9bd20c99663dc753.jpg,8,58.412384,6.025619,8,58.416207,6.021846,0.4785354,0.34697253,0.799554,0.026855826,0.7691188,0.92538166,16.701647
52d778f942ef403c9d62da8a0c4c8614.jpg,1,52.73875,14.210143,9,53.564135,17.297759,225.39873,11.388195,0.6790903,0.011241198,0.6596978,0.7566603,225.39873
530a12aba89244258de83c2525598a58.jpg,3,66.840689,28.688462,3,66.839377,28.682683,0.2918171,0.2918171,0.8564398,0.0030166507,0.8324522,0.9612754,197.2432
530e91c59ea249458a289eb6f9c8b64f.jpg,1,47.580528,10.60527,1,51.565856,8.197228,475.88434,31.969496,0.70286494,0.0029065013,0.6768695,0.8241542,334.88568
532ebea3682b4b119bf42a3a57c20ee0.jpg,9,53.393314,22.424097,9,53.362034,22.443575,3.7103982,0.9200469,0.8100289,0.01294297,0.7765436,0.9439701,3.7103982
536c59096943421da5b9ddb469440aa0.jpg,1,48.341638,10.480525,1,48.119155,12.329083,139.13808,9.807507,0.6877572,0.021263719,0.67972904,0.78399915,600.21893
536cf948e16e46bd98834be503794abe.jpg,5,55.360912,-1.826084,5,55.440548,-2.435678,39.495274,2.358192,0.74179995,0.022420883,0.7119535,0.8611853,39.495274
5399d4c7c2f34b0c9a043b16f978d11f.jpg,11,36.814053,34.566164,10,59.086278,15.035517,2848.1255,1813.759,0.65900457,0.011424661,0.65318155,0.70866716,3535.19
53ea4891500a4d91b62f3f335c02fdd2.jpg,5,53.187429,-3.066231,5,51.292805,-0.295012,282.78046,0.501235,0.7449252,0.027326405,0.7228768,0.87191546,3.5144844
54029397a3ef4ba3a3a5cab84a77fe1d.jpg,11,36.705779,30.563851,2,37.248216,-5.396022,3175.48,0.4604233,0.7792238,0.0044686794,0.77079654,0.81293267,3175.48
540aedaf49eb47e39e877165986a7da9.jpg,3,62.61615,22.751084,3,61.564863,22.566757,117.29083,1.1283442,0.8838188,0.022391856,0.8641307,0.9698839,179.71605
5410defd61dd450b96db6188690302fd.jpg,8,62.557139,6.126799,8,62.558255,6.127336,0.12710829,0.05585883,0.7764226,0.0123695135,0.7811115,0.81890476,2.2716994
5429e4e0ea0a483c9e4928d11991c58c.jpg,11,37.838862,40.610379,11,37.577486,38.946254,149.24875,2.3751256,0.8631149,0.0075398684,0.8438488,0.9473601,82.65302
5429ff66d3d0488388f229bcb69d13d5.jpg,3,62.456905,23.961477,3,62.526436,24.016911,8.23903,8.23903,0.8393321,0.028809607,0.8239583,0.9546955,146.20012
543637a1d31049288ad84b6db4252ff6.jpg,7,42.153776,11.921385,7,44.509457,9.793595,313.39206,187.12851,0.6212853,0.0041708946,0.590766,0.74670297,1586.5586
543d4a01fa784dde81ab00914e5fc937.jpg,1,54.686923,9.007493,1,53.186977,7.764347,185.57141,11.619967,0.69859326,0.023068547,0.6844824,0.78412163,211.48994
544d4e7dc90f4ff0891002a80d0830db.jpg,2,38.734116,-4.090279,2,38.665632,-4.182748,11.062626,11.062626,0.7690282,0.029274583,0.77523315,0.75403297,64.86508
5465a6ea8db84d328214645a7784c1d9.jpg,4,48.585429,6.44637,3,60.492494,25.016808,1773.1573,374.10382,0.6659161,0.0068074465,0.65977,0.75529945,1418.0209
547fc890d3ec415aa42cbabb47955110.jpg,9,51.599964,22.717425,9,51.637279,22.765666,5.3206134,5.3206134,0.6569402,0.04331076,0.66714686,0.75262636,223.37697
549435058cfc40ec95336cb606b7d6b5.jpg,0,52.179286,29.907571,0,53.060888,27.930829,165.57007,0.41910237,0.83076584,0.034882545,0.801147,0.94924134,165.57007
549591777fa74368a66c6a46d2491a81.jpg,0,52.629367,25.510171,0,52.633636,25.503006,0.67761254,0.67761254,0.8546214,0.034607828,0.8369794,0.9412991,6.987918
549734156d8d4a19bd912d177626c99f.jpg,9,54.075558,16.19808,9,53.608257,15.107757,88.411705,0.023997828,0.70618856,0.0002810359,0.6697479,0.8519512,88.411705
54a14e785b184c329496d7aa8d0e34a9.jpg,11,41.199951,36.534337,5,51.831776,-2.985666,3199.3108,153.20122,0.69556844,0.006973386,0.67163044,0.8269083,3196.4575
54ca6bc07db24c7a879be1a39c33bc34.jpg,11,36.187582,36.192725,11,36.204634,36.197183,1.9378387,1.9378387,0.76964265,0.018146515,0.76224184,0.8615303,5.9120727
54ce20a5ce794cc6abbb23a7b20ced0f.jpg,10,66.594658,19.892573,7,43.4302,10.403303,2638.9731,2263.1511,0.60839283,0.013865709,0.6018361,0.6985939,2563.9158
54d6ff3007184fcb8fd7f3d79825acb4.jpg,1,52.675283,14.107854,6,64.834836,-22.449557,2452.1414,309.41336,0.633387,0.012290239,0.6436515,0.7004766,2304.8765
54f3fa1c6e59438b9eda7fbf96b679ad.jpg,8,58.625675,5.746338,8,58.612524,5.686175,3.778042,3.6250818,0.79289466,0.036558986,0.79746366,0.84089315,3.6250818
54f80087756d4be486b355d10259ee5f.jpg,10,57.952818,12.567001,2,43.165531,-4.370305,2021.2897,43.02845,0.6098305,0.00017929077,0.6022545,0.66789234,2354.755
55067c3bb0004f54a9a4bb4f0c4222f5.jpg,4,47.313446,1.300333,4,44.77395,-1.120704,338.5672,7.4940715,0.6582016,0.00067174435,0.6560329,0.8074994,97.19552
55711f3841904305bd8ac2cc6e9466e3.jpg,9,53.172981,14.583945,4,43.877962,7.451246,1158.0269,534.21844,0.69221103,0.025513887,0.6599715,0.82557845,1134.3739
55b464a65b044860a378b1fb359777ab.jpg,1,54.460877,9.147172,1,54.460789,9.148157,0.06441122,0.06441122,0.882218,0.18891168,0.87525666,0.9100635,0.06441122
55f20740d5394ac3a8af7e18ee26ef57.jpg,9,52.629169,15.864195,1,53.000128,13.868698,140.30373,7.620151,0.69784904,0.018238068,0.68497235,0.7878839,690.4304
561241cb34f34107b7827a6b9d277095.jpg,7,40.182213,18.085153,7,40.356473,17.641353,42.346706,7.9646764,0.7504523,0.00651139,0.751424,0.8429711,1974.813
56166560adf14c22bc63def31428ea67.jpg,6,64.744258,-14.437627,6,64.742788,-14.434046,0.23575994,0.23575994,0.885561,0.019185185,0.8709165,0.944139,0.23575994
563b96a714ec42d69b4806b1b8f1f233.jpg,5,54.468262,-3.551462,8,63.005291,7.276541,1133.1864,69.11486,0.6672158,0.022698581,0.65478855,0.725891,1119.9366
563c8d6a1dc94a4f8988aec1d6e9ce35.jpg,6,63.843724,-22.409829,11,39.791325,34.196772,4498.747,0.6533812,0.74139464,0.009876847,0.7323175,0.7968632,1.3220252
564069598fd64e998ce301c966a0737e.jpg,8,68.247019,13.704463,8,68.129661,13.385885,18.53465,18.53465,0.6845259,0.024799764,0.65546167,0.8414729,18.607752
56474c7996c348a6bd264a51db2bf4ce.jpg,10,61.58414,14.824924,10,61.509737,14.849764,8.377254,6.589033,0.82722247,0.011036456,0.81445014,0.8903787,46.34211
56541ba7868041378fab5aa3abb55d94.jpg,0,52.896863,30.377933,9,50.661393,21.845422,636.9541,18.051926,0.70076,0.002046287,0.668547,0.8296119,636.9541
5679138118eb4cda95cb7a72984ebc97.jpg,6,65.908146,-18.298725,6,65.769151,-20.256357,90.42439,5.692041,0.69974905,0.010105133,0.6721687,0.8610754,14.502199
56991f0a519541de84633f4dd0b3533b.jpg,1,54.118462,13.107262,4,45.184958,0.165026,1357.8152,101.47782,0.5990519,0.008339167,0.5918567,0.6690319,1052.233
56b42a7aa3544c94a2cfa13d93707b02.jpg,6,65.464403,-20.526552,6,65.451073,-20.564271,2.2873445,0.996166,0.9260552,0.0070458055,0.9132527,0.97726476,2.2873445
56cbe68b9eaa4960bcdaee127c4de200.jpg,6,65.989281,-22.943668,6,65.640513,-22.537809,42.9629,0.091759846,0.8899002,0.0043677688,0.87061405,0.9820449,26.90454
56f2552208c240d09cdd3d65cc787b35.jpg,10,59.899823,18.943441,10,59.919194,18.925024,2.3861554,2.3861554,0.8134043,0.04319495,0.7914486,0.90122736,2.3861554
570255d4fbf84952bd6cab903084f99b.jpg,5,50.541,-4.785292,5,50.535795,-4.790332,0.6795893,0.6795893,0.8012696,0.049803436,0.7848172,0.8670788,0.6795893
571d9d34d25548d59b6720b1e018a96f.jpg,4,48.367242,-3.789908,1,53.819851,9.438115,1102.3126,329.99097,0.68218195,0.039899886,0.6782853,0.72589076,1757.2245
572d42e07c824661ba6209a383896b45.jpg,9,51.704219,15.607054,9,51.416347,15.600969,32.012714,32.012714,0.7570559,0.074671686,0.7448306,0.8314528,234.62297
5758c02c8aa649d9964469e6fbf012e1.jpg,7,40.912462,9.37969,7,40.917523,9.378381,0.57340676,0.57340676,0.71569884,0.00013172626,0.68625647,0.86430526,38.438915
5772d8aee42b4ef5af7821a8e4078a8b.jpg,6,64.83312,-13.956256,6,64.826734,-13.929454,1.4528723,1.4528723,0.8107445,0.013349652,0.7956848,0.8813728,50.255863
57a443b1cd71461d81f27693afa31dc9.jpg,8,58.866888,5.622738,1,49.160725,11.048374,1135.0911,514.9335,0.6500146,0.0017368793,0.6491287,0.7305351,940.36523
57febd35483a44aaa41b99eb6064ee7b.jpg,6,64.820298,-21.393362,6,63.911098,-20.603066,108.008484,33.614212,0.6833512,0.020638049,0.72133136,0.6916062,2924.1533
5835ee6edb4a4320ab7ec8b36c42f65f.jpg,11,38.839054,27.717747,11,37.058975,35.77008,732.99,12.429106,0.7356595,0.038167775,0.7026262,0.8677925,732.99
584b970a330f4886ad03b88ab1986ce1.jpg,3,63.015746,21.531076,3,61.677678,22.55367,157.86374,12.798044,0.829757,0.0020531416,0.8002315,0.95397794,104.72308
584cb42a5070459dae95ae06a035262b.jpg,3,63.417186,22.513511,3,63.161651,21.878575,42.595875,32.51274,0.728216,0.036836028,0.7295163,0.7230144,42.595875
58805ff571404011b9c3cce99a300acd.jpg,3,64.193587,28.399941,3,62.289691,27.019037,222.69266,8.26932,0.8572975,0.016250014,0.83479017,0.9473268,222.69266
5883d39fee034eeb9a55d354e6be2cb0.jpg,0,52.031283,29.46461,0,51.710682,29.154923,41.508125,2.5173404,0.83132607,0.0006392598,0.80388135,0.9604535,48.294704
58bcb7848c31423fa5e21810344250f9.jpg,5,53.650886,-1.736441,5,53.574519,-1.650933,10.194305,10.194305,0.6337382,0.02771765,0.61677325,0.732163,427.88882
58d3f023adfa44859df36c3f079934ff.jpg,2,28.049872,-14.330039,2,28.049492,-14.331906,0.1880257,0.1880257,0.729682,0.04618752,0.6994715,0.8505243,0.1880257
5902af5a09364093848070b4d4f26b33.jpg,0,52.212889,27.864871,0,52.222396,27.867509,1.0722986,0.573478,0.84501714,0.005846858,0.8287368,0.920727,120.87495
5915a4ed109c4d39b3879c1b44d03622.jpg,5,52.754424,-1.133479,5,53.871321,-2.757613,164.50745,15.211151,0.75474226,0.006322205,0.7250126,0.8736608,164.50745
5934e94fa65a4109a16adbcfc2bb8c24.jpg,11,37.228693,39.672141,11,37.229629,39.689374,1.5292863,1.5292863,0.8714806,0.0020871758,0.8626858,0.9204575,2.6450136
593e70fffc7a4cc195fcb39a7adc6810.jpg,10,59.343457,15.833518,10,59.32518,15.793403,3.050579,3.050579,0.8627447,0.038430452,0.8360614,0.9694776,3.050579
59407328268b4001a7d9e1d49c42f05a.jpg,7,36.740933,15.116421,7,36.841353,14.460171,59.494663,0.8500664,0.7486153,0.026313603,0.7437558,0.82643807,52.894604
594c7941ca764b0d83a4a7911e31dd8e.jpg,10,63.71669,20.069772,10,65.901352,16.322517,300.66803,28.850761,0.8685823,0.0035225153,0.8685705,0.8973484,227.49057
5953dbacbe964a189080f04962c3bb41.jpg,6,63.845141,-22.435238,6,63.846113,-22.434733,0.11087962,0.11087962,0.694694,0.0027273297,0.70256215,0.6632212,0.11087962
596aadc2640f44778f0ca67fe6fb032c.jpg,5,54.276313,-0.421806,5,54.338769,-6.342118,384.03033,1.5295596,0.6591123,0.026106477,0.6415625,0.79339087,279.45975
599a4338b8ce4319a91c7d0c3e52bf88.jpg,9,49.511805,20.239689,5,51.955147,-1.826222,1570.2229,617.90875,0.6452323,0.000428617,0.63801867,0.6740867,1570.2229
599c9cc20bef42b7a7c5ccfa94ad11f0.jpg,5,50.576031,-4.876399,5,50.306187,-4.851407,30.057476,0.41395453,0.7278389,0.039084077,0.6904069,0.9107123,56.86619
59b7d847368f40a3900d191183199310.jpg,4,45.519761,2.603041,4,49.645013,0.294231,490.244,13.358407,0.6414361,0.037391722,0.6413394,0.78051674,70.2491
59e0311d49ce4b4e96d329c73b6d0fc0.jpg,7,40.261202,18.29868,2,42.266787,-0.679079,1598.411,220.333,0.6664865,0.026713371,0.6478722,0.8111601,2018.0024
59e5e8a0bcf94f8d99889c96922f9788.jpg,8,64.035376,10.080615,9,53.288425,15.765717,1238.2188,191.65712,0.6389603,0.009305716,0.6256145,0.740312,1666.2723
59f2ef1d91be436e9e021b9560d835cb.jpg,4,49.705064,1.963422,4,49.801249,2.043512,12.144755,12.144755,0.7060642,0.0019624233,0.70263875,0.8337083,1071.9038
5a47caf3e7304924917dfc6f784ec06e.jpg,7,40.662889,14.713703,7,39.327102,16.047915,187.02376,2.0812147,0.74052024,0.028709352,0.7162422,0.8653796,266.9862
5a5c53a8a918421fb3ebcdd65de19220.jpg,11,36.498941,32.287623,8,61.750603,6.342939,3334.9414,2779.3896,0.60027915,0.00021398067,0.5800786,0.76250947,3512.981
5a5d2fafc743419394f2b595c13020a3.jpg,4,46.096651,4.085326,4,48.371873,2.388112,283.5769,7.581241,0.6707658,0.033930957,0.65932894,0.7370323,19.465897
5a641d0c19cd49baa0870e1c97a118d2.jpg,4,48.373221,2.199084,7,41.111653,9.441256,988.53174,475.3623,0.66980654,0.041607797,0.6707058,0.7218467,1495.7006
5a6a9bec29c549a1984e39b891fcb099.jpg,2,38.744243,-2.878849,2,38.444642,-2.770463,34.620247,17.482271,0.63443893,0.0010632277,0.6393888,0.7220714,3158.2507
5a7a3bc3f4fc45ab9122b064ea8a9f3c.jpg,0,52.293504,30.937077,0,52.304732,30.914933,1.9560592,1.1496353,0.77476287,0.029500723,0.7781546,0.8606608,243.93661
5a8417a81ed34829b0ee850d5894ee12.jpg,4,41.594061,9.324456,4,41.587986,9.304393,1.8000572,0.27954525,0.7933015,0.00057446957,0.7878811,0.8542516,8.914701
5aa5a27d848e4c2382dc5c9c17cadaa8.jpg,8,69.61203,18.93814,8,69.611702,18.938097,0.036509924,0.036509924,0.9362672,0.0029124618,0.9339186,0.9538541,0.05064029
5ad289791adf4d6c8f8658107dc77d0f.jpg,7,41.077739,14.714217,8,59.908537,5.367889,2190.7708,4.433094,0.78343993,0.044254422,0.7793149,0.7999403,2190.7708
5aeb3b8f89604de187aa746d2329713d.jpg,11,41.10023,28.331875,11,41.100488,28.330175,0.14530674,0.14530674,0.9502364,0.26531607,0.94563526,0.96864074,0.14530674
5af8835c524b432b979fa8427abd200a.jpg,11,38.497881,36.454068,11,38.621487,36.439849,13.799873,5.0203843,0.59670216,0.008389354,0.5773753,0.7240417,76.39377
5b22bb42cf1049b193c3408ea80d6660.jpg,7,46.044427,11.531352,8,58.259866,7.971655,1379.3486,39.880795,0.6787506,0.029443681,0.67390335,0.84124947,189.23694
5b38bedcafab4dccaf54824c0a418854.jpg,4,42.89183,0.37322,1,52.044537,12.357285,1355.6406,172.21062,0.659178,0.025054038,0.63286483,0.79408705,1886.872
5b55d2ba369b410ba39d93d4f37e84bc.jpg,0,53.93057,30.195273,0,52.214232,31.52437,210.48335,0.9090722,0.89671,0.007450521,0.8814595,0.96982515,41.582764
5b679301d550499492534b720627a32f.jpg,7,36.824433,14.973957,0,53.518493,30.268511,2199.496,27.86632,0.81149375,0.0504421,0.8174939,0.80552995,1734.3129
5b6cbe2f5b85417ca15d1e41db7a9788.jpg,5,50.532992,-4.809237,5,50.530864,-4.808204,0.24763171,0.24763171,0.94284105,0.18240154,0.9317269,0.98729753,0.24763171
5b6d43865460447496a4e04f6bf8ca9a.jpg,7,43.202012,13.645407,7,43.198992,13.641246,0.47594592,0.47594592,0.8032627,0.02420652,0.77102935,0.9321961,0.47594592
5b7672710a27499787f7b016efa7f4c8.jpg,0,56.002339,28.64517,0,55.814841,28.602642,21.016672,1.0792347,0.81579196,0.024822295,0.791706,0.9329047,3.9542837
5ba340beb7374f3cbf383079566867d2.jpg,9,51.33529,19.687185,9,51.285489,19.610177,7.7017226,7.7017226,0.74481183,0.034674227,0.71232694,0.87906444,306.34924
5bfc5feca961479b87520e938120cdfb.jpg,9,50.830596,19.069896,5,54.888069,-4.052146,1608.1746,88.34515,0.5908911,0.013812482,0.588963,0.6660522,1732.74
5bfeaaea8ccb4d51ae263f7d6c6d2f8a.jpg,9,50.400502,17.688158,8,60.551417,9.136315,1248.4141,385.08185,0.658482,0.0028560758,0.6864076,0.80148417,752.2712
5c2466d4f9734188beddd8b11305d53e.jpg,4,45.584076,2.414842,7,37.43956,14.959847,1379.5614,236.65015,0.7429756,0.009869754,0.72918,0.80827487,1408.3568
5c3ddcfda9dd4763958de673b0222561.jpg,11,36.355155,32.372795,10,66.189704,21.154381,3396.1658,278.33905,0.5506744,0.0018733144,0.5561987,0.65848476,2554.8843
5c837ead584f49d6bc523933b776757d.jpg,10,65.600684,18.125367,10,65.045315,16.986365,81.29692,2.0157077,0.8746358,0.0022187233,0.8839228,0.9324714,174.10802
5c90e2570fc84b73a706b79cbc969bb7.jpg,6,65.563596,-19.966594,6,65.541558,-19.914065,3.4421682,3.4421682,0.898878,0.009794772,0.8793328,0.9770587,3.4421682
5c9ba3dd23bd4684b4e49dec0665a2cf.jpg,5,50.422755,-4.665018,3,63.144236,28.044601,2401.2285,1083.8922,0.74388874,0.0874933,0.74125576,0.76886916,2574.423
5ca9a803184240b680a5b43037c0ee7b.jpg,9,50.68331,21.141001,7,40.416985,17.580768,1174.3787,1126.4238,0.70033425,0.0013492107,0.71553534,0.78596395,2248.2246
5cb06e44ee964331853675b314ca40e6.jpg,11,41.090784,36.086901,11,41.092541,36.098883,1.0229594,1.0229594,0.9183413,0.045590222,0.90205467,0.9834875,1.0229594
5cd91769d1dd400f81c2cfcc6ec5541f.jpg,2,41.461754,-4.599391,2,41.34192,-4.110246,42.918602,42.918602,0.7166865,0.0019099116,0.6979259,0.81743073,151.14278
5d0906eeb0134f6c98e4faeb67846fca.jpg,11,36.632633,29.223868,11,36.642992,29.310465,7.812054,3.9598715,0.88821733,0.05962223,0.8694385,0.9633323,7.812054
5d217203b5924ac1ba7adaaa7bbc297b.jpg,8,61.911094,7.043133,8,61.779958,6.210665,46.04683,4.1098027,0.7202061,0.034744203,0.6902833,0.86107945,4.1098027
5d2df909e758458193a839aaf0c28a63.jpg,11,38.123827,41.68768,11,38.123976,41.691591,0.3425144,0.3425144,0.8467209,0.015904546,0.83523345,0.9150653,133.04613
5d928b38c4ea4a259e12e12532fd121d.jpg,3,65.430789,26.861558,3,65.435701,26.853744,0.6548414,0.6548414,0.86508244,0.024402618,0.84519625,0.9446272,0.6548414
5db42385b6c84f518f3ae8aaf40ab0fc.jpg,0,52.226357,31.44655,0,52.316614,31.368534,11.353553,1.4277912,0.8748932,0.0019527674,0.85554993,0.96250653,177.11136
5e06d03612d14660bde8b0a1dfe68a7d.jpg,11,40.101581,29.473108,9,50.561307,20.209516,1367.6968,11.346285,0.6764469,0.0033240318,0.67976224,0.74593836,1703.0383
5e23c18b9e0c4bffaec22b1fb908ea5c.jpg,3,62.890427,21.724026,3,62.672043,21.571735,25.488544,2.6156213,0.851436,0.0014820099,0.8368968,0.9095929,25.488544
5e2c56e3adc948b1afa6eb9a28c8baae.jpg,8,59.575635,5.705112,8,59.547849,5.695662,3.1351917,3.1351917,0.75357926,0.13086522,0.728837,0.852548,3.1351917
5e3ca3bd90a04b8ca4507f4dce2d4a8f.jpg,2,38.754138,-3.103558,2,38.763785,-3.178379,6.5756965,6.5756965,0.8797731,0.056301594,0.874676,0.90016115,6.5756965
5e540705c87a420283cfb364f3b1fef6.jpg,3,64.656354,24.46336,3,64.519959,24.366139,15.8600645,15.8600645,0.8530141,0.043548644,0.8343083,0.92783725,15.8600645
5e590e9f044c43a2b3b47c645e5a1341.jpg,7,40.662733,17.496178,7,40.665576,17.485722,0.9368701,0.9368701,0.830337,0.05809033,0.8200412,0.87348616,39.095898
5e5a1c940f10439d9ad7e1064272435b.jpg,1,50.486272,9.963309,1,51.711139,6.681668,266.53473,69.576904,0.7485343,0.023344457,0.7475729,0.7673141,558.7559
5e603b737b854588a74586dc55d98579.jpg,1,49.426614,7.651493,0,54.532042,27.867387,1489.8071,549.9579,0.7642651,0.04164332,0.75347877,0.80741036,1489.8071
5e6b49233f4145e7ae49d6f6e915266f.jpg,9,54.081659,15.948296,9,52.251102,20.400186,359.7588,12.489876,0.7265356,0.013799489,0.718104,0.83065253,108.46859
5e6e81eef9494250a51c7266cab85708.jpg,3,61.486386,24.670022,3,61.496873,24.624596,2.6780558,2.6780558,0.7621397,0.040149808,0.74903405,0.8145622,2.6780558
5ea10cb149984bf9b1d4f71a4567a5f2.jpg,9,52.513536,21.678572,9,52.51427,21.678668,0.0818753,0.0818753,0.89984405,0.034097135,0.8829987,0.96722543,0.0818753
5ec6bdca45c242ca9b4d8f9350b80730.jpg,1,52.116113,8.205775,1,52.116332,8.205522,0.029856853,0.029856853,0.7985964,0.1178087,0.81585085,0.7295785,0.029856853
5efa6afa5c49411c80726113531440e6.jpg,4,46.470417,4.013727,5,52.145155,1.259349,661.7182,32.793392,0.6102271,0.009079337,0.5996442,0.72593766,832.6921
5efe7f8968a44576a1cc3c47e0a3ac8d.jpg,1,49.980618,10.426633,1,47.888452,10.672733,233.33171,27.23538,0.7067654,0.027766645,0.68128884,0.80867165,233.33171
5f198926eb944bce979ab3431bbdfc2d.jpg,1,50.384297,10.172103,5,57.5645,-4.440971,1240.7911,12.280243,0.7587464,0.017367482,0.7393553,0.83631074,1240.7911
5f2bccba885c4203ae84b284015fe6b4.jpg,4,48.180685,-2.23578,4,43.630315,-0.931072,515.92914,179.83075,0.67294127,0.026672244,0.66475976,0.75481725,378.61914
5f390e3280d84418910d9ef118b33fa2.jpg,11,38.240835,35.099689,11,38.239731,35.098602,0.1551843,0.1551843,0.82827103,0.026935518,0.82060105,0.858951,0.1551843
5f39b9b20e8e463daa22379354ab1aad.jpg,4,47.36085,-2.101569,3,63.496378,25.682223,2470.4343,406.56042,0.7324792,0.003399253,0.73517585,0.7651762,2482.6362
5f3f8ac7e32c4e2594436525ee2175dd.jpg,11,40.197575,35.666437,11,37.78384,39.490982,425.71033,11.649101,0.81890386,0.018039107,0.8136278,0.90334475,416.6062
5f680d17992a4cbca6a647a00a1a7d53.jpg,7,38.013963,12.870509,2,40.807184,0.163785,1133.7893,848.19116,0.7553996,0.015770733,0.7507627,0.84965974,1173.9608
5f755cfe7d2247e092ee66bdad535ecb.jpg,9,53.176312,23.226686,9,53.186151,23.258711,2.3981657,1.1102858,0.85380363,0.024278045,0.8309805,0.94509625,2.3981657
5fb6ba30b70e48029da16d677779ce9b.jpg,8,68.416129,14.678166,8,68.42661,14.668645,1.2287567,1.2287567,0.8466727,0.010372341,0.8317397,0.9271572,80.91807
5fc943b9bba14575a6a26432f6f43b16.jpg,10,57.835296,18.593167,1,48.816088,8.429603,1206.0687,130.62201,0.64117444,0.007772565,0.6315361,0.727126,722.6465
5fcaa4477b674c19ba6e62666e8d6510.jpg,7,40.664551,8.32778,7,40.66102,8.32831,0.39516664,0.39516664,0.9074751,0.04992777,0.89229774,0.9681844,0.39516664
5fe106322af4447c8b10a2983d1ed5e4.jpg,1,49.827913,11.379738,4,44.101876,7.10316,714.3514,613.4773,0.615265,0.0022165775,0.5933769,0.77195,746.7143
5ff641c660bb4d4ba8a44362d5be46bc.jpg,3,63.266013,21.177775,3,64.322494,29.829592,440.38492,78.496956,0.8124735,0.048379183,0.7839093,0.93012226,405.88364
6013bf3f8c024978b27622f3b29b66be.jpg,8,61.753985,6.275076,8,61.756879,6.262234,0.7484742,0.7484742,0.8024535,0.017464042,0.7739624,0.9342079,4.8416896
607a31109d34409ab2512fcea2115dbb.jpg,1,48.695369,10.024443,1,48.705149,10.244091,16.156286,16.156286,0.7163956,0.020012558,0.70607066,0.84912705,1070.8635
60a4763849ff4ceea850f013b2ce34c2.jpg,1,53.343782,10.261641,0,53.638394,31.569048,1404.7019,251.53056,0.69511515,0.003694415,0.69225615,0.8127271,855.314
60b1a4961a154b4697c6a1e4f8757f32.jpg,2,39.384622,2.996997,2,39.383733,2.998294,0.14898694,0.14898694,0.92198354,0.15568852,0.91858476,0.9355787,0.14898694
60bfe810f9ed4b43af1c1d4bb014e9fa.jpg,5,57.550062,-5.521379,5,58.510924,-4.335503,127.62767,15.899316,0.7322942,0.0058897734,0.7076,0.8319683,95.7784
60c5619dbed74a6e947a6e01dea2e198.jpg,8,62.337188,5.877566,8,62.368762,6.008613,7.618796,0.2501942,0.8500031,0.0233019,0.8246561,0.9513912,7.618796
60d6a53247c04189aeba0a3246631473.jpg,5,57.156151,-3.879499,5,56.515266,-5.931793,143.7373,4.695537,0.72304106,0.031131864,0.68269354,0.91104436,159.30699
611eedb71a3442fea1232768114ec2f0.jpg,3,66.876698,25.463651,3,66.668381,25.441364,23.184435,3.9414926,0.9238751,0.018333018,0.91479814,0.96018296,23.184435
61224460a9464735b004248300b839fa.jpg,3,62.863506,21.250769,3,62.526436,24.016911,145.97647,4.713671,0.71602917,0.018450737,0.6905556,0.8708656,724.86346
6135caa7f7054f9785445293ba735c60.jpg,1,53.92582,8.956855,9,51.802244,19.727956,759.7492,266.354,0.6155312,0.003735423,0.62833273,0.6596938,1261.8948
614448c661dd4d169ae7206c372eb721.jpg,9,53.46728,16.200415,9,53.47703,16.187632,1.3751981,0.31955996,0.82115614,0.026963055,0.80904067,0.8864539,0.31955996
615360d01348415ab19a3d3c20cc6ff1.jpg,1,47.746983,11.640578,1,49.883692,6.618844,437.6333,6.145165,0.68886364,0.020706654,0.68435013,0.74207884,858.671
617a09cbe83d427bb7c3e413b5c81111.jpg,1,54.370456,13.593573,1,54.535707,13.249757,28.8382,9.3235235,0.683833,0.015195906,0.66978264,0.7608907,167.65196
617ecf254b5144c6a100bab74f084e59.jpg,7,38.052958,13.15384,3,64.22297,28.487326,3081.3909,1657.2161,0.6960785,0.017903447,0.667684,0.80965626,3081.3909
61861f8fc82d4354bbe1252021084c80.jpg,3,64.696769,25.580538,3,64.558399,25.681527,16.120934,4.7042437,0.9261202,0.003959775,0.91531414,0.9748535,4.7042437
61bc96a0c3d24214883b204f2246ce21.jpg,11,36.507503,33.711889,11,36.457739,33.962671,23.093893,0.9414302,0.7003714,0.032037616,0.6725711,0.84313536,56.43228
61de1316032e48d19f49effef5cd8649.jpg,7,38.005871,13.048822,9,53.177938,23.147298,1856.8324,458.24948,0.6897052,0.026911676,0.7116384,0.7015669,1237.0538
620316c5cac447028810b532b84d7479.jpg,2,28.053033,-14.353589,4,48.469003,6.925506,2912.8123,2529.4556,0.65103316,0.019173384,0.64969695,0.6985942,3083.9897
623990350e574bbc98a1d3c4569f827c.jpg,2,41.117823,-0.944057,2,41.068452,-1.028365,8.947287,8.947287,0.6689725,0.0027000308,0.64908993,0.7524858,3241.701
6242318c3dfa42c89e3248d5bc8b66c8.jpg,4,43.936445,5.913326,4,43.985798,5.928253,5.616359,0.6638351,0.80665135,0.008491337,0.7811911,0.9084922,5.616359
624568980a594651afe25bf91db9f455.jpg,7,39.490319,16.958554,7,39.490327,16.958532,0.0020842596,0.0020842596,0.95243925,0.34894323,0.94755155,0.9719899,0.0020842596
62480647de4749198cb73e134e68f3a5.jpg,7,37.704727,15.168297,11,40.262079,29.147448,1239.8518,84.16299,0.6252016,0.014021933,0.6181909,0.74693274,1642.4055
62567d2dce3a47a4becf60d9c385b823.jpg,1,50.466483,11.49748,3,62.629163,25.686006,1600.1088,629.994,0.7318188,0.006972611,0.71109706,0.8147056,1600.1088
62777304a3bb4b879cfd6bc324f25d79.jpg,3,66.03963,29.130815,3,66.229694,29.133889,21.134634,0.10959147,0.81675786,0.0037677288,0.7877097,0.93618417,115.588684
62783c0c6ea941eabc98f33911a8a614.jpg,11,39.037385,35.732582,11,38.890409,35.594218,20.253448,10.226618,0.77070224,0.0061221123,0.780165,0.810158,467.02014
62c3f2f97a7f43c9835a327e46bfc95d.jpg,11,39.540282,27.900419,7,44.18213,9.863866,1576.4176,107.47955,0.681874,0.041493356,0.71044946,0.6850793,2864.892
62d6efa36ff144da9c152ae58cbc5c57.jpg,1,53.171263,13.712476,1,48.372023,8.031302,666.18176,23.737982,0.6574805,0.01836425,0.66511095,0.78941536,890.5512
63021b7dfa8043ac80a11df6e52399be.jpg,5,53.185413,-0.592806,5,51.871741,0.216859,156.00215,31.274399,0.65844935,0.00024360418,0.63192666,0.81212634,240.4465
630345fdef4d4e378b6c37de9238e1d4.jpg,9,49.35731,22.090883,2,43.168306,-3.44145,2068.0159,599.60223,0.6403745,0.05460155,0.6541827,0.6201369,742.4465
6316503290a743c9a37ec2b811ff8304.jpg,1,50.125825,7.487796,1,52.257158,14.133853,519.99005,164.17812,0.7654971,0.040763736,0.7566419,0.8867359,413.0173
631753e614d347e697de2a5b4cdb610d.jpg,5,56.724715,-2.55703,5,55.788918,-3.019993,107.912926,34.22779,0.72834456,0.012483358,0.67365813,0.9470901,107.912926
631854cb13784d259ca0efd9cc81eeef.jpg,10,62.105074,13.714929,10,59.757224,15.894199,286.35092,25.600233,0.7282452,0.0042694807,0.69337404,0.86772984,286.35092
632a063e2842459198a47eb11cb275ee.jpg,0,53.227805,27.292169,0,53.235941,27.234075,3.9710987,1.5937917,0.77759,0.08090806,0.7845745,0.79309595,663.73755
63368c5d15c9461391387dbd0a2f1d41.jpg,0,53.043558,30.550454,0,53.232172,30.586757,21.112288,3.0175028,0.7970214,0.010258913,0.7676811,0.9238142,3.671098
633a26949bde43019ee17c71c6b66865.jpg,2,38.268901,-6.032707,4,46.374316,4.188939,1230.2743,222.74533,0.6661409,0.023944974,0.6541774,0.7216899,1160.2799
6391cb595c514ae184f3823d57c3539c.jpg,6,64.737515,-23.775885,2,39.736992,2.910084,3267.4072,210.80794,0.727472,0.010091782,0.7317314,0.71356666,3513.3342
63ac856731d147c0a07def0072f4bc50.jpg,3,61.241717,27.078652,4,48.21379,-4.523894,2454.21,617.4285,0.72853196,0.01668632,0.7434139,0.815137,2134.2861
63d5c2a6ef434bc381b84dc6c23b0913.jpg,7,45.165376,10.174545,0,53.518493,30.268511,1717.6902,737.5998,0.7430542,0.015203476,0.73604214,0.8155539,1662.3365
63dcf582f40e46e1829ba8d26337ef54.jpg,11,40.748854,40.244176,11,40.755159,39.620403,52.548058,20.296097,0.6861654,0.018951356,0.6586286,0.7963126,52.548058
63f8b2ca185d4715bf2fb7676cf72d65.jpg,8,69.465926,25.47615,8,69.466425,25.477901,0.08799311,0.08799311,0.8881612,0.04055929,0.8700353,0.96066475,0.08799311
641350edaacf49a9abd810693a48bb23.jpg,10,57.692491,18.53034,10,56.958665,18.303057,82.73054,1.7621678,0.74646765,0.015091658,0.73481345,0.7987732,59.99405
6416db792cc745088cdae904261946ef.jpg,2,37.621898,-0.782052,2,37.62893,-0.796453,1.4899426,1.4899426,0.7769263,0.06362027,0.80268335,0.74077666,873.65393
641f81ab42f0466693917383ffcde27d.jpg,8,65.841438,14.814617,8,65.832434,14.891018,3.618729,3.618729,0.87848413,0.022016168,0.8586811,0.95769626,3.618729
643b4b8791ea4c1db1d1cff9fa1aaddd.jpg,11,40.012655,42.210837,11,39.904398,42.342804,16.474777,0.78898156,0.8160262,0.0024443865,0.7886303,0.9353208,19.618328
645a9f15629c408f97e23c3e540351a2.jpg,1,50.807634,7.169985,9,52.669271,16.906546,701.0285,508.58112,0.6765121,0.0067950487,0.66817755,0.7098506,701.0285
647a07fd0eeb436ca4e98253738d7adb.jpg,1,47.844851,8.276853,1,49.251349,8.613812,158.34984,8.053064,0.65501255,0.010940552,0.65330994,0.69529533,175.26283
64f3f00e05554be1aa21cce8bf376f29.jpg,0,52.174942,29.341089,0,51.668967,29.12494,58.18177,7.7641172,0.8419768,0.015748322,0.81325054,0.9568819,58.18177
650bf2af1c3a4bcbaf5a208105357a72.jpg,3,65.555956,28.184113,3,65.543498,28.11578,3.4365294,1.2512139,0.93095064,0.004442394,0.91973865,0.98119736,1.2512139
652c061437f446c4a8c21ad3a0ea4b1e.jpg,10,55.558401,13.855106,5,50.377608,-4.618806,1359.2151,195.18787,0.63694143,0.021845639,0.63821644,0.65524775,1352.2914
65377aca196946a7a9c2529e7595bedb.jpg,0,55.896482,28.617981,0,51.635535,29.082124,474.77444,0.6376237,0.7588259,0.001116395,0.75121045,0.78928757,474.77444
65c2ea3b19e543f7a8cba41347aea06c.jpg,9,52.154218,20.195148,4,48.90494,7.70726,952.2224,130.57277,0.71223134,0.02855444,0.73968697,0.6638217,1642.2014
65fc7cb4796147b28d59f15d95d12254.jpg,4,49.589714,-1.681619,4,43.397685,6.311381,920.0808,29.464094,0.6385436,0.00483948,0.6331667,0.77009994,471.5197
66018b75d94b4e5fa2a55fbf03db0289.jpg,11,40.851512,35.626371,11,40.8494,35.628693,0.3054427,0.3054427,0.8456336,0.027347088,0.8266663,0.92150307,0.3054427
66278afaa6804431a0822fcca02d5b44.jpg,6,65.198652,-13.931677,6,65.20667,-13.882543,2.4587657,2.4587657,0.7735643,0.011375666,0.7789908,0.89087915,54.59933
665098909b5242bc842acc7eb6fff6ad.jpg,9,54.077492,15.635424,1,47.988627,10.476559,766.6808,0.22802319,0.7250576,0.008387148,0.7074878,0.8104248,568.3365
668a5c2133084ff28aa8fbcfd56f1542.jpg,0,55.083012,26.87828,0,55.07434,26.87851,0.96439487,0.96439487,0.7999914,0.0978722,0.7733093,0.90671986,0.96439487
66909d1be99544f19c23a91204f8753c.jpg,10,60.311661,15.045519,10,56.671232,15.545416,405.83572,20.90744,0.76100993,0.001750052,0.76087606,0.8388957,889.40594
66cebe5c8dda4bdab8a1602a91af5aed.jpg,5,53.83272,-0.628121,5,53.566743,-0.266771,37.95438,0.7727866,0.74997956,0.018124044,0.7080051,0.9241513,87.34065
66d47a047638482eb4b09f508bd42903.jpg,11,38.324337,43.18817,11,38.324498,42.923129,23.120558,0.09870601,0.7822836,0.023808539,0.7754011,0.8514004,15.187666
66d9f4fd551e42f59cf676cfedb30555.jpg,2,39.051851,-3.597225,2,39.029208,-3.670766,6.8322334,6.8322334,0.875026,0.058393538,0.85476154,0.95608366,6.8322334
66f3870404ef42979c8751ed0c680744.jpg,10,57.557679,18.414362,10,57.580503,18.377275,3.3663127,1.1106701,0.8909331,0.008345723,0.8931036,0.8890747,3.2848642
66fac7855a914a958166e31d0b5a050a.jpg,5,50.501644,-4.693468,5,50.508381,-4.719895,2.0134945,0.85421175,0.81920093,0.011209309,0.782506,0.9659805,2.0134945
670cba551b3543cb804bc25991f2fc4a.jpg,7,45.720061,12.727578,8,58.381661,6.110735,1477.1012,127.00407,0.6341203,0.005093932,0.6406603,0.7883748,1104.2544
6730f725dfd749ffaf2eaa51b9407ed2.jpg,8,58.800378,5.600375,9,52.225771,17.352686,1037.4166,0.4447275,0.67477095,0.023297489,0.65902716,0.74400085,1029.026
6743a0e590e442eb90d3b7d108e4c6ab.jpg,10,63.964249,14.073303,10,63.587738,19.364633,263.2596,23.024195,0.779217,0.0071615577,0.7641842,0.8623171,585.6462
675506586e384873873677d745f76d2d.jpg,4,44.99362,2.14673,1,51.192832,14.551046,1148.1019,48.261734,0.63473946,0.006953478,0.6451508,0.7498009,1302.2091
675b799b2151428c8d594ff232860e0c.jpg,4,46.750883,-1.658808,8,60.172467,9.675134,1665.0542,738.067,0.6386675,0.02007103,0.6379219,0.761883,1521.3763
67634f26f8424114b69c1f41b79ce8ff.jpg,3,63.736116,26.70894,3,63.331846,25.607077,70.72558,10.887099,0.9088724,0.0116253495,0.8928306,0.9730395,70.72558
6781b5e433174bd88c5b4b046bbb97ce.jpg,10,60.061428,15.891086,10,61.991905,14.578735,225.98709,50.558437,0.73073816,0.009795845,0.75152194,0.83755696,709.76245
678d6699602d44cab3f624efdab6716e.jpg,4,46.780895,4.141128,4,46.921401,4.192012,16.095629,16.095629,0.77160835,0.06776261,0.7681263,0.7855363,16.095629
6820d0b38f434d939259406a51c5dd69.jpg,4,46.267917,4.072018,4,44.395663,6.479396,280.60535,20.287752,0.6174569,0.0047864914,0.6105679,0.7032212,193.26785
68363c3591b646a392a52971efb5ab1d.jpg,7,43.313828,13.639389,7,43.314658,13.643625,0.35492632,0.2948767,0.7718931,0.011768758,0.74652934,0.90951043,0.50458187
684b1e5f97ae4cc392151e78f5fc02ac.jpg,5,54.150958,-0.717171,5,52.152337,-2.11075,240.87164,17.913467,0.6881199,0.00014543533,0.66216826,0.79192626,240.87164
6856bb4986a647f7865296e8e39876cd.jpg,7,37.869502,12.493394,7,37.021027,14.409258,193.6637,5.051968,0.701415,0.03479588,0.6910871,0.74324155,6.726448
685d0d57832641d8ae36366ff1d8e9bd.jpg,11,36.532463,33.588648,0,52.345096,25.017779,1882.2098,337.08954,0.6843041,0.017396092,0.7154106,0.6927839,2711.9387
689ba8f39fc446beb3e8463e638bc953.jpg,8,67.069381,15.382024,8,67.102071,15.470053,5.2666683,0.14314078,0.8776108,0.016871393,0.85688984,0.96049446,5.2666683
68b486ad28cd4272a38abdf054cdc7e8.jpg,8,61.082631,9.125606,8,61.014441,9.20456,8.69214,8.69214,0.6338185,0.000592947,0.6269218,0.7350999,1370.6849
68c8711f640b4baeabc29daed627c86e.jpg,11,38.299143,40.906905,11,38.270758,40.9521,5.051986,4.8266177,0.7600354,0.0009929538,0.7336592,0.8655402,5.051986
68d7118434904f90bf38f4f796e25adc.jpg,11,37.409408,35.782476,7,40.66102,8.32831,2388.7236,52.383003,0.72472614,0.056658566,0.7556889,0.70583606,3151.0015
6907cda532e84ad09ed0abe9162ebbf3.jpg,6,66.008824,-22.933042,6,66.008617,-22.933184,0.023896022,0.023896022,0.9918118,0.057667494,0.99083185,0.9957316,0.023896022
691a779a9e7c43c9addae38696d68283.jpg,10,57.560183,18.312321,10,57.46371,18.444812,13.33013,4.4840765,0.7700964,0.0087454915,0.7406845,0.88774407,13.33013
6922cbb2b1704b8bab342180644f5702.jpg,2,39.612813,3.32499,1,53.924532,11.486047,1705.7744,442.52884,0.642382,0.020348966,0.6517307,0.67225254,1529.0642
693e208339c94a9eb68bd3240ce9cceb.jpg,1,47.966215,12.422676,1,54.377429,8.729493,757.70215,14.4041815,0.72213244,0.03136933,0.719844,0.804145,110.36162
6970bd2a91ba452195a8c1d4a900c1ce.jpg,2,42.355281,-0.738097,7,40.112316,15.750876,1398.88,9.027335,0.64144576,0.0074350834,0.6192223,0.77753276,1582.9784
697b607b06584a49ad842fb95d1fe528.jpg,6,65.568092,-18.546551,6,63.467972,-18.598068,233.536,1.5107577,0.8419032,0.0047347546,0.83414865,0.9256184,234.59563
69825878a4a848e893ae4ffb45bd3716.jpg,8,59.736801,6.653112,8,58.880989,6.610231,95.19319,0.6895279,0.7706436,0.030757308,0.7481173,0.8607486,95.19319
6995a507f22e4fa48f6ec689ab6fca70.jpg,4,44.606244,1.960639,10,56.879623,13.806792,1594.1154,24.992184,0.6385539,0.0037180781,0.63969,0.71215135,345.4536
6995f4f45cd8402ca87ad04012c831b4.jpg,2,39.561677,3.240939,2,39.560402,3.244096,0.30552128,0.1780317,0.901318,0.058233798,0.88425326,0.9695768,0.30552128
69c1fbe3ae0c4b3792f28416620bead2.jpg,3,64.532596,29.005045,3,64.723583,28.411671,35.359493,9.045989,0.8284975,0.0018386841,0.81457514,0.9220282,76.31001
69c84de971774cb4826bd1e272928d42.jpg,9,50.482974,23.446198,9,50.485841,23.449191,0.38271898,0.12602165,0.84960985,0.014110923,0.83083785,0.9435637,0.12602165
6a0d93935ca444599f148bafe98a49ab.jpg,7,41.028737,8.962423,7,40.948755,9.038381,10.942713,0.496502,0.7789039,0.0025926232,0.74627906,0.9207713,5.9650946
6a21ced790e348e5a0c3392d5e922ba8.jpg,6,64.832545,-23.950144,6,64.833042,-23.949241,0.06983841,0.06983841,0.9622471,0.028008401,0.95638466,0.9856967,0.06983841
6a40ac64068f4c0dae2d51a756f0dc5b.jpg,3,67.555689,27.893339,3,67.554637,27.897383,0.20774618,0.20774618,0.7670188,0.036815166,0.754314,0.81783783,0.20774618
6ab01b7ca79a4809b0baf9bef06348fc.jpg,11,39.557206,40.037589,11,39.561066,40.029479,0.81706786,0.20646852,0.89304054,0.00015902519,0.8701738,0.98450744,0.81706786
6ab89b421ed64f5c9398a70b7991bd56.jpg,9,50.597929,22.41422,10,56.168295,14.47139,812.0809,238.68623,0.66994303,0.024947226,0.68400884,0.7455622,1893.7927
6b276f72335d46129c03c789e448faca.jpg,9,54.790194,18.408566,7,46.672239,11.674572,1018.44763,802.32324,0.6343881,0.0036444664,0.61749846,0.7720779,1245.5543
6b3fe9dff2944a9580f2affcc1df8018.jpg,9,53.039459,20.444335,9,52.944761,20.487399,10.91731,1.4852451,0.6953189,0.015236318,0.6749979,0.7766025,10.91731
6b9ef9f24b314e4bb4853e7d1c05de58.jpg,3,63.076756,23.736286,3,62.91159,28.765358,254.52347,55.80307,0.66463494,0.015969872,0.6331583,0.80363,305.75275
6ba0456d23a643f887b9756d555df818.jpg,2,36.859071,-2.635936,2,36.849494,-2.621772,1.6499174,0.30266193,0.8415916,0.051937163,0.8204435,0.9261839,1.6499174
6ba1d8b5c59148d7b7e73d9211a09e72.jpg,0,54.410293,26.06306,0,54.215786,26.352915,28.658092,2.40962,0.83034027,0.0031436086,0.8078018,0.94363487,46.9912
6bc67f8ed9ed4f7fab921c3ed796d979.jpg,6,66.005804,-22.935248,6,66.008617,-22.933184,0.32641652,0.32641652,0.97699845,0.04095429,0.972398,0.9954001,0.32641652
6bc7e5d5218442c296a25b66e54c9a31.jpg,2,37.693668,-0.867995,2,37.62893,-0.796453,9.564431,2.8160737,0.75856173,0.024452567,0.7368497,0.86965555,550.83453
6bcccbf18dec4b74a0b5284ee815b90b.jpg,1,49.341774,12.02073,1,49.341053,11.973974,3.3883824,3.3883824,0.6549815,0.043936968,0.65417415,0.7425135,451.61456
6bd7de803e9941c5b87afc1ee10d930e.jpg,0,53.300528,29.521461,0,53.870101,30.163003,76.186104,7.6299376,0.86176074,0.0020679832,0.8363943,0.9632262,76.186104
6c44076d052d469195a0f1184ec57eb6.jpg,2,37.557241,-4.051856,2,37.362366,-3.824284,29.546888,29.546888,0.70727384,0.027208269,0.72531116,0.76539475,625.2823
6c92eff98394438087fa72bb1df5255b.jpg,2,37.453851,-3.940316,2,37.362366,-3.824284,14.440108,14.440108,0.7780711,0.024034739,0.76966083,0.84935486,172.44481
6c984ea6e59f481cb72d0f1082a2d779.jpg,1,50.466695,7.609582,9,53.541766,20.967552,974.40735,33.80433,0.6129329,0.0011479259,0.6182556,0.7177354,108.33177
6cb19d03df7242b384621c28f76e0738.jpg,10,62.160904,17.456813,10,62.159805,17.454101,0.18645741,0.18645741,0.8037793,0.07178229,0.77005357,0.9386822,0.18645741
6cbd327077bc4428bd511059da28a942.jpg,10,63.771135,20.230912,3,62.555979,25.675531,304.75586,8.596814,0.7775384,0.020838678,0.77191055,0.83156455,241.31232
6d002a2b6b644445ae9ac0d9bf9447b6.jpg,11,39.556003,40.040502,11,39.561066,40.029479,1.0999752,0.3319686,0.9015343,0.021605134,0.8830074,0.9756417,1.0999752
6d295b41c0994f51aa77c0fd075ca414.jpg,1,52.734003,8.347443,1,51.57148,13.903785,400.38943,10.572436,0.7148042,0.0073649287,0.69166064,0.8073783,400.38943
6d88e776aceb49d985eb44409d3b8e3c.jpg,2,40.969969,0.34394,4,43.877962,7.451246,666.65686,89.47033,0.6443963,0.018422604,0.6159359,0.77515876,508.52518
6dcc57e8eaf34f9abfa46af0c18c827e.jpg,2,28.652656,-17.929139,2,37.243922,-7.319286,1373.9531,12.236535,0.7144398,0.024814188,0.70348907,0.79082197,1998.6345
6dd552eacfbe45c5a0d5ae2407b7ab82.jpg,6,63.845366,-22.435288,7,37.320528,15.039187,3855.6387,3020.5352,0.6876956,0.010753334,0.6692635,0.8383659,3434.4531
6dec57f6e54d46858c9b88bb314a6a8b.jpg,11,40.397497,26.847992,11,40.395684,26.839398,0.7551766,0.7551766,0.6030721,0.0068587065,0.60360014,0.7359452,1602.4529
6df5dfa1b04747b2bf0bb6bb1f849c71.jpg,8,68.511596,17.097311,8,68.502395,16.894419,8.328994,2.66102,0.84082454,0.01697886,0.85320157,0.8704826,669.62054
6e18696e38f248f6a59f7d0e4bf38a7c.jpg,7,40.706562,8.798517,7,40.609019,8.327648,41.174,0.56500906,0.80881584,0.02803737,0.77896404,0.93019235,21.362238
6e2df17981f248bc9e641481108ff4cd.jpg,5,58.503863,-4.571898,5,58.504171,-4.571285,0.049407028,0.049407028,0.9374841,0.14604884,0.9283533,0.97400725,0.049407028
6e33210a16b84c81992c0f9e102fd1c4.jpg,1,53.767567,12.570469,1,51.619344,10.947875,262.69443,51.097923,0.71652776,0.026417613,0.7127042,0.7601967,225.50621
6e33ae58c0424deeb5a653b5825245e3.jpg,4,48.544304,-4.504034,4,48.553248,-4.699288,14.406848,0.3133762,0.7594345,0.0073117614,0.7627081,0.79198664,582.10175
6e33b1e905ce4f56a5067982a3a16d09.jpg,2,39.020087,-1.80578,2,40.807184,0.163785,260.18713,39.084038,0.7240826,0.07804024,0.7244794,0.7224952,260.18713
6e54c26f839d48bc8bf1b612115987ff.jpg,10,55.40236,13.156364,10,55.401168,13.155297,0.14868295,0.14868295,0.8533857,0.17653811,0.86705005,0.79872805,0.14868295
6e7b392e48ee4b2eb0d3c328427fd02c.jpg,1,51.573899,9.261534,9,54.185701,16.090026,542.153,118.00569,0.63966036,0.0009319782,0.6319714,0.7034066,697.3651
6ea39a226be046aab743d2d3f6d0292f.jpg,10,63.918676,15.746666,10,62.480571,14.770064,167.23334,24.196173,0.77983767,0.011447132,0.76474154,0.8402222,167.23334
6ed4147b5e2a4560895208f24e00100c.jpg,10,61.413824,16.572381,3,62.145001,28.526011,632.83844,1.3970078,0.7206812,0.009111404,0.7338595,0.7793559,409.2341
6edc2e46af584c239964887a1e175835.jpg,11,35.957035,36.047269,11,36.085495,36.152501,17.134846,1.6087602,0.710306,0.03705281,0.702355,0.81629294,1.7402837
6f19ac4a099041aaa5b8e650be062c14.jpg,0,53.002563,25.796617,0,52.169271,23.93522,156.19531,9.9312525,0.8492415,0.0026324987,0.8266075,0.94635224,82.79639
6f3c5ae2802f442fa5760a3cd11c143a.jpg,5,57.221215,-3.268252,5,57.492314,-6.359089,187.80406,0.8962605,0.72790027,0.0019766092,0.7100065,0.79947525,187.80406
6f548395023a4d739f22a8d7345c1c7f.jpg,8,69.262466,15.961257,8,69.262594,15.960649,0.027850242,0.027850242,0.8863567,0.23010278,0.8799393,0.91202617,0.027850242
6f61628e3b394b87b0dd18712f521998.jpg,1,53.45502,8.344848,1,53.454319,8.344698,0.07857792,0.07857792,0.8653481,0.059592664,0.8467865,0.9395944,0.07857792
6f77711698714674aed505206c45a910.jpg,1,51.4969,14.307091,1,52.114748,14.422463,69.15806,2.222793,0.68316,0.019433618,0.6483295,0.822482,69.15806
6f8ded3d59a94a9d8add00e42f3ceca7.jpg,10,67.664305,21.300287,10,67.730799,20.684616,27.011625,24.195702,0.91621125,0.026440501,0.90474623,0.96207106,27.011625
6f9fda92251c4d23b7172e9832c103f7.jpg,8,70.135219,23.649386,8,70.180935,23.849721,9.111079,9.111079,0.94003475,0.0009946823,0.92728174,0.9910468,9.111079
6fa7dd1011d749049a55267d03526ec5.jpg,4,43.613065,0.944861,4,43.665106,0.566328,31.00606,31.00606,0.698898,0.06680721,0.71282315,0.725049,1812.6112
6fb229007756437082764666ba72b18d.jpg,11,39.52427,31.13215,11,39.523902,31.133649,0.13492559,0.13492559,0.9453575,0.10289502,0.9385928,0.9724164,0.13492559
70305cfb186c430db0677b8ea578452e.jpg,8,69.145047,19.050475,11,39.281801,29.963307,3383.86,0.77273136,0.71683854,0.0024366975,0.71493566,0.77452475,51.541164
704906b6bb9341b3a94cdfd264970247.jpg,0,53.518783,30.256336,0,53.975007,30.466634,52.58073,1.0231359,0.7318319,0.001876831,0.7467605,0.7283859,683.2873
704bdb1b6ab242899d1a615efc152e4b.jpg,8,64.039022,10.047686,8,62.060226,7.258702,261.0392,0.07563715,0.6203309,0.004014671,0.6120205,0.77852273,464.69208
705316e9c0224198957a18e6f1f0fe9d.jpg,11,40.086548,28.355228,7,40.546533,16.485082,1006.937,107.858444,0.62459695,0.006627679,0.6177802,0.65617,1895.0919
70ae61278ab94ea4b8bb55e7a415982b.jpg,1,53.115671,11.074495,1,53.331896,10.013984,74.58069,13.750027,0.7015957,0.016500473,0.7120975,0.75532556,1250.5175
70b60c17875b4bd59a0a3123e0ca0b16.jpg,0,53.480877,28.098512,4,46.610421,-1.635159,2236.8325,0.021521257,0.67388713,0.02282679,0.6818951,0.7352042,1771.3003
70d0d17cc71645a186ab69472fe41480.jpg,10,59.735967,17.681908,10,65.629548,18.930903,658.3958,62.622147,0.81877834,0.021160841,0.81936336,0.8164381,658.3958
70e8685b8bc246ca97d9e584af931581.jpg,6,65.642554,-18.459332,6,65.617848,-18.497322,3.253498,0.3073805,0.89444447,0.040934443,0.8804687,0.9503474,3.253498
710857f95b7f4681922a3170acf3e435.jpg,2,42.15147,3.026452,10,57.264275,16.142632,1919.5002,318.14307,0.579301,0.030564845,0.5778439,0.6744527,770.766
71234600632142c3856824c502b223fd.jpg,6,65.689862,-23.192854,6,65.610774,-23.209587,8.827593,1.0228789,0.8571204,0.0062150955,0.8347797,0.96174586,30.330555
715b239e3ac444dc8dc45bc2d47bc19d.jpg,5,54.225399,-0.771264,5,54.517056,-5.548987,311.10855,29.79049,0.76015425,0.03043902,0.7256658,0.903747,309.48373
71683a6ec66145c8af49057fc9437010.jpg,6,65.765719,-20.2576,6,65.769151,-20.256357,0.385815,0.385815,0.8533467,0.028474092,0.83120567,0.9419106,0.385815
71ae4078900e468683714371970e0b82.jpg,9,52.06282,21.374085,8,62.565897,7.609109,1424.4275,45.89985,0.60549474,0.010289609,0.6190512,0.68933475,958.1487
71b774b291424fadbc5ba9ce7ac5130c.jpg,3,68.169352,25.779127,3,68.15734,25.762579,1.5008243,1.5008243,0.95197654,0.113349915,0.9446564,0.9812572,1.5008243
71cf49eb5f3c4f889d457d28e9797bd7.jpg,7,40.269767,9.126023,7,40.395052,9.477628,32.89869,2.7834802,0.7691419,0.0068959594,0.786119,0.7793124,59.916283
71e53d49ca8a4eceab26a634e9517638.jpg,5,53.550397,-1.482217,7,38.747356,16.189812,2123.9248,40.020863,0.6424273,0.0033335686,0.64729846,0.7207137,1358.0347
71f2738341574bf68fb9f968ebb6317c.jpg,7,41.090202,15.232416,9,52.059005,21.261986,1302.7242,63.122257,0.6784819,0.008463562,0.68847275,0.6877541,1166.1969
720fe66c90f64ef3b8afedd750b61f00.jpg,2,41.660931,-2.504293,2,41.596439,-2.519617,7.2834187,3.5174234,0.7046196,0.05113882,0.68567055,0.7830013,81.55049
722559fe87e941d59e4c20fe8e779460.jpg,6,65.124115,-14.769465,6,65.227033,-14.571014,14.72396,2.5864644,0.8703505,0.0064837933,0.8679383,0.9347024,124.75175
7238ad5a13d04e6eb82de997e35e7906.jpg,5,58.501485,-4.644599,5,58.497341,-4.456095,10.961814,1.4988227,0.7534258,0.0015154481,0.72752774,0.92090344,6.9300613
725c14efca9248c2a923cbd82e96fd37.jpg,7,39.558714,8.878968,7,39.55812,8.879755,0.09441709,0.09441709,0.70290405,0.020756304,0.7159013,0.7534162,1419.627
72d1b95cb8504d9ab49f7490212db1b0.jpg,1,51.285586,6.584971,7,42.628481,13.996457,1113.6189,34.1194,0.63079923,0.023872256,0.6421131,0.71410257,495.90662
72d4991a84fe4ca19a1b0c8532e926bf.jpg,7,42.718974,12.13946,7,42.739112,12.076198,5.631609,5.631609,0.71182346,0.046703517,0.6964456,0.7733346,5.631609
72d804d39a1945ccb12237eb28bcf978.jpg,10,57.836769,18.626182,3,63.918834,26.879408,809.0691,141.87386,0.6685402,0.0011510253,0.67458916,0.74092674,928.66327
7331c85918e347ddb4bbbb5403150f83.jpg,1,49.618034,9.620983,1,50.173649,11.226447,130.53972,19.101624,0.6385096,0.03524065,0.6520523,0.64865935,466.64926
73450f32690c41da9ceef5d8347524e6.jpg,8,60.615183,8.523274,8,60.607641,9.070547,29.874615,2.9335983,0.71851397,0.009510756,0.6992024,0.80405605,170.08104
735f6e0f7db5432b8212d630deefe719.jpg,6,66.079521,-17.327381,6,66.083778,-17.322374,0.5244235,0.5244235,0.87251306,0.0542475,0.8641336,0.9403324,16.156172
736f2a670c8b4f799a3e6cb1d54cc6d4.jpg,0,55.316556,29.450466,0,55.316826,29.447743,0.1748925,0.1748925,0.87758696,0.036176443,0.8604754,0.9470155,73.25051
73932da3b3e24be38e44fb3e0c27bda4.jpg,9,53.439261,23.552421,9,53.387679,23.45866,8.456551,7.359907,0.6830739,0.0022116303,0.70286953,0.7663295,261.7712
7394151152e84aaca41ad7b4626f0eb1.jpg,10,65.185325,19.535845,10,65.184437,19.535891,0.09876456,0.09876456,0.9479414,0.031306446,0.94024,0.978747,0.09876456
73a8bec47aaa4ce5957ed7577447fb76.jpg,9,49.809902,22.387182,9,52.000945,20.672922,271.65356,151.90546,0.7041833,0.02977544,0.7004211,0.7724203,636.65063
73b11b791ec44506ba7ab3616912b7ba.jpg,1,51.466067,10.842864,9,53.219027,23.190687,859.9947,11.052168,0.6485269,0.0022146702,0.64828694,0.7377697,730.6383
73cc300fd1694495b1d5210db764e9fb.jpg,8,65.091453,13.331197,8,65.085325,13.325799,0.72679657,0.72679657,0.8834687,0.008605838,0.8735822,0.9304129,8.048063
73e4f0cf474f4e80961952a1bc01fe73.jpg,2,42.834054,-1.630367,9,49.636277,21.137074,1897.9026,829.18524,0.6582113,0.01651901,0.644451,0.71465623,2595.3225
73f516773fc541cc889ab8f93c644911.jpg,9,51.587893,22.071876,9,51.521863,23.076633,69.85244,6.275343,0.76866376,0.0009123683,0.7251786,0.94260406,69.85244
7400642df39e4f1e9303664bef18f640.jpg,0,56.028255,28.367618,9,51.274621,22.959957,637.0828,36.36709,0.657266,0.007866323,0.62930644,0.76910424,637.0828
74067f37a5244bcea3c13bb5937b68c3.jpg,6,65.738799,-22.016716,6,65.995941,-22.942427,50.87835,0.4759351,0.8803785,0.0019395351,0.8581241,0.97056365,80.30535
7427cdb122f248daa4516a9781c28dbe.jpg,0,53.652873,23.979197,0,53.630588,24.742174,50.35625,8.63628,0.8729567,0.00090390444,0.85356915,0.9505069,50.35625
742815144e3449de960c4349b68bb9e1.jpg,9,54.679728,18.19492,9,54.686765,18.189703,0.85131574,0.85131574,0.75038093,0.07122564,0.73104936,0.8277071,0.85131574
7430742d795740d79abbeedde58f2765.jpg,1,48.082727,12.569816,9,51.349824,22.590907,805.95306,17.689457,0.7119298,0.049149632,0.7353746,0.756141,839.2698
743c4f5df57b44338f22f0366a5b29b6.jpg,10,65.864086,16.448039,10,65.901352,16.322517,7.0495534,7.0495534,0.9293032,0.025488377,0.92317384,0.9538206,7.0495534
747e712c7f79496caf66ba4a5a7acd92.jpg,11,38.512692,34.945881,9,54.30194,18.313491,2158.2693,1598.466,0.65139437,0.023789167,0.64077663,0.7454345,1929.5203
74b030748835443db95f8617cc88ac21.jpg,4,45.883507,5.989569,4,48.464208,-4.51439,843.3901,145.52644,0.6490147,0.012531638,0.6480223,0.65298426,843.3901
74bb195247a244d8899adbe27e607451.jpg,5,53.14069,-0.765848,5,55.951783,-5.432024,433.73285,103.28947,0.7050392,0.001953423,0.66556007,0.86295563,433.73285
74ee8752701f44ee8ac8a1dec42f0942.jpg,5,58.505885,-4.34011,5,58.510924,-4.335503,0.6209339,0.4775497,0.8482957,0.05021918,0.82159716,0.9550897,0.6209339
7503d9f17b9d48e7b0769adec182ce88.jpg,7,41.0175,14.746772,11,40.627886,30.331917,1310.3911,5.4834,0.65349424,0.014476955,0.63902366,0.7484052,1775.2229
752b6e4f11d74e8b9b0fa9586cbdfc69.jpg,7,38.095673,13.193202,7,38.095805,13.19241,0.07084378,0.07084378,0.8439639,0.17477953,0.8516878,0.8130685,0.07084378
75659c9dc5c844a799a78d98af109767.jpg,5,51.586342,-0.727957,1,52.644584,14.53638,1046.8983,33.59176,0.64226454,0.015354395,0.64784217,0.7044046,1307.3317
7576b75676074f60a7f1fd7069b89fbd.jpg,1,51.425688,9.500833,9,53.797447,14.643786,435.86407,63.638103,0.6850382,0.023233414,0.6739077,0.81880784,368.8432
75815aafb9464751a92302c5d97c377b.jpg,5,50.455996,-4.708685,5,50.508131,-4.746179,6.375339,1.2761153,0.82366055,0.0074083805,0.79255843,0.948069,6.375339
75c2d16dd7fd444bb4053f3f373a4080.jpg,2,42.034048,2.45752,4,44.521995,1.29165,292.2952,292.2952,0.6234027,0.012685895,0.6266735,0.7179179,2241.274
761ee3eaf3ee4a2e89d7d716feb74ddd.jpg,11,41.289535,27.606488,9,51.349824,22.590907,1182.395,35.919056,0.71269035,0.010947108,0.7035293,0.78472596,1173.0704
762f0bd2039349eb851964223e41e311.jpg,8,69.306703,16.090111,5,56.340248,-3.548863,1735.9248,642.7398,0.72100556,0.0010594726,0.7287308,0.70930713,1629.9585
7659e671ff3544a99e798e734dc7510a.jpg,0,51.956651,25.564037,0,52.681635,25.370844,81.67703,13.75591,0.85173994,0.009011507,0.83069825,0.950564,19.579163
768bd34df71a489e87e1ea1e0179ee80.jpg,2,41.758081,-1.084571,2,29.008471,-13.531969,1807.8464,31.296057,0.7464798,0.009573698,0.7657639,0.7597205,257.85455
7691e62a7c8043659057a5db3aa8df85.jpg,3,66.992849,25.256661,3,67.005135,25.189659,3.2157931,0.3338591,0.91441274,0.0020250678,0.8968036,0.9848491,3.2157931
76aa5e27a8864946964626022f5043d0.jpg,5,50.979912,-0.741373,7,43.594344,10.734146,1190.6202,453.85687,0.64129454,0.0099365115,0.6207846,0.7893324,962.43445
76e21a48d21f4194bdc73949a230369f.jpg,3,61.873685,24.507255,3,62.469414,22.050425,143.69582,0.16872619,0.8927891,0.0016965866,0.8809782,0.94793904,180.27213
76e261df84ae427a8f0a96063d423633.jpg,6,65.789922,-22.563466,6,65.811202,-22.518352,3.1348817,1.6623167,0.92894936,0.008858621,0.9144491,0.98751765,16.93085
76e28923263148aeaaf7af6fac3b3694.jpg,9,53.548595,23.768023,9,53.541907,23.698013,4.685013,1.1002419,0.86555153,0.014289141,0.8435856,0.9534151,4.685013
76e815a060584630b98d878a24dc4204.jpg,2,42.513018,-5.420392,2,29.100232,-13.469668,1656.7418,229.9652,0.74164295,0.019759715,0.7312497,0.84428656,564.86194
7711d8a03e59412590ec993560840274.jpg,3,62.839839,30.133034,3,63.151813,28.4829,90.24346,7.8609576,0.7196334,0.007406354,0.71362484,0.76293266,110.62769
7740d39ea17240d7ba90d6f8a9abcccb.jpg,9,51.058772,21.282071,9,51.075489,21.281689,1.8590398,1.8590398,0.7420836,0.065937996,0.7444456,0.80052537,283.29767
779cdd584d824910b476369fca51247e.jpg,1,49.150644,12.770521,2,41.956977,3.048326,1099.5847,529.5393,0.7353779,0.004646957,0.7215916,0.8440927,1305.735
77f7aad7bb06416f897f2d8794007e0a.jpg,4,44.521028,1.55325,4,44.704727,1.541044,20.449263,13.2492695,0.6480894,0.0009191036,0.62369925,0.75407135,39.96572
7801ae27003844ec9fca278a5f7b8da8.jpg,2,28.992357,-13.741676,2,28.986756,-13.741806,0.62293196,0.62293196,0.696725,0.03896284,0.68623435,0.7386874,0.62293196
78044eafb0014712ac716c12273f61eb.jpg,10,66.564894,20.012352,10,66.473153,20.319885,17.020882,2.6371555,0.84700984,0.0013488531,0.8248212,0.9357642,17.020882
7831ab5b10474d2289b42eeeac77fd76.jpg,1,50.844976,8.776967,5,56.340248,-3.548863,1014.9617,62.384945,0.6782931,0.0159837,0.6801561,0.6922053,1057.3901
78324d3d48a0454ba3bf7a6d559c610b.jpg,8,60.50297,7.966255,8,60.598869,8.481029,30.094648,7.367895,0.7476847,0.049853206,0.73593575,0.79468036,30.094648
7865e6dfd70c4bab8cf9685ebdd587d6.jpg,3,61.341425,21.773551,3,61.216867,23.33803,84.73379,3.7559187,0.71244985,0.0007838011,0.6753182,0.9218943,39.983677
787b5332e3634e559382837934639dd2.jpg,6,64.879559,-13.803707,6,64.882839,-13.810714,0.49235365,0.49235365,0.91573334,0.0114815235,0.9055258,0.9679718,13.236339
7895e8d5ba4a489bb72c3965bffc554c.jpg,2,39.709139,3.014539,7,45.401837,12.14855,978.90656,7.775273,0.6838802,0.019521713,0.6954778,0.81214815,810.3787
78a19dbf18734c4781d4910d65a4baab.jpg,6,65.420121,-14.587878,6,65.412002,-14.555716,1.7402956,1.0422025,0.90334666,0.009272695,0.89457065,0.9384505,1.7402956
78a604d4063040308f65c8519fe3b11c.jpg,6,64.626301,-21.467498,6,65.442743,-20.580636,99.86874,16.572977,0.88255733,0.002323687,0.8700339,0.95498526,81.118164
78c81c60eb72479db2f506efa15a5dcc.jpg,8,70.29497,24.155149,8,70.316104,24.220235,3.3869035,0.7917344,0.95974094,0.015740216,0.9504033,0.9970914,3.3869035
78f584f6c31b4f5aa78b01eca3ae58e7.jpg,0,55.316771,30.306301,0,53.019013,30.5697,256.07352,3.18217,0.77770656,0.030039549,0.7569089,0.8701885,267.1469
78f71fcc71634166b50a68f3d018c8e3.jpg,9,52.930359,14.45134,10,55.527148,13.983926,290.34225,69.66182,0.6043664,3.349781e-05,0.5947543,0.70331955,827.7013
7994cac6893f4d8d8f91be4917182731.jpg,4,48.504838,-4.755796,4,48.598309,-2.824497,142.52905,13.210628,0.7137417,0.011473,0.73798513,0.7360983,746.5232
79b4788025fd40ea82e991ddcca3a09a.jpg,7,38.743536,16.483534,7,38.743118,16.475035,0.7385604,0.17966998,0.6618796,0.044617176,0.642018,0.79495436,207.07391
79c17dc8be944812a1a9081ed24066a4.jpg,8,69.502021,25.468504,8,69.466425,25.477901,3.9750044,0.99673724,0.88567865,0.039867997,0.8642638,0.9713383,3.9750044
7a09f4d4cdab4423a805cceeb4bb71b1.jpg,11,37.770711,27.277669,11,41.619874,35.574191,828.32904,1.9015392,0.76175416,0.010633349,0.7408531,0.86288154,383.63336
7a24b2a25e0d4d8eb9ccfac043cef4fc.jpg,9,50.980623,18.732433,9,50.9688,18.746015,1.6225398,1.6225398,0.81822836,0.11804283,0.8109375,0.8473916,1.6225398
7aa5ab98b15f42e9bb5148aea5b49d3f.jpg,9,51.89062,21.342192,9,51.581611,21.773624,45.422882,4.9127216,0.78396904,0.00089657307,0.7640842,0.8777006,31.15186
7ab704addfee46db98333a133ed84ea4.jpg,2,41.982395,2.882943,7,46.665326,10.503575,798.4922,1.2227561,0.6601735,0.032767534,0.68920684,0.62078273,60.04074
7b0ca52b7c6d4e96ae04b1085ce2a938.jpg,11,38.317439,29.825674,11,38.321575,29.868116,3.7310846,3.7310846,0.7877692,0.06523001,0.76997757,0.89691436,25.450968
7b1197ec8bba4ca6b16e8b02545ffced.jpg,5,51.139531,-4.251186,4,48.833381,6.255258,792.8854,128.68785,0.6694345,0.0048366785,0.639254,0.79015636,792.8854
7b1bf15372ca433f96c1193f467d0f71.jpg,1,54.234632,10.580435,1,54.244428,10.590835,1.2818846,1.2818846,0.74554306,0.040103137,0.7230314,0.83558977,1.2818846
7b4da6161742429d854eac27c55ae81e.jpg,4,43.811529,-1.370474,4,44.094448,-1.318053,31.737837,1.2038935,0.83237356,0.022385657,0.80008173,0.9615408,31.737837
7b7db7a464a34d659c79e40ee3616aac.jpg,7,41.189527,16.414301,7,41.170738,9.298414,595.3678,74.64765,0.7202318,0.0029739141,0.73237646,0.8363875,1774.295
7bdf988a624042e587a0ffc1bf77a8ce.jpg,3,62.751925,29.85952,3,62.83153,29.84284,8.892214,8.892214,0.86315715,0.03790462,0.8424462,0.95864487,90.32552
7be2b3ab1ce94849a1959dcdca3cf319.jpg,5,52.311878,-0.129725,7,45.947614,12.734162,1170.5754,54.36778,0.6466547,0.007303238,0.6477267,0.6947806,780.0576
7bf3b6587794487aac8a0c99ba286ed0.jpg,8,60.259332,6.401557,8,63.524994,9.933647,407.4113,52.949913,0.75845796,0.06296641,0.7639009,0.7804605,1192.9816
7bfe38871cfa45dcbc590bedbace4181.jpg,0,52.643996,27.464947,0,52.468177,27.474117,19.560034,1.6160607,0.81855404,0.0068896413,0.7953098,0.9406086,356.62402
7c48b910cfb4414cbdf5370662571618.jpg,11,39.34618,26.780973,11,36.334401,33.659188,690.3397,33.102,0.8110669,0.014134228,0.78518605,0.9171374,680.1001
7c4b6eeab9f24bc9a37021a5ea0d0fa7.jpg,8,69.4412,25.023601,8,69.439946,25.012518,0.45469224,0.45469224,0.91276705,0.06529081,0.8968614,0.9794624,1.1330637
7c635f9f95f24358bc593bea231c187c.jpg,0,52.028638,23.79877,0,53.074939,25.264171,152.8079,8.476112,0.756796,0.023834527,0.76473093,0.80163884,157.33803
7c93fcf6246146f28bdd9cf3193f1e07.jpg,0,53.456701,23.890183,0,53.441361,23.930519,3.169261,3.169261,0.698801,0.057842553,0.6897947,0.7893826,452.46695
7ca3b5a220bd436ebd81a37ab989bee8.jpg,9,50.188165,20.063231,9,50.182643,20.083175,1.547058,1.547058,0.6413396,0.052400887,0.6191647,0.7790341,511.5354
7ca5da5f6de5439d95ca94702c09fa3e.jpg,7,43.960102,7.717214,8,59.953252,6.58044,1779.9991,7.251958,0.6643286,0.04903072,0.6819371,0.7280948,128.18748
7d11a45cbe4642619cbc256ab9c98a64.jpg,3,60.059376,24.265561,10,59.875058,17.397116,382.6231,32.35057,0.7174626,0.0070331097,0.72493047,0.7806856,195.43726
7d3809073a3046b994216124c5c3141e.jpg,6,65.729805,-23.163249,6,65.811202,-22.518352,30.789207,5.6658874,0.8917322,0.0057246685,0.8703109,0.9844011,32.719
7d391d39dbee4fc59f12dfe292254d61.jpg,6,63.69813,-20.208479,6,63.701118,-20.213115,0.40318748,0.40318748,0.91747695,0.0327968,0.9077109,0.95654106,0.40318748
7d3ec3c206684cdba509b0a522f6543e.jpg,2,42.863018,-8.636295,7,39.220807,9.187497,1545.3953,620.25543,0.6728231,0.036185324,0.64846796,0.85430264,1473.8013
7d4835269a224c78a4d6ca247c5f6762.jpg,11,41.01713,34.610662,11,40.746809,36.354833,149.67896,0.37061107,0.85819566,0.023063064,0.8315847,0.9711631,139.75464
7d81f67b566d4dbe8bf9ae73509f4f66.jpg,6,64.973129,-22.933374,6,64.965791,-22.895596,1.9556807,1.9556807,0.8855549,0.040253878,0.8672728,0.9586833,1.9556807
7d8c30c711d64144b0c99764d7b85cac.jpg,11,36.628573,33.233588,7,41.015234,14.81206,1665.0729,8.148251,0.6659857,0.001802206,0.6610979,0.72924787,2001.354
7d930ded78284deba94055f3b167ee4d.jpg,4,49.150955,0.770498,0,53.781052,30.926095,2133.842,61.94425,0.6977305,0.022436202,0.70682764,0.7806734,1001.1372
7dbdeac43360449589d44d8268f5cf2c.jpg,0,53.342035,29.578723,0,53.692451,30.066095,50.561737,32.5588,0.73813003,0.022607863,0.7390108,0.82221496,263.6167
7dd53eb9dc594496b75663179e16e2d1.jpg,5,56.519868,-6.956313,5,56.50321,-6.957209,1.8531033,1.8531033,0.7118681,0.002999723,0.68221706,0.830472,1.8531033
7deec5f3f8704aa6b5fced46aca0ee2d.jpg,10,65.696885,19.2502,10,65.74167,19.389552,8.086934,4.2003183,0.88237345,0.04482758,0.8736034,0.9259807,34.3628
7dff35d92e0e445584af6653f19ab6da.jpg,11,36.341596,33.402544,11,36.336381,33.404975,0.6194165,0.6194165,0.73337233,0.013270974,0.71734166,0.79749477,0.6194165
7e0e585d81624eabbf5b73a6928b51db.jpg,1,52.643679,13.630342,1,52.114748,14.422463,79.68608,8.49045,0.7249566,0.019132197,0.71898544,0.8350234,265.321
7e21581ac7f34bc19ad95a992d8aa671.jpg,9,51.954862,21.573184,9,51.749842,21.770093,26.507063,15.641319,0.7878959,0.031959534,0.7717937,0.8523048,26.507063
7e37119aac77426a9fa9624bfa0eb777.jpg,0,51.895484,26.862559,0,52.132036,25.538637,94.345116,5.4170995,0.7729584,0.017348051,0.74290943,0.9162406,83.735214
7e459b22e2894589a0579c954d254191.jpg,6,65.242388,-21.769507,6,65.288631,-21.748123,5.2373595,0.8582776,0.8253693,0.018727005,0.79623765,0.9418958,5.2373595
7e6072eebcf345afb9bffadd467b1a99.jpg,4,49.584025,0.246717,4,49.71856,0.328706,16.081993,7.596576,0.684948,0.0034823418,0.6871967,0.7790727,577.6789
7e6539407d69449d9af37689404336b1.jpg,2,37.384465,-3.829737,2,36.820921,-2.253433,153.19267,2.5040994,0.7464682,0.0067262053,0.756886,0.7538736,2.5040994
7e90abd8b7c748bfa8deac81523eb212.jpg,4,45.024511,1.977663,7,43.522332,10.378599,689.048,689.048,0.66485184,0.006095171,0.67736983,0.76540005,1659.4463
7e92035959ad4190aed55d86a8023215.jpg,5,51.655962,-4.813006,5,53.397503,-1.464898,297.94214,8.494812,0.71697533,0.032524943,0.7022054,0.77605474,297.94214
7ea0a636c3f44f3c96ffb7f38e829ea0.jpg,6,65.508431,-18.609608,6,65.518832,-18.599921,1.2397195,1.2397195,0.9119793,0.058008492,0.9037942,0.9448937,225.80943
7ea61158865c40409cc4a24959f27ab6.jpg,10,64.317758,14.93895,10,63.996555,15.276591,39.287006,1.890514,0.8910397,0.008597255,0.87827754,0.95280075,1.890514
7eb20104d5e34c3da9dad1a4e48186a4.jpg,0,55.27113,26.495818,8,63.992221,10.182607,1327.1682,186.50575,0.70936334,0.008082509,0.66293585,0.8950732,1327.1682
7eb5d11e30364bb4bc250672aada6b61.jpg,7,40.87557,9.039777,7,40.735743,8.820233,24.149353,3.4442253,0.86664873,0.034999907,0.8464651,0.9544567,27.10811
7ebb2e69568040919c7d1d63cf7e8632.jpg,0,53.13568,24.258322,0,53.138475,24.304861,3.1199586,3.1199586,0.75499666,0.15163994,0.7443888,0.7974279,3.1199586
7ef67420843d4e5ba1e8ac09c3562a06.jpg,7,45.688731,12.667248,1,51.713992,6.388821,812.45953,515.64124,0.7079899,0.0043061376,0.6768753,0.8478763,899.284
7f0c4974cf2b425bba5b80658cfcf076.jpg,7,43.136857,11.793897,4,44.530403,-1.014092,1037.8507,4.010242,0.72556376,0.015633106,0.7292261,0.7109145,1037.8507
7f375dddde754b2cb35c49526ff996db.jpg,3,61.656168,27.146455,3,61.596239,27.52327,20.997238,5.4372067,0.8328141,0.059951365,0.82803416,0.8695921,914.67755
7f48e0cb96d84a538e61a0ffa201a948.jpg,3,62.172736,29.957261,3,62.169041,29.964451,0.5550791,0.5550791,0.9035566,0.01705861,0.8852627,0.976732,0.5550791
7f4d30d1125c430fb91386c2e5e47c34.jpg,10,60.148883,16.401681,3,65.491232,28.701995,859.38043,11.924445,0.7666403,0.012798429,0.79285324,0.8123471,68.05281
7f5103b135c14622b13b48a5fe4c7def.jpg,8,69.369434,24.32151,8,69.376279,24.218811,4.094331,3.5134034,0.8240414,0.018894553,0.7997586,0.92117256,4.094331
7f61a15fb2654f24b3397d8da9bd930d.jpg,3,65.700923,24.662811,3,66.241134,25.341481,67.47162,17.003452,0.95594543,0.014003098,0.95111215,0.9752786,67.47162
7f61b4200ff64230bd174e45d8cd6174.jpg,3,61.802653,24.444865,3,62.262973,24.653811,52.3321,0.3880842,0.8952329,0.0037757754,0.88280845,0.9558933,197.20682
7f7c617bc160405ab8e3e3e97dd5dadf.jpg,9,51.664633,17.799788,9,54.149144,18.71395,282.97937,1.5596519,0.70648676,0.018430114,0.6753892,0.8322612,339.87134
7f82b6e1c6b544bb908edbdc193d171c.jpg,0,52.928469,30.028694,0,52.986032,29.816624,15.580955,2.6934822,0.88719916,0.005904317,0.8882222,0.8831067,15.580955
7f8b06df1b8341918b31f51413e0b7a3.jpg,1,51.332183,10.492773,1,49.734777,11.693424,196.84706,18.91329,0.71176577,4.8041344e-05,0.7006439,0.7871391,887.896
7f9e0ebe976041c7a721ca86cdfe24a5.jpg,10,61.262393,17.131567,10,57.48945,15.023168,436.142,21.133684,0.7453002,0.010622084,0.71955895,0.8482649,436.142
7fc8e95ea845415dac0b752e6dabc807.jpg,10,60.236904,17.459465,10,60.225298,15.078272,131.46172,27.285793,0.7294558,0.0054714084,0.70892435,0.839365,206.70374
7fd0e092766843a3a4453c80e7591fe1.jpg,9,53.51364,14.679513,2,38.859999,-2.20809,2073.4768,672.3275,0.6440501,0.049423397,0.6149484,0.7661159,1675.9603
7ff5d309732e412aa49c0191f16a15d8.jpg,10,56.80765,14.462141,10,56.821508,14.472795,1.6718142,1.6718142,0.8539784,0.14396858,0.8297714,0.95080644,1.6718142
7ff7ee8353ba47818f4b9ae7c60b836e.jpg,11,40.164124,38.080937,7,43.579006,13.517528,2061.112,206.44649,0.59333736,0.0020081997,0.57469594,0.66790295,2061.112
800c813af037431e928d9c4f502a6214.jpg,10,67.964824,19.976606,10,67.964217,19.978608,0.10738343,0.10738343,0.8938401,0.16699892,0.8862102,0.9243596,0.10738343
803f103b95b44691903204c2054b45d7.jpg,10,67.235525,23.312061,10,67.451696,22.063476,58.63253,1.5319299,0.8433965,0.036785364,0.81526035,0.9559411,58.63253
8044c67826174b54b5b23f1ec36df0c4.jpg,2,37.332484,-3.276836,2,37.788112,-3.843595,71.15121,27.756126,0.70372623,0.032355428,0.6947321,0.73970246,71.15121
80758a98b3224ff98632d82e41ee8f3b.jpg,10,66.234347,21.400949,10,66.872859,23.086408,102.958145,12.121832,0.86414194,0.012195051,0.84858507,0.9263695,102.958145
807d7390f054434b89323840b11d9711.jpg,7,45.16209,8.148381,5,51.955147,-1.826222,1051.4778,45.520874,0.6835644,0.026133895,0.6628761,0.8038912,1116.3822
808ecc8aacb949e5b2d3a1f0487bfa88.jpg,2,38.381189,-6.277205,2,39.522966,-0.529255,512.8993,27.523216,0.67261344,0.010720432,0.65675306,0.8354877,591.1635
80937f683ce6477397ce022c72ac0367.jpg,11,37.202773,40.203163,11,37.212149,40.085185,10.500189,10.500189,0.8266351,0.05571443,0.80744684,0.9033884,10.500189
80b4522250f74527a792bd130705be31.jpg,0,52.62256,27.470244,0,52.629622,27.468486,0.7941743,0.7941743,0.945391,0.034926474,0.93531317,0.98570234,0.7941743
80bbb792ae0c403f883be412e9885a18.jpg,2,39.339619,3.095482,2,39.485393,3.158413,17.08717,3.4664989,0.66015387,0.0069844723,0.6564791,0.7438557,43.84512
80c0cea0c34144a99d8423cb23c2498c.jpg,5,50.141467,-5.395962,5,50.227643,-5.078651,24.540665,2.3084571,0.65872204,0.00076293945,0.6629384,0.69467604,6.342045
80d5a850ca3547c9af665df0ffb45b08.jpg,8,59.708193,9.786036,10,63.727183,20.087109,701.6228,11.731886,0.7297431,0.014831722,0.705261,0.82767165,701.6228
80e0ce2b39e34056a453f9ac1eca91c0.jpg,4,44.715829,-0.56003,4,44.687391,-0.537311,3.6364095,3.6364095,0.72834355,0.011885464,0.7367145,0.7488638,1319.4663
80ee8239670b4dc3b3eb715f8f8576f6.jpg,10,67.837657,20.495744,10,68.230622,19.655803,55.943794,0.7615522,0.8774992,0.011122644,0.85900295,0.95148396,55.943794
81070681383d4225b3ad213ee6dcfd45.jpg,5,50.394877,-5.075635,5,50.357493,-5.092295,4.3215423,4.3215423,0.79550195,0.0067515373,0.7627176,0.95256793,45.11925
810d6b9708c3427cb8aafe16598d3cfe.jpg,9,51.434176,21.663046,9,51.386758,21.629585,5.7607846,4.7687635,0.71502244,0.046501756,0.70458853,0.81072664,444.01022
811c5cef8e28467fb970388122e7132d.jpg,5,56.558919,-5.353962,1,48.741984,8.210608,1257.9292,14.393205,0.6426901,0.0040190816,0.63635635,0.7782737,1323.5669
812d882163174fe7b38627dace086df8.jpg,2,42.306883,-7.615863,2,42.436649,-7.705097,16.184637,15.691902,0.6721932,0.04204333,0.66342986,0.79489505,1750.3923
813082040c954eb7907cb0543381077f.jpg,7,37.83641,15.096152,7,37.833132,15.13862,3.747308,2.110794,0.79353625,0.007704556,0.7553364,0.94633555,3.747308
8136c972473646539e6850e21f6809a7.jpg,3,65.724833,25.203418,3,65.759223,25.293917,5.631685,3.4321916,0.8684306,0.043945134,0.85100305,0.93814087,5.631685
815704175b484612b129c53ecdef29a5.jpg,6,65.726408,-23.756688,6,65.739495,-23.820412,3.2555332,0.70186067,0.8555045,0.005164981,0.8300338,0.9573873,3.2555332
816e4fc1c06d4d8195a5141f18bbd02c.jpg,5,50.255007,-5.090458,5,50.200644,-5.339589,18.724642,2.4021952,0.7030892,0.02166599,0.6591713,0.87876076,18.724642
81778315ed5348d9b88d4df98f4d76d0.jpg,1,49.280711,10.775211,1,53.510688,11.173436,471.1613,23.907887,0.7301543,0.08653444,0.7310225,0.72896814,562.51965
81ac00b21a724cb1961e3949e481b218.jpg,5,55.8458,-3.585968,5,56.992464,-2.279252,150.71227,6.358067,0.6919741,0.0053253174,0.68690145,0.78125674,42.56285
81bccc68df7f452c8274ae04ab8581c4.jpg,1,54.060049,10.145483,9,51.503922,23.561949,944.35645,81.678215,0.642318,0.00999552,0.65759444,0.7072977,329.40063
822543db051b4b029376ef5a179f1a9e.jpg,0,51.871743,29.944619,0,51.712439,30.349922,33.027225,7.110493,0.91697055,0.003408134,0.90812576,0.9669516,17.353231
82313ff20bf7448086cbdbb74a938926.jpg,5,58.493501,-4.721789,5,58.504898,-4.70655,1.545946,1.545946,0.7953833,0.053667843,0.7631349,0.92437685,1.545946
824c4d9290e341b98b1036864f78275a.jpg,1,51.076696,8.63294,1,49.702115,8.963045,154.6274,3.9996045,0.7162896,0.056078672,0.70906067,0.7725269,163.13623
82694d35bcda47f2a66ba54bc5ede4cb.jpg,6,63.842171,-21.51297,6,63.884242,-21.375005,8.219158,8.219158,0.87667036,0.0029377341,0.85425276,0.9681238,55.60567
82740c461bde4e8d9167d795ebb1213b.jpg,3,62.450594,26.811532,3,62.502772,26.883848,6.8898787,6.0887365,0.872559,0.008829474,0.8561379,0.9382436,6.8898787
8299a3c325bf4070bc5aa8c477fb4f9a.jpg,9,54.577809,16.933604,9,54.581144,16.905119,1.8728168,1.8728168,0.6736968,0.0068479776,0.66522884,0.8284581,374.15363
82c34408d6174caaa4a0ffc0b9022feb.jpg,9,53.400241,17.958947,9,53.35988,14.698634,216.27888,87.21489,0.6904303,0.0013229251,0.68126464,0.7878591,772.4316
82e252d5546340b28a5ab29fb7882e5e.jpg,1,50.327647,8.910874,1,50.367544,8.865467,5.4828873,5.4828873,0.71758586,0.005631268,0.70319223,0.8109441,112.084915
83015a43ad144f47ba26fe5e68ad3e3d.jpg,11,39.936478,32.787185,7,43.498535,10.724185,1867.6605,129.19807,0.6375789,0.0033875108,0.61966157,0.7632183,1778.5956
83245f968dba4789a9870be8794b178d.jpg,3,68.008903,25.186969,3,68.010763,25.187895,0.2103859,0.2103859,0.946063,0.011221707,0.93385303,0.9949028,0.2103859
8334f10090574b9c9ceda27ba4c63db8.jpg,0,52.891529,29.312066,0,52.797969,29.406642,12.189111,1.2805607,0.8150842,0.0027037263,0.78638864,0.9456157,34.100147
833d2c2b6fe847d7a467978c482b35a1.jpg,8,69.44072,19.239649,8,69.438057,19.246305,0.39401084,0.25614986,0.8900991,0.0029584765,0.87026167,0.9694487,0.39401084
83475fe2995f45f5a8ff34a9e61f9c0b.jpg,5,53.703286,-1.605167,5,53.574519,-1.650933,14.632681,11.165001,0.6572914,0.009072006,0.68831193,0.6072341,1189.6438
8357dfa5cfdb4ac5b1949f8a32c61abe.jpg,3,64.410855,25.8208,3,64.519036,25.662061,14.233535,0.46650964,0.9068436,0.01474309,0.88997614,0.97431326,14.233535
835c5836a09646d5b4404b727c2e7848.jpg,1,48.063777,12.095955,10,61.410477,16.597688,1511.0758,2.2378886,0.6930289,0.030766487,0.68607855,0.8014884,862.8003
838bec7a3d8043ee9278d276092e1204.jpg,3,65.823742,29.257103,3,65.75071,29.193629,8.621281,8.621281,0.96219015,0.0027825832,0.95580673,0.9905648,11.916475
83c4c72c7e084095b018cbdccb03df09.jpg,1,53.131801,7.807611,1,53.815747,9.572399,139.3692,2.5285351,0.74140275,0.0032322407,0.7115913,0.8606483,139.3692
83e14e96cbe44c73b63258f2ebe088f4.jpg,9,50.743407,21.304398,9,53.387679,23.45866,328.80875,6.521027,0.631469,0.0009456277,0.60113484,0.7824398,86.92438
844f5fc6662a42a399008ab7f5b6a2c7.jpg,3,62.613854,22.442443,3,61.677783,22.553686,104.24677,2.4695969,0.828802,0.0049394965,0.79912126,0.94985306,144.53908
848c95881e71466e9fa4ca3fbeda30ef.jpg,2,37.247248,-3.743202,2,37.169503,-2.875597,77.31994,14.672563,0.7334564,0.0076176524,0.6794411,0.9495176,77.31994
84a48b337fbd4c7bbcf5afbd6b803fe3.jpg,5,51.306065,-1.856035,5,59.083402,-3.322175,869.7383,36.130188,0.7646906,0.02105999,0.74004596,0.90037334,797.7893
84b02304316449ae85337566ded168df.jpg,2,37.544086,-4.027289,2,37.362366,-3.824284,27.007633,27.007633,0.68321466,0.0026847124,0.68387055,0.69041073,183.52264
84bf333eb83c4ee68cbbd90b92666de6.jpg,2,39.173629,-4.177186,2,39.564296,-4.236263,43.736084,6.851916,0.8287433,0.017356873,0.7992515,0.94671035,43.736084
84c1a29f94a34bbdadc374e90661c686.jpg,4,42.537289,2.546719,10,55.778662,13.813182,1680.1343,9.240174,0.6348791,0.008592069,0.65445554,0.7320056,11.250356
84c91c9ee3944008aa05c170be538c71.jpg,6,65.632065,-20.295927,6,65.641213,-20.295537,1.0173699,1.0173699,0.9574679,0.021767914,0.94912976,0.9908204,1.0173699
84d6ae8c2697468582c4a5735f2e4d98.jpg,9,51.216971,18.478096,9,51.216945,18.478352,0.018063197,0.018063197,0.9008669,0.11298221,0.89184344,0.9369608,0.018063197
84ef7cdd77cf4a12b2584c45101e4989.jpg,4,43.769003,5.406966,2,37.025678,-4.343586,1113.9259,30.895903,0.6965171,0.03405547,0.70625037,0.6835743,911.5192
84f731e43397487f859e3bacab936eee.jpg,3,61.115098,23.199209,3,60.951691,23.24143,18.311756,1.1894271,0.7241476,0.0085222125,0.69442147,0.8584149,37.16202
85470a823bf54b6ea17c94a2fa6743b8.jpg,4,47.135668,5.59369,5,55.441775,-3.503293,1117.4718,102.36746,0.6746713,0.026844025,0.67749876,0.7578546,340.64722
85518587d47445ac980b5d0fca8b5208.jpg,0,55.298547,28.780012,0,55.145295,28.758273,17.096558,10.443334,0.8003733,0.013578355,0.77537674,0.92540884,339.05118
856f0dca2fe649e791f602112159cad6.jpg,5,58.501584,-6.2608,5,58.514496,-6.259057,1.4393162,0.50749284,0.7309733,0.025781214,0.71998644,0.7749206,1.4393162
858c93eca1a24fcca0fdab371c3ad7f8.jpg,5,51.820034,-4.69954,5,51.892388,-4.970288,20.260378,13.344173,0.71083933,0.008750439,0.6836852,0.8613195,330.89114
8592c1bce92343bb827b6d2e363ae542.jpg,6,66.125696,-18.888237,11,37.953586,34.088633,4560.4346,1647.6464,0.6965976,0.056343496,0.6893299,0.76858747,4684.093
85a55a70f3874ee8a94188c482c75d9d.jpg,8,70.987527,25.7548,8,70.9886,25.750461,0.19732966,0.19732966,0.95137435,0.03856677,0.94256186,0.9866243,0.19732966
85d25f802aba4c79a5e836914c323037.jpg,2,39.026099,-3.374009,2,39.595876,-3.713291,69.75707,65.59008,0.80819666,0.020704687,0.8574867,0.7070068,447.31946
85d3e6a0238b4da1827ba09c65187427.jpg,6,65.91063,-18.304795,6,65.728739,-20.2123,89.19964,5.3083334,0.7424436,0.0059681535,0.73359966,0.8702897,153.7072
85dbca0321b341cf911e393aaae26b0f.jpg,0,53.222774,29.099408,2,38.529083,-3.493849,2966.5735,17.611982,0.7945795,0.056425035,0.78382,0.8376176,2966.5735
85fac3f0a579482c86beb84fdd200ca8.jpg,7,39.312071,8.958598,7,39.313477,8.962534,0.37296894,0.37296894,0.76354504,0.05243039,0.7484144,0.8376352,674.39966
86051aa239b845438bff6e65863a087c.jpg,8,62.460991,6.331576,8,62.488949,6.871853,27.93678,0.84139574,0.8180368,0.003121674,0.78345704,0.95635575,27.93678
86072f2f2e184873a2ab508fc3c5aa8f.jpg,7,41.145297,16.760066,7,41.003445,16.833794,16.940805,16.940805,0.6659834,0.0059200525,0.6788074,0.7746223,1304.555
8632245661f84419a5c936a058f8e24a.jpg,10,63.399648,18.29054,10,63.302134,18.523599,15.895862,1.8896338,0.8654065,0.08957142,0.8663961,0.86144817,15.895862
8639a55627074c82be69fb494285de9b.jpg,2,39.36108,3.128669,2,39.413736,3.136744,5.89607,0.3823772,0.85503244,0.000690043,0.83332956,0.95049155,22.038227
869640907a074e83b5b486d8d351ccf9.jpg,3,62.267809,25.682837,9,53.230998,15.531438,1168.5201,965.39514,0.6769912,0.008972049,0.66198933,0.8317765,1594.548
86ad17850ca24b55a75f9681c6eb2558.jpg,8,60.628291,9.900202,8,61.108933,9.107127,68.550964,33.1751,0.72988796,0.009070277,0.72162694,0.7633839,846.6092
86df579f83d64361aa8a20301aea2f6e.jpg,3,63.143249,30.638638,3,62.459559,29.95843,83.51335,7.8643003,0.7838733,0.018101275,0.75452435,0.901269,83.51335
86eaabd5b3194dd3849c47e8abf7531e.jpg,11,39.851612,34.078153,11,39.791325,34.196772,12.1475525,12.1475525,0.7539214,0.0096027255,0.74393964,0.7938483,12.1475525
87132932acff4c4c892f429699728185.jpg,3,67.546986,27.918034,3,67.537401,27.924043,1.0959421,0.15717414,0.9113379,0.0030303597,0.8943015,0.9794837,1.0959421
8741e9847a24405f988516d410c5a381.jpg,4,47.76826,3.936872,4,47.921112,4.772134,64.609,26.774385,0.7822734,0.0385949,0.75623405,0.8864308,64.609
8750b34aa33a4093be06c114c5749cfc.jpg,2,36.751636,-3.184364,2,42.771244,-5.038867,687.8127,29.119284,0.60347396,0.0046201944,0.59556055,0.6676376,426.08847
875d6152a2724ceda1298cb5103a37a3.jpg,7,40.655248,8.32896,7,40.66102,8.32831,0.6441558,0.6441558,0.88188356,0.037955344,0.8757844,0.9087215,6.14097
877c294e779e40079b91dee390650c22.jpg,8,62.284201,7.195478,8,61.848349,6.147823,72.983894,6.187446,0.74545544,0.0049565434,0.7005478,0.9614264,52.075546
8783934d122f4199922435df56319ea7.jpg,6,64.815584,-23.955016,6,64.813266,-23.950678,0.32950154,0.32950154,0.96805906,0.047151685,0.96285725,0.9888663,0.32950154
87d0ad6575934821a348f78f44fb1385.jpg,9,51.509025,21.739742,9,51.541406,21.812038,6.1628222,6.1628222,0.7125916,0.006736636,0.6996981,0.7641656,6.1628222
87e06ceb20e2493d99d12b32e14d78c9.jpg,1,53.100622,9.219176,4,45.602265,2.727763,956.31683,580.83325,0.5988312,0.0029754043,0.5806047,0.7871003,1213.0636
880616bea3d743d5a9efab41dda628ee.jpg,7,41.818022,12.782088,7,41.66043,13.605596,70.5389,64.14376,0.63414174,0.10195017,0.65910923,0.58040375,485.61984
8819a23f306f4cba90c625c2e7ee51f3.jpg,0,54.538322,30.18654,0,54.632033,30.506119,23.078876,8.804774,0.8297533,0.12187016,0.8195871,0.870418,23.078876
881d3057717c4e3dbdb84c424d2abb07.jpg,8,60.182566,11.413751,2,39.332135,3.106505,2389.656,113.97823,0.68052846,0.011272132,0.6699164,0.72640103,2614.5972
8840fdd055b642e5abe99b6e845a7f45.jpg,2,28.778223,-17.908003,2,28.776976,-17.914003,0.60098624,0.21724732,0.6748792,0.0016880631,0.66248596,0.73855084,1771.2524
88570c16736b41ab8515e9f2fba92b5c.jpg,3,65.833478,25.290965,3,65.98544,25.06029,19.878082,16.057217,0.8212898,0.018342376,0.8088316,0.90745026,148.09186
88575b0a42894737b0631dcc97403569.jpg,10,66.656791,21.243374,10,66.652856,21.273242,1.3869102,1.3869102,0.85144156,0.095980525,0.8485588,0.8752901,70.18241
888ee0b8cdbb4aa6835d1580aec8bd48.jpg,0,53.617119,31.510237,0,53.464886,31.049135,34.85484,4.5427027,0.7984549,0.0010604858,0.773287,0.91149765,103.94437
88912fd1d2344a8e8e121d17b8f88832.jpg,5,51.640981,-2.483109,5,52.141722,-1.904786,68.37586,7.80352,0.7708012,0.0062822104,0.7383586,0.9382251,37.123116
88e305469b8242b88a5afb7fbade43a2.jpg,4,43.674455,-0.975548,4,43.630315,-0.931072,6.074046,1.262435,0.8287179,0.07124162,0.8199493,0.863792,6.074046
8904fc4e4c2749f28d2e41b7cf2f683e.jpg,0,52.063951,25.552393,0,52.467558,25.84126,48.995445,1.8621076,0.81017727,0.0002092123,0.7843605,0.91344416,48.995445
892b5d598fab44dd8b2c7e4e16a55913.jpg,4,49.111249,5.115409,5,55.259696,-1.892847,833.189,670.9302,0.8023396,0.059553206,0.79244846,0.8484614,1238.2572
8944b150888240ceac0acd3300a6c8fa.jpg,9,54.219154,23.127467,9,51.050043,23.521041,353.38748,303.51068,0.66232467,0.015578806,0.64718723,0.7562487,1231.0616
8996aef4debf4541ab09d59bf4347d2c.jpg,3,63.952313,29.624975,3,63.778483,29.406286,22.098448,11.244827,0.7168072,0.0036638975,0.743369,0.70151263,1165.8033
89b7187cb9234b24b41c67af7e69072e.jpg,0,52.584972,27.471658,0,52.372673,27.460245,23.619255,4.9694786,0.7635635,0.011684835,0.74438214,0.91179824,279.45605
89c534eda6a74844aa42d82b23eae485.jpg,8,58.405315,6.030694,8,58.389774,6.046943,1.9704609,0.5036515,0.81615484,0.014114261,0.7780248,0.9726052,5.069989
89c84f3090034bde974922e08348f000.jpg,0,54.000322,25.890224,3,60.61271,24.43194,740.4155,39.363697,0.72053176,0.010573447,0.6957443,0.8196815,740.4155
89e696beda1947ac8e81dfad4b679193.jpg,5,50.608049,-4.443934,5,50.61909,-4.491216,3.5548775,3.5548775,0.73239934,0.006046653,0.70381784,0.8803621,24.026794
8a02466afa0645eeb59b9d49d7794878.jpg,6,65.881945,-14.82761,6,65.868055,-14.82009,1.5818623,1.3122088,0.8963792,0.015199304,0.8795513,0.9728843,1.3122088
8a29adcf5886485197a55e44e54cd1dc.jpg,11,38.988194,27.845868,6,63.893207,-16.61787,4002.3403,869.78204,0.613269,0.018600523,0.6097679,0.6869687,4002.1855
8a4a61b966cf4694a2c37be8d85dd358.jpg,0,52.064753,27.757462,0,52.132036,25.538637,151.74199,0.048068274,0.7903699,0.004841149,0.7516283,0.94854885,113.744385
8a4c863b54ac4fe1a24ab6b52635f246.jpg,8,58.37841,6.119521,8,58.378269,6.119991,0.031569563,0.031569563,0.85073924,0.034153044,0.82661426,0.94723904,0.031569563
8a7a18a41d6e40fca45260ac71e3c4f4.jpg,0,52.766799,30.759434,0,53.013864,30.573783,30.163904,0.35967916,0.8671706,0.054835975,0.85231304,0.9568,3.1733015
8ac279ac3e6d4bac89f6cc016b200292.jpg,10,62.701181,12.687726,10,62.913665,14.157175,78.315834,12.908797,0.844703,0.016403377,0.8271326,0.9149846,78.315834
8ac51d6a43544787807598a8cc630d5b.jpg,10,63.149392,16.292994,10,62.363082,13.781983,154.84381,24.32409,0.8223149,0.011091113,0.8028299,0.92389107,110.84086
8aece060f9bb421a9f4091e6e9998bf5.jpg,8,64.562131,12.496298,8,64.562845,12.498129,0.1181141,0.1181141,0.89857167,0.109327495,0.88101596,0.9687944,0.1181141
8b23688f5bec41ffb744126cd791a985.jpg,2,43.633525,-7.601127,2,43.63922,-7.60211,0.638178,0.04663794,0.7776787,0.043542743,0.74228674,0.92910194,1.2695395
8b304d7d96884817ac6afa503352b72e.jpg,11,38.252545,41.016081,11,38.228252,41.06245,4.8678885,0.20869868,0.9430797,0.0073692203,0.9345218,0.9773114,4.8678885
8b4024705fe0406abc8038fa2c5787a3.jpg,0,55.515581,28.88616,0,55.51477,28.894869,0.55566174,0.55566174,0.89553714,0.021251261,0.87837493,0.96418583,0.55566174
8b427be849f44e178e554ead70ff7f4e.jpg,9,50.159738,22.159174,9,49.872003,22.176226,32.017906,5.5423493,0.84159774,0.025946736,0.8144419,0.95618397,8.805615
8b6e8efb7aa647d49896904e62f42637.jpg,4,47.197124,3.979852,4,47.834133,6.434561,197.47696,10.256742,0.6575686,0.021263838,0.6427211,0.71695846,197.47696
8b73de095460410dbee863a9b49668ea.jpg,10,62.117481,17.430198,3,62.158051,30.057539,655.17816,2.452484,0.7353761,0.00232023,0.70841384,0.8880698,569.8693
8b73f1921e9b4a6f93ff5317effa034c.jpg,8,61.624214,8.978518,8,63.524994,9.933647,216.93817,10.653447,0.67760843,0.07733089,0.6548487,0.76864713,216.93817
8bdfaa56731442fe99aa789607380531.jpg,5,52.225115,-0.225277,11,37.506547,37.00308,3308.4634,40.81995,0.6685846,0.0071961284,0.68201673,0.6505362,1088.6394
8be49500cd6d44afbad4225df7a69ddc.jpg,5,50.949396,-0.275751,5,50.922559,-0.268975,3.0216815,3.0216815,0.78911066,0.09094429,0.7622721,0.89646494,3.0216815
8c004a8c31d545b8abdd2802e318a8e8.jpg,10,62.2577,17.471562,3,60.159243,23.573084,401.26343,13.926741,0.74929804,0.022382319,0.72863,0.8363949,565.62744
8c4299de71c043dcac5e6730f988f426.jpg,2,41.884146,1.077756,11,41.53093,27.837857,2212.7302,283.86185,0.7588475,0.0042744875,0.7350552,0.85401666,2212.7302
8c789793daec4d23b3bc0722f8017fdc.jpg,9,54.214683,16.01653,9,51.929485,23.61029,566.99445,21.559704,0.7302135,0.014667451,0.68699956,0.9030695,566.99445
8c91739040d54f8e96630f5707903baa.jpg,5,51.571674,0.284424,5,50.357493,-5.092295,399.89337,32.15649,0.7675197,0.014337659,0.73226726,0.9228227,424.0478
8ceae64d391148c3b0f5302efd85a99f.jpg,5,56.102788,-5.476811,5,56.315696,-5.565526,24.301714,2.5903647,0.8103306,0.017795622,0.7810241,0.93162227,3.9280872
8cfec5a53478492091eea2d69a611b78.jpg,2,42.147474,-1.545109,6,65.723605,-14.778215,2747.6292,2.918914,0.66726696,0.021366656,0.68587095,0.6882113,2991.528
8d05e6ec63e042188f0db1c19cfe6561.jpg,11,36.708295,33.129364,11,36.719055,33.121519,1.385826,0.15482096,0.79212624,0.16524285,0.7694437,0.88285613,1.385826
8d107a36b3834e50ad7736d3c914d321.jpg,7,45.647869,13.011672,1,48.974176,8.081471,524.158,242.31215,0.7228325,0.02133447,0.73695356,0.80591106,847.64154
8d19d443ce834b8fa5e4cfeba6d4fc88.jpg,11,41.279274,27.466914,11,41.408072,27.822158,32.933155,5.2428455,0.7280202,0.071044266,0.7233956,0.74814475,330.76773
8d617d45a5f041e49f63740f72aa4d02.jpg,6,64.839332,-22.576228,6,64.847656,-22.667702,4.421768,0.18481037,0.921435,0.04745871,0.9112042,0.9623581,4.421768
8d8d86134564469f8ac5c4893413edb5.jpg,7,42.046033,12.653597,7,41.836047,12.798332,26.23932,3.1411605,0.8217194,0.010406494,0.8061032,0.9254895,3.1411605
8da9d6e20047454eb2039d902f282ef1.jpg,3,64.124499,28.123653,3,64.126339,28.06992,2.6154532,1.0337038,0.84609836,0.003810823,0.83717465,0.8966473,18.293242
8dcf45ac156b44e68aa99daa34df1e0f.jpg,1,48.097007,10.11352,9,51.869744,19.088298,765.821,27.944525,0.6432006,0.019599795,0.6504538,0.71740276,980.34094
8e135ce37c10481e894535e725bbfdfb.jpg,7,40.81095,16.946248,4,47.834133,6.434561,1142.2721,848.2851,0.62409365,0.002069652,0.5907598,0.7969755,1264.3824
8e1746c160cd41c5a61e9ff79bb7b8ed.jpg,11,37.605583,34.741028,11,37.604919,34.741326,0.07836153,0.07836153,0.93067974,0.14821404,0.9206812,0.9706739,0.07836153
8e1d3d58bb614934b05193bde0e427db.jpg,8,62.660036,7.499552,8,62.839373,7.233919,24.094944,11.873381,0.7475719,0.005479455,0.70697355,0.9099649,24.094944
8e2c56d3283b48d5953f490838568ef3.jpg,0,52.149481,27.890113,0,52.256911,27.858082,12.143483,2.9225132,0.8638713,0.05676949,0.85291296,0.9077044,12.143483
8edd1ab60dfd4fd2b5d8b2651040ee23.jpg,0,53.529077,27.473949,0,55.51477,28.894869,239.07191,8.283439,0.75939703,0.017719924,0.75078833,0.86020523,58.824818
8f55107973364cbbb105493e8e1c4c4d.jpg,10,58.964634,16.605987,10,58.908828,16.625953,6.3102045,2.8844185,0.7153059,0.027321696,0.72304845,0.74224186,864.6626
8f5ef684c2dc48e7aa764ce462e836f0.jpg,2,40.684517,-4.620094,2,28.985871,-13.584265,1534.7201,14.105029,0.7583606,0.03687048,0.7771527,0.812737,57.8357
8f891171bda4477cb4684010e6fb93fd.jpg,8,59.57913,5.708437,8,59.719045,7.581703,106.39177,3.5519521,0.61462265,0.0016806126,0.6108624,0.78916883,2717.9268
8f8b8ffdeaac4c169784bf5eab5d0d27.jpg,3,64.591353,25.668091,3,64.607355,25.65302,1.9190593,1.9190593,0.9425536,0.012422264,0.9311846,0.9880295,1.9190593
8fe3bb54096240d38f450192c0ba71b4.jpg,9,54.31331,22.651942,9,54.330621,22.66959,2.2394514,1.8658361,0.76911956,0.0021006465,0.74889725,0.8947604,103.195465
8ff3b5ffe99d48a78fd91af3afa21650.jpg,4,44.486302,-1.072024,4,47.209642,6.824378,682.0346,0.42077574,0.6373482,0.0034897327,0.64886475,0.6946143,187.96121
9058da307ba545d18d698e7d585b00a4.jpg,8,61.858666,6.525563,8,62.233251,7.147418,52.777687,7.8227415,0.6300123,0.01698488,0.63385844,0.6850858,18.609993
9077d18251a14edab44b5dbd153149fd.jpg,11,36.855031,28.226164,7,46.593065,12.086592,1716.5956,1439.4824,0.5973299,0.010357201,0.608666,0.7271455,3062.776
9085852649ea48b39b892e98b98f6c2c.jpg,0,54.16981,28.472372,9,53.297792,22.454951,407.3672,0.5751165,0.6592999,0.0007535219,0.6492362,0.7284744,406.518
9090b146022a45738eaab09b36ea477e.jpg,8,68.569323,12.697176,1,49.177403,8.20596,2170.3154,1597.9658,0.67978746,0.016225457,0.6767709,0.7439241,2581.6978
90945033152d47c8b31b3d80f56cf13c.jpg,1,53.498403,8.761759,9,53.41419,15.383925,438.39267,50.037678,0.7518216,0.025669694,0.73841155,0.8054617,438.39267
909a492a50fb4da1bebd03e1737e410d.jpg,6,66.105122,-23.074456,11,40.324596,37.605758,4672.7725,1282.541,0.6718938,0.008449614,0.6909388,0.7071794,3703.74
90d701af831c4c2fb9c07de1bea542f2.jpg,2,43.238764,-8.565685,7,43.792224,11.513217,1616.3077,0.37305462,0.6124904,0.010122299,0.5953221,0.7475575,89.21808
90d7863a04a14f4e86a1fe9d2d3ee6ae.jpg,4,45.223192,2.17973,5,56.218678,-5.541628,1336.064,28.644335,0.6703413,0.0012773275,0.6576603,0.72323644,1334.0583
912555bbbcf14dd6968ff8384d2450c7.jpg,7,39.446695,9.641534,7,40.896219,14.307214,427.86566,174.70929,0.6348754,0.0023912191,0.63269925,0.76179904,1990.1549
914c231eb9f14f7ca2e40648783e7d93.jpg,11,38.201675,41.479896,11,38.235157,40.976325,44.149826,0.13170874,0.7330418,0.0079756975,0.7281995,0.7878276,0.13170874
918308b896ba4b17bee911a853fc1b39.jpg,3,62.839438,22.029673,3,61.992931,23.014117,106.904526,16.483927,0.82521224,0.006566882,0.79914904,0.942616,172.17848
91bb8db7faf948a8b12a8b1bdbc35a9b.jpg,3,63.020673,23.818745,11,37.953586,34.088633,2872.3086,44.55672,0.6790594,0.013194919,0.6582494,0.7716274,2488.749
91f598db2c624091970f5778ad3e6c32.jpg,10,58.803183,17.109173,10,66.657957,19.94757,885.07275,34.398914,0.7477006,0.014028728,0.7406924,0.8232348,595.8157
920d1a6fef8349ff989c3ba93bb65f62.jpg,5,54.861918,-6.249656,0,54.048763,26.800842,2118.4768,290.24695,0.78171813,0.046483994,0.76948893,0.83063483,2118.4768
92124835cd084345907d0b05dbe0a5b0.jpg,11,36.105315,32.969787,11,36.380153,33.937964,92.04779,2.3317666,0.6842027,0.012906849,0.6673379,0.8321918,32.01686
9215b0556d6343ddac5fdcbae0418337.jpg,10,59.926452,15.935854,10,60.134387,15.676151,27.252361,17.691198,0.67117435,0.00034224987,0.68559796,0.71849996,992.55585
92276749810244359ba783f5839dc6cf.jpg,11,40.956067,40.032044,5,56.084625,-4.824797,3622.4373,4.4081426,0.57896584,0.002445817,0.5771068,0.6860348,181.06978
927132d0037b4b3fb28e25987bd2fe87.jpg,5,53.642053,-2.89203,5,50.397154,-4.437288,375.96747,10.496923,0.6547177,0.02132988,0.659413,0.7729268,38.9842
927e06d037d64c90836b045601424586.jpg,6,65.587265,-20.069707,6,65.602394,-20.110071,2.5038352,1.2308598,0.8665927,0.017672718,0.84262836,0.9624498,2.5038352
927f8ae4881c471d8cca9b7ef64c3fcd.jpg,7,37.817778,15.27,7,41.551019,14.748481,417.50745,91.18677,0.66210806,0.009755254,0.64883316,0.82559943,1600.6179
92ad34cd93bf4c40acc079d8146fc8ab.jpg,5,57.423217,-4.664788,5,57.430275,-4.635663,1.9120556,1.9120556,0.7074803,0.0035432577,0.7160634,0.7454425,100.08905
92b52324d166407faa8948bd3c6f1bf5.jpg,8,63.579815,10.187053,11,40.100987,31.035593,2946.8328,51.33717,0.63367534,0.0030331016,0.62151384,0.7759307,2835.0098
92e6c1a625fb4e81a2407be78cfc6589.jpg,0,52.470588,25.842221,0,52.681635,25.370844,39.564014,0.34315223,0.89673734,0.0383327,0.87657505,0.9773865,39.564014
92fefa5dc3864782af75d1157886952c.jpg,10,63.952457,20.022037,10,65.462118,16.822604,226.40231,4.1733656,0.84392923,0.018801033,0.8291895,0.9173255,247.33008
9313470b86c34d2093365cd0d11e815c.jpg,7,41.851262,12.786974,7,41.848715,12.78907,0.33218983,0.33218983,0.8902514,0.019188643,0.8695313,0.973132,0.33218983
931eb1fcdb2a4bd79eaf5a039a8e85c5.jpg,5,51.852888,-5.100313,5,51.929847,-3.917791,81.59906,7.3800526,0.778832,0.008044302,0.7365384,0.9480065,81.59906
931ef94faa414e0da7b324be41fe5030.jpg,5,55.590178,-2.586019,5,54.850177,-4.315069,137.10071,22.128878,0.746675,0.009487987,0.71384335,0.8780018,137.10071
932c36c4532740c89e8ef9db918fd4ff.jpg,2,37.420785,-5.912494,2,42.075879,-1.640609,633.299,82.1268,0.78467476,0.045202136,0.7674467,0.8535869,633.299
9377a784670247148e52dd187bfbec3d.jpg,3,65.569793,28.922892,3,65.533409,28.87899,4.522155,1.1035169,0.89243954,0.0063204765,0.8859825,0.9269912,44.44718
93a07c84c24141eaabbb37bb983c67eb.jpg,7,43.523707,10.616427,2,40.419082,-6.125988,1423.8073,9.129602,0.68169284,0.012154341,0.69800675,0.7295259,1098.1909
93ae9c5181cf49feb74db420874727ac.jpg,5,56.240562,-2.668672,5,55.791351,-3.292422,63.2292,15.317007,0.75690305,0.061648905,0.72329366,0.91727936,268.86108
93df3925f2204735a60b41faf932d963.jpg,3,63.499101,22.632764,3,63.597622,22.762011,12.688387,4.7728763,0.7521349,0.044990778,0.7293227,0.8433839,12.688387
93ea97e4cd8b4363bb74f29874feb00c.jpg,4,44.204107,-1.214225,4,45.477815,-1.146608,141.73035,6.6049285,0.776195,0.023966372,0.75587493,0.85747516,141.73035
9400f27675c2479fa8019cf7642f2f9a.jpg,9,53.338786,22.460341,9,53.335505,22.458968,0.3760478,0.3760478,0.81353563,0.015358686,0.7939116,0.89444625,2.5336223
9412fe9cbc554fcf9b7ecb6d481f346b.jpg,11,40.169176,26.367686,7,39.408588,16.014914,888.09595,671.3102,0.6700579,0.007964969,0.64964473,0.8064235,899.3918
9426411cb22a48bb880808e313a6c075.jpg,10,60.928301,16.355499,10,61.378246,15.899194,55.699165,6.4872236,0.7869816,0.008497477,0.77771664,0.8482305,392.8069
949378164bc64c198dac9f43b154e297.jpg,8,58.320093,8.058448,8,58.284545,6.554208,87.973785,8.401294,0.7524979,0.0018555522,0.71679425,0.91258585,230.20197
94abb01f9b5e4f308bfcb2ed39dad0cb.jpg,5,50.647955,-4.739322,5,50.647209,-4.738397,0.10552029,0.10552029,0.7981427,0.015467286,0.757697,0.9599252,0.10552029
94ce3b435ead4606b06bb0119e15867c.jpg,9,54.160756,22.818042,7,46.040681,11.014676,1231.3597,269.89713,0.60313356,0.010463476,0.59800535,0.76920855,1336.1956
950173900a8d4df287a9458fffbcb19d.jpg,1,49.311141,10.188513,3,60.263201,24.17803,1505.8978,967.9964,0.70547354,0.019462347,0.68967915,0.78824353,1212.0214
95065e106ff244699a6e58faecf46db1.jpg,1,49.775741,11.39054,5,56.381316,-3.8231,1249.4485,20.902388,0.6141695,0.02659744,0.62181664,0.72720057,352.45032
953bcad070344616a8e8ae6839ed88b9.jpg,8,64.719726,14.043608,8,64.479814,14.169416,27.34355,24.235788,0.65869707,0.034537494,0.6685462,0.6874639,817.55225
9579f4968e0a48028b90a4f55329b603.jpg,0,53.547298,26.173013,0,53.528624,26.253894,5.733972,5.4490743,0.8797693,0.027692556,0.86731076,0.93752277,18.242775
958099ee19fc4dc997fc1a883b8efd6a.jpg,8,62.4711,6.124141,8,62.471293,6.12387,0.025583997,0.025583997,0.7066686,0.09228134,0.69451326,0.7552899,0.025583997
958b96d8876944518e0df85271f276a4.jpg,2,41.720909,-3.184258,2,41.658411,-3.485947,25.997055,8.526601,0.70934236,0.006395161,0.6912288,0.7905725,8.526601
959bed3fcc774b74a70efa88cb0bb966.jpg,0,55.576146,28.678711,0,55.656174,28.615098,9.754189,1.5359977,0.80976313,0.009744287,0.77919286,0.9557291,10.576236
95b15ac04be5461092e545d4b478e969.jpg,1,53.439128,12.340412,10,55.402082,13.605754,233.10748,14.695157,0.638697,0.00090140104,0.6149636,0.7336307,233.10748
95b25bea0b844591830186abbeb7612d.jpg,2,39.444735,2.899442,2,39.413275,2.901878,3.5044484,0.21141888,0.8540531,0.008734524,0.82597196,0.9794215,2.5828433
95b28029738649aab4507ed86d07672d.jpg,4,43.571669,3.980269,11,37.577486,38.946254,3003.9653,1858.3651,0.747586,0.015162289,0.73695797,0.8036526,3458.2014
95b7e92d4b54428a92d40247a09076c1.jpg,6,63.842857,-22.439221,6,63.842504,-22.44446,0.25979263,0.25979263,0.76121086,0.03025949,0.72032213,0.9247658,0.25979263
95c48579761a4290868611b8a01c0f47.jpg,3,68.679273,23.326173,8,70.162901,28.570629,262.97128,28.336325,0.7216103,0.0045189857,0.692393,0.8666032,271.2001
95dd69bb6a464c91b53f40de7f081743.jpg,7,40.590029,17.465996,4,48.371873,2.388112,1472.0902,667.466,0.6282511,0.000336051,0.64193857,0.7052721,1318.1511
95e6f481e6034dc6a1df3ee486d1622c.jpg,9,52.190449,22.462574,1,54.535707,13.249757,663.9718,94.33943,0.73482764,0.0030682683,0.71656793,0.85900164,436.51294
95e882cc2dd5466a9129192e3eb4361b.jpg,10,59.78882,17.141833,2,41.006985,-6.4127,2644.0198,377.41467,0.69103765,0.03494966,0.7040534,0.7194333,672.5835
961b78d2f6074a5b8177a12e70f7c082.jpg,7,40.569379,16.577708,7,40.570273,16.577622,0.09967343,0.09967343,0.87103796,0.0060656667,0.8495687,0.95691466,0.09967343
96209a06e34e49b985ae30b8d6f62c0d.jpg,8,69.378863,24.061204,8,69.378636,24.060428,0.03950489,0.03950489,0.9623969,0.047125638,0.95511055,0.9915424,0.03950489
9639c891a45b4228856e42f27b1500e0.jpg,5,56.082221,-4.520416,1,52.905445,10.719542,1043.0527,54.43812,0.66869575,0.0021579862,0.6787398,0.77174234,2012.2417
965bd037bea7443d872af74e0f2d52d0.jpg,11,37.233542,32.228785,2,41.449719,1.785866,2645.4805,0.075339265,0.636462,0.011670828,0.65030545,0.67222357,0.075339265
967e7db70f914a4eb0ab3f0ebf566d22.jpg,3,61.172788,23.217867,3,61.872171,24.50747,103.54731,6.94597,0.78688455,0.005896151,0.74612164,0.9555097,99.35381
96af394415eb42e4be424ab60e14a768.jpg,11,41.823263,33.258729,11,41.442866,32.420501,81.49934,36.57034,0.8311165,0.09698987,0.8279878,0.8880565,61.891685
96ba6b1e3e8549588a284e6bc59ec2b0.jpg,3,60.769946,23.428067,3,60.751928,23.429168,2.0044053,2.0044053,0.795647,0.034501433,0.7814792,0.8551372,28.911488
9713fef8d78b44ca884e3fd89ff68d42.jpg,6,63.837571,-22.437923,6,63.855659,-22.430085,2.0476549,0.07105541,0.66587174,0.021173954,0.69010234,0.6859924,2689.3455
97447367fb034db79594fe4ca6bd459a.jpg,5,53.660672,0.051541,5,53.794496,-0.071866,16.951107,12.629467,0.7103081,0.012105465,0.6836121,0.832085,542.6693
974f5c1150db4dc09c7a681fd3d49e76.jpg,5,58.548991,-4.68135,5,58.562294,-4.743877,3.9170585,0.4298842,0.75391823,0.0071181655,0.73983765,0.8719529,31.576351
9765691dadc54289accc6c39f7485458.jpg,2,38.565102,-2.3343,2,40.242464,0.191044,286.09982,25.886305,0.6966903,0.01504463,0.6798186,0.7641772,286.09982
97694fe9554645c3a9c1ebaaafc2582d.jpg,11,40.691308,43.164395,11,40.615791,43.17016,8.41119,1.1763121,0.867036,0.010919929,0.858003,0.93451595,74.23775
977aa064bcaa4efebdcf5fbbe69feb80.jpg,10,64.286719,19.973405,10,65.295675,16.039278,217.43475,25.413023,0.8204453,0.017651677,0.82119656,0.8973429,120.22486
978fe8e7e9aa4594b850dacf0f854d42.jpg,0,54.529284,30.725436,0,54.559285,30.706093,3.5616403,1.5433872,0.7718118,0.08005291,0.7568083,0.8318256,3.5616403
97936f3ec24f40d09434544b941e9c31.jpg,4,46.622256,2.556343,1,48.520989,10.350077,621.28925,332.21982,0.73799413,0.05432862,0.7156935,0.8283431,629.33496
97b6eede9e394cda8b399108c6299507.jpg,4,49.081297,-1.422774,2,41.973599,3.028578,862.679,368.73828,0.7379284,0.015794098,0.7050319,0.8779497,863.2642
97c564a26b8a485f8afa180bdce19416.jpg,2,36.874605,-2.586271,2,36.861112,-2.552078,3.391658,0.8009764,0.69661504,0.0047012568,0.64827657,0.88996875,3.391658
97ee583e994545acb3cd8a4d56f6300d.jpg,10,64.200565,20.660835,10,64.095004,20.754648,12.588405,6.2914066,0.76590014,0.035496593,0.7543527,0.8120897,12.588405
982e176371044fc2bc888358e54d27d1.jpg,8,60.092855,10.951193,3,66.57139,28.423003,1124.3429,140.05319,0.7199536,0.006452203,0.7335294,0.7702701,1012.984
98322252e47b4c579826fc8765fb7e3c.jpg,0,55.2054,27.890054,0,55.200697,27.876219,1.021862,1.021862,0.8470749,0.079606235,0.8361372,0.8962145,149.4122
984cbdd74d054e40be4879876c1d76b8.jpg,6,65.75292,-20.111648,6,65.801715,-20.262154,8.751297,5.326817,0.7957523,0.010966778,0.76285124,0.9273565,8.751297
9852e6bf642a4d10824ce14dfc60e517.jpg,6,65.220529,-14.350183,6,65.222486,-14.349844,0.2181815,0.2181815,0.95556676,0.12541234,0.9485345,0.9836956,0.2181815
986a49159cfb401c8bd4b05d21285faa.jpg,1,54.772613,9.245696,5,52.035974,-0.351193,704.43085,60.156868,0.69574386,0.014566243,0.6922912,0.729406,712.92285
989a3a1dec814ef3945f3b1ef1037742.jpg,5,51.005936,0.773272,5,50.905289,0.629369,15.061418,15.061418,0.785075,0.010727286,0.7554137,0.9430048,148.12454
98aad3a021cb4a92927d84a6c09cb618.jpg,1,50.302569,6.529345,9,53.664052,14.32877,651.34955,35.29395,0.6020997,0.027381599,0.556582,0.7841707,651.34955
98c2041bc7dc4e1d8305984e37c27fc7.jpg,4,47.475103,3.809731,4,46.488668,5.723487,181.94682,10.97718,0.6161302,0.0038487911,0.61479735,0.6668377,1195.092
98d2769d0af94a209ca8629772afca4f.jpg,1,53.255145,7.797067,1,53.463519,7.556725,28.12886,28.12886,0.66827404,0.0081989765,0.6739987,0.78416777,570.127
98df9d866ece44109f687ba4752a1b31.jpg,11,41.515378,36.021809,11,41.694752,35.355652,58.869213,1.3617735,0.8792721,0.011158049,0.86348546,0.9552288,9.165064
9910ea5d40ac406caeeeec497a6abb75.jpg,9,51.334549,19.996041,9,51.269849,20.158565,13.394781,13.394781,0.7125768,0.025335073,0.6958146,0.78003883,345.76184
994c85ac35614d03a73d014025ecea03.jpg,3,61.938177,21.628179,3,62.298626,22.243543,51.286453,15.917414,0.8429804,0.017234743,0.8197615,0.93585575,51.286453
996060e4403d4681b0e9785c4a16a4e1.jpg,4,42.962556,9.403071,8,69.631632,18.026682,3006.0862,634.57886,0.72264874,0.02291137,0.7199416,0.76799953,1945.2054
99687d3ba5a544e6a1cb97b1ebf8bfdb.jpg,10,59.267134,16.70921,10,57.108945,18.325469,257.98376,7.42024,0.7540203,0.00932759,0.71426284,0.93813,236.50356
99cd7f4f8a434022970fa254525be333.jpg,8,58.90648,5.733164,8,58.905061,5.727537,0.35960346,0.35960346,0.7456546,0.013467431,0.7417919,0.7611052,0.35960346
9a028ec57b9048448e22053b6c39d82a.jpg,1,47.994893,8.023358,8,58.217519,6.962505,1138.8724,5.1117,0.64305425,0.010417223,0.6333351,0.8248685,214.00932
9a141dd97d734c86a3a95961f77b804a.jpg,8,62.006539,11.710897,10,65.66192,15.445209,445.6186,6.504352,0.85154253,0.006958902,0.8313188,0.9335585,441.9301
9a352cc3fdd14d57b70d7ca72a08c3b2.jpg,3,62.963087,28.419332,3,62.961849,28.558986,7.0603476,7.0603476,0.87218904,0.004051566,0.8645735,0.90639687,9.884144
9a372404781640d9a61f25ec5e96492d.jpg,2,41.682114,-3.251621,2,41.69301,-3.279932,2.6447458,2.6447458,0.7395574,0.0811367,0.7306311,0.77526224,2.6447458
9a503c104c884720992d10f20b3ad2c6.jpg,11,40.627396,37.294415,8,68.678589,17.915426,3324.7778,62.933872,0.7041358,0.04125184,0.69250363,0.76295704,2971.2148
9a58772677ea486e99ea3dcef6c06bb5.jpg,5,51.800631,-2.010241,5,51.078988,-0.110678,154.18065,80.654755,0.63387865,0.0027611852,0.6418882,0.7098578,409.7007
9a6af165444848aa9e8844e2e82953c1.jpg,9,51.445328,17.822866,9,50.562511,18.547283,110.477905,19.41276,0.7347915,0.0035048127,0.7111386,0.86447966,20.151423
9a7e8acc156b4ca4a4c2a01d15aad830.jpg,3,64.611017,25.649567,3,64.607355,25.65302,0.43921998,0.43921998,0.9519659,0.024036646,0.9422852,0.9906887,0.43921998
9a886480f2e9472d83bc673294660b27.jpg,5,52.234561,-0.246023,5,50.022582,-5.247881,426.8466,14.378523,0.7824704,0.022493422,0.7545961,0.91076577,423.54672
9a8c929833914244aa88835270af845b.jpg,8,59.334749,5.43913,3,61.193146,22.500203,960.42444,44.07948,0.7170474,0.035452545,0.70613515,0.76069623,960.42444
9a9266b03d3240e2b67593c78cecccdb.jpg,3,61.197643,25.232576,1,52.922383,10.366615,1280.6296,8.067362,0.7040657,0.0051751137,0.6866468,0.78387636,50.743504
9aa0513fef5e4e5ba187aaf74e3c5c48.jpg,3,63.191106,30.518393,3,63.189667,30.520425,0.18970646,0.18970646,0.7426795,0.020990789,0.7212073,0.85050035,112.44807
9adad98635d24ed1a022bd7003a756b6.jpg,4,49.543608,-1.699227,1,54.543482,13.533462,1177.4407,570.873,0.68062246,0.0077727437,0.68245333,0.74701416,677.1356
9afb3ebdda204817820ad3890f3898f8.jpg,3,68.372411,27.415088,3,68.372554,27.412926,0.09002132,0.09002132,0.8825807,0.004142821,0.8631564,0.9654334,0.1461621
9b097c20defd470fab9e324d21289147.jpg,3,61.630466,28.220323,3,61.680837,27.036604,62.740566,0.5934113,0.73636556,0.021779537,0.7191503,0.80522645,62.740566
9b10519fffc949f39f5032c35a29af02.jpg,6,63.471752,-19.369252,5,53.60807,-0.23531,1549.2661,309.17755,0.65786505,0.00724715,0.6552831,0.7402047,1369.7549
9b2b33e4417e440983335c0a5b52bfc4.jpg,1,54.485177,13.506734,10,58.680935,14.646972,471.72565,141.27803,0.59687984,0.0027350187,0.58654696,0.74261945,881.89874
9b420c52f2654a61b2dced21e04d08a6.jpg,0,53.596944,30.343356,0,53.471437,30.369359,14.061169,10.326141,0.8100204,0.037673295,0.78788483,0.89856267,14.061169
9b68140af7ab4b29ab42db0c15e096f0.jpg,5,50.341028,-4.657593,5,50.366433,-4.66919,2.942293,0.9034341,0.7548116,0.050468743,0.7294462,0.8604714,197.56789
9b7c0b4d5de34499a547cea8f9a0acf0.jpg,5,55.690665,-2.171167,5,55.415787,-1.869922,35.961315,0.6948069,0.74978095,0.01233983,0.70901847,0.9282255,116.12271
9bb86b166f5249efbb7c9ce3c33162f7.jpg,9,53.746728,16.614275,1,48.790758,11.354066,661.1236,193.50429,0.72408235,0.009120166,0.7096156,0.8172315,755.77875
9bf18fe0e1c447888bd4fee2517e6f17.jpg,5,58.498734,-6.255557,5,58.490152,-6.246965,1.0769919,0.22968948,0.8317683,0.013134956,0.8112011,0.9352344,1.7644094
9bfb2f9c54f84411ada8dc107c124eb5.jpg,2,28.080808,-14.479183,2,28.079542,-14.485114,0.598655,0.35966292,0.9179366,0.071701705,0.90312946,0.977165,0.598655
9bfd12f167474fb4a6abf0dfcfef87c2.jpg,3,61.024046,23.163469,3,65.413605,25.397876,500.69174,0.52219915,0.619111,0.011876583,0.59212375,0.7991981,34.97998
9c2af8941e4b4c83aa3e2d80394a8848.jpg,1,50.070451,7.429349,4,43.622517,-0.923664,956.74524,31.867847,0.68983895,0.014341474,0.6945044,0.7235623,353.7792
9c52975ec4ac413b80dfed54b0a205a8.jpg,9,54.184116,20.105549,9,54.163802,20.232255,8.550466,7.5980883,0.7174331,0.030058682,0.67663014,0.8854641,182.96188
9c60e3ea74e64600a02dd113d0500a75.jpg,4,50.834187,2.051282,4,50.545104,2.475844,43.906174,43.906174,0.7114703,0.118870854,0.6962535,0.77233756,43.906174
9c784dd2debb4269bd96d7db29164802.jpg,4,46.211985,5.662597,4,46.921401,4.192012,137.33334,23.80468,0.6725181,0.07136232,0.6648098,0.7033508,137.33334
9c954540774842b28e9a4faf61c13e55.jpg,8,70.297101,24.175768,8,70.296963,24.175423,0.020068461,0.020068461,0.9934378,0.036054373,0.99204534,0.9990079,0.020068461
9cf9872cb5fb404ba9334b58903de367.jpg,9,51.878234,19.0428,4,44.154553,-0.959047,1709.6094,3.2630339,0.6406355,0.0035185814,0.6366155,0.70260024,1182.9348
9d2da6e285284f028f1f5d7eecb2a66f.jpg,4,50.765739,2.758175,6,64.470019,-21.518989,2075.073,3.568807,0.6301281,0.0034766197,0.64166546,0.7142608,215.1089
9d32032a4c40404bb9a6d5c4d734a41a.jpg,3,67.116348,24.773358,10,62.501876,16.162225,654.07587,13.798558,0.79888296,0.017198443,0.7748897,0.894856,654.07587
9d6e96cddfd3487f801e8b3fd1524924.jpg,4,49.643606,-1.488336,4,49.688398,0.545141,146.42989,19.681139,0.6324231,0.004521966,0.6033902,0.7485545,146.42989
9d6f379ccec84149b3a2b58e5ff5503c.jpg,7,41.061279,16.882803,9,50.008248,21.076695,1046.6774,509.20825,0.6801821,0.0073305964,0.65301216,0.78886163,1046.6774
9d6f56c57bed45c2a668fe8a3b25a5b5.jpg,11,38.424074,42.125946,11,40.191378,29.106164,1136.212,16.359167,0.58467025,0.030299842,0.5601501,0.6854279,3370.1802
9d70865a071b4bbab988d5345f98f1ae.jpg,4,46.234088,-1.018614,4,44.089259,2.294419,352.5792,11.7259,0.8236205,0.060210526,0.81020546,0.8772806,352.5792
9d7a4399df224e55b5ec3972f178bd1e.jpg,1,52.178399,12.064124,9,53.604102,21.047086,622.67175,214.49376,0.7087374,0.012013495,0.6894402,0.79899454,731.4877
9d93216a0a4a4962ac5523953244a725.jpg,8,69.256232,15.960134,2,41.485077,1.660827,3198.5994,0.13013238,0.613746,0.0055943727,0.6264651,0.66481864,2279.2695
9de8153db73e475ba049af950343690a.jpg,9,53.061291,14.953235,9,53.20664,14.969101,16.196714,3.458713,0.69568664,0.006417036,0.68786883,0.7465723,478.59024
9e23789201d8447bbbae906c16e7061b.jpg,4,44.227046,4.80048,4,43.457623,5.007839,87.15722,12.130278,0.6552624,0.0088682175,0.6191731,0.7996195,87.15722
9e23949f09fd4065acccbb488b324fd3.jpg,9,51.164924,18.605441,9,51.198162,18.589177,3.8658583,3.8658583,0.90950197,0.13267386,0.8979398,0.9557507,3.8658583
9e38ad78d4244546ab8613fb601bc5f7.jpg,1,52.93412,10.331489,1,52.934502,10.33105,0.051671218,0.051671218,0.96191716,0.048514366,0.9540634,0.99333185,0.051671218
9e48e1fbc4244ad4b48787dd4e12ea25.jpg,3,65.777073,29.218866,3,65.725181,29.154556,6.4745545,3.149652,0.9567181,0.0048877,0.94996446,0.9846572,3.149652
9e4fa0ce82d642899cecb0a9c4a0e26e.jpg,10,62.377039,16.750629,10,64.378319,21.381875,320.4355,1.7170564,0.6303322,0.0020644665,0.6132035,0.7507107,585.5026
9e705debb0744178b6bdd6e5c73606df.jpg,1,52.448097,12.508369,1,53.480565,8.391376,298.62134,37.505165,0.6600782,0.006025374,0.6449399,0.76592505,108.67715
9e7d9f4dcd69415682e46b6179f7885b.jpg,10,65.627285,18.934853,10,65.629548,18.930903,0.31011266,0.31011266,0.95705456,0.08747542,0.95732164,0.9559861,0.31011266
9e8083f93e34424b8937833d3cd48cf3.jpg,10,66.027988,21.0946,10,66.028583,21.091289,0.16355962,0.16355962,0.9297078,0.07028973,0.91749024,0.9785779,0.16355962
9e89b01b908c470180760e3a142b4522.jpg,11,39.701748,32.816398,11,39.208583,33.072174,59.071007,28.743307,0.7288239,0.00888443,0.6932851,0.8709791,59.071007
9e9e4e3d2a934b8c80b8728c2f5881ba.jpg,7,38.064483,12.682903,2,39.994325,3.845642,792.5487,341.0655,0.6950766,0.00277704,0.6725049,0.79775316,790.88837
9eb186ce33b04e4ca7d9fa08ac84527b.jpg,3,62.184513,22.975962,3,61.702628,23.151498,54.36395,21.395348,0.7938837,0.046913445,0.7870466,0.82123196,54.36395
9eb71003b917432bbdb15dacb395d66b.jpg,4,50.202248,3.782629,9,51.593643,17.674859,984.93286,222.53545,0.7982062,0.028310418,0.7796663,0.8723658,984.93286
9ec11fa3dcaa4f09ae4f7d4bae68d66e.jpg,1,53.440169,8.447693,5,51.831776,-2.985666,791.0597,529.9271,0.70307124,0.02420181,0.69184476,0.77490187,1032.8096
9ed3ad6be0634d32b3bcabd483593be4.jpg,11,40.937952,38.202782,7,41.429915,15.591096,1887.6738,415.07727,0.5649317,0.00033426285,0.57481205,0.7450693,2107.4678
9ef0664e02504e7f9e27e805f892df44.jpg,8,64.094961,11.524661,8,64.093354,11.524856,0.17894143,0.17894143,0.84636974,0.01113081,0.8203818,0.96844935,36.10219
9eff71d204f1413bb4d3c69865601ef1.jpg,4,46.821993,4.014207,8,69.202923,23.681219,2715.993,305.18472,0.5645147,0.00074905157,0.56773055,0.6293599,2616.1797
9f37e20e90ba4147bccccf6d018097c8.jpg,11,39.560323,40.03117,11,39.559239,40.033464,0.23065789,0.16685274,0.91077477,0.0013551116,0.8969125,0.97166485,1.3133321
9f41a884288e4975b3e704eb61c759b5.jpg,7,40.826085,16.90827,8,58.259866,7.971655,2038.8011,13.703751,0.67843807,0.015041351,0.6901063,0.69500846,1035.3687
9f4dba64616240e5bd395357ac5ba8df.jpg,10,62.229384,15.173057,10,63.843369,14.375885,183.90903,8.030872,0.8309624,0.00041735172,0.8402425,0.88742286,34.81982
9f5123170fd24e5abff7d76ba7b599a1.jpg,5,55.910305,-4.510753,5,55.702568,-3.657646,58.0999,14.812025,0.6550134,0.027304351,0.63931084,0.73523307,570.84845
9f52f035f5cc4352b308ff1d1e8de630.jpg,3,60.369338,24.872078,5,57.305901,-6.220845,1803.4231,478.1958,0.62996256,0.001804471,0.61018634,0.7090676,1803.4231
9fca12b4f3864491a1bb73bab68b149d.jpg,3,63.487282,28.303028,4,42.198207,8.63871,2685.415,130.4348,0.68468577,0.09949428,0.7062086,0.7663237,2463.0737
9fcb6798c5b04ba5b17de62279d73aeb.jpg,11,37.832155,40.279438,11,37.831982,40.279989,0.052073967,0.052073967,0.8324003,0.065482736,0.80767345,0.9313075,0.052073967
a0135e5e0ad248b3b6389668e87753ef.jpg,4,49.549179,-1.714638,5,56.315696,-5.565526,795.1262,43.250336,0.683835,0.020939589,0.66222984,0.8075267,604.2669
a029c6d3048b4af8be642786bf2b4afb.jpg,1,48.635866,9.046002,4,45.837847,-0.411092,778.14075,318.1303,0.68752277,0.013614476,0.6705382,0.81956494,532.32776
a0397c4d749c42e6b3500b7c517d5f7a.jpg,5,58.555351,-4.706344,5,58.555856,-4.705998,0.05963245,0.05235773,0.8184044,0.011881709,0.8005694,0.9125191,0.05235773
a066f035137b4cc4adc798e4266c46d4.jpg,11,38.005073,27.428243,11,38.006812,27.430457,0.27389792,0.27389792,0.8697711,0.10356319,0.86024016,0.9078951,0.27389792
a08320482c504d9fb6b5e929b5dd22ff.jpg,5,59.099319,-3.32598,5,59.060786,-3.334604,4.31292,0.28934878,0.8712964,0.009224415,0.8573414,0.9298508,1.2364484
a0838c234d99462a894f8a701c5cdc39.jpg,10,65.031811,19.407549,10,65.184437,19.535891,18.002905,5.752398,0.8823936,0.009131908,0.86647165,0.9531846,35.461002
a08768f585a54b5cbf06cbccef9ec5b8.jpg,11,42.002338,35.092065,11,41.465272,36.109177,103.38889,10.027347,0.8035768,0.014048278,0.8086337,0.8333472,10.027347
a0a1559a605a419c92c89cc9c83fbb19.jpg,3,65.746946,25.263152,3,65.759223,25.293917,1.9588935,1.9588935,0.84364945,0.015572488,0.8229333,0.9265139,1.9588935
a0b730c0362c4f0c99b2da3c0313e7bb.jpg,4,48.229456,-4.502675,11,38.472824,27.598781,2787.5396,672.3234,0.66477615,0.0063529015,0.64067316,0.8451896,2808.612
a0c28c311bea41db857778ec0d7580bb.jpg,4,47.950927,4.152887,1,52.228871,14.061555,850.8922,293.73767,0.70338714,0.0026897788,0.69938296,0.7622883,369.4386
a0f277a8d26347e6bd3a4383ddae4984.jpg,2,43.369474,-5.534352,2,42.662281,-4.792326,99.110916,11.833876,0.6886869,0.0068398714,0.648963,0.8475826,99.110916
a13e606acdeb497ca6fbf345eac0888b.jpg,0,52.536277,25.684381,0,52.681635,25.370844,26.635656,1.4132473,0.8300534,0.016091764,0.8213719,0.9204618,52.311657
a15c50fd2ce542b8b71d4616a76a9424.jpg,1,48.977213,8.075099,0,53.781052,30.926095,1664.8679,0.5747424,0.705642,0.02791226,0.72091454,0.74132097,141.0232
a160933eca0f4d7aa94a7aa26fbb71d5.jpg,7,40.677043,17.463929,7,40.997164,9.222957,693.94354,370.75125,0.6940346,0.012947321,0.718544,0.81179655,1468.4022
a17076f06c044e4aa77dd4002ea0d551.jpg,5,55.200377,-6.198111,4,42.092946,9.513861,1850.2925,33.64351,0.6799682,0.021133184,0.6872596,0.72502315,33.64351
a1bce705b1f945a8a3d474b597058725.jpg,6,65.62306,-19.368048,6,65.623158,-19.370811,0.12727344,0.12727344,0.93361044,0.023190558,0.9195856,0.98970985,0.12727344
a1fc68f22bbb4407b1db39f5e5956e65.jpg,6,63.439364,-18.771198,6,63.958355,-16.859442,110.45732,0.25575495,0.8848459,0.016752064,0.86747825,0.9543165,110.45732
a21ee477b15a40b49e6d9cbf716b182e.jpg,5,50.199853,-5.340589,5,50.298969,-4.964571,28.918606,6.5559955,0.7359113,0.078421175,0.7268102,0.7723155,28.918606
a2565b8f84a842c3abbb49d000833e00.jpg,6,65.602291,-22.513529,6,65.872224,-22.393571,30.51157,4.393768,0.88807225,0.0012555122,0.86518556,0.9801228,76.64198
a25e2f027bc9435f983cd3456aedc774.jpg,4,43.546161,4.812498,0,53.936709,30.204444,2173.2605,346.46182,0.8074787,0.021193624,0.8183676,0.84635794,2179.7793
a26a4fd75dd2479ca5644f822d17f4e6.jpg,10,61.931782,17.263672,10,61.9296,17.24552,0.9802445,0.9802445,0.78726685,0.087243855,0.7905545,0.77411616,0.9802445
a2a0d6f9ebb64040a9d777b9bcb11218.jpg,7,40.762941,16.064494,7,40.90256,16.428411,34.328396,10.142783,0.77767646,0.026554286,0.7763963,0.8237084,34.76939
a2bf157f560b4574b3f36986ba704b98.jpg,9,54.317714,22.658353,3,60.492494,25.016808,700.8718,1.6095953,0.7142822,0.011121273,0.69837177,0.7977112,696.4738
a2c0530e094f4d8185dabd6e4906fa57.jpg,3,65.008989,25.585496,10,65.713944,19.332117,300.15363,21.46987,0.693362,0.007343173,0.6803234,0.8315037,58.1435
a2c61108b94c49ea84dd7fb53f5c12dd.jpg,0,55.814003,28.602072,0,55.900901,28.624499,9.7634735,0.099754825,0.80460805,0.0031719804,0.7729727,0.94971645,34.77307
a2ef3ef029fe44c5ac810b4dbbab5bc1.jpg,4,48.772813,0.966726,1,51.206794,13.650132,944.88055,445.71164,0.6965334,0.026694119,0.69977933,0.81502384,1368.7225
a2fc210b49014ab1a8b52d202acb3b4c.jpg,8,61.022188,9.190062,8,61.014441,9.20456,1.1628404,1.1628404,0.6728553,0.092071116,0.6875867,0.66346234,118.37494
a31c16ba158b4b559aab38c333a1e61f.jpg,3,61.725151,29.392166,3,62.436761,30.030559,85.823746,13.384492,0.76379246,0.02682072,0.7314876,0.89855516,528.8709
a36e40d71ad64e7a9400053306085804.jpg,9,50.668366,21.761074,11,41.343285,27.45257,1125.3949,984.7699,0.738777,0.030095398,0.7342274,0.7569752,1125.3949
a38188b4377c4a17bec822e5f51b280c.jpg,8,69.795503,25.176992,8,69.802808,25.175129,0.8154238,0.8154238,0.89854664,0.014268696,0.8804657,0.97087014,0.8154238
a3dcf83ace23493097136257dd07aead.jpg,11,40.750908,36.348152,11,40.746809,36.354833,0.72421515,0.72421515,0.89699143,0.013872385,0.8796131,0.9665047,0.72421515
a3ee3e16186348efb13e906152fc8b95.jpg,5,58.233925,-4.48139,5,59.110368,-3.323543,118.22754,0.09681059,0.7388745,0.003112018,0.7071919,0.89197874,150.797
a4047134b28c44128f9266e1d0f1e8fd.jpg,8,66.317583,13.301638,8,66.315559,13.292764,0.45579788,0.20733787,0.8596938,0.020426214,0.83475256,0.9594588,0.45579788
a4161c01e6844fc9b1a9b43416531dd0.jpg,6,66.08254,-18.611872,6,65.911059,-19.396349,40.28239,2.4327278,0.7981247,0.0099464655,0.78339803,0.8799962,64.370865
a419b4fd0ff44063b9704bead7faf6b0.jpg,1,51.856473,12.039205,1,48.432969,9.711427,415.1916,309.17136,0.6187165,0.0018597245,0.60881937,0.7563772,425.73462
a425e5d83caa4096b9010275cb352033.jpg,0,55.234503,30.347759,0,55.289707,30.322642,6.341359,3.61851,0.8258116,0.0036717653,0.81500375,0.89731026,3.61851
a436ef12ca524e8eab2ce6e50edf438f.jpg,6,64.002237,-20.978885,6,65.724863,-14.871046,346.06558,1.9226348,0.7822454,0.01555562,0.7471342,0.92269003,346.06558
a4633829ed5645518bf5924753c2f136.jpg,10,55.586586,14.158956,7,46.158649,13.33613,1049.909,144.07129,0.63748276,0.0043951273,0.6129659,0.755036,1038.3062
a46680e6fdc649189041565314518d7a.jpg,7,38.650966,8.355067,7,38.650466,8.342764,1.0698355,0.3965241,0.86314905,0.0015813112,0.84049463,0.9537667,1.0698355
a4c07eae306140f08db7bc2e3a0c47e2.jpg,1,53.689551,7.653415,9,54.757293,18.515729,715.28876,83.92503,0.6088884,0.0024653077,0.62756276,0.6919715,918.57275
a4e4a7e64ce546d49bcb05648aa7edff.jpg,6,64.421101,-14.602915,6,64.416867,-14.587286,0.8858531,0.39127937,0.8752672,0.016703904,0.8636434,0.94173765,392.69537
a4e71b203df945d4bd147b2a0da9b881.jpg,1,52.796138,9.938574,9,52.900615,19.226635,623.40063,20.393133,0.69289756,0.012067795,0.6792551,0.79915595,33.521946
a527b76dab874c1685206d7a7e0de848.jpg,2,38.820351,0.043384,9,51.276147,22.951713,2254.82,1837.7169,0.7304365,0.044774354,0.70675087,0.8437501,2117.9697
a52c83367eb44541886efe6413b17a96.jpg,8,69.305305,16.094715,5,56.340248,-3.548863,1735.9379,1508.7981,0.75839734,0.027678192,0.7367263,0.8450815,1735.9379
a5521abbb0704f33a196e9dcb5852dfb.jpg,11,36.58481,36.421624,7,42.229282,14.440995,1983.3785,76.917786,0.7518377,0.011721015,0.75767875,0.7720044,3256.8252
a579bb66f42f4d85af3ca9b4f662060a.jpg,2,41.547165,-3.20571,7,36.816285,15.049098,1655.2303,86.10802,0.7665203,0.011119962,0.77333665,0.79180837,1032.2655
a5952c381198417cbedf1c71678673f6.jpg,1,51.173265,9.723317,2,42.804393,-2.905447,1332.0278,668.71173,0.688919,0.0076363087,0.65515697,0.8327719,1704.1266
a5b437edcb0b4921af41936995c110ec.jpg,10,67.576976,20.878916,8,67.322036,14.619379,268.31012,7.6602025,0.6326339,0.0073819757,0.61917615,0.73575187,543.24255
a5cb18904a4944d6ab865b611da32100.jpg,7,40.283859,9.144591,7,40.23505,9.038557,10.507743,0.59136754,0.89780974,0.04668635,0.8819381,0.9638405,64.046585
a63d6f05c3734decbe47ca56e9e2b824.jpg,11,40.311325,36.542728,2,37.634291,-1.058203,3239.7112,311.1321,0.62303656,0.00021517277,0.6260008,0.7439492,3530.8508
a640586e30db4908bf576536c0ceb716.jpg,2,40.448122,-0.219346,2,40.448252,-0.224204,0.4113316,0.4113316,0.9083452,0.21088469,0.90203464,0.9335877,0.4113316
a657bca4c28d4e25970badabc76bc8e4.jpg,2,38.839954,-4.690554,2,39.501628,-4.214675,84.23857,34.63855,0.8813316,0.05612892,0.8741938,0.9098828,84.23857
a66fef3be23348be824fb966e6c4527f.jpg,1,52.981844,13.835228,1,52.905559,13.597154,18.067429,1.1359155,0.76850617,0.024104834,0.7584872,0.82906115,39.926617
a675b13574264b57acbce7e963e9237d.jpg,6,65.683751,-19.605583,6,65.679495,-19.603157,0.48610976,0.48610976,0.91654646,0.0030641556,0.90222204,0.9762621,22.171623
a6b55e0317a54f869afb13287fccb512.jpg,10,57.416652,18.355601,10,57.51573,18.373488,11.068791,4.440044,0.75830185,0.04649055,0.74524724,0.8172288,11.578214
a7253ff54d4641fd9333024cc4d5af5b.jpg,2,39.357139,3.19963,2,39.540822,3.236818,20.672737,0.37317607,0.81737006,0.014500082,0.78902566,0.9588836,18.652847
a799385603094faa889cb127c5a6512d.jpg,5,50.440984,-4.719669,5,50.386639,-4.927622,15.926049,3.1077244,0.809139,0.0038102865,0.7889249,0.8899952,15.926049
a7ac43fe24944f93a8020c9ddc0bfea2.jpg,9,50.427603,22.746244,9,51.31431,23.130998,102.22678,19.737698,0.7364647,0.004990399,0.7370784,0.76676583,118.85064
a7b9d465909448e8ad72808c8d859b9e.jpg,2,39.37136,3.147322,2,39.371854,3.147691,0.06343065,0.06343065,0.8945169,0.11009431,0.8769121,0.964936,0.06343065
a7c586007e1148a19da6d801e907d02e.jpg,6,64.290192,-15.088645,6,64.287983,-15.148427,2.8943157,1.6301264,0.8380877,0.1019305,0.8476068,0.82605064,105.04385
a7da4036e230480885f925325360d036.jpg,9,52.603242,21.496226,4,49.512661,-1.290838,1621.9478,130.7701,0.5632927,0.0061063766,0.5733098,0.72460866,589.3901
a7ebfb9ba5f54f2a850035146ceb9006.jpg,6,65.73374,-23.785132,6,65.749459,-23.843698,3.1958985,1.7344385,0.89940524,0.05647266,0.8844911,0.97166896,7.5860453
a8138af298b6429b9fef53114e2cc460.jpg,9,51.591838,17.720545,9,51.593643,17.674859,3.162347,2.6136982,0.8373874,0.053406537,0.82019234,0.9061675,3.162347
a85cf5f7ca534fb08217ccfec1d6d247.jpg,4,42.00492,9.428617,10,55.967693,13.755658,1583.5875,753.6155,0.6742061,0.012204826,0.66146326,0.8117764,1339.9464
a85d0e3cc0684865b94d7a82d47817ad.jpg,1,52.007589,8.342381,0,54.554917,30.455503,1490.626,151.39362,0.68204117,0.006221175,0.6970453,0.7509097,1135.1711
a85e5c7b8df44a9298e31c150df1e839.jpg,6,65.012197,-21.835425,6,65.007627,-21.919515,3.9827325,3.9827325,0.84768814,0.025525272,0.83380985,0.9365032,354.10657
a8607b0d86a54ce7958d2ac409504d4e.jpg,4,44.237495,-1.128811,4,44.239828,-1.127176,0.29028133,0.29028133,0.87185115,0.055645525,0.85212266,0.950765,0.29028133
a889ba4c25ec494bb635d2ab592e963d.jpg,6,63.850377,-22.440329,6,63.853937,-22.44518,0.46174365,0.05339871,0.82316715,0.0033870935,0.79856217,0.94572663,1.2664096
a88ac2920bce437b93543ac43a53a25e.jpg,3,63.689793,29.319848,3,63.484984,28.823582,33.48406,8.3599825,0.857252,0.018167734,0.85035384,0.93482566,74.20666
a8df051e717f4dceac334a4a32768964.jpg,1,51.942316,10.468874,1,51.206794,13.650132,234.54369,69.66837,0.67833227,0.006752908,0.6601615,0.76421213,255.32613
a9497bdfb44d46afb5cd3697a7ac0790.jpg,0,52.077767,25.558038,0,52.681635,25.370844,68.33868,0.28294972,0.8697883,0.008075058,0.85369074,0.93417835,68.33868
a962072285ce49e28c23c131d79c7d17.jpg,9,50.71346,17.368136,3,65.81924,26.549113,1759.0885,737.9223,0.64249957,0.009452701,0.6265614,0.7636341,1815.292
a97758969f77413fbd78455df85e2996.jpg,3,60.909591,26.289136,10,62.357892,17.247364,503.58914,43.229664,0.66636837,0.017524064,0.65598315,0.8072684,510.91266
a9778d0f9ce34291830dd803c218521a.jpg,9,50.524787,21.191122,9,50.721512,20.585252,48.013004,8.407805,0.7879567,0.0047070384,0.7643744,0.88228613,48.013004
a9872f244a9d40f6a2f5168d2e5ef679.jpg,8,61.182745,12.943767,8,61.186353,12.879138,3.486942,3.486942,0.69158196,0.064174,0.69640136,0.68241036,1526.854
a99d4bd5ef184cf3ae6a9a3c26decea6.jpg,10,66.119462,22.864653,10,66.107855,22.848107,1.4902242,1.4902242,0.7899164,0.0961172,0.7961924,0.76481223,1.4902242
a9f4175f8bac4ca69b04568c6f3b8052.jpg,5,52.53476,-0.197656,5,52.544262,-0.199045,1.0607435,1.0607435,0.79815197,0.027551651,0.7659469,0.94250095,2.4339137
a9fbd164b4344c809fd3793e6358dd51.jpg,11,39.523523,44.239145,11,39.519994,44.241817,0.45443457,0.09943425,0.94729614,0.18620789,0.9379282,0.9847679,0.45443457
aa12f3ccbf31427184a4c6267506ef63.jpg,0,52.516798,24.397048,0,52.531325,24.568612,11.718888,11.002586,0.83764,0.0040418506,0.82625294,0.903454,28.094677
aa131b562e3d47dabdf81a5c21688f1f.jpg,1,53.486864,8.480539,1,52.847888,12.54426,280.00354,0.19202492,0.71767473,0.0101287365,0.71744967,0.7646557,737.28894
aa14a237a34e409eaa7add6551292e6a.jpg,4,41.744882,9.405779,4,41.832903,9.403586,9.78919,0.5408159,0.86497605,0.009063363,0.8436011,0.9529933,8.873661
aa1826b0e0a840ef9af77262abc3114c.jpg,0,51.648441,29.108183,0,51.644104,29.102623,0.61623037,0.14211273,0.86795235,0.01769495,0.8498573,0.94033253,0.61623037
aa1c104b5e0d4b90b9f9a26357a0ff53.jpg,3,62.234486,24.736198,3,63.122292,22.573384,148.07394,5.3131785,0.8625832,0.015391171,0.84034914,0.9515195,148.07394
aa284152b6684840868f2351809bf042.jpg,5,54.142859,-0.779586,7,46.509899,10.375653,1158.1531,42.56274,0.6128718,0.004319787,0.6130805,0.7427379,509.32913
aa4e923cb131418484771999b94b6ce0.jpg,5,56.900806,-5.02005,5,56.901067,-5.019641,0.038197797,0.038197797,0.8465173,0.036944866,0.8211513,0.94824636,0.275855
aaaccc90a5994527a15b62bae46cb697.jpg,0,53.602233,24.566546,0,53.578153,24.318129,16.612856,12.005759,0.85075694,0.018324673,0.8396618,0.9005164,243.71338
aaed740939b44cdb919de37822b992a9.jpg,3,66.876188,25.429366,3,66.895091,25.386463,2.815207,2.815207,0.88508844,0.001747489,0.8653753,0.9639408,2.815207
ab077f07150a4274a4a028c1fa746b61.jpg,1,50.05904,9.307823,1,50.042922,9.331095,2.44398,2.44398,0.7147574,0.08292419,0.7092364,0.81964886,427.07492
ab07d91cd7c24d8c966511c471cf0a1c.jpg,8,59.826472,9.908382,8,60.042989,9.866692,24.18738,2.667754,0.83989906,0.011384785,0.8072881,0.9703429,24.18738
ab40a062ae5f4fb0bad98a94daba3143.jpg,10,59.716039,18.547291,3,61.596239,27.52327,531.3595,42.9812,0.6884666,0.022414207,0.7170955,0.74871683,1259.7692
ab818fdd12e54b0fadde93fb3a9d3703.jpg,9,51.793037,22.527617,9,52.046645,21.271491,90.6432,22.520618,0.7715002,0.018634379,0.756449,0.83170474,90.6432
abb6aee3cb534d589a467523daa6d9a9.jpg,10,64.517069,20.809847,10,65.691216,20.476206,131.48967,0.039977286,0.89200044,0.034971654,0.8778483,0.94860893,131.48967
abbe97b3ece547eeb7a065db66730ed7.jpg,11,37.248504,32.212408,11,37.2329,32.228513,2.2456667,2.2456667,0.66968226,0.026773095,0.6797228,0.7109114,2873.5117
abbefd08d8a343eb869852f06aeb7894.jpg,5,55.63851,-4.595552,5,55.047064,-1.814868,187.7109,2.4587104,0.7528825,0.014728546,0.7212566,0.88838065,106.14244
abcd7d21601a4dbcbc76e6f2abf1ef1c.jpg,3,63.136376,29.792042,3,63.14407,29.79341,0.858291,0.858291,0.746241,0.03672737,0.72137356,0.84571075,0.858291
ac3f5a6a6a9549ef8d1b500a958b77d3.jpg,0,54.246893,26.328196,0,54.121223,26.590901,22.078861,3.8138576,0.83885884,0.020076215,0.81133604,0.9631277,41.72259
ac65ef5195374bc69ab02b6f8d52bf97.jpg,2,38.922759,-2.947073,2,38.929961,-2.941693,0.9262378,0.9262378,0.92303735,0.06200713,0.9100189,0.975111,0.9262378
ac742eddc36f4e2b8d2052d853858e73.jpg,11,38.336769,26.904546,4,43.442281,6.078668,1834.6327,202.95857,0.6585346,0.023274362,0.6564317,0.7536545,1779.5077
ac94ad5d19524386bb0c15a8e1529e81.jpg,6,65.876272,-16.500175,6,65.883173,-16.541364,2.0228367,2.0228367,0.85300976,0.04205507,0.83514404,0.92447245,2.0228367
ac9989a7d58b4680bd60c224019550ae.jpg,0,52.541932,25.673427,0,52.387331,25.933383,24.610334,0.4415357,0.835824,0.06072724,0.8094007,0.9415172,24.610334
aca9fb29a513497e95d0d33100e480a3.jpg,3,66.782359,27.330237,3,66.241346,26.162633,79.3485,46.159367,0.84239686,0.023281455,0.81762004,0.9415038,79.3485
acd05668cc654ebcb489020c6d03ae10.jpg,9,50.567062,21.676632,9,50.797647,21.165974,44.179733,7.514506,0.72985345,0.005016744,0.7363229,0.7930305,28.375607
acf314047d19443ab967f6f31e966ee4.jpg,3,65.911587,24.10144,3,65.909199,24.101246,0.26567978,0.26567978,0.9201386,0.07514572,0.9057283,0.97777987,0.26567978
ad05ebf1660649e484a1df35992d94e3.jpg,0,52.205268,29.302858,0,52.205125,29.303011,0.01901436,0.01901436,0.81879735,0.115706444,0.81140244,0.848377,0.01901436
ad06d6c69ae04b7e80989423788319ce.jpg,0,52.612886,30.85318,0,52.612203,30.853534,0.07961857,0.07961857,0.9632884,0.027321935,0.9573621,0.98699355,0.07961857
ad0a3662b7194a108d8dc976d409b358.jpg,8,59.993887,6.566066,8,68.557179,17.222902,1078.7698,0.7416466,0.7340485,0.041816056,0.70899624,0.9094523,1062.237
ad0c3be166c2403a82779d02b15d95dd.jpg,5,53.870411,-1.65651,10,56.369755,13.662614,1010.5656,2.9663498,0.65323406,0.010529399,0.68082136,0.69534767,1741.5896
ad15c7c392c348f9b8c4e1e77c445b45.jpg,1,51.820576,7.440758,9,54.192542,18.632349,792.87286,90.2372,0.64176714,0.014279783,0.6590534,0.6695383,872.15155
ad2e178db8b6450ab8f9d433b8142485.jpg,10,62.317838,13.772551,10,62.363082,13.781983,5.054414,5.054414,0.9109505,0.016395628,0.9047899,0.9609992,69.11143
ad85c4cd2c5e475d89c8c3dfbb2bbab5.jpg,5,58.4826,-6.263755,5,55.355527,-1.854006,438.5987,1.2874335,0.7992293,0.01347512,0.78063357,0.899891,103.50933
ad8dd60bce024a6c839b4c4d5f4c325d.jpg,4,46.629455,3.709805,2,38.727639,0.037565,928.2288,52.629135,0.6780523,0.02921468,0.6603075,0.7490314,928.2288
adda6d46629f436f8a9b03f6e8df024c.jpg,2,39.059711,-4.178951,2,39.765064,-4.072511,78.96301,7.9578824,0.76249915,0.008487523,0.75256443,0.8614409,77.8085
ae2371b16a6349c4a035f42799e4107f.jpg,9,52.788137,14.489191,11,39.536942,31.67007,1970.2325,1534.5326,0.6528794,0.0147746205,0.6297856,0.7669918,2188.7075
ae35bfd932de4cb7914bd2581698a70e.jpg,6,63.487348,-18.536103,6,63.486595,-18.537559,0.11060739,0.11060739,0.9809093,0.018282235,0.9779608,0.9927031,0.11060739
ae4702e3cf4a49c09bcc63951434d749.jpg,6,63.8177,-22.541795,6,63.831076,-22.508856,2.1960492,0.7430411,0.8950819,0.003908515,0.8753803,0.97388816,2.1960492
ae66df2ba76746f6a61e2be4cdb4f90d.jpg,4,46.478379,5.688193,7,39.319968,16.052267,1158.4716,243.73076,0.64084494,0.022418678,0.614401,0.74662066,1158.4716
aeab1fd4c4b7483e9d1a8f9dc25b2bd0.jpg,11,38.057772,40.572693,11,38.672637,41.202072,87.66598,40.542946,0.66094375,0.027296662,0.65411603,0.77866733,55.689976
aed22d4cdde94b6bab7b36e09e070ef7.jpg,3,65.48287,25.341775,3,65.480003,25.344841,0.34878004,0.34878004,0.92026854,0.04449755,0.91555065,0.94991314,7.053709
af10f06ccada4ed0a6051f15f6cf98fc.jpg,6,65.285875,-14.430235,6,64.00936,-20.942937,340.81845,4.4035363,0.615275,0.009714305,0.60794824,0.75278485,191.44244
af144a301031444eaf8c86150d612ad3.jpg,6,65.851588,-23.391747,6,65.674532,-23.208376,21.393194,2.2674925,0.92735434,0.0024757981,0.91351366,0.9883896,45.446358
af15112d1dbd46c79517447fd5104d9e.jpg,7,37.98509,12.989186,11,41.144326,29.168462,1428.3605,415.20822,0.64559186,0.025192201,0.6338763,0.6995769,1418.2758
af1c01e4f53c4012abae13e36b1d0799.jpg,0,52.464061,30.946138,5,53.217746,-0.562068,2100.7495,1983.8513,0.7210376,0.026275039,0.69133216,0.8595417,2056.1792
af2e28e9781e41a0ab62cd0844960e44.jpg,10,63.134141,14.752372,10,62.806166,12.795961,105.37037,34.465862,0.7087897,0.009508371,0.69554704,0.802037,81.046005
af50a69b0c8e44aea8904f21e197142a.jpg,5,55.0471,-7.397414,10,59.896179,15.078111,1439.1644,14.79746,0.6955265,0.018858671,0.6922969,0.7927982,247.01433
af7160ee01764938bf5407f839e0d836.jpg,6,65.123306,-13.804808,6,63.889683,-20.784484,360.87027,4.6034813,0.7648742,0.0058719516,0.7379358,0.87262785,360.87027
af7c297684c84822acc16495668ecab6.jpg,3,64.175424,27.79155,3,64.178159,27.766957,1.229398,1.229398,0.8202994,0.0034871101,0.8078231,0.8702041,1.229398
af8d77e8530c43cc8433e34db471fcb8.jpg,11,37.026151,37.984238,11,39.160735,31.809945,589.98224,18.514477,0.7768198,0.015518725,0.76207775,0.84819293,480.21793
b03d274da8344c61bab3df016f1f0b2a.jpg,8,61.927368,6.841633,8,61.93594,6.984994,7.560967,7.560967,0.7622545,0.053106487,0.7280245,0.8991744,7.560967
b040d9e57bbf410ca2deef9ba428e85b.jpg,1,52.585376,8.61791,9,52.321906,17.676167,614.1051,440.69226,0.6130299,0.009948432,0.61786914,0.7443088,1429.5154
b0738ba5f27041ad9067841505efd8e3.jpg,4,47.437329,6.723494,1,52.649371,11.828318,684.2766,17.383886,0.6968375,0.065448105,0.708586,0.654233,336.51526
b0c85e59665c44d6a799fbe8643250f9.jpg,5,54.978127,-2.312856,5,52.916378,-1.120093,242.1709,15.681176,0.66081125,0.0027727485,0.6491647,0.81838936,187.03018
b0f0fe66d90e4c51b8bb5ec93611689a.jpg,2,37.564146,-4.298141,3,61.29681,28.765172,3488.6462,565.8972,0.6768297,0.011098802,0.6893289,0.7897612,882.9633
b0f259ef06204c549a5c93dcd6f8efb0.jpg,10,63.748231,19.31819,10,57.46371,18.444812,700.4145,17.992447,0.7742686,0.009973884,0.7445861,0.9068601,701.6713
b106125e66b64021b7af43511883a5f3.jpg,3,67.120353,25.066537,3,67.159445,24.967159,6.1093097,0.35166204,0.9610553,0.00029277802,0.9584177,0.97895896,1.3651426
b1172bd5ed0e43e6b373f05088850973.jpg,7,43.697556,11.405706,4,48.553248,-4.699288,1350.1215,536.719,0.7797726,0.034840703,0.78863704,0.7699316,866.544
b11d2bf855fd4805948f9ebd840da05f.jpg,2,36.77177,-4.109204,4,43.800218,-0.913701,827.01685,4.397575,0.7191343,0.011315167,0.7186914,0.81957996,1248.0162
b144fde8a21a4e9eb57b1d2c4d8b08dc.jpg,3,62.435993,22.779096,3,62.539117,22.041555,39.581364,10.601039,0.8963523,0.046390474,0.88075,0.96738744,36.733032
b162cf29f4f94724a0ab1fe8c98965a8.jpg,6,63.965004,-16.861116,6,63.97621,-16.863628,1.2520665,0.4060285,0.8911354,0.019550085,0.8752028,0.96560675,0.7913642
b170052682b442fab9b75ff7249cfe9b.jpg,8,63.992046,10.182165,8,63.992221,10.182607,0.029036433,0.029036433,0.9444951,0.117773056,0.9351269,0.9819676,0.029036433
b17327b60efa486c9c42df1a043224d1.jpg,2,36.752177,-4.119478,2,37.69595,-1.696125,238.84572,2.7034276,0.7237042,0.00876534,0.7335657,0.7655437,764.13666
b1939a52553445ca9302a8172ea7dee6.jpg,1,52.850521,13.989279,1,52.643522,13.66012,31.947924,4.4964275,0.6864576,0.0028915405,0.68286335,0.8364856,314.31992
b1a0892a001e448496598942a1b256cc.jpg,7,44.549299,8.41143,7,42.229282,14.440995,551.1035,3.6201808,0.6294342,0.0086147785,0.6195072,0.798865,178.08992
b1ae9a9990f442f0b2547ffc28e0ee9b.jpg,11,37.528353,29.791778,11,37.912698,30.488287,74.695724,52.15841,0.7322082,0.040242195,0.7308716,0.7886945,3094.7712
b1c3ff3641f147baaba4e1bb15f22ccc.jpg,10,63.517014,14.850669,10,63.843369,14.375885,43.183273,35.328968,0.8548007,0.019832194,0.835633,0.9314717,43.183273
b1d57a92e52a4e828fd0fa1ba5bbf2f8.jpg,4,43.127024,3.123935,7,39.619264,15.857407,1130.4326,89.45439,0.67780846,0.025366187,0.65770286,0.7881637,1100.5753
b1e1540a84f74f5ea0b3134b4b6e58f0.jpg,6,64.828025,-13.935836,6,64.826734,-13.929454,0.33424318,0.33424318,0.95518243,0.13728726,0.9499063,0.97628677,0.33424318
b1fb95cbbcf745c5a7197245aaabbd76.jpg,3,60.319308,25.270864,3,60.872786,26.289743,82.95372,17.425406,0.7886556,0.036434054,0.7673429,0.8739059,82.95372
b2098a24ac8f457eb44a0cd0d0ecb332.jpg,11,37.028163,35.4501,11,37.028802,35.442698,0.66091394,0.66091394,0.710664,0.039244413,0.72535896,0.68456066,3204.8503
b211ac33ea5c4e5981f7fc8af40b7006.jpg,3,66.230858,28.800119,3,66.231336,28.820952,0.9351848,0.9351848,0.86232936,0.0004943609,0.8430269,0.9511244,7.97005
b22d6192ec864f6a972057a270b6df1d.jpg,4,47.933668,6.475264,4,48.100354,6.273637,23.841986,23.841986,0.6799884,0.09438121,0.6606446,0.75736344,23.841986
b27e97e47ad04d9ba3ff9aa2dd5bf6b8.jpg,0,55.887978,28.546971,0,53.481031,28.098315,269.18835,203.36331,0.6497821,0.024095535,0.6616564,0.71999025,2315.2766
b291ad5c1ccd47f0893f398fe16e0930.jpg,9,54.757664,17.655163,4,49.242238,-0.134976,1358.381,790.39905,0.6844151,0.026275039,0.6860677,0.8306385,1398.455
b2afb01808f14751a12d9364080eb9ae.jpg,2,43.162239,-8.182833,8,60.276865,6.375572,2140.1785,1030.555,0.61295885,0.006634116,0.59606904,0.69217783,2193.7014
b2d47a5ec085417a8dc0957b0392793a.jpg,3,66.875414,25.431186,3,66.895091,25.386463,2.9323375,2.9323375,0.8953912,0.017535388,0.87551045,0.97491425,2.9323375
b2d4f930189f462aba1760fb662b46b1.jpg,8,69.084995,17.550297,8,69.074718,17.547244,1.1491628,0.54831666,0.73204285,0.013938606,0.7023339,0.8661247,3.735162
b348679c116148469093200b29addce6.jpg,1,50.854895,12.468843,1,52.052851,13.897482,165.95473,5.2069755,0.7397237,0.053697348,0.7313405,0.80531013,5.2069755
b34d7e2cb1964400910556b7de2868e1.jpg,4,48.632429,-4.517262,4,48.613797,-4.542128,2.7627335,0.25044358,0.72001874,0.018069506,0.6940936,0.82371926,2.7627335
b35857d6e3f340958c217f6cdca912b9.jpg,5,58.476123,-6.277236,5,58.491875,-6.248598,2.416365,2.3514974,0.7734897,0.03541565,0.7348233,0.9281554,2.416365
b36145f572014a60839e20a74479e2af.jpg,8,69.083007,17.544666,8,69.423994,19.277515,78.07563,0.2412187,0.7332233,0.0027050972,0.70317924,0.88462806,26.36069
b361d4aecb45439e8cdbf696671b0aa3.jpg,0,56.027971,28.372816,0,56.028141,28.370143,0.16715741,0.16715741,0.81747496,0.10902476,0.8025991,0.8769782,0.16715741
b3656db2f23148ba8babdbe2cc4ed6b5.jpg,0,54.497546,28.823381,11,41.53093,27.837857,1443.6488,1256.829,0.61711913,0.003898859,0.608909,0.772929,1645.1499
b36c864ed14c44b0ab42bd7740bd927e.jpg,11,37.39624,35.776859,7,40.66102,8.32831,2388.6843,80.88152,0.7507628,0.053666353,0.771346,0.72320974,2347.5144
b397bcccb50346a38194c162c08abffa.jpg,6,65.480876,-19.281157,6,65.45001,-19.217427,4.520897,3.0330796,0.90335333,0.060794592,0.89640915,0.93659264,40.520424
b3a7d94b522f4c1c9b9e597b6eccbaca.jpg,7,46.04915,12.030811,5,50.095049,-5.559013,1378.28,119.15204,0.7111343,0.01897198,0.717381,0.6861476,1378.28
b3aa3821a15e46709103f2275f09d028.jpg,10,65.356283,19.485203,10,66.528366,19.707093,130.71718,14.00671,0.8480997,0.059321105,0.8371813,0.891773,130.71718
b3e4802c9d4347d1960a955c5035199c.jpg,3,66.383732,25.871219,3,64.921002,27.613078,181.17645,12.883277,0.89676756,0.049303293,0.875901,0.98023385,181.17645
b3f87b71b7ef46a3b082efec0aab0cb3.jpg,10,64.417478,21.224463,10,64.458925,21.122909,6.7067814,6.7067814,0.9148321,0.060081303,0.9068357,0.9468176,6.7067814
b40ae1808f54466da9337f22b7170810.jpg,4,47.844537,-3.762955,4,48.30188,-4.151144,58.46355,6.505828,0.8415574,0.038782656,0.8176432,0.9372137,58.46355
b4219c36026f454485a1cea06794baf3.jpg,7,42.035768,12.670716,7,41.90954,12.749692,15.480117,1.3846433,0.8305955,0.013835371,0.8045195,0.93489945,15.480117
b43785dbbb594c70be4507107aeab151.jpg,2,39.396212,2.969453,2,39.39569,2.977685,0.7097463,0.7097463,0.8228849,0.049990833,0.799037,0.91832364,6.108082
b4648d3f0fe24c62b2aa35e5bf83de88.jpg,2,40.17504,-0.869698,2,40.121653,-0.741161,12.433673,7.516048,0.8812785,0.0033305287,0.8622646,0.9634494,7.516048
b477c4d3c77d4c8fb064c5ed7b75edaa.jpg,7,40.5915,8.375922,7,40.57526,8.360246,2.2390661,0.50259274,0.89139533,0.04841733,0.87956315,0.94241536,3.7061808
b482b615509c430fb2d94aecdd61d069.jpg,6,63.478747,-19.369064,6,65.741336,-22.008326,281.24625,1.4018677,0.77041084,0.026077926,0.7412704,0.88697255,281.24625
b4890763412a40979f9f075cd63de8e8.jpg,5,50.381196,-4.934506,5,50.386639,-4.927622,0.77752393,0.61901873,0.8710577,0.059904635,0.85318804,0.94253623,0.77752393
b49a956354ab41399170a4e2e03a5453.jpg,9,54.587087,16.912196,9,54.477609,16.584071,24.421062,24.375082,0.67058986,0.014552295,0.6292563,0.8359242,24.421062
b4bbd47b65ec40c098dd05b2a1c3bfe9.jpg,6,65.762243,-23.916345,6,65.752881,-23.8606,2.7497911,0.2404395,0.8140788,0.11820805,0.8177419,0.79942644,2.7497911
b4c023aef0524af2a80438d1401bc110.jpg,8,59.973889,6.572586,8,59.982818,6.565605,1.06612,1.06612,0.78897476,0.005815983,0.749354,0.94745773,1.06612
b4c17bc571ee44d6a0155a671215ea2f.jpg,4,43.647487,-0.906509,4,43.64727,-0.906021,0.046086434,0.046086434,0.79451895,0.00075900555,0.76507354,0.91230047,0.046086434
b4e01c7888d04421a5eeaf4560e9d339.jpg,5,50.291717,-4.971389,8,64.028629,10.080843,1766.7069,0.9406491,0.8114866,0.09528309,0.8131228,0.8049417,1766.7069
b4e47626b1e342a181ef0f5674387892.jpg,0,52.975289,26.774521,0,53.616386,27.465608,84.80067,7.1933265,0.858813,0.0035595894,0.832309,0.96637046,45.804806
b4fcac1158084510a3b939a393a114e3.jpg,11,40.915877,35.640699,11,40.910299,35.638072,0.65835786,0.65835786,0.90835726,0.05445099,0.8950812,0.9695668,43.175934
b4ff0c84ebd64c609eec13ab3529ccba.jpg,0,52.569924,30.830132,0,52.579324,30.836043,1.1189588,1.1189588,0.8721118,0.0822227,0.86692524,0.9023688,40.681767
b503119cc49840149c79ef02ca07fb53.jpg,6,65.941101,-22.469363,6,65.983133,-22.856357,18.140974,5.9770293,0.92441607,0.0010564923,0.9124781,0.9835539,25.408812
b514ade78944409e82a96ac90bb4b2ef.jpg,8,64.380178,14.577786,8,64.427028,14.330503,12.971411,7.641287,0.8065221,0.0029426217,0.78871745,0.93235946,22.513641
b52ac53cc63649e881b0d3216037537b.jpg,6,64.27838,-15.034638,6,64.498258,-14.476584,36.29404,0.27197805,0.8259183,0.013418555,0.81490177,0.91066635,205.79558
b5589545e226408984dd4e61885fd7be.jpg,10,64.154832,17.862405,10,65.250431,16.855883,130.87244,14.611638,0.85126996,0.0072374344,0.83745384,0.93580675,159.2814
b566ad01a3a54b7cabf090a83a776c18.jpg,11,40.938057,38.212405,5,52.390261,-0.602995,3176.1685,238.86475,0.56851625,0.028842866,0.57383144,0.68854403,2130.1667
b5b0ec243f4b4ebbaf361cecb4d80888.jpg,1,51.815334,6.921769,9,54.339018,17.856196,781.45306,124.52396,0.6893993,0.019481063,0.7138096,0.78134453,723.3969
b5b402e86fa54a34ab8b83d8e8599bcc.jpg,10,56.331336,16.52501,10,56.244729,16.46563,10.30397,10.198423,0.765488,0.035055935,0.74278724,0.8562911,10.30397
b5d7324e036a41c6b6d92290e38da628.jpg,0,55.888191,28.605694,0,55.839809,28.608745,5.383208,1.8363231,0.7314366,0.0022412539,0.719961,0.83854806,447.91824
b5d9d2d178df40138421215cdacd8084.jpg,4,48.878142,2.97675,4,46.741738,3.594093,241.98726,10.6832485,0.7471215,0.012753665,0.7265306,0.84160936,83.93634
b5f1650ab3d14bdfb41a134d28b6c0e3.jpg,8,63.607928,8.919792,9,53.230998,15.531438,1214.8611,709.92755,0.6050264,0.0018295646,0.583092,0.7386987,1213.0072
b6111e9b07294e05ad2e2092ede67aab.jpg,8,69.267725,23.859078,8,69.466425,25.477901,67.165634,1.7776488,0.8496586,0.014824212,0.82580197,0.969026,4.6377234
b618483f9cf94b5b955ef08a5d4cce31.jpg,6,65.751866,-19.651334,6,65.752466,-19.65153,0.067314774,0.067314774,0.73941106,0.06540346,0.7661299,0.79786897,2385.0176
b64160e1a87d4ce0bd269d234f1a2346.jpg,4,47.337348,6.184774,7,42.324351,12.214533,732.2161,175.62727,0.6641894,0.025176227,0.650071,0.821861,597.0681
b65469d62782470fae14d0a080f34b4c.jpg,9,53.226021,14.644797,5,50.500133,-4.719893,1359.2896,51.61567,0.6202958,0.020277262,0.625358,0.67275167,928.3963
b6719d28c76449a7827c79844df9d54e.jpg,3,66.261153,29.302348,3,66.261623,29.304173,0.096979365,0.096979365,0.9327586,0.04819709,0.9189178,0.98812187,0.096979365
b6890bf0d61244e081e8c69f945d2f10.jpg,8,58.939517,5.574043,8,58.612524,5.686175,36.93002,4.948573,0.75129193,0.016476333,0.730015,0.8888079,158.37802
b695d5eddd444df4b8659787c9c3dcee.jpg,1,51.109962,7.817565,9,53.485434,22.551007,1034.0503,841.53894,0.70290446,0.006569326,0.67001665,0.8344556,1034.0503
b6a4ee8d445240b5abde88ee66841a03.jpg,9,54.187498,17.434092,9,54.19818,17.391315,3.0257719,3.0257719,0.74119455,0.049746394,0.7112268,0.86106527,3.0257719
b6f22381fdb7433aaf8b7f0c0e4b1caf.jpg,8,59.475373,6.293143,8,59.500557,6.53722,14.061245,2.549399,0.7302174,0.017311394,0.6986994,0.8562892,14.061245
b6f8b2082697461a99e86194508496bd.jpg,7,40.70569,9.695099,7,40.655965,9.722518,5.9931316,1.7522386,0.90942264,0.022077382,0.89787567,0.95561045,5.9931316
b7221be5c4e149d48ae34f7b73491b50.jpg,0,56.028425,28.326887,0,56.027359,28.354016,1.6898124,1.2904407,0.84899235,0.036554992,0.8314459,0.9191781,1.6898124
b734489151f7493fb1388fe80e5fcc3d.jpg,10,57.576635,18.383688,10,57.577203,18.382213,0.10826893,0.10826893,0.90230554,0.012245297,0.8899654,0.95278686,0.35628164
b76e203afa8543edae21a58acf2ac8dd.jpg,10,57.56679,18.402924,10,57.565984,18.404016,0.11078501,0.11078501,0.88719386,0.04318273,0.87302697,0.9525384,12.077833
b78ea0e4ee36459589412d02df54e4c4.jpg,1,52.216753,14.042077,1,50.848793,8.776313,394.60443,136.73741,0.6418781,0.01506561,0.6395259,0.76329494,393.54333
b7bcb25395bc4723913d19c5007b3086.jpg,3,65.052967,25.600959,3,63.107755,23.011817,250.19693,44.887295,0.7173403,0.014097333,0.70140857,0.81741744,935.00836
b7ccc7880db240f9a388663a9ae0babb.jpg,5,50.215247,-5.192653,5,53.183287,-0.607813,456.72626,9.530671,0.7574132,0.0018693209,0.7437804,0.81194454,456.72626
b7edf628c31f4678a075a1c63e058a87.jpg,1,53.100338,9.429948,1,52.649371,11.828318,168.58163,14.771326,0.8137964,0.017604351,0.7955601,0.88674164,168.58163
b7f5b26200f24322bc10b3a575eb3912.jpg,2,28.052552,-16.600723,2,28.409751,-16.5097,40.707485,0.45649022,0.7852464,0.01708889,0.77874994,0.83993924,32.905968
b81df6b5c5b441fa896fb8c5d56bb981.jpg,9,54.160846,17.942825,3,60.527143,27.549274,911.0204,325.05896,0.6652009,0.001640439,0.6653042,0.7709716,763.5348
b86e8f3c20e74fa69862d8bd49358d51.jpg,8,68.699197,16.555822,8,68.699009,16.557198,0.059382547,0.059382547,0.94038665,0.104295015,0.93317336,0.9692398,0.059382547
b89c0fd10b794f17a8c3eae49f51b761.jpg,9,54.116298,22.867048,11,38.657967,36.077699,1987.9557,154.95255,0.68438345,0.047714114,0.7051708,0.653832,2029.2578
b89f9ff2638545efb261ca99fe87f18d.jpg,11,38.203997,41.098747,11,38.202983,41.098718,0.11278025,0.11278025,0.89142185,0.0013179779,0.879781,0.9588212,13.50654
b8a8a3899c424c7f91f8df9430d4ec95.jpg,11,37.87322,32.527614,9,51.436566,22.366222,1705.254,274.74203,0.6512623,0.0093250275,0.6828151,0.7084324,3430.0918
b8cf29109d67483e9abd006a7ef9cf0a.jpg,8,58.622266,8.896024,8,58.535159,8.846884,10.096066,10.096066,0.7499825,0.05211705,0.755614,0.7274565,10.096066
b8f8fd30d68a4601a079d683a80a9dc1.jpg,2,36.771577,-4.109197,2,37.248216,-5.396022,125.95281,4.3913765,0.69923425,0.0009562969,0.68813723,0.8280445,1249.5594
b8fa012607da48bd90cee2b42cfd652a.jpg,3,63.243423,22.840747,3,63.114169,22.943532,15.269578,4.817881,0.8998464,0.032198906,0.8863288,0.9568126,35.652344
b9020b6d075d4ba0a6d985db36b1bf18.jpg,6,65.16715,-21.057591,6,65.405404,-20.633793,33.015415,1.8753569,0.91462165,0.00732404,0.90143114,0.9673837,33.015415
b913e16f62954e33b80d8af2a61506e1.jpg,8,58.338168,6.261703,8,58.424308,6.018055,17.131462,0.2916924,0.73917484,0.0059532523,0.71292824,0.8504468,17.229002
b9142ab075114a00aa248de42936d84b.jpg,11,38.391233,43.188035,11,38.24018,41.037783,188.34344,4.897404,0.76692593,0.00041258335,0.74243915,0.86487305,188.34344
b916d042af4943fc8f4cb77be09b177f.jpg,9,51.135537,15.399941,9,51.151336,15.457783,4.400943,4.400943,0.64313716,0.016670644,0.6420531,0.70338714,181.15836
b9269bb9436e414d81de312ac480bb5e.jpg,2,41.537821,-5.953375,0,54.501517,25.876029,2736.7075,492.91486,0.7110662,0.034600317,0.7119187,0.7707154,2372.673
b93c4b794f0e4b8d97e45738285aa268.jpg,6,65.595258,-23.774501,6,65.608042,-23.781837,1.4609088,1.4609088,0.842787,0.06816131,0.81552845,0.95182115,1.4609088
b942cbe13db74b80afb32737066ee622.jpg,2,43.064733,-2.715558,1,51.826717,14.072883,1588.3167,772.5425,0.70082444,0.012352645,0.71361595,0.8044006,1562.1155
b94e26452c8045ae8c911df2da3a1b7d.jpg,2,38.93908,-1.759518,7,40.767958,9.161889,953.5175,753.30316,0.79122984,0.0141608715,0.780429,0.8604442,881.8111
b978bfa0f3514ced99f810f40d2f64ab.jpg,11,38.13274,27.378646,11,37.787755,27.275905,39.40393,4.476201,0.8179965,0.0037518144,0.8136616,0.88844204,1270.9038
b9a9f0e92fa541c5aa08759647bc70d8.jpg,2,43.313204,-8.421903,1,48.848998,9.64221,1518.3385,62.35876,0.6058889,0.007365942,0.6050286,0.73388267,740.63306
b9b7ef5249724cec9c5236d086f89872.jpg,2,28.931113,-13.701749,2,28.929767,-13.701559,0.15080644,0.15080644,0.7503029,0.0033848882,0.73975086,0.8280855,0.49881884
b9cd1625f5bd4839b62d5f6c51c05131.jpg,1,50.365311,6.999601,5,51.171287,-0.033789,502.47964,440.03546,0.61140716,0.0144559145,0.59005606,0.69681156,502.47964
b9f21c58d5c241a895db90f734021425.jpg,4,49.924965,4.646958,1,50.365148,6.551673,144.27866,41.919605,0.73170847,0.005939603,0.7128673,0.8188401,834.76263
b9fcf041977e4f63a5be54db876be38e.jpg,4,49.512464,4.762281,0,55.20902,30.147288,1824.102,169.11172,0.6842411,0.021751702,0.7259859,0.585601,1148.0415
ba187f703e0849dba394751cb4b3fd7b.jpg,9,53.434827,19.342615,9,52.225771,17.352686,189.58177,34.079487,0.68389153,0.039596498,0.6875224,0.7337735,201.69812
ba2e6896129042248dff98276e82df3b.jpg,11,39.111804,35.682034,11,38.886565,35.590934,26.253593,1.408625,0.8197672,0.010806143,0.8121445,0.85025775,26.253593
ba2e76321bd84a8e88f7ef225382afc2.jpg,6,65.109178,-14.329833,6,65.102027,-14.328395,0.79799974,0.5107533,0.9037294,0.0072419047,0.89610136,0.94845784,0.5107533
ba6bfc6693954e4a9870cad32ca931be.jpg,10,58.709006,16.641965,10,55.713087,14.080967,367.0311,62.461308,0.6771281,0.00068318844,0.66127896,0.7405244,367.0311
ba6c4a5656ca49a387e8bd69b2852f35.jpg,6,64.903645,-13.937835,6,64.909923,-13.99471,2.771412,0.69111645,0.9110688,0.01120466,0.89347905,0.9814278,2.771412
baaed1b9c5334b85bd4283f3dd5efc38.jpg,11,40.626192,37.303927,6,66.564626,-18.018664,4416.9165,10.650514,0.7068236,0.009060621,0.72394127,0.7190832,4447.0146
bac3a624cfa345b8918de150bf344ff6.jpg,0,54.120284,28.221065,1,47.898262,8.094647,1561.4902,337.81476,0.6532899,0.029980302,0.65277743,0.7261981,2231.1123
bac7d427ad3f4f56b28ab193c2b945a7.jpg,10,63.154321,14.227609,10,63.495025,12.47252,95.44879,26.9944,0.781226,0.016218007,0.7648186,0.8468553,95.44879
bad3b042b2b747eb979b427439af56a6.jpg,8,69.442513,19.237662,8,69.442884,19.2374,0.04250288,0.04250288,0.95843875,0.036669075,0.9505725,0.9899038,0.04250288
bad76e6b4cfc4e4487da87e2c71d6015.jpg,10,62.921735,14.845804,10,62.875036,14.890709,5.669096,5.669096,0.80633384,0.00093889236,0.77884835,0.91627556,5.669096
bb0883212a2f412e8e4cec5e6c78ba93.jpg,6,63.541887,-18.454265,6,63.541667,-18.454466,0.02641202,0.02641202,0.98888254,0.01572305,0.98710215,0.99600387,0.02641202
bb1ac9c6b78349d58a04ad774bcee320.jpg,2,43.458657,-6.983937,2,43.168306,-3.44145,288.40152,53.331703,0.66221,0.008205414,0.64459443,0.7756319,116.501564
bb2530e09a43491283c10724b636c0a2.jpg,4,48.291781,-1.238757,4,48.340432,5.404579,491.13095,36.01786,0.62657386,0.023579419,0.6130506,0.7249544,2187.7969
bb3a612364bd429c9a8fda3aad96e06b.jpg,10,64.435616,15.12416,10,63.820755,13.107238,119.3713,1.2614057,0.74911535,0.0025560856,0.72130835,0.8603433,119.3713
bb8a8ca271f24e729e51d0c6dc04f603.jpg,6,64.178474,-15.867354,6,63.93396,-16.447924,39.202812,0.7213678,0.8556551,0.00030827522,0.8316441,0.9516987,39.202812
bb8fd079e2944e37ae9d48347707f8a2.jpg,7,39.175012,9.380776,2,42.949435,-5.020833,1276.3271,92.88894,0.68425196,0.004028976,0.68225074,0.83017087,921.3714
bbab17d93cea4f52b22f47afab6301ae.jpg,9,50.200852,19.78557,9,50.195557,19.791221,0.7130594,0.7130594,0.8295768,0.07385212,0.83648974,0.8225248,4.8652334
bbce07154d454254b3b0a63533119e44.jpg,10,55.794979,13.755334,8,58.215533,7.927071,443.5854,46.453983,0.66000825,0.007110536,0.6409436,0.77534854,438.67804
bc28e8dd525d4ad79d35972c75e3ce8f.jpg,4,49.252915,-0.69172,9,51.416347,15.600969,1178.5216,83.55161,0.63400835,0.013889015,0.6497201,0.681295,1129.2476
bc360b0519a34e6e96191e877c92dd6b.jpg,10,64.151653,19.685822,10,64.151277,19.685873,0.041882344,0.041882344,0.9056292,0.10626775,0.8907466,0.9651596,0.041882344
bc4a30fbd5bd4d7fa01ce5bdfd607d5d.jpg,3,68.678581,23.325838,8,69.717876,29.84432,281.98123,104.89366,0.623071,0.001414299,0.658808,0.6376979,2590.0374
bc85574657f3421ca73006ab11d3c10b.jpg,7,42.150121,11.923778,11,37.046134,27.439955,1442.7346,32.34485,0.65478814,0.00569278,0.65917695,0.68963474,1578.8999
bc8bd78e8d23430ab1b973558439986a.jpg,1,52.743155,7.207171,4,45.552667,0.175833,948.109,372.04495,0.679573,0.05023414,0.6478465,0.80647886,948.109
bcc171fd72634ec58be95c5f06e57aeb.jpg,6,64.362705,-15.33723,6,64.368309,-15.315474,1.2180587,1.2180587,0.9127507,0.027876735,0.89679825,0.9765605,1.2180587
bcd70a40cbba4727a88010ab274e1103.jpg,7,40.005616,8.663488,7,40.395052,9.477628,81.58494,9.111436,0.7795817,0.016037464,0.7653074,0.8366788,81.58494
bcdb4dfcf65149588ba4576e174e3abd.jpg,1,52.376536,12.855789,9,53.958856,15.121846,231.86798,46.564728,0.77102846,0.00977397,0.7624157,0.8546213,180.00882
bcfdfe405fe74869b686d85b2cccc41e.jpg,8,68.470124,15.177412,8,68.471011,15.180348,0.15518267,0.062165674,0.7830961,0.020519495,0.75627244,0.8903904,0.15518267
bcfe665abd3c4487a288642c012ea956.jpg,1,52.557244,10.148854,1,52.168606,10.472802,48.49072,25.613125,0.764283,0.01502949,0.761513,0.8482611,490.43784
bd32d254fdbf4be391d9945910a2f7be.jpg,2,42.092848,-1.650321,2,42.038953,-1.601847,7.205968,7.205968,0.7385182,0.069476664,0.7734724,0.75805116,3066.1785
bd405f3e56994e5281a410a07882245e.jpg,2,42.441843,-7.706388,1,49.649627,9.166706,1523.9323,0.5871834,0.62959355,0.009878039,0.64209443,0.7552402,1258.1675
bd6c5e7c4dc64494b70a97b866722377.jpg,0,53.248953,27.152179,0,54.654211,25.991482,173.73209,5.6383667,0.7589643,0.00091534853,0.733875,0.88419676,10.863891
bd810c760f6e4bfba13233aa5c8b23e7.jpg,4,45.697205,3.748992,1,48.859495,12.920889,775.43115,178.94852,0.677421,0.034286916,0.65952194,0.74901694,775.43115
bd8d93aaf22d405aaf4c5dd705f8e06c.jpg,7,38.013241,14.373972,2,43.02848,-4.858196,1713.9967,27.529194,0.64837086,0.02583927,0.6530746,0.66643745,1735.1012
bd8db1be1329474bb07b51add2099f16.jpg,4,42.243436,8.795804,2,40.212322,-0.012824,770.07874,11.985856,0.6623219,0.019297123,0.6248983,0.81201625,770.07874
bda4d037515c4f3b8de85460533a1828.jpg,1,49.591092,11.622326,1,49.486827,11.373957,21.344904,0.7631844,0.78894496,0.08273345,0.7782461,0.89292336,221.24883
bda57ec3f0f44e1887bb0cb33b7a4c0a.jpg,8,69.691091,18.865795,8,69.689694,18.861018,0.24108525,0.24108525,0.810819,0.15073556,0.80449617,0.9053683,1296.9363
bdafd053d1dd45ffb7093090ab18f1ff.jpg,7,45.698114,11.76909,7,45.601697,12.076961,26.222565,26.222565,0.6524621,0.0010583401,0.66211724,0.6974527,938.2177
be3328c58e6848dd8564e9b66d37c48d.jpg,6,63.523389,-18.473392,6,63.523604,-18.473202,0.025695428,0.025695428,0.9806482,0.07871181,0.9769839,0.9953055,0.025695428
be53531b1dca41d4b794bbc052d28944.jpg,10,60.263741,15.234399,8,64.188751,11.919524,468.87103,30.537903,0.7546631,0.036389768,0.73471177,0.858889,565.5322
be62a69c2a944b658d585c3295d84c59.jpg,11,37.193641,30.254571,11,37.307217,30.376006,16.583742,16.583742,0.68803483,0.030096054,0.6847619,0.70112646,16.583742
be6483e53ee745d1a8961393a03a8b42.jpg,9,49.885012,21.584136,7,44.456561,8.044564,1185.6349,564.116,0.68041676,0.01873076,0.6915287,0.69344425,1166.7347
be67d6b28e2c41adb21d8277d81bcb25.jpg,1,50.787061,9.022452,10,62.157194,17.448195,1363.4601,634.84985,0.71903265,0.03309369,0.6869221,0.84747475,1363.4601
bea00a7a03974e4fb08a8e1fa0df936e.jpg,2,37.883491,-4.36503,2,37.884983,-4.369356,0.41432023,0.41432023,0.8572696,0.082822025,0.8541224,0.8698583,0.41432023
bea8430e81a2401c9d5976511766edce.jpg,2,42.858055,-8.19622,2,43.729027,-7.718543,104.27839,9.593586,0.6277183,0.018226802,0.6178688,0.69657296,1576.6125
bed748ce190b4088b36726705593a15d.jpg,7,41.785208,12.624254,5,53.864711,-2.820451,1762.4534,171.78555,0.6594388,0.022366166,0.6592624,0.7175576,1761.3728
befcf29cdf0d4ac295df883d6d5488ae.jpg,11,39.084557,31.129855,11,38.81942,30.691664,48.010082,4.783783,0.8751882,0.002213955,0.8489606,0.98137534,17.696316
bf000457d5714ab891d48e6d8dbce186.jpg,3,62.570099,22.745907,3,62.590906,22.753056,2.342417,2.342417,0.9345548,0.086569965,0.9282848,0.9596349,2.342417
bf2a33be4ca9496ba721437c94d6a5bf.jpg,3,64.149102,28.25491,5,54.558802,-7.254872,2236.7644,884.874,0.6347209,0.0021373034,0.61606044,0.70936275,2236.7644
bf2a416aa108447c9592408d942283c1.jpg,2,39.430252,-0.340393,2,39.435352,-0.339188,0.5764606,0.5764606,0.8040419,0.032609582,0.8202415,0.7392436,0.5764606
bf3b2a5ab739454caaaea54c76f36fa9.jpg,3,67.276637,28.261558,3,67.276266,28.23593,1.1015725,1.1015725,0.90674603,0.0024396777,0.8870212,0.9856452,1.1015725
bf3fca6b85e045d9bf27196583994cf6.jpg,7,43.196428,13.780567,7,43.209444,13.776906,1.4774216,1.4774216,0.87234163,0.12721968,0.87662756,0.8551977,1.4774216
bf4104f65da5494a802dbd8b33b6eb81.jpg,2,39.54071,3.237928,2,39.540822,3.236818,0.09599441,0.09599441,0.8895924,0.09031093,0.8712543,0.96294445,0.09599441
bf4161afa7834060b34d0f790c046a3d.jpg,0,55.477076,29.076364,0,55.46987,29.093657,1.352724,1.352724,0.89290416,0.031605244,0.87466085,0.9658773,1.352724
bf61e1a878d946b481e80266b3750854.jpg,7,45.24649,11.006934,7,45.328528,11.002406,9.129097,1.3870051,0.77960557,0.007552862,0.7514188,0.89235246,9.129097
bf76d1f7e310497bb4020dec0da462a8.jpg,9,52.095664,23.548437,4,46.921401,4.192012,1505.5674,774.83966,0.59909743,0.023117363,0.5918673,0.7272506,1301.3734
bf8bfcc0214143de8b8cfc9e13a68a16.jpg,6,64.986093,-22.805461,6,65.060138,-22.749384,8.644185,0.28118518,0.8134607,0.012422919,0.7874303,0.9388113,426.29706
bfa30a99f01644dbbd2323bbef3a4249.jpg,11,40.229892,38.048801,11,40.242425,37.956072,7.993722,1.8327715,0.73383343,0.008064866,0.74636483,0.76567584,3525.4614
bfab171586b849679becdfb56d75b4ee.jpg,3,63.339899,25.606026,3,63.357878,25.596325,2.0568972,0.31534934,0.9237974,0.0032791495,0.9104459,0.97952175,19.329908
bfb372b200ae446fa3c464c04cc71dbd.jpg,0,55.170947,30.072181,0,52.024361,26.333486,427.98685,0.048358023,0.8076632,0.012474954,0.77461505,0.93985593,427.98685
bfde9309fbe74ee293a5e55722a435f0.jpg,2,39.359798,3.129493,2,39.413736,3.136744,6.0299263,0.22619879,0.7354481,0.009618878,0.7185114,0.8135359,10.285714
c00d5fe1617f45519b14e2ac8bf1235f.jpg,1,51.839736,13.036492,4,49.833129,2.073239,800.6739,8.159703,0.66663986,0.022846818,0.66089904,0.7437053,149.59479
c00ec28de45c4bbd8080f8c28e8664b4.jpg,9,50.952942,20.547024,9,51.249482,20.375315,35.085854,13.510681,0.6431419,0.002224028,0.61070335,0.8405062,100.00233
c032b28a199c45909010d7cccfcc09f8.jpg,4,49.169056,-1.516176,4,48.773356,-1.540852,44.036743,5.2242618,0.5754359,0.007146597,0.55619526,0.6898017,600.92444
c041b6efaca44623a049152191c84c5b.jpg,2,41.147517,1.013315,7,40.694746,16.944658,1337.6356,7.6307654,0.62465155,0.004781425,0.619308,0.7170677,95.19874
c053840bb8e14e72a673f361df506ef5.jpg,8,70.296526,24.174526,8,70.296963,24.175423,0.05909355,0.05909355,0.9898983,0.03972256,0.9878761,0.99798703,0.05909355
c066bdeb30b843b1b0542fc4d6794d1f.jpg,8,62.239749,7.15377,8,61.782581,6.205661,70.935555,0.7939293,0.73564076,0.022335768,0.6890692,0.9303861,46.751305
c08c2a72caf0453fab8faaf24a1f70d9.jpg,11,36.853961,30.917662,2,28.108701,-14.388042,4317.9805,502.9748,0.6861463,0.034161627,0.6787518,0.7157242,4317.9805
c0953c4ee2774a9ab6564044c323a54d.jpg,5,56.49632,-4.158569,5,58.631813,-3.228085,243.84843,10.273573,0.6928552,0.0023005605,0.7133585,0.75503445,3228.4905
c0ba65dd0b164b87bf769c39be9c0c3e.jpg,4,47.144607,-2.13345,4,47.585855,-2.971004,79.91455,24.152678,0.6697524,0.0049117804,0.63454556,0.81057954,79.91455
c0ee96b6a7034f9b914dc1ef3897799e.jpg,7,45.262059,11.131776,7,45.255009,11.304303,13.526629,13.526629,0.72625244,0.03924793,0.7115557,0.7850394,13.526629
c1035b5220e44248848dc360314b47ac.jpg,3,62.210531,27.933213,3,64.054233,29.144659,213.84883,10.89083,0.773478,0.003601253,0.7514073,0.8617603,213.84883
c105c0349f3742429ac88057c7a49e4b.jpg,3,62.434618,26.761369,3,62.583639,27.03097,21.588713,9.086438,0.8420285,0.002231598,0.8286494,0.895545,21.588713
c117dd80026747d0b45cf5e6f25213f5.jpg,9,51.649793,22.902276,9,51.788596,23.387368,36.80865,9.528559,0.7091611,0.0041000247,0.69437283,0.7782819,569.9262
c12ed7de9ed34b568af5c253eded5720.jpg,8,68.356238,22.890018,8,68.361888,22.859862,1.3870598,1.3870598,0.9638793,0.01115042,0.9579309,0.9876727,1.3870598
c1302b7839b141709a1ef8d6a44bd16a.jpg,3,65.889458,25.672381,3,65.883535,25.627005,2.16401,2.16401,0.9007191,0.030142486,0.89198935,0.93956864,4.09286
c132978fa0c64487bd4805366d03e702.jpg,5,57.384431,-4.699248,5,57.430275,-4.635663,6.363229,6.363229,0.6869134,0.03816253,0.68576956,0.71699846,1144.2507
c13fc4e503934f6eb20386c89c9b338e.jpg,0,53.131743,26.941672,0,53.226471,27.316008,27.078697,14.442352,0.7034574,0.0014322996,0.68228525,0.82940125,294.30484
c15ed40732fe4832a425b5dfd485ea6b.jpg,4,49.029692,7.915394,9,54.45866,22.409054,1162.9978,49.769638,0.5992719,0.0047084093,0.6032418,0.7231875,1034.4735
c17891d460e74e2da3f65eb030c2abcc.jpg,6,65.978138,-22.934358,6,66.055791,-22.987464,8.962029,1.2206287,0.8960057,0.0050111413,0.87431836,0.9827548,8.962029
c19f7011acbc405994165695531c741f.jpg,3,61.28127,28.806198,3,61.292058,28.734114,4.033328,2.734684,0.76191294,0.034451127,0.7495024,0.8237588,2.734684
c1a123644ef8496da20dfb77e5a5ccba.jpg,11,39.201744,37.242913,11,39.194277,37.298279,4.8427324,2.93044,0.87589747,0.0050875545,0.858819,0.94421124,4.8427324
c1a2bcbde27d4af58bc989fa8e0523ab.jpg,10,60.658275,12.979428,7,37.82692,15.133666,2543.222,148.46436,0.6792884,0.03391558,0.68646765,0.74356616,2662.0173
c1b5479d2aef40df839308aa857a84d4.jpg,0,54.238388,28.468573,9,52.381076,21.122096,529.6553,6.9887824,0.68937373,0.011688769,0.68563294,0.8105365,530.37494
c1ca5b45adfb467cbd8f9731b698f0a2.jpg,9,51.397263,21.517702,9,51.435748,22.381817,60.076298,59.003784,0.6152977,0.00028789043,0.64361525,0.61783206,495.1633
c2068919491c488eb6fa3c301ebb34a8.jpg,10,58.265227,13.553851,1,50.619016,12.641705,852.2436,24.406357,0.5929723,0.0044128895,0.58311164,0.673794,294.64413
c251123b36c248688120cf4d9a16d570.jpg,4,48.577364,-4.510391,4,48.572815,-4.509819,0.50757396,0.2797232,0.9196067,0.113009095,0.9182687,0.9249585,0.50757396
c278dfc9ab77442ca77692c169fba55a.jpg,8,70.674224,23.65215,8,70.674659,23.650857,0.067849286,0.067849286,0.7600666,0.114617586,0.7983476,0.6283533,3584.058
c27c457cb5d54655bcd8a429330f9f00.jpg,10,63.020506,16.157757,10,62.862276,15.080281,57.27054,21.739168,0.84574276,0.0039045215,0.8360332,0.8922055,213.4068
c2a01823b6d24fbeb0e3f16ed1f8615d.jpg,9,53.636443,21.094383,9,53.591454,21.039176,6.18766,4.760574,0.7424413,0.006055057,0.71062386,0.89209324,35.61576
c2c4ab459b81464cb0580cb926e9b877.jpg,9,50.075198,22.174122,9,49.875124,22.373807,26.435808,7.399019,0.7199601,0.010395229,0.6989409,0.84402966,22.594786
c2cb63d76de840878a6240e571e00017.jpg,5,50.409465,-4.552814,5,56.496207,-5.776487,681.61914,0.65733683,0.6500778,0.009079993,0.64333224,0.7221781,494.04517
c2e9d7b622a341c6bba153ca2968ac82.jpg,0,52.310419,30.9,0,52.212441,31.532717,44.41811,1.1960872,0.8465527,0.01962936,0.8251076,0.9374935,41.357967
c2ea45e959b64aeaa6bbe76f96ab5237.jpg,5,50.636119,-4.504568,5,50.635871,-4.501733,0.20183091,0.20183091,0.86194366,0.12957394,0.8409654,0.94585645,0.20183091
c3112de98daf412b8e61eb12128fd9be.jpg,10,59.865138,16.822127,10,60.198102,16.593615,39.13911,5.717175,0.7310369,0.014770567,0.701794,0.8480085,39.13911
c326d09f2e724568bf4fcf789f9efb53.jpg,10,58.178218,11.476442,10,58.649581,12.054396,62.290833,18.91202,0.85768175,0.11304927,0.8435798,0.9140893,62.290833
c3310661adba460ab8324cf4d729e3f0.jpg,0,52.831895,29.388148,0,53.044577,29.567911,26.540668,2.3201313,0.9045854,0.0010455251,0.89535284,0.96940625,149.71136
c34e20f2c8334aae9704c913cd9e7b38.jpg,11,38.645923,34.905729,11,38.781083,35.457113,50.14517,50.14517,0.66607887,0.006906688,0.6919638,0.76784855,2478.8328
c35a62a90b884e879820b4fd492e7d1b.jpg,5,55.766665,-2.212121,5,55.369446,-2.513646,48.065224,1.7447913,0.7597237,0.005054295,0.71835196,0.9355751,104.8334
c3d981757e0449c99be1a275d39ecc0a.jpg,6,63.887849,-21.287854,6,63.878588,-21.22211,3.3788073,3.3788073,0.8462433,0.005417526,0.8328425,0.95615494,55.03766
c412664c36d647809d33bb2f9362650d.jpg,1,53.462868,11.628761,1,53.620759,9.102894,167.81134,6.6678185,0.7358451,0.017898142,0.71831334,0.82354414,160.92245
c4171ed0a338429f91d1abeadeea9716.jpg,8,70.672751,23.653047,8,70.611289,23.653194,6.8342743,0.10961552,0.78441995,0.007959604,0.7378663,0.9706345,6.8342743
c42b627fbd294614b7e7b51e9e11ddeb.jpg,9,51.568029,21.591807,9,52.059005,21.261986,59.11483,7.0684195,0.70721424,0.058502853,0.6846564,0.7974453,59.11483
c433dd362db148309588ce6cc5a1f82c.jpg,8,62.234511,7.150276,8,62.233251,7.147418,0.20383386,0.20383386,0.81232274,0.015052259,0.77744037,0.951852,0.20383386
c454b40ff5cf4dca83e0aa223d8230b0.jpg,9,50.786003,16.064801,9,53.050563,22.161029,487.8308,108.71528,0.74473137,0.022852182,0.7277909,0.8124933,487.8308
c49dc5c58b2545229ce61f9d7f493b3a.jpg,0,55.926252,28.647646,0,55.91802,28.644719,0.9333474,0.080628745,0.8580184,0.035855174,0.83311856,0.95761764,0.9333474
c4a1464c9aa84587b52721b11b2bbc15.jpg,0,55.997854,28.645426,0,55.588243,28.666912,45.56653,0.5825676,0.87781465,0.013256609,0.85801196,0.9625683,7.1358128
c4ba3d007ddd4b488c50688f684b6a50.jpg,10,55.547789,13.758219,10,55.540224,13.765482,0.95727813,0.95727813,0.8219104,0.052088737,0.81188315,0.86201924,0.95727813
c4f4ee14102044e38ba6c87524c44990.jpg,6,65.047173,-13.916627,6,65.012691,-14.12565,10.534192,8.50417,0.8287514,0.006963432,0.8122638,0.92277515,14.992617
c5601809f42b458c9da5dd388aaf99db.jpg,7,46.266624,13.329665,2,42.850424,0.736042,1066.192,30.550798,0.62841904,0.0063146353,0.63631546,0.6601461,636.3409
c5618a0fa22d44c2ab6dd681f4564cde.jpg,3,62.63958,22.766858,3,62.040821,23.663412,81.0819,3.8333025,0.83583355,0.0110400915,0.8158653,0.9200525,139.99228
c5654d81aa6c4a87b9b9e94b48158cf4.jpg,7,37.83082,14.895635,7,37.856413,14.921862,3.6609256,3.6609256,0.88303083,0.079233885,0.8728553,0.9237329,3.6609256
c5671a60d59c47d39e6304e2b9c3e7f7.jpg,3,61.029319,23.163216,1,52.92649,10.338025,1185.689,1.000617,0.68245137,0.0019887686,0.7044288,0.7405307,223.37093
c579f500f5624fc1a5fccf16df2da661.jpg,10,60.054563,16.710262,10,60.065633,16.139518,31.698107,6.344764,0.7834325,0.003261745,0.7596427,0.93715274,45.136963
c5872ad39cdd45d3bd23d565d9181f29.jpg,5,51.408451,-1.643913,5,53.853535,-0.415425,284.2304,1.3102175,0.69842917,0.03465259,0.67759657,0.84432507,1.3102175
c589019eff6e41b1a42cb221b764fb02.jpg,7,43.062516,13.082643,5,50.247078,-3.721797,1505.8381,438.54974,0.58260953,0.010561228,0.5876576,0.61179614,1472.1716
c58c06b6d5cc4d36a5941303f7f67b7e.jpg,11,38.372008,42.737787,11,38.45382,42.395646,31.166983,0.3851545,0.8162328,0.019971073,0.79711986,0.8926846,31.166983
c58d9f8ba1ed46d4aa8a6bc7fb536c3c.jpg,3,63.012098,22.12502,3,63.103346,22.189698,10.656751,5.108274,0.8686377,0.0076910257,0.8479988,0.95119333,10.656751
c5b70965fd524173a87c22dbd92f3be6.jpg,7,39.22574,9.125288,7,39.229084,9.126556,0.38754544,0.17705578,0.6788052,0.04060906,0.66000766,0.75399506,0.38754544
c5cdb55e97a640dfa5ea13594ed1d3e0.jpg,9,54.337051,17.848722,1,51.338446,14.565977,399.64908,26.708569,0.72750825,0.033519566,0.73451364,0.78764904,790.4854
c614fe30b80b4c1eaf3fc6e26e31b317.jpg,2,41.624908,0.431304,11,37.101373,38.173689,3257.035,96.1547,0.76806325,0.029838145,0.7541716,0.82362974,3257.035
c629736872724e1189f23b2b8b35e069.jpg,1,49.213034,10.818797,2,41.363281,0.913832,1165.2135,39.898495,0.6618643,0.005079627,0.6385691,0.7672964,1115.6588
c632448d755b40a69363e1183db9142c.jpg,3,65.185258,25.479174,3,65.193534,25.450627,1.6189717,1.6189717,0.7559842,0.15381336,0.75743383,0.7501855,1.6189717
c63747dd8b534806b1560e1749a78548.jpg,3,64.422415,27.674665,3,64.426447,27.622723,2.533362,2.533362,0.8778851,0.053203404,0.8656998,0.92662585,2.533362
c641885ca9d24ad3afe5ca1974a0be99.jpg,6,64.091349,-19.07027,11,41.174413,31.929397,4108.6606,1014.6126,0.6432451,0.023101926,0.62522686,0.7514493,4097.1606
c65306fc0a304d6eac4395bb02fb16b7.jpg,6,65.037289,-21.093766,6,65.045823,-21.097105,0.9617843,0.9617843,0.937329,0.11343366,0.9257791,0.9835284,0.9617843
c680c4a288e34219aae56351514fb55c.jpg,5,58.42142,-6.429048,5,58.507605,-6.259072,13.768176,13.061583,0.7928173,0.017041981,0.7704531,0.8822738,13.768176
c68ac5f54b0a4597a4bdb14c3fd30a4d.jpg,4,49.678803,-1.310523,8,58.264023,7.657612,1118.3062,117.97679,0.6444964,0.032554924,0.6518164,0.74172103,1474.9208
c6c0f256d39b4409bc2b94cb777cc423.jpg,1,51.504959,7.957443,5,51.565305,-0.556271,588.57544,364.03342,0.6708837,0.05771309,0.6639348,0.7491574,1560.9341
c6d61f8d8fc04fed82e26fe34bb6334d.jpg,11,36.45399,33.670617,11,36.457739,33.962671,26.123415,5.435291,0.73195535,0.020582795,0.69739705,0.91857696,17.16267
c6f330e4316041358550d690d37671d0.jpg,9,53.651157,21.508732,9,53.671599,21.313249,13.079274,11.564923,0.6784019,0.0028577447,0.6866276,0.6736513,1551.8295
c6fe5f627bb447f19cce19c1a7c695f2.jpg,9,53.625239,20.765498,9,53.423191,20.512171,28.020973,9.812737,0.7406972,0.0028906465,0.71614957,0.8418792,296.86017
c7070ce4ab65457080a3439a605978b8.jpg,4,49.82919,0.912648,4,47.944255,-1.229127,261.61206,91.604965,0.73429966,0.019606173,0.73574245,0.74444294,2949.805
c70f5ea0c00747fc88d2e5419d726d87.jpg,7,41.567413,14.805446,7,41.551019,14.748481,5.078187,4.65018,0.709867,0.083022654,0.69818985,0.77501965,4.65018
c713389b3f0b465b86e06d948d73bdb6.jpg,1,52.645996,8.786902,5,50.395038,-4.626846,959.6603,494.81665,0.6215588,0.0033160448,0.6310053,0.65223044,834.7526
c7414a8e3d5b4d6785a88b521d909034.jpg,11,39.658942,39.722094,11,39.713962,39.583409,13.351491,12.46083,0.85832083,0.016081989,0.8352427,0.9506334,13.351491
c745df6da9834378bc65592b0e47c1ac.jpg,0,52.211255,31.537906,0,52.213219,31.529268,0.62774897,0.03293931,0.96633816,0.005179107,0.959861,0.99224687,0.62774897
c764746b4dd44b8da2969af8316eaedd.jpg,6,64.191878,-19.32861,6,64.155791,-19.591778,13.364799,13.364799,0.8012911,0.03255272,0.78338766,0.8729049,13.364799
c76f533b7db94df19ea1f0f8a524f8fe.jpg,1,48.256573,9.470052,4,42.369339,9.529649,654.648,20.002691,0.6534268,0.016225874,0.6568827,0.7342699,93.34626
c7a15cbcb86d42d49b39eb977f388f21.jpg,1,51.925765,14.702851,4,45.151862,-0.805173,1363.4982,80.7272,0.672006,0.023026288,0.6582866,0.72688377,1363.4982
c7ef6a6c8fd34871b764a14be9f8d184.jpg,11,38.376561,41.088999,11,38.202983,41.098718,19.319649,6.0580482,0.77429974,0.0017710924,0.7668754,0.8329215,20.232046
c7f9f9c268a14f6898a980407a2dc9e5.jpg,4,43.417517,3.30788,4,43.398501,3.354541,4.321896,4.321896,0.7386026,0.022265851,0.7356907,0.78682876,6.262954
c80a7b1d63f2413a9f1de4f8fb1a8fa1.jpg,8,61.150656,9.045609,8,61.108933,9.107127,5.6949363,4.60031,0.8166963,0.005319059,0.7877092,0.946595,6.0595646
c80f65ac207d4748a66287a06635bfeb.jpg,4,47.107156,0.313831,4,47.121864,0.308062,1.6927193,1.6927193,0.8286636,0.113892674,0.8143865,0.8857717,1.6927193
c81d3793f59c44ccb20f7e68a2454622.jpg,7,38.03918,13.131121,2,41.485077,1.660827,1051.6036,81.37155,0.7175906,0.023622274,0.71810746,0.7465412,746.0806
c874a50013dd4580878b8eb4b2473d23.jpg,9,49.527902,22.331513,1,49.520647,7.675764,1056.1738,409.9683,0.64535755,0.0021061301,0.6201303,0.7462665,1056.1738
c8ac5915943e4f718c21d7f587c5cab7.jpg,5,53.658867,-0.701792,5,53.646299,-0.747264,3.3065827,2.9188917,0.65440136,0.0074156523,0.63431954,0.7508031,2.9188917
c8e2d3727997453181a10e319536ccc3.jpg,2,39.661345,-2.371593,2,40.107538,-3.841539,134.8767,4.098822,0.7737083,0.0068178177,0.76757663,0.8520148,127.099266
c8e6820dfd334584a227f3f46fe0be10.jpg,11,41.008878,40.352816,11,40.969784,40.308182,5.738609,5.0423565,0.8235469,0.09460968,0.805945,0.8939543,5.738609
c90e9833f7ce4f35a73557002fa19d77.jpg,11,38.547257,28.078079,0,54.08566,28.687496,1728.411,56.25919,0.72224075,0.07814509,0.7369027,0.7254262,1775.3551
c967869654c846d2b98dbc87dc82c503.jpg,0,51.674486,30.364488,0,51.674397,30.364853,0.027044436,0.027044436,0.8517053,0.0085039735,0.82880974,0.9432876,0.027044436
c96edace01d34cae9e4b27bbd210172e.jpg,5,50.321913,-4.829861,5,51.827793,-1.004549,315.3148,0.6849439,0.7458526,0.009968102,0.7148013,0.91653335,39.938995
c97504e2de9745b19e62a6e608849184.jpg,0,51.699058,29.142993,0,51.703745,29.147891,0.6209301,0.24777187,0.96224195,0.009614408,0.9620911,0.97720724,0.24777187
c9aefbd9af874a51bbbeab7592e8c1d2.jpg,2,37.641842,-0.788696,2,37.635803,-0.792813,0.7631104,0.7631104,0.8090043,0.033126295,0.80048984,0.8430619,0.7631104
c9cac0d0cb714dcaa16086f660d1dfac.jpg,9,50.720034,20.673634,3,60.322894,23.876627,1086.3326,6.2240534,0.62287,0.0020637512,0.63437647,0.710207,85.458534
ca28d822d1b545b09a75913215e32cf2.jpg,6,65.732172,-19.637462,6,65.731707,-19.641975,0.21263489,0.21263489,0.8620787,0.06775004,0.83746564,0.9605309,0.21263489
ca513086e1cc42c79f81dcf4cc1e7861.jpg,8,69.734709,29.82554,8,70.062612,28.949834,49.490234,1.4558152,0.80603063,0.003405273,0.77036524,0.9654522,10.787547
ca69045763b94215beca40409a6597c3.jpg,7,40.66969,8.703511,7,40.99501,9.220094,56.54606,9.529827,0.8364794,0.0030220747,0.8051461,0.96181273,56.54606
ca9b1c4149634e6d9dce882cd1c709a8.jpg,2,42.128849,-0.061443,2,41.933008,2.843993,240.94537,1.5151219,0.71482205,0.0015947223,0.6811788,0.8493951,240.94537
caa81d8e18274645bd5636a1343c6ef2.jpg,2,37.648457,-0.786052,0,52.233295,28.419575,2782.556,843.8976,0.63689196,0.023303986,0.63795036,0.7531786,1332.809
cab73543f535457d8924aedfa12913c1.jpg,1,48.244285,12.845721,8,68.472734,15.883281,2255.6218,262.43787,0.68982655,0.018742502,0.666221,0.7842486,2255.6218
cad11f64063b4c379e16407f8772d0fc.jpg,2,39.440571,3.235009,2,39.437633,3.234857,0.3269518,0.3269518,0.8246602,0.05864501,0.8017541,0.91628444,0.3269518
cb0ec58655464d90a331e4edd74d11eb.jpg,3,64.842564,27.786258,3,64.921002,27.613078,11.953664,3.2173758,0.85952985,0.017665267,0.83919084,0.9422168,5.9162397
cb6b669500cd46c8913dfa381768f876.jpg,3,64.329184,29.068101,3,64.316096,29.099932,2.1142507,2.1142507,0.86099416,0.008277714,0.8380778,0.9686825,7.2103477
cb9661e867214c0785de7c62cce0e083.jpg,9,54.137405,23.291993,1,51.85685,13.237698,718.2892,343.6474,0.6790503,0.016837358,0.6669788,0.80648345,1221.5458
cb9f8fc1eb7a448fb53f40206ac4da15.jpg,5,57.834289,-7.02695,5,57.825691,-7.042662,1.333918,1.333918,0.85612434,0.03471738,0.83688706,0.93307334,1.333918
cbbac95e196d45e29862ab141380120f.jpg,2,39.488512,2.814789,2,39.488821,2.809053,0.4934317,0.4934317,0.87114376,0.06875759,0.8541214,0.9392333,0.4934317
cbc200b001bc44d0a919a05722eed2b2.jpg,11,38.817606,33.908362,11,38.513018,33.415993,54.539032,8.653889,0.744139,0.0058095455,0.720568,0.8671,29.563335
cbc6de57a39240ae8e7b6616aed35d5f.jpg,1,52.891468,12.284885,7,39.046161,8.424981,1567.5771,504.66385,0.6324179,0.025541782,0.60812664,0.7466507,1571.1827
cbd428969cc04786bee07882993df0a0.jpg,11,38.470905,42.49204,11,38.443244,42.320859,15.219452,2.3203657,0.7689282,0.047892153,0.7909026,0.6816857,15.228171
cbdf2747bd6c486e8d3095044d046556.jpg,1,48.293478,11.681075,1,53.346478,10.635902,566.62854,9.396095,0.69053006,0.0038263798,0.6957313,0.81408405,818.39905
cbe696bd94874e05b756af6892b05c90.jpg,3,62.638995,22.002728,3,61.702628,23.151498,119.98283,9.02916,0.7726012,0.003635645,0.7524262,0.9234589,144.53659
cc293ef07f5148d0a6f85c566e4f55b0.jpg,5,55.340282,-1.596644,5,55.685427,-2.177211,52.99995,8.659479,0.7168486,0.0056514144,0.687631,0.89491886,375.50644
cc30d2d88b8445abbe9c7fdb276c5b20.jpg,11,39.473857,33.535726,7,40.790029,16.940481,1416.2805,195.53851,0.6099589,0.013326943,0.5963465,0.7270859,1396.1705
cc45e30b3d0f4cd29abe20f1e72ed9da.jpg,4,43.380781,6.503368,8,59.953252,6.58044,1842.7845,88.87796,0.6544479,0.0017969012,0.6534339,0.75775063,1782.5979
cc6fca223d114094b24cba7ebd10d3c5.jpg,0,55.020927,30.852418,0,54.056359,27.54656,238.68062,15.482275,0.80910337,0.0039044619,0.7873232,0.92346823,194.39078
cc7154fb9262476992b9e4decc7bac09.jpg,6,64.01236,-20.931901,6,65.813049,-19.328448,214.00676,0.632804,0.81334335,0.0017699599,0.794801,0.92624414,213.49347
cc941f82c76d4113952f9c3df0859570.jpg,9,53.165173,18.16467,5,54.902655,-6.313013,1601.8113,1101.5844,0.64243627,0.001653254,0.61127734,0.76707184,1601.8113
ccb3e30d6c1a42c1ac226feabc57cbad.jpg,7,44.529318,10.89839,7,44.581672,10.910893,5.9051986,3.8519552,0.67832816,0.0025741458,0.70536876,0.68307185,1823.171
ccbc52a3496f4810b75c9a8cfbe62e13.jpg,5,55.885114,-2.653156,5,50.397154,-4.437288,621.6733,4.638553,0.68779665,0.021829367,0.67205477,0.84279585,77.6437
cccef2fd8bd54e7db75f7a9bb3b72fd2.jpg,7,43.09844,11.91727,7,43.387667,11.82205,33.072548,5.7527866,0.7108867,0.073341966,0.69398755,0.7784833,33.072548
ccf2f522fc8345539ed7d73e6b9b4e83.jpg,8,64.40376,14.346004,8,64.43191,14.315848,3.4488087,2.692229,0.85556173,0.005235672,0.83087647,0.9543028,3.4488087
cd05c31532f046e9b3f038e9af3d2f6e.jpg,0,54.998211,30.923392,0,53.769295,23.839714,478.38132,20.661243,0.8482275,0.03115803,0.8326109,0.91617334,41.81922
cd45dae97a62460ebfb80c62b66a6dfb.jpg,4,46.196292,1.788028,4,46.002457,2.193933,38.00048,11.256631,0.78348637,0.039014757,0.81058264,0.73959494,60.597824
cd4a2a557bc14c6b815691f639af85e4.jpg,4,49.53202,5.827367,7,37.855,14.943735,1488.4941,239.82301,0.5933492,0.0022105575,0.58715326,0.7276435,1169.7694
cd8e588c2e28412381adc113f16fd177.jpg,5,55.59005,-3.608228,5,56.312798,-4.72806,106.38945,17.59627,0.8181478,0.041796684,0.8072384,0.86178523,106.38945
cd984122072b452b8e99aa6c20ac317b.jpg,2,37.930522,-4.082318,2,37.884983,-4.369356,25.686758,3.5373068,0.84232,0.014159799,0.82869744,0.8968103,25.686758
cd9b4a1d55a140fcb4dd4d56290b351a.jpg,1,51.76428,8.404596,10,59.461055,17.007971,1010.3311,72.34158,0.6868359,0.034239173,0.686501,0.7001709,198.49924
cdd5b17d57754e939e44b88b07a6a3c5.jpg,4,42.639294,2.445722,1,52.322202,14.20353,1389.2515,715.4504,0.67544293,0.0068953037,0.6607997,0.7558743,1328.1135
cddc96460bf84d6296cf69e8a5334a3a.jpg,9,49.925468,18.65265,10,56.333729,15.145573,749.75195,40.43965,0.57703924,0.022684693,0.5487256,0.7414986,546.2149
cde05db22b3943e4ac3cb2800590450a.jpg,4,43.040346,2.834333,2,28.535116,-16.198652,2344.998,101.21152,0.71585804,0.002955079,0.7482836,0.72275496,568.95795
cde2718349834dff97ff11b8ead27530.jpg,3,60.498959,25.051039,8,66.318457,13.07483,876.9715,149.65778,0.673273,0.016096175,0.7039635,0.63715595,994.1802
cdf95745ff074fd08c700bfc6ed8aff5.jpg,2,37.084424,-4.375483,4,43.941326,5.057642,1101.9216,4.722703,0.68337125,0.0074742436,0.69991875,0.7345958,1215.5013
ce1b466d152a4e4893b6c68d96587b18.jpg,9,54.464849,17.203659,10,55.95205,14.096634,257.26596,2.987682,0.73495156,0.032631457,0.7235803,0.7804364,257.26596
ce562e8b050f49e487d1b67e68e2be07.jpg,10,63.838317,19.74977,10,63.98037,20.079203,22.561842,22.561842,0.7350781,0.00510478,0.69047713,0.9134821,22.561842
ce8acde9183c452681e2b46df74f0fee.jpg,5,53.62721,-2.292955,2,41.933008,2.843993,1354.9069,886.6264,0.78567076,0.041407347,0.77541935,0.83922815,1365.0278
ceb0eb6ad3944f45a957ae58356c62c1.jpg,4,41.995491,8.730614,4,41.593333,9.315243,65.944016,1.8698521,0.7071029,0.0028095841,0.66821706,0.86264616,65.944016
ced986feef3f481a8a5a8a4427f5b488.jpg,9,51.646708,21.904922,9,51.790897,21.726338,20.20904,8.10765,0.7738238,0.01716572,0.7590635,0.835834,14.760121
cedc3ecbb4b5480fb30528b2e5f3dc13.jpg,2,40.099926,-5.961746,7,36.773755,14.908386,1850.4417,1109.4769,0.7602892,0.00079524517,0.7483407,0.90629,1862.2948
cf25d06613e14e369a42df6174e252ee.jpg,6,65.550102,-19.341684,6,65.541558,-19.914065,26.364244,3.1129966,0.86728776,0.0015087128,0.8493822,0.95239115,11.116792
cf25ef451a70479e99e8d87cb2862a7c.jpg,5,57.77739,-4.092674,5,57.783214,-4.090049,0.6660367,0.2626816,0.7147509,0.04181707,0.7155199,0.8087689,589.9257
cf301554d546481c9ba4036f137f4928.jpg,0,53.021904,29.709603,0,52.986225,29.815658,8.130114,0.09185605,0.9581535,0.017232656,0.95180523,0.98354626,8.130114
cf4972cd0b8f4753833ee183def4bd8b.jpg,11,37.755613,32.715222,7,40.840505,9.401918,2028.9734,211.29051,0.8020604,0.014785767,0.7889734,0.89563847,2078.0962
cf659504227440158518092b2076d6a0.jpg,7,44.258403,10.028962,4,48.30188,-4.151144,1176.6165,142.91203,0.757936,0.04356718,0.7421367,0.8211331,1176.6165
cf7080a21add4d2ba503f7d11da7c771.jpg,6,63.977541,-16.864134,6,63.97621,-16.863628,0.1500452,0.1500452,0.9086147,0.028106928,0.8919362,0.97532856,0.1500452
cf93d833fd3846879455e2f059b182dd.jpg,9,51.625104,17.810958,9,51.687807,17.921345,10.324605,6.2355556,0.69954437,0.006122768,0.7274867,0.6525257,133.5293
cf97c4d3eaea473a8a679392e6d76d61.jpg,5,51.340338,-0.946894,9,53.988527,17.05107,1245.2322,25.755705,0.67287993,0.013795257,0.6743205,0.7170119,444.93857
cfa9c985cf67467abbc063ce02b74971.jpg,6,66.565896,-18.019027,6,66.564181,-18.018397,0.19272397,0.04768443,0.7443248,0.024278402,0.7250575,0.8794035,0.04768443
cfde970c09b44f7ea00fb1827e1d27e7.jpg,11,39.554468,43.90872,11,39.553775,43.913275,0.3980485,0.3980485,0.925036,0.04298222,0.91098243,0.98125035,0.3980485
cfed60c501d54eee818d64363c30c06a.jpg,7,43.241006,13.498804,10,60.065633,16.139518,1879.294,2.4878979,0.6943909,0.0046397448,0.6687292,0.85096574,1795.2062
d0116ee7da7f46d8888b42e5977e1976.jpg,6,65.740456,-22.046593,6,65.741301,-22.052067,0.26715386,0.26715386,0.95442206,0.03892553,0.9458793,0.988593,0.26715386
d01566a404d2446ea55293fec7fd18d4.jpg,9,54.449772,17.297416,4,45.22711,-0.57373,1633.39,3.4469616,0.67180103,0.024049222,0.6593786,0.7509576,1710.5802
d02f063c6592477095e73dcb5f759013.jpg,4,42.20833,8.65199,4,42.198207,8.63871,1.569581,0.54761475,0.7632567,0.009236395,0.72977483,0.93733513,79.837265
d07795ad62a64d7b8240fb2838c7eb5f.jpg,5,58.50259,-6.264269,5,58.495459,-6.234026,1.9277707,0.42417744,0.7832143,0.01344341,0.7546928,0.89730024,1.9277707
d08957a5ba4b4069863c681e36ceb733.jpg,6,64.017937,-20.528356,6,63.962427,-20.648708,8.516997,4.2630153,0.66750044,0.0069487095,0.63119173,0.8127353,8.516997
d0b189334bf84cac94557b9d14f8d068.jpg,7,40.647206,14.700332,7,40.647155,14.700341,0.005721386,0.005721386,0.8596618,0.15880221,0.8531986,0.88551474,0.005721386
d0b5bf7945b54df0915e306ee94ecc99.jpg,3,60.493836,26.85648,7,43.722043,11.450498,2129.2146,669.8747,0.64915395,0.05337763,0.62144923,0.7846921,2136.6729
d0ceae88c3db41d181074550c256afa6.jpg,4,44.863555,5.006934,4,44.198915,4.947533,74.054535,9.697396,0.7378622,0.06492293,0.7101586,0.8716271,16.511263
d0d5c1b45b924f2ab1f9fb1130a0f435.jpg,7,46.260951,9.414184,2,43.329453,-4.553621,1147.5957,208.24028,0.63132507,0.012233794,0.6298153,0.6586223,1381.7006
d0eee4521fe2436e8093a7a4bcf4ec46.jpg,6,65.668297,-19.596623,6,65.609615,-19.353769,12.90932,1.2806257,0.9065954,0.0030187964,0.89325976,0.97867656,23.520514
d15b60d85700460e9639eb556b9ffd60.jpg,9,52.55412,17.44755,9,52.670344,16.90103,39.097668,30.114573,0.7180548,0.002671957,0.69764984,0.8106526,135.22876
d1d8c49b4cd34b69aaf929ffb2414108.jpg,5,58.485135,-6.254417,5,58.491875,-6.248598,0.8222258,0.7062555,0.7589278,0.028435707,0.71491426,0.93498194,0.8222258
d1d9d904a2834100b66abffef04bd2b6.jpg,6,64.146204,-21.802118,5,57.173271,-6.063268,1150.4436,325.17947,0.7351309,0.055890977,0.7412931,0.76009893,1934.3826
d2888e4d91de4d398ddf25f3145a97c3.jpg,4,47.213943,5.294785,7,40.485919,16.309423,1155.5476,70.486755,0.7188281,0.0043725967,0.6974054,0.8250656,1147.1881
d28b77bceb8e4f5a8b6781f8135d9f0f.jpg,0,55.427191,28.585467,0,53.726094,32.076557,293.8852,6.0529723,0.7068396,0.046970785,0.7065584,0.7529105,250.1004
d28f2136719544cc9afa29d4cb606442.jpg,10,56.551883,15.140969,10,60.692346,13.707227,467.79318,28.958305,0.65220106,0.015149772,0.6677382,0.7332903,1192.6694
d2a2b968b8034ed8bea65e3710e1eecf.jpg,1,53.356219,7.915865,10,59.461055,17.007971,878.01794,122.07319,0.6506677,0.039784312,0.64114827,0.69543,918.4081
d2cfb82d0a494f3198fb0f25fd652d6f.jpg,2,42.789596,-4.904219,2,42.771244,-5.038867,11.176889,4.965831,0.8318867,0.04724437,0.8125133,0.9093803,11.176889
d2d969367f3f4c4a93be4019a231b751.jpg,5,50.361511,-4.612973,5,50.288091,-3.701623,65.2101,1.6102105,0.69573236,0.010538936,0.67834175,0.7973039,241.76752
d2fd08644cb541adbce83c6b710b1c2e.jpg,9,52.84196,21.492498,1,53.234732,9.999449,768.82715,283.51807,0.7135792,0.034264386,0.6864986,0.83086824,774.0227
d30bbc8108c745c7b6873fd823cdcd57.jpg,7,41.397105,15.693285,7,41.394715,15.703408,0.8852322,0.8852322,0.7649837,0.034670293,0.7561441,0.8677789,744.505
d30e2169ead1483499740ad2586ebcc0.jpg,1,52.484582,11.684961,5,56.85582,-5.030483,1175.6595,377.90176,0.70100105,0.055079937,0.687665,0.75434524,1175.6595
d315df553b8643e0bb53da2a2049674b.jpg,7,45.523778,11.021881,7,43.741132,11.239866,198.9703,91.6772,0.68536866,0.03973466,0.6738905,0.7312812,198.9703
d3230583c55940edbfb2a6c828cc25d2.jpg,7,36.781156,14.915399,0,53.518493,30.268511,2206.177,21.954615,0.787488,0.054281533,0.78008646,0.81709397,2206.177
d33bb71a35194864a6b0e74364637b4e.jpg,10,60.496411,16.107689,0,53.513809,31.201687,1194.334,118.78684,0.63443226,0.010682583,0.64745545,0.6420257,548.64166
d34a3ae3a2af474e87697eccaa2fd8fb.jpg,9,52.692555,21.134764,10,60.065633,16.139518,875.03217,496.8053,0.70510566,0.014384806,0.6714417,0.8487439,804.52606
d357149e35114b7e86be3023410f7219.jpg,7,45.899152,11.630091,9,53.476695,16.56726,913.8372,187.28293,0.6897854,0.014176667,0.69050676,0.7858086,837.3058
d36fbfc78ed846839907d0e145d44654.jpg,2,38.216162,-2.4546,5,56.07602,-4.826197,1993.7156,1283.5156,0.6084538,0.0023038387,0.6019246,0.72533965,2160.5046
d3702e2faeb048d1b4cdcb38842c0f2e.jpg,3,62.542048,25.89788,10,56.885884,14.229187,905.1149,11.525305,0.7136323,0.030118585,0.6941534,0.7915476,905.1149
d3705aa1488d41a6832f3045c0bc5ea9.jpg,1,50.559528,11.737528,1,48.366369,8.980725,314.86035,43.119102,0.56774986,0.014600575,0.55349636,0.7262276,328.9767
d3d667a31ff947d8a23052db0365782b.jpg,9,50.862499,17.141652,4,48.562012,2.196442,1102.5211,23.323082,0.71399045,0.05482477,0.72009766,0.78373337,692.49066
d3e73a59527a44b9b146b9287a9c007d.jpg,9,53.392691,22.582994,9,53.386119,22.583956,0.7335533,0.14933409,0.8662131,0.049865127,0.84560096,0.9486615,0.7335533
d3ea1e1dc6a1486ab4f34fea098daabb.jpg,2,41.951466,3.091191,2,41.933008,2.843993,20.548256,1.2371287,0.7816122,0.010748029,0.7516173,0.92869717,20.287367
d3fec2508afd419fb03acbbf13fd6f78.jpg,3,64.022299,29.462077,3,67.614927,25.402213,439.99106,1.5169677,0.76880884,0.006964028,0.7421682,0.9083373,439.9417
d402bc62f6984d5785ea24187ddc7432.jpg,3,67.294944,28.151831,3,66.157612,28.566838,127.77268,4.165611,0.79414165,0.00204283,0.7617513,0.9392576,140.21361
d437c0fa37ec4ef79d10fb850ba49da3.jpg,4,48.214231,4.882232,1,54.129983,9.065803,719.2534,13.980031,0.7041563,0.0022414923,0.7120948,0.83506566,124.26983
d43b77b51cc7419e94165d032399279b.jpg,5,57.132194,-3.932493,5,57.128072,-3.937631,0.55337805,0.55337805,0.82900083,0.06205511,0.8084632,0.9111512,0.55337805
d43c2a1db15f4c379b972b18a2673391.jpg,10,66.060295,17.754262,10,66.373814,17.001689,48.519405,48.519405,0.7337813,0.025396228,0.7583715,0.7385293,2472.5098
d45fdf8707bf41f9aaddfd9b7209465a.jpg,10,65.902772,19.472748,10,65.878319,19.462936,2.7553356,2.3346171,0.9465885,0.03499019,0.93649065,0.98698,2.7553356
d4adc2dc4d87491d85444f59c7a0dd13.jpg,7,41.000414,9.239631,4,42.193651,8.628155,142.09038,0.39938954,0.8030195,0.0035966635,0.8005363,0.8694343,9.590985
d4bf4d846b874683ab25793b48798b3a.jpg,6,65.480775,-23.956547,6,63.895745,-16.612111,390.8033,1.7144916,0.7679354,0.00511235,0.78074926,0.7985978,1319.6279
d4d6b0420c494770bb73f6dfbcd78368.jpg,9,54.459904,17.887855,9,52.105639,23.540185,457.74384,24.488796,0.76778764,0.009653509,0.75641114,0.85798335,134.47061
d4e24d25e0e74695b990576de40182a2.jpg,4,48.28813,7.62586,1,53.067468,13.2877,664.08,68.62657,0.7909597,0.008965552,0.77436006,0.8573582,664.08
d506c4630cb3423aaa70d905664faf29.jpg,3,61.279776,28.7249,3,61.292058,28.734114,1.4516976,1.4516976,0.8625439,0.035117865,0.8376916,0.9619528,1.4516976
d508d814bce04cd7aef78f2d62cb4134.jpg,7,38.039277,12.705423,7,38.037955,12.709249,0.36589617,0.36589617,0.784078,0.05622065,0.75020826,0.919557,0.36589617
d51eeacf35f5474d9994227cd7784d68.jpg,9,50.822544,16.428628,9,52.673718,15.121732,224.6355,42.626244,0.71033,0.014338493,0.6872953,0.80246866,224.6355
d52c8821ae4443ad832bda690d012758.jpg,10,62.915515,18.00268,9,50.821065,22.736292,1374.3563,181.2511,0.6631157,0.008923829,0.6854787,0.7224698,879.4608
d5322c22900042d299f824ff9b1e4c05.jpg,2,36.847025,-2.620719,2,36.849494,-2.621772,0.2900892,0.2900892,0.77385086,0.062877834,0.73834246,0.9158844,0.2900892
d566aae5d22b4d6c9a9132c3aea9713c.jpg,7,46.046887,11.00508,7,46.040681,11.014676,1.0122961,1.0122961,0.7042186,0.07609987,0.68596,0.77725327,1.0122961
d5cfce4d15c849f18c9b9d43be06f9c8.jpg,7,40.787341,16.555149,7,41.429254,15.599621,107.254074,9.430967,0.7160771,0.046450794,0.7293558,0.7735499,1310.901
d5d0ff7fa1b943da9c74b3a66faaf478.jpg,3,62.233263,23.651951,3,61.977189,23.64588,28.47592,7.0898423,0.84550667,0.002891779,0.8285653,0.93300056,31.9456
d5e3321d595e429d9e926cd0192ee4b2.jpg,2,40.000982,-0.586141,2,39.998115,-0.586682,0.32210976,0.32210976,0.7194905,0.045998156,0.71317244,0.7946654,152.95721
d62c8e86fa85468890eb665fcdf31fae.jpg,11,36.363819,33.949463,11,36.362004,33.946935,0.3032686,0.3032686,0.8596408,0.02944088,0.8535674,0.89573467,6.9664054
d63d01473c084f26ad552e82aa9a8090.jpg,3,60.646219,23.011552,3,60.675659,23.096436,5.6660857,5.6660857,0.91724664,0.06373495,0.90868056,0.9536512,11.85079
d65eac0887d94fde8631be1daca79a42.jpg,8,58.772901,5.52326,4,48.610277,-4.533113,1306.5675,419.807,0.6286227,0.0033524632,0.6406857,0.72161365,1232.596
d66139b5c62e404a835eb21d0dbb0fd9.jpg,9,53.419538,19.544101,9,53.420427,19.543763,0.101358145,0.101358145,0.7240444,0.013930142,0.7064719,0.84038186,64.11484
d66b55692e644d3f854c976545917166.jpg,4,44.360411,0.716375,5,56.206378,-5.513599,1388.214,16.45421,0.73878986,0.020946741,0.7352929,0.75277734,1388.214
d6a02832521440be812c95b1dd5172b3.jpg,11,37.580731,38.952449,11,37.046134,27.439955,1019.22375,42.83465,0.6677285,0.03452283,0.6420787,0.7703275,1019.22375
d6a6d742c83c4740a16c1a9c54fd0e0d.jpg,4,41.707778,9.383497,4,41.888574,9.393459,20.120579,4.029772,0.7374613,0.012228072,0.74861395,0.80164295,2902.997
d6bbef88aca648ad89250a285b92c596.jpg,3,63.403622,25.644867,3,63.445952,25.643092,4.707716,0.090107925,0.9079839,0.016626537,0.89648926,0.9757986,10.47979
d6ddec6f33184784830150ea1efdbc22.jpg,7,45.30103,11.14327,5,50.377608,-4.618806,1301.372,826.188,0.5646788,0.013739586,0.5107442,0.7804169,1301.372
d7080d36e6804937b1713cda120047f7.jpg,8,59.547194,5.695907,8,59.547849,5.695662,0.074129924,0.074129924,0.8594705,0.17929733,0.83904386,0.9411769,0.074129924
d749b5c6d12046289856583dc4201418.jpg,0,55.215464,27.91274,0,53.813011,30.797391,242.84367,2.6467183,0.83760005,0.014461279,0.81612533,0.9385154,168.85966
d74c3b0faba640b49cd1a898405c73ce.jpg,3,62.734048,21.954692,3,61.677678,22.55367,121.49812,18.084356,0.7108338,0.0018350482,0.69411397,0.7777132,121.49812
d778218ff50b4ee98173537e4f6fcb5a.jpg,5,56.8077,-3.446426,5,56.777113,-3.407191,4.1565228,1.5630774,0.79313856,0.009621382,0.7656299,0.91539824,1.5630774
d7e22294f2784532ab1ca2e65e7daa68.jpg,4,47.89032,-1.581947,1,47.968789,11.407,966.6438,98.55591,0.7439045,0.06389445,0.7339392,0.7837657,966.6438
d7e2de7c526941fe831ad8aea27c73a9.jpg,2,27.935426,-15.593087,2,28.785603,-17.767267,232.79405,16.54821,0.6856445,0.0067195892,0.6572171,0.8169272,248.23883
d7fc3b65d4524942b672082f352b78b9.jpg,1,48.127169,12.317079,1,48.197931,12.359153,8.464611,1.2601556,0.6275981,0.017976165,0.60310304,0.7436366,16.878471
d80088419c25406783bc20773d3ac3ad.jpg,5,51.215293,0.726344,4,50.766277,2.837808,155.98341,155.98341,0.6760721,0.01920247,0.6857365,0.73149204,1478.2643
d80ab1e4fdc648b3a827e4d6392871d2.jpg,9,54.493868,16.485006,9,54.185701,16.090026,42.775803,4.001388,0.715402,0.06229937,0.7198458,0.83901083,5.1834164
d87482f4a8704c22a63e3a1db878c825.jpg,1,53.503225,10.453323,1,51.57148,13.903785,317.1086,5.404825,0.7057247,0.0007356405,0.67089564,0.86441374,371.3139
d8845e20af1a4972b64f3824ecdf5be0.jpg,5,56.345831,-3.469585,5,57.162041,-2.718103,101.66353,18.8522,0.67655206,0.00061810017,0.6414031,0.8634476,59.248505
d8b1b5ab017a494681d8cf346e70125c.jpg,9,54.641596,17.728339,9,54.641503,17.66953,3.7842245,2.9196892,0.7499654,0.054118693,0.72641784,0.855683,156.3074
d8b599f11f5f49a7a38d401d6daab2d3.jpg,10,57.059921,18.311683,10,56.975206,18.314161,9.421085,5.514506,0.8036968,0.0066449046,0.7697879,0.9568147,26.353838
d8ec581b90714df9b496c6ac0ecaa2dc.jpg,10,63.821629,14.39159,10,64.073764,14.077745,31.952082,1.3085135,0.8893982,0.004505992,0.86855793,0.97275937,31.952082
d8fc2164165f408291dbceb588d2b346.jpg,1,54.63829,8.851427,1,54.601501,8.903466,5.2876463,5.2876463,0.7796848,0.0121251345,0.74886346,0.9029701,5.2876463
d902841c6dd8442a8df72bce1c186102.jpg,1,53.369239,8.470098,5,51.965122,1.209108,513.65564,3.4461548,0.70991087,0.002538681,0.7058917,0.8007797,436.30475
d9140e2023834d4fbf0ef3756e84bee0.jpg,0,52.981241,26.936207,0,52.980358,26.912436,1.5944617,1.5944617,0.8959013,0.018353641,0.8755839,0.97717094,1.5944617
d96730e05b68483781ed927b97e7bfd9.jpg,10,67.867592,19.315389,10,67.756624,20.07438,34.176655,8.772039,0.8340038,0.004722774,0.83186233,0.8597926,57.777992
d978f798d54745fa83aac497be818b41.jpg,11,40.982598,27.491377,11,40.031026,32.878117,467.46585,82.83978,0.7474471,0.006435871,0.71794856,0.8687556,2418.0227
d97b42e85643404a8a9ebe549e4102fc.jpg,0,52.537745,30.816128,0,53.652064,30.039781,134.31123,3.2291753,0.90059066,0.03673446,0.8848009,0.9637494,134.31123
d9895868415642ba8828e9e0aa3cac84.jpg,6,64.518307,-14.548117,6,65.802066,-17.568896,200.67625,41.09197,0.7792702,0.0048053265,0.8101482,0.7561134,2006.4318
d9a168ec58be49739912e03524cefa55.jpg,6,63.85384,-22.235848,6,63.84916,-22.210397,1.3514037,1.3514037,0.85432625,0.027638972,0.831459,0.95833,6.73389
d9aabc81b43840f98c0e4a679b3a4548.jpg,5,54.622706,-5.764378,5,50.833724,-3.799671,441.55478,1.5440463,0.66141385,0.0011119246,0.65755,0.74170417,361.21362
d9bd4a9ac3224c498b2aa276119262f6.jpg,2,43.124558,-5.171307,1,53.234732,9.999449,1584.0946,410.6962,0.7111369,0.055240512,0.70349413,0.74170756,1584.0946
d9c5bb43824a40e983a956298fb28d40.jpg,0,52.636229,30.84029,0,53.652064,30.039781,124.936104,0.017243786,0.90638614,0.024742067,0.88871396,0.97707474,124.936104
d9cc43489c55411ab9e0f6a38b1164e7.jpg,6,65.468234,-18.725244,6,65.644809,-18.455455,23.229256,8.066385,0.8978262,0.0076137185,0.8783932,0.9755583,23.229256
d9d62bf41a6c4c139ebc39cd0f0e3388.jpg,9,51.529984,15.604478,1,53.234732,9.999449,424.87616,12.638212,0.7060747,0.0037298203,0.7011787,0.80602366,371.18427
d9e5159de1d645989c3065699e801fd5.jpg,8,61.7496,6.361047,8,61.756879,6.262234,5.262675,0.95953935,0.917585,0.06756103,0.90123916,0.98296833,5.262675
d9f30b8a022a45efa4ffe33fa2aec1c5.jpg,4,46.185313,-0.979341,4,49.242238,-0.134976,345.72894,123.00123,0.7003527,0.010404289,0.6704986,0.8227626,333.43408
d9f7860caf434e0b9d0740e0dc74609b.jpg,8,64.81943,12.977389,8,65.024836,13.264094,26.537779,2.07489,0.77554375,0.0004941821,0.7494543,0.8814907,78.69211
da074789289b4069a34ecb99875456b7.jpg,11,39.656469,34.536289,11,39.697756,34.394158,13.001351,13.001351,0.8081468,0.06454861,0.812679,0.8221144,257.2923
da2dad6ddd5a4ff3b5f625eb42ab494e.jpg,8,68.890096,18.367388,8,68.856004,17.984385,15.811384,6.6422443,0.8242211,0.00058948994,0.7975786,0.95454293,24.401264
da30a73491c54ba89c0d8a65e0195e39.jpg,6,63.819061,-22.531723,6,63.851573,-22.030376,24.846277,1.2153552,0.85130537,0.012253106,0.8250234,0.95643294,24.846277
da68070551404fe097de0abcd29c1d0d.jpg,5,53.846102,-0.636091,5,52.593832,-2.769499,198.89037,2.3290362,0.73453635,0.039292693,0.7113814,0.8271562,198.89037
da6d64d7e46f4c809b4e72fbfcc29c32.jpg,3,63.55207,29.120257,3,68.559403,27.503438,561.502,27.336277,0.7442392,0.016413629,0.76195407,0.7459783,596.7774
da706dfa6bd44128a97b14b659962ca0.jpg,6,65.556807,-22.410746,6,66.020685,-23.378411,67.87904,0.96683437,0.87085694,0.009270966,0.8569192,0.9519608,37.042824
da8f684ed7a145a5a94090bb33fbdc3e.jpg,8,61.929216,11.766155,8,62.22618,11.782424,33.0318,2.7293723,0.87771404,0.02944386,0.863362,0.9619987,34.63378
da93772ff94d4bed83c13ea4d194f783.jpg,0,53.02468,30.565446,0,53.119865,30.489643,11.733238,0.69140166,0.8718341,0.037047684,0.84979355,0.96113604,29.909496
da95342aae044ae38a8e080c29f5dd17.jpg,11,40.347052,39.946394,11,40.361351,39.887415,5.2445216,5.2445216,0.78014374,0.019971192,0.76016796,0.8600467,5.2445216
dac5111c6291408896efa1a31755b55f.jpg,4,49.468833,-1.789601,4,49.523653,-1.872275,8.532768,8.532768,0.76001024,0.04858172,0.7615125,0.8418274,247.63394
dae7d317dec14fbc9cd3bcf9a2cc44f6.jpg,10,59.972889,17.697901,10,59.994644,17.713114,2.562789,2.562789,0.89215153,0.11930293,0.88577646,0.91765165,2.562789
db0f18a882334715bbca2bcba0740837.jpg,7,40.98271,15.927166,7,41.062413,15.714447,19.924822,19.924822,0.849842,0.026305258,0.83380216,0.91400146,19.924822
db1492d7ec5a4c42916ad358509f379f.jpg,9,54.301681,22.635894,9,54.299711,22.401978,15.179404,0.21140489,0.72064626,0.025758445,0.6937529,0.86744744,341.64682
db60f68d85fe4cfca14e36901bdec9b3.jpg,9,50.489723,23.45322,9,50.485841,23.449191,0.51727897,0.51727897,0.82163197,0.014700592,0.8054934,0.9061488,1.0260152
db742f8536f540c3bdcd8f22b6910b86.jpg,2,38.068431,-0.585952,2,38.116988,-0.550413,6.2309785,6.2309785,0.8908266,0.15969259,0.87737286,0.9446415,6.2309785
db86b267ba4b428abd2c91790de4d243.jpg,7,42.268391,13.500218,7,42.188566,13.499189,8.876552,8.876552,0.71480584,0.123220325,0.72685206,0.70192707,2556.7458
db8d4a555a8c4973906eefe8579392a4.jpg,5,58.574835,-4.767275,5,58.497341,-4.456095,20.01103,1.7934792,0.8141279,0.044711232,0.7848344,0.93357134,7.391381
db9630dca952497dbf0e2cf0ba0dd098.jpg,3,62.259491,25.674714,1,49.447038,8.782049,1760.968,73.81597,0.66873616,0.014871776,0.6512092,0.75147057,1710.4167
db96585f3fbb42d1b8337f4c9526f04d.jpg,3,67.930979,23.942262,3,63.945694,29.916284,518.8463,0.6234995,0.6830377,0.020697773,0.64691156,0.8275423,518.8463
dba9836d73dd4a5fad4f0d4095f39dd0.jpg,9,54.66179,18.408865,9,54.339018,17.856196,50.6124,5.5946393,0.7655571,0.043153405,0.7699101,0.7781298,241.52559
dbada8597328410d80c08bdba529c245.jpg,5,51.690467,-0.927052,5,50.647209,-4.738397,289.90698,15.6727085,0.76395863,0.024085283,0.72198987,0.9318337,289.90698
dbbece0d5a724607b207ba5df67c5f45.jpg,7,40.491209,16.290735,7,40.485919,16.309423,1.6863214,1.144235,0.89001405,0.026591897,0.8740717,0.9537834,1.6863214
dbe49f21f6c644c1a9e10ddc779c3170.jpg,5,57.488961,-5.28596,5,57.782351,-5.037308,35.823795,7.4991474,0.8134411,0.002031684,0.78540945,0.9356133,68.41383
dbf865f29a2c424d8b2061fc5f890966.jpg,0,53.247073,29.444726,0,53.681016,30.050874,62.75571,0.106788136,0.8671641,0.027526915,0.84500134,0.9558151,62.75571
dbfadcc8e58c45e586b8f7e92ebf43e5.jpg,9,51.307027,22.118108,9,51.521863,23.076633,70.63559,1.9902451,0.73966956,0.01155448,0.71283734,0.87775177,43.22626
dc060579b1d94e4db3e3cab201ac20b7.jpg,10,57.17925,14.078959,10,57.177718,14.078164,0.17696121,0.17696121,0.9334435,0.12738615,0.9312469,0.94222987,0.17696121
dc2045fc0f784206b5f70997d7e04438.jpg,11,36.373725,33.941007,11,36.380901,34.024324,7.501625,0.7649201,0.7608826,0.0036756992,0.76446074,0.8424982,3526.6868
dc532460533540d586bdd41d8cc981c6.jpg,3,67.996322,25.181564,3,67.997382,25.181752,0.11812673,0.11812673,0.9571103,0.019154072,0.94713926,0.9969945,0.11812673
dc75c7d2ba5647e7a401d09df9f17de7.jpg,2,43.744959,-7.693173,7,40.936212,9.093987,1411.9847,792.5471,0.7074742,0.004260361,0.69906294,0.83900756,1464.5726
dc82d3e78b9b45a78aca8f8ee4e95c70.jpg,1,51.219511,13.073628,3,64.414732,24.123588,1601.2072,335.4523,0.76778805,0.012047172,0.7568439,0.81156445,1601.2072
dc8cf21d7e0b4595a822591d713b31fd.jpg,3,64.078468,28.702842,3,64.178159,27.766957,46.74283,12.468831,0.8554667,0.0021336079,0.8400277,0.92408586,43.6638
dc9f02d61e5b45689968e4bc6368f516.jpg,11,36.996556,30.16285,11,37.022185,30.176414,3.09387,3.09387,0.8050997,0.08212012,0.7809634,0.9016447,3.09387
dcb1d60139114875a1dcd4019420cd65.jpg,10,57.403763,18.872114,10,56.933192,18.141771,68.38461,16.905941,0.6944576,0.008434713,0.65984255,0.86551625,60.21298
dcb80be8c1484a4c851374406513d2d3.jpg,3,62.949782,30.097127,8,59.908537,5.367889,1348.5481,121.95933,0.70461667,0.034720123,0.6986157,0.76552284,673.2856
dcd55fce6fde4c49bea217c77479c5ab.jpg,5,50.343967,-5.106281,5,50.022582,-5.247881,37.131413,1.8018935,0.8226454,0.003688693,0.79629093,0.9785564,39.131824
dcf705ef2806488ebbe344b190c2fe60.jpg,0,55.149879,30.242859,0,55.149659,30.243115,0.029377569,0.029377569,0.86743355,0.18833852,0.8746568,0.8385403,0.029377569
dd1c0073f09c453996a752332963043e.jpg,9,49.908786,21.51994,3,62.24952,23.451442,1377.2983,780.748,0.6583869,0.0038701296,0.65053153,0.74555,1156.29
dd25c30609764683892902f0fefc3081.jpg,9,53.034655,20.444992,9,52.915904,20.531135,14.409304,1.8405998,0.85684055,0.054275632,0.8307566,0.9611761,14.409304
dd86788fcbf547beaacceb805aa2e01b.jpg,8,69.304892,23.876597,8,69.30772,23.879711,0.33742648,0.33742648,0.91337645,0.088407874,0.90090364,0.96326756,0.33742648
dda142890c2e42b29163ac3647999e84.jpg,4,47.936553,5.940765,4,47.139572,6.277155,92.147644,30.736109,0.656384,0.026674569,0.6525761,0.6716157,92.147644
ddcae18f289942d38d179b799d96bc57.jpg,1,51.451203,7.824947,10,59.757224,15.894199,1051.8125,3.215132,0.6405497,0.010513902,0.64914584,0.7099844,1128.5094
dde6f58ecfa9432eb049e084083efc78.jpg,9,53.467173,22.665945,9,53.296035,22.455261,23.609236,6.748572,0.7644032,0.011420786,0.720845,0.93863595,23.609236
ddeba4e2976a4561b61cf4cf6d1ceda1.jpg,0,55.441259,28.657214,4,45.454263,2.071068,2165.7988,14.541628,0.68786484,0.022171676,0.6822179,0.73309386,1981.1997
de0d2204a9874a728f4d9dadb6ef5529.jpg,7,37.385497,14.866786,2,42.501227,-8.779464,2086.853,397.99927,0.59444624,0.00315094,0.61913913,0.5975057,2161.4949
de25ce0337124c778bdc464324c400af.jpg,11,37.868235,41.148929,11,40.642396,29.398549,1056.749,7.3641877,0.68386775,0.020423055,0.68778104,0.7283508,1246.9972
de6502f5b24841e2912805fd4cf8c9f0.jpg,3,61.127917,24.812637,3,61.193146,22.500203,124.234505,7.8900194,0.7051604,0.0054063797,0.6832504,0.825626,261.82944
de7ccb08af4447f0b69ed2d03f147319.jpg,5,50.425015,-4.66942,10,58.954557,17.785427,1714.0068,3.7353828,0.6261945,0.009576321,0.63630784,0.65243936,22.440212
de903128f3dd4a528151c80f326518cd.jpg,2,40.601257,-4.899767,2,40.485412,-5.594538,60.103695,11.490102,0.70703816,0.035047352,0.6780125,0.828502,11.490102
dea227c03f9b4b539d877e04c3ef6fba.jpg,0,53.587528,30.362386,0,53.60858,30.387285,2.859948,2.859948,0.6756394,0.05379188,0.69707453,0.66397977,1058.0582
deb432b59e034bee93e295d3a81ab0a4.jpg,1,52.204555,13.185441,7,39.490327,16.958532,1443.1345,560.5783,0.5708085,0.025155425,0.5565394,0.69483924,1462.1765
debf9b1e36d449f78d574bb30164f47e.jpg,9,54.493315,18.335167,9,54.493944,18.334285,0.090201795,0.090201795,0.7948013,0.11145246,0.7948969,0.7944187,0.090201795
ded8c2fc335c4d45888542e0b18a23a0.jpg,10,64.111877,19.328535,10,63.98037,20.079203,39.34842,15.25349,0.8124096,0.022488654,0.80304277,0.8786446,16.3997
dee952aca0b74b9db4dfb03da6de35b1.jpg,0,52.161358,26.090681,0,52.629622,27.468486,107.0065,0.35687214,0.839294,0.0008699894,0.8147946,0.94206107,47.95583
deeed17f4d8c48e1b0e5c736cf022d8c.jpg,3,60.647759,24.225133,3,60.694126,24.168639,6.0041704,0.15873271,0.80610305,0.034612,0.77860826,0.91608226,6.0041704
def009ce4aa04e34a1fad2d0991c5471.jpg,9,53.048158,17.680281,9,51.503922,23.561949,435.2801,40.584293,0.67807984,0.032179117,0.65431476,0.8230777,101.24477
def9b53d62214aac9e368f84f31acae4.jpg,8,59.21619,5.454634,8,58.592525,8.862289,207.59302,38.74913,0.78114545,0.0004749298,0.762331,0.8564031,207.59302
df13603d6ab94e3180048a4bbc382d0e.jpg,2,39.99515,3.845783,2,39.994325,3.845642,0.09251895,0.09251895,0.95261574,0.07458973,0.9455955,0.9806967,0.09251895
df1aafb868d14b1fb90cd9cb08992e1e.jpg,7,40.935885,17.17344,7,40.94695,17.183093,1.4735042,0.2105651,0.6700065,0.11530757,0.64209175,0.78166556,1.4735042
df3900fcd2c7445d9bfd980df4442f4c.jpg,2,42.386986,-2.166759,2,43.12634,-7.518212,444.50043,6.0438128,0.66757417,0.012342513,0.64120525,0.8574823,156.41739
df5cbeff950d4eb8b069a1bd0160cca7.jpg,7,43.239056,13.525492,7,43.234149,13.528038,0.5833142,0.5833142,0.76077676,0.014190197,0.7342865,0.86879516,12.824258
df6860e04b934e648604bff9a0ac802a.jpg,1,49.137672,8.766112,4,49.20051,1.132026,554.82623,117.421196,0.6305134,0.007522464,0.6428772,0.6659192,750.87036
df991f1d0b894d59b87b5a4dd8f5854b.jpg,7,46.007368,11.267012,7,44.369709,8.031063,312.1598,78.005,0.6984606,0.003801763,0.6896493,0.77943265,929.0119
dffa5ca3da91406aae428c27477e70ae.jpg,6,66.059815,-19.326035,6,65.953526,-19.411614,12.436123,0.3798435,0.8863625,0.00687778,0.87317073,0.9592165,14.206096
e03a7e2cc5614f42aa335fa866c3f795.jpg,10,60.285497,13.890412,10,61.664889,16.058077,192.85773,24.113604,0.6614574,0.0027382374,0.6572936,0.7454908,172.59964
e0d8e4c16c1046ee9bfff7765c5e0eb1.jpg,8,62.557737,6.114056,8,62.54223,6.125243,1.8171498,0.68295765,0.6428055,0.012665093,0.6335977,0.7672492,0.68295765
e0e6bf9f7fcb4ef4874fddc574e8e1f2.jpg,2,36.151285,-5.823768,2,38.094182,-0.712794,501.90536,16.667913,0.6574887,0.009365976,0.6751698,0.7757366,16.667913
e114b6f98ea54d94aebbb68543340c91.jpg,2,36.713784,-4.274085,2,41.947476,3.120049,861.4277,21.370184,0.6295727,0.012484193,0.6220957,0.7438623,764.6677
e12520a846ac4593a0de493c21e45c0f.jpg,7,45.582628,8.338742,7,45.04196,11.542332,257.60464,9.576964,0.686854,0.022067547,0.65301245,0.83525085,62.727627
e135c7558053459e8225f8e2fa14dacf.jpg,10,66.129033,22.8659,10,60.066187,16.802166,739.18665,2.4873853,0.745149,0.019845366,0.75193846,0.7179914,739.18665
e13cbfb55de94b0ba825be52225a0c4f.jpg,4,47.890379,3.239056,4,46.34976,6.105462,276.34723,20.364626,0.7295595,0.010840356,0.6900507,0.88759446,276.34723
e13ccba33ce243f98cf2869ab0856e38.jpg,7,43.998848,8.051325,1,48.422728,11.878311,573.14557,135.09926,0.6634907,0.010859907,0.646801,0.7848015,707.3065
e14ac40339bd47029a0fd238ceab2d66.jpg,5,53.864766,-0.36626,5,53.864739,-0.365382,0.057649497,0.057649497,0.8559595,0.057751,0.8297242,0.96090055,0.057649497
e14da463ea9b42e5919b92828f95e7c8.jpg,7,36.948878,14.603721,7,36.833029,14.727737,16.958155,16.958155,0.63661397,0.013013959,0.63688004,0.79475075,909.1506
e176ef04f3d84676a6541d1f61ed62d8.jpg,5,57.557305,-3.001711,5,57.557255,-3.001561,0.010534839,0.010534839,0.74329203,0.023263574,0.76529616,0.7380847,4.538942
e1a21097b88c465e8ff237bb7c2fa631.jpg,3,64.370729,24.026343,3,64.36857,24.023755,0.27042365,0.27042365,0.9160744,0.024606466,0.9020052,0.9723511,0.27042365
e1c4601fdbb04005b57450c1a5ededc5.jpg,7,39.414284,16.013789,7,39.408588,16.014914,0.64069885,0.64069885,0.87813807,0.08406377,0.8638294,0.9353727,0.64069885
e1fb0cfd20cd4811ad8f16e92f2766fc.jpg,6,65.746989,-19.644512,6,65.746852,-19.643904,0.03167459,0.03167459,0.8759297,0.14881164,0.87131786,0.8943769,0.03167459
e203fae269c04894a23eb9b04c41e38c.jpg,7,42.394402,12.666454,9,51.383318,22.457828,1243.7603,0.8861083,0.7006713,0.029178023,0.7051034,0.7575868,1106.6652
e209a0fe50c54616a4fe6b25cc0b8d91.jpg,6,63.951871,-16.843522,6,63.952233,-16.844779,0.07339915,0.07339915,0.9363382,0.05145824,0.93027115,0.96060646,0.07339915
e217b8fabfa34b7ba2723d8ffc09a88f.jpg,4,44.405663,-1.074967,4,44.410575,-1.074512,0.54738474,0.54738474,0.9012312,0.110036254,0.8980534,0.91394246,0.54738474
e22e8f3fd0fa4c7dac5eff91416a4eea.jpg,9,53.134505,20.73796,2,41.518674,2.125268,1896.3901,692.1002,0.58702147,0.01125288,0.57244384,0.6983394,1132.0273
e23233f6012341db93334ffce3ac67b7.jpg,8,61.504297,5.74456,8,61.613345,5.349419,24.184893,15.199252,0.80731344,0.042950213,0.7735039,0.9425516,24.184893
e25aee94872f409f84fb1808dcd0c80c.jpg,1,52.715939,7.691909,9,52.963439,18.912273,753.37256,142.25739,0.70323724,0.009555995,0.67416954,0.81950784,753.37256
e263a0e6c0d74b28b4cb1d05d6e2fde7.jpg,1,53.867233,12.190548,1,54.377429,8.729493,232.5439,5.7571645,0.8332669,0.03084588,0.8088659,0.93351835,252.86488
e26ccae926f642e087fe876b0f117d39.jpg,6,63.664465,-20.111067,6,63.591985,-20.055183,8.518985,0.34108478,0.8893526,0.0003144145,0.87392133,0.9587279,3.6365967
e2aa08cced0248d5b00f9c2c09348995.jpg,8,59.755303,10.569453,11,41.324741,27.961821,2373.324,84.778336,0.68800026,0.036895096,0.6621442,0.7914246,2373.324
e2ade4950c8a4ab487f0cf13e7d95dba.jpg,2,36.986576,-5.944767,9,50.008248,21.076695,2594.0842,103.43731,0.6281804,0.009865701,0.62586683,0.72344387,675.4336
e2af99ce162f4892a9f798f785eb288a.jpg,2,27.862246,-15.502188,2,28.926679,-13.700971,212.24986,15.031977,0.69491273,0.017708004,0.6745422,0.7763949,212.24986
e2b16b46839c4f34b53d02364e7bceaf.jpg,2,36.788237,-4.718055,9,53.158673,15.928122,2421.7593,1185.2362,0.6419751,0.002003312,0.6116829,0.7631439,2421.7593
e2dd8d15a47141a58e0e934838a6cf75.jpg,7,43.8111,10.727295,7,43.80519,10.722652,0.7554323,0.7554323,0.8010816,0.021374285,0.7903224,0.8821107,339.85834
e2e1bc2aae1b463b89a560a3198e9f41.jpg,6,65.640458,-20.780221,6,65.794127,-19.93966,42.063522,4.48336,0.77904946,0.021466315,0.75925845,0.8582133,42.063522
e3138b909aba47318b8c6607c513aac7.jpg,11,41.623602,32.338467,11,41.773651,32.477228,20.275648,11.411606,0.756778,0.0016066432,0.7201797,0.9031713,20.275648
e33cbae26ff148268b61c0330185aaf6.jpg,1,52.113971,9.415716,4,43.786895,-0.936213,1202.4691,255.2701,0.7265549,0.064202964,0.7183352,0.7594335,1202.4691
e353abda80d54a11859b0dc4de257dc0.jpg,3,64.15175,25.798782,3,64.160183,25.799596,0.9385379,0.26399443,0.95396656,0.0016577244,0.9451231,0.98934054,0.9385379
e38fd7e01585407cb24598f7b26a1b79.jpg,8,68.501656,16.889378,8,68.502395,16.894419,0.22124429,0.22124429,0.8810743,0.005688429,0.86378896,0.9502156,0.22124429
e3afab998ec34824b8ab258c3164ee15.jpg,5,54.938986,-3.998698,5,55.566601,-3.394363,79.60616,24.857132,0.72656417,0.0069484115,0.70044625,0.8897586,285.25003
e3f9602c431746109dacf76b0ea6af50.jpg,1,50.683417,10.121849,1,53.000128,13.868698,364.07886,202.44502,0.7421925,0.0047364235,0.7420976,0.88731873,737.5707
e41e06f452804f6aa294a40bc189c32f.jpg,7,40.558185,15.391558,7,39.654097,15.837828,107.45576,16.143967,0.7341731,0.0059400797,0.7155335,0.89002407,306.9844
e423e167f47549cea51b3f107db9f6e9.jpg,2,36.995387,-2.690404,7,46.665326,10.503575,1529.4332,1304.9423,0.6554053,0.021499932,0.6337784,0.7754879,1643.4404
e43bbf17a7b24c3189b3296b4ba89500.jpg,6,63.87892,-21.209955,6,63.84916,-22.210397,49.114483,0.59620535,0.7239507,0.021758795,0.6973913,0.84143144,32.86549
e4491d147be04feeaf3d1c0e5f66a842.jpg,1,53.473662,9.029707,9,53.47703,16.187632,473.51135,27.506716,0.705685,0.002040863,0.6820471,0.8002366,473.51135
e465386e84d74221b6f480d410762687.jpg,7,45.134925,8.486188,11,38.33261,26.895814,1699.2601,21.979675,0.68791634,0.0011117458,0.6925189,0.6695061,1699.2601
e474730f4ba84d8f9d4b481c9de4a1a0.jpg,3,62.950203,25.821468,3,62.979309,25.819581,3.237849,2.1819136,0.91368544,0.0078030825,0.9020902,0.97161996,43.782204
e49393e12ae24c9f93a07330e2b77587.jpg,2,38.317745,-0.514607,2,38.323799,-4.979309,389.4556,0.34008306,0.64972913,0.0004913807,0.6974541,0.6118798,2715.3374
e4afeaf3f7c0444ebf75b30e4406cce2.jpg,5,55.693739,-3.563796,5,55.813308,-3.502197,13.842966,5.9624224,0.73451227,0.049914956,0.6959401,0.888801,13.842966
e4b5afb7614d404ba66d3d67b4c10943.jpg,9,51.640919,16.019571,9,52.21186,17.238567,104.96129,38.23746,0.64526755,0.008030117,0.6415364,0.7175094,133.66527
e4d15732dc914b6986e94a8d940372a2.jpg,0,54.51362,30.497314,0,53.616386,27.465608,221.54605,0.18824771,0.88405526,0.013298154,0.88154376,0.91201496,221.59094
e4d8873f32df4329b0c842f73e8ff41b.jpg,10,65.981779,21.601562,10,63.98037,20.079203,233.76146,37.232918,0.83042645,0.010563672,0.806555,0.92591214,233.76146
e4e24f30925049728052b2e9c4c6b185.jpg,2,39.552361,3.345915,2,41.65757,-3.485564,622.187,243.81523,0.7604117,0.02344042,0.7588617,0.7666114,622.187
e4f20108674040ac97f854287514c8c9.jpg,8,66.292976,13.767733,8,66.303742,13.562544,9.249236,9.249236,0.7637742,0.08454269,0.7256882,0.9161181,9.249236
e5002571a217494b894d440d5bcb0eb8.jpg,4,44.658946,-0.989251,8,62.470437,6.190468,2033.5565,742.13574,0.75984997,0.0120998025,0.7378776,0.8477392,2033.5565
e50599ba2d3d425786fc942f15a85d33.jpg,11,39.615259,43.722583,11,39.615923,43.7202,0.21706587,0.21706587,0.92455804,0.1124416,0.91115594,0.97816646,0.21706587
e5287725c2834bd292ea8771ade14eeb.jpg,7,41.437702,15.607738,7,41.062413,15.714447,42.673172,1.1577228,0.8686669,0.040313303,0.8499773,0.9434248,42.673172
e52d8ede69904094b910065da8928d8e.jpg,7,37.270902,14.949212,7,37.267891,14.939691,0.9065896,0.9065896,0.8589622,0.017917752,0.8318005,0.9676088,0.9065896
e5498799b7da44e78234fb62c0d72b92.jpg,2,39.693464,2.634018,2,39.612311,2.646076,9.082669,7.6810164,0.71095973,0.008527994,0.6908318,0.83219004,1085.6077
e549c465bc9441769a571c1d47c87b49.jpg,5,57.518555,-7.283351,5,57.825691,-7.042662,37.02961,3.9085772,0.86710274,0.02603507,0.8485345,0.9413756,37.02961
e5758cb903d547cb85e835156a684d2e.jpg,2,42.490784,-8.651602,9,52.408238,21.088938,2469.6226,35.834946,0.702134,0.06756747,0.6944238,0.7329745,2469.6226
e59145f579314201aaf50dfcc21fdfab.jpg,0,51.857816,30.011153,0,51.668089,30.401324,34.14794,11.8945,0.924482,0.019617438,0.9155129,0.960358,34.14794
e5f220258a31401da3f07a2094baf9d0.jpg,0,52.556565,25.069216,8,60.16893,9.693394,1264.6923,671.63184,0.6497765,0.0191316,0.6622304,0.6733802,1520.9691
e5f41e95070f4c02a5dc3911929ac502.jpg,6,66.052907,-19.052127,6,66.062749,-19.147115,4.4237957,1.4200845,0.8476757,0.0007328987,0.81969935,0.96883225,3.8595083
e606639c31d946a798c6e01e1151c94c.jpg,3,64.161704,25.799731,3,64.154122,25.799014,0.843797,0.16925421,0.9570291,0.0027723908,0.94907,0.9888654,0.843797
e607c1b7d9bf48888f9953190e3bcb3e.jpg,1,48.65206,13.164891,8,59.553484,5.276927,1314.617,172.71541,0.6531223,0.02436167,0.6470193,0.74755603,1192.8887
e63943f91ea143f6a03c86175708500f.jpg,10,65.301572,16.035351,10,65.293765,16.276208,11.225962,0.68063426,0.8625935,0.016312301,0.84554094,0.9308034,11.225962
e68afffe7abc49e79a971cd5f32ee9f5.jpg,7,46.44734,11.906221,7,46.447868,11.905943,0.062455103,0.062455103,0.90487176,0.24639243,0.9022746,0.9152604,0.062455103
e6cc2d5b37864b158ffad86319dfc593.jpg,1,50.57874,7.488436,1,49.602831,8.101491,116.99699,45.169983,0.5940519,0.011213958,0.57474846,0.70117253,850.37866
e6d7e11a34ca405385bd998d4bf784ff.jpg,9,51.445891,22.003607,11,40.062761,40.428643,1899.6084,40.88575,0.6791465,0.014167011,0.7067529,0.71805173,1160.2089
e70f60856cc84152819669e21dc933bb.jpg,8,58.336997,6.262142,8,58.33808,6.255782,0.39026403,0.1615483,0.8517824,0.027009666,0.8229089,0.96727633,0.39026403
e741b5bae67c46cd9f24cf82ac724010.jpg,10,59.089122,17.928387,10,65.66057,19.843686,737.2682,77.237915,0.64875495,0.003685832,0.63952327,0.74572563,184.20567
e74531eeed4f47599495c1080b6ddab8.jpg,8,62.332745,7.52968,8,61.861721,6.095785,91.15881,0.56100565,0.7150542,0.028203607,0.6684643,0.90141386,91.15881
e74beda9480644a68408d3f88b8759a8.jpg,3,63.489734,25.666591,3,63.488824,25.665325,0.11911045,0.11911045,0.90666604,0.036084056,0.8924116,0.96368384,0.11911045
e7981e03a0c4455397ffaec3e4b32068.jpg,2,36.320238,-5.951542,2,42.827971,-2.169901,792.674,792.674,0.62816805,0.0029186606,0.63345456,0.7164466,1762.6415
e7aa9da6c6da4549a652039fbd47eea5.jpg,8,71.014689,25.887393,8,71.00961,25.894459,0.6199249,0.6199249,0.90063745,0.009717345,0.8792361,0.9862429,0.6199249
e7af92487e3d424788f2ffea2d997982.jpg,11,38.277508,41.09839,11,38.671327,41.198874,44.655853,0.42465585,0.8851837,0.01491487,0.8621572,0.9832686,8.53625
e7c604b8a8fd41cd802c819fc2e328dd.jpg,0,54.236407,25.992668,0,54.238541,25.994534,0.26647955,0.26647955,0.8483282,0.17115611,0.8486078,0.84720975,0.26647955
e7ee5d7cc3e24a358d78ffbd10c53bfb.jpg,4,48.667676,-4.311517,4,48.610277,-4.533113,17.488638,8.97717,0.7913482,0.024172783,0.77204764,0.88380337,17.972176
e80a159b2fb347ccbfd1a1fc402f566a.jpg,6,64.251419,-21.360522,6,64.238924,-21.349923,1.4807559,0.7058985,0.82123715,0.025268555,0.7975697,0.9220689,38.541664
e81eb704ac3441e780f1f222c1a17fbf.jpg,8,70.045651,18.888101,8,70.045302,18.892194,0.16009581,0.16009581,0.8169724,0.11180794,0.799757,0.88583386,0.16009581
e8214818b8004a3197f1c30b7978a012.jpg,11,39.287131,29.972519,11,39.281801,29.963307,0.9898774,0.59111506,0.7857255,0.009037256,0.78083646,0.8052813,0.9898774
e841587a899c4906a2aa028edfc935bd.jpg,4,47.412727,0.609483,1,48.07729,9.447945,664.6056,10.483714,0.69993,0.025703907,0.72281075,0.7411918,273.70813
e843a08a15904b80ab24137bab20e64b.jpg,7,39.175228,9.380768,2,42.949435,-5.020833,1276.3169,92.86561,0.68712974,0.006412804,0.67679816,0.82265633,920.19226
e847f342708e483fab805a02b4bba923.jpg,8,58.427187,6.014318,8,58.424308,6.018055,0.38706964,0.13365877,0.88774955,0.029329896,0.8677963,0.9812437,0.13365877
e85b19a15394446488ba4a5537a62f53.jpg,0,52.49801,25.843634,0,52.681635,25.370844,37.907135,3.3899267,0.87131774,0.06270355,0.8567864,0.92944336,37.907135
e870242443ff47abb168159aa928669d.jpg,10,55.451126,13.932593,1,51.136112,11.456007,507.17343,9.05075,0.65582526,0.051379323,0.6214397,0.7933674,507.17343
e892258a514248cda62728c4606a6e5f.jpg,6,65.930809,-18.113784,6,66.07504,-19.232384,53.065884,1.4062796,0.85234547,0.016039848,0.8282589,0.95633394,24.27489
e89644a369db4bab89e3cac1a61559ec.jpg,9,50.410904,18.917081,9,52.072733,20.369645,210.63321,5.950868,0.7169869,0.008214176,0.7027441,0.81684864,209.48328
e8c0760d1fde430eaf6efb33b31d7ea9.jpg,7,41.059972,9.390848,7,40.825782,9.322049,26.674223,7.0484133,0.8093958,0.0009123683,0.79546595,0.9132889,45.259415
e8c7ba4ae7024369a208ea3d97d88f91.jpg,3,65.050758,25.594182,3,61.27953,22.096408,454.44965,45.283073,0.7922857,0.00015437603,0.7559985,0.93743443,454.44965
e8edcc8b23f44c39bfc4f25dd84e0996.jpg,5,56.883079,-5.049903,4,49.085006,-1.48232,899.0819,620.31036,0.63307005,0.005744934,0.6567313,0.6905066,1983.1041
e91911b968804109920c9cccc601857e.jpg,3,64.823244,27.944886,3,64.82365,27.941439,0.16918911,0.16918911,0.7651456,0.013560772,0.7354121,0.92595863,185.10242
e93f065f68b844cf9011ef85ca7bc039.jpg,5,53.684229,-2.774966,5,53.262527,-2.877454,47.37922,11.571234,0.7161025,0.013133347,0.6846512,0.93120223,363.24866
e9591b5cc9d046e2bac48359fa6de31a.jpg,2,43.018288,-8.835299,4,44.919628,-0.782757,677.8803,444.17804,0.63691604,0.025269985,0.6374135,0.6628946,675.049
e9baff56708f45f0b5c5c4a941a7ef16.jpg,10,60.185555,17.895909,10,64.303073,14.958715,482.32446,18.200373,0.8291356,0.007709205,0.81688654,0.9474681,505.25458
e9e20563cac24776832454c2f510e2b6.jpg,10,62.182355,17.163348,10,62.17306,17.157395,1.0787458,1.0787458,0.7933651,0.00936228,0.7711922,0.894874,1.3212411
e9f24df3c39c44e6b106502c810d1968.jpg,6,65.851187,-17.489915,6,65.878805,-17.493162,3.074532,1.1971838,0.8480234,0.030049145,0.82048273,0.95818603,3.074532
ea1c6eed732c4022bb0b6cdbfb28185c.jpg,6,65.224854,-14.349365,6,65.222486,-14.349844,0.26425436,0.1474614,0.9215461,0.1400851,0.9193268,0.93042344,0.26425436
ea2f92d0a50041dcbd71ca6510f7786d.jpg,8,69.20478,23.716327,8,69.206673,23.692123,0.97838247,0.97838247,0.8477373,0.0061609745,0.81549937,0.97668904,0.97838247
ea4744a3cad24d20b001a32fa93be81e.jpg,6,63.547345,-18.450195,6,63.544487,-18.452315,0.334697,0.22297408,0.93014264,0.003988862,0.920076,0.9791508,2.1720045
ea4b73c9afb54c6fb23ca17eb99b912b.jpg,9,53.650505,21.515647,1,50.590824,6.516806,1076.6464,352.7407,0.63510406,0.034996092,0.6409541,0.7217146,2479.339
ea88db15c5054389becd468f5a8cd3a1.jpg,8,62.721692,11.339061,5,56.312798,-4.72806,1147.5962,60.476215,0.67354053,0.0027567148,0.7106229,0.7306572,1300.2059
eaa20fc8b1dc4de0a51fd035dad770b3.jpg,8,60.212253,5.410286,8,59.853158,5.349373,40.07267,4.0783386,0.80694103,0.03783387,0.79912734,0.86312246,223.99283
eab8adc9ad6a431f8bc00c61de2e3fc9.jpg,2,41.526576,-0.356535,7,37.185865,14.147442,1335.0806,51.750755,0.7643256,0.0037791133,0.7677943,0.79436624,450.6612
eadea5becf984b6680c1522eafcda57c.jpg,1,49.562775,9.892691,9,52.328847,20.620727,811.1057,4.352293,0.66527855,0.015756488,0.65019155,0.72746885,820.5421
eaec9d26b78a4d9faabaacb280e19a1e.jpg,4,47.214483,2.240798,7,45.430578,7.376267,441.31326,64.829544,0.66575855,0.015146315,0.663405,0.7147402,898.46924
eaf07f5338e1477a869e10b999543d04.jpg,9,52.873533,15.784907,10,55.778662,13.813182,347.3831,164.52402,0.65106905,0.010050058,0.6328771,0.74788404,772.5498
eaf5167524bb42a68360e0fe4d678976.jpg,0,55.257495,29.787999,0,55.256431,29.792636,0.3167693,0.3167693,0.94413567,0.013394952,0.9352467,0.9872259,37.307682
eb5b0a7336e143d18a9906ab28e4579f.jpg,10,66.671413,20.166142,10,66.672227,20.166162,0.09051704,0.09051704,0.93997574,0.0327062,0.9297804,0.98075676,0.09051704
eb8aeef1080849c8b9337aad185e8517.jpg,5,53.649641,-1.597352,5,53.574519,-1.650933,9.07022,8.94606,0.69319177,0.005502522,0.6805271,0.7438505,9.07022
ebb92539dab34faba8aa79832be20811.jpg,4,47.237574,-1.343408,1,50.590824,6.516806,684.2491,65.17819,0.6734194,0.0067071915,0.6630814,0.7818496,712.69763
ebd1ac4a0e5943f495da580e81bc0107.jpg,5,54.536591,-7.22963,5,58.538793,-4.297489,479.852,2.9580548,0.6542097,0.013685405,0.6565734,0.6828093,345.6811
ebeca6ade3194498b4ef2b15fb8c5fcf.jpg,2,41.682547,-3.252902,9,52.408238,21.088938,2179.9812,398.67468,0.60595524,0.026570678,0.5905036,0.74596715,2521.7842
ec23b70db7e34a41b83e948bb69d836c.jpg,5,50.174604,-5.507682,8,64.028629,10.080843,1794.5277,7.788962,0.61795425,0.0012035966,0.6293685,0.6728387,3062.3245
ec79f9a917044b73b807cb8be6592c8c.jpg,9,51.171407,16.079057,7,40.987765,9.134418,1251.3181,949.1919,0.6920188,0.017955005,0.70384884,0.77062345,1657.8597
ec852f5c42d84d81a05225af8ac77627.jpg,9,49.511956,22.093264,7,43.522332,10.378599,1114.6395,717.5301,0.6282547,0.013815522,0.6345307,0.6957232,1256.794
ec9ae4c57e5f4a6bac3f3018de5ffbdb.jpg,1,49.178872,7.524534,7,46.648788,11.709369,419.9104,32.729897,0.6569229,1.6212463e-05,0.59722954,0.89569616,419.9104
eca592d28a734ae59513db46f4a6e204.jpg,1,47.590863,11.399976,7,46.085522,10.342558,185.70341,1.7716955,0.6650167,0.017296255,0.63648295,0.7848207,259.83893
ecfaab28a2bd4e788ea0d61b7d1f13de.jpg,0,55.617381,28.64715,0,55.769048,28.604265,17.077448,2.2258732,0.8803162,0.0141124725,0.8552567,0.9805541,17.077448
ed185bde0350463c811b8239ae559f17.jpg,4,50.161145,4.042746,5,52.030172,0.795777,307.5248,140.86887,0.68851835,0.005559802,0.6721135,0.8064608,622.0606
ed1d7419b83a45a8ab60ca2c40fce4c6.jpg,7,45.184477,11.00811,7,45.192107,10.968573,3.2124932,0.87673,0.6984148,0.027017117,0.70909977,0.76925695,927.86536
ed1e3c1a278f4270b479b3001af39605.jpg,2,39.570543,-3.851466,2,39.256442,-3.75607,35.875072,35.875072,0.69263524,0.0123877525,0.70137537,0.6774983,1760.0045
ed554de75dd4402ca1578f5406ece76d.jpg,7,41.172029,9.291977,7,41.222383,9.189538,10.237702,0.557582,0.8796228,0.026605904,0.8580311,0.9659894,10.237702
ed7bc3baa7d94149a96960ef70f46470.jpg,3,67.483764,27.894928,3,67.487938,27.853556,1.8216505,1.0492781,0.9086315,0.0037648082,0.8919362,0.9754128,1.8216505
ed8e6fef5db9441aa4eeb7b9a235d3f4.jpg,4,44.861058,1.56494,9,54.612728,18.389594,1616.5723,526.8653,0.6262268,0.014887333,0.6371892,0.71027666,842.5492
eda947f7d83c41fd8991144ef26f8efb.jpg,11,36.25154,29.953458,11,36.254631,29.769181,16.52753,0.26155382,0.7953737,0.03648001,0.76576936,0.9538115,23.287813
edc9bc9e93944fd3b72671411e076736.jpg,7,40.788417,16.420007,7,40.790392,16.419336,0.22675931,0.22675931,0.7783414,0.07617104,0.75358284,0.8773757,0.22675931
edce57aa8fb4487582a7d730c20ecf04.jpg,7,46.315296,11.304238,5,52.427237,-3.792601,1283.3511,377.6069,0.6704432,0.0006635189,0.64004374,0.83322847,961.6593
ee0d8435029c4b5d965844899a9f332b.jpg,7,39.112586,16.077964,7,40.731563,8.816723,644.6328,230.70122,0.7168241,0.0012126565,0.7237956,0.73769283,1481.2744
ee23fefc63fb432c9e16b460da8a764d.jpg,4,45.053917,1.020083,4,44.504556,1.04975,61.131104,8.403219,0.61575246,0.017458916,0.6123801,0.72593683,62.910004
ee2fee54a5d540348eb4e5082689500e.jpg,5,56.191511,-4.778018,10,57.590938,18.362006,1407.1062,99.85096,0.6223933,0.0058040023,0.59952635,0.73131084,1416.7158
ee3cf36be4204f799f365bf0ffa025e7.jpg,2,40.73446,0.820519,2,40.377346,-1.11557,168.31355,30.15599,0.7365025,0.010509014,0.7237344,0.83837724,415.1802
ee470dd3fcd44fdea92de7192c6ec591.jpg,8,68.548556,17.216017,8,68.557179,17.222902,0.9988616,0.9988616,0.7612168,0.045342088,0.73926175,0.84903705,0.9988616
ee4938a137124097864cfde8b2bbac50.jpg,0,56.002778,28.645259,0,55.992684,28.646943,1.1272774,1.1272774,0.8084295,0.0011588335,0.7743512,0.9447427,1.1272774
ee55b9ebde7245fb84f16ed5077b8dd3.jpg,11,37.533725,36.917944,11,37.528436,36.917013,0.5938131,0.5938131,0.72702897,0.023340821,0.71011376,0.7963054,341.07593
ee5aa3db5107471eabab3a2894c8579d.jpg,8,67.155284,15.467767,8,67.298007,14.789943,33.21181,0.3374474,0.85626847,0.015613914,0.8319285,0.9760213,5.9178486
ee6642b79cbd4b329fa0282721131227.jpg,6,66.124523,-19.072896,6,66.078519,-19.052722,5.1955156,4.85704,0.8453767,0.011492848,0.8169086,0.9592489,5.1955156
ee82f1ded2d94fc59fdfd6b61a2a50fe.jpg,11,39.149782,33.291651,6,65.007627,-21.919515,4515.4883,24.08606,0.6936602,0.0055009127,0.69622546,0.7808523,4550.504
eeaf2eb490ad426e82651cb895f52575.jpg,7,38.016369,13.265437,5,51.635913,0.308871,1820.9435,416.73096,0.6999357,0.05882746,0.69002795,0.7395662,1820.9435
eebd8faa6b5d4780897c2252f2d9e6ae.jpg,8,69.881503,29.343619,8,70.062612,28.949834,25.10844,18.23335,0.81645584,0.013606191,0.7777609,0.97507745,25.138687
eeccd2d711d14fca809484258615c197.jpg,3,68.433194,23.499973,3,68.432631,23.501496,0.08828566,0.08828566,0.90622646,0.13723427,0.89478284,0.95200086,0.08828566
eef431b527b54cb98c77a089ba7cb6ef.jpg,11,36.327722,33.431529,11,36.215915,33.532584,15.382973,0.2948041,0.7901875,0.02652657,0.7551811,0.93021315,15.382973
eefc5123abe74e59ba77b110f22bb6ef.jpg,3,62.147318,30.047574,3,62.158051,30.057539,1.300862,1.300862,0.87327194,0.01897937,0.8530004,0.9546608,7.8525314
ef017763bff947f4a6b6abe90f17318f.jpg,2,38.40381,-6.006755,1,52.002448,14.668426,2201.373,158.40015,0.6962117,0.035646796,0.71899074,0.7015196,1414.0293
ef19913cd5254d3ab94aa1a7c0f66c6a.jpg,1,50.488534,12.973709,4,48.598309,-2.824497,1156.7559,157.73636,0.69029605,0.042688787,0.7010779,0.75328326,583.9477
ef1b3f08b9874fc08bba96a581dc11a8.jpg,6,64.144102,-19.694342,6,64.157563,-19.60615,4.5300994,4.5300994,0.8511339,0.019475162,0.8297441,0.93669283,4.5300994
ef3b0b1a97ae4014ac5605701f36a8c4.jpg,1,48.508564,11.624786,7,42.204487,11.735947,701.03595,37.910267,0.71188897,0.08306539,0.6973151,0.7701844,701.03595
ef3e5c860a4e4d22b8b517cc2b506375.jpg,0,52.09437,27.813359,0,52.064618,27.75813,5.018875,0.94895405,0.8459989,0.007165611,0.82625866,0.96403706,63.176235
ef59984ff0a541759eadbf701e6865d5.jpg,3,65.912019,24.590762,3,65.929477,24.620006,2.3513055,0.03983998,0.94484913,0.0039373636,0.93378574,0.9891027,2.3513055
ef78a27b0c6c49c985164d2daa64b85a.jpg,4,49.338508,1.518027,4,49.801249,2.043512,63.902035,6.029101,0.815528,0.097968996,0.7921951,0.90885925,63.902035
ef7b1a444ff14e25aca7ea737901478f.jpg,4,42.944043,-0.086693,4,43.988064,7.54734,626.69135,180.76062,0.6749853,0.008752346,0.68616265,0.7741485,981.0701
ef9a1f42b17948dab300832b3af9737e.jpg,7,40.433974,17.735723,1,50.54176,13.129569,1179.302,918.1197,0.5624905,0.005818546,0.5304318,0.6907253,1179.302
ef9af64c9f024440b81bbc8d19574810.jpg,2,37.629878,-0.79893,2,37.62893,-0.796453,0.24226934,0.24226934,0.9039074,0.10256803,0.8973553,0.9301158,0.24226934
efaef1ddd53244b19b7956758c52f6e0.jpg,5,57.556098,-6.1535,5,57.556987,-6.153906,0.101776004,0.101776004,0.88810784,0.049180806,0.87459743,0.9421494,0.101776004
efbe131e5ca24ec9b4b5fe65bbb77c79.jpg,6,63.463021,-18.61233,6,63.463536,-18.610843,0.09346903,0.09346903,0.9640076,0.034671545,0.9589701,0.98415744,0.09346903
efcddc47084b4e288f4268c27817bd6e.jpg,0,55.088826,30.61525,0,53.528624,26.253894,331.7991,1.4051179,0.8137173,0.005762756,0.7950573,0.935748,271.6777
efe28ef093fe4ae0a3dc0f925d612769.jpg,7,40.068997,9.610283,7,39.913019,15.784227,526.1484,8.625182,0.68880206,0.005922854,0.70135486,0.72957003,1783.2244
efe64392b1d3421ebe4a33fab24cb5f8.jpg,6,65.017134,-21.997924,6,65.007627,-21.919515,3.8316848,3.8316848,0.8543135,0.00032168627,0.8492223,0.88272727,233.54729
efe65d9a8c4e4d739051507c1783f3b3.jpg,9,53.025056,14.898744,1,54.535707,13.249757,199.87396,8.051822,0.72873497,0.012312472,0.7014728,0.83778334,199.87396
eff249ce79a14479a427f29f2a5a6aa9.jpg,4,48.530023,-4.619672,4,48.450049,-4.487558,13.186039,0.05926937,0.838596,0.03772098,0.8313042,0.8677632,13.186039
f0080df6fc404badb6c6c127c6603214.jpg,11,36.970139,28.703006,11,36.971969,28.698466,0.45175007,0.45175007,0.88518095,0.016132236,0.8704162,0.94423974,0.45175007
f0105006df5a4a6698a0fdb836afeb07.jpg,0,55.226249,29.985494,0,55.228763,29.98036,0.42912504,0.42912504,0.9594408,0.044317186,0.95097196,0.9933163,0.42912504
f013a67d45f841b0b294a4e4536af75d.jpg,2,28.049119,-14.331713,2,28.049492,-14.331906,0.0455956,0.0455956,0.7643748,0.005635202,0.75394267,0.86929727,2.3525174
f022be86d5904a50a1dad1dd9eb00b8c.jpg,1,48.753296,12.970261,1,48.85693,12.919923,12.098911,1.2851499,0.6945757,0.030880332,0.67288333,0.83802766,1236.8901
f033f10bc9524ac69a1ab80b8242f64d.jpg,4,47.554581,3.411008,10,55.730081,13.874312,1158.319,3.3575494,0.7936843,0.077319264,0.8192408,0.8030055,181.50424
f0681f9b464c40b8a4f6db26a9297bca.jpg,6,63.870799,-22.423873,6,63.855659,-22.430085,1.7107714,1.7107714,0.73203796,0.058818817,0.7577583,0.7713895,1856.9098
f08110ca890b4366871db243b0ce51b6.jpg,10,59.761521,15.895004,10,59.757224,15.894199,0.47992727,0.47992727,0.76646554,0.045514822,0.7497541,0.8333113,0.47992727
f088661c239c4dee90e4d42632215935.jpg,2,28.651833,-13.831988,2,40.693348,-4.105842,1605.0507,0.04194857,0.76380444,0.002253294,0.76938456,0.880466,51.708305
f08ebe85dad84f2e99948b7c4b8c8ef7.jpg,2,42.154682,2.073288,2,42.425237,1.903293,33.175266,10.738717,0.67207557,0.015637219,0.6345624,0.8221284,33.175266
f09c360e288f4656b6551ddc8f2aa3fb.jpg,6,63.852085,-22.36296,6,63.852789,-22.361325,0.112012945,0.112012945,0.93510985,0.080652356,0.92313457,0.98301065,0.112012945
f09cf134672e4055abe33dfdca61e42e.jpg,4,46.507103,6.029701,4,46.568469,5.993139,7.3744345,7.3744345,0.62146515,0.009134054,0.6364068,0.6839248,1321.2703
f0a2dd23b5734193a20240346750970d.jpg,4,45.003865,2.025047,10,56.574401,15.967201,1610.8925,68.39859,0.7293391,0.060655892,0.7178833,0.7751622,1610.8925
f0c19ec6b1f640679fc83d47cc4151fd.jpg,8,62.469676,11.337035,8,62.717222,11.34993,27.53381,4.0853357,0.8052806,0.0036700368,0.8154078,0.8331783,5.5849123
f0d76725c03d4ff2a93fd65a2595865f.jpg,9,53.50781,22.569973,9,53.736296,22.358612,28.979252,2.786487,0.8129702,0.036766946,0.800447,0.8752788,15.259229
f0ec0ea39bd64d728dfbb93242949893.jpg,4,49.522354,-1.784818,10,55.527148,13.983926,1254.2012,323.98334,0.6394504,0.030777752,0.6526284,0.7405476,778.6539
f115289d31df4c36b44cbbcfa4ad663e.jpg,2,28.653805,-13.831862,2,28.654008,-13.831868,0.022580069,0.022580069,0.96717143,0.18620837,0.96243405,0.9861211,0.022580069
f131af7683a747a9ae2ecd1f0bdcd843.jpg,3,61.19598,21.710503,2,37.521548,-5.162227,3225.2356,2036.3433,0.64671797,0.019316375,0.6336948,0.7389917,2797.3872
f16d74e142b1451ab488617d8987e8b7.jpg,5,58.468328,-4.685517,5,58.52457,-4.683909,6.2545314,4.9040027,0.8091545,0.021119595,0.7809882,0.9413551,5.876016
f17e5394aea1477280b0bb459c86cac0.jpg,10,63.771995,20.226488,3,62.555979,25.675531,304.99335,8.47451,0.82429236,0.009547412,0.80965227,0.92307985,222.41817
f186244eedb142ecb9647df72b1f1ed9.jpg,2,40.96348,-5.756353,2,41.006985,-6.4127,55.304817,17.808702,0.8377879,0.073973,0.83356136,0.85469425,55.304817
f1adc04c754d40659d7af24d0d4e30f0.jpg,11,41.558776,41.56653,7,44.064179,10.441614,2538.9026,903.69025,0.59056264,0.0092455745,0.59008217,0.65484846,2534.2305
f1c2d38820b64e4d9c3d8d2c0aa358fd.jpg,2,28.777242,-17.963019,2,28.778991,-17.962548,0.1998243,0.1998243,0.68220705,0.04496503,0.71274793,0.7229416,3186.9814
f1c8d41ddd484f4f9003077e9d887735.jpg,10,66.235739,22.314724,10,66.259218,22.278281,3.0789785,3.0789785,0.88052166,0.056966603,0.86613965,0.9380497,3.0789785
f1f1a71ba41349a49503dfda4d4698df.jpg,4,46.087008,4.087836,4,47.042449,4.339953,107.97443,18.379843,0.6762725,0.0067335367,0.6558724,0.76643604,84.74631
f2804a8ada974d56be48816e4b6d15a3.jpg,0,54.430478,25.983176,0,54.166565,26.461252,42.702766,6.552783,0.83580214,0.0003259182,0.81628776,0.93884516,47.90592
f2cebc78d7594278bd41e19507c36635.jpg,5,55.364795,-3.498452,5,55.259696,-1.892847,102.2727,9.89097,0.7920091,0.0056465864,0.7648354,0.9007039,102.2727
f2fc804e4577464d86503714b3d31cb2.jpg,6,63.819151,-22.557148,6,63.819319,-22.556489,0.037339326,0.037339326,0.90008765,0.021445334,0.8859438,0.9770651,26.078838
f306bffd702d4700ae0bd24b42bfcb92.jpg,5,50.614167,-4.471658,5,50.61909,-4.491216,1.4845102,1.4845102,0.77230775,0.010795057,0.7364103,0.93337476,24.100513
f3269eb7a2484c4a9de4d90eebe23fcb.jpg,1,52.901862,14.059489,1,52.842536,11.331514,183.20067,168.69507,0.59831583,0.0004528761,0.6165583,0.6786921,1212.4862
f32df68d63a3407aa020197f3d880b68.jpg,10,65.632147,22.31811,10,66.259218,22.278281,69.75057,55.053795,0.69398373,0.00477916,0.69563466,0.7340069,150.81172
f33c883c4f5b414da05a2bf085d2c519.jpg,10,63.834082,14.389042,10,63.810096,14.38629,2.6705396,2.6705396,0.78174555,0.012783766,0.77391684,0.8130603,2.6705396
f3499f1d2616466b9310d36b3dc0407a.jpg,7,40.997245,14.835634,7,40.977626,14.846478,2.3638036,2.3638036,0.7156147,0.04950422,0.7355555,0.76250535,456.69162
f368b52a01ad4a63b883a17c0afb5bfb.jpg,10,64.100378,20.752347,10,64.095004,20.754648,0.6079253,0.56133527,0.7640958,0.06568152,0.78422713,0.71917665,141.17586
f376399f3e0c43329dbc62cd310be014.jpg,4,45.658693,5.615884,5,53.392794,-0.772467,974.89276,279.85397,0.65850997,0.0123282075,0.651857,0.8003728,866.3768
f3803cce03464517b7c2c6534e549bf4.jpg,4,48.524769,6.227074,2,38.808391,-0.463231,1205.8735,125.43184,0.7712991,0.030623674,0.7614685,0.81062126,1205.8735
f391e7bdba4a4e2db0a5e27a4ac7cd68.jpg,11,36.145184,36.210803,11,36.567351,36.397881,49.84268,6.7226396,0.7886534,0.023991883,0.76330495,0.89004683,49.84268
f39eba766a2741018ec8debf4adc9eb7.jpg,11,40.6396,43.140839,11,40.70159,43.161113,7.1018915,3.6238012,0.80934376,0.005592227,0.7893176,0.8894483,7.1018915
f39faa2ddce047e0a3d112d58d2606fd.jpg,0,55.517583,28.874466,0,55.114673,30.31978,101.834366,1.3220217,0.8832696,0.010299563,0.86839527,0.942767,101.834366
f3a2cb5fdb394b7f97b84174bf1fe503.jpg,7,42.984286,12.415629,11,36.085495,36.152501,2166.2761,911.60284,0.7203665,0.04708737,0.71738416,0.7322957,2166.2761
f3ad641c5d704e1ab1adc05ccbd495a5.jpg,2,36.770892,-4.709058,5,50.072577,-5.240064,1479.6932,1180.868,0.75187594,0.03785497,0.7331938,0.82660437,1479.6932
f3be44a9d89b47e98cd558228ec7cc12.jpg,5,58.445275,-4.738137,5,58.555856,-4.705998,12.437029,5.756587,0.7135533,0.017284095,0.70391285,0.795197,67.254
f3c40e0266ca4778809b2d5e95bac9e7.jpg,6,65.168712,-21.057501,6,65.31898,-20.926437,17.788675,1.9628705,0.90936893,0.00042790174,0.89674574,0.97049165,32.873352
f3da3488be1e4c28a8a761e4e274da7a.jpg,9,53.577163,19.022798,4,47.121864,0.308062,1503.0614,144.899,0.6505682,0.028228223,0.63364977,0.76563203,1592.9523
f3fee8b0ecf540859421a07a4b57a975.jpg,8,62.99284,8.942544,8,63.023762,8.595796,17.833958,17.833958,0.6366277,0.026676416,0.6361784,0.7814384,527.61414
f40484ba7e764573bb7de6864b500d3f.jpg,5,51.754341,-4.5156,5,55.899762,-5.128094,462.69482,32.926235,0.7124664,0.0032152534,0.6943339,0.78499633,462.69482
f4193b37084d4946bec790557b074b57.jpg,11,39.16591,30.142768,11,39.125923,30.16177,4.7387037,4.7387037,0.85735166,0.15667975,0.8502363,0.885813,4.7387037
f429308185f54c9bad90513c3d7220fe.jpg,2,41.569444,-1.119207,7,40.124379,17.998499,1612.755,689.4965,0.7318561,0.030275524,0.76244897,0.68457246,2040.6643
f4437b6c06d545fe877f4ee4cbb639ee.jpg,4,49.28419,0.087559,9,51.790897,21.726338,1548.4558,662.19586,0.6949474,0.02303356,0.70063174,0.79189396,1121.2047
f45d363d946a49838405f0d1719b4cdf.jpg,6,65.245466,-14.440706,6,65.246463,-14.439493,0.12441848,0.12441848,0.9567091,0.09073317,0.9517074,0.9767157,0.12441848
f4677a586d6e45f7975844f6f8b3386d.jpg,4,46.417708,4.9402,9,53.643215,16.190676,1133.836,109.007065,0.6618264,0.06956339,0.64469755,0.8011828,387.32614
f47169d2e0934d9bb390b0932e0b58dc.jpg,1,52.899441,8.414155,9,50.670544,18.027604,705.52124,15.706307,0.68717784,0.019949138,0.65843356,0.8172884,751.35175
f496baf4309f4f4d96accbd82c17bfe3.jpg,4,49.657042,-1.258728,10,63.529608,16.472604,1872.387,1233.2131,0.6830074,0.018942654,0.652882,0.8181473,1593.1896
f4a24b23c2d84c9cbe58590a337f11a1.jpg,2,38.37946,-7.216579,2,41.875876,-0.768468,671.773,48.138596,0.7375035,0.0048385262,0.7316433,0.7853379,702.48987
f4c0a744308249a1bcc861bc0165e497.jpg,11,36.599872,33.78626,11,36.33455,33.65906,31.619265,11.424253,0.7040353,0.008293748,0.67104495,0.88204527,44.954403
f4d919e2033a4848971f7d7779629b58.jpg,2,38.24058,-0.599177,7,44.369709,8.031063,991.0025,486.21716,0.6314368,0.007836401,0.61477786,0.7791529,1328.2109
f4fcffc0794f433dbe0e56a47ccc278e.jpg,4,44.099341,4.628578,4,44.133625,6.13159,120.04409,26.17449,0.6149332,0.0041757226,0.6284661,0.6903189,2136.9656
f501d96469e247499f6e2b922bbd4eaa.jpg,5,58.565857,-4.740571,5,58.564902,-4.741442,0.11759197,0.11759197,0.8750678,0.09609753,0.8649748,0.9154396,0.11759197
f505dbeb10864263a959b1177eabec70.jpg,5,55.188557,-2.177198,5,55.369446,-2.513646,29.302435,3.764303,0.81631917,0.03711897,0.7878961,0.94244874,31.634863
f540aa42058642e580b373e0dfa65b74.jpg,2,40.236013,0.140438,2,40.212322,-0.012824,13.275941,4.3549795,0.67945254,0.0357005,0.6782223,0.7555548,633.65564
f5957cdea38246208a1880a91063beb2.jpg,8,59.401576,5.334451,8,59.650749,5.479506,28.889061,0.17689086,0.7277338,0.024084687,0.70313907,0.8261126,28.889061
f599a3ca3b5149cfb51b36a3fa18fe38.jpg,1,50.025091,6.27671,8,60.155133,5.434058,1127.6626,1.7474163,0.7040501,0.009038031,0.7205283,0.8164356,538.77625
f5e91cf5fdfe46afa649fd243e7e34a9.jpg,10,60.723514,17.267308,9,53.47703,16.187632,808.379,670.48895,0.68245596,0.009536266,0.66486144,0.7947442,864.8227
f5f1da42f38b470a8ba08865770e4cfd.jpg,1,52.178439,12.063875,9,53.262339,18.173125,428.60043,158.95447,0.70473164,0.00016134977,0.6800961,0.8195454,731.61774
f5fbdede28984710ab3dda6ae5719822.jpg,5,50.199016,-5.525764,5,50.181113,-5.59602,5.383265,2.5742452,0.752644,0.0363366,0.74873674,0.79486704,80.766495
f5ffed05a730491f84a825911db10aba.jpg,8,68.694606,17.994821,8,68.693948,17.993501,0.09053993,0.09053993,0.89945054,0.16392195,0.8912302,0.9323317,0.09053993
f629a323b3814f1c9caba50128a3277b.jpg,8,66.317393,13.300788,8,66.316632,13.297645,0.16391167,0.16391167,0.7899986,0.01685226,0.7684094,0.8763555,0.16391167
f62b647fa0814b80969b4865854ed2f2.jpg,7,40.792529,16.167957,7,40.778038,16.183277,2.0639884,1.5029055,0.86175185,0.025413334,0.84441346,0.93110526,2.0639884
f6489e0823f648afab80b9a1618b00b2.jpg,4,44.034086,6.08792,7,40.987765,9.134418,420.7615,169.64325,0.78495306,0.01071775,0.7496986,0.9282303,419.57254
f64b67f3e502411e97d4bed1b1c35690.jpg,8,68.33597,16.741079,8,68.335664,16.740072,0.05353954,0.05353954,0.8330099,0.0033488274,0.808003,0.96218055,85.49421
f6537c4a55b744ecb267c87c60c831a5.jpg,4,43.228461,3.004629,8,60.523134,5.302453,1929.2512,1276.4591,0.6271068,0.0020334125,0.60057557,0.7745358,1928.1453
f65692cd544f42a5a34791ca8bb35016.jpg,7,43.116177,11.723434,4,43.707494,-1.020366,1030.4685,5.2392144,0.7433169,0.001888752,0.73007226,0.8232351,1036.6774
f6a03cc5091e459ea15c763797c20cc5.jpg,0,51.951409,26.516594,0,52.018814,26.3394,14.262605,10.535019,0.8351329,0.035812497,0.8052093,0.9548273,14.262605
f6bf7a4d83884713bb95e19c8276c947.jpg,8,70.21878,24.075255,8,70.189232,23.992196,4.536388,4.5262747,0.9856041,0.00019317865,0.98289776,0.99819016,4.5262747
f6bf9fc2cb184442aa708722575c000a.jpg,5,56.843272,-4.71192,5,56.84157,-4.711865,0.18928358,0.18928358,0.90556496,0.052003145,0.888958,0.97199297,0.18928358
f6c05aefc8524a1d9dc0e573e4d64d8b.jpg,5,58.504294,-4.501795,5,58.504171,-4.571285,4.0368547,0.43089247,0.8443599,0.049548924,0.8207842,0.9386627,4.0368547
f6c79228aa8840c69d8dfce0922b7612.jpg,2,43.484456,-5.490774,2,42.662281,-4.792326,107.592964,14.628338,0.7427727,0.0023587942,0.71361136,0.90240085,29.34577
f6cbb626bc3b444aa9f6ce39000a775f.jpg,11,38.34582,40.902182,11,36.858162,34.471225,590.05096,18.791916,0.7060325,0.0026034117,0.7292931,0.71801853,847.657
f6fd570579d04c7e89897179fc5b01be.jpg,6,65.748515,-19.359138,6,65.654048,-19.568319,14.21088,0.3832761,0.9020055,0.0035535693,0.88314354,0.98064303,22.920864
f70b912d93f140f7a54a22fc4dbd37e5.jpg,11,38.827752,36.549431,11,38.786947,36.467689,8.411592,8.411592,0.82201225,0.12552786,0.80110055,0.9056589,8.411592
f70e273eee2746eebca72ef434aeffdd.jpg,11,39.547119,43.949012,11,39.549945,43.933988,1.3259453,1.3259453,0.8176446,0.0080657005,0.7866608,0.9481455,5.6330786
f723a6c5ec184a508d4b895d1e9bb5b7.jpg,3,62.347669,26.673625,3,62.256311,23.498542,164.40079,14.389136,0.84453136,0.0034484267,0.8240001,0.92727625,206.96951
f736264fe144442a9d9f5acddf607672.jpg,10,57.640896,15.68303,10,67.854182,20.635371,1162.4187,41.001522,0.6711776,0.008008897,0.6687494,0.75979924,820.34174
f755b22c125345a3904effc2e12a4b45.jpg,8,65.082534,14.630677,8,65.100592,14.602914,2.392157,2.392157,0.773923,0.024866343,0.75216776,0.87167734,26.372614
f768debe872c460f9e1dd3c2f815df75.jpg,6,65.519301,-15.447447,6,65.535165,-15.420656,2.1528306,2.1528306,0.8803072,0.0012872219,0.8625381,0.9706397,36.025
f76fa193874d40f4b71c900e097528d0.jpg,8,58.313554,6.369985,8,58.381661,6.110735,16.917307,4.614029,0.7481685,0.024450481,0.72656864,0.8525965,92.84468
f771324a11fc4b00bed712b308a64c76.jpg,10,57.565325,18.404874,10,57.580503,18.377275,2.3572068,0.089374885,0.8499204,0.012034237,0.8340209,0.9178855,2.2765727
f7a362b0e3564e8bbf202916b3889752.jpg,5,54.193645,-2.39616,5,50.401081,-4.55608,446.5064,38.110035,0.7470074,0.0022841692,0.72642696,0.894064,205.25873
f7b3ff5bcf0b42868b35457fb8d51730.jpg,7,40.860294,9.335879,7,40.954166,8.872973,40.277676,4.01003,0.85005176,0.013486028,0.85286045,0.89231557,5.974528
f81835878f034ae6943dcf63e9d8b659.jpg,8,69.651206,18.529645,8,69.606652,18.305521,9.990086,0.391318,0.77670217,0.025783062,0.7444911,0.9055462,9.990086
f81be49b5d30454d8880c84eaae93d38.jpg,7,45.756207,12.49561,1,54.474197,8.850906,1003.277,99.623276,0.7385354,0.014255166,0.7477276,0.71710587,820.28656
f81c5d3e6df44965acec549fa3dadc14.jpg,6,64.180994,-15.828245,6,64.179929,-15.831023,0.17923266,0.17923266,0.9306412,0.011137843,0.9272264,0.95979464,0.34630185
f86933dbea414661a13c46fc253b6e6b.jpg,10,57.859303,16.300495,9,53.350906,16.431747,501.3791,159.1897,0.6437068,0.009865165,0.61739826,0.788727,367.00693
f87698b8c7f843ca9a32311d3b593a34.jpg,8,58.427772,6.013623,8,58.424308,6.018055,0.4636239,0.058046475,0.8291143,0.01611036,0.80443734,0.95649934,4.649657
f87cfc2d8a0e4837a619fa6f50f62da5.jpg,11,39.560536,40.030707,11,39.561066,40.029479,0.120644815,0.120644815,0.9079088,0.0052221417,0.89440334,0.97539234,1.3595334
f87ee743e3344748b5bf37507c9289de.jpg,9,50.741745,17.345065,5,53.853535,-0.415425,1252.5674,691.96466,0.5790247,0.0028416514,0.55226326,0.7316463,1325.374
f89460ece0244827bb0ed7db42da008d.jpg,3,63.662532,26.567647,3,63.681273,26.024487,26.867453,3.6319613,0.8603065,0.020005345,0.84356844,0.9459653,47.54413
f8a1ce3901164b2b97512b34d5cdfcbf.jpg,3,63.768026,29.19247,3,63.795966,29.189846,3.1094635,3.1094635,0.8305813,0.00053435564,0.8021152,0.94577897,277.6494
f8b15eb77f874c77aeed755ea4a9c725.jpg,4,49.174273,-0.35376,7,42.08364,12.633498,1278.2303,803.939,0.76250404,0.0025805235,0.7358476,0.8691299,1278.2303
f9000805c4b9476d9d959ec6b6841348.jpg,3,67.14385,25.010443,3,67.159445,24.967159,2.5494382,2.2013805,0.97012925,0.011817396,0.9701946,0.96986806,2.5494382
f9043d401d0b4968976e4a3916360302.jpg,5,56.184237,-5.473365,5,56.218678,-5.541628,5.700446,2.4588914,0.8310604,0.0024517775,0.8104,0.9546629,12.901529
f91fc8648cce477bac9c4240d0813a75.jpg,10,64.354768,16.684909,3,63.610009,29.190994,614.5583,65.67429,0.6570385,0.0017845035,0.64108586,0.7734319,79.97766
f934a4102dd449ff95ce90ac5d6aabef.jpg,5,57.484348,-5.32117,5,57.452294,-5.391222,5.500062,5.500062,0.7545503,0.038946927,0.72650325,0.8699516,62.03609
f9442369ebf8496eb670fd3687cbbf63.jpg,10,59.729782,17.713669,10,64.496185,20.67606,551.79175,29.451368,0.69591796,0.0067870617,0.68624353,0.81574595,526.9821
f9cc9016d3ea4b11b5f51ded1c696807.jpg,2,28.91187,-13.783046,2,38.781029,-0.440526,1646.7023,8.7147875,0.64482224,0.005823374,0.62198114,0.75104135,1468.1348
f9e7244b76bc441b8e4fd8e7141112eb.jpg,1,52.045903,10.649921,0,52.470551,23.641035,884.2764,123.86805,0.6628303,0.007834613,0.67334783,0.7167496,549.77106
f9ebcb09d6924ce7b915013b7ce49cf6.jpg,1,50.129647,9.380505,9,52.325643,20.854815,834.43445,357.66827,0.6870739,0.017856777,0.70318097,0.6618877,757.57214
f9f8088536f04fa6ab33858c65758c96.jpg,10,59.595855,17.129667,10,60.34533,18.127956,100.153435,11.22413,0.7865474,0.0024033785,0.7502767,0.9359012,42.634747
fa09f2730b7c4d9bbb85e8683a0bcd66.jpg,1,48.766381,13.729983,5,51.110941,-1.673939,1130.5142,771.73425,0.6237596,0.005678892,0.58829415,0.76562166,1130.5142
fa0c2868975a46e283785d1501d74174.jpg,2,39.573799,3.111763,2,39.56841,2.770324,29.271883,2.0541203,0.85930437,0.0028911233,0.8338536,0.9611072,29.271883
fa1fa02e6ccb400b9400f2a013c1c9f9.jpg,2,41.897548,0.983651,2,42.921475,-5.292561,527.56885,59.690586,0.6861756,0.015828788,0.6778112,0.74982977,504.36615
fa3e94a85cd44427952918a449fa6711.jpg,6,65.5135,-23.701543,6,65.584005,-23.149637,26.584068,0.89842457,0.8858466,0.0015509725,0.8677143,0.9716865,0.89842457
faa5a8b99a3d4bc094c6970892f4aa23.jpg,6,64.779538,-23.644818,6,64.778645,-23.644574,0.09996796,0.09996796,0.8944725,0.039090514,0.87640727,0.9667333,0.09996796
fac2e54fdc0a45ed9c3f1272f9ac090a.jpg,10,66.346258,17.06844,10,66.419856,16.893402,11.303672,4.2716436,0.84969056,0.047478497,0.82646483,0.94259334,11.303672
facf6c4253ec42a7862972c8d1491e43.jpg,11,37.634792,41.419543,11,37.571929,41.384092,7.6559978,7.6559978,0.78291917,0.03564143,0.76232445,0.87479043,16.1448
fae676f29f5b48c4bd636898ad5e4073.jpg,4,47.5104,3.741117,4,47.520222,3.541332,15.043626,4.596763,0.8232062,0.07863742,0.8051814,0.8953051,15.043626
fae9508bcfa24a3ab9924d9e17b0c003.jpg,4,49.512241,0.23219,0,52.472231,23.949335,1684.1895,23.972284,0.62762517,0.00031334162,0.6134378,0.697741,58.670948
faefca788997419e9002002221499e75.jpg,0,53.079021,28.735148,0,52.179945,29.901519,127.2421,37.180298,0.824432,0.023727119,0.80566716,0.95190436,218.28299
faf72188e7124158a677a8691301b5dc.jpg,10,67.284707,19.121459,10,67.227809,19.244056,8.234353,7.65795,0.90763396,0.009889543,0.9010215,0.93912256,16.07211
fb61e702c412448b93f924bf6df93276.jpg,1,47.896412,10.014339,1,48.355179,12.397015,184.04948,18.311281,0.7162428,0.005787194,0.69716,0.83383054,193.08313
fb69d60e54e845af8506ceb1a0834090.jpg,1,48.301738,10.963977,7,43.907924,10.275545,491.43896,12.153589,0.67261446,0.031482935,0.6686384,0.7592695,240.60509
fb91efbd30884016ac45c95ed357b23e.jpg,2,37.636477,-0.904824,2,37.634291,-1.058203,13.508248,4.135676,0.7596921,0.020979881,0.7591854,0.7992904,4.4792
fbcb2fa2c19745298278dfdac8a0d079.jpg,11,37.420548,40.978068,11,37.361268,40.852115,12.9332485,3.354985,0.78019285,0.011070609,0.7913685,0.7701205,4853.3086
fbcb9519525c42e8a37fb2a9aaf3e303.jpg,1,53.742047,9.336188,1,53.829853,9.167,14.794066,3.3514993,0.77363795,0.009812057,0.762296,0.8683167,19.250532
fbd62158f0fe415ca81ff55cf7d5f7e8.jpg,6,64.197732,-21.223245,6,64.196348,-21.222018,0.16495533,0.16495533,0.677257,0.013453424,0.6885499,0.71091425,78.448494
fbe9de6aa946421ab9c395e4b1e76f59.jpg,6,65.191485,-14.013813,6,65.187278,-14.042153,1.4026432,1.4026432,0.7791197,0.060576677,0.7739333,0.7998651,1.4026432
fbfd975f75a449de8aded6419e15fead.jpg,8,64.752732,12.860303,8,64.743564,12.846071,1.2227082,1.2227082,0.8901243,0.0038659573,0.8735382,0.956469,1.2227082
fc219f4a89d0491e8db67b818710c999.jpg,2,42.742614,-8.961322,2,42.70811,-9.01727,5.9670978,5.76421,0.70277864,0.05087781,0.70374686,0.7908749,986.35657
fc21b90c3dbf434293f4a43187284cf6.jpg,0,53.07766,30.272276,0,53.10895,29.66455,40.729153,2.9821088,0.773103,0.03457749,0.756528,0.8394031,40.729153
fc51d94aadc949469bac4bcf9e80bbd4.jpg,5,54.466247,-5.964945,5,55.083213,-6.355413,73.03131,1.5763445,0.7523332,0.0016058087,0.7061823,0.93693674,73.03131
fc57f74ede7b461185c18d7554d1ad04.jpg,2,42.19732,-0.315043,2,41.639021,-3.604182,279.11517,15.607759,0.6974137,0.0034368038,0.7347166,0.6548902,1806.4984
fc5f23bf58fd4ef298c60bbec13ad1e1.jpg,7,37.257603,14.504876,7,37.255172,14.497794,0.6825908,0.6825908,0.7865368,0.0027941465,0.8040819,0.9023788,50.04053
fc7a991b5dc043e7bec336fdb8e8a690.jpg,2,38.743157,-1.682322,2,38.828085,-1.751089,11.167277,3.5514932,0.94420046,0.013659477,0.93575454,0.977984,11.167277
fc7b489b69c44d2387cfce73d471c916.jpg,3,62.52329,22.731959,3,62.52898,22.73356,0.63800836,0.63800836,0.8708043,0.03312391,0.85345083,0.96028256,6.4377494
fc7fc0abb0964c87842b716a8495c52a.jpg,1,53.664496,10.045136,1,48.817568,8.427473,550.55414,25.757181,0.67490065,0.017721891,0.65348125,0.78969514,648.2489
fc846adf827040a5901e9c3b22c69f55.jpg,4,50.355237,1.733259,0,53.733242,23.818957,1549.5366,25.410664,0.6633062,0.021146953,0.6996155,0.6767118,1327.3853
fc9bf866dd674fe4b8a0039fe8d6e3c6.jpg,9,53.472505,19.348571,9,53.488128,19.349458,1.738192,1.738192,0.7316992,0.02001506,0.6945067,0.88046926,1.738192
fc9d2daf9b114c69af8e87f6ba5531c4.jpg,10,64.337785,20.51857,3,64.380888,29.053629,410.40033,24.388464,0.78512514,0.00688529,0.7875648,0.84927994,426.0052
fca65da7c8a947fe9d7d35070e98fb21.jpg,7,38.021491,12.786637,7,38.088568,12.753031,8.018053,8.018053,0.74387807,0.10244906,0.7245876,0.8210396,8.018053
fca934e6840346cd9acd771046fff6f7.jpg,4,44.173996,5.901285,7,44.861659,7.301967,134.82944,4.976102,0.65875125,0.0018612146,0.6547984,0.82064396,176.5116
fd04fd7cbd044ce6b48b54fe2a36ff7f.jpg,1,52.906032,13.501122,0,55.889598,28.534682,1025.6947,605.6935,0.6467098,0.016495526,0.63285196,0.7021411,1025.6947
fd2d123dd38046d7b216322b18ca1e4c.jpg,11,36.456401,34.128786,11,36.362004,33.946935,19.365221,3.0497265,0.8167713,0.041260958,0.81369007,0.8498317,12.563783
fd537341e1df43cfa1794a2d0cc3e557.jpg,3,66.602971,28.973661,3,67.139356,28.717167,60.686268,0.880679,0.8833095,0.0040150285,0.8602232,0.97565466,60.686268
fd574e3ad53f4d899d2a63fc60174c3f.jpg,11,37.202984,39.221144,11,38.638033,35.869781,334.45703,37.000916,0.7420982,0.02134353,0.7137863,0.8695842,523.3355
fd84a6ec9319410fac588fbcaac4d54f.jpg,2,41.115125,-3.847091,11,36.940189,33.271048,3215.1108,2474.1458,0.6653008,0.030643404,0.6581291,0.76895845,3701.2646
fd9ed9f6619945e4b36dc04e0b49ae1d.jpg,10,66.379676,22.69366,10,66.548647,19.757421,131.71118,10.374024,0.7793074,0.030975223,0.75678635,0.86939156,131.71118
fde7238e1488452f88b3c2c4e0885709.jpg,6,65.614705,-19.35467,6,65.609615,-19.353769,0.5674928,0.5674928,0.93091327,0.0015515089,0.918497,0.9805781,0.5674928
fdf29224984b4952b26c6189ea37b078.jpg,1,53.325766,8.063658,1,51.671062,9.443881,206.34872,19.524723,0.75009876,0.05266142,0.72983,0.8694736,167.83525
fdf339cd3d71461ead52b221fb91a3ff.jpg,0,52.037737,29.454729,0,52.233854,30.133002,51.171585,1.5349852,0.8037681,0.01320672,0.79662204,0.8559002,360.1621
fdf698d2922b43a38a0e21981e1f4bce.jpg,2,28.070307,-14.420452,2,28.074514,-14.424764,0.6307286,0.3061269,0.91394985,0.0141067505,0.8965926,0.9833785,0.6307286
fdfc553f08ed4ac796a9997d3904c049.jpg,2,41.101402,-1.187275,3,60.474133,24.13925,2759.0093,300.09128,0.6721723,0.005593002,0.6689003,0.758667,2981.5017
fdfeed4450274ca282157457d2ff5538.jpg,11,40.786514,35.678883,11,40.727107,35.78075,10.828433,8.169153,0.8780874,0.011655271,0.8599757,0.9505339,10.828433
fe0a4999d99a42b38ba57d1fdf8d38f1.jpg,9,53.796838,15.015389,10,59.998428,14.549238,690.16254,21.832964,0.65754855,0.010100126,0.6498834,0.75869006,387.857
fe366f89cb694c74a9a8207040eb112b.jpg,8,58.489714,5.904369,8,58.416207,6.021846,10.654479,0.4527582,0.6931126,0.008381546,0.6729113,0.77391756,10.654479
fe4e7b98eb6a44d8b28f07912dff0d5f.jpg,9,53.158329,19.180374,9,53.737002,21.607902,173.14626,6.0428586,0.6834725,0.027222633,0.66709656,0.8383981,282.41043
fe5a1aa034954ecab7a2abeda0aca49b.jpg,3,63.613929,29.189811,3,63.484984,28.823582,23.121414,0.43978807,0.8486193,0.049868166,0.83086485,0.919637,23.121414
feced543964546e3a63b370c8c24406a.jpg,3,68.015487,25.193544,3,68.010763,25.187895,0.57552665,0.57552665,0.93174493,0.004482925,0.9172666,0.9896581,0.57552665
ff370b704eb74415b345ce13a68ecd13.jpg,11,38.753316,34.750635,0,52.212441,31.532717,1517.0742,60.628647,0.7474093,0.011850834,0.72826445,0.83841866,1517.6123
ff3e11af7a324d37aea0cd096bf54c37.jpg,9,53.657928,21.345181,9,54.300536,22.633293,110.45382,2.595547,0.63526905,0.001414895,0.6143428,0.76942766,108.09585
ff6a3e3e601e4fc98ac6d7976dcc217f.jpg,5,52.417762,-3.560485,5,52.087129,-3.678146,37.62708,14.761291,0.79684824,0.01023227,0.78244656,0.8625247,57.002995
ff716ca1eb7849899a91ccb369497ad3.jpg,5,51.447481,-1.248135,5,50.789009,-2.739889,127.285095,60.984055,0.66242206,0.009099305,0.6751118,0.7643893,683.1177
fff07b52c14d483890acb3cdda6e6f26.jpg,10,65.641953,19.68753,10,65.6474,19.698702,0.7932873,0.7932873,0.90700394,0.007234037,0.88931054,0.9777776,0.7932873
